timestamp,x,y,z
2026-02-11 22:34:54,-0.031868250,0.083382375,0.011322616
2026-02-11 22:35:04,-0.045629026,-0.062195560,0.057079026
2026-02-11 22:35:14,-0.025453231,0.010721679,0.036281747
2026-02-11 22:35:24,0.057599186,0.054326559,-0.091283711
2026-02-11 22:35:34,-0.107844193,0.004248098,0.032825898
2026-02-11 22:35:44,-0.009547146,0.046829818,0.065900359
2026-02-11 22:35:54,-0.058501553,0.042934432,0.013471011
2026-02-11 22:36:04,0.027837902,0.041539813,-0.002783047
2026-02-11 22:36:14,0.048064807,-0.100730964,0.021324664
2026-02-11 22:36:24,0.043632074,-0.041349195,-0.036581422
2026-02-11 22:36:34,0.069559301,0.018399558,0.006399220
2026-02-11 22:36:44,-0.055731244,-0.082163866,0.064620452
2026-02-11 22:36:54,0.009122138,-0.038732352,-0.020991079
2026-02-11 22:37:04,-0.011911309,0.015144841,0.006094158
2026-02-11 22:37:14,0.006797142,-0.029876575,-0.012933483
2026-02-11 22:37:24,0.015689303,-0.016121605,-0.081425568
2026-02-11 22:37:34,0.007691282,-0.032252492,0.021791798
2026-02-11 22:37:44,0.044402700,-0.071879374,0.050935980
2026-02-11 22:37:54,-0.041412582,0.049741912,-0.028058868
2026-02-11 22:38:04,-0.084975236,0.004377276,0.079901619
2026-02-11 22:38:14,-0.071996152,0.019264338,-0.023785208
2026-02-11 22:38:24,0.032259983,0.079173764,-0.074802757
2026-02-11 22:38:34,-0.021803435,0.034878719,-0.093379610
2026-02-11 22:38:44,-0.009487641,-0.047844095,0.016160995
2026-02-11 22:38:54,0.040558647,0.011113955,0.048412674
2026-02-11 22:39:04,0.065616588,0.001164412,-0.087777413
2026-02-11 22:39:14,-0.048517826,0.014650395,-0.023829797
2026-02-11 22:39:24,0.015468596,-0.034984042,0.010024117
2026-02-11 22:39:34,0.004348068,0.022723250,-0.043175075
2026-02-11 22:39:44,-0.014447085,-0.073095594,-0.041643699
2026-02-11 22:39:54,-0.030783459,-0.056316749,-0.024058418
2026-02-11 22:40:04,0.141427828,-0.022884463,-0.092500404
2026-02-11 22:40:14,-0.039738407,0.018450509,-0.024540021
2026-02-11 22:40:24,-0.019044875,-0.044225516,-0.050497913
2026-02-11 22:40:34,0.007288986,0.011763954,-0.020899442
2026-02-11 22:40:44,0.078174929,-0.081284004,-0.057827707
2026-02-11 22:40:54,-0.022138337,-0.092487114,0.106201282
2026-02-11 22:41:04,0.020106139,-0.054038172,-0.006778042
2026-02-11 22:41:14,-0.009873201,-0.005363528,-0.028622688
2026-02-11 22:41:24,0.025174097,-0.001677154,0.077293694
2026-02-11 22:41:34,0.034681571,-0.001098320,0.020595075
2026-02-11 22:41:44,-0.067618208,0.023596952,-0.003763390
2026-02-11 22:41:54,0.088237532,0.001337640,-0.006109882
2026-02-11 22:42:04,0.028826776,0.014343617,0.028616196
2026-02-11 22:42:14,0.059937053,-0.033977126,0.020902277
2026-02-11 22:42:24,0.059901748,0.008662894,-0.005166503
2026-02-11 22:42:34,-0.009682839,-0.131949972,0.034968964
2026-02-11 22:42:44,0.022556267,0.005529451,-0.014832068
2026-02-11 22:42:54,-0.062551989,-0.054483906,0.015706041
2026-02-11 22:43:04,-0.063643466,0.006309704,-0.000190974
2026-02-11 22:43:14,-0.039595348,0.045867294,-0.003230380
2026-02-11 22:43:24,-0.027928956,0.093133970,0.049666767
2026-02-11 22:43:34,0.044027576,0.067600073,0.008253960
2026-02-11 22:43:44,-0.009009710,-0.009834898,0.002782230
2026-02-11 22:43:54,0.023428175,0.042245863,-0.024304803
2026-02-11 22:44:04,0.069954967,-0.002148938,-0.014742647
2026-02-11 22:44:14,0.058887816,0.053920719,-0.059189938
2026-02-11 22:44:24,0.000474513,-0.007363708,-0.011482489
2026-02-11 22:44:34,-0.003719799,-0.022989652,-0.002893719
2026-02-11 22:44:44,0.005383453,-0.041367147,0.068411531
2026-02-11 22:44:54,-0.004428938,-0.012050258,-0.042210076
2026-02-11 22:45:04,0.062810559,-0.050918858,-0.103717608
2026-02-11 22:45:14,0.000069672,-0.037126447,0.016701829
2026-02-11 22:45:24,-0.008357954,0.018630865,0.011548299
2026-02-11 22:45:34,-0.001629867,-0.025284010,0.030753962
2026-02-11 22:45:44,0.046600298,0.090217347,-0.019601179
2026-02-11 22:45:54,-0.034109954,0.038257044,0.101698242
2026-02-11 22:46:04,-0.122017427,-0.018335328,-0.024217085
2026-02-11 22:46:14,-0.007540293,0.009183645,-0.017738745
2026-02-11 22:46:24,0.052585407,0.032598404,-0.072763945
2026-02-11 22:46:34,0.016015722,-0.007188583,-0.040049873
2026-02-11 22:46:44,0.038446742,0.004140270,0.010731414
2026-02-11 22:46:54,-0.006834383,-0.055433565,0.016051463
2026-02-11 22:47:04,-0.109887265,0.081595537,0.033936164
2026-02-11 22:47:14,0.011135190,0.011807139,-0.012356013
2026-02-11 22:47:24,-0.063201455,0.075555106,0.084234988
2026-02-11 22:47:34,0.003988781,0.001981880,0.025240242
2026-02-11 22:47:44,-0.000204323,0.081327501,-0.004695625
2026-02-11 22:47:54,-0.039567983,-0.070865479,-0.038855684
2026-02-11 22:48:04,0.028277386,0.073004169,-0.011502531
2026-02-11 22:48:14,0.058608830,0.034716836,-0.034112489
2026-02-11 22:48:24,-0.054399815,-0.024876162,-0.059621592
2026-02-11 22:48:34,0.006454416,-0.053076287,0.063189926
2026-02-11 22:48:44,0.003986029,-0.099315001,-0.027000366
2026-02-11 22:48:54,-0.034646517,-0.035588785,0.019204396
2026-02-11 22:49:04,-0.031406091,-0.008706851,-0.026190618
2026-02-11 22:49:14,-0.041267695,0.010928337,0.181984332
2026-02-11 22:49:24,-0.040262484,0.013073807,-0.036137752
2026-02-11 22:49:34,-0.056391446,0.020134630,0.036570105
2026-02-11 22:49:44,-0.026927815,-0.071684755,-0.006790615
2026-02-11 22:49:54,0.079713832,-0.129768450,0.028622539
2026-02-11 22:50:04,0.080129244,0.006827179,0.041126697
2026-02-11 22:50:14,-0.042062779,-0.016174358,-0.050384285
2026-02-11 22:50:24,-0.036055147,0.090092387,-0.021522794
2026-02-11 22:50:34,0.013727670,0.037721057,0.031967516
2026-02-11 22:50:44,-0.153367994,0.011000667,0.068055956
2026-02-11 22:50:54,0.002941640,-0.042182295,-0.086517765
2026-02-11 22:51:04,-0.051432223,-0.050231701,0.077168631
2026-02-11 22:51:14,-0.051143343,-0.017966506,0.002839936
2026-02-11 22:51:24,0.045524987,-0.031183485,0.033763905
2026-02-11 22:51:34,-0.033984770,0.029847289,-0.020861040
2026-02-11 22:51:44,0.092525673,-0.031508098,-0.005013974
2026-02-11 22:51:54,-0.055533249,0.000534566,0.022170137
2026-02-11 22:52:04,0.070613742,-0.025588683,0.019787423
2026-02-11 22:52:14,0.033308424,0.050962634,-0.013715138
2026-02-11 22:52:24,-0.024444676,0.008367325,0.073890049
2026-02-11 22:52:34,-0.028890935,0.003458846,-0.091487709
2026-02-11 22:52:44,0.011914608,-0.013951903,-0.034822044
2026-02-11 22:52:54,-0.006390738,0.036771370,-0.049634875
2026-02-11 22:53:04,-0.072115663,0.086575221,-0.038453808
2026-02-11 22:53:14,-0.031528753,-0.051933167,0.032818020
2026-02-11 22:53:24,-0.032353466,0.017836796,-0.036217725
2026-02-11 22:53:34,0.044323421,-0.060310016,0.000432421
2026-02-11 22:53:44,0.044326156,-0.015453084,-0.027755980
2026-02-11 22:53:54,0.008458550,-0.023163159,0.025960582
2026-02-11 22:54:04,-0.018358057,-0.103039346,0.006391109
2026-02-11 22:54:14,-0.011134090,0.012993732,-0.058992304
2026-02-11 22:54:24,-0.011524975,0.000226571,0.045490075
2026-02-11 22:54:34,0.055610134,0.006440956,0.121895164
2026-02-11 22:54:44,0.020063010,-0.082159519,-0.083906504
2026-02-11 22:54:54,-0.029813216,-0.007997527,0.073283325
2026-02-11 22:55:04,-0.012960342,-0.020379307,-0.057603110
2026-02-11 22:55:14,-0.073862131,-0.000859405,0.035906357
2026-02-11 22:55:24,0.054714007,-0.010214886,0.023479415
2026-02-11 22:55:34,0.066986877,-0.050869478,0.053303930
2026-02-11 22:55:44,0.004798690,-0.021382629,-0.090335542
2026-02-11 22:55:54,-0.014679974,0.147961777,0.047837173
2026-02-11 22:56:04,0.049879795,0.013394395,0.060412929
2026-02-11 22:56:14,0.033088841,0.132920540,-0.012851449
2026-02-11 22:56:24,0.052058328,-0.018498511,0.007712592
2026-02-11 22:56:34,0.002053833,-0.018329868,-0.107850607
2026-02-11 22:56:44,0.051895530,-0.017976822,-0.030273880
2026-02-11 22:56:54,-0.049200390,0.033319122,-0.029493456
2026-02-11 22:57:04,0.070156384,-0.049630274,0.000181629
2026-02-11 22:57:14,0.000896423,0.067589264,-0.011712499
2026-02-11 22:57:24,-0.096982826,-0.025662665,-0.019244424
2026-02-11 22:57:34,-0.047401850,-0.026321192,0.080873232
2026-02-11 22:57:44,-0.019725111,0.041471179,-0.160876393
2026-02-11 22:57:54,0.013109650,0.034857059,-0.004202082
2026-02-11 22:58:04,0.036797464,0.116236461,0.033671981
2026-02-11 22:58:14,0.024284626,-0.066795060,-0.001705272
2026-02-11 22:58:24,0.001094366,-0.094935729,-0.055753624
2026-02-11 22:58:34,-0.083444274,0.006130249,-0.094967947
2026-02-11 22:58:44,-0.073719259,0.028610066,-0.025327521
2026-02-11 22:58:54,-0.002644771,-0.028516722,-0.030730945
2026-02-11 22:59:04,0.071007204,0.067539366,0.007495432
2026-02-11 22:59:14,-0.017927364,0.107332741,0.030616392
2026-02-11 22:59:24,0.152109317,0.000999494,-0.009223855
2026-02-11 22:59:34,0.022880408,-0.038711228,0.084546928
2026-02-11 22:59:44,0.025568835,0.014290028,0.055257440
2026-02-11 22:59:54,0.020692684,0.035510577,0.001809028
2026-02-11 23:00:04,-0.043913215,-0.032304455,0.020830422
2026-02-11 23:00:14,0.048225076,-0.018354464,0.057301508
2026-02-11 23:00:24,0.072741414,-0.020739630,-0.077023068
2026-02-11 23:00:34,-0.031049220,0.018188604,0.030952441
2026-02-11 23:00:44,0.058754403,0.007840530,0.001111802
2026-02-11 23:00:54,0.003228472,-0.024529530,0.064129320
2026-02-11 23:01:04,-0.024699894,0.023109707,0.085017845
2026-02-11 23:01:14,-0.035018280,0.069111646,0.036496791
2026-02-11 23:01:24,-0.055907422,0.005776234,-0.012780728
2026-02-11 23:01:34,-0.010353525,0.010695198,-0.091927733
2026-02-11 23:01:44,0.012492301,-0.009481766,-0.091993439
2026-02-11 23:01:54,-0.068419844,0.002786133,-0.005948046
2026-02-11 23:02:04,-0.023320723,-0.020583558,0.013533592
2026-02-11 23:02:14,-0.052250594,0.027638402,0.033405520
2026-02-11 23:02:24,-0.078523533,0.047337835,0.013496505
2026-02-11 23:02:34,-0.082597900,0.103161459,-0.033367265
2026-02-11 23:02:44,0.003626873,-0.023512187,-0.004673569
2026-02-11 23:02:54,0.021973654,0.020140253,-0.016926984
2026-02-11 23:03:04,0.019585518,0.034214904,-0.046936528
2026-02-11 23:03:14,-0.004287503,0.022192705,-0.008417271
2026-02-11 23:03:24,-0.078845693,-0.001933129,-0.030389249
2026-02-11 23:03:34,0.024888975,0.027259104,0.033406126
2026-02-11 23:03:44,0.053988402,0.000424665,-0.033443839
2026-02-11 23:03:54,-0.034811100,0.015680958,0.039926317
2026-02-11 23:04:04,-0.118427864,0.030159291,-0.024745145
2026-02-11 23:04:14,-0.004054345,0.061806710,0.070184891
2026-02-11 23:04:24,0.123658482,0.019532093,-0.087890953
2026-02-11 23:04:34,-0.075915811,0.132073654,-0.086218328
2026-02-11 23:04:44,-0.025357678,-0.021422814,0.026147875
2026-02-11 23:04:54,-0.018266622,-0.000532591,-0.015713661
2026-02-11 23:05:04,0.013578141,0.005477484,-0.006083866
2026-02-11 23:05:14,0.064937613,-0.053596820,0.032365493
2026-02-11 23:05:24,0.042425248,0.013009795,-0.043857581
2026-02-11 23:05:34,0.003357074,0.023895744,-0.004271831
2026-02-11 23:05:44,-0.036442178,0.052045929,-0.024346475
2026-02-11 23:05:54,-0.007157999,0.042601281,-0.001304825
2026-02-11 23:06:04,-0.010721577,0.025048056,0.028591108
2026-02-11 23:06:14,0.007203824,-0.013366910,0.002125607
2026-02-11 23:06:24,-0.025827086,0.040314630,-0.074016511
2026-02-11 23:06:34,0.039227735,-0.030996891,0.007458360
2026-02-11 23:06:44,0.019286296,-0.050403924,0.041611969
2026-02-11 23:06:54,0.054762564,0.058579388,-0.022024420
2026-02-11 23:07:04,0.029427003,-0.058976203,-0.030464281
2026-02-11 23:07:14,-0.031116704,-0.102786330,-0.001040790
2026-02-11 23:07:24,-0.051391409,-0.066628308,0.013193753
2026-02-11 23:07:34,0.013228872,0.066958862,0.046318154
2026-02-11 23:07:44,0.011190720,-0.118578944,-0.022749035
2026-02-11 23:07:54,0.034884656,-0.004087346,-0.039389338
2026-02-11 23:08:04,0.061488362,-0.022244306,0.086820477
2026-02-11 23:08:14,-0.061840852,-0.076142806,0.068622757
2026-02-11 23:08:24,-0.012928114,-0.017541740,-0.012333711
2026-02-11 23:08:34,-0.027491256,0.021083496,-0.111510731
2026-02-11 23:08:44,-0.089180264,-0.006543710,-0.044268171
2026-02-11 23:08:54,-0.058984340,-0.036840212,0.003245505
2026-02-11 23:09:04,-0.001323011,0.055484140,0.018328392
2026-02-11 23:09:14,0.043283768,-0.053739649,-0.024135406
2026-02-11 23:09:24,0.026386810,0.045775708,-0.041263157
2026-02-11 23:09:34,-0.099496547,0.005677557,-0.008392118
2026-02-11 23:09:44,0.057354087,-0.045780418,0.046439803
2026-02-11 23:09:54,0.082728665,-0.028974876,-0.031254964
2026-02-11 23:10:04,0.005544340,0.142160034,-0.052493204
2026-02-11 23:10:14,-0.050800325,0.046344760,0.135100842
2026-02-11 23:10:24,-0.031703396,-0.005580442,0.092073176
2026-02-11 23:10:34,0.064655195,0.028240674,0.062408171
2026-02-11 23:10:44,-0.051246398,0.016362578,0.051814533
2026-02-11 23:10:54,-0.067878308,-0.006358169,-0.018127452
2026-02-11 23:11:04,0.018451503,0.046946796,0.023173682
2026-02-11 23:11:14,-0.028194431,0.056099518,0.069084226
2026-02-11 23:11:24,0.050575292,-0.053150931,-0.069811280
2026-02-11 23:11:34,0.091103191,0.069045881,-0.025005258
2026-02-11 23:11:44,0.015893761,-0.017590053,-0.022031174
2026-02-11 23:11:54,-0.033588243,-0.047101875,-0.068210711
2026-02-11 23:12:04,0.058967366,0.001787358,0.085190105
2026-02-11 23:12:14,-0.069482167,-0.045394211,-0.023265832
2026-02-11 23:12:24,-0.033018038,0.032228762,0.062497053
2026-02-11 23:12:34,-0.026949191,-0.049689185,-0.015914057
2026-02-11 23:12:44,0.054506033,-0.034676290,0.029339850
2026-02-11 23:12:54,-0.036421332,0.020483305,-0.087305751
2026-02-11 23:13:04,-0.006265020,0.021873148,0.042607202
2026-02-11 23:13:14,-0.082287156,0.060086995,0.026426520
2026-02-11 23:13:24,-0.046562198,0.066779896,0.003551409
2026-02-11 23:13:34,0.015701028,-0.040658385,0.007018705
2026-02-11 23:13:44,-0.032441089,-0.025090995,0.004629731
2026-02-11 23:13:54,0.036481075,-0.085381583,-0.015147435
2026-02-11 23:14:04,-0.027211072,-0.038757551,-0.021958091
2026-02-11 23:14:14,-0.006654087,-0.035975959,0.021168051
2026-02-11 23:14:24,0.024460851,-0.023347921,-0.007075301
2026-02-11 23:14:34,0.005879218,0.081237857,0.038671492
2026-02-11 23:14:44,0.009160090,0.013015532,0.029337415
2026-02-11 23:14:54,-0.117791392,0.065297953,0.056269535
2026-02-11 23:15:04,-0.079959648,0.046957684,0.064745909
2026-02-11 23:15:14,-0.054142580,0.060472632,-0.059211460
2026-02-11 23:15:24,-0.102868344,-0.046729694,0.008293320
2026-02-11 23:15:34,0.035652720,-0.008251429,-0.004061182
2026-02-11 23:15:44,-0.012501987,0.066025913,-0.061547714
2026-02-11 23:15:54,0.061423692,-0.035344695,-0.029808002
2026-02-11 23:16:04,0.057804157,0.021602883,-0.067537617
2026-02-11 23:16:14,0.036211737,-0.030002445,-0.048755214
2026-02-11 23:16:24,0.063395370,-0.012363999,0.072361211
2026-02-11 23:16:34,-0.002241873,0.018457449,-0.039649529
2026-02-11 23:16:44,-0.041408578,0.053496978,0.003387965
2026-02-11 23:16:54,0.053055969,-0.030016116,-0.046490189
2026-02-11 23:17:04,-0.010045035,0.028034389,-0.000358798
2026-02-11 23:17:14,0.064670604,-0.004880817,-0.018996899
2026-02-11 23:17:24,0.000049761,-0.022264498,-0.032752938
2026-02-11 23:17:34,-0.057347453,-0.063511151,-0.007026060
2026-02-11 23:17:44,0.003612039,0.044047051,0.057588669
2026-02-11 23:17:54,-0.050525532,0.012722905,0.000969910
2026-02-11 23:18:04,0.004169550,-0.007518026,-0.068261170
2026-02-11 23:18:14,-0.013971948,0.021484969,0.000739342
2026-02-11 23:18:24,0.007562960,-0.007764499,-0.008239038
2026-02-11 23:18:34,0.031810560,0.046041799,0.047848381
2026-02-11 23:18:44,-0.058655823,0.108780527,0.015973100
2026-02-11 23:18:54,0.025748652,0.074523382,0.028527995
2026-02-11 23:19:04,-0.012958062,0.055199740,0.004327428
2026-02-11 23:19:14,0.017014995,0.037352798,0.019517070
2026-02-11 23:19:24,-0.029596121,0.030844869,-0.086311238
2026-02-11 23:19:34,0.090222092,0.008772519,0.014468456
2026-02-11 23:19:44,0.070723046,-0.071592807,0.003241253
2026-02-11 23:19:54,0.044107579,0.042982156,-0.018269363
2026-02-11 23:20:04,0.018023308,-0.099474363,0.018745628
2026-02-11 23:20:14,-0.006325775,0.004832759,0.093995012
2026-02-11 23:20:24,0.010702117,-0.003098883,-0.000289750
2026-02-11 23:20:34,0.092687324,-0.030567084,-0.020630635
2026-02-11 23:20:44,0.083446331,-0.016677900,-0.010431239
2026-02-11 23:20:54,-0.003331769,0.051414578,-0.019127522
2026-02-11 23:21:04,0.006074742,-0.034875285,0.021245374
2026-02-11 23:21:14,-0.000125394,-0.042727345,0.019525016
2026-02-11 23:21:24,0.047481692,-0.138481075,0.094597588
2026-02-11 23:21:34,0.021583896,-0.027212493,0.084890653
2026-02-11 23:21:44,0.054961389,-0.031769334,-0.047399209
2026-02-11 23:21:54,-0.148757688,-0.054971544,-0.065133366
2026-02-11 23:22:04,-0.063241102,-0.040497529,0.007596206
2026-02-11 23:22:14,-0.014679831,-0.102091328,-0.019775502
2026-02-11 23:22:24,0.027068274,-0.024338493,0.040574395
2026-02-11 23:22:34,0.021683909,0.013029512,-0.022409723
2026-02-11 23:22:44,-0.112386330,-0.044368199,-0.018313534
2026-02-11 23:22:54,0.015428899,0.023325321,0.038527747
2026-02-11 23:23:04,-0.069057684,0.121189225,0.062367229
2026-02-11 23:23:14,0.007400651,-0.039537716,-0.009961246
2026-02-11 23:23:24,0.044070856,-0.046161490,0.001518907
2026-02-11 23:23:34,-0.020758718,-0.026963263,0.040705770
2026-02-11 23:23:44,-0.011280951,-0.000304391,0.025234972
2026-02-11 23:23:54,0.020057431,-0.035816822,0.004245763
2026-02-11 23:24:04,0.049339205,0.012779580,-0.017250154
2026-02-11 23:24:14,-0.013342446,0.035720210,-0.014826678
2026-02-11 23:24:24,-0.047411452,0.060991397,-0.029307018
2026-02-11 23:24:34,-0.056567285,-0.105181589,0.051760944
2026-02-11 23:24:44,-0.044811620,-0.057008553,-0.056776380
2026-02-11 23:24:54,0.065255280,0.016784776,0.013837540
2026-02-11 23:25:04,0.023896900,0.005191471,0.073609861
2026-02-11 23:25:14,-0.030895290,0.003760082,0.032696956
2026-02-11 23:25:24,0.009246329,-0.095208255,-0.029102011
2026-02-11 23:25:34,-0.058337828,-0.049355188,0.013828539
2026-02-11 23:25:44,-0.015652575,-0.006546763,-0.043043658
2026-02-11 23:25:54,-0.052360094,-0.107405180,-0.071945259
2026-02-11 23:26:04,-0.059195838,-0.037064672,0.013771438
2026-02-11 23:26:14,0.054767937,0.002027364,-0.005257747
2026-02-11 23:26:24,0.018152173,0.056475778,0.080726562
2026-02-11 23:26:34,-0.144840735,-0.102160119,0.014551102
2026-02-11 23:26:44,-0.077487102,-0.073123347,0.041197047
2026-02-11 23:26:54,-0.007848557,-0.008802664,-0.026259023
2026-02-11 23:27:04,-0.029919648,0.014012682,0.046054470
2026-02-11 23:27:14,-0.038399619,-0.069291951,-0.014725898
2026-02-11 23:27:24,0.106799932,0.048986485,-0.038911242
2026-02-11 23:27:34,-0.040589986,-0.005457407,-0.015305351
2026-02-11 23:27:44,-0.042747202,-0.001205064,0.123274385
2026-02-11 23:27:54,-0.070031846,-0.011295372,0.027015525
2026-02-11 23:28:04,-0.013465443,0.009586630,-0.028733722
2026-02-11 23:28:14,-0.047269405,-0.119421354,-0.045981199
2026-02-11 23:28:24,-0.007165621,-0.063987587,-0.114425518
2026-02-11 23:28:34,-0.007538626,0.105488465,-0.003756324
2026-02-11 23:28:44,0.025467949,0.013430206,0.125197532
2026-02-11 23:28:54,-0.003537961,0.058180660,0.066551318
2026-02-11 23:29:04,0.014583690,0.098852110,-0.130131651
2026-02-11 23:29:14,0.105388039,-0.046049735,-0.011850378
2026-02-11 23:29:24,0.053067169,0.003076281,-0.037615314
2026-02-11 23:29:34,-0.004977937,0.048757717,0.022374315
2026-02-11 23:29:44,0.061866933,0.024923996,-0.078021693
2026-02-11 23:29:54,-0.002265562,0.037517430,0.000354552
2026-02-11 23:30:04,0.002119807,0.102308973,-0.032422703
2026-02-11 23:30:14,0.018205270,0.025701242,0.000029492
2026-02-11 23:30:24,0.009840345,-0.026589547,0.076101264
2026-02-11 23:30:34,-0.062785445,0.072291894,0.019098629
2026-02-11 23:30:44,-0.086947824,0.058870684,0.027525257
2026-02-11 23:30:54,-0.110424815,-0.045431049,-0.038004142
2026-02-11 23:31:04,0.021135534,0.026027288,-0.073704959
2026-02-11 23:31:14,-0.011291363,0.030557016,0.032028689
2026-02-11 23:31:24,-0.003496134,-0.032703669,0.027078649
2026-02-11 23:31:34,0.041991769,-0.040474824,-0.048323799
2026-02-11 23:31:44,0.055297767,0.011964319,0.093895818
2026-02-11 23:31:54,-0.021580345,-0.059137211,0.015226317
2026-02-11 23:32:04,0.039513456,-0.013783288,-0.038892878
2026-02-11 23:32:14,-0.014803198,-0.014860443,0.027608610
2026-02-11 23:32:24,-0.043772301,-0.082410731,-0.026288507
2026-02-11 23:32:34,0.019839461,0.017070731,-0.067861291
2026-02-11 23:32:44,-0.117837508,-0.006635892,-0.035442749
2026-02-11 23:32:54,-0.095692594,0.068829259,0.082553984
2026-02-11 23:33:04,-0.043227582,0.050023090,0.006754142
2026-02-11 23:33:14,0.032817566,0.050189421,-0.015186639
2026-02-11 23:33:24,0.015694717,-0.058023896,0.028407587
2026-02-11 23:33:34,0.023330960,0.032814813,0.072209436
2026-02-11 23:33:44,0.032023821,-0.035153057,0.005042755
2026-02-11 23:33:54,0.009949747,0.041577844,-0.058983937
2026-02-11 23:34:04,-0.061770471,-0.001405211,-0.030263928
2026-02-11 23:34:14,0.008413316,-0.063993559,0.012680547
2026-02-11 23:34:24,0.017502065,-0.001588980,-0.053230233
2026-02-11 23:34:34,-0.013541210,-0.041103103,0.021854040
2026-02-11 23:34:44,0.032522791,0.014876367,0.039995119
2026-02-11 23:34:54,0.051423995,-0.006811460,-0.042835230
2026-02-11 23:35:04,0.020738667,-0.004087221,-0.010795952
2026-02-11 23:35:14,-0.001109588,-0.082202763,0.039085232
2026-02-11 23:35:24,-0.000242006,0.045893941,0.068644381
2026-02-11 23:35:34,-0.041358289,-0.022912529,-0.008354632
2026-02-11 23:35:44,-0.042867436,0.022885372,0.012353417
2026-02-11 23:35:54,-0.068332582,0.085264565,0.000675873
2026-02-11 23:36:04,-0.034501559,-0.011420920,0.001235581
2026-02-11 23:36:14,0.066628106,0.058375899,-0.007523571
2026-02-11 23:36:24,0.073986120,0.027369095,-0.103279612
2026-02-11 23:36:34,0.060496511,-0.035350446,-0.079998183
2026-02-11 23:36:44,-0.041596032,0.066262096,0.066294981
2026-02-11 23:36:54,-0.021907873,0.018628346,-0.026685047
2026-02-11 23:37:04,-0.038583059,-0.040668102,-0.054668190
2026-02-11 23:37:14,-0.098980669,0.051695838,0.034191738
2026-02-11 23:37:24,0.027644746,0.073016850,-0.033270647
2026-02-11 23:37:34,0.066119501,-0.075550968,-0.031002455
2026-02-11 23:37:44,0.013134399,-0.031971858,-0.008059339
2026-02-11 23:37:54,-0.016349083,-0.025738379,0.159294566
2026-02-11 23:38:04,-0.095501836,-0.071905912,0.069665559
2026-02-11 23:38:14,-0.050961451,-0.021464775,0.015972519
2026-02-11 23:38:24,0.007204802,0.086365944,-0.003842307
2026-02-11 23:38:34,-0.015921402,-0.017218256,0.009994795
2026-02-11 23:38:44,0.012879736,0.044346483,-0.037864773
2026-02-11 23:38:54,-0.024666490,0.049644548,0.109776875
2026-02-11 23:39:04,0.036040600,0.008053170,-0.003223633
2026-02-11 23:39:14,0.129924356,0.017647095,0.010988741
2026-02-11 23:39:24,-0.031639697,-0.096472060,-0.042713219
2026-02-11 23:39:34,0.043753740,0.062675194,-0.024222772
2026-02-11 23:39:44,0.013450352,-0.080724990,0.003285705
2026-02-11 23:39:54,-0.019581281,0.043192096,0.013002182
2026-02-11 23:40:04,0.033694819,0.062746292,-0.031632314
2026-02-11 23:40:14,0.047883082,0.000566939,0.034611048
2026-02-11 23:40:24,0.051894493,-0.020120277,-0.033125275
2026-02-11 23:40:34,-0.015726975,0.049315522,0.013451918
2026-02-11 23:40:44,-0.040444723,0.013026111,-0.018878299
2026-02-11 23:40:54,0.029883081,-0.032195772,-0.043416380
2026-02-11 23:41:04,-0.003268416,-0.004690262,0.083066213
2026-02-11 23:41:14,-0.051403545,0.023078611,0.021967355
2026-02-11 23:41:24,-0.047974835,-0.024575666,0.063091280
2026-02-11 23:41:34,0.050082163,0.007793398,-0.003847526
2026-02-11 23:41:44,0.005494067,0.115357581,-0.065098773
2026-02-11 23:41:54,0.099831644,0.060198943,0.064331248
2026-02-11 23:42:04,-0.006986833,0.118415095,0.007156533
2026-02-11 23:42:14,-0.010468602,-0.002181763,-0.157126037
2026-02-11 23:42:24,-0.060597664,0.025534066,-0.038220797
2026-02-11 23:42:34,-0.021901702,0.022256213,0.043676312
2026-02-11 23:42:44,-0.026032890,0.073863261,0.022838234
2026-02-11 23:42:54,-0.077764029,-0.072033428,-0.114346677
2026-02-11 23:43:04,0.018066529,0.043440024,0.096033465
2026-02-11 23:43:14,0.002344241,-0.076218419,-0.083359995
2026-02-11 23:43:24,-0.058542573,-0.025871412,-0.017491442
2026-02-11 23:43:34,-0.014743354,0.020317434,-0.019083675
2026-02-11 23:43:44,0.003769396,0.006942714,-0.087379974
2026-02-11 23:43:54,-0.022827517,-0.034466624,0.016947549
2026-02-11 23:44:04,0.047989244,0.046391840,0.005713406
2026-02-11 23:44:14,-0.004132536,0.060447331,-0.023024259
2026-02-11 23:44:24,-0.062195734,0.035815415,0.001547658
2026-02-11 23:44:34,-0.003195143,-0.013304952,0.008642369
2026-02-11 23:44:44,0.004930183,0.050534325,0.043711428
2026-02-11 23:44:54,-0.048709130,-0.066099644,0.023523583
2026-02-11 23:45:04,-0.011795877,-0.008220886,0.013574415
2026-02-11 23:45:14,-0.012834105,-0.051940906,0.033555537
2026-02-11 23:45:24,-0.144183910,-0.009814193,0.025334859
2026-02-11 23:45:34,-0.006213645,0.012610754,0.012659846
2026-02-11 23:45:44,0.020603530,0.097567854,0.010999704
2026-02-11 23:45:54,-0.031467703,0.012752371,-0.038414248
2026-02-11 23:46:04,0.008646970,-0.030188824,0.047422048
2026-02-11 23:46:14,-0.004964164,-0.075898268,0.018277606
2026-02-11 23:46:24,0.048771806,0.009125886,0.085542229
2026-02-11 23:46:34,-0.036317594,-0.019010582,0.013190352
2026-02-11 23:46:44,0.106683266,0.030673357,0.063425704
2026-02-11 23:46:54,0.050003478,0.008784961,0.055553532
2026-02-11 23:47:04,0.021981778,0.043433916,0.001443009
2026-02-11 23:47:14,0.024015180,-0.048290186,0.004931316
2026-02-11 23:47:24,-0.049257302,0.024346609,-0.008930581
2026-02-11 23:47:34,-0.022535416,0.011150661,0.011985785
2026-02-11 23:47:44,0.000354078,0.042777774,-0.005739097
2026-02-11 23:47:54,-0.033595858,0.030092611,-0.053241509
2026-02-11 23:48:04,0.109208614,-0.052387536,0.039047599
2026-02-11 23:48:14,-0.025147836,0.021481353,0.038134983
2026-02-11 23:48:24,0.015928998,-0.069770454,0.049487241
2026-02-11 23:48:34,0.069218527,0.028794492,-0.037833784
2026-02-11 23:48:44,-0.095104094,0.072825931,0.003653131
2026-02-11 23:48:54,0.023247463,0.009689494,-0.030145839
2026-02-11 23:49:04,0.021945298,0.020528778,-0.121705158
2026-02-11 23:49:14,-0.063269366,-0.029380609,-0.051279080
2026-02-11 23:49:24,0.053081755,-0.096714308,0.056501219
2026-02-11 23:49:34,-0.069602544,0.002267554,-0.033374366
2026-02-11 23:49:44,-0.054588023,-0.084636172,-0.064287204
2026-02-11 23:49:54,0.045772680,0.046540167,0.091093055
2026-02-11 23:50:04,0.067669273,-0.006770762,-0.034988907
2026-02-11 23:50:14,-0.051070529,-0.082562984,0.020578870
2026-02-11 23:50:24,0.089988459,0.002522387,0.076442378
2026-02-11 23:50:34,-0.019165053,0.100444052,-0.019558471
2026-02-11 23:50:44,-0.013886428,0.022627598,0.076766500
2026-02-11 23:50:54,-0.014243924,0.050461064,0.018230565
2026-02-11 23:51:04,-0.103705589,-0.030165413,0.016444049
2026-02-11 23:51:14,-0.016659711,0.025835842,-0.025648982
2026-02-11 23:51:24,-0.003097848,0.031627290,-0.054611506
2026-02-11 23:51:34,-0.013679163,-0.000032787,0.016191457
2026-02-11 23:51:44,0.026960108,0.053558896,-0.068955242
2026-02-11 23:51:54,0.071044016,0.022522880,-0.124375775
2026-02-11 23:52:04,-0.075366350,0.058949157,-0.030906743
2026-02-11 23:52:14,0.114126903,-0.034925388,0.009718391
2026-02-11 23:52:24,-0.107392216,-0.047893119,0.064661174
2026-02-11 23:52:34,-0.031624636,-0.043540750,0.027086770
2026-02-11 23:52:44,0.055706974,0.088618160,-0.036275978
2026-02-11 23:52:54,-0.034595749,-0.065526285,-0.049756051
2026-02-11 23:53:04,-0.016119826,-0.005233608,-0.007810752
2026-02-11 23:53:14,-0.047290719,-0.023694666,-0.079170701
2026-02-11 23:53:24,-0.024135256,-0.035740320,-0.051317602
2026-02-11 23:53:34,0.057235357,-0.064172145,0.056210207
2026-02-11 23:53:44,-0.059348125,-0.056804630,-0.044917912
2026-02-11 23:53:54,0.070047510,-0.067641491,0.031205334
2026-02-11 23:54:04,0.028896680,0.013006624,0.065571502
2026-02-11 23:54:14,-0.097950566,0.000461850,-0.055036964
2026-02-11 23:54:24,0.040853571,0.009780544,-0.012582788
2026-02-11 23:54:34,0.065652663,0.035045863,0.018895747
2026-02-11 23:54:44,0.020306999,0.055846915,0.038585985
2026-02-11 23:54:54,0.019105940,-0.022040896,0.068513786
2026-02-11 23:55:04,0.013056573,-0.048956310,-0.022712499
2026-02-11 23:55:14,-0.095003076,-0.039862811,-0.037219652
2026-02-11 23:55:24,0.003387408,0.000917648,-0.050575771
2026-02-11 23:55:34,-0.061514482,-0.018226312,0.024263048
2026-02-11 23:55:44,0.072241417,0.060196895,-0.012272197
2026-02-11 23:55:54,0.024145384,0.024401134,-0.016383370
2026-02-11 23:56:04,0.076402928,-0.012515275,0.024080835
2026-02-11 23:56:14,0.037410333,0.038934250,0.032817302
2026-02-11 23:56:24,0.020127437,0.057583220,0.055958370
2026-02-11 23:56:34,0.132813539,-0.047767462,-0.038207235
2026-02-11 23:56:44,0.059387981,-0.098439746,0.095287611
2026-02-11 23:56:54,-0.001763819,-0.002233220,-0.050360002
2026-02-11 23:57:04,-0.061648252,0.016116177,0.049417494
2026-02-11 23:57:14,0.097133915,-0.049127130,0.038651403
2026-02-11 23:57:24,-0.094033445,-0.010390361,0.031436350
2026-02-11 23:57:34,0.087799627,0.045690072,0.057727562
2026-02-11 23:57:44,0.001519596,-0.029748541,-0.075124907
2026-02-11 23:57:54,0.010009581,0.011877963,0.071917630
2026-02-11 23:58:04,0.078101601,-0.100463776,0.016903813
2026-02-11 23:58:14,-0.028241209,0.019583222,0.027873799
2026-02-11 23:58:24,-0.015343228,-0.002087709,0.034967829
2026-02-11 23:58:34,-0.053670748,-0.053106231,0.005421451
2026-02-11 23:58:44,-0.075413490,-0.051159125,-0.029226293
2026-02-11 23:58:54,-0.042704440,-0.014876860,-0.013784923
2026-02-11 23:59:04,0.042707186,-0.067354072,-0.044503512
2026-02-11 23:59:14,-0.002234906,-0.014740302,0.063684952
2026-02-11 23:59:24,-0.057902407,0.003570768,-0.069353883
2026-02-11 23:59:34,0.020101675,-0.026295217,0.026831101
2026-02-11 23:59:44,-0.027825248,-0.066784410,0.128207022
2026-02-11 23:59:54,-0.054435927,-0.044628541,-0.015081206
2026-02-12 00:00:04,0.016835821,0.046583982,0.014862151
2026-02-12 00:00:14,-0.079419167,0.072274112,-0.078447475
2026-02-12 00:00:24,-0.001491188,-0.000782988,-0.033806303
2026-02-12 00:00:34,-0.002795878,-0.079411478,0.075366510
2026-02-12 00:00:44,0.027310281,-0.039052649,0.014707049
2026-02-12 00:00:54,-0.026479643,-0.031502956,-0.004611995
2026-02-12 00:01:04,0.040174874,0.027195395,0.066092768
2026-02-12 00:01:14,0.089444908,0.040213760,-0.003982181
2026-02-12 00:01:24,0.002731524,-0.035926968,0.043720372
2026-02-12 00:01:34,-0.034527947,0.065008054,-0.065876037
2026-02-12 00:01:44,0.026623220,0.002359129,-0.016952612
2026-02-12 00:01:54,0.081255539,0.037415604,0.054695352
2026-02-12 00:02:04,-0.020813598,-0.016946718,0.028209109
2026-02-12 00:02:14,-0.010362818,0.056235498,-0.013289224
2026-02-12 00:02:24,0.026999689,-0.051199265,-0.043285197
2026-02-12 00:02:34,-0.078431216,0.000973090,-0.011273485
2026-02-12 00:02:44,-0.045877947,0.011308645,-0.051093379
2026-02-12 00:02:54,0.032643252,-0.000823406,-0.024338618
2026-02-12 00:03:04,-0.029341797,0.072434688,-0.042978911
2026-02-12 00:03:14,-0.025174118,-0.026827928,0.051006555
2026-02-12 00:03:24,0.169273843,0.016294000,-0.013859362
2026-02-12 00:03:34,0.023158897,-0.073595631,0.066142850
2026-02-12 00:03:44,0.085089820,0.105979933,-0.093172119
2026-02-12 00:03:54,0.117728571,0.011843848,-0.082903408
2026-02-12 00:04:04,-0.034951802,0.137000270,-0.263080851
2026-02-12 00:04:14,0.006546600,-0.050279571,-0.170770761
2026-02-12 00:04:24,-0.072839321,0.038361984,-0.051801708
2026-02-12 00:04:34,-0.071021515,-0.023007003,-0.065209698
2026-02-12 00:04:44,-0.092331458,0.126694088,-0.222667281
2026-02-12 00:04:54,0.195273157,0.150994013,0.265559109
2026-02-12 00:05:04,-0.284823373,-0.043628961,-0.239483646
2026-02-12 00:05:14,0.113249873,-0.195542173,0.180573252
2026-02-12 00:05:24,-0.042348705,0.096091443,-0.170485977
2026-02-12 00:05:34,-0.116518179,-0.153845786,0.151842026
2026-02-12 00:05:44,0.027642491,-0.011239442,0.073999915
2026-02-12 00:05:54,0.183220915,0.104035455,-0.042543558
2026-02-12 00:06:04,-0.019639165,-0.067745229,-0.114965493
2026-02-12 00:06:14,-0.009616401,-0.148694820,0.145651066
2026-02-12 00:06:24,0.161522746,0.165593710,-0.122735849
2026-02-12 00:06:34,0.066557550,0.034183315,0.154251341
2026-02-12 00:06:44,-0.186284877,0.028711371,-0.134102672
2026-02-12 00:06:54,-0.083608275,0.064738108,0.292170880
2026-02-12 00:07:04,0.151619572,-0.169005267,-0.097355510
2026-02-12 00:07:14,0.089936701,0.141515008,0.051805344
2026-02-12 00:07:24,-0.059599873,0.190303087,0.048149892
2026-02-12 00:07:34,-0.042347011,-0.038323951,-0.022434185
2026-02-12 00:07:44,-0.189054090,-0.128964830,0.194069637
2026-02-12 00:07:54,0.079232730,-0.291416694,0.093695942
2026-02-12 00:08:04,0.357625286,0.176769110,-0.084782619
2026-02-12 00:08:14,-0.017222793,-0.158141400,-0.015537366
2026-02-12 00:08:24,-0.127027583,-0.039990889,0.038697280
2026-02-12 00:08:34,0.240396322,-0.060666030,0.019663920
2026-02-12 00:08:44,-0.101880407,-0.094680465,-0.004990813
2026-02-12 00:08:54,-0.099522251,0.199534252,0.151704739
2026-02-12 00:09:04,-0.073127520,0.146086990,0.043442498
2026-02-12 00:09:14,-0.028222734,-0.146307172,0.071548986
2026-02-12 00:09:24,0.032478350,-0.107590499,-0.131319830
2026-02-12 00:09:34,-0.004833236,-0.068423250,-0.057454807
2026-02-12 00:09:44,-0.071202274,0.229471791,-0.073401887
2026-02-12 00:09:54,-0.042722068,0.067111422,0.014195454
2026-02-12 00:10:04,0.005907120,0.154198502,0.082952817
2026-02-12 00:10:14,0.236460302,-0.322597900,-0.202707386
2026-02-12 00:10:24,0.156376357,-0.080804064,-0.134935439
2026-02-12 00:10:34,-0.118653058,-0.030598500,0.062174895
2026-02-12 00:10:44,0.260672732,-0.284508357,-0.009433321
2026-02-12 00:10:54,-0.297057223,-0.082073427,-0.053980273
2026-02-12 00:11:04,-0.036745368,0.154698398,0.058029034
2026-02-12 00:11:14,-0.033539932,-0.022641555,-0.102883098
2026-02-12 00:11:24,-0.267888483,-0.166003857,-0.045052628
2026-02-12 00:11:34,-0.260717119,-0.200792683,-0.031328210
2026-02-12 00:11:44,0.241400121,0.070454169,0.131942529
2026-02-12 00:12:00,0.006398669,0.000021595,0.002611039
2026-02-12 00:12:10,0.002044753,-0.001841808,0.004636457
2026-02-12 00:12:20,0.002915700,0.015902775,-0.006348506
2026-02-12 00:12:30,0.002174874,-0.001634743,0.013914085
2026-02-12 00:12:40,-0.000589575,-0.026415308,-0.003094356
2026-02-12 00:12:50,0.002070217,-0.006139743,0.003027048
2026-02-12 00:13:00,0.002330524,0.005137879,0.008589399
2026-02-12 00:13:10,-0.014833667,-0.013009014,0.004772645
2026-02-12 00:13:20,0.017910358,0.007093416,0.006528457
2026-02-12 00:13:30,-0.002957449,-0.004619011,-0.017746001
2026-02-12 00:13:40,0.003240332,-0.015953212,0.014378645
2026-02-12 00:13:50,-0.016039739,0.000377462,0.009450621
2026-02-12 00:14:00,0.006439076,0.007898546,-0.004705146
2026-02-12 00:14:10,0.012893141,0.014244126,0.010243016
2026-02-12 00:14:20,0.002320445,-0.012117556,-0.001655099
2026-02-12 00:14:30,-0.003095022,-0.005085288,0.008957531
2026-02-12 00:14:40,-0.000878345,-0.001345022,0.001601846
2026-02-12 00:14:50,0.007683828,-0.011466719,0.001298717
2026-02-12 00:15:00,0.008112625,-0.010595799,-0.003137569
2026-02-12 00:15:10,0.004405584,-0.006519033,0.021137214
2026-02-12 00:15:20,0.000453216,-0.007370984,0.004032132
2026-02-12 00:15:30,0.006680329,-0.003822743,-0.003584371
2026-02-12 00:15:40,0.018017080,0.001013197,-0.015839670
2026-02-12 00:15:50,0.015924532,-0.001583989,-0.007924591
2026-02-12 00:16:00,-0.013658190,0.016555832,-0.008398272
2026-02-12 00:16:10,0.018903315,0.004369891,0.000336098
2026-02-12 00:16:20,0.014801741,0.011455509,-0.004805045
2026-02-12 00:16:30,0.003090160,0.010532917,-0.001474367
2026-02-12 00:16:40,0.010342645,0.009718413,-0.000228474
2026-02-12 00:16:50,0.007620889,-0.013846086,0.009993128
2026-02-12 00:17:00,0.023310298,-0.006783961,-0.005081059
2026-02-12 00:17:10,-0.003635528,-0.001189589,-0.010792243
2026-02-12 00:17:20,-0.019890874,0.011689347,0.006402835
2026-02-12 00:17:30,0.016129696,0.010804009,0.004182766
2026-02-12 00:17:40,-0.009618358,0.009490636,0.012559753
2026-02-12 00:17:50,-0.008511504,-0.015121337,0.007490874
2026-02-12 00:18:00,-0.001320937,0.004107814,0.022233936
2026-02-12 00:18:10,-0.002542403,-0.009485845,-0.005325762
2026-02-12 00:18:20,-0.001496507,-0.007711498,0.002091213
2026-02-12 00:18:30,-0.003451761,0.002805625,-0.006752417
2026-02-12 00:18:40,0.006170492,0.002935990,-0.016106530
2026-02-12 00:18:50,0.004923258,-0.003632730,-0.015116074
2026-02-12 00:19:00,-0.022876291,0.003349253,-0.006961064
2026-02-12 00:19:10,-0.005117111,-0.010844646,-0.002846682
2026-02-12 00:19:20,0.000377729,-0.001862505,0.016249638
2026-02-12 00:19:30,0.014085426,-0.001141277,0.006029157
2026-02-12 00:19:40,0.010845919,0.006538359,0.004625256
2026-02-12 00:19:50,-0.004698438,-0.019243614,0.017077271
2026-02-12 00:20:00,-0.006401509,-0.003616675,0.031179725
2026-02-12 00:20:10,-0.013443289,-0.015105819,0.012882869
2026-02-12 00:20:20,-0.003825141,0.008059905,0.005435181
2026-02-12 00:20:30,-0.002161693,0.021829237,-0.002286321
2026-02-12 00:20:40,0.021275114,0.012976213,-0.001208817
2026-02-12 00:20:50,0.008657264,0.001879278,0.016349270
2026-02-12 00:21:00,-0.012078549,-0.015347167,-0.005886234
2026-02-12 00:21:10,-0.010471549,-0.007523403,0.000073296
2026-02-12 00:21:20,0.002650135,-0.000573217,-0.007568702
2026-02-12 00:21:30,-0.006359928,-0.008960356,0.002207411
2026-02-12 00:21:40,-0.000856079,0.003239020,-0.005773080
2026-02-12 00:21:50,-0.002345998,-0.002031698,0.003497863
2026-02-12 00:22:00,-0.016033998,-0.003500668,-0.005481880
2026-02-12 00:22:10,0.023551011,-0.013776276,0.003328188
2026-02-12 00:22:20,-0.006185252,-0.002368894,-0.015378111
2026-02-12 00:22:30,-0.008886867,0.013551247,-0.008166170
2026-02-12 00:22:40,-0.000771141,0.001916134,0.011826510
2026-02-12 00:22:50,-0.001288008,0.019297889,-0.003889695
2026-02-12 00:23:00,-0.025425808,-0.006017581,0.001870889
2026-02-12 00:23:10,0.002789199,-0.010958389,-0.005893675
2026-02-12 00:23:20,0.015081983,-0.006208265,-0.010572755
2026-02-12 00:23:30,-0.005753315,0.009528945,-0.013752613
2026-02-12 00:23:40,-0.015331692,-0.005816287,-0.010919458
2026-02-12 00:23:50,-0.004843267,0.009233719,0.012309988
2026-02-12 00:24:00,-0.016637101,0.009167484,-0.001539366
2026-02-12 00:24:10,-0.014421504,0.019558829,0.008765974
2026-02-12 00:24:20,-0.004736837,-0.015320013,0.015020059
2026-02-12 00:24:30,0.005235218,0.003025850,-0.002946608
2026-02-12 00:24:40,-0.025486253,0.000258674,-0.009073706
2026-02-12 00:24:50,0.016988798,0.027567046,0.014832504
2026-02-12 00:25:00,-0.007723124,-0.003220356,0.020496658
2026-02-12 00:25:10,-0.017059891,0.006392449,-0.003031154
2026-02-12 00:25:20,0.014434323,0.002395763,-0.010264222
2026-02-12 00:25:30,0.009581119,-0.014143191,0.005181396
2026-02-12 00:25:40,0.007204599,0.004192260,-0.000689551
2026-02-12 00:25:50,0.014903605,-0.004458788,-0.023811746
2026-02-12 00:26:00,0.003096791,0.006150554,0.013000886
2026-02-12 00:26:10,-0.001086810,0.002347699,-0.011544266
2026-02-12 00:26:20,0.007952697,-0.006349659,0.003471090
2026-02-12 00:26:30,0.011665838,-0.007182963,0.011743909
2026-02-12 00:26:40,-0.013391471,0.000222726,0.004192030
2026-02-12 00:26:50,0.006018183,-0.000003653,-0.014553528
2026-02-12 00:27:00,0.009124947,-0.015787314,-0.012207479
2026-02-12 00:27:10,-0.003714823,-0.008434692,-0.011420302
2026-02-12 00:27:20,0.003982373,-0.006494785,-0.001902295
2026-02-12 00:27:30,0.008014351,-0.006921636,-0.010450965
2026-02-12 00:27:40,-0.006425225,0.001884947,0.009157192
2026-02-12 00:27:50,0.002684584,-0.019413966,-0.004875319
2026-02-12 00:28:00,0.005650887,0.003690340,-0.013476507
2026-02-12 00:28:10,-0.000799512,0.014339603,0.009040133
2026-02-12 00:28:20,-0.019796515,0.002771712,-0.021715774
2026-02-12 00:28:30,-0.003279437,0.007249076,-0.011116002
2026-02-12 00:28:40,0.001513949,-0.024859110,0.013038296
2026-02-12 00:28:50,-0.018352669,0.004569461,-0.000006634
2026-02-12 00:29:00,0.011623452,-0.008004733,0.008598137
2026-02-12 00:29:10,0.009025232,-0.002164168,-0.015302640
2026-02-12 00:29:20,-0.016417411,0.020539138,-0.006818859
2026-02-12 00:29:30,-0.015189564,0.002457234,-0.002824137
2026-02-12 00:29:40,0.011253388,0.011378803,0.001078499
2026-02-12 00:29:50,-0.016350644,0.010834153,-0.001161871
2026-02-12 00:30:00,0.012514158,0.004700582,-0.003687887
2026-02-12 00:30:10,0.010298757,0.006600182,-0.009521971
2026-02-12 00:30:20,0.016213238,-0.021893221,0.014045336
2026-02-12 00:30:30,-0.005321729,0.003619026,0.004969058
2026-02-12 00:30:40,-0.012661130,0.001817935,0.012750092
2026-02-12 00:30:50,0.018075846,0.005493828,0.015355264
2026-02-12 00:31:00,-0.017200142,-0.013295657,-0.012017549
2026-02-12 00:31:10,0.009406881,-0.014339975,-0.012589532
2026-02-12 00:31:20,0.002882171,0.005050570,0.007693981
2026-02-12 00:31:30,0.003819383,0.010464606,-0.001388814
2026-02-12 00:31:40,0.012729534,-0.005751456,-0.011746938
2026-02-12 00:31:50,0.016465142,-0.000022963,-0.003588706
2026-02-12 00:32:00,0.001724204,0.000455070,0.001823041
2026-02-12 00:32:10,-0.007753307,0.004729421,0.012131939
2026-02-12 00:32:20,-0.004121526,-0.003179441,0.007063288
2026-02-12 00:32:30,-0.004926286,-0.013977632,-0.006347498
2026-02-12 00:32:40,0.008773931,0.000389600,-0.003302961
2026-02-12 00:32:50,0.015928037,-0.014749654,0.010357841
2026-02-12 00:33:00,0.001863369,0.017132937,0.001868321
2026-02-12 00:33:10,0.003393063,0.002825443,-0.001027034
2026-02-12 00:33:20,0.009744451,0.020091775,0.011108867
2026-02-12 00:33:30,0.007214410,-0.001221535,0.017463359
2026-02-12 00:33:40,0.021756193,-0.001492337,-0.001757223
2026-02-12 00:33:50,-0.028486762,-0.014253367,0.006986626
2026-02-12 00:34:00,0.002676698,-0.001627461,0.019209452
2026-02-12 00:34:10,-0.009786620,-0.011170438,-0.009945374
2026-02-12 00:34:20,-0.002114534,-0.005011726,-0.001972401
2026-02-12 00:34:30,0.006196500,-0.005540121,0.004631214
2026-02-12 00:34:40,0.000154836,-0.003902750,0.003725174
2026-02-12 00:34:50,0.000237277,-0.009982951,-0.005039568
2026-02-12 00:35:00,0.010554036,0.012735253,-0.010025258
2026-02-12 00:35:10,0.007427918,0.015021466,-0.010737864
2026-02-12 00:35:20,-0.002003582,0.007384893,-0.005536264
2026-02-12 00:35:30,-0.015866135,0.002853835,0.008934282
2026-02-12 00:35:40,0.014683072,-0.000803883,-0.006006915
2026-02-12 00:35:50,0.002088475,-0.002419179,0.020517887
2026-02-12 00:36:00,0.008416282,0.019374876,-0.000949798
2026-02-12 00:36:10,-0.000247386,0.000319356,0.001837440
2026-02-12 00:36:20,0.001659313,0.005403587,0.012867900
2026-02-12 00:36:30,-0.007958255,0.014417738,-0.000084875
2026-02-12 00:36:40,-0.006662727,0.017828961,0.000169322
2026-02-12 00:36:50,-0.000364225,0.007379343,-0.007975621
2026-02-12 00:37:00,-0.006178914,0.014153882,-0.002396324
2026-02-12 00:37:10,-0.012302409,0.008997475,0.017599676
2026-02-12 00:37:20,-0.002502863,0.019344585,-0.006993101
2026-02-12 00:37:30,-0.017809356,0.009481582,-0.009033086
2026-02-12 00:37:40,-0.002715150,0.002020099,-0.015969072
2026-02-12 00:37:50,0.018290648,0.009179239,0.005034450
2026-02-12 00:38:00,-0.013495902,-0.011953396,0.005793271
2026-02-12 00:38:10,-0.003978824,0.000903569,-0.012586519
2026-02-12 00:38:20,0.004272934,0.012232905,-0.008988456
2026-02-12 00:38:30,0.003292299,0.003340768,-0.007230118
2026-02-12 00:38:40,0.005230028,0.008790424,-0.004162175
2026-02-12 00:38:50,0.017618313,0.005449071,0.023793073
2026-02-12 00:39:00,0.000284056,-0.009328284,0.008590444
2026-02-12 00:39:10,0.002011890,-0.001963376,0.007521846
2026-02-12 00:39:20,-0.003535460,0.001048698,-0.026373255
2026-02-12 00:39:30,0.014785077,0.003748394,0.005058518
2026-02-12 00:39:40,0.022496974,0.004813456,0.007296837
2026-02-12 00:39:50,-0.001955529,0.014263404,0.005193086
2026-02-12 00:40:00,0.002692202,0.008638136,0.011478145
2026-02-12 00:40:10,0.012333094,-0.008462955,0.018895794
2026-02-12 00:40:20,0.008801067,-0.007665129,-0.007901881
2026-02-12 00:40:30,-0.013348914,-0.001235407,-0.013586186
2026-02-12 00:40:40,0.012564677,0.000754543,-0.009180433
2026-02-12 00:40:50,0.002403576,-0.003739803,0.003724094
2026-02-12 00:41:00,-0.008197409,0.007375529,-0.009443592
2026-02-12 00:41:10,-0.002115109,0.021968324,0.009298155
2026-02-12 00:41:20,0.007715234,-0.005497025,0.013822081
2026-02-12 00:41:30,-0.012584930,0.006109743,0.010014287
2026-02-12 00:41:40,0.002037167,0.014919675,0.003214695
2026-02-12 00:41:50,-0.000440984,-0.007808153,0.008723318
2026-02-12 00:42:00,0.019899810,0.008006582,-0.018952129
2026-02-12 00:42:10,-0.004018707,0.001534837,0.005941207
2026-02-12 00:42:20,0.003402732,-0.005160288,-0.013957012
2026-02-12 00:42:30,0.024278830,0.024913351,-0.017993691
2026-02-12 00:42:40,0.010050572,-0.001332450,-0.000265678
2026-02-12 00:42:50,0.017874296,0.014995576,0.000748114
2026-02-12 00:43:00,0.003731357,-0.002998968,0.001806883
2026-02-12 00:43:10,-0.020954708,-0.006200877,-0.005231969
2026-02-12 00:43:20,0.004155041,-0.000624013,0.004924998
2026-02-12 00:43:30,-0.007295398,0.012551284,-0.005407644
2026-02-12 00:43:40,-0.001462994,-0.007279239,0.007944191
2026-02-12 00:43:50,-0.003729181,-0.005461990,0.005294312
2026-02-12 00:44:00,0.012776360,0.004225034,0.015270890
2026-02-12 00:44:10,0.023768413,-0.008874719,0.001862073
2026-02-12 00:44:20,0.002633700,-0.001454253,0.019494803
2026-02-12 00:44:30,0.000499306,0.013065671,0.018408905
2026-02-12 00:44:40,0.000830819,-0.001778533,0.000061944
2026-02-12 00:44:50,0.009492322,0.009294147,0.003700066
2026-02-12 00:45:00,-0.000645240,-0.009085469,-0.003078381
2026-02-12 00:45:10,0.002269816,-0.015356064,0.003272486
2026-02-12 00:45:20,0.017604777,-0.000396882,0.007386763
2026-02-12 00:45:30,-0.000450859,-0.004911487,-0.008388856
2026-02-12 00:45:40,0.015343470,0.007834564,0.008253181
2026-02-12 00:45:50,0.002705709,0.018006555,-0.010503338
2026-02-12 00:46:00,-0.006568609,-0.019275559,-0.007372515
2026-02-12 00:46:10,0.013408967,-0.009724170,0.003390723
2026-02-12 00:46:20,-0.007853478,-0.004465312,0.009148320
2026-02-12 00:46:30,0.023536077,-0.015886236,0.005356501
2026-02-12 00:46:40,-0.001972538,0.014796998,0.006433451
2026-02-12 00:46:50,-0.005068169,0.008337605,0.003275984
2026-02-12 00:47:00,-0.004895083,-0.011119288,0.007649741
2026-02-12 00:47:10,0.010278950,-0.006290660,0.013844268
2026-02-12 00:47:20,-0.009482697,-0.013452184,-0.006156162
2026-02-12 00:47:30,0.004767317,-0.003388608,-0.003405393
2026-02-12 00:47:40,-0.026361983,0.005198728,-0.016592191
2026-02-12 00:47:50,-0.016992212,-0.022024774,-0.004715216
2026-02-12 00:48:00,0.005112655,-0.009149846,0.009784221
2026-02-12 00:48:10,0.004612600,0.000887423,-0.016638727
2026-02-12 00:48:20,-0.006212590,0.010087624,-0.003767937
2026-02-12 00:48:30,-0.002565182,0.005468129,0.000708608
2026-02-12 00:48:40,0.004244714,-0.012276489,0.004239919
2026-02-12 00:48:50,0.007188299,-0.004739519,-0.004685683
2026-02-12 00:49:00,-0.000227575,0.000172236,-0.002771385
2026-02-12 00:49:10,0.009830278,0.004655884,-0.008817152
2026-02-12 00:49:20,-0.000104079,-0.000859972,0.006242892
2026-02-12 00:49:30,-0.005372693,0.005690366,0.002118882
2026-02-12 00:49:40,-0.005102218,-0.016026769,0.006661635
2026-02-12 00:49:50,-0.007172668,-0.000590093,0.009115600
2026-02-12 00:50:00,0.006011060,0.001802775,-0.017966684
2026-02-12 00:50:10,0.002299327,0.007432223,-0.009774284
2026-02-12 00:50:20,0.002314797,0.001771053,-0.021544155
2026-02-12 00:50:30,-0.013383961,-0.010180574,-0.004453881
2026-02-12 00:50:40,-0.014394928,-0.016350457,0.004920303
2026-02-12 00:50:50,-0.000555959,0.004674166,-0.002320603
2026-02-12 00:51:00,0.003127568,-0.009430237,0.008909408
2026-02-12 00:51:10,0.004017594,-0.014703424,-0.006400503
2026-02-12 00:51:20,0.008680890,-0.004546192,-0.018782420
2026-02-12 00:51:30,-0.013363196,-0.011176926,-0.001417677
2026-02-12 00:51:40,0.014086127,0.003789037,0.001588369
2026-02-12 00:51:50,0.000435493,0.001975530,-0.002492687
2026-02-12 00:52:00,0.004420833,0.007554676,-0.000453225
2026-02-12 00:52:10,-0.003078235,0.001870118,0.005330232
2026-02-12 00:52:20,-0.003858585,0.006575136,-0.023582520
2026-02-12 00:52:30,-0.005813026,0.017070100,0.001204202
2026-02-12 00:52:40,-0.000537558,0.006268087,-0.011518958
2026-02-12 00:52:50,0.002480048,0.012268568,0.010028622
2026-02-12 00:53:00,0.026294188,-0.003445644,-0.001806100
2026-02-12 00:53:10,-0.010538466,-0.007466581,-0.000002439
2026-02-12 00:53:20,0.009836013,0.001787753,-0.008321031
2026-02-12 00:53:30,0.014925631,-0.011570811,0.001825799
2026-02-12 00:53:40,-0.005015877,0.017186533,0.001328349
2026-02-12 00:53:50,-0.000997836,-0.000239207,0.001229149
2026-02-12 00:54:00,0.010567634,0.012782062,-0.010840378
2026-02-12 00:54:10,-0.010862741,0.002125436,-0.021005430
2026-02-12 00:54:20,0.017394535,-0.001785623,0.002399939
2026-02-12 00:54:30,-0.006887623,0.002334406,-0.014522502
2026-02-12 00:54:40,-0.001543367,0.001002650,0.004508653
2026-02-12 00:54:50,-0.007506541,-0.003316677,0.008756316
2026-02-12 00:55:00,0.009501809,0.003936792,-0.009148536
2026-02-12 00:55:10,0.013957474,-0.008268502,0.011636420
2026-02-12 00:55:20,-0.000031374,-0.005726557,0.007730543
2026-02-12 00:55:30,-0.012956226,-0.000922023,0.011056040
2026-02-12 00:55:40,0.004529493,-0.010128637,0.014780735
2026-02-12 00:55:50,0.010523044,0.003394213,-0.008578822
2026-02-12 00:56:00,-0.005609130,0.000201936,-0.003898629
2026-02-12 00:56:10,-0.007783954,-0.004475709,0.002999408
2026-02-12 00:56:20,0.030804282,-0.013766639,-0.002709678
2026-02-12 00:56:30,-0.018849743,0.027653468,0.017376604
2026-02-12 00:56:40,-0.009143186,-0.003673942,-0.006186346
2026-02-12 00:56:50,-0.007600265,-0.012178318,0.006047043
2026-02-12 00:57:00,-0.002095952,0.014910512,0.002447571
2026-02-12 00:57:10,0.014157047,-0.000780358,-0.008711161
2026-02-12 00:57:20,-0.012468642,0.024867982,0.002587145
2026-02-12 00:57:30,-0.008450538,0.004202162,-0.000855477
2026-02-12 00:57:40,-0.008216908,-0.014195711,-0.000386472
2026-02-12 00:57:50,0.001946303,-0.004694563,-0.005710120
2026-02-12 00:58:00,-0.013581502,-0.017110040,0.009451085
2026-02-12 00:58:10,0.011479354,0.000943393,-0.003373094
2026-02-12 00:58:20,0.015070563,0.011239027,0.008769694
2026-02-12 00:58:30,-0.012342914,-0.000102218,-0.002945869
2026-02-12 00:58:40,0.020997990,0.009902562,0.014706410
2026-02-12 00:58:50,-0.005802828,0.004565843,0.009491002
2026-02-12 00:59:00,-0.002239357,0.025176119,-0.012504212
2026-02-12 00:59:10,0.000737905,-0.006553965,0.007736674
2026-02-12 00:59:20,-0.007690353,0.008601640,0.000019415
2026-02-12 00:59:30,0.009798435,0.003229334,0.006005955
2026-02-12 00:59:40,0.003993986,0.006382826,0.001560779
2026-02-12 00:59:50,0.007601374,-0.020213128,0.011357808
2026-02-12 01:00:00,0.004242314,-0.001171008,-0.009820905
2026-02-12 01:00:10,0.005500687,-0.017492210,-0.010902409
2026-02-12 01:00:20,0.008686823,-0.002171986,0.009681691
2026-02-12 01:00:30,-0.010755845,0.003171869,0.010945470
2026-02-12 01:00:40,-0.005354979,-0.010966265,0.007781025
2026-02-12 01:00:50,-0.006082059,0.015874737,0.014853785
2026-02-12 01:01:00,-0.003134479,0.013312972,-0.005591015
2026-02-12 01:01:10,-0.008364131,0.004748014,0.015295834
2026-02-12 01:01:20,-0.010078142,-0.015146062,0.002512213
2026-02-12 01:01:30,-0.012664105,-0.001853436,0.011932113
2026-02-12 01:01:40,-0.008020534,-0.000035276,-0.007085132
2026-02-12 01:01:50,0.001090458,-0.013950178,-0.019808861
2026-02-12 01:02:00,0.014985195,-0.006389040,-0.004595590
2026-02-12 01:02:10,0.009961970,0.011121012,0.007703900
2026-02-12 01:02:20,-0.001784136,0.007580475,0.012152835
2026-02-12 01:02:30,0.007355045,0.008900809,-0.004792564
2026-02-12 01:02:40,0.022682813,0.011398892,-0.009351033
2026-02-12 01:02:50,0.001553035,-0.001136342,0.010540615
2026-02-12 01:03:00,-0.025113836,-0.010329347,0.010397044
2026-02-12 01:03:10,-0.012208402,0.021608474,-0.002394480
2026-02-12 01:03:20,-0.007965993,-0.003555432,-0.002876838
2026-02-12 01:03:30,0.006145013,0.000637722,0.005580755
2026-02-12 01:03:40,0.001695676,-0.002386227,-0.010179888
2026-02-12 01:03:50,-0.010897219,-0.002707688,0.001834959
2026-02-12 01:04:00,0.013112759,-0.004684017,-0.006412178
2026-02-12 01:04:10,-0.015457067,0.006786326,-0.018506099
2026-02-12 01:04:20,0.011268785,-0.004350029,0.002069969
2026-02-12 01:04:30,0.006632829,0.005641268,0.005063346
2026-02-12 01:04:40,-0.022175000,0.011461474,-0.001399182
2026-02-12 01:04:50,-0.001952350,-0.008386880,0.004151218
2026-02-12 01:05:00,0.010669916,-0.001416017,-0.004778452
2026-02-12 01:05:10,-0.008657146,-0.009002332,-0.009571529
2026-02-12 01:05:20,0.020485764,0.000075153,-0.015857417
2026-02-12 01:05:30,-0.006565746,-0.007768878,-0.002455758
2026-02-12 01:05:40,0.005334895,-0.024920022,-0.011417447
2026-02-12 01:05:50,-0.004501781,-0.010081541,0.005307493
2026-02-12 01:06:00,-0.005613355,0.014357007,-0.002374232
2026-02-12 01:06:10,-0.006541765,-0.009509752,0.009213026
2026-02-12 01:06:20,-0.004825732,-0.011796721,-0.009091292
2026-02-12 01:06:30,-0.001741257,-0.002302215,0.002370351
2026-02-12 01:06:40,0.009819766,-0.000658456,-0.002458323
2026-02-12 01:06:50,-0.001015337,-0.006702369,-0.010109464
2026-02-12 01:07:00,-0.004890954,0.006356910,-0.016139576
2026-02-12 01:07:10,0.010795133,-0.000843835,0.021372323
2026-02-12 01:07:20,0.002477836,0.007891685,0.001066703
2026-02-12 01:07:30,-0.003616677,-0.009172119,0.004225577
2026-02-12 01:07:40,-0.007003852,-0.011464375,0.008437212
2026-02-12 01:07:50,-0.002166732,0.019021366,0.004875495
2026-02-12 01:08:00,0.012330929,-0.006574853,-0.006605120
2026-02-12 01:08:10,0.006963635,-0.004991486,0.010264205
2026-02-12 01:08:20,-0.001694865,0.000554557,-0.008566618
2026-02-12 01:08:30,-0.010649636,-0.006313231,-0.006190565
2026-02-12 01:08:40,-0.005867483,0.013959355,0.001289271
2026-02-12 01:08:50,-0.005139564,0.034310889,-0.001278237
2026-02-12 01:09:00,0.008792924,0.009691203,0.006230847
2026-02-12 01:09:10,0.001109966,0.006373448,-0.009786382
2026-02-12 01:09:20,-0.001098903,0.017592575,0.002229643
2026-02-12 01:09:30,-0.004453785,-0.001908224,-0.002870623
2026-02-12 01:09:40,-0.022497326,-0.021261503,-0.010957502
2026-02-12 01:09:50,0.000986719,0.002455757,-0.004283359
2026-02-12 01:10:00,0.001154366,-0.001098969,0.005646245
2026-02-12 01:10:10,-0.001737631,-0.012475312,-0.004050074
2026-02-12 01:10:20,0.000986704,-0.002225895,-0.006236770
2026-02-12 01:10:30,-0.008847969,-0.005569769,-0.003056222
2026-02-12 01:10:40,-0.002435525,0.004999793,-0.008527453
2026-02-12 01:10:50,-0.006155980,-0.018411770,-0.006079947
2026-02-12 01:11:00,-0.005140287,-0.001879980,-0.000501466
2026-02-12 01:11:10,0.006693332,-0.002902673,0.017527209
2026-02-12 01:11:20,-0.000865485,-0.000471215,-0.004138531
2026-02-12 01:11:30,-0.000140493,0.013513567,-0.015604592
2026-02-12 01:11:40,-0.013862528,-0.004762088,0.004322467
2026-02-12 01:11:50,-0.009342465,0.004558785,-0.011534259
2026-02-12 01:12:00,-0.015552061,0.007367428,0.004044044
2026-02-12 01:12:10,-0.009860581,-0.004939309,0.010979603
2026-02-12 01:12:20,-0.001935466,-0.007524748,-0.002558728
2026-02-12 01:12:30,-0.010978351,-0.004788080,-0.003904070
2026-02-12 01:12:40,-0.005192024,0.004003433,0.007007532
2026-02-12 01:12:50,-0.004439153,0.017482234,-0.010749920
2026-02-12 01:13:00,-0.012666478,0.009267578,-0.006966025
2026-02-12 01:13:10,-0.004794358,0.006475375,0.006234285
2026-02-12 01:13:20,-0.008884869,0.003160877,0.000242119
2026-02-12 01:13:30,-0.002896523,0.008419298,-0.004596453
2026-02-12 01:13:40,-0.017023385,-0.003429342,-0.004428395
2026-02-12 01:13:50,-0.013009511,0.029348356,-0.011010379
2026-02-12 01:14:00,0.003502542,-0.011060789,-0.003067087
2026-02-12 01:14:10,-0.013520045,0.006894118,-0.010108411
2026-02-12 01:14:20,-0.004432456,-0.001481055,0.018837150
2026-02-12 01:14:30,-0.017395800,0.007062229,0.023943198
2026-02-12 01:14:40,0.005617619,-0.010180626,-0.004515560
2026-02-12 01:14:50,0.013279918,-0.004715852,-0.007444447
2026-02-12 01:15:00,0.009661396,-0.006148397,0.002222185
2026-02-12 01:15:10,0.021770127,0.011234735,0.013512025
2026-02-12 01:15:20,-0.004174172,0.011075706,-0.005101350
2026-02-12 01:15:30,0.013552117,-0.003106149,0.016198525
2026-02-12 01:15:40,-0.018564177,0.013224221,0.006698577
2026-02-12 01:15:50,0.014278756,-0.003434783,0.004674383
2026-02-12 01:16:00,-0.021352512,0.011733650,-0.007348148
2026-02-12 01:16:10,-0.006422870,-0.004440682,-0.006470244
2026-02-12 01:16:20,-0.005885905,-0.004334330,0.006160143
2026-02-12 01:16:30,-0.001347859,0.003066633,-0.008341114
2026-02-12 01:16:40,0.004637126,0.005013974,0.014899519
2026-02-12 01:16:50,-0.019270775,0.002842347,0.012045448
2026-02-12 01:17:00,0.013253156,0.000900490,-0.009265446
2026-02-12 01:17:10,-0.002459954,0.006639593,-0.011939474
2026-02-12 01:17:20,-0.004787979,-0.009619129,0.004584423
2026-02-12 01:17:30,0.003774610,-0.005287223,-0.009895992
2026-02-12 01:17:40,0.015057609,-0.008364852,0.003918038
2026-02-12 01:17:50,0.007216761,-0.002574075,0.005535718
2026-02-12 01:18:00,0.021450388,0.001657150,0.004543627
2026-02-12 01:18:10,-0.011467307,-0.002566727,-0.000911516
2026-02-12 01:18:20,0.002470710,-0.000791223,0.004830276
2026-02-12 01:18:30,0.004317294,0.000931877,0.006623803
2026-02-12 01:18:40,-0.001888926,-0.003083135,-0.003910338
2026-02-12 01:18:50,-0.003262304,0.002978078,0.003442278
2026-02-12 01:19:00,-0.002246613,-0.003820287,0.014506754
2026-02-12 01:19:10,-0.012739047,-0.008807032,-0.004364161
2026-02-12 01:19:20,-0.018000086,-0.014168599,-0.000577809
2026-02-12 01:19:30,-0.018726304,0.012835825,-0.002704683
2026-02-12 01:19:40,-0.002973907,0.008901917,-0.003719766
2026-02-12 01:19:50,0.006983978,0.010055338,-0.003607973
2026-02-12 01:20:00,0.019641706,-0.013087340,0.003501866
2026-02-12 01:20:10,0.001408082,-0.000855196,0.001319179
2026-02-12 01:20:20,0.007428712,-0.015411887,-0.004688399
2026-02-12 01:20:30,-0.009343149,-0.002197038,-0.003547958
2026-02-12 01:20:40,0.019527967,-0.012656000,0.000793325
2026-02-12 01:20:50,0.000091971,-0.001297408,0.015536946
2026-02-12 01:21:00,0.006076466,0.001452241,-0.013988664
2026-02-12 01:21:10,0.007304004,0.005242041,-0.012785277
2026-02-12 01:21:20,0.008754857,-0.003422601,-0.002509942
2026-02-12 01:21:30,0.006313230,0.018438210,-0.007494959
2026-02-12 01:21:40,0.003594439,0.000102867,0.000804499
2026-02-12 01:21:50,-0.000977600,0.006721744,0.004753204
2026-02-12 01:22:00,0.001913080,0.001540568,0.006622727
2026-02-12 01:22:10,-0.010144267,0.017684588,0.003334867
2026-02-12 01:22:20,-0.015985117,-0.003582211,0.017419396
2026-02-12 01:22:30,0.006055368,-0.000800779,0.005622617
2026-02-12 01:22:40,-0.000741124,-0.005156394,0.007238753
2026-02-12 01:22:50,0.007404481,-0.008173774,0.016114362
2026-02-12 01:23:00,-0.007421108,0.002403000,0.004604783
2026-02-12 01:23:10,0.008390453,0.004981907,0.010619540
2026-02-12 01:23:20,0.003187419,-0.009271468,0.020269898
2026-02-12 01:23:30,-0.011066905,0.010087454,0.000308224
2026-02-12 01:23:40,0.002600548,0.005916499,0.009827919
2026-02-12 01:23:50,-0.006089364,0.004469567,0.005647718
2026-02-12 01:24:00,0.005922917,-0.015691582,0.013081746
2026-02-12 01:24:10,-0.000873634,-0.000936789,0.009020873
2026-02-12 01:24:20,0.009761913,0.018268722,-0.016347366
2026-02-12 01:24:30,-0.003706137,0.002430835,0.023602620
2026-02-12 01:24:40,-0.009717803,0.007917333,0.006857887
2026-02-12 01:24:50,-0.019557516,-0.000124056,-0.001813171
2026-02-12 01:25:00,-0.001962346,-0.022003531,0.022947345
2026-02-12 01:25:10,0.002785760,-0.003796632,-0.004551032
2026-02-12 01:25:20,0.000351660,0.000716733,-0.006144666
2026-02-12 01:25:30,0.019192515,-0.004045026,0.015066811
2026-02-12 01:25:40,0.006824788,0.002755017,0.015059241
2026-02-12 01:25:50,-0.001261448,0.005747692,-0.002649818
2026-02-12 01:26:00,0.009972876,-0.007542746,0.001255119
2026-02-12 01:26:10,0.010181335,-0.009443446,-0.019452941
2026-02-12 01:26:20,-0.001873210,0.005051081,0.005428877
2026-02-12 01:26:30,-0.003791486,-0.000247401,0.014061189
2026-02-12 01:26:40,-0.005029681,0.002634852,0.002494932
2026-02-12 01:26:50,-0.016374783,-0.021861692,-0.013938382
2026-02-12 01:27:00,0.021432843,-0.000083719,0.008702312
2026-02-12 01:27:10,0.014787498,0.002645116,0.010519417
2026-02-12 01:27:20,0.016047376,-0.003302401,-0.014291631
2026-02-12 01:27:30,-0.020343112,-0.022296074,0.000796916
2026-02-12 01:27:40,-0.018047246,-0.003671761,-0.011271567
2026-02-12 01:27:50,0.000920568,0.009368495,0.004919644
2026-02-12 01:28:00,-0.003067643,-0.012435779,-0.005451331
2026-02-12 01:28:10,0.006079005,0.011379956,-0.007180614
2026-02-12 01:28:20,0.015033787,0.012897806,0.006216382
2026-02-12 01:28:30,0.002231053,-0.015106384,0.004374127
2026-02-12 01:28:40,-0.007338110,-0.008388411,-0.000253480
2026-02-12 01:28:50,-0.009460463,0.004715816,-0.004584133
2026-02-12 01:29:00,-0.001986861,-0.010112819,0.008900642
2026-02-12 01:29:10,0.004047043,0.009755343,-0.009813421
2026-02-12 01:29:20,0.015435295,0.006221584,0.004946237
2026-02-12 01:29:30,0.000852660,0.006938040,-0.012346431
2026-02-12 01:29:40,-0.006602715,-0.000979206,-0.006479018
2026-02-12 01:29:50,0.006612192,0.004590809,-0.002900530
2026-02-12 01:30:00,0.000040975,0.008544319,0.003735636
2026-02-12 01:30:10,0.002319159,0.013035089,0.008609685
2026-02-12 01:30:20,0.016031523,0.008399207,0.009652201
2026-02-12 01:30:30,0.001557706,-0.000947573,0.002444748
2026-02-12 01:30:40,-0.005324190,0.012711164,-0.013164444
2026-02-12 01:30:50,-0.000806690,-0.010078032,0.002278521
2026-02-12 01:31:00,0.002823163,0.006322743,-0.010468158
2026-02-12 01:31:10,-0.006321210,-0.012214857,0.027948229
2026-02-12 01:31:20,0.004386733,0.003813024,-0.007842369
2026-02-12 01:31:30,-0.006699298,0.006495522,0.006692705
2026-02-12 01:31:40,-0.002371167,-0.005837831,0.014480661
2026-02-12 01:31:50,0.009459600,-0.010132627,-0.020235262
2026-02-12 01:32:00,-0.003377344,-0.014095376,-0.006615714
2026-02-12 01:32:10,0.007171719,0.000781032,-0.004615049
2026-02-12 01:32:20,-0.006306870,-0.000306801,-0.004793839
2026-02-12 01:32:30,-0.007209326,0.015665272,0.021300109
2026-02-12 01:32:40,-0.006089146,-0.033373214,-0.015549209
2026-02-12 01:32:50,0.010075403,0.013205086,-0.009578137
2026-02-12 01:33:00,0.005761925,-0.002414298,0.003510635
2026-02-12 01:33:10,0.000493635,-0.005763428,0.006077276
2026-02-12 01:33:20,0.024897637,0.007166600,0.000057992
2026-02-12 01:33:30,-0.009999691,-0.008233511,0.003823395
2026-02-12 01:33:40,0.005233254,0.000719266,0.004795244
2026-02-12 01:33:50,-0.002353191,0.018668235,-0.002045914
2026-02-12 01:34:00,0.006128885,0.003038710,-0.003197403
2026-02-12 01:34:10,-0.001708899,0.003677536,-0.018293095
2026-02-12 01:34:20,-0.006034046,0.009197163,0.006611064
2026-02-12 01:34:30,-0.018479967,-0.014013911,0.008544373
2026-02-12 01:34:40,0.000969246,-0.007506394,0.005463197
2026-02-12 01:34:50,0.008759481,0.004146769,0.007298581
2026-02-12 01:35:00,0.018780621,-0.001325513,0.009335752
2026-02-12 01:35:10,0.016732230,0.018478254,0.005285713
2026-02-12 01:35:20,0.002947396,0.009371100,0.002371160
2026-02-12 01:35:30,0.010650525,-0.001888816,0.002391947
2026-02-12 01:35:40,-0.005869302,0.002489008,-0.000655170
2026-02-12 01:35:50,0.012302389,0.010197918,0.000863301
2026-02-12 01:36:00,-0.009916185,-0.019639885,0.000158342
2026-02-12 01:36:10,0.013589704,-0.009135865,-0.005309401
2026-02-12 01:36:20,-0.016315485,0.011150215,-0.015905649
2026-02-12 01:36:30,0.003462823,-0.012630829,-0.003650121
2026-02-12 01:36:40,0.012824255,0.008284981,-0.006788971
2026-02-12 01:36:50,0.009874075,-0.006522485,0.012822006
2026-02-12 01:37:00,0.006087001,-0.010217563,-0.002608369
2026-02-12 01:37:10,0.008537657,0.010129187,-0.011804844
2026-02-12 01:37:20,0.006862620,0.008859100,-0.002666117
2026-02-12 01:37:30,0.019544537,0.012738491,-0.011921029
2026-02-12 01:37:40,0.003318235,-0.008620650,-0.002599360
2026-02-12 01:37:50,-0.005497989,0.014693709,0.015460667
2026-02-12 01:38:00,0.014620495,-0.009170130,0.000471299
2026-02-12 01:38:10,0.000791253,0.004735883,0.005731428
2026-02-12 01:38:20,-0.011682734,0.006427723,0.013201270
2026-02-12 01:38:30,-0.004389276,0.001827407,0.016143430
2026-02-12 01:38:40,0.007789532,-0.012452888,-0.008336638
2026-02-12 01:38:50,-0.005691607,-0.008418684,-0.015814616
2026-02-12 01:39:00,0.007086764,0.008260824,-0.000302242
2026-02-12 01:39:10,0.006314401,-0.008306489,0.015407871
2026-02-12 01:39:20,-0.013519647,-0.006268664,-0.010181613
2026-02-12 01:39:30,-0.013941327,-0.008771592,0.005394992
2026-02-12 01:39:40,0.016694728,0.029273901,0.007988291
2026-02-12 01:39:50,-0.002742777,0.008875737,0.000251562
2026-02-12 01:40:00,0.009496082,-0.011781855,-0.005948515
2026-02-12 01:40:10,-0.007054221,0.009388305,0.004109051
2026-02-12 01:40:20,-0.001552607,-0.013994954,-0.004673503
2026-02-12 01:40:30,-0.005158443,-0.007412946,-0.003751456
2026-02-12 01:40:40,-0.011469179,-0.017366209,0.007140540
2026-02-12 01:40:50,-0.001505741,-0.001418491,0.011041372
2026-02-12 01:41:00,0.002875919,0.005560478,-0.001261383
2026-02-12 01:41:10,0.000051274,-0.001441375,-0.008016642
2026-02-12 01:41:20,-0.001277373,-0.004266160,-0.000721563
2026-02-12 01:41:30,-0.001291074,0.002232159,0.004346512
2026-02-12 01:41:40,0.004491057,-0.012552905,0.007397362
2026-02-12 01:41:50,0.009963519,-0.006536687,-0.000675421
2026-02-12 01:42:00,0.009813321,-0.006585002,0.009884823
2026-02-12 01:42:10,-0.008773828,-0.013929603,0.027243116
2026-02-12 01:42:20,-0.020206382,0.000481289,0.023800391
2026-02-12 01:42:30,-0.015999868,-0.007333729,0.014599196
2026-02-12 01:42:40,0.003226339,-0.009095235,0.002419641
2026-02-12 01:42:50,-0.010887827,-0.010273149,-0.026385408
2026-02-12 01:43:00,-0.004385691,0.002399402,-0.003551732
2026-02-12 01:43:10,0.001543349,0.013764848,-0.011325527
2026-02-12 01:43:20,-0.004272039,0.001194072,0.021726867
2026-02-12 01:43:30,0.002597012,-0.010968748,0.006870146
2026-02-12 01:43:40,-0.012113978,0.018720838,0.006563158
2026-02-12 01:43:50,-0.000210332,0.012148296,0.002421914
2026-02-12 01:44:00,0.009692764,-0.008898966,-0.010322523
2026-02-12 01:44:10,0.003123875,-0.006046448,-0.013017125
2026-02-12 01:44:20,-0.017047367,0.000262753,0.009816932
2026-02-12 01:44:30,-0.000114776,-0.006143614,0.001526135
2026-02-12 01:44:40,0.006523777,-0.006159503,0.006251690
2026-02-12 01:44:50,0.001333972,0.009204883,0.002815117
2026-02-12 01:45:00,0.006495144,-0.007292692,0.012337870
2026-02-12 01:45:10,-0.001544960,0.011103855,0.003544390
2026-02-12 01:45:20,-0.004802241,-0.009264272,-0.012045604
2026-02-12 01:45:30,-0.003703435,-0.003976275,-0.006542843
2026-02-12 01:45:40,0.012713247,0.011935791,0.018060155
2026-02-12 01:45:50,-0.004133572,0.011847392,-0.005485497
2026-02-12 01:46:00,0.012748534,0.006349106,-0.016718173
2026-02-12 01:46:10,0.003791976,0.015238450,-0.002872019
2026-02-12 01:46:20,-0.005520858,0.007950236,-0.005613494
2026-02-12 01:46:30,0.006458646,-0.017842046,-0.015419708
2026-02-12 01:46:40,0.023952702,-0.011468570,-0.015206329
2026-02-12 01:46:50,0.009639247,-0.000156425,-0.008829614
2026-02-12 01:47:00,-0.001284761,-0.007419025,-0.011176380
2026-02-12 01:47:10,0.005038144,-0.009663624,0.001107568
2026-02-12 01:47:20,0.004118192,-0.000316631,0.000496735
2026-02-12 01:47:30,0.001561479,-0.004294866,0.012816657
2026-02-12 01:47:40,-0.013604714,0.005152843,0.009364013
2026-02-12 01:47:50,-0.012853494,-0.000982009,-0.004992366
2026-02-12 01:48:00,0.021369471,-0.025504892,0.012655701
2026-02-12 01:48:10,-0.017074604,0.019709242,0.007247108
2026-02-12 01:48:20,0.000015269,-0.009645895,0.004404125
2026-02-12 01:48:30,0.002262096,-0.003309589,0.000396868
2026-02-12 01:48:40,-0.006484987,-0.003919372,0.001477245
2026-02-12 01:48:50,-0.006388594,-0.021766428,0.005896990
2026-02-12 01:49:00,-0.003059698,-0.003424694,0.003660594
2026-02-12 01:49:10,-0.001780865,-0.021837702,-0.000191954
2026-02-12 01:49:20,0.012556269,-0.007569163,-0.005465135
2026-02-12 01:49:30,-0.010336061,0.001872322,-0.012869869
2026-02-12 01:49:40,-0.006500564,-0.011340254,0.015061624
2026-02-12 01:49:50,0.019692183,0.004959375,0.000134741
2026-02-12 01:50:00,-0.007718291,-0.002679864,-0.005165660
2026-02-12 01:50:10,-0.002820478,-0.010060266,-0.012703912
2026-02-12 01:50:20,0.019573183,0.004012626,-0.010951730
2026-02-12 01:50:30,0.004732614,0.003980308,-0.000110533
2026-02-12 01:50:40,0.014873609,0.019560950,-0.008184683
2026-02-12 01:50:50,0.014432153,0.011481586,-0.003381494
2026-02-12 01:51:00,0.011669006,0.007391446,-0.006120925
2026-02-12 01:51:10,-0.002716909,-0.025098010,0.000504528
2026-02-12 01:51:20,-0.000131607,0.007327362,-0.003486553
2026-02-12 01:51:30,0.003266830,-0.007527945,0.001727209
2026-02-12 01:51:40,0.003734101,0.005558772,-0.014102468
2026-02-12 01:51:50,-0.007879455,-0.004149872,-0.013750923
2026-02-12 01:52:00,0.005156619,0.000307746,0.016173786
2026-02-12 01:52:10,0.011153933,0.001796058,-0.012728397
2026-02-12 01:52:20,-0.003895275,0.001235822,-0.006125553
2026-02-12 01:52:30,-0.007036666,0.003370665,0.015900062
2026-02-12 01:52:40,-0.002692891,-0.016270266,0.018182219
2026-02-12 01:52:50,0.004908219,0.010140326,0.002288021
2026-02-12 01:53:00,0.010542503,-0.027192783,-0.009589962
2026-02-12 01:53:10,0.006338969,-0.016252999,0.002090813
2026-02-12 01:53:20,0.012720745,-0.003493943,-0.005029295
2026-02-12 01:53:30,-0.011507257,-0.008217377,0.007421384
2026-02-12 01:53:40,0.001808460,-0.012897914,0.024387446
2026-02-12 01:53:50,-0.009502540,0.004818180,-0.000461401
2026-02-12 01:54:00,0.015044275,-0.003247298,-0.014022617
2026-02-12 01:54:10,-0.009830311,-0.008991410,-0.009221721
2026-02-12 01:54:20,-0.015868420,0.005430383,0.002210285
2026-02-12 01:54:30,-0.009472709,-0.004176036,-0.001052832
2026-02-12 01:54:40,-0.000988188,0.007370257,-0.003338665
2026-02-12 01:54:50,-0.003598280,-0.008032933,-0.013870620
2026-02-12 01:55:00,0.001773243,-0.005979607,-0.008310157
2026-02-12 01:55:10,0.004138537,-0.009446945,-0.013301602
2026-02-12 01:55:20,0.008739797,0.000665782,0.016104242
2026-02-12 01:55:30,0.009244516,0.013866339,-0.008701005
2026-02-12 01:55:40,-0.001000163,0.004406380,-0.005374586
2026-02-12 01:55:50,-0.002931555,0.003780347,0.000211486
2026-02-12 01:56:00,0.013058592,-0.011294970,0.002265123
2026-02-12 01:56:10,0.010946563,-0.008063421,-0.009674083
2026-02-12 01:56:20,0.008323764,-0.009818114,-0.005673506
2026-02-12 01:56:30,-0.015464746,0.002579685,0.007647430
2026-02-12 01:56:40,0.011399836,0.008150715,-0.004280424
2026-02-12 01:56:50,0.011556543,0.007723371,-0.001297315
2026-02-12 01:57:00,0.012666537,0.001737128,0.005143319
2026-02-12 01:57:10,-0.005502485,-0.000564127,0.013372141
2026-02-12 01:57:20,-0.000063922,0.016020331,0.014608992
2026-02-12 01:57:30,0.002218915,0.017936158,-0.005877311
2026-02-12 01:57:40,-0.006944497,-0.001412861,-0.013433383
2026-02-12 01:57:50,0.012040212,0.012540673,-0.009004511
2026-02-12 01:58:00,-0.016166679,0.002298988,0.001626263
2026-02-12 01:58:10,-0.001585506,0.009789327,-0.001167325
2026-02-12 01:58:20,-0.020931082,-0.002183916,0.007356924
2026-02-12 01:58:30,-0.021225875,-0.005521666,0.005986165
2026-02-12 01:58:40,0.000960619,-0.001244121,-0.014941462
2026-02-12 01:58:50,-0.010652457,-0.005838964,-0.017465743
2026-02-12 01:59:00,0.000081596,-0.007258880,-0.004090858
2026-02-12 01:59:10,0.000955740,0.013191980,-0.002002715
2026-02-12 01:59:20,-0.005122328,0.010081075,0.001924292
2026-02-12 01:59:30,0.009368592,-0.005005038,0.002410702
2026-02-12 01:59:40,0.003325374,-0.000575400,-0.017652569
2026-02-12 01:59:50,0.005558710,-0.009699467,-0.015987620
2026-02-12 02:00:00,-0.004951189,-0.007359136,-0.001880263
2026-02-12 02:00:10,-0.006632267,-0.000561869,-0.011667162
2026-02-12 02:00:20,0.000939025,-0.009492661,-0.004058390
2026-02-12 02:00:30,-0.003283335,0.001787895,0.003477760
2026-02-12 02:00:40,-0.009882329,-0.004806386,0.025268124
2026-02-12 02:00:50,-0.008719367,-0.003057483,0.001902609
2026-02-12 02:01:00,0.001719055,0.022202426,-0.012429265
2026-02-12 02:01:10,0.009509472,-0.005262487,0.024935688
2026-02-12 02:01:20,0.013815056,-0.004612245,-0.002006425
2026-02-12 02:01:30,0.014857041,-0.003087769,0.000768587
2026-02-12 02:01:40,-0.002012984,0.005507525,0.008074355
2026-02-12 02:01:50,-0.022418346,0.012225887,0.006774659
2026-02-12 02:02:00,-0.011352810,-0.000709332,0.003124205
2026-02-12 02:02:10,0.021627054,0.015357009,-0.007276764
2026-02-12 02:02:20,0.007361696,-0.011844927,-0.013751033
2026-02-12 02:02:30,-0.002356976,0.031818040,0.006927810
2026-02-12 02:02:40,0.004811496,0.006759538,-0.001790624
2026-02-12 02:02:50,0.015240834,0.016302680,0.005772883
2026-02-12 02:03:00,-0.014227980,-0.003059029,-0.005824754
2026-02-12 02:03:10,-0.000211301,-0.008681579,-0.011244535
2026-02-12 02:03:20,-0.004540788,-0.005124426,0.009346891
2026-02-12 02:03:30,0.009610772,0.021283610,-0.025334570
2026-02-12 02:03:40,0.004825309,-0.005624437,-0.002739548
2026-02-12 02:03:50,0.001620001,-0.006323277,0.009834390
2026-02-12 02:04:00,-0.009561246,0.025511416,0.014010700
2026-02-12 02:04:10,0.007205784,-0.022528368,0.005904928
2026-02-12 02:04:20,-0.007042749,-0.022084946,-0.026615568
2026-02-12 02:04:30,0.003878744,0.001919711,0.003166304
2026-02-12 02:04:40,0.019648152,-0.007105895,-0.020683350
2026-02-12 02:04:50,-0.000711598,0.012038437,-0.005217385
2026-02-12 02:05:00,-0.008818168,-0.013284090,0.013076805
2026-02-12 02:05:10,-0.003653930,0.003783611,-0.008503969
2026-02-12 02:05:20,0.010003991,0.001673773,0.002921730
2026-02-12 02:05:30,-0.000306456,-0.017323338,0.003439798
2026-02-12 02:05:40,0.017716511,0.022526188,-0.008111442
2026-02-12 02:05:50,0.014100578,0.000703820,0.023121066
2026-02-12 02:06:00,-0.021408595,-0.027580493,-0.001997643
2026-02-12 02:06:10,-0.013836365,-0.017030726,-0.007053204
2026-02-12 02:06:20,0.000565085,0.004123367,-0.008699839
2026-02-12 02:06:30,0.011077863,0.016440711,-0.008926808
2026-02-12 02:06:40,-0.007785165,0.009263744,0.007991766
2026-02-12 02:06:50,-0.029581605,-0.012858991,-0.001366923
2026-02-12 02:07:00,0.003464244,0.010743153,0.000379732
2026-02-12 02:07:10,0.012740686,0.005668870,0.007016549
2026-02-12 02:07:20,-0.001681705,0.012491978,-0.016563827
2026-02-12 02:07:30,-0.009405275,0.007705587,0.013209154
2026-02-12 02:07:40,-0.005549838,0.007777233,0.005342291
2026-02-12 02:07:50,-0.013238588,0.000725266,-0.000193347
2026-02-12 02:08:00,0.019468231,0.012135817,0.002291497
2026-02-12 02:08:10,0.009817410,-0.001338152,-0.004234335
2026-02-12 02:08:20,0.000919458,0.004931726,0.020441175
2026-02-12 02:08:30,0.010232382,0.003599871,0.000055163
2026-02-12 02:08:40,0.014755909,0.009856245,0.010981719
2026-02-12 02:08:50,-0.005097332,0.011237659,-0.003641837
2026-02-12 02:09:00,0.011509996,-0.006920222,0.012376250
2026-02-12 02:09:10,-0.011867814,-0.000707000,-0.002956958
2026-02-12 02:09:20,-0.013232543,-0.008575592,-0.002495425
2026-02-12 02:09:30,0.006449013,0.010050531,-0.004844333
2026-02-12 02:09:40,0.006540944,0.008951622,0.013826763
2026-02-12 02:09:50,0.008438669,0.007586779,-0.006494205
2026-02-12 02:10:00,0.002350209,-0.015376334,-0.011167626
2026-02-12 02:10:10,0.008142765,0.001367214,-0.001732322
2026-02-12 02:10:20,-0.006103260,0.025383686,-0.009417782
2026-02-12 02:10:30,-0.003077920,0.005845907,-0.022931107
2026-02-12 02:10:40,0.013276820,0.011385555,-0.019878039
2026-02-12 02:10:50,0.018027543,0.009176640,-0.010299122
2026-02-12 02:11:00,-0.001085209,-0.006416178,-0.004292982
2026-02-12 02:11:10,0.000060807,0.008372465,0.005260672
2026-02-12 02:11:20,0.004468482,-0.000619007,0.002998311
2026-02-12 02:11:30,-0.006594892,0.009220176,0.017796372
2026-02-12 02:11:40,0.004506394,-0.017901129,0.010828055
2026-02-12 02:11:50,0.003356159,0.006744259,0.014757961
2026-02-12 02:12:00,-0.016133912,0.026168198,-0.001658017
2026-02-12 02:12:10,-0.002068800,0.020702654,-0.010786000
2026-02-12 02:12:20,0.018671385,-0.009535643,0.017559653
2026-02-12 02:12:30,-0.001039347,-0.012994679,0.002912519
2026-02-12 02:12:40,-0.007687890,0.002138556,0.002667505
2026-02-12 02:12:50,-0.013518028,-0.005155805,-0.004089409
2026-02-12 02:13:00,0.013321331,-0.010278267,-0.012274660
2026-02-12 02:13:10,0.005659994,-0.012603410,-0.005397899
2026-02-12 02:13:20,0.003488880,0.000855984,-0.006362050
2026-02-12 02:13:30,-0.008316336,-0.012918645,-0.011047614
2026-02-12 02:13:40,-0.022079224,0.003745805,0.004982752
2026-02-12 02:13:50,-0.010280819,-0.006164660,-0.014049842
2026-02-12 02:14:00,-0.006556119,-0.003451394,0.007893076
2026-02-12 02:14:10,0.001997440,0.008132780,-0.001373805
2026-02-12 02:14:20,0.016369640,-0.001958104,0.007022949
2026-02-12 02:14:30,-0.002120547,0.017671704,0.002848387
2026-02-12 02:14:40,-0.012496200,-0.019550717,0.005198328
2026-02-12 02:14:50,0.011923356,0.007271935,-0.021360124
2026-02-12 02:15:00,0.002839354,0.010214334,-0.009195498
2026-02-12 02:15:10,-0.007457068,-0.011022539,-0.007364857
2026-02-12 02:15:20,-0.005400998,0.001199247,-0.017812803
2026-02-12 02:15:30,0.010129265,-0.005294775,0.008904258
2026-02-12 02:15:40,0.002832500,-0.010479846,0.000142310
2026-02-12 02:15:50,0.005634454,0.008289214,0.006376888
2026-02-12 02:16:00,0.007378501,-0.002452701,0.001975316
2026-02-12 02:16:10,-0.008743601,-0.007416692,-0.012923968
2026-02-12 02:16:20,0.016303828,-0.003330790,0.003132574
2026-02-12 02:16:30,0.000838770,-0.001369834,0.002695330
2026-02-12 02:16:40,-0.005683247,0.009493242,0.011935452
2026-02-12 02:16:50,-0.000586278,0.024277450,-0.010214424
2026-02-12 02:17:00,0.000946261,0.008100479,-0.021719576
2026-02-12 02:17:10,0.008064145,0.008546393,0.016085385
2026-02-12 02:17:20,0.004374234,0.006693303,-0.005682724
2026-02-12 02:17:30,-0.006415144,-0.003905677,-0.018833315
2026-02-12 02:17:40,-0.006683426,-0.005762448,0.000860064
2026-02-12 02:17:50,0.010178109,-0.008901826,0.006285249
2026-02-12 02:18:00,0.006418446,0.004369476,0.003276849
2026-02-12 02:18:10,-0.018615448,0.018952298,0.000150503
2026-02-12 02:18:20,0.008479357,-0.007389681,-0.013783790
2026-02-12 02:18:30,0.002757180,0.008780554,0.004810934
2026-02-12 02:18:40,-0.005453195,-0.006896147,-0.006393564
2026-02-12 02:18:50,-0.007818971,-0.004937026,-0.010780112
2026-02-12 02:19:00,-0.001362220,0.009913639,-0.008489866
2026-02-12 02:19:10,-0.014450999,0.001231484,-0.002419411
2026-02-12 02:19:20,0.016360158,0.006368077,-0.000479965
2026-02-12 02:19:30,-0.002895008,-0.011083173,0.008163049
2026-02-12 02:19:40,-0.013480666,0.007791121,0.022765352
2026-02-12 02:19:50,-0.013606072,0.012830456,0.003880177
2026-02-12 02:20:00,-0.004871122,-0.010062659,-0.008863318
2026-02-12 02:20:10,-0.006919343,0.013650143,-0.012961607
2026-02-12 02:20:20,0.001870977,-0.000189859,-0.006548655
2026-02-12 02:20:30,-0.011307703,-0.005274337,0.001872408
2026-02-12 02:20:40,0.009303314,0.016578989,-0.005797974
2026-02-12 02:20:50,-0.017498232,0.002663953,0.002955931
2026-02-12 02:21:00,-0.017687411,0.002143923,-0.011656341
2026-02-12 02:21:10,-0.021978948,0.016647930,0.010203213
2026-02-12 02:21:20,0.003485642,-0.003044678,0.003432619
2026-02-12 02:21:30,-0.002464490,0.005064746,-0.005998267
2026-02-12 02:21:40,-0.002866504,0.001238523,0.007674707
2026-02-12 02:21:50,0.000098033,0.000664522,0.011327706
2026-02-12 02:22:00,-0.001679275,0.004447552,-0.001652163
2026-02-12 02:22:10,0.015603293,0.005291164,0.025839308
2026-02-12 02:22:20,0.001054142,0.012481331,-0.012830204
2026-02-12 02:22:30,-0.025144086,0.004686730,-0.004217619
2026-02-12 02:22:40,0.003681517,0.000523305,0.000052946
2026-02-12 02:22:50,-0.008343825,-0.005057581,-0.005975256
2026-02-12 02:23:00,0.002513855,0.000220371,0.008119498
2026-02-12 02:23:10,0.015014574,0.007950197,0.010117657
2026-02-12 02:23:20,0.002402371,-0.013627638,-0.002863312
2026-02-12 02:23:30,-0.003497295,0.005302273,-0.005337020
2026-02-12 02:23:40,-0.004122462,0.004588840,0.003067011
2026-02-12 02:23:50,-0.003313861,0.011516989,0.005212713
2026-02-12 02:24:00,0.008510026,-0.005310775,-0.003428025
2026-02-12 02:24:10,0.008240838,-0.001882349,-0.009616593
2026-02-12 02:24:20,-0.005881634,-0.035482361,0.000604635
2026-02-12 02:24:30,0.012063290,0.015507111,0.004072340
2026-02-12 02:24:40,-0.005073810,-0.027119728,-0.000000512
2026-02-12 02:24:50,0.007084361,0.005785463,-0.012371071
2026-02-12 02:25:00,0.028241053,0.017568319,0.002861482
2026-02-12 02:25:10,0.007006975,0.006928248,-0.007000772
2026-02-12 02:25:20,0.005281240,0.021462248,0.008708628
2026-02-12 02:25:30,-0.022170308,0.004416112,0.002157947
2026-02-12 02:25:40,0.005126768,-0.018316064,-0.004616697
2026-02-12 02:25:50,-0.005141166,-0.014778773,-0.022753706
2026-02-12 02:26:00,0.006686264,-0.000497010,0.007646694
2026-02-12 02:26:10,0.015759696,-0.003879595,0.004330815
2026-02-12 02:26:20,-0.000750657,0.009767508,-0.007050132
2026-02-12 02:26:30,-0.007427245,-0.001508673,0.000900224
2026-02-12 02:26:40,0.006424273,-0.007150412,0.005566726
2026-02-12 02:26:50,-0.021472807,0.017034437,-0.003031761
2026-02-12 02:27:00,-0.007020568,-0.008583743,-0.003441856
2026-02-12 02:27:10,-0.004667904,-0.007725072,0.001895511
2026-02-12 02:27:20,-0.000575891,-0.005729183,-0.003205951
2026-02-12 02:27:30,-0.009516065,-0.002346305,-0.013954286
2026-02-12 02:27:40,0.002547549,-0.000578341,0.005155326
2026-02-12 02:27:50,0.012540092,-0.001679762,0.006882382
2026-02-12 02:28:00,-0.004608991,-0.011503713,0.010797276
2026-02-12 02:28:10,0.008034014,0.001861070,-0.012985138
2026-02-12 02:28:20,0.000259834,0.006113151,0.016066327
2026-02-12 02:28:30,-0.000040188,-0.007202248,-0.003516894
2026-02-12 02:28:40,-0.015578449,0.015500690,-0.008337020
2026-02-12 02:28:50,0.000388711,0.001277316,0.018881527
2026-02-12 02:29:00,0.000347338,0.013689900,-0.003303154
2026-02-12 02:29:10,0.000087508,-0.030454031,-0.001955099
2026-02-12 02:29:20,-0.001944151,-0.005283844,0.012536236
2026-02-12 02:29:30,0.007962382,-0.010434503,0.011980728
2026-02-12 02:29:40,-0.004516708,-0.014158646,-0.002331375
2026-02-12 02:29:50,0.007999054,-0.018718466,0.001054301
2026-02-12 02:30:00,-0.000079758,-0.001239581,0.018610914
2026-02-12 02:30:10,0.004614007,0.004064300,0.007044648
2026-02-12 02:30:20,-0.020801742,0.005732580,0.017120182
2026-02-12 02:30:30,-0.015247587,0.013988570,-0.009411985
2026-02-12 02:30:40,-0.003233763,-0.016207463,-0.006055133
2026-02-12 02:30:50,-0.009560133,-0.001693024,-0.005073030
2026-02-12 02:31:00,-0.010999796,0.002598918,-0.005237732
2026-02-12 02:31:10,-0.003708157,0.011211984,-0.019682260
2026-02-12 02:31:20,-0.023340305,-0.006752791,-0.006700993
2026-02-12 02:31:30,-0.000989274,0.006189488,0.004517920
2026-02-12 02:31:40,0.002914560,-0.003461124,-0.011462974
2026-02-12 02:31:50,-0.002667899,-0.006080969,0.011169689
2026-02-12 02:32:00,-0.016249769,0.011311681,0.008285183
2026-02-12 02:32:10,-0.014841003,-0.000278585,-0.008980084
2026-02-12 02:32:20,-0.019171479,-0.000257785,0.005734976
2026-02-12 02:32:30,0.003130720,-0.004807516,0.003236427
2026-02-12 02:32:40,-0.007660251,0.007621511,-0.004628545
2026-02-12 02:32:50,0.007228569,-0.002968350,0.001232167
2026-02-12 02:33:00,0.012625995,0.004710715,-0.002462442
2026-02-12 02:33:10,0.001702140,0.032077433,-0.002625515
2026-02-12 02:33:20,-0.021896382,0.010872403,-0.001917890
2026-02-12 02:33:30,-0.013267459,-0.002675485,0.007796391
2026-02-12 02:33:40,-0.004495361,0.001844488,0.012074670
2026-02-12 02:33:50,-0.003502652,-0.009696386,0.008909741
2026-02-12 02:34:00,-0.007887168,0.010806331,0.011539298
2026-02-12 02:34:10,0.019238473,-0.001690053,-0.013534652
2026-02-12 02:34:20,-0.000366081,0.002692112,0.004622513
2026-02-12 02:34:30,0.002856432,-0.001198228,-0.008133577
2026-02-12 02:34:40,-0.015248820,-0.009672786,-0.001250123
2026-02-12 02:34:50,0.008581943,0.009154218,-0.001604649
2026-02-12 02:35:00,-0.003547156,-0.005115581,-0.005432020
2026-02-12 02:35:10,-0.001774835,-0.008561551,-0.005499676
2026-02-12 02:35:20,0.014769651,-0.001395128,0.013522973
2026-02-12 02:35:30,-0.000951178,-0.008933853,0.004511532
2026-02-12 02:35:40,-0.014946603,-0.007725322,-0.024362671
2026-02-12 02:35:50,0.009547096,0.007840627,-0.001248393
2026-02-12 02:36:00,0.004755668,0.010213639,-0.010742785
2026-02-12 02:36:10,-0.025463993,-0.008446301,0.022093951
2026-02-12 02:36:20,-0.008195126,-0.006319593,-0.011931224
2026-02-12 02:36:30,-0.011244068,-0.000422274,0.016999163
2026-02-12 02:36:40,0.001677526,0.026268628,-0.008740511
2026-02-12 02:36:50,0.000572032,0.003169506,0.003510137
2026-02-12 02:37:00,-0.006884950,0.002735097,-0.016924328
2026-02-12 02:37:10,-0.009974593,0.009182864,0.016736264
2026-02-12 02:37:20,0.001805443,-0.017434203,0.001094120
2026-02-12 02:37:30,-0.016290725,-0.008571186,0.008043197
2026-02-12 02:37:40,-0.000619998,0.010630871,0.007383787
2026-02-12 02:37:50,0.005838377,0.027512815,-0.014125616
2026-02-12 02:38:00,-0.003001839,-0.011376753,-0.000345713
2026-02-12 02:38:10,-0.007330249,0.006782929,0.005708922
2026-02-12 02:38:20,0.000762601,-0.009047485,0.010766216
2026-02-12 02:38:30,0.007901179,-0.021355592,-0.000107609
2026-02-12 02:38:40,0.000304653,0.006175036,-0.011456988
2026-02-12 02:38:50,0.008989620,-0.005118892,0.004186652
2026-02-12 02:39:00,-0.004599879,0.018409472,-0.005115974
2026-02-12 02:39:10,-0.010950925,0.009618766,-0.016570252
2026-02-12 02:39:20,0.005032138,0.004877855,0.003323903
2026-02-12 02:39:30,0.011673606,-0.017122396,-0.009888302
2026-02-12 02:39:40,0.011798435,0.006289795,-0.006515819
2026-02-12 02:39:50,-0.003601420,0.006732872,0.006215712
2026-02-12 02:40:00,0.019746471,-0.005399588,0.007684132
2026-02-12 02:40:10,-0.009230366,0.006896205,0.000863863
2026-02-12 02:40:20,-0.000456410,-0.001809660,0.002361537
2026-02-12 02:40:30,0.001788604,-0.005586673,-0.020130167
2026-02-12 02:40:40,0.006669261,-0.000727392,0.003774649
2026-02-12 02:40:50,0.017201933,-0.002499585,-0.027469804
2026-02-12 02:41:00,-0.014052268,0.001747142,-0.003268346
2026-02-12 02:41:10,-0.009927424,-0.016541035,-0.000895916
2026-02-12 02:41:20,0.012667546,0.008865818,0.014643608
2026-02-12 02:41:30,-0.004709659,0.019071317,0.010677810
2026-02-12 02:41:40,-0.005728246,0.011274111,-0.003569472
2026-02-12 02:41:50,-0.023456943,0.001393808,0.007349256
2026-02-12 02:42:00,0.002401293,0.011485026,-0.014924344
2026-02-12 02:42:10,-0.004953355,-0.010070577,0.014062005
2026-02-12 02:42:20,-0.021831310,-0.001478235,0.019738295
2026-02-12 02:42:30,0.016506369,0.003856227,0.006325250
2026-02-12 02:42:40,0.006023013,0.003319044,-0.002816204
2026-02-12 02:42:50,0.000076607,0.015195725,0.012811377
2026-02-12 02:43:00,-0.007116504,0.008575042,-0.007484008
2026-02-12 02:43:10,0.002435205,0.005664098,0.003151834
2026-02-12 02:43:20,0.003256971,0.022451441,-0.015155333
2026-02-12 02:43:30,0.002845682,-0.022790794,0.014696702
2026-02-12 02:43:40,-0.003592367,0.002529293,-0.003939565
2026-02-12 02:43:50,0.012587648,0.007336238,-0.018779130
2026-02-12 02:44:00,0.003747086,0.002522000,-0.000988779
2026-02-12 02:44:10,0.012410098,-0.003778922,-0.013240173
2026-02-12 02:44:20,-0.004192137,-0.004339719,0.003449655
2026-02-12 02:44:30,0.009872708,0.004775742,-0.017421891
2026-02-12 02:44:40,-0.014443409,-0.005740292,-0.011690403
2026-02-12 02:44:50,-0.001160751,0.006512086,-0.011201802
2026-02-12 02:45:00,-0.006308784,0.001566040,0.008939963
2026-02-12 02:45:10,-0.008091732,0.006166239,0.004284515
2026-02-12 02:45:20,0.003375639,0.000755988,-0.009650490
2026-02-12 02:45:30,0.003586223,0.005502501,0.003809521
2026-02-12 02:45:40,0.009501429,-0.020083859,-0.022921079
2026-02-12 02:45:50,0.006748200,-0.002918780,0.007104411
2026-02-12 02:46:00,-0.017491213,0.005966355,-0.003797473
2026-02-12 02:46:10,-0.011194799,0.002798148,0.003229842
2026-02-12 02:46:20,0.004612373,0.016673048,-0.008919884
2026-02-12 02:46:30,0.003891655,0.020904969,-0.015446268
2026-02-12 02:46:40,-0.025726541,0.016640773,-0.001939287
2026-02-12 02:46:50,-0.015859212,-0.003415088,0.007449482
2026-02-12 02:47:00,-0.000658392,-0.004308845,0.013710097
2026-02-12 02:47:10,-0.016455248,0.000388494,0.006388062
2026-02-12 02:47:20,-0.008562013,-0.001164187,-0.003749977
2026-02-12 02:47:30,-0.002094778,0.005050728,0.002290761
2026-02-12 02:47:40,0.007424101,-0.001586114,0.000910947
2026-02-12 02:47:50,0.002002963,-0.002388166,-0.005069478
2026-02-12 02:48:00,0.001914551,-0.001174042,0.005626587
2026-02-12 02:48:10,-0.001599779,0.014003389,0.012466081
2026-02-12 02:48:20,0.011464703,0.005770525,0.006468027
2026-02-12 02:48:30,-0.000518531,-0.000848278,0.003899039
2026-02-12 02:48:40,-0.015181159,0.005565949,0.012038809
2026-02-12 02:48:50,0.009559452,0.004521262,-0.000905419
2026-02-12 02:49:00,-0.008725325,-0.013084733,-0.011077956
2026-02-12 02:49:10,0.001309113,0.001680534,0.005109779
2026-02-12 02:49:20,-0.003478994,0.010205493,0.013697161
2026-02-12 02:49:30,0.014846653,-0.005267176,-0.000988307
2026-02-12 02:49:40,0.010350355,-0.006967757,0.013106150
2026-02-12 02:49:50,-0.016800990,0.001474411,-0.011227044
2026-02-12 02:50:00,0.003955722,-0.017920831,0.007446590
2026-02-12 02:50:10,-0.014952988,-0.004942106,0.005242117
2026-02-12 02:50:20,0.015789111,0.007974638,-0.006201394
2026-02-12 02:50:30,-0.006376581,-0.008958250,0.012423547
2026-02-12 02:50:40,-0.007499267,-0.005624981,-0.018291091
2026-02-12 02:50:50,-0.012486865,-0.019953867,0.015793749
2026-02-12 02:51:00,-0.013784947,0.004360784,-0.005661645
2026-02-12 02:51:10,0.002399194,-0.013623186,0.005510274
2026-02-12 02:51:20,0.005370400,-0.004199240,-0.003757764
2026-02-12 02:51:30,-0.017911571,0.008014790,-0.005911754
2026-02-12 02:51:40,0.005353563,0.005529929,0.016040999
2026-02-12 02:51:50,-0.006830765,-0.005432512,0.010792367
2026-02-12 02:52:00,-0.000504401,-0.003050513,0.003264134
2026-02-12 02:52:10,0.000113573,-0.002056532,-0.003145846
2026-02-12 02:52:20,-0.004645637,-0.014700390,0.001907761
2026-02-12 02:52:30,0.011820606,-0.006085266,0.012314658
2026-02-12 02:52:40,-0.011774523,-0.000610597,-0.005241355
2026-02-12 02:52:50,0.010478684,0.009028408,-0.005166027
2026-02-12 02:53:00,0.010902131,-0.000306960,0.002496082
2026-02-12 02:53:10,0.000455834,0.001499826,0.003209681
2026-02-12 02:53:20,-0.002343141,-0.004177603,0.016962701
2026-02-12 02:53:30,0.008563050,0.009038224,-0.008876756
2026-02-12 02:53:40,-0.000601729,-0.005887275,0.007233852
2026-02-12 02:53:50,0.018322588,0.009514260,-0.005301419
2026-02-12 02:54:00,0.004444905,0.015784363,0.015758511
2026-02-12 02:54:10,0.018240593,-0.001933781,-0.002923307
2026-02-12 02:54:20,-0.005190407,-0.008109471,0.022912327
2026-02-12 02:54:30,0.022510327,0.006538843,0.003904297
2026-02-12 02:54:40,0.002195210,0.008926714,0.017096324
2026-02-12 02:54:50,-0.012523647,-0.000331788,0.015796169
2026-02-12 02:55:00,-0.003312061,-0.000963746,-0.007459224
2026-02-12 02:55:10,0.002784261,-0.012397571,0.001767881
2026-02-12 02:55:20,-0.000372926,0.022641855,-0.004901915
2026-02-12 02:55:30,-0.013459687,0.006502797,0.012707533
2026-02-12 02:55:40,-0.000588019,0.001872065,0.006213923
2026-02-12 02:55:50,0.006424326,-0.006075688,0.000112103
2026-02-12 02:56:00,-0.013822516,-0.009975400,-0.000563709
2026-02-12 02:56:10,0.009408998,0.000099114,-0.005925204
2026-02-12 02:56:20,-0.007583967,0.007004313,0.002638652
2026-02-12 02:56:30,0.003673748,-0.000370598,-0.002746667
2026-02-12 02:56:40,-0.020973149,0.023936138,-0.000120446
2026-02-12 02:56:50,-0.015201465,0.007286966,-0.013807007
2026-02-12 02:57:00,-0.019179100,0.005154255,0.016469334
2026-02-12 02:57:10,0.003680978,0.004789982,0.005665083
2026-02-12 02:57:20,-0.000705087,0.011552474,-0.006007863
2026-02-12 02:57:30,-0.003870371,0.003582186,-0.007131237
2026-02-12 02:57:40,0.013154930,-0.011112176,0.009901741
2026-02-12 02:57:50,-0.020466992,0.010900567,-0.017303264
2026-02-12 02:58:00,0.006530170,0.016031202,-0.013935688
2026-02-12 02:58:10,0.005053480,0.001221600,-0.004196454
2026-02-12 02:58:20,-0.000464583,-0.029721685,-0.001625046
2026-02-12 02:58:30,0.013382918,0.002017833,-0.007315870
2026-02-12 02:58:40,0.004640252,0.009677258,-0.020736590
2026-02-12 02:58:50,-0.004622364,0.006654273,-0.008969556
2026-02-12 02:59:00,-0.009448340,0.014024419,-0.021792718
2026-02-12 02:59:10,0.000264948,0.000281256,0.008194016
2026-02-12 02:59:20,-0.014857127,0.000895233,-0.003238698
2026-02-12 02:59:30,-0.009814331,0.021694954,-0.001267669
2026-02-12 02:59:40,-0.000072093,0.011261006,-0.006978425
2026-02-12 02:59:50,0.011890977,0.005989052,0.020319430
2026-02-12 03:00:00,-0.007493860,0.007132303,0.005598561
2026-02-12 03:00:10,-0.009900116,0.004625974,-0.002916783
2026-02-12 03:00:20,0.014413127,-0.003488160,-0.004884965
2026-02-12 03:00:30,0.002942279,-0.017800252,-0.009413514
2026-02-12 03:00:40,0.006814557,-0.007630118,0.004440578
2026-02-12 03:00:50,0.000353842,0.006635979,-0.001494145
2026-02-12 03:01:00,-0.008934214,0.008441756,0.000755759
2026-02-12 03:01:10,0.000456643,0.013155909,-0.005135971
2026-02-12 03:01:20,0.003897043,0.027971121,-0.014352265
2026-02-12 03:01:30,0.011216697,-0.004083645,-0.007098129
2026-02-12 03:01:40,-0.001363594,-0.015120207,0.010405033
2026-02-12 03:01:50,0.005911624,0.008408208,0.015741975
2026-02-12 03:02:00,0.006295073,-0.005977289,-0.008380141
2026-02-12 03:02:10,-0.015390245,-0.002881433,0.002655682
2026-02-12 03:02:20,0.007723052,-0.000484714,0.001447904
2026-02-12 03:02:30,0.003511129,-0.001551836,-0.006673284
2026-02-12 03:02:40,0.005945418,0.021879082,0.004478946
2026-02-12 03:02:50,0.013150923,-0.003758417,0.015889893
2026-02-12 03:03:00,0.001255571,0.008367241,0.008520253
2026-02-12 03:03:10,-0.016622428,-0.007396464,0.010448779
2026-02-12 03:03:20,0.004899108,0.000399481,-0.000769734
2026-02-12 03:03:30,0.000731453,-0.003383227,0.007480310
2026-02-12 03:03:40,-0.009838362,-0.009229225,-0.000152473
2026-02-12 03:03:50,0.001057132,0.004905347,-0.002400778
2026-02-12 03:04:00,-0.013631782,0.004960763,0.000762791
2026-02-12 03:04:10,0.014816465,-0.002279590,-0.015222471
2026-02-12 03:04:20,0.013308228,-0.003953600,0.002955046
2026-02-12 03:04:30,-0.009895428,0.003642599,0.001400300
2026-02-12 03:04:40,0.000070622,0.001641185,0.002294168
2026-02-12 03:04:50,-0.016657032,0.004443983,-0.014528972
2026-02-12 03:05:00,-0.014498096,0.002768220,0.002059529
2026-02-12 03:05:10,0.015030171,0.007756241,0.003660651
2026-02-12 03:05:20,-0.003066568,-0.009060945,0.008331710
2026-02-12 03:05:30,0.007913198,0.000153381,-0.005587065
2026-02-12 03:05:40,-0.008902030,0.004462694,-0.003385067
2026-02-12 03:05:50,-0.006483695,-0.016233775,-0.007705791
2026-02-12 03:06:00,-0.009454767,-0.026355515,-0.011274196
2026-02-12 03:06:10,-0.013998668,0.019250738,-0.011941795
2026-02-12 03:06:20,0.004068467,0.019319433,-0.005958004
2026-02-12 03:06:30,0.006631689,0.005064355,0.012787269
2026-02-12 03:06:40,-0.002355753,0.010176730,-0.001467070
2026-02-12 03:06:50,0.018245511,0.006953098,-0.007915163
2026-02-12 03:07:00,-0.022820725,-0.009474188,-0.013389430
2026-02-12 03:07:10,-0.003032759,-0.004162415,0.024453304
2026-02-12 03:07:20,-0.004608838,-0.004200591,0.010922502
2026-02-12 03:07:30,-0.015295987,0.000307230,0.000496723
2026-02-12 03:07:40,-0.000113134,-0.020125659,-0.004221765
2026-02-12 03:07:50,0.014160476,-0.002405119,0.023444879
2026-02-12 03:08:00,-0.012701685,0.005028734,-0.012482944
2026-02-12 03:08:10,0.002631390,-0.003351861,0.001158301
2026-02-12 03:08:20,0.000636631,0.013535001,0.010602634
2026-02-12 03:08:30,0.001386455,-0.012875212,0.009418079
2026-02-12 03:08:40,-0.012389348,0.005538819,0.001816153
2026-02-12 03:08:50,0.015852675,-0.001251819,0.001906442
2026-02-12 03:09:00,-0.011298011,-0.002447627,-0.000400170
2026-02-12 03:09:10,0.009879412,0.000634333,-0.006968812
2026-02-12 03:09:20,-0.013269806,0.005848564,-0.007907385
2026-02-12 03:09:30,0.011065050,0.007392352,-0.000209465
2026-02-12 03:09:40,-0.000505339,-0.011741936,-0.016112271
2026-02-12 03:09:50,0.002752553,-0.007629978,0.002826599
2026-02-12 03:10:00,-0.001688558,-0.002270763,0.008015074
2026-02-12 03:10:10,0.009947168,0.005878027,-0.007532737
2026-02-12 03:10:20,-0.007386883,-0.002628673,-0.007314263
2026-02-12 03:10:30,0.014923918,-0.007576259,0.005378260
2026-02-12 03:10:40,0.002906061,0.007940642,-0.004597566
2026-02-12 03:10:50,0.006732562,-0.003379310,-0.001145470
2026-02-12 03:11:00,-0.001158710,-0.002093662,-0.003770829
2026-02-12 03:11:10,-0.005150007,-0.000608211,-0.004109713
2026-02-12 03:11:20,0.012693058,0.019987585,-0.003689423
2026-02-12 03:11:30,0.001435401,0.000915459,-0.000888320
2026-02-12 03:11:40,-0.002396565,-0.000807457,0.007002582
2026-02-12 03:11:50,-0.002374136,-0.004585777,-0.006883750
2026-02-12 03:12:00,-0.005018188,-0.014405533,-0.016811568
2026-02-12 03:12:10,-0.013520632,0.006712649,0.012944558
2026-02-12 03:12:20,-0.009464144,-0.006917717,-0.001405398
2026-02-12 03:12:30,0.005177961,0.005648712,0.002744290
2026-02-12 03:12:40,-0.021081086,-0.001051917,-0.003397980
2026-02-12 03:12:50,-0.006722752,0.006813382,0.009198015
2026-02-12 03:13:00,0.005544993,0.008733671,-0.002640489
2026-02-12 03:13:10,0.013995547,0.012913491,0.002484268
2026-02-12 03:13:20,0.014487151,-0.000121983,0.005549745
2026-02-12 03:13:30,-0.006422141,0.017003125,-0.016508248
2026-02-12 03:13:40,0.009166378,-0.023703264,-0.014153467
2026-02-12 03:13:50,-0.019504838,0.000747605,0.002312154
2026-02-12 03:14:00,0.005418514,0.006199998,0.000522885
2026-02-12 03:14:10,0.001553716,0.024599736,0.019442770
2026-02-12 03:14:20,0.001117085,0.000501402,-0.010562994
2026-02-12 03:14:30,-0.001531917,0.004012797,-0.002174865
2026-02-12 03:14:40,0.013146811,-0.001570745,0.004947924
2026-02-12 03:14:50,-0.016643147,0.011710362,-0.007998566
2026-02-12 03:15:00,-0.004642490,-0.000628824,-0.004922834
2026-02-12 03:15:10,-0.021631270,-0.009401301,0.015013190
2026-02-12 03:15:20,0.001413548,-0.027845524,-0.000184477
2026-02-12 03:15:30,-0.011173281,0.026030674,0.003337917
2026-02-12 03:15:40,-0.008521264,-0.007704411,0.011947987
2026-02-12 03:15:50,0.014186666,0.001854235,0.018025633
2026-02-12 03:16:00,0.010097552,-0.002200959,0.020349404
2026-02-12 03:16:10,-0.016478120,0.005105516,0.000724514
2026-02-12 03:16:20,-0.002527651,-0.001175411,0.005854798
2026-02-12 03:16:30,-0.005082526,0.005077986,0.005129282
2026-02-12 03:16:40,-0.016024841,0.004611322,0.015621515
2026-02-12 03:16:50,0.013274837,-0.002009995,-0.010286396
2026-02-12 03:17:00,-0.024115700,0.007545947,0.008163963
2026-02-12 03:17:10,-0.004375533,-0.006017653,-0.008233740
2026-02-12 03:17:20,0.006747829,-0.004226498,0.020064710
2026-02-12 03:17:30,-0.012685363,0.022763511,0.011662132
2026-02-12 03:17:40,-0.029187778,-0.000240604,0.003287886
2026-02-12 03:17:50,-0.007222351,0.001419721,-0.003558455
2026-02-12 03:18:00,0.011165812,-0.003127794,-0.018198773
2026-02-12 03:18:10,-0.009564552,-0.007441595,0.005740826
2026-02-12 03:18:20,0.004117223,0.019280715,0.003609040
2026-02-12 03:18:30,0.003836016,-0.003391128,-0.005163057
2026-02-12 03:18:40,-0.005498876,0.006273059,-0.018340582
2026-02-12 03:18:50,0.005661955,0.005241720,0.013670061
2026-02-12 03:19:00,0.008968141,-0.015628649,0.002874832
2026-02-12 03:19:10,-0.015276620,-0.003265765,-0.004424450
2026-02-12 03:19:20,-0.012125064,-0.008788708,-0.003887669
2026-02-12 03:19:30,0.009630930,0.007779126,0.004791318
2026-02-12 03:19:40,0.010855002,-0.014391378,-0.001241319
2026-02-12 03:19:50,-0.000419151,-0.004047959,0.004267946
2026-02-12 03:20:00,-0.003228071,-0.001039076,0.005665293
2026-02-12 03:20:10,0.008122957,-0.003232804,0.023868998
2026-02-12 03:20:20,-0.005446455,-0.004099969,0.011067020
2026-02-12 03:20:30,0.005857846,0.005514910,-0.025329423
2026-02-12 03:20:40,-0.015112902,0.015686386,-0.008898429
2026-02-12 03:20:50,-0.011571743,-0.009836015,0.002826243
2026-02-12 03:21:00,0.002475970,-0.003986395,-0.004267148
2026-02-12 03:21:10,-0.014050016,0.008774354,0.006784156
2026-02-12 03:21:20,-0.001330817,0.003420501,-0.016736431
2026-02-12 03:21:30,0.000231741,0.003155384,0.009888988
2026-02-12 03:21:40,-0.028998946,-0.001015371,0.005570781
2026-02-12 03:21:50,0.008772874,-0.001594160,0.008149749
2026-02-12 03:22:00,-0.006940176,0.011917255,-0.002920661
2026-02-12 03:22:10,0.011108576,0.003631946,0.002345671
2026-02-12 03:22:20,-0.003225497,0.002600329,-0.001924884
2026-02-12 03:22:30,0.013355964,-0.005778645,-0.005455205
2026-02-12 03:22:40,0.007065236,-0.015305390,0.001440608
2026-02-12 03:22:50,0.000335224,0.000228052,-0.016800751
2026-02-12 03:23:00,0.002384736,0.001837770,-0.013197277
2026-02-12 03:23:10,0.001618919,0.001539819,-0.004714267
2026-02-12 03:23:20,0.008494762,0.000654092,0.006689711
2026-02-12 03:23:30,-0.009464272,0.001702879,-0.020042356
2026-02-12 03:23:40,0.018682962,0.015679285,-0.001476767
2026-02-12 03:23:50,0.004559931,-0.005259294,0.007428071
2026-02-12 03:24:00,0.000755443,0.010516611,0.004703271
2026-02-12 03:24:10,-0.016439186,-0.010966303,0.011676963
2026-02-12 03:24:20,0.013336173,-0.012387839,0.008853556
2026-02-12 03:24:30,-0.009045079,-0.010759489,0.005606015
2026-02-12 03:24:40,0.008558834,0.006006173,-0.013289990
2026-02-12 03:24:50,0.026526334,0.009517438,0.013515727
2026-02-12 03:25:00,0.002813556,0.015394614,-0.013362170
2026-02-12 03:25:10,-0.003886751,-0.009192982,-0.011380577
2026-02-12 03:25:20,0.003434953,0.002299784,0.003654919
2026-02-12 03:25:30,0.010118199,-0.004736989,0.005758691
2026-02-12 03:25:40,-0.001089483,-0.003923017,-0.004784827
2026-02-12 03:25:50,-0.002389383,-0.002357060,0.005377375
2026-02-12 03:26:00,-0.003213194,-0.007634082,-0.011308825
2026-02-12 03:26:10,-0.015477317,-0.002186824,-0.005172878
2026-02-12 03:26:20,-0.002867034,0.022176848,-0.007662023
2026-02-12 03:26:30,-0.010983477,0.005997255,-0.015834615
2026-02-12 03:26:40,-0.004169518,-0.010628623,0.018141241
2026-02-12 03:26:50,-0.005065970,0.001103362,0.006748793
2026-02-12 03:27:00,-0.001913525,0.003891108,0.015227123
2026-02-12 03:27:10,0.005475018,0.001269079,0.011070773
2026-02-12 03:27:20,0.011937972,-0.011214129,-0.003325838
2026-02-12 03:27:30,-0.027872622,0.014575589,-0.017999283
2026-02-12 03:27:40,-0.013470327,-0.015437263,0.000879442
2026-02-12 03:27:50,-0.015039276,-0.002985787,0.024663237
2026-02-12 03:28:00,0.006318260,0.004014904,-0.010743387
2026-02-12 03:28:10,0.004167096,0.003995388,-0.006474362
2026-02-12 03:28:20,-0.013762067,-0.004336889,-0.004561430
2026-02-12 03:28:30,0.011083439,-0.010809892,0.000023951
2026-02-12 03:28:40,-0.003322735,0.004709478,-0.020666873
2026-02-12 03:28:50,0.000170461,-0.016157484,0.006094559
2026-02-12 03:29:00,0.018497264,0.003380145,-0.017991778
2026-02-12 03:29:10,0.013393287,0.008996832,-0.013136684
2026-02-12 03:29:20,-0.001726187,0.000818962,0.020809560
2026-02-12 03:29:30,0.015489708,-0.003896522,0.018898400
2026-02-12 03:29:40,-0.003906211,0.007266958,0.022451639
2026-02-12 03:29:50,0.006337268,0.017631894,-0.019218585
2026-02-12 03:30:00,0.016347118,-0.008486482,0.016234060
2026-02-12 03:30:10,-0.012476273,-0.000647354,0.005375367
2026-02-12 03:30:20,0.011610857,0.006104458,-0.006492096
2026-02-12 03:30:30,-0.011760698,-0.016340169,-0.004169747
2026-02-12 03:30:40,-0.005946923,-0.001716683,-0.002175876
2026-02-12 03:30:50,-0.000366169,0.015332096,-0.012549860
2026-02-12 03:31:00,0.000776832,0.021696514,0.005118360
2026-02-12 03:31:10,0.003805487,-0.001237203,-0.005775944
2026-02-12 03:31:20,-0.013535706,0.009788618,0.015167873
2026-02-12 03:31:30,-0.012500312,-0.012340757,-0.000716233
2026-02-12 03:31:40,0.015017700,0.008489869,0.002177752
2026-02-12 03:31:50,0.003322711,-0.012354031,0.004559484
2026-02-12 03:32:00,0.015374687,-0.003049350,-0.008445773
2026-02-12 03:32:10,-0.002532420,0.000371638,0.001480372
2026-02-12 03:32:20,-0.000617725,-0.007310093,0.027596941
2026-02-12 03:32:30,-0.001254655,0.000355859,-0.000047611
2026-02-12 03:32:40,0.013487532,0.001089244,0.014549743
2026-02-12 03:32:50,-0.001040135,0.015306925,-0.002862130
2026-02-12 03:33:00,0.013068439,-0.007943013,0.014831597
2026-02-12 03:33:10,-0.003029186,0.011719891,0.008609670
2026-02-12 03:33:20,0.002099777,0.001525926,0.011053407
2026-02-12 03:33:30,0.009521863,0.008576367,-0.001130913
2026-02-12 03:33:40,0.000184505,-0.012830411,-0.010656026
2026-02-12 03:33:50,-0.010095527,0.010311917,-0.008443848
2026-02-12 03:34:00,-0.001303896,0.002533079,-0.006974668
2026-02-12 03:34:10,-0.000285276,0.019084647,0.000920234
2026-02-12 03:34:20,0.022703467,-0.008916684,-0.004854141
2026-02-12 03:34:30,0.004290090,0.001098448,0.021355648
2026-02-12 03:34:40,0.008580403,0.007444179,-0.010103855
2026-02-12 03:34:50,0.015109059,-0.005234701,0.012549033
2026-02-12 03:35:00,-0.006027897,-0.008821889,-0.006911806
2026-02-12 03:35:10,-0.004949253,-0.002459948,0.000118817
2026-02-12 03:35:20,0.002032232,-0.018417931,0.014277629
2026-02-12 03:35:30,0.002369203,0.013986909,0.011498036
2026-02-12 03:35:40,-0.006646405,-0.016150226,0.004924160
2026-02-12 03:35:50,-0.002419395,0.008499201,-0.006660502
2026-02-12 03:36:00,0.013760574,0.003345504,0.009596549
2026-02-12 03:36:10,-0.017296922,0.009758032,-0.003196551
2026-02-12 03:36:20,-0.002690990,0.007380295,0.018946768
2026-02-12 03:36:30,-0.002078501,-0.011082116,-0.008304317
2026-02-12 03:36:40,-0.000510005,0.004557356,0.011345818
2026-02-12 03:36:50,-0.027299597,-0.014845778,0.009000179
2026-02-12 03:37:00,-0.014107865,0.011445944,0.007821348
2026-02-12 03:37:10,0.001775069,-0.003951345,-0.005165351
2026-02-12 03:37:20,0.009141335,0.010731920,0.013581990
2026-02-12 03:37:30,-0.014671767,-0.003708051,0.016485171
2026-02-12 03:37:40,0.007947317,-0.002801753,-0.005064874
2026-02-12 03:37:50,0.001238382,0.011577538,-0.009829011
2026-02-12 03:38:00,0.002946121,0.013137520,0.001930694
2026-02-12 03:38:10,0.000442860,0.011570547,0.006716569
2026-02-12 03:38:20,0.013186003,-0.009860346,0.002926671
2026-02-12 03:38:30,0.003793250,-0.016122824,-0.001071711
2026-02-12 03:38:40,-0.000202277,0.000743637,0.004133366
2026-02-12 03:38:50,0.003483604,-0.013176912,0.021663319
2026-02-12 03:39:00,-0.002158042,0.005726325,0.012671477
2026-02-12 03:39:10,0.023174981,0.002992669,-0.000495993
2026-02-12 03:39:20,-0.026833473,-0.001704028,-0.009560031
2026-02-12 03:39:30,0.005633260,0.007733607,0.010224004
2026-02-12 03:39:40,-0.012279523,-0.004092698,0.021385431
2026-02-12 03:39:50,0.004849869,0.000580079,-0.000585882
2026-02-12 03:40:00,-0.000476756,0.002006956,-0.002294998
2026-02-12 03:40:10,-0.011616404,0.001263412,0.007754856
2026-02-12 03:40:20,0.032866969,0.010489911,0.004784537
2026-02-12 03:40:30,-0.006162185,-0.022030387,0.002615469
2026-02-12 03:40:40,0.008621539,-0.012399216,-0.013325063
2026-02-12 03:40:50,0.014807751,0.011268556,0.003357880
2026-02-12 03:41:00,-0.000184116,0.000729354,-0.012394128
2026-02-12 03:41:10,0.001843497,0.005182910,-0.001465714
2026-02-12 03:41:20,-0.011024023,0.009624448,0.002256140
2026-02-12 03:41:30,0.001622962,-0.003395619,-0.017160385
2026-02-12 03:41:40,-0.001114637,0.008147377,-0.002148198
2026-02-12 03:41:50,-0.016571798,0.000561722,0.020495280
2026-02-12 03:42:00,-0.009781134,0.011640707,0.013172018
2026-02-12 03:42:10,0.021969829,-0.003958054,0.004321163
2026-02-12 03:42:20,-0.020174277,0.011147525,-0.003457200
2026-02-12 03:42:30,0.005737394,-0.005015475,-0.007543688
2026-02-12 03:42:40,0.005434275,-0.007622007,0.001670464
2026-02-12 03:42:50,-0.007098777,0.011352652,0.003593908
2026-02-12 03:43:00,0.006978738,0.009699406,0.001602136
2026-02-12 03:43:10,-0.011368814,0.007937237,0.011160587
2026-02-12 03:43:20,0.006920113,0.019709297,0.027456615
2026-02-12 03:43:30,0.009153185,0.005701430,-0.010109207
2026-02-12 03:43:40,-0.010353938,-0.010502339,-0.002863900
2026-02-12 03:43:50,-0.001471920,-0.000027724,-0.001623471
2026-02-12 03:44:00,0.013940872,-0.013126324,0.004011567
2026-02-12 03:44:10,-0.026995004,-0.009177011,0.004020144
2026-02-12 03:44:20,0.015893194,-0.018120742,0.003185000
2026-02-12 03:44:30,-0.006644939,0.000090710,0.002527796
2026-02-12 03:44:40,-0.001141092,-0.018361239,0.001716700
2026-02-12 03:44:50,0.003183339,-0.010033076,0.009039459
2026-02-12 03:45:00,-0.004259840,-0.021701094,0.020255688
2026-02-12 03:45:10,-0.002679192,0.006417457,0.011624368
2026-02-12 03:45:20,0.003490244,-0.004079280,-0.004176726
2026-02-12 03:45:30,0.013416250,-0.007000261,0.014167060
2026-02-12 03:45:40,0.005328870,0.001942007,-0.003078511
2026-02-12 03:45:50,-0.002024163,0.003607770,-0.008183019
2026-02-12 03:46:00,-0.000361456,-0.012319172,0.000592115
2026-02-12 03:46:10,-0.016091103,-0.014021102,-0.006564709
2026-02-12 03:46:20,0.002211467,-0.013309257,-0.001860883
2026-02-12 03:46:30,-0.000248423,-0.001051600,0.004126239
2026-02-12 03:46:40,0.006466334,0.005519136,-0.007426495
2026-02-12 03:46:50,0.004197601,0.000012744,0.009869548
2026-02-12 03:47:00,0.015209641,-0.016266814,-0.003733442
2026-02-12 03:47:10,-0.010067696,0.009658910,0.038148798
2026-02-12 03:47:20,0.016696115,0.003639730,-0.017948817
2026-02-12 03:47:30,0.015313585,-0.017044269,-0.000298810
2026-02-12 03:47:40,-0.018204204,-0.001323376,-0.009987745
2026-02-12 03:47:50,0.001075620,-0.004626579,-0.000813148
2026-02-12 03:48:00,0.007122086,0.008356328,0.007183418
2026-02-12 03:48:10,-0.014327262,-0.000880955,0.001183674
2026-02-12 03:48:20,-0.009514169,0.017006734,-0.000481163
2026-02-12 03:48:30,-0.012260774,-0.017271835,0.013404238
2026-02-12 03:48:40,-0.002067798,-0.024694976,-0.012043926
2026-02-12 03:48:50,0.003885558,0.008297669,0.002758280
2026-02-12 03:49:00,0.001678074,0.005878684,0.003409725
2026-02-12 03:49:10,-0.007571350,0.006771847,0.009214374
2026-02-12 03:49:20,0.006666195,0.001505961,-0.006378615
2026-02-12 03:49:30,-0.012325717,0.000466667,-0.001818889
2026-02-12 03:49:40,0.006360137,0.006794350,0.002820688
2026-02-12 03:49:50,-0.015249343,0.015968710,0.016284441
2026-02-12 03:50:00,-0.006388693,0.014400582,-0.013672439
2026-02-12 03:50:10,0.003581175,-0.012975093,-0.014742648
2026-02-12 03:50:20,-0.008390566,-0.012949729,0.002069180
2026-02-12 03:50:30,-0.000280931,-0.024344451,0.002790480
2026-02-12 03:50:40,0.007994334,0.012068558,0.003926888
2026-02-12 03:50:50,0.003765171,0.002104104,0.009434526
2026-02-12 03:51:00,-0.011600022,-0.011599083,0.019736003
2026-02-12 03:51:10,0.003803731,0.007730396,0.027026734
2026-02-12 03:51:20,0.008557605,0.002208563,0.004818307
2026-02-12 03:51:30,0.005642208,0.013802907,0.000039917
2026-02-12 03:51:40,-0.004813943,0.014935397,-0.004798100
2026-02-12 03:51:50,-0.003735136,0.013509600,-0.012592077
2026-02-12 03:52:00,0.003419852,0.003331294,0.005945275
2026-02-12 03:52:10,0.006758606,-0.015941684,0.004391856
2026-02-12 03:52:20,-0.006518509,0.001280536,-0.003999307
2026-02-12 03:52:30,0.002811340,0.004250908,0.000943656
2026-02-12 03:52:40,0.011166995,0.013919602,0.009427389
2026-02-12 03:52:50,-0.005144482,0.003951207,-0.009993684
2026-02-12 03:53:00,0.009086285,-0.004933871,-0.004615924
2026-02-12 03:53:10,-0.014504335,0.004254688,-0.000205861
2026-02-12 03:53:20,-0.002668630,0.006891199,0.013187253
2026-02-12 03:53:30,-0.009881199,0.007636310,-0.002228417
2026-02-12 03:53:40,-0.009120809,-0.003445517,-0.011601608
2026-02-12 03:53:50,-0.013195372,0.004581380,-0.002895891
2026-02-12 03:54:00,0.012252652,0.013325568,0.009736695
2026-02-12 03:54:10,-0.007872546,0.000684894,0.014371604
2026-02-12 03:54:20,0.004509118,-0.013106929,0.001092973
2026-02-12 03:54:30,0.032464959,-0.021437990,0.001609995
2026-02-12 03:54:40,0.006201142,-0.001081010,-0.005267050
2026-02-12 03:54:50,0.004356842,-0.006208322,-0.018637863
2026-02-12 03:55:00,0.003749577,-0.007087384,0.013828523
2026-02-12 03:55:10,0.008669732,0.002482449,-0.005672853
2026-02-12 03:55:20,0.002208511,0.011628397,0.011196435
2026-02-12 03:55:30,0.001143532,-0.003662140,-0.018238738
2026-02-12 03:55:40,-0.000889165,-0.000404558,-0.005128959
2026-02-12 03:55:50,0.012348660,0.003214956,0.014410703
2026-02-12 03:56:00,0.006183291,0.011309953,0.006955629
2026-02-12 03:56:10,-0.004667356,0.010666342,-0.012688381
2026-02-12 03:56:20,-0.008922375,0.001830569,0.017885937
2026-02-12 03:56:30,-0.003478970,0.020748424,0.006855336
2026-02-12 03:56:40,0.006441580,-0.000038685,0.010527930
2026-02-12 03:56:50,-0.015369915,0.003437313,-0.002492685
2026-02-12 03:57:00,-0.000085030,0.021351025,-0.004708353
2026-02-12 03:57:10,0.009804902,0.012587145,0.009445650
2026-02-12 03:57:20,0.013473947,0.007888447,0.002551291
2026-02-12 03:57:30,-0.002623112,-0.013935304,0.009500455
2026-02-12 03:57:40,0.000635081,0.005849420,0.000817692
2026-02-12 03:57:50,-0.018487242,-0.003662368,0.006473023
2026-02-12 03:58:00,0.008657626,-0.011641850,-0.003394631
2026-02-12 03:58:10,-0.001465468,0.002455671,0.026594117
2026-02-12 03:58:20,0.007844387,0.009738345,0.000679122
2026-02-12 03:58:30,-0.006502882,-0.003464438,0.001230665
2026-02-12 03:58:40,0.008886890,-0.011181831,0.007691187
2026-02-12 03:58:50,0.007870434,0.003823153,0.010145490
2026-02-12 03:59:00,0.000279059,0.011666976,-0.002018864
2026-02-12 03:59:10,-0.003647685,-0.006716911,-0.010365103
2026-02-12 03:59:20,-0.024376923,0.000189059,-0.014450924
2026-02-12 03:59:30,-0.011422553,-0.000959996,-0.001643202
2026-02-12 03:59:40,-0.004716011,0.009245812,0.015737217
2026-02-12 03:59:50,0.005779321,0.014735047,0.001438201
2026-02-12 04:00:00,-0.000165382,0.000202971,0.000707764
2026-02-12 04:00:10,-0.012039338,0.000236935,0.013696909
2026-02-12 04:00:20,0.004001289,-0.014454879,0.000103120
2026-02-12 04:00:30,0.008127825,0.010997112,-0.002773517
2026-02-12 04:00:40,0.005677698,-0.014962307,0.023602618
2026-02-12 04:00:50,-0.013180122,0.004502961,0.007729847
2026-02-12 04:01:00,0.003993653,-0.002971798,0.004738755
2026-02-12 04:01:10,-0.004316483,-0.007343817,0.015389390
2026-02-12 04:01:20,-0.008464445,0.004528788,0.004759483
2026-02-12 04:01:30,-0.002572406,0.008477032,0.000080626
2026-02-12 04:01:40,-0.026937062,0.015465925,0.011109253
2026-02-12 04:01:50,-0.005452166,-0.009074999,0.015477321
2026-02-12 04:02:00,-0.005972217,-0.006611778,-0.007152855
2026-02-12 04:02:10,-0.024916110,-0.001399924,0.006140292
2026-02-12 04:02:20,0.001051447,0.017324323,0.017461655
2026-02-12 04:02:30,0.008911805,0.001063911,-0.008405084
2026-02-12 04:02:40,0.012064379,0.000596545,0.000667479
2026-02-12 04:02:50,-0.009418289,0.002095524,0.003466316
2026-02-12 04:03:00,-0.000503444,0.004062144,0.013336664
2026-02-12 04:03:10,0.020961531,-0.009666017,0.002550158
2026-02-12 04:03:20,-0.006189844,0.007355939,0.002420762
2026-02-12 04:03:30,0.011746801,0.013802058,-0.000434827
2026-02-12 04:03:40,-0.011721054,0.002042453,-0.006833222
2026-02-12 04:03:50,-0.008644251,0.007177744,-0.006460667
2026-02-12 04:04:00,0.003581480,-0.011002629,-0.008098541
2026-02-12 04:04:10,-0.000907146,0.004206749,0.023864799
2026-02-12 04:04:20,0.005826970,0.003252753,0.001775751
2026-02-12 04:04:30,-0.010002205,-0.012693699,-0.012444861
2026-02-12 04:04:40,-0.003784572,-0.015133022,0.004289417
2026-02-12 04:04:50,0.009835856,-0.000632972,0.007939863
2026-02-12 04:05:00,-0.006282449,-0.020640763,-0.007942400
2026-02-12 04:05:10,-0.009289723,0.006400086,0.007155258
2026-02-12 04:05:20,0.004710969,0.013913759,0.009063386
2026-02-12 04:05:30,-0.017705262,-0.007759806,0.008760038
2026-02-12 04:05:40,-0.011638263,-0.004377623,-0.005255036
2026-02-12 04:05:50,-0.000508777,-0.005817605,-0.007608231
2026-02-12 04:06:00,0.009604637,-0.012423374,-0.003024576
2026-02-12 04:06:10,-0.000312803,0.007152779,0.000987967
2026-02-12 04:06:20,-0.004353279,0.008563293,-0.010064166
2026-02-12 04:06:30,-0.005357096,0.006437450,0.004926817
2026-02-12 04:06:40,0.022784742,-0.009998261,0.012949765
2026-02-12 04:06:50,0.010898034,0.004771566,0.017755199
2026-02-12 04:07:00,-0.011146016,-0.005225425,-0.000188993
2026-02-12 04:07:10,0.005199166,-0.003717495,-0.003348241
2026-02-12 04:07:20,0.008672934,0.013291165,0.000425097
2026-02-12 04:07:30,-0.002223333,-0.002619690,0.003521745
2026-02-12 04:07:40,0.004872830,0.004363482,0.007120636
2026-02-12 04:07:50,0.006355690,-0.007248164,-0.007904222
2026-02-12 04:08:00,-0.000839730,-0.010964941,-0.020384050
2026-02-12 04:08:10,-0.001036604,-0.000148510,-0.000249754
2026-02-12 04:08:20,0.004154623,0.002547600,0.008195875
2026-02-12 04:08:30,-0.006424910,-0.010332403,-0.005244873
2026-02-12 04:08:40,-0.011069809,-0.006215689,0.013854419
2026-02-12 04:08:50,0.011837919,-0.001927944,0.017121180
2026-02-12 04:09:00,-0.013430939,0.000921382,-0.002776655
2026-02-12 04:09:10,0.000256070,-0.007706681,-0.001267727
2026-02-12 04:09:20,0.005000980,-0.002535746,-0.010966031
2026-02-12 04:09:30,0.007151388,0.017449182,-0.010183317
2026-02-12 04:09:40,-0.006693320,-0.009705361,-0.017026065
2026-02-12 04:09:50,-0.002580550,0.009136982,-0.001654583
2026-02-12 04:10:00,-0.002320361,0.000933299,-0.004656921
2026-02-12 04:10:10,-0.004538438,0.000921186,-0.013103476
2026-02-12 04:10:20,0.000340566,-0.010367763,-0.004730201
2026-02-12 04:10:30,-0.010746758,-0.017863175,-0.005841673
2026-02-12 04:10:40,0.001953118,0.008920594,-0.009364976
2026-02-12 04:10:50,-0.017426645,0.026773352,0.006523633
2026-02-12 04:11:00,-0.008374772,0.013978912,-0.006146240
2026-02-12 04:11:10,-0.010872708,0.003781070,0.003348145
2026-02-12 04:11:20,-0.000175473,0.007628629,-0.007163824
2026-02-12 04:11:30,-0.014787346,0.002802962,0.000427352
2026-02-12 04:11:40,0.012442351,-0.018056040,-0.008365420
2026-02-12 04:11:50,-0.005716105,-0.007055968,0.003271723
2026-02-12 04:12:00,0.004515016,-0.015049261,-0.004821118
2026-02-12 04:12:10,-0.012714482,-0.025828281,0.000790164
2026-02-12 04:12:20,0.012773195,0.004229640,-0.010629831
2026-02-12 04:12:30,-0.005671444,0.007257807,0.003341479
2026-02-12 04:12:40,0.004976612,-0.007515859,0.012170124
2026-02-12 04:12:50,0.007477414,0.004927342,-0.011769063
2026-02-12 04:13:00,-0.008343781,-0.000969059,-0.016791839
2026-02-12 04:13:10,0.000632765,-0.006677218,-0.006864132
2026-02-12 04:13:20,0.008738823,0.007597980,0.005526647
2026-02-12 04:13:30,-0.010883019,0.017053568,0.006576955
2026-02-12 04:13:40,0.018407235,0.002347047,0.003994365
2026-02-12 04:13:50,-0.011939613,0.003688930,-0.011053638
2026-02-12 04:14:00,0.005104947,0.000020904,0.013440028
2026-02-12 04:14:10,-0.002318089,0.009407287,0.013626734
2026-02-12 04:14:20,-0.015873132,0.000855980,0.002533150
2026-02-12 04:14:30,-0.005859391,0.004279689,0.013581258
2026-02-12 04:14:40,0.000534452,-0.004787112,0.006603359
2026-02-12 04:14:50,0.003810263,-0.002501532,-0.004284117
2026-02-12 04:15:00,0.017615747,-0.010971687,0.002329211
2026-02-12 04:15:10,-0.007907873,-0.024799926,-0.003507859
2026-02-12 04:15:20,0.022354765,0.000198997,0.005870588
2026-02-12 04:15:30,-0.021502566,0.010224598,0.009230610
2026-02-12 04:15:40,-0.010630573,-0.001803665,-0.008160341
2026-02-12 04:15:50,0.008704144,0.011712876,-0.007101579
2026-02-12 04:16:00,-0.024752196,0.011068841,-0.010699110
2026-02-12 04:16:10,-0.001290469,-0.000244433,0.004512872
2026-02-12 04:16:20,-0.001292080,0.003126640,-0.017297042
2026-02-12 04:16:30,0.009191195,0.001576876,0.010819141
2026-02-12 04:16:40,-0.021041294,0.004486223,-0.000750459
2026-02-12 04:16:50,-0.013810902,-0.008032627,-0.007469404
2026-02-12 04:17:00,-0.003288925,0.003063730,0.003592630
2026-02-12 04:17:10,-0.000251151,-0.004039726,-0.005023457
2026-02-12 04:17:20,0.022407005,-0.003006128,-0.000273629
2026-02-12 04:17:30,0.017197059,0.006249012,-0.002163191
2026-02-12 04:17:40,-0.004337305,-0.007205768,-0.014502633
2026-02-12 04:17:50,-0.001538920,-0.013516277,-0.007087795
2026-02-12 04:18:00,0.005342669,-0.012608758,0.010231690
2026-02-12 04:18:10,0.003193796,0.003027592,0.000341767
2026-02-12 04:18:20,-0.009800523,0.000041470,-0.001075177
2026-02-12 04:18:30,-0.014116754,-0.003995048,0.003772270
2026-02-12 04:18:40,0.006517381,-0.009744855,-0.000435740
2026-02-12 04:18:50,-0.013879549,0.015408951,-0.000563149
2026-02-12 04:19:00,0.010954769,-0.002089885,-0.001633889
2026-02-12 04:19:10,0.006508616,0.005573628,-0.005934441
2026-02-12 04:19:20,0.017385354,0.011621144,0.000645062
2026-02-12 04:19:30,-0.011462039,-0.000712673,0.008543872
2026-02-12 04:19:40,-0.008396729,0.006408762,-0.001972871
2026-02-12 04:19:50,0.007190895,0.011213224,-0.010045310
2026-02-12 04:20:00,-0.011077835,-0.001983697,0.002534342
2026-02-12 04:20:10,0.011224610,0.004133236,0.017293250
2026-02-12 04:20:20,-0.006757627,0.013396882,0.012831828
2026-02-12 04:20:30,-0.002039890,-0.000810812,0.002940764
2026-02-12 04:20:40,0.005212444,-0.002180076,-0.006425753
2026-02-12 04:20:50,-0.000610452,0.007830363,-0.006954943
2026-02-12 04:21:00,0.003171679,0.019024103,0.006534536
2026-02-12 04:21:10,0.010010720,0.001041013,0.001111544
2026-02-12 04:21:20,-0.001813850,0.009225432,-0.003389493
2026-02-12 04:21:30,0.021014306,0.018818140,0.004430473
2026-02-12 04:21:40,0.004249831,0.008659439,0.032080362
2026-02-12 04:21:50,0.011530910,-0.015320938,0.013115370
2026-02-12 04:22:00,0.004465078,-0.004076084,-0.002879050
2026-02-12 04:22:10,-0.005617899,0.000855904,-0.012803291
2026-02-12 04:22:20,-0.007804259,0.000465241,-0.019581165
2026-02-12 04:22:30,-0.010102213,0.004507388,0.011358280
2026-02-12 04:22:40,-0.006316309,0.014362197,0.007886360
2026-02-12 04:22:50,-0.007852029,-0.009249590,-0.018485248
2026-02-12 04:23:00,0.002897607,0.011177221,0.001205054
2026-02-12 04:23:10,-0.015055663,0.003627739,-0.002295535
2026-02-12 04:23:20,-0.013829486,0.009441841,-0.001104453
2026-02-12 04:23:30,-0.006715558,-0.041616158,-0.005982392
2026-02-12 04:23:40,0.007841409,-0.001977221,0.002884326
2026-02-12 04:23:50,-0.004676645,0.001640225,0.011765604
2026-02-12 04:24:00,-0.003711237,0.005221525,-0.020429276
2026-02-12 04:24:10,0.008472206,-0.014465595,-0.004918958
2026-02-12 04:24:20,0.003695590,0.001209492,-0.008171952
2026-02-12 04:24:30,0.007875663,-0.009017103,-0.022428964
2026-02-12 04:24:40,0.005983307,0.003308701,-0.007755487
2026-02-12 04:24:50,-0.000848162,0.008060287,-0.002185895
2026-02-12 04:25:00,-0.015525493,0.002550910,-0.009831441
2026-02-12 04:25:10,0.002848192,0.020584315,0.008918030
2026-02-12 04:25:20,-0.006851765,0.004630841,-0.006153826
2026-02-12 04:25:30,0.001049637,-0.011488543,0.000405352
2026-02-12 04:25:40,-0.003545511,0.000423172,-0.011024729
2026-02-12 04:25:50,-0.015649151,-0.020860889,0.005022766
2026-02-12 04:26:00,0.001715267,-0.005759925,-0.000499454
2026-02-12 04:26:10,0.013452298,-0.000889319,0.008431233
2026-02-12 04:26:20,-0.007000399,0.001531010,0.011430924
2026-02-12 04:26:30,-0.018212365,-0.002026226,-0.010531070
2026-02-12 04:26:40,0.009575031,-0.001278586,0.001707026
2026-02-12 04:26:50,-0.019189891,0.004362254,0.000256674
2026-02-12 04:27:00,-0.003696866,-0.015481388,-0.004267522
2026-02-12 04:27:10,0.017454391,-0.010759732,-0.005777983
2026-02-12 04:27:20,-0.009272439,-0.004386570,-0.001102313
2026-02-12 04:27:30,0.004272098,-0.005269572,-0.003112984
2026-02-12 04:27:40,0.006174912,0.007771486,0.030374542
2026-02-12 04:27:50,-0.006914075,-0.001720592,-0.010816598
2026-02-12 04:28:00,-0.008640175,-0.001398181,0.001871911
2026-02-12 04:28:10,-0.010004979,0.010656450,-0.010997426
2026-02-12 04:28:20,0.007959457,0.014514994,0.016997008
2026-02-12 04:28:30,0.006324611,0.002739398,-0.012566860
2026-02-12 04:28:40,0.004516696,0.016076280,-0.014569224
2026-02-12 04:28:50,0.014821875,0.003094300,0.004256672
2026-02-12 04:29:00,0.007957882,-0.013781492,0.013227082
2026-02-12 04:29:10,-0.013148907,0.001473962,0.005333725
2026-02-12 04:29:20,-0.010167747,0.008217583,-0.008811972
2026-02-12 04:29:30,-0.000071716,-0.003999186,0.013501935
2026-02-12 04:29:40,0.009061707,0.007416796,-0.023274559
2026-02-12 04:29:50,-0.002190178,0.001221680,0.001925908
2026-02-12 04:30:00,-0.003456291,-0.001063798,0.011625129
2026-02-12 04:30:10,0.003103197,0.001245872,-0.010028415
2026-02-12 04:30:20,-0.000060849,-0.010546498,-0.002606290
2026-02-12 04:30:30,-0.011871080,-0.015435070,-0.015552741
2026-02-12 04:30:40,0.010656100,-0.000668659,0.006696612
2026-02-12 04:30:50,-0.011623866,-0.001126419,0.006672411
2026-02-12 04:31:00,-0.008958543,-0.001190944,-0.001833075
2026-02-12 04:31:10,-0.000260226,-0.000737873,0.005788526
2026-02-12 04:31:20,-0.002645673,0.002667791,0.003614783
2026-02-12 04:31:30,-0.003797733,0.008382606,-0.008936453
2026-02-12 04:31:40,-0.012715182,0.011369361,-0.015306076
2026-02-12 04:31:50,-0.006111619,-0.000553519,0.014871035
2026-02-12 04:32:00,0.005184200,0.006382291,0.009495370
2026-02-12 04:32:10,-0.012672238,0.010429133,-0.003778746
2026-02-12 04:32:20,0.001168116,0.011606066,-0.001566546
2026-02-12 04:32:30,0.007777814,0.010744919,-0.020872101
2026-02-12 04:32:40,-0.003867735,-0.003115993,0.017698284
2026-02-12 04:32:50,0.008720999,-0.015786215,0.008910825
2026-02-12 04:33:00,-0.009259208,-0.019356941,0.006263877
2026-02-12 04:33:10,-0.002167312,-0.004415897,0.013396769
2026-02-12 04:33:20,0.008933469,-0.006900202,0.009267915
2026-02-12 04:33:30,-0.005977555,0.001410590,-0.002536332
2026-02-12 04:33:40,0.008794271,0.006871130,-0.018561833
2026-02-12 04:33:50,0.013830690,-0.008524713,-0.008758096
2026-02-12 04:34:00,0.009445479,-0.003399441,-0.004437715
2026-02-12 04:34:10,-0.006986064,0.017265279,-0.002609370
2026-02-12 04:34:20,0.015064643,0.008696810,-0.001076571
2026-02-12 04:34:30,0.010952635,0.001519523,-0.010953398
2026-02-12 04:34:40,-0.005769158,0.008988062,-0.014530640
2026-02-12 04:34:50,-0.011474512,0.007153737,0.009546639
2026-02-12 04:35:00,0.012808657,-0.014279691,-0.001469129
2026-02-12 04:35:10,0.007228513,0.008326123,-0.009414796
2026-02-12 04:35:20,-0.015628247,0.001494397,-0.007116975
2026-02-12 04:35:30,0.010999762,-0.017290636,-0.005790134
2026-02-12 04:35:40,-0.001601609,0.013335209,0.018745004
2026-02-12 04:35:50,-0.001894177,0.012100702,-0.000929653
2026-02-12 04:36:00,0.004742751,0.004983037,0.005372825
2026-02-12 04:36:10,0.008717673,-0.009883108,0.001582504
2026-02-12 04:36:20,-0.000342584,-0.001380889,0.008962233
2026-02-12 04:36:30,-0.014284816,0.006429634,0.004898025
2026-02-12 04:36:40,0.005739165,-0.016097324,-0.005756937
2026-02-12 04:36:50,-0.001938176,-0.010751135,0.003123134
2026-02-12 04:37:00,-0.003035873,-0.000724851,-0.007111539
2026-02-12 04:37:10,-0.007930636,0.003974727,0.004954080
2026-02-12 04:37:20,0.012426259,0.001657420,-0.003298089
2026-02-12 04:37:30,-0.018218265,-0.029469539,0.000032734
2026-02-12 04:37:40,-0.005554823,0.013662097,-0.008713153
2026-02-12 04:37:50,-0.004503312,0.015173902,-0.001357433
2026-02-12 04:38:00,-0.011402758,0.007036497,0.004853664
2026-02-12 04:38:10,-0.006340409,-0.004451072,0.008201737
2026-02-12 04:38:20,-0.006207134,-0.002792413,-0.005648486
2026-02-12 04:38:30,0.028195506,-0.021185002,-0.007026303
2026-02-12 04:38:40,-0.000380708,-0.000169646,-0.018734563
2026-02-12 04:38:50,0.019897803,0.004645900,0.008270474
2026-02-12 04:39:00,-0.001296794,0.009871186,-0.006828102
2026-02-12 04:39:10,0.011295867,-0.004705208,0.000902703
2026-02-12 04:39:20,0.011297081,-0.003901737,0.009068883
2026-02-12 04:39:30,0.001046098,-0.005111299,-0.021694982
2026-02-12 04:39:40,-0.003025503,0.012131766,0.010835966
2026-02-12 04:39:50,0.000298165,-0.002850493,0.000523259
2026-02-12 04:40:00,0.011321848,0.004792159,-0.008468705
2026-02-12 04:40:10,-0.008378068,0.004542223,-0.001979363
2026-02-12 04:40:20,-0.003015928,-0.017876756,0.007096007
2026-02-12 04:40:30,0.016865305,-0.008877387,-0.016516202
2026-02-12 04:40:40,-0.012894852,0.015566302,0.013419109
2026-02-12 04:40:50,-0.014742095,0.004967671,-0.000872409
2026-02-12 04:41:00,0.009828678,-0.000312226,-0.005909929
2026-02-12 04:41:10,-0.011058212,-0.002737219,0.000508435
2026-02-12 04:41:20,-0.002440575,0.012870828,-0.000577879
2026-02-12 04:41:30,0.025065189,0.022201324,0.008746845
2026-02-12 04:41:40,-0.010806873,-0.002961805,-0.011284041
2026-02-12 04:41:50,-0.013624688,-0.000823330,-0.000399001
2026-02-12 04:42:00,0.013428033,-0.024935721,-0.007041667
2026-02-12 04:42:10,0.008775522,0.009730722,-0.011530821
2026-02-12 04:42:20,0.021157473,0.016161796,0.008963681
2026-02-12 04:42:30,0.022042741,0.001098819,0.009988970
2026-02-12 04:42:40,-0.005294530,-0.005531335,-0.012051148
2026-02-12 04:42:50,-0.025309788,0.006306905,-0.001563137
2026-02-12 04:43:00,-0.016659305,0.005701451,0.013607406
2026-02-12 04:43:10,-0.012316947,0.008371440,0.005318772
2026-02-12 04:43:20,-0.008906621,0.003780170,0.013723900
2026-02-12 04:43:30,0.011206508,-0.011869280,-0.008243917
2026-02-12 04:43:40,-0.017308687,-0.007174967,-0.007206410
2026-02-12 04:43:50,-0.011617405,-0.006672926,0.001475812
2026-02-12 04:44:00,0.002798875,0.013692545,-0.018145928
2026-02-12 04:44:10,0.007446617,0.005934581,0.014307792
2026-02-12 04:44:20,0.019624053,0.004467205,0.003775689
2026-02-12 04:44:30,-0.016027938,0.003346861,0.005345368
2026-02-12 04:44:40,-0.006831055,0.012753989,-0.002646713
2026-02-12 04:44:50,-0.001567160,-0.004753407,0.000951123
2026-02-12 04:45:00,0.001241419,-0.015189417,0.000876985
2026-02-12 04:45:10,-0.003366687,0.001941999,0.000627911
2026-02-12 04:45:20,-0.007340085,-0.002127024,-0.001916817
2026-02-12 04:45:30,-0.004808906,0.006617093,0.018090695
2026-02-12 04:45:40,-0.004994868,0.013366452,0.015664553
2026-02-12 04:45:50,0.005300558,-0.027835711,0.005942601
2026-02-12 04:46:00,-0.001681192,-0.001876067,-0.013052874
2026-02-12 04:46:10,-0.010535315,-0.003969217,0.014410440
2026-02-12 04:46:20,-0.008985979,0.029452860,-0.003640202
2026-02-12 04:46:30,-0.003882946,-0.002247868,0.012786404
2026-02-12 04:46:40,-0.006139486,-0.019262756,0.001571511
2026-02-12 04:46:50,0.013830634,-0.001326860,0.004877162
2026-02-12 04:47:00,-0.013308110,0.001274019,0.006234521
2026-02-12 04:47:10,-0.004162390,0.001334301,0.019053902
2026-02-12 04:47:20,0.005128927,-0.008884711,-0.011303385
2026-02-12 04:47:30,-0.004293476,-0.000350201,-0.015548040
2026-02-12 04:47:40,0.009034209,-0.021856575,-0.016643552
2026-02-12 04:47:50,-0.015881843,0.006830063,0.002832765
2026-02-12 04:48:00,-0.006878592,-0.006392053,0.012053181
2026-02-12 04:48:10,-0.005759517,0.013468128,-0.008200746
2026-02-12 04:48:20,0.006156186,0.003248793,-0.001933471
2026-02-12 04:48:30,0.014848810,-0.001150123,-0.010025070
2026-02-12 04:48:40,0.001631991,-0.015922039,-0.011403913
2026-02-12 04:48:50,-0.021201439,-0.008865229,0.003515890
2026-02-12 04:49:00,0.016045601,0.013025066,-0.009959032
2026-02-12 04:49:10,0.001095369,0.017473511,0.004617459
2026-02-12 04:49:20,-0.005760082,0.024734570,-0.011481455
2026-02-12 04:49:30,0.007003075,-0.004881070,-0.022782401
2026-02-12 04:49:40,-0.012061885,-0.002299522,0.000440517
2026-02-12 04:49:50,0.001017134,0.015537566,-0.009002203
2026-02-12 04:50:00,0.000262676,-0.009580001,0.009580696
2026-02-12 04:50:10,-0.008568398,-0.007522784,0.004073211
2026-02-12 04:50:20,-0.005524553,-0.004246135,0.008115371
2026-02-12 04:50:30,-0.007895192,-0.000170370,-0.018897461
2026-02-12 04:50:40,-0.000389473,0.012760984,0.000346273
2026-02-12 04:50:50,0.002772650,0.020386766,0.009519518
2026-02-12 04:51:00,0.009321721,0.000284787,-0.008225899
2026-02-12 04:51:10,-0.024932558,-0.004488031,-0.005713373
2026-02-12 04:51:20,0.009589196,-0.002785461,0.002812882
2026-02-12 04:51:30,-0.023965608,-0.013725144,-0.011601131
2026-02-12 04:51:40,0.000981862,0.002259280,-0.021023269
2026-02-12 04:51:50,-0.011234926,0.015667611,-0.003721856
2026-02-12 04:52:00,-0.004311133,-0.002283100,0.007780993
2026-02-12 04:52:10,0.015415315,0.007589092,-0.004709801
2026-02-12 04:52:20,0.005646598,-0.009918969,-0.006516693
2026-02-12 04:52:30,0.004230215,0.008500560,0.003893879
2026-02-12 04:52:40,-0.008848989,-0.007094960,-0.001183984
2026-02-12 04:52:50,-0.006688259,0.024068942,0.013521173
2026-02-12 04:53:00,-0.004668951,0.002860103,0.019679268
2026-02-12 04:53:10,0.008140584,-0.007094833,-0.002351607
2026-02-12 04:53:20,0.002662423,0.007189486,0.001003137
2026-02-12 04:53:30,0.004215431,0.019230792,0.001150560
2026-02-12 04:53:40,0.011679747,-0.011490799,0.012000390
2026-02-12 04:53:50,0.014572846,0.003274321,0.005192738
2026-02-12 04:54:00,0.017654240,-0.005636772,-0.005474329
2026-02-12 04:54:10,0.001342106,0.007867818,-0.003535170
2026-02-12 04:54:20,0.007158945,0.005554434,-0.002128892
2026-02-12 04:54:30,-0.000426939,0.008746860,0.013462854
2026-02-12 04:54:40,-0.003986891,0.011039929,-0.012082734
2026-02-12 04:54:50,-0.000091786,0.003231908,0.011153037
2026-02-12 04:55:00,-0.007243879,-0.000125868,-0.011120752
2026-02-12 04:55:10,-0.009959043,0.002708075,-0.001191043
2026-02-12 04:55:20,0.002580056,0.007784904,-0.002574761
2026-02-12 04:55:30,0.013979296,-0.011435519,0.006910406
2026-02-12 04:55:40,-0.000723103,0.011220926,-0.022245203
2026-02-12 04:55:50,-0.011741245,0.011999448,0.002888375
2026-02-12 04:56:00,-0.005923495,-0.005360964,-0.006918393
2026-02-12 04:56:10,-0.012146911,0.015806238,0.013324219
2026-02-12 04:56:20,-0.002982268,-0.009001233,0.002230886
2026-02-12 04:56:30,0.005789016,-0.005324400,0.004473514
2026-02-12 04:56:40,0.004290764,0.010540220,-0.000192158
2026-02-12 04:56:50,0.002671582,-0.010613934,-0.010004369
2026-02-12 04:57:00,0.005597500,-0.003481073,0.002208621
2026-02-12 04:57:10,0.031958925,-0.005172427,-0.006239055
2026-02-12 04:57:20,0.006458243,0.002975954,-0.004723771
2026-02-12 04:57:30,-0.004874799,0.003196905,-0.002558765
2026-02-12 04:57:40,0.011451291,-0.010667226,0.007393566
2026-02-12 04:57:50,-0.013183247,-0.003186667,0.009629294
2026-02-12 04:58:00,-0.014414632,0.000969155,0.001490039
2026-02-12 04:58:10,0.000442321,-0.005173017,-0.012040641
2026-02-12 04:58:20,-0.000454247,0.001791435,0.000548742
2026-02-12 04:58:30,-0.014294288,-0.007246001,0.013233273
2026-02-12 04:58:40,-0.013813440,-0.002584629,-0.003072828
2026-02-12 04:58:50,0.004773038,0.011296366,-0.004792471
2026-02-12 04:59:00,0.006748320,-0.005864257,0.022026757
2026-02-12 04:59:10,-0.010473823,-0.013430719,-0.001394555
2026-02-12 04:59:20,-0.021966570,-0.000645696,0.005421898
2026-02-12 04:59:30,0.011364392,0.004879062,-0.000383809
2026-02-12 04:59:40,-0.000307190,-0.007100497,0.003336416
2026-02-12 04:59:50,0.007456693,0.001270822,0.005608033
2026-02-12 05:00:00,0.006295613,-0.003218339,0.018857320
2026-02-12 05:00:10,0.004602313,-0.005780228,-0.004657395
2026-02-12 05:00:20,-0.005902473,-0.011893099,-0.007920212
2026-02-12 05:00:30,-0.003920232,0.002420434,0.012520349
2026-02-12 05:00:40,0.000908498,0.012939994,-0.000765321
2026-02-12 05:00:50,-0.018822189,-0.004593136,-0.010228082
2026-02-12 05:01:00,-0.004153238,-0.002059107,-0.007853798
2026-02-12 05:01:10,0.003884433,-0.001456485,0.005840307
2026-02-12 05:01:20,-0.009703052,-0.001205453,-0.009044393
2026-02-12 05:01:30,0.008591034,-0.008615598,-0.012080131
2026-02-12 05:01:40,0.006222677,0.011229467,0.002952211
2026-02-12 05:01:50,-0.014382596,-0.012025187,0.021100953
2026-02-12 05:02:00,-0.002191440,-0.007916857,-0.020609573
2026-02-12 05:02:10,0.017846360,-0.000125860,0.000647012
2026-02-12 05:02:20,-0.009499026,-0.000825102,-0.001480548
2026-02-12 05:02:30,-0.017525146,-0.002041074,0.005653196
2026-02-12 05:02:40,-0.008291024,0.008832877,-0.000340000
2026-02-12 05:02:50,0.016858757,0.017753282,-0.011387095
2026-02-12 05:03:00,0.006557547,0.002827825,0.001700551
2026-02-12 05:03:10,0.010929294,-0.000481177,0.009335198
2026-02-12 05:03:20,0.012078071,0.001085882,0.000331571
2026-02-12 05:03:30,-0.000615850,0.003486086,0.017210616
2026-02-12 05:03:40,-0.000829065,0.011171481,0.013401697
2026-02-12 05:03:50,-0.001799202,0.002162761,0.017332335
2026-02-12 05:04:00,-0.007432610,-0.023211097,0.010478062
2026-02-12 05:04:10,0.002327537,-0.011844170,-0.003291223
2026-02-12 05:04:20,0.004581922,0.009622617,-0.007591167
2026-02-12 05:04:30,0.005828869,0.012275299,0.017998233
2026-02-12 05:04:40,0.002526400,0.000649936,0.024566470
2026-02-12 05:04:50,-0.005726247,-0.011085935,-0.002010666
2026-02-12 05:05:00,0.004622904,-0.016279521,0.001546910
2026-02-12 05:05:10,0.003535640,-0.005696595,-0.010359912
2026-02-12 05:05:20,-0.001902784,0.017543140,-0.009501874
2026-02-12 05:05:30,-0.019043085,-0.010876646,-0.015235239
2026-02-12 05:05:40,0.004247152,0.015884335,-0.005897492
2026-02-12 05:05:50,-0.003338004,-0.009427167,-0.005596397
2026-02-12 05:06:00,0.008053535,0.009420971,-0.008809374
2026-02-12 05:06:10,0.022305166,-0.000846483,0.017036604
2026-02-12 05:06:20,-0.003690606,-0.020364086,0.014526238
2026-02-12 05:06:30,-0.000917616,-0.012775689,0.008994000
2026-02-12 05:06:40,0.013952953,-0.001435456,0.003251962
2026-02-12 05:06:50,-0.001168997,-0.005741990,0.004085557
2026-02-12 05:07:00,0.000664644,-0.001538890,-0.004389847
2026-02-12 05:07:10,0.003897269,0.002656805,-0.015841376
2026-02-12 05:07:20,-0.009964062,0.018884694,-0.001591320
2026-02-12 05:07:30,-0.004473217,-0.005188278,0.004963141
2026-02-12 05:07:40,-0.008101786,0.021012711,-0.009786997
2026-02-12 05:07:50,-0.013788929,-0.000488771,0.000145496
2026-02-12 05:08:00,-0.012722091,-0.003875189,-0.003025775
2026-02-12 05:08:10,-0.011327295,-0.011861350,0.002657080
2026-02-12 05:08:20,0.015829029,-0.000562052,0.003059245
2026-02-12 05:08:30,0.013840958,-0.009265010,-0.015619585
2026-02-12 05:08:40,0.000872659,0.023528009,-0.000801377
2026-02-12 05:08:50,-0.013992783,-0.002872554,0.013852338
2026-02-12 05:09:00,-0.016653517,-0.002579652,0.003006602
2026-02-12 05:09:10,-0.003578904,-0.005688245,-0.013924500
2026-02-12 05:09:20,0.003239790,-0.017705357,-0.003853669
2026-02-12 05:09:30,-0.014993805,0.010245390,0.015012953
2026-02-12 05:09:40,-0.001476021,0.007837353,-0.009320774
2026-02-12 05:09:50,-0.004171427,0.001885080,0.011335477
2026-02-12 05:10:00,0.003080476,-0.003069088,-0.002367027
2026-02-12 05:10:10,-0.004481186,0.002774471,-0.001549724
2026-02-12 05:10:20,0.001135496,-0.021810239,0.002183158
2026-02-12 05:10:30,-0.021595548,-0.008393436,0.003849259
2026-02-12 05:10:40,-0.014206475,0.004001416,0.007061556
2026-02-12 05:10:50,0.006173611,0.017933922,-0.013900135
2026-02-12 05:11:00,-0.004999266,0.000868774,-0.000658294
2026-02-12 05:11:10,-0.006918573,0.002547344,0.007729487
2026-02-12 05:11:20,-0.003055156,-0.008386284,0.007609307
2026-02-12 05:11:30,-0.015907056,-0.009033530,-0.012009825
2026-02-12 05:11:40,-0.010931612,-0.011776882,-0.005236551
2026-02-12 05:11:50,0.001461329,-0.000090303,-0.005726655
2026-02-12 05:12:00,0.007218226,-0.001659155,0.010968223
2026-02-12 05:12:10,0.010714133,0.010022029,-0.002488591
2026-02-12 05:12:20,-0.004994814,-0.012496514,0.013732445
2026-02-12 05:12:30,0.011949554,0.011036143,0.009433783
2026-02-12 05:12:40,0.003032524,0.000783901,-0.014360275
2026-02-12 05:12:50,-0.016233918,-0.005825089,0.019736000
2026-02-12 05:13:00,-0.014111498,-0.003273079,0.001573683
2026-02-12 05:13:10,0.006333991,0.000276925,-0.009779081
2026-02-12 05:13:20,-0.006429594,0.015572494,0.015355053
2026-02-12 05:13:30,0.019824765,-0.010254841,0.008155965
2026-02-12 05:13:40,-0.007523158,0.014052581,-0.007036711
2026-02-12 05:13:50,0.006515166,-0.010641978,-0.021120257
2026-02-12 05:14:00,0.009484072,-0.005195417,0.013230668
2026-02-12 05:14:10,-0.001065582,-0.019372042,0.018665966
2026-02-12 05:14:20,-0.005658669,0.013376183,0.021729703
2026-02-12 05:14:30,0.004169557,0.016158940,-0.016595145
2026-02-12 05:14:40,0.004921045,-0.001370568,0.011996358
2026-02-12 05:14:50,-0.014849561,-0.005573678,0.003953076
2026-02-12 05:15:00,0.004107430,-0.001765628,0.005974283
2026-02-12 05:15:10,0.000942377,0.013845121,-0.010706662
2026-02-12 05:15:20,-0.012601106,-0.015270277,-0.003432285
2026-02-12 05:15:30,0.012211336,0.002556826,-0.014590374
2026-02-12 05:15:40,0.010279197,-0.003320819,-0.004215535
2026-02-12 05:15:50,-0.001439796,0.007398964,-0.014746871
2026-02-12 05:16:00,-0.004379985,0.010342670,0.009280234
2026-02-12 05:16:10,-0.006096030,0.009443530,-0.001742079
2026-02-12 05:16:20,-0.001665499,-0.016756173,0.003960491
2026-02-12 05:16:30,0.002655640,-0.004811530,-0.021575856
2026-02-12 05:16:40,0.011931378,-0.002475855,-0.005177172
2026-02-12 05:16:50,0.007369923,0.000613663,-0.011277914
2026-02-12 05:17:00,0.017485352,0.011852894,-0.007031831
2026-02-12 05:17:10,-0.011447294,0.012304050,0.001401536
2026-02-12 05:17:20,0.002680084,-0.005172324,-0.000046738
2026-02-12 05:17:30,0.000323627,0.006844094,0.001270697
2026-02-12 05:17:40,-0.006403527,-0.028059468,0.006482861
2026-02-12 05:17:50,-0.006759247,-0.002462642,0.010369007
2026-02-12 05:18:00,-0.003343470,0.001749105,0.003911071
2026-02-12 05:18:10,-0.018335726,-0.024401336,0.008733110
2026-02-12 05:18:20,0.011580018,0.014532175,-0.004305613
2026-02-12 05:18:30,-0.008195084,0.003819206,-0.006972826
2026-02-12 05:18:40,0.009609565,-0.008257818,0.008868977
2026-02-12 05:18:50,-0.006920430,-0.007213957,-0.011110217
2026-02-12 05:19:00,-0.004215528,-0.008229129,0.006118419
2026-02-12 05:19:10,-0.012509334,-0.007253091,-0.008532102
2026-02-12 05:19:20,0.003487137,-0.008159098,-0.011899354
2026-02-12 05:19:30,0.002536071,0.001631384,0.006057334
2026-02-12 05:19:40,-0.016507803,0.006448839,0.011667247
2026-02-12 05:19:50,-0.005986410,-0.006248431,-0.016694157
2026-02-12 05:20:00,-0.003727476,0.015230754,-0.003499619
2026-02-12 05:20:10,-0.000978290,0.008100164,0.006714419
2026-02-12 05:20:20,0.001232194,-0.011673213,-0.000331771
2026-02-12 05:20:30,-0.032952187,-0.003033922,-0.015353559
2026-02-12 05:20:40,-0.014922305,-0.003967902,-0.006280151
2026-02-12 05:20:50,-0.000637940,-0.015508827,-0.001887204
2026-02-12 05:21:00,0.004081540,-0.011535997,0.014071135
2026-02-12 05:21:10,0.001935490,0.007706049,0.025437175
2026-02-12 05:21:20,0.009811519,0.001017872,-0.005260516
2026-02-12 05:21:30,-0.016957430,-0.002116664,0.006446905
2026-02-12 05:21:40,-0.008763787,-0.005641904,-0.010275517
2026-02-12 05:21:50,0.003328255,0.007363408,-0.015775443
2026-02-12 05:22:00,0.012663321,0.010002044,0.002428995
2026-02-12 05:22:10,0.002547490,0.014773732,-0.003527619
2026-02-12 05:22:20,0.000183003,-0.000223635,0.007052488
2026-02-12 05:22:30,-0.002132085,-0.014032233,0.005119326
2026-02-12 05:22:40,-0.000394416,0.009141897,0.008301074
2026-02-12 05:22:50,0.003871326,-0.008726384,0.002870222
2026-02-12 05:23:00,-0.007029074,0.003562044,-0.014413324
2026-02-12 05:23:10,0.004088977,-0.026153741,0.010316885
2026-02-12 05:23:20,-0.003350114,0.001489237,0.015464083
2026-02-12 05:23:30,0.000460374,0.012938598,0.004667710
2026-02-12 05:23:40,-0.013743270,0.013325562,-0.003622048
2026-02-12 05:23:50,-0.002358938,-0.008163079,0.008875068
2026-02-12 05:24:00,-0.009976233,-0.002020512,-0.009529469
2026-02-12 05:24:10,0.002333063,-0.019403588,-0.012525148
2026-02-12 05:24:20,-0.011597616,-0.015088907,-0.011220829
2026-02-12 05:24:30,0.014174616,-0.005157554,-0.000202892
2026-02-12 05:24:40,-0.021419743,0.002809057,0.012535999
2026-02-12 05:24:50,0.005243682,-0.006741854,0.015174998
2026-02-12 05:25:00,-0.003797903,0.017197705,-0.012869081
2026-02-12 05:25:10,0.004061622,-0.009399173,0.012435439
2026-02-12 05:25:20,0.012376474,0.000610164,-0.011863947
2026-02-12 05:25:30,0.002862328,0.006040442,-0.003130385
2026-02-12 05:25:40,0.008886987,0.000696210,-0.005731391
2026-02-12 05:25:50,-0.016057705,0.000921922,0.018826964
2026-02-12 05:26:00,-0.014114482,-0.012544312,-0.002786520
2026-02-12 05:26:10,0.011494158,0.003173824,-0.008998705
2026-02-12 05:26:20,0.007475984,0.006128108,0.009371813
2026-02-12 05:26:30,-0.011898890,0.006889125,0.006998596
2026-02-12 05:26:40,-0.002233486,0.015699911,-0.008280185
2026-02-12 05:26:50,0.009293082,0.000926698,-0.014548191
2026-02-12 05:27:00,0.004813288,0.019564221,0.010811945
2026-02-12 05:27:10,-0.000402524,0.007894957,-0.001495306
2026-02-12 05:27:20,0.001590111,-0.005918833,-0.001454232
2026-02-12 05:27:30,0.001928501,0.001571494,-0.022807991
2026-02-12 05:27:40,0.018681208,0.008285094,-0.006303546
2026-02-12 05:27:50,-0.005112510,-0.001318215,0.015267337
2026-02-12 05:28:00,0.000261701,0.010078808,0.015016309
2026-02-12 05:28:10,0.004535807,0.001423527,0.008411447
2026-02-12 05:28:20,0.006287697,-0.010022638,0.002267192
2026-02-12 05:28:30,-0.012598394,0.026587551,-0.010823636
2026-02-12 05:28:40,-0.022072667,0.003073590,-0.015864977
2026-02-12 05:28:50,-0.002692743,-0.005064373,0.005828808
2026-02-12 05:29:00,0.007430801,0.001371018,-0.017897140
2026-02-12 05:29:10,-0.001007103,-0.014859034,0.019432788
2026-02-12 05:29:20,0.000175334,0.012366538,0.008978241
2026-02-12 05:29:30,0.002449280,0.000692354,-0.019508552
2026-02-12 05:29:40,-0.001894937,-0.017500569,0.005578558
2026-02-12 05:29:50,0.012533010,-0.006325922,0.021918123
2026-02-12 05:30:00,0.010606636,-0.008816794,0.000512954
2026-02-12 05:30:10,0.006191368,0.003494859,0.011723392
2026-02-12 05:30:20,0.012992523,0.002866390,0.002566998
2026-02-12 05:30:30,0.000735320,0.004544130,-0.003410905
2026-02-12 05:30:40,-0.010909647,-0.005906368,-0.007469992
2026-02-12 05:30:50,0.004009957,0.012930659,0.003566600
2026-02-12 05:31:00,-0.004345978,0.006587718,0.009991840
2026-02-12 05:31:10,-0.002839568,0.006235575,-0.013861432
2026-02-12 05:31:20,0.009018483,-0.002047768,0.019580535
2026-02-12 05:31:30,-0.008675712,0.013946759,0.014849192
2026-02-12 05:31:40,-0.005969907,0.002893504,0.006826709
2026-02-12 05:31:50,0.005200559,-0.000619327,-0.003823564
2026-02-12 05:32:00,-0.004316176,0.012914951,-0.010715509
2026-02-12 05:32:10,-0.005037293,-0.011767644,-0.017046918
2026-02-12 05:32:20,-0.012439710,-0.002797919,0.003983506
2026-02-12 05:32:30,-0.000640234,-0.015719030,0.018815333
2026-02-12 05:32:40,-0.001527891,-0.010750150,0.016951142
2026-02-12 05:32:50,-0.002850710,-0.009789290,-0.012338326
2026-02-12 05:33:00,-0.003305224,0.018176335,-0.002618689
2026-02-12 05:33:10,-0.009240378,-0.000909590,0.025568483
2026-02-12 05:33:20,-0.006111875,0.012975376,0.013678822
2026-02-12 05:33:30,-0.004743620,-0.022402507,-0.014342196
2026-02-12 05:33:40,-0.001565446,0.006034036,0.008824173
2026-02-12 05:33:50,-0.011042197,-0.002700665,0.003770238
2026-02-12 05:34:00,-0.008422972,-0.015902219,0.006277030
2026-02-12 05:34:10,-0.008176659,-0.001138680,0.015059309
2026-02-12 05:34:20,0.028087605,-0.004918439,0.001028648
2026-02-12 05:34:30,0.007072699,-0.004256115,-0.007732534
2026-02-12 05:34:40,0.002585232,0.003798677,-0.009814643
2026-02-12 05:34:50,0.011130825,-0.015225454,-0.006228719
2026-02-12 05:35:00,0.012385545,0.007467064,-0.016890292
2026-02-12 05:35:10,-0.000814062,0.004403817,0.000277935
2026-02-12 05:35:20,0.001068068,-0.004559871,0.007429459
2026-02-12 05:35:30,-0.004004799,0.006479738,-0.004112777
2026-02-12 05:35:40,-0.011878163,-0.003782472,-0.000415184
2026-02-12 05:35:50,0.005700244,-0.003215113,0.015524189
2026-02-12 05:36:00,0.001521305,-0.000004895,0.008019005
2026-02-12 05:36:10,0.010237740,0.002271378,0.003820133
2026-02-12 05:36:20,-0.006640982,0.010551554,-0.015176048
2026-02-12 05:36:30,0.003927071,-0.003497522,-0.003497146
2026-02-12 05:36:40,-0.002217388,-0.003294027,0.004567392
2026-02-12 05:36:50,-0.000833186,-0.012378783,-0.003875769
2026-02-12 05:37:00,-0.005959650,-0.004108365,0.026656678
2026-02-12 05:37:10,-0.012118808,0.023100732,-0.011343781
2026-02-12 05:37:20,-0.005551033,-0.017183141,-0.010820301
2026-02-12 05:37:30,0.005856196,0.018193202,-0.005635994
2026-02-12 05:37:40,0.001727283,0.002262783,-0.005052320
2026-02-12 05:37:50,0.006596922,0.005845907,-0.017566049
2026-02-12 05:38:00,0.006596432,0.011444280,-0.014128917
2026-02-12 05:38:10,0.025074815,0.008901641,0.004034279
2026-02-12 05:38:20,-0.013536716,-0.016753689,-0.016124241
2026-02-12 05:38:30,0.009574324,-0.008596240,0.015937598
2026-02-12 05:38:40,-0.003162003,0.001389214,0.003253390
2026-02-12 05:38:50,0.012461590,-0.003055263,0.007658623
2026-02-12 05:39:00,-0.000954181,0.012722128,0.007261266
2026-02-12 05:39:10,-0.003136787,0.002942043,0.008948101
2026-02-12 05:39:20,-0.013049708,0.000460798,0.015553557
2026-02-12 05:39:30,0.003962064,0.000022062,0.013001330
2026-02-12 05:39:40,-0.002612014,0.001936858,-0.019358328
2026-02-12 05:39:50,0.010273448,-0.001961378,0.008444433
2026-02-12 05:40:00,0.009441327,-0.033413574,0.015809459
2026-02-12 05:40:10,0.023599445,0.010975707,0.011675402
2026-02-12 05:40:20,0.003417738,0.004390619,0.010010934
2026-02-12 05:40:30,0.002630874,-0.020647568,-0.003464785
2026-02-12 05:40:40,0.006872890,-0.004382863,-0.022415971
2026-02-12 05:40:50,-0.007803476,0.001529612,0.011227193
2026-02-12 05:41:00,0.003869477,0.012226246,0.027450081
2026-02-12 05:41:10,0.003716826,-0.005734842,0.002565503
2026-02-12 05:41:20,0.005003487,0.002117336,-0.011111954
2026-02-12 05:41:30,-0.013184835,-0.007747452,-0.007208273
2026-02-12 05:41:40,0.004002882,0.000781450,0.001931015
2026-02-12 05:41:50,0.023130128,-0.006810989,-0.009796075
2026-02-12 05:42:00,-0.005615612,0.002142231,-0.009055945
2026-02-12 05:42:10,-0.005160522,0.005205088,-0.002429476
2026-02-12 05:42:20,-0.013420792,0.000787180,-0.002392291
2026-02-12 05:42:30,0.007632246,-0.027284514,-0.014883477
2026-02-12 05:42:40,0.011376463,0.009231675,-0.005333795
2026-02-12 05:42:50,0.005395717,-0.006760727,0.010072817
2026-02-12 05:43:00,0.005151690,0.013431933,-0.005610306
2026-02-12 05:43:10,-0.005852152,0.005487599,-0.017609499
2026-02-12 05:43:20,-0.003695710,0.005947617,0.020345052
2026-02-12 05:43:30,0.016106551,0.005790074,0.023364417
2026-02-12 05:43:40,-0.002070475,0.002001624,0.004619769
2026-02-12 05:43:50,0.005999030,-0.010263544,0.001142408
2026-02-12 05:44:00,0.006033138,0.014158957,0.018563196
2026-02-12 05:44:10,0.002700945,-0.010203294,0.005491368
2026-02-12 05:44:20,0.004973005,0.009647730,-0.009024951
2026-02-12 05:44:30,0.010628681,-0.004702723,0.011900514
2026-02-12 05:44:40,-0.004997732,-0.008792932,-0.018445800
2026-02-12 05:44:50,-0.006600984,0.001070881,-0.019017179
2026-02-12 05:45:00,0.014904362,0.007361258,0.002220881
2026-02-12 05:45:10,0.007512292,0.008695431,-0.000868786
2026-02-12 05:45:20,-0.003763808,-0.006138862,0.004646652
2026-02-12 05:45:30,0.003773685,0.017217136,0.005500203
2026-02-12 05:45:40,0.000461801,-0.001319945,-0.033687491
2026-02-12 05:45:50,-0.004330956,-0.008363134,0.012554237
2026-02-12 05:46:00,-0.002863515,-0.009966401,0.016887545
2026-02-12 05:46:10,0.001676003,0.020061254,-0.000419270
2026-02-12 05:46:20,0.002072284,0.001654869,0.012149076
2026-02-12 05:46:30,-0.002656414,0.008771203,0.009245159
2026-02-12 05:46:40,-0.008574690,0.026699768,0.006573712
2026-02-12 05:46:50,-0.005367219,0.002470218,-0.010609798
2026-02-12 05:47:00,-0.005863343,0.004749533,-0.013812383
2026-02-12 05:47:10,-0.008258473,-0.000260793,0.000050152
2026-02-12 05:47:20,0.000554262,0.000679163,0.001014192
2026-02-12 05:47:30,0.006935642,0.007930268,-0.003959514
2026-02-12 05:47:40,-0.012478242,0.008568569,0.004222059
2026-02-12 05:47:50,-0.005635803,0.003862463,-0.010142350
2026-02-12 05:48:00,-0.012305170,0.007135804,-0.004023125
2026-02-12 05:48:10,-0.006198787,-0.001259785,0.004906489
2026-02-12 05:48:20,-0.011884880,-0.001422258,-0.011026751
2026-02-12 05:48:30,-0.012693309,-0.002192506,-0.010014911
2026-02-12 05:48:40,0.001808199,0.007172367,0.007414344
2026-02-12 05:48:50,0.009170085,-0.015631873,0.017232779
2026-02-12 05:49:00,0.004040755,-0.010705825,0.001777732
2026-02-12 05:49:10,0.009536397,-0.012089923,0.000030191
2026-02-12 05:49:20,0.002094766,-0.004856258,-0.014639532
2026-02-12 05:49:30,0.001466262,-0.010350068,0.027141788
2026-02-12 05:49:40,0.004225632,-0.005880023,-0.002715425
2026-02-12 05:49:50,0.021430411,-0.016568901,0.000734732
2026-02-12 05:50:00,0.012569270,0.005392584,-0.011803979
2026-02-12 05:50:10,-0.020123225,0.003093433,-0.012985498
2026-02-12 05:50:20,-0.007041609,0.012462284,0.010908699
2026-02-12 05:50:30,-0.006433370,-0.005488653,0.011378154
2026-02-12 05:50:40,0.005605130,-0.007619338,-0.006007864
2026-02-12 05:50:50,0.019108686,0.008103169,0.007015961
2026-02-12 05:51:00,-0.010935880,0.008390292,-0.015416487
2026-02-12 05:51:10,0.004627595,-0.002762668,0.004103835
2026-02-12 05:51:20,0.003727604,0.005742476,0.008600691
2026-02-12 05:51:30,0.003370865,-0.019281371,0.008049801
2026-02-12 05:51:40,-0.015694443,-0.012645711,-0.011132735
2026-02-12 05:51:50,-0.008344363,-0.012679631,0.014530584
2026-02-12 05:52:00,-0.001735192,-0.000522646,-0.010427390
2026-02-12 05:52:10,-0.000430476,-0.003058412,-0.002079859
2026-02-12 05:52:20,0.000055998,0.014343446,-0.003835226
2026-02-12 05:52:30,0.005305486,-0.003814281,0.013075630
2026-02-12 05:52:40,0.007635566,0.002100379,-0.005770755
2026-02-12 05:52:50,0.008917238,0.007014882,0.002404055
2026-02-12 05:53:00,0.007044458,-0.015977092,-0.010416203
2026-02-12 05:53:10,-0.008955230,0.003728282,0.001743839
2026-02-12 05:53:20,0.016085521,-0.016367490,0.004785822
2026-02-12 05:53:30,0.019368032,0.006067502,-0.000271911
2026-02-12 05:53:40,0.006051259,0.004806234,0.017873323
2026-02-12 05:53:50,0.022948764,0.000798550,0.006279084
2026-02-12 05:54:00,-0.003423283,-0.001030568,0.016022271
2026-02-12 05:54:10,0.004087815,-0.015052588,0.001073441
2026-02-12 05:54:20,-0.015025544,0.003260068,-0.006619692
2026-02-12 05:54:30,-0.012883059,-0.008784679,0.005882343
2026-02-12 05:54:40,-0.010847628,0.024343141,0.007898507
2026-02-12 05:54:50,-0.000119098,0.011762958,0.016116373
2026-02-12 05:55:00,-0.012456458,0.008334024,0.030802686
2026-02-12 05:55:10,0.026951072,-0.000201529,0.000777290
2026-02-12 05:55:20,-0.000537175,-0.000815557,-0.001917034
2026-02-12 05:55:30,0.011720880,-0.004622817,0.015026224
2026-02-12 05:55:40,-0.006671190,-0.005440658,0.002234272
2026-02-12 05:55:50,0.011900316,-0.010268288,0.005249398
2026-02-12 05:56:00,0.010520709,-0.006774692,0.005111017
2026-02-12 05:56:10,-0.021536905,0.010349282,0.011353342
2026-02-12 05:56:20,-0.002999586,-0.003742435,-0.003641743
2026-02-12 05:56:30,-0.005826337,-0.007476105,-0.005199632
2026-02-12 05:56:40,0.017198408,-0.009684292,-0.016278463
2026-02-12 05:56:50,0.004208635,-0.011618451,0.004735896
2026-02-12 05:57:00,0.025992301,0.012854821,0.006710521
2026-02-12 05:57:10,-0.009959218,-0.003855605,-0.005543796
2026-02-12 05:57:20,-0.016184573,-0.012764426,0.001757842
2026-02-12 05:57:30,0.012086667,0.003850511,-0.005747661
2026-02-12 05:57:40,-0.001365953,-0.007983234,0.020921764
2026-02-12 05:57:50,-0.014517650,0.002614466,0.000197322
2026-02-12 05:58:00,0.003942214,-0.002663981,0.005079285
2026-02-12 05:58:10,0.000362783,0.002641590,0.001424208
2026-02-12 05:58:20,-0.009644113,0.004624254,-0.015673361
2026-02-12 05:58:30,0.003687497,0.002694361,-0.004179554
2026-02-12 05:58:40,0.008634898,0.008796735,0.003311764
2026-02-12 05:58:50,0.008937890,-0.012167724,-0.013154216
2026-02-12 05:59:00,0.000165884,-0.014766110,-0.012447127
2026-02-12 05:59:10,-0.022301022,-0.021439444,0.012662982
2026-02-12 05:59:20,0.010018857,-0.005344106,-0.011510744
2026-02-12 05:59:30,-0.003180877,0.004440257,0.009506037
2026-02-12 05:59:40,0.008147383,-0.006707933,0.011187510
2026-02-12 05:59:50,0.007558793,0.008009802,0.017306255
2026-02-12 06:00:00,0.008649147,-0.002601941,0.000522223
2026-02-12 06:00:10,-0.010667831,0.008865822,0.011434512
2026-02-12 06:00:20,0.008248793,-0.008174880,0.000337825
2026-02-12 06:00:30,0.004358249,0.005716668,0.027421931
2026-02-12 06:00:40,0.001452840,0.014038333,-0.001615690
2026-02-12 06:00:50,0.010189885,0.006540813,-0.006532758
2026-02-12 06:01:00,-0.008320583,-0.003490939,-0.004839998
2026-02-12 06:01:10,-0.002852531,-0.001240152,0.015925977
2026-02-12 06:01:20,-0.002497266,0.012333812,-0.001766148
2026-02-12 06:01:30,0.002395903,-0.001265832,0.002488010
2026-02-12 06:01:40,-0.005085914,-0.014742763,-0.019565698
2026-02-12 06:01:50,0.000189089,-0.009809573,-0.002655826
2026-02-12 06:02:00,-0.006108715,-0.004594995,-0.002170748
2026-02-12 06:02:10,0.020267556,-0.001832646,0.007195907
2026-02-12 06:02:20,-0.003552299,0.007903001,0.001389304
2026-02-12 06:02:30,-0.001096070,0.014551281,-0.012016233
2026-02-12 06:02:40,-0.003905790,-0.017187366,-0.010856239
2026-02-12 06:02:50,0.012772497,-0.001881697,-0.002662077
2026-02-12 06:03:00,-0.018908888,-0.009142121,0.002474197
2026-02-12 06:03:10,-0.010045927,0.001360118,0.008271948
2026-02-12 06:03:20,0.007418877,-0.009541305,-0.002092249
2026-02-12 06:03:30,-0.010017061,0.017999664,0.000383184
2026-02-12 06:03:40,0.024910237,-0.012170164,0.013474464
2026-02-12 06:03:50,-0.013018687,-0.001083055,0.012978825
2026-02-12 06:04:00,-0.017027365,0.011536760,-0.000939676
2026-02-12 06:04:10,0.006103168,-0.009052848,-0.002536923
2026-02-12 06:04:20,0.007153877,0.001556294,0.009533552
2026-02-12 06:04:30,0.002495049,0.016860612,0.004547144
2026-02-12 06:04:40,-0.004994051,-0.017343943,0.003022775
2026-02-12 06:04:50,0.013427850,0.023665429,0.009818101
2026-02-12 06:05:00,0.006059668,-0.000321505,-0.011623621
2026-02-12 06:05:10,-0.006634097,-0.001704275,0.004687787
2026-02-12 06:05:20,0.009586298,0.003367424,-0.001597040
2026-02-12 06:05:30,-0.000228191,0.009389858,0.004154420
2026-02-12 06:05:40,0.012601307,0.004205787,0.000425174
2026-02-12 06:05:50,0.000850488,-0.006485281,-0.006923761
2026-02-12 06:06:00,-0.008548988,-0.012525297,-0.011740969
2026-02-12 06:06:10,0.004925409,0.008872428,-0.000190760
2026-02-12 06:06:20,0.006523217,-0.003051924,0.001193086
2026-02-12 06:06:30,0.003321357,-0.004908361,-0.002519021
2026-02-12 06:06:40,0.004756191,0.022065417,0.010885561
2026-02-12 06:06:50,0.005648592,-0.005991530,-0.009804644
2026-02-12 06:07:00,-0.004735170,-0.004931331,-0.005286545
2026-02-12 06:07:10,-0.004162232,-0.026045337,-0.007642482
2026-02-12 06:07:20,0.017123670,-0.001115881,0.020821582
2026-02-12 06:07:30,-0.005749528,0.004630012,0.007786315
2026-02-12 06:07:40,0.007626957,0.007572438,0.009214425
2026-02-12 06:07:50,-0.012842702,-0.008832340,0.004180198
2026-02-12 06:08:00,0.013832765,-0.000509469,0.001155391
2026-02-12 06:08:10,-0.006978312,-0.013492731,-0.001522400
2026-02-12 06:08:20,-0.010295050,-0.009935443,0.014054577
2026-02-12 06:08:30,-0.022135413,0.008855951,0.010156416
2026-02-12 06:08:40,0.004883287,-0.003886994,0.018178757
2026-02-12 06:08:50,-0.008104344,0.000739990,-0.012311293
2026-02-12 06:09:00,-0.005107338,0.011557545,-0.003726103
2026-02-12 06:09:10,-0.000240877,0.009044037,-0.002306995
2026-02-12 06:09:20,0.001309159,-0.021515082,0.002022935
2026-02-12 06:09:30,0.001218257,-0.003285018,0.023956662
2026-02-12 06:09:40,-0.002931039,-0.009791150,0.005310696
2026-02-12 06:09:50,-0.001228089,-0.005868155,-0.010872941
2026-02-12 06:10:00,-0.008955283,-0.013215839,-0.007708654
2026-02-12 06:10:10,0.003246286,0.010952208,-0.004914350
2026-02-12 06:10:20,0.008639407,-0.008862998,-0.006493275
2026-02-12 06:10:30,0.012047090,0.011147703,-0.009738625
2026-02-12 06:10:40,0.005007360,-0.010505459,0.021298978
2026-02-12 06:10:50,-0.000439635,-0.007196199,-0.016578788
2026-02-12 06:11:00,-0.009517101,0.000183002,0.009265520
2026-02-12 06:11:10,0.004654146,-0.007559742,-0.003344271
2026-02-12 06:11:20,-0.018681169,-0.004601494,0.016384983
2026-02-12 06:11:30,-0.001840693,-0.003795306,0.004540956
2026-02-12 06:11:40,-0.009452508,0.003668478,-0.011055871
2026-02-12 06:11:50,0.007173659,0.001168227,-0.009881648
2026-02-12 06:12:00,0.005437421,-0.001711578,-0.014518092
2026-02-12 06:12:10,-0.007922590,0.004482982,0.005350451
2026-02-12 06:12:20,0.008310120,-0.004266517,-0.004477204
2026-02-12 06:12:30,0.011111661,-0.001256059,-0.003997063
2026-02-12 06:12:40,0.007257597,-0.001842207,0.014634980
2026-02-12 06:12:50,0.003447460,0.007831785,0.003891909
2026-02-12 06:13:00,-0.008669570,-0.008963090,-0.008646948
2026-02-12 06:13:10,-0.010879070,-0.016452515,-0.004711879
2026-02-12 06:13:20,-0.000703400,-0.008701826,-0.003420898
2026-02-12 06:13:30,0.013473136,-0.009655234,-0.003961393
2026-02-12 06:13:40,0.003203391,0.019898176,0.009201601
2026-02-12 06:13:50,-0.003227710,0.004262280,-0.010486899
2026-02-12 06:14:00,0.004159117,0.020276715,0.016111213
2026-02-12 06:14:10,0.002576716,0.010900133,-0.001916715
2026-02-12 06:14:20,0.009979484,0.019849884,0.022978471
2026-02-12 06:14:30,-0.006008704,0.002966503,0.014051413
2026-02-12 06:14:40,-0.003510441,-0.006361165,-0.002792688
2026-02-12 06:14:50,0.002036935,-0.016274997,-0.013530168
2026-02-12 06:15:00,0.010860679,0.009478164,-0.005484416
2026-02-12 06:15:10,0.004633970,0.020993773,0.022104624
2026-02-12 06:15:20,-0.014675128,-0.005945420,0.004227109
2026-02-12 06:15:30,0.007614317,-0.000136568,-0.005108291
2026-02-12 06:15:40,0.011764424,0.012656144,0.007003076
2026-02-12 06:15:50,-0.000219580,-0.002748383,-0.005689489
2026-02-12 06:16:00,-0.002458328,0.015730610,0.000190410
2026-02-12 06:16:10,0.001097556,-0.003900064,0.019886844
2026-02-12 06:16:20,0.002403696,0.007355501,0.003438092
2026-02-12 06:16:30,-0.005705626,-0.005477958,-0.008624523
2026-02-12 06:16:40,-0.003223217,0.012358557,-0.011320419
2026-02-12 06:16:50,-0.001727014,0.003962933,0.002797579
2026-02-12 06:17:00,-0.014124087,0.001470716,0.011819489
2026-02-12 06:17:10,0.023325399,0.015048640,-0.010178114
2026-02-12 06:17:20,0.003409376,0.000273168,0.017039350
2026-02-12 06:17:30,-0.014936382,0.007871164,0.002722902
2026-02-12 06:17:40,-0.007399234,-0.009366016,0.006218778
2026-02-12 06:17:50,0.000579866,0.014770232,0.016414293
2026-02-12 06:18:00,0.012546593,-0.004360043,-0.013911357
2026-02-12 06:18:10,0.022596136,-0.005248348,-0.008216862
2026-02-12 06:18:20,-0.005395345,0.009585902,0.002082365
2026-02-12 06:18:30,0.009937397,-0.014041797,-0.012998694
2026-02-12 06:18:40,0.003440502,-0.004832681,0.002844010
2026-02-12 06:18:50,-0.010723923,0.016655340,0.000650050
2026-02-12 06:19:00,0.003307477,0.005081763,-0.000932272
2026-02-12 06:19:10,-0.011012098,0.003453274,-0.010569371
2026-02-12 06:19:20,0.006607617,0.001224778,0.005086826
2026-02-12 06:19:30,0.015348274,-0.005960193,-0.020820529
2026-02-12 06:19:40,-0.012921969,0.012010156,0.004453908
2026-02-12 06:19:50,-0.009714359,-0.005718019,-0.014085131
2026-02-12 06:20:00,0.003958899,0.001054236,0.010812071
2026-02-12 06:20:10,-0.006755169,-0.010860786,0.005393658
2026-02-12 06:20:20,-0.002542661,0.010674083,0.000470731
2026-02-12 06:20:30,0.003097710,0.000684980,-0.008865954
2026-02-12 06:20:40,0.006511719,0.014903335,0.004354496
2026-02-12 06:20:50,0.016479494,-0.001085405,0.010372797
2026-02-12 06:21:00,0.008438691,-0.018851162,-0.009558351
2026-02-12 06:21:10,-0.007522908,-0.004833641,-0.006340687
2026-02-12 06:21:20,0.009658968,-0.023650415,-0.012948116
2026-02-12 06:21:30,0.004351705,0.009927750,0.019352579
2026-02-12 06:21:40,0.006159992,0.009327532,-0.002463635
2026-02-12 06:21:50,-0.005629835,-0.010765452,0.011965642
2026-02-12 06:22:00,-0.015887444,0.009860684,-0.012040958
2026-02-12 06:22:10,-0.007210231,-0.005506320,0.004539109
2026-02-12 06:22:20,-0.005041320,-0.013070714,0.005844506
2026-02-12 06:22:30,0.014023701,-0.010243918,-0.004054741
2026-02-12 06:22:40,0.000076650,0.013135353,-0.010104717
2026-02-12 06:22:50,-0.010829961,0.014943930,0.008808332
2026-02-12 06:23:00,0.008509549,0.020880723,0.009152120
2026-02-12 06:23:10,0.012906653,0.003743308,0.001416111
2026-02-12 06:23:20,0.004048073,0.001470112,-0.001064908
2026-02-12 06:23:30,0.007939102,-0.004654079,-0.008590583
2026-02-12 06:23:40,0.013838798,0.021062036,-0.016476839
2026-02-12 06:23:50,0.009849720,-0.003563606,-0.000758631
2026-02-12 06:24:00,0.007450644,-0.000862402,-0.012033356
2026-02-12 06:24:10,0.019893029,-0.004494007,-0.003673778
2026-02-12 06:24:20,0.020484256,0.009773554,-0.008532039
2026-02-12 06:24:30,-0.001190834,-0.003983560,0.011514081
2026-02-12 06:24:40,-0.011657647,-0.003981056,-0.005354449
2026-02-12 06:24:50,-0.010140284,0.007256836,0.021655735
2026-02-12 06:25:00,-0.014587610,-0.004265106,0.002301863
2026-02-12 06:25:10,-0.008718790,0.016963542,-0.000086972
2026-02-12 06:25:20,-0.009500724,0.000539727,0.008985058
2026-02-12 06:25:30,0.010404488,-0.012731292,0.007856231
2026-02-12 06:25:40,0.021947981,-0.019194893,0.010504219
2026-02-12 06:25:50,0.000086356,-0.009081518,-0.003819496
2026-02-12 06:26:00,0.001440138,0.003750142,0.013658010
2026-02-12 06:26:10,0.009306336,-0.011046693,-0.004433789
2026-02-12 06:26:20,-0.003443270,-0.002403520,-0.000815305
2026-02-12 06:26:30,-0.001559404,0.002509731,-0.015722091
2026-02-12 06:26:40,0.004581770,-0.001557581,0.011226391
2026-02-12 06:26:50,0.000596200,0.011725325,-0.009786760
2026-02-12 06:27:00,-0.003753706,-0.010859766,0.012021335
2026-02-12 06:27:10,0.006315070,0.008904938,0.001476910
2026-02-12 06:27:20,-0.006315090,0.006860530,0.009616611
2026-02-12 06:27:30,-0.015973631,0.016945344,-0.000351223
2026-02-12 06:27:40,-0.000895548,-0.018995652,0.012524611
2026-02-12 06:27:50,0.003168153,-0.002165788,-0.007770625
2026-02-12 06:28:00,0.006594240,0.016651835,0.013393964
2026-02-12 06:28:10,-0.016078429,0.005254562,0.008008669
2026-02-12 06:28:20,0.004676684,0.002607146,0.013087245
2026-02-12 06:28:30,0.004632864,-0.012839948,-0.007114667
2026-02-12 06:28:40,-0.006615536,-0.012667125,0.003011920
2026-02-12 06:28:50,-0.000778783,-0.007830560,-0.016298866
2026-02-12 06:29:00,-0.019663705,0.003225880,0.017257448
2026-02-12 06:29:10,-0.007254782,0.001244403,0.007928161
2026-02-12 06:29:20,0.003516811,-0.004949690,-0.000826903
2026-02-12 06:29:30,-0.011215502,-0.003964137,-0.001086585
2026-02-12 06:29:40,-0.014114967,0.003441278,-0.005872990
2026-02-12 06:29:50,-0.016684853,-0.019397418,-0.008678511
2026-02-12 06:30:00,-0.010458483,-0.002863477,-0.006462472
2026-02-12 06:30:10,-0.002018496,-0.013882225,0.007180971
2026-02-12 06:30:20,0.006914061,0.002646520,-0.005046563
2026-02-12 06:30:30,0.005512836,0.002855324,0.013587643
2026-02-12 06:30:40,0.002797424,0.009826613,0.004688202
2026-02-12 06:30:50,-0.015127731,-0.000975425,0.015030403
2026-02-12 06:31:00,-0.013069597,-0.006617867,0.010263352
2026-02-12 06:31:10,0.003204882,0.005538821,-0.002392673
2026-02-12 06:31:20,-0.003351909,-0.003197814,-0.015759197
2026-02-12 06:31:30,0.000891201,-0.006786487,-0.002999205
2026-02-12 06:31:40,0.004235497,0.004095601,0.021444505
2026-02-12 06:31:50,0.021900635,0.019442246,-0.015635863
2026-02-12 06:32:00,0.000925154,0.008752589,-0.000022650
2026-02-12 06:32:10,-0.007125103,-0.002297552,0.015849431
2026-02-12 06:32:20,0.002599799,0.009879894,-0.014161857
2026-02-12 06:32:30,-0.001119861,-0.006495674,-0.002769187
2026-02-12 06:32:40,0.015595696,0.012189071,-0.003074356
2026-02-12 06:32:50,0.002109167,0.001639298,0.007874002
2026-02-12 06:33:00,0.000979441,-0.003863076,-0.005148043
2026-02-12 06:33:10,0.000167875,0.007735967,0.005022541
2026-02-12 06:33:20,0.001386317,0.012805614,-0.005426572
2026-02-12 06:33:30,0.010367674,0.004317463,0.000811810
2026-02-12 06:33:40,0.010197224,-0.005479160,0.011437620
2026-02-12 06:33:50,0.010017770,0.009323022,-0.002614813
2026-02-12 06:34:00,-0.005945567,-0.001287906,0.006694162
2026-02-12 06:34:10,0.001930859,0.011105143,-0.012651012
2026-02-12 06:34:20,0.010945424,0.004465801,-0.000985507
2026-02-12 06:34:30,0.006967002,-0.007683307,0.008197211
2026-02-12 06:34:40,0.012385832,0.004906666,-0.005994677
2026-02-12 06:34:50,-0.001866550,0.004100322,0.006363759
2026-02-12 06:35:00,0.012349985,-0.001709613,0.006347384
2026-02-12 06:35:10,0.009564570,-0.004735494,-0.003519388
2026-02-12 06:35:20,0.013746806,0.012763814,0.013483237
2026-02-12 06:35:30,-0.002633965,0.012796974,0.015262976
2026-02-12 06:35:40,-0.009983103,-0.008348327,-0.018443584
2026-02-12 06:35:50,-0.003350679,0.004123108,0.008077322
2026-02-12 06:36:00,0.017873072,0.006991466,0.005827250
2026-02-12 06:36:10,0.005402252,-0.004743521,-0.014658932
2026-02-12 06:36:20,-0.004031089,0.004063452,0.002854244
2026-02-12 06:36:30,0.007386851,0.000728009,-0.006755117
2026-02-12 06:36:40,0.001632875,0.003647372,0.000992075
2026-02-12 06:36:50,0.000095103,0.002599864,-0.005447906
2026-02-12 06:37:00,-0.002175547,-0.000231478,0.000154265
2026-02-12 06:37:10,0.012830991,0.013257635,-0.005670345
2026-02-12 06:37:20,-0.005954676,-0.001052848,0.000065851
2026-02-12 06:37:30,0.013264822,-0.001730628,-0.012325588
2026-02-12 06:37:40,-0.005869449,0.000033541,-0.012731880
2026-02-12 06:37:50,-0.008214069,0.014441736,-0.009276554
2026-02-12 06:38:00,0.001936445,0.000096007,0.016516124
2026-02-12 06:38:10,0.008052991,0.002887938,-0.004915580
2026-02-12 06:38:20,-0.003323678,0.018458246,0.008062067
2026-02-12 06:38:30,-0.017397046,-0.011431951,0.001687999
2026-02-12 06:38:40,0.021245630,0.012672482,0.005537724
2026-02-12 06:38:50,0.011686273,-0.004848370,0.001080115
2026-02-12 06:39:00,-0.018025988,-0.010774052,-0.001576840
2026-02-12 06:39:10,0.002233030,-0.004544481,0.004998271
2026-02-12 06:39:20,0.003728611,0.005330095,0.000297932
2026-02-12 06:39:30,0.010028864,-0.003618093,0.007903114
2026-02-12 06:39:40,-0.005888413,0.001676958,0.006893222
2026-02-12 06:39:50,-0.002251949,0.010015992,0.001106112
2026-02-12 06:40:00,0.016793560,-0.008881815,-0.008201116
2026-02-12 06:40:10,0.023184187,-0.001423056,-0.003616594
2026-02-12 06:40:20,-0.011015725,-0.017229588,0.001163627
2026-02-12 06:40:30,-0.008752982,0.012612245,0.010521810
2026-02-12 06:40:40,-0.006656722,0.011716981,-0.007921329
2026-02-12 06:40:50,0.002729378,0.001417769,-0.006088448
2026-02-12 06:41:00,-0.009405602,-0.000602248,-0.002265084
2026-02-12 06:41:10,0.002169931,-0.010075415,-0.005679465
2026-02-12 06:41:20,-0.013626504,-0.001310054,0.010676125
2026-02-12 06:41:30,0.006282419,0.004442071,-0.009133369
2026-02-12 06:41:40,0.008898113,-0.000926749,0.005229312
2026-02-12 06:41:50,0.004915464,-0.000818476,0.031072055
2026-02-12 06:42:00,0.001672980,0.000672626,0.002703458
2026-02-12 06:42:10,-0.001639061,-0.007382986,-0.004112981
2026-02-12 06:42:20,0.001692269,0.010409635,-0.013868685
2026-02-12 06:42:30,0.003755661,-0.010427613,0.003774293
2026-02-12 06:42:40,-0.015039559,-0.005731885,0.002011069
2026-02-12 06:42:50,0.004029984,0.000676776,0.003571434
2026-02-12 06:43:00,-0.003244990,-0.008036081,-0.007733669
2026-02-12 06:43:10,-0.000818446,0.011408585,-0.005893978
2026-02-12 06:43:20,-0.000069636,0.005117608,-0.016048546
2026-02-12 06:43:30,0.000544545,-0.004242785,-0.000915701
2026-02-12 06:43:40,0.000353500,-0.016885160,-0.002375205
2026-02-12 06:43:50,-0.005926341,-0.008079732,-0.008285008
2026-02-12 06:44:00,0.015389625,0.019324699,0.015243124
2026-02-12 06:44:10,-0.003018048,-0.003553744,0.004976620
2026-02-12 06:44:20,-0.001528370,0.001368918,0.015812149
2026-02-12 06:44:30,-0.002242310,-0.007739520,-0.006946049
2026-02-12 06:44:40,-0.005547050,-0.002247100,0.000176139
2026-02-12 06:44:50,-0.002897311,0.004329831,0.006759196
2026-02-12 06:45:00,-0.002705368,-0.015863052,-0.015887138
2026-02-12 06:45:10,0.010225509,0.009449248,0.009744334
2026-02-12 06:45:20,0.010751021,-0.000556558,0.008463782
2026-02-12 06:45:30,-0.008240735,-0.007371250,0.014509083
2026-02-12 06:45:40,-0.002439775,0.008403961,0.012366081
2026-02-12 06:45:50,0.003379349,-0.004542418,-0.002330577
2026-02-12 06:46:00,0.000562704,-0.002226594,0.003887560
2026-02-12 06:46:10,-0.001456331,-0.010062273,0.007073455
2026-02-12 06:46:20,0.004827273,0.002626047,-0.003980609
2026-02-12 06:46:30,-0.013620755,-0.009495268,-0.004903458
2026-02-12 06:46:40,0.004180633,-0.009218014,0.010022731
2026-02-12 06:46:50,-0.003985111,0.019658901,0.008270382
2026-02-12 06:47:00,0.019157303,-0.014666990,0.002719312
2026-02-12 06:47:10,0.000603435,0.010764732,-0.009705368
2026-02-12 06:47:20,0.006252656,0.010699370,-0.015486677
2026-02-12 06:47:30,-0.001311338,0.002460848,0.001460366
2026-02-12 06:47:40,0.007891399,-0.008844576,0.012643423
2026-02-12 06:47:50,-0.000671690,-0.000403283,0.031581378
2026-02-12 06:48:00,-0.005883361,-0.005525859,0.003571402
2026-02-12 06:48:10,0.024453404,-0.008089516,-0.010577904
2026-02-12 06:48:20,0.008008916,-0.001931984,-0.002454680
2026-02-12 06:48:30,0.004033424,0.000121013,0.001210352
2026-02-12 06:48:40,-0.004629183,-0.008583614,-0.009377349
2026-02-12 06:48:50,-0.006007647,0.008510793,-0.004444103
2026-02-12 06:49:00,-0.024027936,-0.002210550,-0.004159301
2026-02-12 06:49:10,0.002872752,0.001345385,-0.006380350
2026-02-12 06:49:20,-0.000484791,-0.013756936,-0.007405692
2026-02-12 06:49:30,0.000677786,-0.013777210,0.001943959
2026-02-12 06:49:40,-0.010094571,0.002601267,-0.015603639
2026-02-12 06:49:50,-0.008105898,-0.008965094,0.008133153
2026-02-12 06:50:00,-0.001723073,-0.014451054,-0.003846476
2026-02-12 06:50:10,-0.010102241,0.001478295,0.002334787
2026-02-12 06:50:20,0.008878064,0.002754219,0.004234294
2026-02-12 06:50:30,0.001319405,0.012639671,0.011197748
2026-02-12 06:50:40,-0.003572981,-0.005145634,0.011545195
2026-02-12 06:50:50,0.007082864,-0.003757162,0.003677244
2026-02-12 06:51:00,-0.002194423,0.008547772,0.017228697
2026-02-12 06:51:10,0.016982419,-0.008972550,0.001934734
2026-02-12 06:51:20,0.003832523,-0.001693892,-0.023480692
2026-02-12 06:51:30,-0.028425233,0.007836673,-0.000227381
2026-02-12 06:51:40,0.016038037,0.002387834,0.000579589
2026-02-12 06:51:50,0.008698748,0.002292995,-0.005704763
2026-02-12 06:52:00,0.000713038,0.006229722,0.009669840
2026-02-12 06:52:10,0.011359111,-0.010696041,0.007291233
2026-02-12 06:52:20,-0.005702514,0.003070329,0.005754332
2026-02-12 06:52:30,0.004435356,-0.008690421,0.001077097
2026-02-12 06:52:40,0.002992730,-0.005109934,-0.004220224
2026-02-12 06:52:50,-0.007008990,-0.018556054,-0.016163007
2026-02-12 06:53:00,-0.006373410,-0.017248023,-0.005551452
2026-02-12 06:53:10,0.001151636,-0.001926291,0.004509691
2026-02-12 06:53:20,-0.000107504,0.010818075,-0.012015434
2026-02-12 06:53:30,-0.005317979,0.010943001,-0.008033150
2026-02-12 06:53:40,0.020169681,-0.013514480,0.003085352
2026-02-12 06:53:50,-0.016407623,-0.013239299,-0.001038781
2026-02-12 06:54:00,-0.001962454,-0.009615092,-0.013602948
2026-02-12 06:54:10,0.006498058,0.008941285,-0.021533670
2026-02-12 06:54:20,0.013045168,0.000376111,-0.011214744
2026-02-12 06:54:30,0.003477690,-0.026227891,-0.008034143
2026-02-12 06:54:40,0.006331438,0.018570103,0.005170689
2026-02-12 06:54:50,-0.005700050,0.000222083,-0.014292322
2026-02-12 06:55:00,-0.004976651,0.005247276,0.013591667
2026-02-12 06:55:10,0.001719382,0.006789250,-0.005935118
2026-02-12 06:55:20,0.000993660,-0.001748429,-0.008074318
2026-02-12 06:55:30,-0.005156491,-0.008974551,0.001054163
2026-02-12 06:55:40,-0.002460376,-0.011780469,-0.008257103
2026-02-12 06:55:50,0.011502035,0.019367489,-0.002915502
2026-02-12 06:56:00,-0.005838082,-0.000570463,-0.019420757
2026-02-12 06:56:10,0.006658263,0.002787980,0.002475133
2026-02-12 06:56:20,-0.003289638,-0.003105889,0.023331190
2026-02-12 06:56:30,-0.013848451,-0.000937631,0.013814676
2026-02-12 06:56:40,0.004368633,-0.003540550,-0.000482554
2026-02-12 06:56:50,-0.012130194,0.001776478,-0.010538020
2026-02-12 06:57:00,0.004038062,0.014928774,0.000079329
2026-02-12 06:57:10,-0.003942620,-0.005259777,-0.000631151
2026-02-12 06:57:20,0.012424704,-0.002138207,0.005444724
2026-02-12 06:57:30,0.015819543,-0.015120937,-0.004656963
2026-02-12 06:57:40,0.000913328,-0.006360016,0.005308525
2026-02-12 06:57:50,0.003721835,-0.012252207,0.011906007
2026-02-12 06:58:00,-0.019631415,-0.000750716,0.012841748
2026-02-12 06:58:10,0.003965051,0.007296588,0.021018200
2026-02-12 06:58:20,0.001056435,0.001746243,-0.030609885
2026-02-12 06:58:30,-0.007171543,-0.017823502,-0.001918625
2026-02-12 06:58:40,-0.005793485,0.017237593,0.002078720
2026-02-12 06:58:50,0.000090100,0.019429739,-0.001477239
2026-02-12 06:59:00,-0.004747554,-0.006650396,-0.008185509
2026-02-12 06:59:10,0.008377334,-0.001515595,0.000501390
2026-02-12 06:59:20,0.004628064,0.005475848,0.015174006
2026-02-12 06:59:30,-0.001761678,0.016176620,0.002496247
2026-02-12 06:59:40,0.006308774,-0.003895258,0.016972618
2026-02-12 06:59:50,-0.017168290,0.003343095,-0.006586744
2026-02-12 07:00:00,0.010987603,-0.010205064,-0.000611589
2026-02-12 07:00:10,0.000053240,0.009566483,0.003681693
2026-02-12 07:00:20,-0.010384164,0.009802521,0.005072949
2026-02-12 07:00:30,0.014826559,-0.004226773,-0.004249985
2026-02-12 07:00:40,-0.013387864,0.017241722,-0.003980082
2026-02-12 07:00:50,0.001286074,0.007724805,-0.003927935
2026-02-12 07:01:00,-0.017173541,0.001276359,0.003365995
2026-02-12 07:01:10,-0.000294314,-0.005540795,0.008344647
2026-02-12 07:01:20,-0.010232143,0.014678789,0.000192353
2026-02-12 07:01:30,-0.003419178,-0.000353874,-0.023105114
2026-02-12 07:01:40,0.017103760,0.010480741,-0.000851750
2026-02-12 07:01:50,-0.000086465,-0.002749461,0.004900476
2026-02-12 07:02:00,0.007191337,-0.009161412,-0.006293784
2026-02-12 07:02:10,-0.006378451,-0.003463202,-0.004427803
2026-02-12 07:02:20,0.003790255,-0.001526957,-0.005534175
2026-02-12 07:02:30,-0.008906107,-0.005397955,0.006508492
2026-02-12 07:02:40,-0.007771816,-0.012423189,0.008020687
2026-02-12 07:02:50,0.012835909,-0.005737187,0.008422283
2026-02-12 07:03:00,-0.001944460,-0.009765731,-0.006720204
2026-02-12 07:03:10,-0.005519362,0.002538107,-0.009078482
2026-02-12 07:03:20,0.008650246,-0.011775659,0.003860416
2026-02-12 07:03:30,-0.016827838,-0.008658985,0.001147733
2026-02-12 07:03:40,-0.001610014,-0.001532875,0.000037032
2026-02-12 07:03:50,0.001412447,-0.015564966,-0.002218684
2026-02-12 07:04:00,-0.006103214,0.002687146,0.003323613
2026-02-12 07:04:10,-0.012151983,0.004278067,0.017315052
2026-02-12 07:04:20,0.007918957,-0.007170325,-0.012898288
2026-02-12 07:04:30,0.006127410,-0.020752449,0.001249046
2026-02-12 07:04:40,-0.001828068,-0.008233103,-0.009361955
2026-02-12 07:04:50,0.005300054,-0.010577799,0.001433120
2026-02-12 07:05:00,-0.000546887,0.026214209,0.000070692
2026-02-12 07:05:10,-0.013231503,0.004174999,-0.002025696
2026-02-12 07:05:20,0.013447608,0.007025850,0.016710239
2026-02-12 07:05:30,-0.003130570,0.014038373,-0.003214019
2026-02-12 07:05:40,-0.005739886,0.003262537,-0.002830498
2026-02-12 07:05:50,0.007577132,-0.005419052,0.007427895
2026-02-12 07:06:00,0.002443111,-0.017600795,0.005123930
2026-02-12 07:06:10,-0.007169748,-0.007803685,0.006306241
2026-02-12 07:06:20,-0.005027196,0.002866344,-0.015849059
2026-02-12 07:06:30,-0.005800326,0.006191630,-0.011015083
2026-02-12 07:06:40,0.006625954,-0.016032713,0.002705470
2026-02-12 07:06:50,-0.002938909,-0.021419404,0.000080202
2026-02-12 07:07:00,0.009845329,-0.005788134,0.001434831
2026-02-12 07:07:10,0.023314972,-0.010600784,0.001712481
2026-02-12 07:07:20,0.000107054,0.000564703,-0.008326410
2026-02-12 07:07:30,-0.019754833,-0.011648467,0.000406764
2026-02-12 07:07:40,0.007349507,-0.007881757,-0.006000244
2026-02-12 07:07:50,0.011622227,-0.005678132,0.007924125
2026-02-12 07:08:00,-0.018762203,0.003896602,-0.011139677
2026-02-12 07:08:10,0.015802624,0.008202517,0.003420343
2026-02-12 07:08:20,0.001645602,0.004343136,-0.001036299
2026-02-12 07:08:30,0.009165456,-0.002575826,0.007068559
2026-02-12 07:08:40,0.015832086,0.011861928,-0.006957620
2026-02-12 07:08:50,-0.007493799,0.003866176,0.000284378
2026-02-12 07:09:00,-0.006535126,-0.004207493,-0.008469168
2026-02-12 07:09:10,-0.008427103,-0.039169186,-0.002840540
2026-02-12 07:09:20,0.008634427,0.021063378,0.010689241
2026-02-12 07:09:30,0.000758394,-0.009179444,-0.003896250
2026-02-12 07:09:40,0.010864674,-0.008368137,-0.001435856
2026-02-12 07:09:50,-0.000940758,-0.017697397,-0.004136481
2026-02-12 07:10:00,0.005231354,0.017105814,0.000645411
2026-02-12 07:10:10,0.006681023,0.004525527,0.012543615
2026-02-12 07:10:20,0.003809793,-0.000108827,-0.006239820
2026-02-12 07:10:30,0.006430425,-0.000348503,-0.015575448
2026-02-12 07:10:40,0.010756368,-0.003451899,-0.014677477
2026-02-12 07:10:50,0.004902446,0.003851132,-0.007904896
2026-02-12 07:11:00,-0.019729609,0.001049920,-0.002199900
2026-02-12 07:11:10,-0.013215802,0.009607422,0.001709081
2026-02-12 07:11:20,-0.024307944,0.007877029,0.009410266
2026-02-12 07:11:30,0.006968412,-0.000314742,-0.009852963
2026-02-12 07:11:40,0.009426988,-0.011252389,-0.014823825
2026-02-12 07:11:50,0.001600445,0.002222369,-0.011108774
2026-02-12 07:12:00,-0.000472896,-0.009864447,-0.006851169
2026-02-12 07:12:10,-0.002519350,0.001585026,0.001781225
2026-02-12 07:12:20,0.000208491,0.007922479,0.016217239
2026-02-12 07:12:30,-0.011873379,-0.027983665,0.014530043
2026-02-12 07:12:40,0.000627674,-0.000708731,-0.017899165
2026-02-12 07:12:50,-0.000230281,-0.007293204,-0.017286312
2026-02-12 07:13:00,-0.001164869,0.004273509,-0.000273043
2026-02-12 07:13:10,-0.004463959,-0.000963545,-0.004859964
2026-02-12 07:13:20,0.009757835,-0.001233885,0.030873102
2026-02-12 07:13:30,0.007624628,-0.004776103,0.001341612
2026-02-12 07:13:40,-0.016226762,-0.001370269,-0.008641845
2026-02-12 07:13:50,-0.001106318,-0.017903781,0.002676216
2026-02-12 07:14:00,0.002421501,-0.010614147,-0.013350806
2026-02-12 07:14:10,-0.002856570,0.010502046,0.001708600
2026-02-12 07:14:20,-0.005928828,0.012857380,-0.004917169
2026-02-12 07:14:30,-0.003542246,-0.020864979,0.003329826
2026-02-12 07:14:40,0.002799963,-0.005247078,-0.001263983
2026-02-12 07:14:50,0.000312431,-0.004970758,0.015285754
2026-02-12 07:15:00,0.006457359,-0.020238270,0.013005679
2026-02-12 07:15:10,0.009319720,-0.017628191,0.004096657
2026-02-12 07:15:20,0.014499501,-0.014030563,-0.002553081
2026-02-12 07:15:30,0.003366896,0.015734716,-0.006911936
2026-02-12 07:15:40,-0.000967501,0.007980422,0.001907296
2026-02-12 07:15:50,0.014059730,0.010633705,0.007254260
2026-02-12 07:16:00,0.002307359,0.009650582,-0.000324442
2026-02-12 07:16:10,0.010144986,0.000897879,0.014267842
2026-02-12 07:16:20,0.021199324,0.010204075,0.001930386
2026-02-12 07:16:30,-0.000933731,0.006292956,-0.004266651
2026-02-12 07:16:40,0.017754316,-0.005400139,-0.001696760
2026-02-12 07:16:50,-0.010373181,0.014216434,0.002289826
2026-02-12 07:17:00,-0.007130563,-0.003158682,-0.002233460
2026-02-12 07:17:10,-0.017134676,0.007867443,-0.007461544
2026-02-12 07:17:20,-0.012425219,-0.024138096,-0.008233542
2026-02-12 07:17:30,0.006088041,0.015003863,0.012557750
2026-02-12 07:17:40,0.003801913,0.010625424,-0.005272237
2026-02-12 07:17:50,0.006345972,-0.005918881,0.009491344
2026-02-12 07:18:00,0.016473474,-0.012259081,-0.004783310
2026-02-12 07:18:10,0.004818774,-0.007988026,-0.007157648
2026-02-12 07:18:20,-0.000484629,-0.007100700,-0.008286995
2026-02-12 07:18:30,0.019333689,-0.010018891,0.016231549
2026-02-12 07:18:40,0.012850825,-0.010286148,-0.009339085
2026-02-12 07:18:50,0.008449389,0.001833630,-0.000703131
2026-02-12 07:19:00,-0.002238596,-0.003304963,-0.004528446
2026-02-12 07:19:10,-0.004778944,0.015104805,0.018316039
2026-02-12 07:19:20,-0.006127067,-0.027760114,-0.008254198
2026-02-12 07:19:30,-0.001578415,0.002500228,0.008968667
2026-02-12 07:19:40,0.009728464,-0.004473056,-0.002069311
2026-02-12 07:19:50,-0.006326824,0.010341641,-0.007518382
2026-02-12 07:20:00,-0.004651861,-0.002392888,0.006908800
2026-02-12 07:20:10,-0.016674936,-0.013148844,-0.003264336
2026-02-12 07:20:20,-0.002150829,0.000551421,-0.019850720
2026-02-12 07:20:30,0.002394791,-0.001574490,0.013414377
2026-02-12 07:20:40,-0.002193755,-0.005829155,0.002617347
2026-02-12 07:20:50,0.006390600,0.008841530,-0.019874150
2026-02-12 07:21:00,0.016951716,-0.008520705,-0.019842532
2026-02-12 07:21:10,0.007654223,-0.007881606,0.015483780
2026-02-12 07:21:20,0.005304266,0.011937187,0.002669189
2026-02-12 07:21:30,-0.006447474,0.004782530,-0.013308558
2026-02-12 07:21:40,0.019541094,0.003041910,0.009606941
2026-02-12 07:21:50,0.014324810,0.005414822,0.004303479
2026-02-12 07:22:00,0.003901920,0.013720280,0.019210520
2026-02-12 07:22:10,0.013214564,0.009519906,0.016446334
2026-02-12 07:22:20,-0.015170787,0.004091331,-0.005152696
2026-02-12 07:22:30,0.018784474,-0.001927761,-0.011941551
2026-02-12 07:22:40,-0.002381926,0.009294265,0.000944923
2026-02-12 07:22:50,-0.003713715,0.003112830,-0.000015107
2026-02-12 07:23:00,-0.014154331,-0.002946354,-0.016322313
2026-02-12 07:23:10,-0.000743074,0.014978452,-0.007126253
2026-02-12 07:23:20,-0.001845135,-0.000155070,-0.010354036
2026-02-12 07:23:30,-0.013716027,0.008406962,-0.001000773
2026-02-12 07:23:40,0.018071908,0.007720614,0.009694517
2026-02-12 07:23:50,-0.009484618,0.003480880,0.004694650
2026-02-12 07:24:00,0.004720281,0.006367224,-0.024983334
2026-02-12 07:24:10,-0.020143748,0.014201480,0.008508684
2026-02-12 07:24:20,0.008721027,-0.013296588,-0.009975285
2026-02-12 07:24:30,-0.005319246,-0.022676063,-0.004259745
2026-02-12 07:24:40,0.024624704,0.002336538,0.004134568
2026-02-12 07:24:50,0.004157711,0.007461636,-0.001230889
2026-02-12 07:25:00,0.007786940,-0.005282416,-0.002549881
2026-02-12 07:25:10,-0.012473456,-0.014198348,-0.028970538
2026-02-12 07:25:20,-0.019505106,0.002293221,0.015887916
2026-02-12 07:25:30,-0.006740604,-0.006060423,-0.013311701
2026-02-12 07:25:40,-0.021249955,-0.014289465,-0.012045460
2026-02-12 07:25:50,0.006100866,0.012196543,-0.001639807
2026-02-12 07:26:00,0.002885991,0.000983136,-0.023542434
2026-02-12 07:26:10,0.006057714,0.010528221,-0.011063324
2026-02-12 07:26:20,0.000950820,-0.001773414,0.007752994
2026-02-12 07:26:30,-0.008248885,0.005179343,0.002325216
2026-02-12 07:26:40,0.008667630,0.005255824,-0.004545150
2026-02-12 07:26:50,0.007596427,-0.009093430,-0.010244729
2026-02-12 07:27:00,-0.012364599,0.004286630,0.004161980
2026-02-12 07:27:10,0.002558784,0.015856145,0.015118393
2026-02-12 07:27:20,0.009712277,0.000106209,-0.010934549
2026-02-12 07:27:30,-0.025941642,-0.000031051,-0.009356070
2026-02-12 07:27:40,0.003765642,0.006625390,-0.019867660
2026-02-12 07:27:50,0.010738845,0.020750850,0.007834667
2026-02-12 07:28:00,0.003300018,0.010195420,-0.003015634
2026-02-12 07:28:10,0.004025489,-0.000381448,-0.002850297
2026-02-12 07:28:20,-0.027414450,0.011896248,0.024123390
2026-02-12 07:28:30,0.004617130,-0.004792049,-0.010260376
2026-02-12 07:28:40,-0.018170669,0.008076564,-0.003595001
2026-02-12 07:28:50,-0.007778065,-0.010126985,-0.009600705
2026-02-12 07:29:00,0.007323299,0.019272818,-0.007173707
2026-02-12 07:29:10,0.008483008,0.018218959,-0.000974950
2026-02-12 07:29:20,-0.007894029,0.013052284,0.006250748
2026-02-12 07:29:30,0.001708472,-0.006823711,-0.003516942
2026-02-12 07:29:40,0.007282360,-0.018877187,-0.008903549
2026-02-12 07:29:50,0.003622569,-0.006279131,0.004645332
2026-02-12 07:30:00,0.008333672,0.005206100,0.007643994
2026-02-12 07:30:10,0.006836159,0.010535593,-0.005042131
2026-02-12 07:30:20,0.005831213,0.002351822,0.007015666
2026-02-12 07:30:30,0.017523171,-0.008642075,-0.009935566
2026-02-12 07:30:40,-0.010998659,0.009573337,-0.003431026
2026-02-12 07:30:50,0.007218296,-0.010292921,0.007927149
2026-02-12 07:31:00,0.004271288,-0.017787754,0.005280067
2026-02-12 07:31:10,0.000242414,-0.002225034,-0.006298840
2026-02-12 07:31:20,-0.004976422,0.000750857,-0.007252703
2026-02-12 07:31:30,0.025642140,-0.012714441,-0.005821308
2026-02-12 07:31:40,0.007687131,-0.008151864,0.009221417
2026-02-12 07:31:50,-0.001402774,0.010994197,-0.014034485
2026-02-12 07:32:00,0.001985828,0.005877673,-0.009133161
2026-02-12 07:32:10,0.010072373,-0.009076995,-0.012913582
2026-02-12 07:32:20,-0.006720982,0.006315027,-0.005014417
2026-02-12 07:32:30,0.002490128,0.005823191,0.007446275
2026-02-12 07:32:40,0.001536507,-0.006892012,-0.005240534
2026-02-12 07:32:50,-0.016556610,0.010161955,-0.009288094
2026-02-12 07:33:00,0.004388256,0.008445054,0.004864033
2026-02-12 07:33:10,0.005307647,-0.011159728,-0.009062151
2026-02-12 07:33:20,0.005036796,-0.012203090,-0.005732766
2026-02-12 07:33:30,-0.010546344,-0.001231157,0.025732673
2026-02-12 07:33:40,0.005763004,-0.009697082,-0.009973541
2026-02-12 07:33:50,-0.008016799,0.008882577,0.010330652
2026-02-12 07:34:00,-0.000928840,0.007163120,-0.005932531
2026-02-12 07:34:10,-0.002931916,0.017207425,0.011231536
2026-02-12 07:34:20,-0.009404418,0.000002831,-0.007349293
2026-02-12 07:34:30,-0.000244111,0.011049272,0.011355320
2026-02-12 07:34:40,-0.004955290,-0.008142900,0.000261015
2026-02-12 07:34:50,-0.007009633,-0.003050203,-0.007779985
2026-02-12 07:35:00,0.007808485,0.007081040,0.010484211
2026-02-12 07:35:10,-0.023954667,0.001359737,-0.005350313
2026-02-12 07:35:20,-0.002094972,-0.018918999,0.002802874
2026-02-12 07:35:30,0.002924085,0.008922535,-0.002812678
2026-02-12 07:35:40,0.008231026,0.000982219,0.005040784
2026-02-12 07:35:50,-0.007299325,0.002283498,0.014076078
2026-02-12 07:36:00,-0.003891297,0.003060758,-0.009237380
2026-02-12 07:36:10,-0.003429625,0.019721370,0.001343799
2026-02-12 07:36:20,-0.001255861,-0.008689196,0.000151431
2026-02-12 07:36:30,0.001056908,-0.003558090,-0.002412747
2026-02-12 07:36:40,0.014863724,0.001397848,0.010961884
2026-02-12 07:36:50,-0.005133668,0.001793337,0.008335123
2026-02-12 07:37:00,0.012951806,0.002598457,0.014999772
2026-02-12 07:37:10,-0.002281284,0.009800820,-0.019361310
2026-02-12 07:37:20,0.006473013,0.001152228,-0.010770350
2026-02-12 07:37:30,0.004302896,-0.006142816,-0.013087990
2026-02-12 07:37:40,0.004849009,-0.008787587,-0.018332187
2026-02-12 07:37:50,0.013482961,-0.002906881,-0.008147925
2026-02-12 07:38:00,0.000875841,-0.000031060,0.000397570
2026-02-12 07:38:10,0.008827974,-0.008859182,-0.005516439
2026-02-12 07:38:20,-0.002663603,-0.012137949,-0.002199152
2026-02-12 07:38:30,0.003586255,0.017513940,-0.013225657
2026-02-12 07:38:40,-0.004999385,0.002091231,-0.002459673
2026-02-12 07:38:50,0.007467335,0.003771395,-0.004027471
2026-02-12 07:39:00,-0.000199853,-0.002936903,0.001821041
2026-02-12 07:39:10,0.000260425,0.011236075,0.000870038
2026-02-12 07:39:20,0.007358954,0.001042950,0.001423406
2026-02-12 07:39:30,-0.005769380,-0.004246563,0.002990242
2026-02-12 07:39:40,0.014960079,-0.005090206,-0.011400815
2026-02-12 07:39:50,0.008676969,-0.000072600,-0.011306129
2026-02-12 07:40:00,0.008363184,0.002194782,0.006563874
2026-02-12 07:40:10,-0.002193146,0.001668646,0.004605662
2026-02-12 07:40:20,-0.001161728,0.005654326,-0.006607599
2026-02-12 07:40:30,-0.011330232,-0.002739011,-0.000561265
2026-02-12 07:40:40,0.000266923,0.000617924,0.009699603
2026-02-12 07:40:50,-0.002527666,-0.002534888,0.012530710
2026-02-12 07:41:00,0.008258917,0.010589822,0.006194040
2026-02-12 07:41:10,-0.003878302,-0.008664591,-0.001709123
2026-02-12 07:41:20,-0.001594938,0.006030944,-0.004675800
2026-02-12 07:41:30,-0.000273863,-0.014031405,0.007938179
2026-02-12 07:41:40,0.013796247,-0.004426741,-0.011010624
2026-02-12 07:41:50,-0.012911722,-0.004311477,0.008179942
2026-02-12 07:42:00,-0.000667743,-0.008458850,-0.000740534
2026-02-12 07:42:10,0.009991203,-0.012786018,-0.005311956
2026-02-12 07:42:20,0.004274809,-0.019687338,0.007894392
2026-02-12 07:42:30,0.017112160,0.003705226,0.009340896
2026-02-12 07:42:40,-0.001389872,-0.000610558,0.013347833
2026-02-12 07:42:50,-0.014526481,0.004316720,-0.012122347
2026-02-12 07:43:00,0.005065120,-0.002737625,-0.021532156
2026-02-12 07:43:10,0.002397357,0.009519553,-0.008340933
2026-02-12 07:43:20,-0.000923670,0.004482672,0.017772410
2026-02-12 07:43:30,0.002638180,0.003445226,0.008094067
2026-02-12 07:43:40,0.017319020,0.000489014,0.008858666
2026-02-12 07:43:50,0.032332048,-0.002384605,0.012812107
2026-02-12 07:44:00,0.008570930,0.001896056,-0.006784751
2026-02-12 07:44:10,0.008851126,-0.005392949,0.011817330
2026-02-12 07:44:20,-0.017001322,0.008307352,0.017012254
2026-02-12 07:44:30,-0.018054115,-0.003273737,0.017460704
2026-02-12 07:44:40,-0.000538632,-0.024014989,-0.009878456
2026-02-12 07:44:50,-0.010877387,0.004435063,-0.013196541
2026-02-12 07:45:00,0.008517405,0.000863531,-0.001859449
2026-02-12 07:45:10,-0.000698519,-0.002708844,0.022650602
2026-02-12 07:45:20,-0.006337056,0.001402449,0.017500385
2026-02-12 07:45:30,0.005111013,-0.005315861,0.012904069
2026-02-12 07:45:40,-0.015268613,0.013649619,-0.003136004
2026-02-12 07:45:50,-0.004096214,0.009881410,-0.012253439
2026-02-12 07:46:00,-0.012320546,0.005311693,-0.006489852
2026-02-12 07:46:10,-0.009465540,-0.006276175,-0.006122132
2026-02-12 07:46:20,-0.010511924,0.014553793,0.002805393
2026-02-12 07:46:30,-0.020911529,0.009785762,0.002981553
2026-02-12 07:46:40,-0.008126892,0.007968956,-0.002673373
2026-02-12 07:46:50,0.002168328,0.013699124,0.005399460
2026-02-12 07:47:00,-0.009531481,0.004486473,0.006578373
2026-02-12 07:47:10,-0.007569693,-0.000536691,0.003823891
2026-02-12 07:47:20,-0.000134716,0.001240898,0.004198035
2026-02-12 07:47:30,-0.000940136,-0.002128795,-0.003316546
2026-02-12 07:47:40,-0.000422578,0.001087186,0.003000547
2026-02-12 07:47:50,0.003584694,-0.012593939,-0.011943351
2026-02-12 07:48:00,-0.005821631,0.003738080,0.004234385
2026-02-12 07:48:10,-0.005001861,-0.008023949,-0.006386392
2026-02-12 07:48:20,0.004910526,-0.004149714,-0.017569485
2026-02-12 07:48:30,0.002502552,0.007245294,0.013022959
2026-02-12 07:48:40,0.000542798,0.005277047,-0.004257403
2026-02-12 07:48:50,-0.011599820,0.002491171,0.005676003
2026-02-12 07:49:00,0.012322032,-0.012055278,0.013978390
2026-02-12 07:49:10,0.015949706,-0.002674350,0.023556067
2026-02-12 07:49:20,-0.002431178,-0.001392433,0.000140815
2026-02-12 07:49:30,0.011317858,0.003945942,0.003800100
2026-02-12 07:49:40,-0.003318054,-0.000664778,-0.003146145
2026-02-12 07:49:50,-0.021301007,0.010557184,0.013932084
2026-02-12 07:50:00,-0.006821995,0.007052255,-0.028729174
2026-02-12 07:50:10,-0.000285109,-0.006551045,0.004177893
2026-02-12 07:50:20,-0.004148012,0.006894934,0.002453576
2026-02-12 07:50:30,-0.009840225,0.012279089,0.009081341
2026-02-12 07:50:40,0.012390302,0.006054753,0.000854997
2026-02-12 07:50:50,0.013137958,-0.025281216,0.006572067
2026-02-12 07:51:00,0.011999735,-0.001811847,-0.004594085
2026-02-12 07:51:10,0.004571903,-0.019565501,0.000950486
2026-02-12 07:51:20,-0.000094523,-0.022526963,-0.001813249
2026-02-12 07:51:30,0.011445545,0.009865253,0.004674485
2026-02-12 07:51:40,0.000553758,-0.003138255,0.003300596
2026-02-12 07:51:50,-0.013875793,-0.005155831,-0.023631842
2026-02-12 07:52:00,0.000232648,-0.009640017,0.004213693
2026-02-12 07:52:10,0.013102265,0.015008951,-0.017050040
2026-02-12 07:52:20,-0.013934585,0.019660340,-0.006788441
2026-02-12 07:52:30,0.010008381,0.030951137,0.009472354
2026-02-12 07:52:40,-0.004151897,-0.015885115,-0.008455274
2026-02-12 07:52:50,-0.003571515,-0.016992077,0.004572623
2026-02-12 07:53:00,-0.007795159,-0.013092368,0.001910624
2026-02-12 07:53:10,0.005314776,-0.015063589,-0.001684425
2026-02-12 07:53:20,0.002773604,0.011315860,-0.011385635
2026-02-12 07:53:30,0.017078559,0.016285918,0.002138325
2026-02-12 07:53:40,0.009901855,0.005562864,-0.002617071
2026-02-12 07:53:50,-0.006322752,-0.004266274,0.005812779
2026-02-12 07:54:00,0.005503934,-0.006247910,-0.000150885
2026-02-12 07:54:10,-0.003602772,-0.005659180,0.000337636
2026-02-12 07:54:20,0.002576148,0.008147404,-0.000357116
2026-02-12 07:54:30,0.007707096,0.009897596,-0.004900624
2026-02-12 07:54:40,-0.003584408,0.000837005,0.004278204
2026-02-12 07:54:50,0.020418999,0.002760946,0.008177599
2026-02-12 07:55:00,-0.013365526,0.010199239,0.020416106
2026-02-12 07:55:10,0.002818560,-0.006726483,-0.005739162
2026-02-12 07:55:20,-0.003846213,0.007570296,0.014286541
2026-02-12 07:55:30,-0.010396984,-0.009223778,0.001490054
2026-02-12 07:55:40,-0.013497201,-0.013108484,-0.010704404
2026-02-12 07:55:50,-0.003645527,-0.001471878,-0.009115755
2026-02-12 07:56:00,-0.008236205,0.019184349,-0.008025582
2026-02-12 07:56:10,0.000657061,0.004805691,-0.009169798
2026-02-12 07:56:20,0.000325572,0.002868583,0.011471812
2026-02-12 07:56:30,-0.010233389,-0.005549713,-0.015298788
2026-02-12 07:56:40,0.006033404,0.018699748,-0.002537503
2026-02-12 07:56:50,0.011790238,0.007267243,-0.001665420
2026-02-12 07:57:00,0.012149853,0.007754665,-0.004209514
2026-02-12 07:57:10,-0.003985984,-0.001953675,-0.018015505
2026-02-12 07:57:20,-0.015308983,0.006550051,-0.002998045
2026-02-12 07:57:30,-0.010429215,0.013145556,0.021298668
2026-02-12 07:57:40,0.000471946,0.002136547,0.005551611
2026-02-12 07:57:50,-0.000925383,-0.002408503,-0.005649489
2026-02-12 07:58:00,-0.021607526,-0.016731199,0.005168897
2026-02-12 07:58:10,0.002414109,0.009037928,0.007792147
2026-02-12 07:58:20,-0.019747897,0.011594798,0.007255779
2026-02-12 07:58:30,-0.011368177,-0.002671070,-0.003211777
2026-02-12 07:58:40,-0.005367401,-0.008818159,0.008659015
2026-02-12 07:58:50,0.007366431,0.011358170,-0.011561192
2026-02-12 07:59:00,-0.010289764,-0.009457417,0.001537619
2026-02-12 07:59:10,-0.003860500,0.013535392,0.017611442
2026-02-12 07:59:20,0.013218763,-0.004510463,0.009898525
2026-02-12 07:59:30,0.007484140,0.000042498,-0.003188413
2026-02-12 07:59:40,-0.007775643,0.002390654,0.018712329
2026-02-12 07:59:50,0.000981499,-0.002171125,0.014456364
2026-02-12 08:00:00,0.005054850,-0.004747840,-0.012911221
2026-02-12 08:00:10,-0.006150653,-0.015502181,-0.005818134
2026-02-12 08:00:20,-0.028588796,-0.010984244,-0.005569867
2026-02-12 08:00:30,-0.017543930,-0.005749796,-0.022234858
2026-02-12 08:00:40,-0.008628716,-0.000099265,-0.006778019
2026-02-12 08:00:50,0.011878727,0.002153389,0.001285727
2026-02-12 08:01:00,0.009499724,-0.005630080,0.002653987
2026-02-12 08:01:10,0.000351009,0.004169435,0.002814909
2026-02-12 08:01:20,0.002841314,0.013863322,-0.005881781
2026-02-12 08:01:30,0.005018792,-0.018074452,0.003498500
2026-02-12 08:01:40,0.003110470,-0.003668349,-0.001661902
2026-02-12 08:01:50,0.004162393,0.006232408,-0.013063936
2026-02-12 08:02:00,0.005332085,0.013747134,0.009097418
2026-02-12 08:02:10,0.014675768,-0.008189873,0.002094432
2026-02-12 08:02:20,0.005711985,-0.017223347,-0.007148656
2026-02-12 08:02:30,-0.000305568,0.000992845,-0.007908281
2026-02-12 08:02:40,0.010555170,-0.020073943,-0.002766256
2026-02-12 08:02:50,-0.001130863,0.011088520,0.018672705
2026-02-12 08:03:00,0.006745998,0.008224087,0.005375211
2026-02-12 08:03:10,-0.015124769,-0.008148364,-0.011672361
2026-02-12 08:03:20,0.004269049,-0.011721815,-0.003768803
2026-02-12 08:03:30,-0.003690676,-0.001246232,-0.014690299
2026-02-12 08:03:40,-0.011687840,0.022075051,-0.003324133
2026-02-12 08:03:50,-0.002084383,-0.007244491,0.021054133
2026-02-12 08:04:00,0.001861469,-0.009269012,-0.009456953
2026-02-12 08:04:10,0.003634252,-0.012210691,0.012872308
2026-02-12 08:04:20,0.000869669,-0.002138282,0.006974003
2026-02-12 08:04:30,-0.006685346,-0.002509724,-0.006325659
2026-02-12 08:04:40,-0.004859118,-0.000593374,0.010915898
2026-02-12 08:04:50,-0.005549069,0.009935831,-0.000536829
2026-02-12 08:05:00,0.016016340,-0.009964396,-0.011797735
2026-02-12 08:05:10,-0.004511089,0.010704379,0.014136056
2026-02-12 08:05:20,0.001765459,0.014958266,-0.021302386
2026-02-12 08:05:30,0.006687906,-0.001781144,0.015609514
2026-02-12 08:05:40,-0.023962667,0.001783690,0.003069051
2026-02-12 08:05:50,-0.002357949,0.000333490,0.021261731
2026-02-12 08:06:00,-0.002583317,-0.001857115,0.008821287
2026-02-12 08:06:10,-0.005264033,-0.001872965,-0.002365770
2026-02-12 08:06:20,-0.006130457,0.001354606,0.005134446
2026-02-12 08:06:30,-0.015634170,-0.003944822,-0.005271998
2026-02-12 08:06:40,-0.000391798,-0.013398728,0.017457458
2026-02-12 08:06:50,-0.003130668,-0.001184065,0.008905437
2026-02-12 08:07:00,0.006064511,0.008619829,0.001707655
2026-02-12 08:07:10,0.001905138,0.002794657,-0.003512813
2026-02-12 08:07:20,0.009379488,-0.004882488,0.001069878
2026-02-12 08:07:30,-0.010100367,-0.014419402,-0.002989860
2026-02-12 08:07:40,0.003800322,-0.007261229,0.005301532
2026-02-12 08:07:50,0.006144398,-0.005692646,-0.014351701
2026-02-12 08:08:00,-0.003604801,0.017160970,0.010444974
2026-02-12 08:08:10,-0.007037969,-0.014653854,0.002534126
2026-02-12 08:08:20,-0.012221556,0.011661579,-0.012398445
2026-02-12 08:08:30,-0.012432486,0.004428344,-0.012596390
2026-02-12 08:08:40,-0.015634852,-0.005890078,-0.005599549
2026-02-12 08:08:50,-0.002921999,0.003248141,0.003269597
2026-02-12 08:09:00,0.005857367,-0.012173843,0.009373898
2026-02-12 08:09:10,0.009409706,-0.003495677,-0.016856351
2026-02-12 08:09:20,-0.013745404,0.006102460,-0.001964753
2026-02-12 08:09:30,-0.001533843,0.013103982,0.007412092
2026-02-12 08:09:40,0.003750953,-0.002722717,0.015455740
2026-02-12 08:09:50,-0.024049351,-0.010055884,0.015123904
2026-02-12 08:10:00,-0.012736193,0.013147825,0.011707572
2026-02-12 08:10:10,-0.012270410,0.020474666,-0.013857939
2026-02-12 08:10:20,-0.012812677,0.009910352,-0.009565587
2026-02-12 08:10:30,-0.005452548,-0.004429510,0.006894041
2026-02-12 08:10:40,-0.003718796,-0.008278172,-0.005643731
2026-02-12 08:10:50,0.005577748,-0.009179433,-0.005565523
2026-02-12 08:11:00,0.001787835,-0.009802506,0.002736959
2026-02-12 08:11:10,-0.008661705,0.002356549,-0.008535415
2026-02-12 08:11:20,-0.013183909,-0.008737421,-0.006380321
2026-02-12 08:11:30,-0.011818107,-0.008289638,0.004065656
2026-02-12 08:11:40,0.008725257,-0.021353414,-0.003754410
2026-02-12 08:11:50,0.006839126,0.007304851,0.000399310
2026-02-12 08:12:00,-0.009971787,-0.006316190,-0.004597894
2026-02-12 08:12:10,0.017704164,0.001137601,-0.005045715
2026-02-12 08:12:20,0.004681294,0.005850223,0.006766100
2026-02-12 08:12:30,0.006486594,-0.007381079,0.016566058
2026-02-12 08:12:40,-0.019543032,0.010251890,0.016158361
2026-02-12 08:12:50,-0.019463310,0.015359122,0.005359602
2026-02-12 08:13:00,-0.006865220,0.008887228,-0.000353862
2026-02-12 08:13:10,0.000098436,0.000007960,0.011431032
2026-02-12 08:13:20,0.002966070,-0.008606871,-0.009619890
2026-02-12 08:13:30,-0.010434238,-0.022352527,-0.006299967
2026-02-12 08:13:40,-0.005353088,0.004150962,0.007597010
2026-02-12 08:13:50,0.001955539,-0.021918494,-0.003235771
2026-02-12 08:14:00,-0.005500500,0.005117930,-0.004122681
2026-02-12 08:14:10,0.004185864,-0.012725298,0.001653879
2026-02-12 08:14:20,-0.004477160,-0.005817476,0.000322352
2026-02-12 08:14:30,0.002260094,-0.006786057,0.010614465
2026-02-12 08:14:40,0.012726494,-0.016603528,-0.010054746
2026-02-12 08:14:50,-0.014282940,0.013440233,0.009842342
2026-02-12 08:15:00,-0.004122741,0.005937088,-0.007492667
2026-02-12 08:15:10,0.008422461,0.001288903,0.009322552
2026-02-12 08:15:20,0.002909603,0.005430067,0.001495575
2026-02-12 08:15:30,0.005744308,0.008462189,-0.017811315
2026-02-12 08:15:40,0.012871599,0.010298951,-0.004205754
2026-02-12 08:15:50,-0.001459431,0.002003530,0.000988018
2026-02-12 08:16:00,0.002666767,-0.010570561,-0.004218082
2026-02-12 08:16:10,-0.003423849,0.001321679,0.012290504
2026-02-12 08:16:20,0.003029516,0.009615234,-0.014801162
2026-02-12 08:16:30,0.001484839,0.000187030,-0.007510971
2026-02-12 08:16:40,-0.012833744,0.009598525,0.009030518
2026-02-12 08:16:50,-0.011311681,-0.007432889,0.009163092
2026-02-12 08:17:00,-0.011800837,0.001703079,0.009028747
2026-02-12 08:17:10,0.003552807,-0.002013690,-0.005622445
2026-02-12 08:17:20,-0.021099452,0.011846065,0.008655594
2026-02-12 08:17:30,-0.000985448,-0.000111031,0.001120512
2026-02-12 08:17:40,0.009347749,-0.017291080,-0.007997804
2026-02-12 08:17:50,-0.010859202,-0.003505848,-0.004696017
2026-02-12 08:18:00,0.000101687,-0.000013731,-0.014053822
2026-02-12 08:18:10,-0.001255446,0.003355088,0.001422179
2026-02-12 08:18:20,0.002611260,-0.004957275,0.001145839
2026-02-12 08:18:30,-0.000072508,-0.001434294,-0.007205878
2026-02-12 08:18:40,-0.003738748,-0.013152633,0.014833076
2026-02-12 08:18:50,-0.004668297,-0.002175063,0.003691067
2026-02-12 08:19:00,-0.008645561,0.000842462,-0.010114198
2026-02-12 08:19:10,-0.002232296,-0.014934449,0.006628288
2026-02-12 08:19:20,-0.014621423,0.000419050,0.002936148
2026-02-12 08:19:30,0.004147861,0.013740146,0.025626272
2026-02-12 08:19:40,-0.006062954,0.025785542,-0.005451087
2026-02-12 08:19:50,0.015433454,-0.000357631,-0.004592183
2026-02-12 08:20:00,-0.002151454,0.022689166,-0.014564511
2026-02-12 08:20:10,-0.001286578,0.012969811,0.002473451
2026-02-12 08:20:20,-0.003354210,0.007096819,0.005489112
2026-02-12 08:20:30,-0.000275883,0.000167336,0.002366956
2026-02-12 08:20:40,0.001280285,0.004394902,-0.011997674
2026-02-12 08:20:50,0.004358089,-0.022996769,0.001214313
2026-02-12 08:21:00,0.016865152,-0.007068230,0.001105853
2026-02-12 08:21:10,0.005489722,0.007457740,-0.007904797
2026-02-12 08:21:20,0.003880569,0.019233774,0.002573642
2026-02-12 08:21:30,-0.006676281,0.014578854,-0.012917334
2026-02-12 08:21:40,0.003223816,0.005784356,-0.006098832
2026-02-12 08:21:50,-0.014840558,0.003260717,-0.004973941
2026-02-12 08:22:00,0.003815449,0.022978059,-0.001291456
2026-02-12 08:22:10,-0.008137081,-0.001324047,0.007024077
2026-02-12 08:22:20,-0.003495994,0.009232689,-0.004912869
2026-02-12 08:22:30,-0.004054423,-0.010208165,-0.008182246
2026-02-12 08:22:40,-0.024111001,-0.006769738,0.009495792
2026-02-12 08:22:50,0.005013629,0.006640992,-0.011775327
2026-02-12 08:23:00,-0.002261181,-0.001903340,-0.018924462
2026-02-12 08:23:10,-0.004367762,-0.013998650,-0.020754031
2026-02-12 08:23:20,0.006834411,0.004607877,0.003254204
2026-02-12 08:23:30,0.010075650,-0.007011217,0.011434263
2026-02-12 08:23:40,0.017483540,-0.007056153,-0.004116072
2026-02-12 08:23:50,-0.013568190,0.008358826,0.000250979
2026-02-12 08:24:00,-0.005794283,0.013989165,0.018258988
2026-02-12 08:24:10,0.004791563,-0.013752989,-0.003997635
2026-02-12 08:24:20,-0.007263031,-0.006390744,0.003665496
2026-02-12 08:24:30,-0.007147862,0.012849352,0.000787595
2026-02-12 08:24:40,-0.010687606,-0.009314247,0.006179415
2026-02-12 08:24:50,-0.003609307,-0.031032501,0.008034569
2026-02-12 08:25:00,-0.003602149,-0.004583168,-0.002913350
2026-02-12 08:25:10,0.009121455,-0.004385307,0.028672953
2026-02-12 08:25:20,-0.027184627,-0.013465586,0.005522624
2026-02-12 08:25:30,0.005245274,-0.000211837,-0.016278193
2026-02-12 08:25:40,0.001547639,-0.001553690,0.010677694
2026-02-12 08:25:50,-0.006705058,0.004164576,-0.005156262
2026-02-12 08:26:00,0.007220121,-0.029912407,0.002041999
2026-02-12 08:26:10,-0.007255794,-0.004869473,0.008101945
2026-02-12 08:26:20,-0.016703276,-0.011981944,0.007868412
2026-02-12 08:26:30,0.012527006,0.005295356,0.008179736
2026-02-12 08:26:40,0.021687807,-0.012227285,0.000049689
2026-02-12 08:26:50,-0.017769042,0.009709250,-0.003945809
2026-02-12 08:27:00,0.002914606,0.006580441,-0.019539474
2026-02-12 08:27:10,-0.017602287,-0.001513084,-0.011598819
2026-02-12 08:27:20,0.009538113,0.003738494,0.004531662
2026-02-12 08:27:30,-0.021267380,0.008403218,-0.007701994
2026-02-12 08:27:40,0.011828913,-0.009149262,-0.000741316
2026-02-12 08:27:50,-0.015901587,-0.002063225,-0.009115757
2026-02-12 08:28:00,0.004419438,0.001906478,-0.013227019
2026-02-12 08:28:10,-0.004931962,-0.013429148,-0.006870276
2026-02-12 08:28:20,0.004545236,0.013126015,0.005563970
2026-02-12 08:28:30,-0.000416046,-0.017977988,0.004784468
2026-02-12 08:28:40,0.002532397,-0.014680453,0.004498617
2026-02-12 08:28:50,-0.009911344,0.009485068,0.014740081
2026-02-12 08:29:00,0.002477277,-0.002852733,0.016333379
2026-02-12 08:29:10,-0.003707007,0.004061538,0.010118670
2026-02-12 08:29:20,0.001063653,0.014729132,0.019743502
2026-02-12 08:29:30,-0.003286054,-0.016503122,-0.008271620
2026-02-12 08:29:40,0.017466398,-0.011777475,-0.007255340
2026-02-12 08:29:50,-0.006577622,-0.000494159,0.003318164
2026-02-12 08:30:00,0.008142445,-0.004897312,0.007565877
2026-02-12 08:30:10,-0.002598393,-0.003812024,-0.010385239
2026-02-12 08:30:20,-0.008044887,0.008884342,0.001910388
2026-02-12 08:30:30,0.007997964,0.014470502,-0.003882583
2026-02-12 08:30:40,-0.006691758,-0.008862897,-0.000795944
2026-02-12 08:30:50,-0.002032173,-0.011671968,-0.016996559
2026-02-12 08:31:00,-0.012114027,0.008768402,0.006406806
2026-02-12 08:31:10,0.008655438,-0.012680365,-0.001843208
2026-02-12 08:31:20,0.001601879,0.020817466,-0.010329579
2026-02-12 08:31:30,-0.004027411,-0.009690634,-0.003365627
2026-02-12 08:31:40,-0.009502245,0.008482223,0.002182154
2026-02-12 08:31:50,-0.004388968,0.009102262,0.007442809
2026-02-12 08:32:00,0.001531396,0.002766561,-0.006831368
2026-02-12 08:32:10,0.009508991,0.017456214,0.001036667
2026-02-12 08:32:20,0.010828299,-0.000095510,-0.004445339
2026-02-12 08:32:30,-0.003013361,0.009026370,0.012968957
2026-02-12 08:32:40,-0.009418906,-0.001971053,-0.015526548
2026-02-12 08:32:50,-0.007633207,-0.010071450,-0.017623592
2026-02-12 08:33:00,-0.018563273,-0.009576391,0.002634336
2026-02-12 08:33:10,-0.001253631,0.004414598,-0.012743683
2026-02-12 08:33:20,-0.016712539,-0.004430377,0.007010658
2026-02-12 08:33:30,-0.008858257,0.010666558,0.000815218
2026-02-12 08:33:40,0.011566564,0.007478098,0.005917665
2026-02-12 08:33:50,0.003213176,-0.011342738,0.001478349
2026-02-12 08:34:00,0.016790583,0.007747089,-0.016039815
2026-02-12 08:34:10,0.010182091,0.004445127,-0.000683195
2026-02-12 08:34:20,-0.017828490,-0.006608113,-0.001584617
2026-02-12 08:34:30,0.000799517,-0.007478517,0.011543500
2026-02-12 08:34:40,-0.024065785,0.002046993,0.005815954
2026-02-12 08:34:50,0.001979444,-0.001703766,-0.002625793
2026-02-12 08:35:00,0.005000475,0.000133442,-0.004293090
2026-02-12 08:35:10,-0.006691873,-0.020878350,0.003714989
2026-02-12 08:35:20,0.010051802,-0.004688428,0.002146759
2026-02-12 08:35:30,0.014023283,0.008283576,-0.019856092
2026-02-12 08:35:40,0.021072153,0.002762614,0.001083969
2026-02-12 08:35:50,0.001706003,-0.002186426,0.005023643
2026-02-12 08:36:00,-0.001104741,-0.010436328,0.000693123
2026-02-12 08:36:10,-0.023387164,0.000771408,-0.008562345
2026-02-12 08:36:20,-0.009875019,-0.023679068,0.007012416
2026-02-12 08:36:30,0.005197961,0.000849029,0.016728430
2026-02-12 08:36:40,-0.002394899,0.016345307,0.011955058
2026-02-12 08:36:50,-0.007323573,-0.001585177,-0.004635533
2026-02-12 08:37:00,0.002968554,0.001942685,-0.000553322
2026-02-12 08:37:10,0.010715546,0.006648692,0.004608134
2026-02-12 08:37:20,0.005195023,0.011437646,-0.014563466
2026-02-12 08:37:30,-0.005448075,-0.011898903,0.000241329
2026-02-12 08:37:40,-0.009762670,-0.011242220,-0.005808000
2026-02-12 08:37:50,0.008909921,-0.005574264,0.012430318
2026-02-12 08:38:00,-0.019011428,0.003064181,0.027210990
2026-02-12 08:38:10,0.004682638,-0.009281338,-0.006425733
2026-02-12 08:38:20,-0.006362858,0.001414355,-0.002923962
2026-02-12 08:38:30,0.007430309,-0.008105951,-0.012242458
2026-02-12 08:38:40,-0.013632543,0.014832301,-0.000073104
2026-02-12 08:38:50,0.003090907,0.015989851,0.005858466
2026-02-12 08:39:00,0.007828476,-0.002561174,0.016131813
2026-02-12 08:39:10,-0.025775721,-0.001638545,0.017377998
2026-02-12 08:39:20,-0.002134252,0.014685178,-0.009393278
2026-02-12 08:39:30,-0.003522996,-0.007984370,0.007204853
2026-02-12 08:39:40,-0.006673967,-0.003466496,0.000253531
2026-02-12 08:39:50,-0.009295158,-0.004258961,-0.004950869
2026-02-12 08:40:00,-0.011966128,-0.007393407,0.011825916
2026-02-12 08:40:10,0.022862793,-0.001707740,-0.027344675
2026-02-12 08:40:20,0.009632292,0.014099988,-0.004983696
2026-02-12 08:40:30,0.001263432,-0.005201301,0.007339361
2026-02-12 08:40:40,-0.008169969,-0.004925476,0.016022620
2026-02-12 08:40:50,0.011214694,-0.004975758,0.001569849
2026-02-12 08:41:00,-0.009291505,0.010456329,0.003432409
2026-02-12 08:41:10,-0.007566760,0.006240037,-0.004501333
2026-02-12 08:41:20,-0.000008738,-0.006228284,0.010343383
2026-02-12 08:41:30,0.015196599,-0.005240897,0.003614272
2026-02-12 08:41:40,0.009568818,-0.011939380,0.001432504
2026-02-12 08:41:50,-0.002197831,0.013565077,0.000437845
2026-02-12 08:42:00,-0.018178724,-0.013820399,0.001044985
2026-02-12 08:42:10,0.006336578,-0.000626098,0.011765439
2026-02-12 08:42:20,0.013563901,0.026844774,-0.017635854
2026-02-12 08:42:30,0.002951207,0.001222426,-0.002000680
2026-02-12 08:42:40,-0.001150013,-0.001686933,-0.003944502
2026-02-12 08:42:50,-0.004214556,0.012912018,0.000927099
2026-02-12 08:43:00,-0.009534186,-0.001823300,0.013181161
2026-02-12 08:43:10,-0.008944048,-0.001687605,0.007856752
2026-02-12 08:43:20,-0.007110728,0.000987457,0.010997818
2026-02-12 08:43:30,0.011981697,-0.003079144,-0.013920116
2026-02-12 08:43:40,-0.022127048,-0.002722070,-0.009890449
2026-02-12 08:43:50,0.013035945,-0.002615617,-0.001343376
2026-02-12 08:44:00,0.003254906,0.013215751,-0.006567829
2026-02-12 08:44:10,0.019560318,0.002446926,-0.007166067
2026-02-12 08:44:20,-0.008934373,-0.012635945,-0.002146481
2026-02-12 08:44:30,-0.002925376,0.000659836,-0.002891966
2026-02-12 08:44:40,-0.004976090,-0.019370818,-0.000630451
2026-02-12 08:44:50,-0.014376174,0.013254728,-0.013400359
2026-02-12 08:45:00,-0.014664005,0.000903950,0.001649224
2026-02-12 08:45:10,-0.002334059,-0.002690840,-0.022906096
2026-02-12 08:45:20,-0.001327679,0.010560645,-0.009096902
2026-02-12 08:45:30,-0.004458816,0.003907081,0.000301378
2026-02-12 08:45:40,0.004684858,-0.001245175,-0.010525938
2026-02-12 08:45:50,-0.006209796,0.011890153,-0.015560073
2026-02-12 08:46:00,0.002915256,0.001334713,0.014077685
2026-02-12 08:46:10,0.017045974,-0.016128065,-0.001390893
2026-02-12 08:46:20,-0.012240877,0.001170643,-0.001204338
2026-02-12 08:46:30,0.002647491,-0.001605504,0.000686956
2026-02-12 08:46:40,0.017314346,0.007593506,-0.003488103
2026-02-12 08:46:50,-0.000282734,0.006116123,0.007711660
2026-02-12 08:47:00,0.007433797,0.004808190,-0.000137232
2026-02-12 08:47:10,-0.003488600,-0.005206727,0.001890192
2026-02-12 08:47:20,0.002759060,-0.002580067,0.000148459
2026-02-12 08:47:30,-0.007511285,-0.012705880,-0.002708384
2026-02-12 08:47:40,-0.000218740,0.004015297,-0.003335618
2026-02-12 08:47:50,-0.000754444,-0.014999365,0.002903660
2026-02-12 08:48:00,-0.005510297,-0.000140022,0.015248204
2026-02-12 08:48:10,0.008707710,0.010233816,-0.010176841
2026-02-12 08:48:20,-0.003184729,-0.015673276,0.009310209
2026-02-12 08:48:30,0.001895688,0.004919086,-0.004061212
2026-02-12 08:48:40,-0.003186067,0.008172884,-0.007231048
2026-02-12 08:48:50,-0.015059935,0.010653048,-0.000352516
2026-02-12 08:49:00,-0.017718949,0.002926873,0.003625699
2026-02-12 08:49:10,0.009669210,0.006115471,-0.022818966
2026-02-12 08:49:20,-0.009448642,-0.008924187,-0.019165213
2026-02-12 08:49:30,0.026804261,0.015529709,-0.000107522
2026-02-12 08:49:40,0.013454123,-0.002698633,0.012503682
2026-02-12 08:49:50,0.003620007,0.004271948,-0.002088206
2026-02-12 08:50:00,0.012454092,0.005260347,-0.013831937
2026-02-12 08:50:10,0.013465086,-0.007951041,0.012554340
2026-02-12 08:50:20,0.000374679,0.013737658,-0.004679547
2026-02-12 08:50:30,0.010249964,-0.001529694,-0.004478394
2026-02-12 08:50:40,0.019433822,-0.001468153,0.013481153
2026-02-12 08:50:50,0.013684680,0.011686927,-0.007282072
2026-02-12 08:51:00,-0.014133889,0.011054657,0.006100492
2026-02-12 08:51:10,-0.010824518,-0.012726916,-0.010909977
2026-02-12 08:51:20,-0.009894612,-0.005886032,0.008243768
2026-02-12 08:51:30,0.005935126,0.000860662,-0.011110001
2026-02-12 08:51:40,0.000790571,-0.008633732,0.003890217
2026-02-12 08:51:50,0.001722149,-0.012805236,-0.008587715
2026-02-12 08:52:00,0.003565343,0.003900949,0.008799048
2026-02-12 08:52:10,-0.001906767,0.003882324,-0.020952430
2026-02-12 08:52:20,0.010854979,-0.001510023,-0.016589291
2026-02-12 08:52:30,0.008275684,0.005407862,0.001744017
2026-02-12 08:52:40,-0.011922689,-0.010059209,0.001744211
2026-02-12 08:52:50,-0.009382520,-0.011192067,0.004559679
2026-02-12 08:53:00,0.021383828,-0.003282781,0.006490992
2026-02-12 08:53:10,0.008607346,0.014783381,0.006028781
2026-02-12 08:53:20,-0.006569763,0.018347135,0.000441439
2026-02-12 08:53:30,-0.001198088,0.000794676,-0.010980838
2026-02-12 08:53:40,-0.015393673,0.014954512,-0.008388273
2026-02-12 08:53:50,-0.012964007,-0.004236430,0.004865744
2026-02-12 08:54:00,-0.004026459,-0.003322806,0.001034518
2026-02-12 08:54:10,-0.018831774,-0.000183531,-0.006175989
2026-02-12 08:54:20,-0.004467029,0.018464120,0.008413267
2026-02-12 08:54:30,0.005503519,0.000972431,0.008556027
2026-02-12 08:54:40,-0.005855727,0.014893330,-0.003450300
2026-02-12 08:54:50,-0.018095057,0.010066960,-0.003274076
2026-02-12 08:55:00,0.000817718,-0.001169687,-0.015140337
2026-02-12 08:55:10,-0.001886920,-0.005983094,0.006966304
2026-02-12 08:55:20,-0.012799197,0.005866696,0.009724112
2026-02-12 08:55:30,-0.000191114,0.011736623,-0.002301307
2026-02-12 08:55:40,0.013129957,-0.006840118,0.004046654
2026-02-12 08:55:50,-0.008119979,0.000026997,0.008304237
2026-02-12 08:56:00,0.019329832,0.004447560,0.006463397
2026-02-12 08:56:10,0.001134472,0.020347800,0.009267414
2026-02-12 08:56:20,-0.006960790,0.005551747,-0.008289862
2026-02-12 08:56:30,-0.015140125,0.009557964,-0.009126438
2026-02-12 08:56:40,-0.004998634,0.000722859,0.002292083
2026-02-12 08:56:50,0.007087256,0.009913253,0.009714303
2026-02-12 08:57:00,-0.003456416,-0.003292420,0.006677786
2026-02-12 08:57:10,0.010200263,-0.003168140,-0.000499948
2026-02-12 08:57:20,-0.011599474,0.005917382,0.000798824
2026-02-12 08:57:30,-0.008677457,-0.001717572,0.016706843
2026-02-12 08:57:40,-0.011446370,-0.004193559,0.017985459
2026-02-12 08:57:50,0.015038065,0.003261890,-0.002390833
2026-02-12 08:58:00,-0.004741184,0.000967785,0.002675428
2026-02-12 08:58:10,0.003935595,0.004287275,-0.006547904
2026-02-12 08:58:20,0.003495194,-0.007623665,0.002944708
2026-02-12 08:58:30,-0.003893212,-0.000664315,0.004039920
2026-02-12 08:58:40,-0.011213515,-0.029226927,0.008493398
2026-02-12 08:58:50,0.001123759,0.012177084,0.017366778
2026-02-12 08:59:00,0.008113166,-0.021791100,0.000984438
2026-02-12 08:59:10,-0.015687430,0.005051827,-0.000402225
2026-02-12 08:59:20,0.009229108,-0.002524352,-0.001653997
2026-02-12 08:59:30,0.025631688,-0.012752228,-0.003256495
2026-02-12 08:59:40,0.002356410,0.007513570,0.000459509
2026-02-12 08:59:50,-0.008082599,-0.004737098,-0.008488372
2026-02-12 09:00:00,0.016449447,-0.013056769,-0.003685195
2026-02-12 09:00:10,-0.000296812,-0.001252261,-0.002525705
2026-02-12 09:00:20,0.001257853,0.002110042,0.005021121
2026-02-12 09:00:30,0.008023395,-0.010414250,-0.006279402
2026-02-12 09:00:40,-0.006134020,-0.002284926,-0.004129775
2026-02-12 09:00:50,-0.002047053,0.004640471,0.005399286
2026-02-12 09:01:00,0.002262602,-0.010784519,0.001754794
2026-02-12 09:01:10,0.020552812,-0.014553256,-0.006470151
2026-02-12 09:01:20,-0.018122810,-0.015305713,-0.008939502
2026-02-12 09:01:30,-0.000645833,-0.001810198,0.003590076
2026-02-12 09:01:40,-0.006052179,0.003103216,0.017008868
2026-02-12 09:01:50,0.020580405,-0.006248502,0.006811884
2026-02-12 09:02:00,-0.002881763,-0.012115455,0.021285784
2026-02-12 09:02:10,-0.009057318,-0.009684436,0.003141227
2026-02-12 09:02:20,0.027165111,-0.013332070,-0.005056062
2026-02-12 09:02:30,-0.002431883,-0.000081070,0.004272112
2026-02-12 09:02:40,0.019902383,-0.006811876,0.008351536
2026-02-12 09:02:50,-0.002979021,-0.008179909,0.022043596
2026-02-12 09:03:00,0.011955474,-0.003573843,-0.004503365
2026-02-12 09:03:10,0.020724963,-0.002395220,0.008767182
2026-02-12 09:03:20,0.009244807,0.004965833,0.004272395
2026-02-12 09:03:30,0.021892028,-0.005082593,0.008293623
2026-02-12 09:03:40,-0.010429125,0.009508948,-0.009045516
2026-02-12 09:03:50,-0.008294787,-0.003280029,-0.012771735
2026-02-12 09:04:00,0.003781125,0.016733859,-0.010127379
2026-02-12 09:04:10,0.001587174,0.013657448,0.005044622
2026-02-12 09:04:20,0.011537294,-0.000389339,-0.005981713
2026-02-12 09:04:30,-0.002433907,-0.011935902,0.008070425
2026-02-12 09:04:40,-0.008306650,0.002585239,0.003045261
2026-02-12 09:04:50,-0.017994459,0.001614105,-0.007332096
2026-02-12 09:05:00,-0.008865202,0.011265713,0.001429294
2026-02-12 09:05:10,0.001726859,0.000035077,0.007060737
2026-02-12 09:05:20,-0.006490505,-0.000471545,0.012712301
2026-02-12 09:05:30,0.003637577,0.003253794,-0.013090846
2026-02-12 09:05:40,-0.010972000,0.004516853,0.024507820
2026-02-12 09:05:50,-0.011791342,0.005543396,-0.003692984
2026-02-12 09:06:00,0.010709010,0.005463267,0.000609440
2026-02-12 09:06:10,-0.011013141,-0.008616131,0.008397177
2026-02-12 09:06:20,-0.011277270,-0.010607225,-0.014790364
2026-02-12 09:06:30,-0.005346421,-0.003130271,0.013926780
2026-02-12 09:06:40,-0.003556248,0.003076594,-0.014171801
2026-02-12 09:06:50,-0.001283732,0.003112731,0.001242058
2026-02-12 09:07:00,0.009039341,-0.018745175,-0.010137048
2026-02-12 09:07:10,-0.010837518,0.005874637,0.002361348
2026-02-12 09:07:20,-0.005879475,0.001099368,-0.007836570
2026-02-12 09:07:30,-0.008318986,-0.012020418,0.002813269
2026-02-12 09:07:40,0.008720197,0.004325778,-0.002434077
2026-02-12 09:07:50,0.001093122,-0.021402353,0.006858383
2026-02-12 09:08:00,0.005834162,-0.007802846,0.002666179
2026-02-12 09:08:10,0.007650259,-0.006252034,0.007716950
2026-02-12 09:08:20,-0.002735880,0.010923473,-0.001346859
2026-02-12 09:08:30,-0.003857721,-0.002132529,-0.002138502
2026-02-12 09:08:40,-0.011815951,0.008475103,0.010858445
2026-02-12 09:08:50,-0.009704754,0.004077036,0.000828059
2026-02-12 09:09:00,-0.024232398,-0.009164152,-0.004671561
2026-02-12 09:09:10,0.022921498,0.001932922,0.000439603
2026-02-12 09:09:20,-0.005796325,0.032085301,-0.006771351
2026-02-12 09:09:30,-0.004934444,-0.001552809,0.001198685
2026-02-12 09:09:40,0.008639633,-0.010072325,0.021394921
2026-02-12 09:09:50,0.010074379,0.001979794,-0.016135736
2026-02-12 09:10:00,0.001674666,-0.012267129,0.002298091
2026-02-12 09:10:10,0.006885308,0.003933814,-0.001332800
2026-02-12 09:10:20,0.000739816,-0.017629123,0.019871427
2026-02-12 09:10:30,0.008201501,0.008495842,-0.009980414
2026-02-12 09:10:40,-0.006715172,0.009881587,-0.004502352
2026-02-12 09:10:50,0.005368452,-0.013451367,0.002893956
2026-02-12 09:11:00,-0.001103741,0.016142137,-0.019650452
2026-02-12 09:11:10,-0.000174214,0.012590165,-0.003994296
2026-02-12 09:11:20,-0.011787233,-0.017686204,0.020382965
2026-02-12 09:11:30,0.003555234,-0.000254193,0.012491316
2026-02-12 09:11:40,0.005376918,0.008428620,0.019508815
2026-02-12 09:11:50,-0.034609928,0.006555488,-0.001587166
2026-02-12 09:12:00,0.003765270,-0.009040881,0.006158863
2026-02-12 09:12:10,-0.003021606,0.016860952,-0.009464278
2026-02-12 09:12:20,-0.006489547,-0.005183769,0.014563810
2026-02-12 09:12:30,0.007206198,-0.001485188,0.008167379
2026-02-12 09:12:40,0.012137488,-0.001064946,-0.020951238
2026-02-12 09:12:50,0.002405785,0.007032777,0.000470388
2026-02-12 09:13:00,0.003668692,0.014366780,-0.013788995
2026-02-12 09:13:10,-0.019329020,0.006004130,0.010668436
2026-02-12 09:13:20,0.002636129,0.015119395,0.004378847
2026-02-12 09:13:30,0.002506972,-0.005849461,0.011666175
2026-02-12 09:13:40,-0.002704783,0.007372956,0.002633431
2026-02-12 09:13:50,0.001223074,0.014951187,0.007826658
2026-02-12 09:14:00,-0.007603062,0.003246275,-0.002022363
2026-02-12 09:14:10,-0.009898224,0.001483508,0.000407733
2026-02-12 09:14:20,0.002644010,0.001646894,0.015475112
2026-02-12 09:14:30,0.004012071,-0.005650055,-0.021209587
2026-02-12 09:14:40,0.009620929,0.009825438,-0.005927579
2026-02-12 09:14:50,-0.008001079,0.029601977,-0.004576780
2026-02-12 09:15:00,0.001106347,-0.003671188,0.008406342
2026-02-12 09:15:10,-0.006927233,0.007881509,0.000187358
2026-02-12 09:15:20,-0.012277133,0.011074066,-0.000702160
2026-02-12 09:15:30,0.009594669,0.011495089,-0.007832228
2026-02-12 09:15:40,-0.004550214,-0.017493417,-0.014795703
2026-02-12 09:15:50,0.012843452,-0.007052769,0.003133362
2026-02-12 09:16:00,0.002349394,0.002012859,-0.004658250
2026-02-12 09:16:10,-0.010878769,0.020668199,-0.006999760
2026-02-12 09:16:20,-0.008586521,-0.008193133,-0.000509859
2026-02-12 09:16:30,0.003267975,-0.001158914,-0.004146612
2026-02-12 09:16:40,-0.002449051,0.004056348,0.005839217
2026-02-12 09:16:50,0.015416084,0.004912557,-0.008535214
2026-02-12 09:17:00,0.008086735,-0.003907923,-0.008588310
2026-02-12 09:17:10,0.002115575,-0.005137147,0.009115404
2026-02-12 09:17:20,0.006935135,-0.010702444,-0.002116135
2026-02-12 09:17:30,0.003314929,-0.003275030,0.009497982
2026-02-12 09:17:40,0.000347203,0.000177149,-0.005010535
2026-02-12 09:17:50,0.017948245,0.006910412,0.003379655
2026-02-12 09:18:00,-0.008343872,0.009379204,0.008128446
2026-02-12 09:18:10,0.020468869,0.008075872,-0.000936899
2026-02-12 09:18:20,0.008510073,0.005461366,-0.012081143
2026-02-12 09:18:30,-0.002896104,-0.017032984,0.001302123
2026-02-12 09:18:40,-0.004990098,0.004465251,-0.012388642
2026-02-12 09:18:50,0.031353166,0.008723861,0.008485872
2026-02-12 09:19:00,0.008306265,-0.010661367,0.013672270
2026-02-12 09:19:10,-0.005880774,0.021242686,0.005792990
2026-02-12 09:19:20,0.005373357,0.000559648,-0.020896182
2026-02-12 09:19:30,0.004906904,-0.003322076,0.001410919
2026-02-12 09:19:40,0.002076875,0.008373085,0.005748106
2026-02-12 09:19:50,-0.006207096,-0.004467111,-0.002126112
2026-02-12 09:20:00,-0.004661815,-0.011564355,-0.012099481
2026-02-12 09:20:10,0.001855285,-0.000245762,0.003893786
2026-02-12 09:20:20,0.008644746,0.013710011,-0.006810028
2026-02-12 09:20:30,-0.007336214,0.001625015,-0.015319659
2026-02-12 09:20:40,-0.000851094,0.001626635,0.000940977
2026-02-12 09:20:50,-0.010252885,0.006046971,0.006108607
2026-02-12 09:21:00,0.032332569,-0.072595459,-0.067988714
2026-02-12 09:21:10,-0.021942031,0.018027746,-0.022659869
2026-02-12 09:21:20,0.065137179,-0.033235327,-0.048456627
2026-02-12 09:21:30,-0.091764777,-0.012783290,-0.055063921
2026-02-12 09:21:40,-0.048817890,-0.033988626,-0.042104048
2026-02-12 09:21:50,0.041168964,-0.094083108,0.053699331
2026-02-12 09:22:00,-0.104744723,-0.047033987,0.010081438
2026-02-12 09:22:10,0.044238276,0.001565921,-0.033149344
2026-02-12 09:22:20,-0.015646465,-0.028174250,-0.046358184
2026-02-12 09:22:30,-0.022507866,0.088473554,0.003180931
2026-02-12 09:22:40,-0.010113618,0.060383389,-0.124077736
2026-02-12 09:22:50,0.007668219,0.041475451,-0.045534592
2026-02-12 09:23:00,-0.025070866,0.101758694,0.055545299
2026-02-12 09:23:10,-0.013742250,0.071608722,0.076960353
2026-02-12 09:23:20,-0.071530740,-0.008645086,-0.083304887
2026-02-12 09:23:30,-0.026656895,-0.040780952,0.027037978
2026-02-12 09:23:40,-0.047884469,-0.026272412,0.024431727
2026-02-12 09:23:50,-0.020329500,-0.080115447,0.000631516
2026-02-12 09:24:00,-0.015057323,-0.020675731,-0.068638937
2026-02-12 09:24:10,-0.052329628,0.032476629,0.045274699
2026-02-12 09:24:20,0.022370041,-0.022727368,-0.030212172
2026-02-12 09:24:30,-0.060145936,-0.035287799,0.096034756
2026-02-12 09:24:40,0.105047017,0.000723949,-0.070363951
2026-02-12 09:24:50,0.030399482,-0.032857102,0.038702879
2026-02-12 09:25:00,-0.039876594,-0.026009063,-0.101441598
2026-02-12 09:25:10,0.015274034,0.010117680,0.038504793
2026-02-12 09:25:20,-0.115561944,0.015793783,0.006200682
2026-02-12 09:25:30,0.056610977,-0.032079980,0.018905167
2026-02-12 09:25:40,-0.000465761,0.026189208,0.024474237
2026-02-12 09:25:50,0.036597813,-0.034331178,-0.084427055
2026-02-12 09:26:00,0.027150038,-0.032402846,0.071758068
2026-02-12 09:26:10,0.051622691,-0.017187716,-0.036112589
2026-02-12 09:26:20,-0.011319058,0.138793714,0.007014891
2026-02-12 09:26:30,-0.030398962,-0.026582363,-0.112277799
2026-02-12 09:26:40,0.025917392,-0.001927954,-0.124765337
2026-02-12 09:26:50,0.012610539,0.017017498,0.043427993
2026-02-12 09:27:00,-0.001137725,-0.030658827,0.006151844
2026-02-12 09:27:10,0.009789887,0.011882994,0.129543580
2026-02-12 09:27:20,0.011933949,-0.017983256,0.008992407
2026-02-12 09:27:30,-0.047262606,0.022791130,-0.057107666
2026-02-12 09:27:40,0.159929460,0.027326457,-0.003995241
2026-02-12 09:27:50,0.070557372,0.006646494,-0.041388661
2026-02-12 09:28:00,0.009621691,-0.075543280,0.046668799
2026-02-12 09:28:10,-0.002986800,-0.020388799,0.028444271
2026-02-12 09:28:20,-0.024332900,0.029565826,0.015345542
2026-02-12 09:28:30,0.041309507,-0.018575891,-0.067687001
2026-02-12 09:28:40,-0.000247728,-0.051494888,0.020251087
2026-02-12 09:28:50,0.045500837,-0.122539714,-0.020086263
2026-02-12 09:29:00,0.006021346,0.025815421,0.066464196
2026-02-12 09:29:10,-0.000637388,-0.053271392,0.019172657
2026-02-12 09:29:20,-0.012564038,-0.040792217,-0.092130492
2026-02-12 09:29:30,0.017690230,-0.018338692,-0.004179536
2026-02-12 09:29:40,0.081994340,0.025012002,0.071313320
2026-02-12 09:29:50,0.040373389,-0.043610336,-0.021009661
2026-02-12 09:30:00,-0.019325784,0.077471034,-0.103323699
2026-02-12 09:30:10,0.019392557,-0.017662287,0.046925214
2026-02-12 09:30:20,0.007558038,-0.057875529,0.004807604
2026-02-12 09:30:30,-0.020182043,-0.018406127,-0.112591432
2026-02-12 09:30:40,-0.085534151,0.042738099,-0.056487275
2026-02-12 09:30:50,0.042337193,-0.040266253,0.011633119
2026-02-12 09:31:00,0.041897330,-0.038197586,0.022522721
2026-02-12 09:31:10,0.020595175,0.024948129,0.003879794
2026-02-12 09:31:20,-0.007090873,0.015556271,0.012008868
2026-02-12 09:31:30,-0.026242309,-0.014443164,0.100132165
2026-02-12 09:31:40,0.026055636,-0.004445859,-0.048692940
2026-02-12 09:31:50,0.060827667,-0.051125555,-0.011995967
2026-02-12 09:32:00,-0.051219790,0.025682231,-0.036728687
2026-02-12 09:32:10,0.028506873,0.000719665,0.043662554
2026-02-12 09:32:20,-0.130671844,-0.016128046,0.016859970
2026-02-12 09:32:30,0.018220270,0.036486358,0.026428818
2026-02-12 09:32:40,-0.047270175,-0.060137703,-0.041093572
2026-02-12 09:32:50,-0.068876297,0.016802443,0.086128983
2026-02-12 09:33:00,-0.010553291,0.048032449,-0.047903837
2026-02-12 09:33:10,0.081614463,0.015853070,0.058965381
2026-02-12 09:33:20,-0.006773617,-0.035687949,-0.067311496
2026-02-12 09:33:30,-0.001082567,-0.017902668,0.008744621
2026-02-12 09:33:40,0.044188695,0.008250789,-0.036014578
2026-02-12 09:33:50,-0.054557151,0.041116961,-0.011709906
2026-02-12 09:34:00,-0.036266078,-0.145623408,-0.037291466
2026-02-12 09:34:10,0.075133237,-0.069093753,-0.057832896
2026-02-12 09:34:20,0.031481151,-0.045643062,-0.034760533
2026-02-12 09:34:30,-0.095823709,-0.013926974,0.006274375
2026-02-12 09:34:40,0.048444721,-0.049413079,0.064156956
2026-02-12 09:34:50,-0.050914421,0.036868459,0.116272460
2026-02-12 09:35:00,-0.025427705,-0.001758671,-0.146156428
2026-02-12 09:35:10,0.030995275,-0.022544904,0.039457073
2026-02-12 09:35:20,0.049424737,0.077068871,0.011882114
2026-02-12 09:35:30,0.002849529,-0.023147756,0.020804190
2026-02-12 09:35:40,0.094937926,0.023467031,0.045599554
2026-02-12 09:35:50,-0.037968011,-0.035906250,-0.029870206
2026-02-12 09:36:00,0.021421443,0.048953211,-0.024944866
2026-02-12 09:36:10,0.028492990,0.060969526,0.024837212
2026-02-12 09:36:20,-0.094731012,0.044647804,-0.040999081
2026-02-12 09:36:30,-0.000713618,0.061360576,-0.050117872
2026-02-12 09:36:40,-0.008000105,0.045579373,0.003132360
2026-02-12 09:36:50,0.059562207,-0.032936520,-0.054228309
2026-02-12 09:37:00,-0.016990186,-0.048946118,0.025407322
2026-02-12 09:37:10,0.019845913,0.115312854,0.000364129
2026-02-12 09:37:20,0.038205891,-0.000446547,0.025239113
2026-02-12 09:37:30,0.020929525,0.067556766,0.014046058
2026-02-12 09:37:40,0.012643527,0.079343684,0.034714704
2026-02-12 09:37:50,-0.122489449,-0.050694073,-0.022411742
2026-02-12 09:38:00,0.090095309,0.039261125,-0.045366919
2026-02-12 09:38:10,0.036951991,0.001352548,-0.077115482
2026-02-12 09:38:20,-0.058996309,-0.008611771,-0.060144085
2026-02-12 09:38:30,-0.010299242,0.052939274,0.026753900
2026-02-12 09:38:40,-0.039557458,0.005291615,0.011405403
2026-02-12 09:38:50,-0.051786115,0.000529556,-0.027286128
2026-02-12 09:39:00,-0.034722838,0.028199856,0.088749269
2026-02-12 09:39:10,-0.040845686,-0.075967148,0.106416416
2026-02-12 09:39:20,-0.005775075,-0.005984585,0.052523510
2026-02-12 09:39:30,0.045662288,-0.008730792,0.027291756
2026-02-12 09:39:40,-0.011203639,0.076169818,-0.025139058
2026-02-12 09:39:50,0.081749086,-0.094284299,-0.054423855
2026-02-12 09:40:00,-0.070074159,-0.047486780,-0.011245198
2026-02-12 09:40:10,0.017733355,-0.040985181,0.057251359
2026-02-12 09:40:20,-0.001717126,-0.017617702,-0.069934968
2026-02-12 09:40:30,-0.011465798,0.039518533,-0.024059899
2026-02-12 09:40:40,-0.004819103,-0.002354633,0.028051486
2026-02-12 09:40:50,-0.082378300,0.047250960,-0.032141243
2026-02-12 09:41:00,0.062374378,-0.005946846,-0.008074762
2026-02-12 09:41:10,-0.015971786,-0.074080216,-0.013197387
2026-02-12 09:41:20,0.017181391,-0.062731354,0.053685353
2026-02-12 09:41:30,0.023161019,-0.014144702,-0.042119036
2026-02-12 09:41:40,-0.006005807,0.037476872,0.017810521
2026-02-12 09:41:50,-0.011041333,-0.013321070,-0.007529720
2026-02-12 09:42:00,0.033329696,0.042911647,0.022760463
2026-02-12 09:42:10,0.015699858,0.045785558,-0.041894299
2026-02-12 09:42:20,0.004873948,0.058341507,0.058755660
2026-02-12 09:42:30,0.053531180,-0.055954129,0.082658099
2026-02-12 09:42:40,-0.014802120,0.005825202,0.054474474
2026-02-12 09:42:50,-0.110648578,0.008865062,-0.008251581
2026-02-12 09:43:00,0.058407947,0.006499309,0.022988348
2026-02-12 09:43:10,-0.045565880,-0.012314636,-0.008113129
2026-02-12 09:43:20,0.046511976,0.029534843,-0.010255528
2026-02-12 09:43:30,0.037132281,0.030448861,0.031642416
2026-02-12 09:43:40,0.026544226,0.057643311,-0.033222046
2026-02-12 09:43:50,0.058698802,-0.029937511,-0.000121971
2026-02-12 09:44:00,0.070125178,-0.002811014,0.019972489
2026-02-12 09:44:10,-0.064423605,0.021651252,-0.063374362
2026-02-12 09:44:20,-0.062661885,-0.079701135,-0.018120794
2026-02-12 09:44:30,-0.012069922,-0.013766392,-0.047471888
2026-02-12 09:44:40,-0.014827349,-0.004440473,0.034850852
2026-02-12 09:44:50,0.054500404,0.039529678,-0.046116839
2026-02-12 09:45:00,0.043742546,0.027043787,-0.080516518
2026-02-12 09:45:10,-0.003123523,0.014354925,-0.033359990
2026-02-12 09:45:20,0.054153698,0.037802805,-0.007930672
2026-02-12 09:45:30,0.116323744,0.021721852,-0.017481358
2026-02-12 09:45:40,0.054305041,-0.010813443,-0.032586489
2026-02-12 09:45:50,0.089356669,0.079727758,-0.028237529
2026-02-12 09:46:00,-0.002682130,-0.006197648,-0.051091625
2026-02-12 09:46:10,0.118184344,0.005313054,0.053171953
2026-02-12 09:46:20,-0.008316379,0.029839721,0.009778950
2026-02-12 09:46:30,0.033849251,-0.021046852,0.033249526
2026-02-12 09:46:40,-0.014892955,-0.026992412,0.011561028
2026-02-12 09:46:50,0.023185264,0.074074535,0.116932971
2026-02-12 09:47:00,-0.015643915,-0.038639412,-0.001900871
2026-02-12 09:47:10,-0.034888266,-0.035191777,-0.000137253
2026-02-12 09:47:20,0.069299413,-0.012105790,-0.001948064
2026-02-12 09:47:30,0.033915892,0.027244125,-0.021544906
2026-02-12 09:47:40,-0.057049564,-0.023438261,-0.000327753
2026-02-12 09:47:50,-0.015628902,-0.041347927,-0.007718166
2026-02-12 09:48:00,0.021270970,-0.020094036,-0.055163350
2026-02-12 09:48:10,-0.003253367,0.043850940,0.019360194
2026-02-12 09:48:20,-0.054603110,-0.050368113,0.116925672
2026-02-12 09:48:30,0.071514395,-0.025061886,-0.045410364
2026-02-12 09:48:40,0.001619549,0.019530235,-0.021823920
2026-02-12 09:48:50,-0.063526702,-0.062004465,0.002704379
2026-02-12 09:49:00,0.020160343,0.098797513,-0.067962437
2026-02-12 09:49:10,0.040276940,0.052001086,0.007276786
2026-02-12 09:49:20,0.020321306,-0.018722449,-0.008313671
2026-02-12 09:49:30,-0.022143005,0.009970506,0.048829063
2026-02-12 09:49:40,0.000006516,0.050423062,0.021164095
2026-02-12 09:49:50,-0.008202284,-0.024621123,0.008907328
2026-02-12 09:50:00,-0.033996729,0.021391846,-0.021906249
2026-02-12 09:50:10,0.027512126,-0.019045882,0.005565859
2026-02-12 09:50:20,-0.093831514,-0.042570933,-0.056365388
2026-02-12 09:50:30,0.001890315,0.024485599,-0.004024984
2026-02-12 09:50:40,0.054296611,0.030214940,-0.016897379
2026-02-12 09:50:50,0.043284026,0.021938685,0.034029375
2026-02-12 09:51:00,-0.077171571,0.010967958,0.079631695
2026-02-12 09:51:10,-0.036312318,0.074784007,-0.008455770
2026-02-12 09:51:20,-0.029102357,0.078925275,0.031036753
2026-02-12 09:51:30,-0.076251921,0.011221749,0.062774757
2026-02-12 09:51:40,0.055244689,0.044274759,0.021072675
2026-02-12 09:51:50,0.011257086,0.046409765,-0.035323276
2026-02-12 09:52:00,0.027846219,-0.071201520,0.014175659
2026-02-12 09:52:10,-0.013233557,0.034154402,-0.003716911
2026-02-12 09:52:20,0.025282439,0.006771125,0.041413398
2026-02-12 09:52:30,-0.036696214,0.084467047,-0.017936478
2026-02-12 09:52:40,0.007812619,-0.002762681,-0.018814120
2026-02-12 09:52:50,-0.065921351,-0.065410291,-0.003954228
2026-02-12 09:53:00,-0.024661856,0.133076306,0.018849324
2026-02-12 09:53:10,0.073458096,0.148909026,0.020070966
2026-02-12 09:53:20,0.069361216,-0.005088200,-0.052975116
2026-02-12 09:53:30,0.034612500,0.020588357,-0.010555816
2026-02-12 09:53:40,0.075105526,0.053719384,0.025646943
2026-02-12 09:53:50,0.079625874,-0.001648898,-0.001673381
2026-02-12 09:54:00,0.067889173,-0.034148252,0.004188501
2026-02-12 09:54:10,-0.013842547,0.077986654,-0.009974088
2026-02-12 09:54:20,0.034548439,0.021886024,-0.035896375
2026-02-12 09:54:30,0.036360597,-0.025497684,0.058117322
2026-02-12 09:54:40,0.068587720,-0.010729367,-0.003429026
2026-02-12 09:54:50,0.021624329,0.049850941,-0.033865317
2026-02-12 09:55:00,0.073412100,-0.015038008,0.042568909
2026-02-12 09:55:10,-0.002521024,-0.039079844,0.087597987
2026-02-12 09:55:20,-0.005757053,-0.004351135,-0.037594722
2026-02-12 09:55:30,-0.091457330,-0.006219748,0.007194620
2026-02-12 09:55:40,0.042422494,0.001327215,-0.005811778
2026-02-12 09:55:50,0.020132398,0.011748722,-0.013624941
2026-02-12 09:56:00,0.086171070,-0.008267988,-0.067283869
2026-02-12 09:56:10,-0.060463916,0.043889001,0.031861784
2026-02-12 09:56:20,0.059986832,-0.110454957,-0.018555541
2026-02-12 09:56:30,-0.073433846,0.003849895,-0.000263191
2026-02-12 09:56:40,0.057919804,-0.057130898,-0.025044719
2026-02-12 09:56:50,-0.109744389,0.055816860,0.033729103
2026-02-12 09:57:00,0.004303701,0.004614138,-0.022695984
2026-02-12 09:57:10,-0.067436156,-0.060338469,-0.029634887
2026-02-12 09:57:20,0.001098823,-0.016348021,0.004621086
2026-02-12 09:57:30,0.009435422,0.066252917,-0.035489023
2026-02-12 09:57:40,-0.089587987,-0.128588606,0.002664013
2026-02-12 09:57:50,-0.007093841,-0.046096601,-0.021341754
2026-02-12 09:58:00,-0.033635256,0.030683861,-0.015262691
2026-02-12 09:58:10,0.024421889,-0.021423203,0.047528896
2026-02-12 09:58:20,0.015511785,0.029750774,0.016594125
2026-02-12 09:58:30,-0.063804579,-0.100524179,0.034785159
2026-02-12 09:58:40,0.051133835,0.055013103,-0.025716368
2026-02-12 09:58:50,-0.076096949,0.015800625,-0.079891553
2026-02-12 09:59:00,-0.025849121,0.055077189,0.091709405
2026-02-12 09:59:10,0.001849694,-0.043538817,0.021077933
2026-02-12 09:59:20,-0.008914076,0.035219896,-0.053539627
2026-02-12 09:59:30,0.035832091,-0.022661339,-0.026159994
2026-02-12 09:59:40,-0.066671619,0.044957573,-0.051198597
2026-02-12 09:59:50,-0.044278832,0.026329299,0.006080101
2026-02-12 10:00:00,-0.006737840,0.019715348,-0.048251971
2026-02-12 10:00:10,-0.023120121,-0.005279450,0.014498077
2026-02-12 10:00:20,-0.014861054,-0.046837694,-0.023456477
2026-02-12 10:00:30,0.065348017,-0.017631689,0.002359058
2026-02-12 10:00:40,0.032208964,0.044548462,0.049222983
2026-02-12 10:00:50,0.028033557,-0.007079520,0.026694192
2026-02-12 10:01:00,0.107283236,0.009254786,-0.050829277
2026-02-12 10:01:10,0.055024417,-0.019089018,0.000200578
2026-02-12 10:01:20,-0.004411138,-0.053932464,0.008744367
2026-02-12 10:01:30,0.004336798,-0.034954622,0.016877966
2026-02-12 10:01:40,-0.066694115,-0.001107970,0.041005871
2026-02-12 10:01:50,0.023221801,0.051911089,0.024607377
2026-02-12 10:02:00,-0.024428269,-0.028952304,-0.008164185
2026-02-12 10:02:10,0.054106814,-0.065543311,0.022447339
2026-02-12 10:02:20,-0.008578692,0.013914863,-0.027538365
2026-02-12 10:02:30,-0.074310601,-0.003229738,-0.112545961
2026-02-12 10:02:40,-0.007679958,0.046376096,0.028907321
2026-02-12 10:02:50,0.001112897,-0.002699167,0.023994790
2026-02-12 10:03:00,-0.000387918,-0.090503171,0.038039727
2026-02-12 10:03:10,0.022443584,-0.027001204,0.025685197
2026-02-12 10:03:20,-0.058044720,-0.025025649,-0.132804796
2026-02-12 10:03:30,0.005915097,0.128094147,0.054249978
2026-02-12 10:03:40,-0.047740709,-0.003240046,-0.008025265
2026-02-12 10:03:50,-0.003052416,0.064167979,0.034488937
2026-02-12 10:04:00,-0.069847871,0.009532236,0.007238328
2026-02-12 10:04:10,-0.050444258,-0.025816254,-0.027075323
2026-02-12 10:04:20,0.002766744,0.001615715,0.009367976
2026-02-12 10:04:30,-0.088309552,-0.008666889,-0.034260168
2026-02-12 10:04:40,0.021314446,-0.013301035,-0.042740563
2026-02-12 10:04:50,-0.055650516,0.041319372,0.010759660
2026-02-12 10:05:00,-0.023593373,-0.092347777,0.003776335
2026-02-12 10:05:10,0.064396803,0.057104192,-0.021230493
2026-02-12 10:05:20,-0.011586234,-0.053629026,-0.123524264
2026-02-12 10:05:30,0.023028338,0.035271057,0.045178863
2026-02-12 10:05:40,0.003721728,0.027906397,0.008980743
2026-02-12 10:05:50,-0.016051507,0.093070854,0.006255276
2026-02-12 10:06:00,-0.038685257,-0.076312245,-0.002794899
2026-02-12 10:06:10,0.032945922,-0.007145662,0.021156524
2026-02-12 10:06:20,-0.040824330,0.017117356,-0.099370115
2026-02-12 10:06:30,0.032757093,0.052814308,-0.100696314
2026-02-12 10:06:40,-0.047460508,0.003222804,0.007119724
2026-02-12 10:06:50,-0.018620455,-0.016683579,-0.097813769
2026-02-12 10:07:00,-0.013252136,-0.061385958,0.038686691
2026-02-12 10:07:10,-0.042389937,0.010599724,0.070894527
2026-02-12 10:07:20,-0.000912231,0.034574020,-0.026294879
2026-02-12 10:07:30,0.046652674,-0.014685139,0.054000680
2026-02-12 10:07:40,-0.013822767,0.048724669,0.051461101
2026-02-12 10:07:50,-0.105113098,0.037636462,0.000746071
2026-02-12 10:08:00,-0.027762402,0.011859030,-0.039824599
2026-02-12 10:08:10,0.035055008,0.118601314,-0.038462036
2026-02-12 10:08:20,0.011235659,-0.068673826,0.067533882
2026-02-12 10:08:30,-0.048917499,0.081456360,0.069173696
2026-02-12 10:08:40,-0.086510234,-0.035471004,-0.006705514
2026-02-12 10:08:50,-0.055825216,0.007540516,0.010082629
2026-02-12 10:09:00,0.022939594,0.007077643,-0.051683371
2026-02-12 10:09:10,0.025057574,0.050675047,-0.078417511
2026-02-12 10:09:20,0.092907762,-0.000439726,0.102783793
2026-02-12 10:09:30,0.098826883,0.080797139,0.101231161
2026-02-12 10:09:40,-0.055726019,0.011686493,0.035502178
2026-02-12 10:09:50,-0.132442536,0.002261740,0.043902045
2026-02-12 10:10:00,-0.052477652,0.028578996,0.072434943
2026-02-12 10:10:10,0.021665784,0.040914051,-0.008116518
2026-02-12 10:10:20,0.041756182,-0.074275904,0.048596331
2026-02-12 10:10:30,0.082794725,-0.009692373,-0.031019662
2026-02-12 10:10:40,0.059789746,-0.030563008,-0.011350729
2026-02-12 10:10:50,-0.007299335,0.042570588,-0.042730932
2026-02-12 10:11:00,-0.035045892,0.034066211,0.016512227
2026-02-12 10:11:10,-0.011221557,-0.013067081,-0.047703063
2026-02-12 10:11:20,0.019363377,0.054535212,-0.065523507
2026-02-12 10:11:30,-0.028016565,-0.068720195,0.002272855
2026-02-12 10:11:40,0.019139407,-0.069574353,-0.058681500
2026-02-12 10:11:50,-0.051926239,-0.089642005,0.038190570
2026-02-12 10:12:00,0.043176744,0.019051851,-0.046977876
2026-02-12 10:12:10,-0.051043620,0.034965490,0.056310891
2026-02-12 10:12:20,0.020499370,0.038496900,-0.016855916
2026-02-12 10:12:30,0.022035050,-0.016278679,-0.078432928
2026-02-12 10:12:40,-0.000611985,0.007603439,-0.022372619
2026-02-12 10:12:50,-0.058313264,0.040627604,0.061379438
2026-02-12 10:13:00,-0.018650115,0.049520783,-0.016845227
2026-02-12 10:13:10,-0.042682877,0.060021070,-0.005149159
2026-02-12 10:13:20,0.027080610,0.028076478,-0.003179968
2026-02-12 10:13:30,-0.108138454,0.042858386,-0.065813409
2026-02-12 10:13:40,0.010856294,-0.056198120,-0.020424254
2026-02-12 10:13:50,-0.018246971,-0.038574723,0.073424141
2026-02-12 10:14:00,-0.043067440,-0.034315233,-0.037438224
2026-02-12 10:14:10,-0.081211991,-0.056778662,-0.016891128
2026-02-12 10:14:20,0.031222235,-0.077088614,-0.054212391
2026-02-12 10:14:30,-0.006237447,-0.019576709,0.024735407
2026-02-12 10:14:40,-0.052886709,0.008577495,0.009818369
2026-02-12 10:14:50,0.043758999,-0.073035522,-0.061136596
2026-02-12 10:15:00,0.085138369,-0.033365856,0.011353355
2026-02-12 10:15:10,0.037367129,-0.076063248,0.084687161
2026-02-12 10:15:20,-0.046610946,-0.009177547,0.064536005
2026-02-12 10:15:30,0.038477484,0.106457136,0.012984621
2026-02-12 10:15:40,-0.022381519,0.003485179,0.033773580
2026-02-12 10:15:50,-0.084511673,0.075195383,0.027312114
2026-02-12 10:16:00,0.026663029,0.049341010,0.095598216
2026-02-12 10:16:10,-0.023415788,-0.069578597,0.022934157
2026-02-12 10:16:20,-0.101410841,0.018020793,-0.000395500
2026-02-12 10:16:30,-0.061533302,0.003517285,0.032181979
2026-02-12 10:16:40,0.041992104,0.080358671,-0.006887754
2026-02-12 10:16:50,0.018103955,0.012213017,0.019513459
2026-02-12 10:17:00,-0.018523260,-0.073102151,-0.033476506
2026-02-12 10:17:10,0.042509290,-0.060263486,-0.126679249
2026-02-12 10:17:20,0.035270158,0.027440189,0.067558993
2026-02-12 10:17:30,0.036080184,-0.021725167,0.040709600
2026-02-12 10:17:40,0.009180497,0.059879314,0.022314700
2026-02-12 10:17:50,0.065638402,0.027176855,-0.005211945
2026-02-12 10:18:00,0.047485834,-0.010449681,0.024001025
2026-02-12 10:18:10,-0.026426713,0.080985330,-0.054541038
2026-02-12 10:18:20,0.043076620,0.092626304,0.006721609
2026-02-12 10:18:30,0.025598101,-0.032388564,0.073830105
2026-02-12 10:18:40,0.032535167,-0.098357458,-0.071367630
2026-02-12 10:18:50,-0.023975669,0.081149075,-0.023551921
2026-02-12 10:19:00,0.023910808,0.004719622,-0.080154299
2026-02-12 10:19:10,0.098737792,0.018464457,0.042154778
2026-02-12 10:19:20,0.099698275,-0.005912763,-0.019223306
2026-02-12 10:19:30,0.038329605,0.098505324,-0.005177613
2026-02-12 10:19:40,0.050297041,0.013572046,-0.030664322
2026-02-12 10:19:50,0.167842967,0.008718156,-0.056813164
2026-02-12 10:20:00,-0.059538202,0.007962511,0.002194210
2026-02-12 10:20:10,0.047011017,-0.070994277,0.051017868
2026-02-12 10:20:20,0.066558323,-0.037290795,-0.020809309
2026-02-12 10:20:30,0.036611633,0.023763044,-0.010241567
2026-02-12 10:20:40,-0.008823940,-0.002813672,0.045812392
2026-02-12 10:20:50,0.002923021,-0.045419419,0.021543541
2026-02-12 10:21:00,0.034082500,-0.009370448,-0.006096889
2026-02-12 10:21:10,-0.082974661,-0.003398607,-0.049104059
2026-02-12 10:21:20,0.035496650,0.034013482,-0.079421868
2026-02-12 10:21:30,-0.033619191,-0.046565961,-0.069911167
2026-02-12 10:21:40,0.007626674,0.047078592,0.003503092
2026-02-12 10:21:50,-0.100733102,-0.039842261,0.062026727
2026-02-12 10:22:00,0.107455887,0.010709241,-0.049506558
2026-02-12 10:22:10,-0.003927268,0.037315471,0.042776718
2026-02-12 10:22:20,0.015209955,-0.081493596,-0.009069487
2026-02-12 10:22:30,-0.001009793,-0.047349864,-0.034553136
2026-02-12 10:22:40,-0.004874967,-0.036215205,0.113303248
2026-02-12 10:22:50,-0.099028380,0.003643178,0.058954650
2026-02-12 10:23:00,-0.001967700,-0.012109249,0.036554734
2026-02-12 10:23:10,-0.046843170,-0.019101832,-0.043392664
2026-02-12 10:23:20,0.055569752,0.047109206,0.036576908
2026-02-12 10:23:30,-0.122814481,0.017131934,0.012904485
2026-02-12 10:23:40,-0.035057687,0.090881560,-0.004956970
2026-02-12 10:23:50,-0.041124670,-0.051813692,-0.002787191
2026-02-12 10:24:00,-0.013468907,-0.097489597,0.125426697
2026-02-12 10:24:10,0.023846967,-0.006168170,0.060365167
2026-02-12 10:24:20,-0.018443574,0.019062748,-0.043903139
2026-02-12 10:24:30,-0.057320734,0.101284677,0.034310590
2026-02-12 10:24:40,-0.024142509,-0.050679137,-0.010765033
2026-02-12 10:24:50,0.104145612,-0.053094837,0.058424846
2026-02-12 10:25:00,-0.042507957,-0.054103854,-0.042706639
2026-02-12 10:25:10,0.018785876,0.001436866,-0.059699389
2026-02-12 10:25:20,-0.067874697,0.003723358,-0.036116216
2026-02-12 10:25:30,-0.071134072,-0.104922177,0.073879238
2026-02-12 10:25:40,0.031102659,-0.018263464,0.063526428
2026-02-12 10:25:50,0.051509091,-0.016124655,0.082371820
2026-02-12 10:26:00,0.075828045,0.046732314,0.050119254
2026-02-12 10:26:10,-0.023046281,0.002886480,-0.047435278
2026-02-12 10:26:20,0.014757062,0.014240346,-0.030885979
2026-02-12 10:26:30,-0.021739956,0.036971498,-0.056711276
2026-02-12 10:26:40,-0.001985923,-0.026445530,0.027489046
2026-02-12 10:26:50,0.041444080,-0.043249642,-0.065459600
2026-02-12 10:27:00,-0.008314560,0.128194413,-0.021270751
2026-02-12 10:27:10,-0.000620243,-0.057541487,0.013068486
2026-02-12 10:27:20,0.009779091,0.006396143,-0.008687259
2026-02-12 10:27:30,-0.073184952,-0.060118062,-0.018350785
2026-02-12 10:27:40,-0.012656203,0.029437376,0.053134123
2026-02-12 10:27:50,-0.046073429,0.034570879,-0.072726474
2026-02-12 10:28:00,-0.008167349,-0.018857608,0.041341244
2026-02-12 10:28:10,-0.055081637,-0.015916143,-0.033216549
2026-02-12 10:28:20,0.032633038,-0.027238740,0.002197564
2026-02-12 10:28:30,-0.032333274,0.023296578,0.012633988
2026-02-12 10:28:40,-0.004675737,0.117893724,0.008172235
2026-02-12 10:28:50,0.008516060,0.007934686,0.035574516
2026-02-12 10:29:00,-0.040073964,0.099941156,-0.025949707
2026-02-12 10:29:10,-0.011297276,0.064637530,-0.067197518
2026-02-12 10:29:20,-0.037956341,0.021181002,-0.000303813
2026-02-12 10:29:30,-0.024606567,0.081894571,0.006024271
2026-02-12 10:29:40,-0.054960476,0.109157194,-0.013524133
2026-02-12 10:29:50,0.032920524,-0.007606164,0.023245513
2026-02-12 10:30:00,-0.055807877,-0.026213590,-0.016164039
2026-02-12 10:30:10,0.031039921,-0.075641887,-0.053096365
2026-02-12 10:30:20,-0.091767971,0.027967459,0.083577535
2026-02-12 10:30:30,-0.016620567,-0.062006106,-0.002496038
2026-02-12 10:30:40,0.127914806,0.007175098,-0.037887306
2026-02-12 10:30:50,-0.065751259,0.005584823,-0.015560826
2026-02-12 10:31:00,-0.047972249,0.056710621,0.041455388
2026-02-12 10:31:10,-0.058501508,0.027001434,0.025138735
2026-02-12 10:31:20,0.046789821,-0.012982963,-0.026639408
2026-02-12 10:31:30,0.079497489,0.082703964,-0.013167937
2026-02-12 10:31:40,-0.018056872,0.021433910,-0.051825271
2026-02-12 10:31:50,0.031470726,0.000101670,-0.009024494
2026-02-12 10:32:00,0.029994195,-0.014828323,-0.037622685
2026-02-12 10:32:10,-0.041153967,0.045215574,0.031540680
2026-02-12 10:32:20,0.001224323,0.017198368,-0.000795674
2026-02-12 10:32:30,-0.009526726,-0.040052680,0.044629592
2026-02-12 10:32:40,-0.046789353,-0.012020519,-0.023998590
2026-02-12 10:32:50,-0.047025949,-0.027977978,-0.029255576
2026-02-12 10:33:00,0.023496591,-0.046141606,-0.063177034
2026-02-12 10:33:10,-0.029991133,-0.034593717,-0.044345635
2026-02-12 10:33:20,-0.033543376,0.068815149,-0.014001007
2026-02-12 10:33:30,0.014651118,0.073375627,0.044880517
2026-02-12 10:33:40,0.076577337,-0.011118654,0.017243768
2026-02-12 10:33:50,0.125064361,-0.002469113,-0.031712590
2026-02-12 10:34:00,-0.002967950,-0.013424996,-0.058938218
2026-02-12 10:34:10,-0.067437449,-0.013073866,-0.054326826
2026-02-12 10:34:20,0.096734292,0.014151324,0.068223601
2026-02-12 10:34:30,0.061700798,0.114836397,0.000357534
2026-02-12 10:34:40,0.035639883,-0.070935776,0.037438466
2026-02-12 10:34:50,0.106577416,-0.040598814,-0.014507643
2026-02-12 10:35:00,0.041806106,-0.015893068,0.059474849
2026-02-12 10:35:10,0.018841571,0.035980996,-0.037396625
2026-02-12 10:35:20,0.014624348,0.013979379,-0.089260896
2026-02-12 10:35:30,0.010191464,0.033914647,-0.013080293
2026-02-12 10:35:40,-0.013953773,0.014874176,-0.001164915
2026-02-12 10:35:50,-0.010394097,-0.006156593,-0.055915520
2026-02-12 10:36:00,-0.000644930,-0.003787593,-0.067012011
2026-02-12 10:36:10,-0.132333362,-0.027949145,0.019554833
2026-02-12 10:36:20,0.078829526,0.070068996,0.032986752
2026-02-12 10:36:30,-0.065426019,0.065962601,-0.015025652
2026-02-12 10:36:40,0.002688785,0.019175533,0.026138905
2026-02-12 10:36:50,0.002816809,-0.032484727,0.011345221
2026-02-12 10:37:00,0.042552545,-0.011264412,-0.005361441
2026-02-12 10:37:10,-0.042601750,0.071235101,0.035210081
2026-02-12 10:37:20,-0.003020735,-0.104016924,-0.084744478
2026-02-12 10:37:30,-0.025713470,0.003141082,-0.054159687
2026-02-12 10:37:40,-0.050063308,0.031382997,-0.060646349
2026-02-12 10:37:50,-0.035439766,0.029699443,-0.011358920
2026-02-12 10:38:00,0.004867304,-0.044496449,0.020427048
2026-02-12 10:38:10,0.016091273,0.071788730,-0.030223508
2026-02-12 10:38:20,-0.039222940,-0.022111675,-0.007564913
2026-02-12 10:38:30,-0.013626304,0.083621756,-0.018919454
2026-02-12 10:38:40,-0.038388791,-0.010650917,0.122244152
2026-02-12 10:38:50,-0.053236654,0.101455262,-0.034351468
2026-02-12 10:39:00,0.017927502,0.009035186,0.056212048
2026-02-12 10:39:10,-0.004916225,-0.123583308,0.010482928
2026-02-12 10:39:20,-0.067635808,-0.061130311,-0.014993420
2026-02-12 10:39:30,-0.023830435,0.017832657,-0.001861808
2026-02-12 10:39:40,-0.016742021,0.099043601,-0.081315959
2026-02-12 10:39:50,0.012883836,0.023040681,-0.014267088
2026-02-12 10:40:00,0.061012277,-0.033688165,0.020706244
2026-02-12 10:40:10,-0.056211877,0.007412172,-0.066434548
2026-02-12 10:40:20,-0.047784031,0.024432400,-0.071443645
2026-02-12 10:40:30,-0.028450490,0.016568817,-0.048713775
2026-02-12 10:40:40,0.040867303,0.038114870,0.048111996
2026-02-12 10:40:50,-0.004275776,0.103147115,0.008035856
2026-02-12 10:41:00,0.016913848,-0.000988746,0.014021526
2026-02-12 10:41:10,-0.037377523,0.030324756,0.025577162
2026-02-12 10:41:20,-0.015926584,0.065292245,-0.054035892
2026-02-12 10:41:30,0.063219525,0.052606734,-0.025070141
2026-02-12 10:41:40,-0.040383411,0.000230481,-0.012214483
2026-02-12 10:41:50,0.037019842,-0.001676569,0.018238040
2026-02-12 10:42:00,-0.070681351,0.027436537,-0.009331219
2026-02-12 10:42:10,-0.028448487,-0.027888304,-0.099547715
2026-02-12 10:42:20,0.065024259,0.080949467,-0.064540920
2026-02-12 10:42:30,0.016658757,0.116536269,-0.000432613
2026-02-12 10:42:40,0.072008851,0.024902709,0.013542960
2026-02-12 10:42:50,-0.012728391,0.027870615,-0.065690769
2026-02-12 10:43:00,-0.037489840,0.053757734,0.072627619
2026-02-12 10:43:10,0.010045219,-0.039475724,0.025361597
2026-02-12 10:43:20,0.010192787,-0.013568398,-0.018270265
2026-02-12 10:43:30,-0.006884933,0.020059751,0.027155120
2026-02-12 10:43:40,0.028919369,-0.008047737,0.010097165
2026-02-12 10:43:50,-0.081483294,0.140264192,-0.100319250
2026-02-12 10:44:00,-0.000634356,-0.024212938,0.087167690
2026-02-12 10:44:10,-0.022852137,0.088757266,-0.032922741
2026-02-12 10:44:20,0.008072917,-0.004198013,0.011441093
2026-02-12 10:44:30,0.023100484,0.055261120,-0.007077179
2026-02-12 10:44:40,-0.037457239,0.014063374,-0.043506900
2026-02-12 10:44:50,-0.007800403,-0.040753034,-0.065337537
2026-02-12 10:45:00,0.023009439,0.006483512,-0.033814762
2026-02-12 10:45:10,-0.038327057,-0.025465508,0.044797084
2026-02-12 10:45:20,-0.067982055,0.031778220,-0.024780258
2026-02-12 10:45:30,0.014290390,-0.050457088,-0.052362491
2026-02-12 10:45:40,0.008912615,-0.059543887,0.049868414
2026-02-12 10:45:50,0.016615145,0.014386058,-0.018747912
2026-02-12 10:46:00,0.033823830,0.028004435,-0.052943417
2026-02-12 10:46:10,-0.070580339,0.007894444,0.014789679
2026-02-12 10:46:20,-0.019088341,-0.061331061,0.054115722
2026-02-12 10:46:30,-0.040125722,0.066971766,-0.038402958
2026-02-12 10:46:40,0.009817524,-0.032274309,0.060950657
2026-02-12 10:46:50,-0.042522634,0.032603608,0.051197013
2026-02-12 10:47:00,0.110901525,-0.014880320,-0.044080667
2026-02-12 10:47:10,-0.010243397,-0.030374374,-0.045498574
2026-02-12 10:47:20,0.024106321,0.076434238,-0.021973572
2026-02-12 10:47:30,-0.024154524,-0.021120436,-0.016000478
2026-02-12 10:47:40,0.060825318,-0.072523173,-0.062145487
2026-02-12 10:47:50,0.004143466,-0.113097161,-0.008586912
2026-02-12 10:48:00,0.049672923,0.034717885,0.002385065
2026-02-12 10:48:10,-0.049255495,0.054589319,0.059065746
2026-02-12 10:48:20,0.000749991,-0.079069210,0.020348665
2026-02-12 10:48:30,0.076919757,0.039647934,0.007497982
2026-02-12 10:48:40,-0.039009820,-0.010613015,-0.069878196
2026-02-12 10:48:50,-0.016672564,0.002649235,0.067279549
2026-02-12 10:49:00,0.044159906,0.035522423,0.069733047
2026-02-12 10:49:10,-0.059986913,-0.066664865,0.080433076
2026-02-12 10:49:20,0.040565391,-0.070885330,-0.020967855
2026-02-12 10:49:30,-0.072190289,-0.017810787,-0.016716477
2026-02-12 10:49:40,0.074778713,-0.017235064,0.016369674
2026-02-12 10:49:50,-0.013714576,0.031896760,-0.009279229
2026-02-12 10:50:00,0.029840361,-0.060719121,0.035293600
2026-02-12 10:50:10,0.054400493,-0.035983522,0.074310065
2026-02-12 10:50:20,-0.057490710,0.016001995,0.027083093
2026-02-12 10:50:30,-0.003081436,-0.025006540,0.051924025
2026-02-12 10:50:40,0.000253270,-0.008196771,0.019637919
2026-02-12 10:50:50,-0.030798543,-0.011733758,-0.027936542
2026-02-12 10:51:00,0.044624843,0.075932387,-0.007883363
2026-02-12 10:51:10,0.031715731,0.055286390,0.052079926
2026-02-12 10:51:20,0.065222243,0.026935398,0.065687732
2026-02-12 10:51:30,0.048701266,0.058105853,0.095307547
2026-02-12 10:51:40,0.017570360,0.021368606,0.006995599
2026-02-12 10:51:50,0.030438771,0.046211012,-0.089125673
2026-02-12 10:52:00,-0.042758156,0.064926958,-0.089747215
2026-02-12 10:52:10,-0.006190195,0.004809750,0.084794567
2026-02-12 10:52:20,0.026839974,0.000464869,-0.057936024
2026-02-12 10:52:30,0.022359111,-0.058694683,-0.018722179
2026-02-12 10:52:40,0.038927786,-0.086535834,-0.026728120
2026-02-12 10:52:50,-0.069349287,-0.025384143,-0.078879951
2026-02-12 10:53:00,0.081558466,-0.027462997,0.006215484
2026-02-12 10:53:10,0.062194945,-0.035216716,0.072843769
2026-02-12 10:53:20,0.055947966,-0.071351248,0.007095499
2026-02-12 10:53:30,0.022636781,-0.079368941,0.047735141
2026-02-12 10:53:40,-0.003987792,0.003221631,-0.033491470
2026-02-12 10:53:50,-0.002971477,0.019959461,0.067239836
2026-02-12 10:54:00,0.085212319,-0.001816414,0.015946305
2026-02-12 10:54:10,0.088319193,-0.134666461,-0.097411200
2026-02-12 10:54:20,-0.025068443,0.073103838,-0.114767396
2026-02-12 10:54:30,0.001881887,-0.000277340,0.058293140
2026-02-12 10:54:40,-0.075193916,0.024382003,-0.084311069
2026-02-12 10:54:50,0.013467210,0.009812865,0.046547025
2026-02-12 10:55:00,-0.098246241,0.031885294,-0.082538113
2026-02-12 10:55:10,-0.050791011,0.022664500,-0.004018777
2026-02-12 10:55:20,0.002721638,0.023849366,-0.024200339
2026-02-12 10:55:30,-0.028201947,-0.025686231,0.045786782
2026-02-12 10:55:40,0.022655557,-0.089569132,-0.004848023
2026-02-12 10:55:50,0.042437882,-0.017119952,-0.049610411
2026-02-12 10:56:00,0.019911700,0.054762968,-0.057310723
2026-02-12 10:56:10,-0.004326246,-0.007035343,0.056264748
2026-02-12 10:56:20,0.108026483,-0.089299705,-0.032286660
2026-02-12 10:56:30,-0.004930804,0.020969261,-0.024154548
2026-02-12 10:56:40,0.074546185,0.017518222,0.002654451
2026-02-12 10:56:50,0.087707848,-0.016064335,-0.034145047
2026-02-12 10:57:00,-0.024870272,-0.022174088,0.049689109
2026-02-12 10:57:10,-0.028392524,0.055892716,-0.067318240
2026-02-12 10:57:20,0.061943671,-0.011856402,-0.068058728
2026-02-12 10:57:30,-0.001742956,0.031112026,0.004552426
2026-02-12 10:57:40,-0.058880345,0.041800216,0.045539378
2026-02-12 10:57:50,-0.026751079,0.041452614,-0.032000870
2026-02-12 10:58:00,0.014441475,0.014456231,0.097189213
2026-02-12 10:58:10,0.023656989,-0.035675447,0.006033375
2026-02-12 10:58:20,0.011886132,0.158195619,-0.068155338
2026-02-12 10:58:30,-0.048466009,0.105344375,-0.013962482
2026-02-12 10:58:40,0.049149467,0.026557591,-0.021638766
2026-02-12 10:58:50,0.011003867,0.093299140,0.011408877
2026-02-12 10:59:00,-0.052773312,-0.013981075,-0.044030687
2026-02-12 10:59:10,0.017620905,-0.053457243,0.024337705
2026-02-12 10:59:20,-0.029991262,-0.000373345,-0.012234338
2026-02-12 10:59:30,0.028200499,0.031719415,0.038472287
2026-02-12 10:59:40,-0.031600218,0.025820439,0.068147996
2026-02-12 10:59:50,0.009465172,0.035121447,-0.024101709
2026-02-12 11:00:00,-0.051765629,0.001450520,0.011411875
2026-02-12 11:00:10,0.012470466,-0.042152136,0.000417594
2026-02-12 11:00:20,-0.066966635,-0.001155381,0.052653864
2026-02-12 11:00:30,0.050103419,-0.049506938,-0.006950038
2026-02-12 11:00:40,-0.023429048,-0.065595164,0.016796982
2026-02-12 11:00:50,-0.078549986,0.024972345,0.008843299
2026-02-12 11:01:00,0.017786274,0.114721617,-0.026371094
2026-02-12 11:01:10,0.023417935,-0.038735753,0.002685640
2026-02-12 11:01:20,-0.076896036,-0.042060094,-0.009422314
2026-02-12 11:01:30,-0.109306793,-0.000459730,0.009909972
2026-02-12 11:01:40,-0.082491363,0.060660786,-0.013064306
2026-02-12 11:01:50,-0.046488273,0.040822178,0.005994495
2026-02-12 11:02:00,-0.088290822,-0.004098766,0.077485909
2026-02-12 11:02:10,0.010696093,-0.067602253,-0.002498180
2026-02-12 11:02:20,-0.041830924,-0.052062542,-0.026658988
2026-02-12 11:02:30,-0.051344473,-0.044733104,-0.022518715
2026-02-12 11:02:40,0.011325678,-0.061475271,0.027345415
2026-02-12 11:02:50,0.049408073,-0.088553717,-0.032015653
2026-02-12 11:03:00,-0.052649006,-0.001490907,0.013304747
2026-02-12 11:03:10,0.039178450,-0.031857495,0.086792012
2026-02-12 11:03:20,0.136840087,-0.017065445,0.009871575
2026-02-12 11:03:30,-0.038236399,0.006158218,-0.021184951
2026-02-12 11:03:40,-0.011337777,0.023627498,-0.003386667
2026-02-12 11:03:50,0.046994018,-0.011893047,0.010381000
2026-02-12 11:04:00,0.064775025,-0.012780196,0.011047713
2026-02-12 11:04:10,-0.039122321,0.089395746,-0.084376262
2026-02-12 11:04:20,-0.071961213,-0.038598761,0.060955949
2026-02-12 11:04:30,-0.002592943,0.017947595,0.063347052
2026-02-12 11:04:40,-0.003007441,0.011822139,0.049291823
2026-02-12 11:04:50,0.042854755,-0.037259619,-0.051493553
2026-02-12 11:05:00,-0.003588234,0.056601416,-0.036177787
2026-02-12 11:05:10,-0.049027560,-0.026306571,0.038691645
2026-02-12 11:05:20,-0.020578218,-0.047406076,-0.014285511
2026-02-12 11:05:30,-0.047554113,-0.099242090,-0.061657826
2026-02-12 11:05:40,-0.002508514,-0.006450390,0.091757625
2026-02-12 11:05:50,-0.070418131,-0.030677437,-0.049337275
2026-02-12 11:06:00,0.002985418,-0.052274989,-0.017622364
2026-02-12 11:06:10,0.065912766,-0.047340820,-0.096459748
2026-02-12 11:06:20,0.017715519,0.042860569,0.043151494
2026-02-12 11:06:30,0.011857776,-0.080969876,-0.008040757
2026-02-12 11:06:40,-0.087037705,0.112386000,0.053291506
2026-02-12 11:06:50,-0.031404299,0.067708250,-0.040464128
2026-02-12 11:07:00,-0.069040864,0.055101447,-0.050485349
2026-02-12 11:07:10,0.012461504,0.080059588,0.000437567
2026-02-12 11:07:20,-0.029825951,-0.053916942,0.019959970
2026-02-12 11:07:30,-0.057740612,0.036290397,-0.017409409
2026-02-12 11:07:40,-0.019092104,-0.018787524,-0.050029415
2026-02-12 11:07:50,-0.037191632,0.055278972,-0.109766582
2026-02-12 11:08:00,-0.010356464,0.059776812,0.056798037
2026-02-12 11:08:10,0.019497904,-0.045043188,0.057892467
2026-02-12 11:08:20,-0.012818946,0.014206342,-0.069577667
2026-02-12 11:08:30,-0.030286504,0.003041871,-0.073616645
2026-02-12 11:08:40,0.002192456,0.022226872,-0.027094206
2026-02-12 11:08:50,-0.038811343,-0.010434415,0.031354080
2026-02-12 11:09:00,0.033864778,0.002052142,-0.003096765
2026-02-12 11:09:10,-0.049151478,-0.055504453,0.005794551
2026-02-12 11:09:20,-0.080216419,0.025895544,-0.031447603
2026-02-12 11:09:30,0.015458002,0.049290752,0.103010946
2026-02-12 11:09:40,0.062422270,-0.000879569,0.000105601
2026-02-12 11:09:50,0.007307282,0.028186825,0.029519424
2026-02-12 11:10:00,-0.054651118,-0.027879428,-0.002754787
2026-02-12 11:10:10,-0.014811638,0.041216794,-0.082837788
2026-02-12 11:10:20,-0.076955346,-0.110011649,-0.001244051
2026-02-12 11:10:30,-0.072820062,-0.026741066,0.008547463
2026-02-12 11:10:40,0.032063092,0.016902786,-0.000806916
2026-02-12 11:10:50,-0.000135030,-0.042559163,-0.061071511
2026-02-12 11:11:00,-0.055914877,-0.056755421,0.014517643
2026-02-12 11:11:10,-0.047016053,0.051636698,-0.043674510
2026-02-12 11:11:20,0.123238426,-0.057070127,-0.026331139
2026-02-12 11:11:30,0.030301107,-0.040883537,-0.012726951
2026-02-12 11:11:40,0.035189476,0.044816039,-0.000319421
2026-02-12 11:11:50,-0.109457620,-0.063457246,0.058521789
2026-02-12 11:12:00,0.012356441,-0.041519821,0.037123236
2026-02-12 11:12:10,-0.035758076,0.072733011,-0.079314324
2026-02-12 11:12:20,-0.038577838,0.171107872,-0.110871446
2026-02-12 11:12:30,-0.078350623,-0.024030853,0.031160631
2026-02-12 11:12:40,-0.049985734,-0.036206764,-0.108350986
2026-02-12 11:12:50,-0.004829093,0.005898735,-0.011175550
2026-02-12 11:13:00,0.053702003,-0.047873677,-0.008005286
2026-02-12 11:13:10,-0.040910687,-0.037516493,0.083737258
2026-02-12 11:13:20,0.006708767,0.005914720,-0.058156654
2026-02-12 11:13:30,0.002649250,-0.007541740,0.010329112
2026-02-12 11:13:40,0.148866851,-0.002646536,-0.061457212
2026-02-12 11:13:50,-0.010210919,-0.009119394,0.009469206
2026-02-12 11:14:00,-0.056947855,-0.080272710,0.003059938
2026-02-12 11:14:10,-0.042834754,0.035440455,0.058860956
2026-02-12 11:14:20,0.033163288,0.067040316,-0.082995375
2026-02-12 11:14:30,-0.017831464,-0.089060950,0.061393338
2026-02-12 11:14:40,0.051428558,0.054795096,0.009574652
2026-02-12 11:14:50,0.043259179,0.165162262,0.003326104
2026-02-12 11:15:00,-0.002650459,-0.018241916,0.014851440
2026-02-12 11:15:10,-0.037248011,-0.029596604,0.011301453
2026-02-12 11:15:20,-0.062604416,0.075392201,-0.026208332
2026-02-12 11:15:30,0.029067414,0.029008454,-0.018169368
2026-02-12 11:15:40,-0.011268444,-0.013961741,0.013568459
2026-02-12 11:15:50,0.065165375,0.044366042,0.013953855
2026-02-12 11:16:00,-0.013979805,-0.038410837,-0.008547974
2026-02-12 11:16:10,-0.034748309,0.019989016,0.038401477
2026-02-12 11:16:20,-0.043513404,-0.000948856,-0.050705111
2026-02-12 11:16:30,-0.024944556,-0.027491769,0.007161704
2026-02-12 11:16:40,0.056123717,-0.007964872,0.035907331
2026-02-12 11:16:50,0.011147459,-0.039562502,-0.083397767
2026-02-12 11:17:00,0.022612341,-0.059108749,-0.064084542
2026-02-12 11:17:10,-0.085599432,0.063385893,0.033456632
2026-02-12 11:17:20,-0.021958486,-0.015715324,0.022935219
2026-02-12 11:17:30,-0.072368171,0.034705447,0.057774219
2026-02-12 11:17:40,0.053540795,-0.041572012,-0.053740700
2026-02-12 11:17:50,0.093070749,0.051460619,0.000552003
2026-02-12 11:18:00,-0.087517832,-0.038384747,-0.046486559
2026-02-12 11:18:10,0.012421244,0.004081061,-0.024877148
2026-02-12 11:18:20,0.070829124,0.022883138,-0.042369988
2026-02-12 11:18:30,0.009306534,0.039800631,-0.026056300
2026-02-12 11:18:40,-0.070910150,-0.065230911,-0.074473800
2026-02-12 11:18:50,-0.059327514,0.049060866,-0.007723074
2026-02-12 11:19:00,0.024430006,0.106576919,0.073433212
2026-02-12 11:19:10,0.013361716,-0.102266966,0.001865729
2026-02-12 11:19:20,-0.017768683,-0.094894036,-0.069763528
2026-02-12 11:19:30,-0.074514777,0.011730630,-0.073401809
2026-02-12 11:19:40,0.054153538,-0.052388682,0.005101046
2026-02-12 11:19:50,0.000279678,-0.056154683,-0.046944665
2026-02-12 11:20:00,0.000370954,0.070166093,-0.019315214
2026-02-12 11:20:10,0.062168926,0.007778505,-0.003905237
2026-02-12 11:20:20,0.008567480,-0.119851217,0.070105402
2026-02-12 11:20:30,0.057201533,-0.027979127,0.063257216
2026-02-12 11:20:40,0.049791373,0.045626080,-0.004098019
2026-02-12 11:20:50,-0.026133877,-0.021430166,0.041732412
2026-02-12 11:21:00,-0.056522762,0.072941881,0.090429583
2026-02-12 11:21:10,-0.061560700,0.085663700,-0.120171951
2026-02-12 11:21:20,-0.053410213,0.087243959,-0.015244764
2026-02-12 11:21:30,-0.034951980,-0.102671292,-0.054491938
2026-02-12 11:21:40,-0.041239937,0.036936703,0.016065431
2026-02-12 11:21:50,0.022906387,0.016863064,-0.078168498
2026-02-12 11:22:00,-0.006500450,0.091099701,0.055671422
2026-02-12 11:22:10,-0.042747880,-0.052868082,-0.022796282
2026-02-12 11:22:20,0.042250391,-0.013948474,-0.004097261
2026-02-12 11:22:30,0.023927006,-0.053610820,-0.019644125
2026-02-12 11:22:40,-0.056895658,-0.035598928,-0.002132338
2026-02-12 11:22:50,-0.060855644,-0.073336410,0.010268009
2026-02-12 11:23:00,0.003860490,-0.006025258,0.077292072
2026-02-12 11:23:10,-0.036853939,0.019313170,-0.007727834
2026-02-12 11:23:20,-0.059568148,0.079073344,0.064734048
2026-02-12 11:23:30,0.037928571,-0.007070625,-0.025146202
2026-02-12 11:23:40,0.053826463,-0.042504812,-0.029891243
2026-02-12 11:23:50,0.064676598,0.011759920,0.002717012
2026-02-12 11:24:00,0.052262475,0.043017218,0.006962698
2026-02-12 11:24:10,-0.141594526,0.026111044,-0.011940158
2026-02-12 11:24:20,-0.009013652,-0.023683624,0.099601017
2026-02-12 11:24:30,-0.068170170,-0.049444471,-0.008416930
2026-02-12 11:24:40,0.007629363,0.026167681,0.039133713
2026-02-12 11:24:50,0.013301143,0.056213301,-0.037973174
2026-02-12 11:25:00,0.004784009,-0.010334463,0.031447252
2026-02-12 11:25:10,-0.003219464,0.033592024,0.024504606
2026-02-12 11:25:20,-0.086690069,-0.070634878,-0.068256654
2026-02-12 11:25:30,-0.000920981,-0.034714107,0.034188257
2026-02-12 11:25:40,-0.014177806,0.041712384,0.043525934
2026-02-12 11:25:50,-0.074260312,0.082416560,-0.069731304
2026-02-12 11:26:00,-0.012238255,-0.073443542,0.056161135
2026-02-12 11:26:10,0.030946522,0.083659897,0.058449244
2026-02-12 11:26:20,0.068375638,0.016501797,-0.061048170
2026-02-12 11:26:30,-0.055877785,-0.084108981,-0.060539198
2026-02-12 11:26:40,-0.036500864,-0.033226460,-0.045572333
2026-02-12 11:26:50,0.034682661,-0.100579833,0.035783347
2026-02-12 11:27:00,-0.060767985,0.029033258,-0.008990132
2026-02-12 11:27:10,0.062636884,0.029806406,0.012489318
2026-02-12 11:27:20,-0.144924337,0.008508494,0.016275220
2026-02-12 11:27:30,0.010171335,-0.033658113,0.022307712
2026-02-12 11:27:40,-0.010214372,-0.006872731,0.077494451
2026-02-12 11:27:50,0.035463355,-0.018406729,-0.087048779
2026-02-12 11:28:00,0.059677250,0.002151934,-0.037463831
2026-02-12 11:28:10,-0.057564447,0.020325920,-0.029431653
2026-02-12 11:28:20,-0.043999211,-0.081324278,-0.039435333
2026-02-12 11:28:30,0.072452744,-0.002233587,0.047756037
2026-02-12 11:28:40,-0.040550977,-0.046759108,0.038562916
2026-02-12 11:28:50,0.046988942,-0.034902259,0.059342832
2026-02-12 11:29:00,0.037207067,0.002396961,0.001827671
2026-02-12 11:29:10,-0.030381323,0.069776685,-0.014642165
2026-02-12 11:29:20,0.015187725,0.101844053,0.022708895
2026-02-12 11:29:30,0.022698551,-0.090503830,0.025925727
2026-02-12 11:29:40,-0.088634506,-0.084288808,0.072816222
2026-02-12 11:29:50,0.102512176,-0.016700955,-0.065074242
2026-02-12 11:30:00,-0.012488906,-0.024240690,0.047363432
2026-02-12 11:30:10,-0.011012021,0.006076447,0.035319784
2026-02-12 11:30:20,-0.026838329,0.056353160,-0.074168308
2026-02-12 11:30:30,-0.010838765,-0.022746768,0.006588242
2026-02-12 11:30:40,0.029914332,0.083976358,0.053912152
2026-02-12 11:30:50,0.003129053,-0.004230166,0.068370942
2026-02-12 11:31:00,0.065049045,-0.036728482,0.012671352
2026-02-12 11:31:10,0.056018303,0.052410892,0.011723398
2026-02-12 11:31:20,0.052709097,-0.000775920,0.056040277
2026-02-12 11:31:30,0.067308740,0.011866204,-0.119272066
2026-02-12 11:31:40,-0.009175232,-0.008614116,0.003161810
2026-02-12 11:31:50,0.008588624,0.044370428,0.020377463
2026-02-12 11:32:00,0.049751674,-0.000503250,0.006231337
2026-02-12 11:32:10,0.108010849,-0.062523869,0.037538238
2026-02-12 11:32:20,-0.031043611,0.052339319,-0.003384016
2026-02-12 11:32:30,0.017260440,-0.018408629,-0.055919902
2026-02-12 11:32:40,-0.005971041,0.091838503,0.030511066
2026-02-12 11:32:50,-0.037885849,-0.042241707,-0.079573927
2026-02-12 11:33:00,0.056522458,0.035174570,0.065160941
2026-02-12 11:33:10,-0.034418420,0.048436249,0.038451780
2026-02-12 11:33:20,-0.066207028,0.045060228,-0.000217758
2026-02-12 11:33:30,0.073778439,0.092071320,0.041171492
2026-02-12 11:33:40,-0.088760603,0.058872865,-0.063853427
2026-02-12 11:33:50,-0.017368623,-0.078828179,0.087024932
2026-02-12 11:34:00,-0.094963868,0.048730420,0.014541532
2026-02-12 11:34:10,-0.083175135,-0.013899305,0.001357066
2026-02-12 11:34:20,0.016583316,0.014441773,-0.016852853
2026-02-12 11:34:30,-0.063230950,0.050553859,0.110938700
2026-02-12 11:34:40,0.013930575,-0.023067760,0.029259380
2026-02-12 11:34:50,0.046002082,-0.030910163,-0.030223586
2026-02-12 11:35:00,0.071785505,-0.017148610,-0.002827013
2026-02-12 11:35:10,-0.011187061,-0.023510005,-0.015883961
2026-02-12 11:35:20,0.016108373,0.024095182,0.004556421
2026-02-12 11:35:30,-0.035747158,0.046810724,-0.067699900
2026-02-12 11:35:40,-0.019248823,-0.085456064,-0.007273795
2026-02-12 11:35:50,-0.000260683,-0.053199633,0.006478342
2026-02-12 11:36:00,0.098207180,0.032778768,-0.017216313
2026-02-12 11:36:10,-0.041158883,0.043433596,0.062467639
2026-02-12 11:36:20,0.047187242,0.069322304,0.044976305
2026-02-12 11:36:30,-0.019224675,-0.095547306,-0.129076853
2026-02-12 11:36:40,-0.048965493,0.019714434,0.017302790
2026-02-12 11:36:50,-0.008516172,0.070596961,-0.024864849
2026-02-12 11:37:00,-0.044086844,0.000449533,0.008436575
2026-02-12 11:37:10,0.020745361,0.006112294,-0.057515650
2026-02-12 11:37:20,0.037611162,-0.103599643,0.023328662
2026-02-12 11:37:30,0.002576390,0.008429193,0.047233042
2026-02-12 11:37:40,0.036462675,0.043251243,-0.006859799
2026-02-12 11:37:50,0.021909844,-0.057498244,-0.068329341
2026-02-12 11:38:00,0.017430973,0.003939012,-0.021192544
2026-02-12 11:38:10,0.041797921,0.042365930,0.042983800
2026-02-12 11:38:20,-0.061700777,0.111507191,0.155613714
2026-02-12 11:38:30,-0.005099235,0.016756653,0.032096126
2026-02-12 11:38:40,0.081192771,0.015837847,-0.027623640
2026-02-12 11:38:50,0.064793730,-0.000110558,0.061606663
2026-02-12 11:39:00,-0.056670520,-0.077541377,-0.019429004
2026-02-12 11:39:10,-0.031909136,0.035388366,0.036456915
2026-02-12 11:39:20,0.005685048,0.059112339,-0.028655913
2026-02-12 11:39:30,-0.020294471,0.007219598,-0.016734686
2026-02-12 11:39:40,0.013981035,-0.081570016,0.038181094
2026-02-12 11:39:50,0.098844547,-0.094555046,-0.066850747
2026-02-12 11:40:00,-0.019352883,-0.029014475,-0.016949071
2026-02-12 11:40:10,0.001469239,-0.014953644,-0.064812334
2026-02-12 11:40:20,-0.053753664,0.000864490,-0.019677991
2026-02-12 11:40:30,0.087008876,0.069135671,0.038089094
2026-02-12 11:40:40,-0.160575905,0.075607782,0.015950833
2026-02-12 11:40:50,-0.005088745,-0.091324244,-0.012149294
2026-02-12 11:41:00,0.060654733,-0.026844944,0.054147832
2026-02-12 11:41:10,-0.031598052,-0.171308112,0.058926357
2026-02-12 11:41:20,0.010045853,0.102588573,0.058564006
2026-02-12 11:41:30,0.001572023,0.078644889,0.028362046
2026-02-12 11:41:40,-0.009103687,0.027272706,0.002838814
2026-02-12 11:41:50,-0.052125097,0.006143271,-0.036991114
2026-02-12 11:42:00,0.077831021,0.047370958,-0.082851639
2026-02-12 11:42:10,-0.020860794,0.042461976,0.012042806
2026-02-12 11:42:20,0.073423314,0.035461258,0.052107455
2026-02-12 11:42:30,-0.106101504,-0.090041851,0.031842870
2026-02-12 11:42:40,0.011581221,0.011226037,-0.034240757
2026-02-12 11:42:50,0.025990202,0.019975054,-0.048629729
2026-02-12 11:43:00,-0.050884299,-0.151701775,0.003066019
2026-02-12 11:43:10,-0.055644408,0.019155670,0.127303147
2026-02-12 11:43:20,-0.084113597,0.058470299,-0.053470581
2026-02-12 11:43:30,-0.017123934,-0.017542659,-0.056267809
2026-02-12 11:43:40,-0.064686056,-0.082833587,0.057715881
2026-02-12 11:43:50,-0.043175145,0.047023032,0.083378003
2026-02-12 11:44:00,-0.047563998,-0.067072887,0.066188687
2026-02-12 11:44:10,-0.085551398,0.009573872,-0.043022646
2026-02-12 11:44:20,-0.019048166,0.046348688,0.012872056
2026-02-12 11:44:30,0.055233928,0.081864607,-0.067548188
2026-02-12 11:44:40,-0.091396338,0.090832460,-0.005430665
2026-02-12 11:44:50,0.015957997,-0.000907830,0.045908763
2026-02-12 11:45:00,-0.017861147,-0.018724110,0.048700335
2026-02-12 11:45:10,0.042948474,0.041308781,-0.034960757
2026-02-12 11:45:20,0.083730925,0.025892709,0.002522675
2026-02-12 11:45:30,-0.048940980,-0.001789461,0.005027958
2026-02-12 11:45:40,0.088076908,-0.033788243,-0.018236763
2026-02-12 11:45:50,-0.064984289,0.099812660,-0.097343757
2026-02-12 11:46:00,0.027493890,-0.058218961,0.030239235
2026-02-12 11:46:10,0.045375060,-0.045712847,0.062977888
2026-02-12 11:46:20,0.002462459,0.000146571,-0.020800800
2026-02-12 11:46:30,-0.068187443,0.085121304,-0.020391069
2026-02-12 11:46:40,0.059706012,-0.001017530,-0.004911352
2026-02-12 11:46:50,0.022868170,0.020248370,-0.009194220
2026-02-12 11:47:00,0.023601418,-0.006402011,0.008045468
2026-02-12 11:47:10,-0.001616528,-0.015432169,-0.046157553
2026-02-12 11:47:20,0.014295220,-0.048383505,0.069865912
2026-02-12 11:47:30,-0.023329721,-0.018533457,-0.025437025
2026-02-12 11:47:40,0.046010537,-0.038863814,0.040592128
2026-02-12 11:47:50,-0.000345195,-0.020242465,0.025427588
2026-02-12 11:48:00,-0.069834381,-0.001789494,0.037800467
2026-02-12 11:48:10,0.084671556,0.089132205,-0.016782705
2026-02-12 11:48:20,0.032303851,-0.034108992,0.013095018
2026-02-12 11:48:30,-0.011572670,-0.002064547,0.014745168
2026-02-12 11:48:40,0.006763576,-0.010886134,-0.015212203
2026-02-12 11:48:50,0.005604136,-0.041330095,-0.067847340
2026-02-12 11:49:00,0.034453971,-0.005276092,0.010279292
2026-02-12 11:49:10,0.096540550,-0.027498104,-0.030066588
2026-02-12 11:49:20,0.014750212,0.059022700,-0.011991887
2026-02-12 11:49:30,0.046203730,0.052211675,0.088561620
2026-02-12 11:49:40,-0.029919878,0.057270832,0.064625052
2026-02-12 11:49:50,0.016465222,-0.030502751,-0.045202130
2026-02-12 11:50:00,0.022657574,0.050121411,-0.032368472
2026-02-12 11:50:10,-0.017556474,0.087081039,0.026599625
2026-02-12 11:50:20,0.021764523,0.040384820,0.012213133
2026-02-12 11:50:30,-0.056472974,0.055890072,0.063603450
2026-02-12 11:50:40,-0.022942710,0.096511392,0.015493291
2026-02-12 11:50:50,-0.036801588,0.085192293,0.026499110
2026-02-12 11:51:00,0.021037076,-0.038710534,0.018934668
2026-02-12 11:51:10,0.014574404,-0.017310889,-0.036293138
2026-02-12 11:51:20,0.032498622,0.086268312,-0.086814599
2026-02-12 11:51:30,-0.043106194,-0.085667731,0.007972300
2026-02-12 11:51:40,0.042872076,-0.015475623,0.089153598
2026-02-12 11:51:50,-0.025326000,-0.049505153,-0.004961438
2026-02-12 11:52:00,0.043914630,0.036528485,-0.031153680
2026-02-12 11:52:10,-0.012275433,-0.010034139,0.054111412
2026-02-12 11:52:20,-0.080055404,0.014120773,-0.114002421
2026-02-12 11:52:30,0.040128419,0.006084663,-0.039697699
2026-02-12 11:52:40,0.018356338,-0.080874228,-0.061694380
2026-02-12 11:52:50,-0.021911845,-0.026098919,-0.043256336
2026-02-12 11:53:00,-0.066752045,0.008491039,-0.061697602
2026-02-12 11:53:10,-0.048937127,-0.024444209,0.031319578
2026-02-12 11:53:20,0.018656819,-0.081721908,-0.074818223
2026-02-12 11:53:30,-0.022267731,0.014008483,0.077055625
2026-02-12 11:53:40,0.042037658,0.003919777,-0.033060491
2026-02-12 11:53:50,-0.008087709,0.010007472,-0.022879077
2026-02-12 11:54:00,-0.007434911,0.054528226,0.074106813
2026-02-12 11:54:10,0.088527641,-0.059800477,0.023691827
2026-02-12 11:54:20,0.006932881,0.027424343,-0.018473849
2026-02-12 11:54:30,0.017930553,-0.070091487,0.078006580
2026-02-12 11:54:40,-0.077512060,0.092841240,-0.049549774
2026-02-12 11:54:50,-0.076144186,0.031284338,0.023745806
2026-02-12 11:55:00,0.002149478,0.046576755,-0.036067468
2026-02-12 11:55:10,-0.034370485,-0.016701899,0.012890153
2026-02-12 11:55:20,-0.034956891,0.008653175,0.068937259
2026-02-12 11:55:30,0.024496234,0.135235887,0.008578614
2026-02-12 11:55:40,-0.011255102,0.034231903,0.043342295
2026-02-12 11:55:50,-0.056839486,-0.030451706,0.075929942
2026-02-12 11:56:00,-0.012046635,-0.022001604,0.019965044
2026-02-12 11:56:10,0.008831040,-0.086101163,0.038156717
2026-02-12 11:56:20,-0.037930727,0.002467613,-0.026065427
2026-02-12 11:56:30,-0.060402637,-0.005045381,-0.111925850
2026-02-12 11:56:40,-0.059993238,0.006720993,0.022776317
2026-02-12 11:56:50,-0.039012679,0.086479371,0.027116246
2026-02-12 11:57:00,0.061958577,0.025820266,-0.004913076
2026-02-12 11:57:10,0.063453423,-0.043956530,-0.022218086
2026-02-12 11:57:20,0.079813583,0.019927217,0.005584124
2026-02-12 11:57:30,-0.113158248,0.128133236,-0.020949588
2026-02-12 11:57:40,0.034748304,0.030907356,-0.051853296
2026-02-12 11:57:50,-0.023239416,-0.085624064,-0.037818961
2026-02-12 11:58:00,0.063162513,0.069252035,-0.076324329
2026-02-12 11:58:10,-0.000340540,-0.018288112,-0.005929109
2026-02-12 11:58:20,-0.011056383,-0.042121311,0.023895057
2026-02-12 11:58:30,0.012175544,0.004931911,-0.074905604
2026-02-12 11:58:40,-0.023139223,0.008970093,-0.074476102
2026-02-12 11:58:50,-0.055287214,-0.007766323,0.017700055
2026-02-12 11:59:00,-0.016523814,-0.102588994,0.058881448
2026-02-12 11:59:10,-0.042331731,0.045176206,0.015619781
2026-02-12 11:59:20,0.077746970,0.042666467,-0.002552931
2026-02-12 11:59:30,-0.000247256,0.016936696,0.006291269
2026-02-12 11:59:40,-0.015803110,-0.007583004,0.047754219
2026-02-12 11:59:50,0.045224924,0.078897643,0.004197203
2026-02-12 12:00:00,0.075659593,0.024467602,-0.021051557
2026-02-12 12:00:10,0.058221966,-0.000739098,-0.056718061
2026-02-12 12:00:20,-0.047774674,-0.042083433,0.030059313
2026-02-12 12:00:30,-0.093017668,0.024209861,-0.024044204
2026-02-12 12:00:40,-0.017987454,-0.018267988,0.071294373
2026-02-12 12:00:50,0.037076927,-0.043871498,-0.066253651
2026-02-12 12:01:00,-0.003990606,-0.050489149,-0.123757884
2026-02-12 12:01:10,-0.055135244,-0.010073555,-0.026251773
2026-02-12 12:01:20,-0.095577160,-0.055046051,0.051332619
2026-02-12 12:01:30,-0.064042726,0.058761380,0.000885022
2026-02-12 12:01:40,-0.030165210,0.047839671,0.077603417
2026-02-12 12:01:50,-0.066582675,0.012054339,0.065871208
2026-02-12 12:02:00,-0.029085593,-0.054440513,-0.116376481
2026-02-12 12:02:10,0.021843159,-0.035950106,-0.014852353
2026-02-12 12:02:20,-0.032104700,-0.008055667,0.099582938
2026-02-12 12:02:30,0.011869324,0.008470233,-0.032104467
2026-02-12 12:02:40,-0.009663041,-0.065054810,0.056969477
2026-02-12 12:02:50,-0.043393372,0.061457708,-0.051751120
2026-02-12 12:03:00,0.029033106,0.069173554,0.096559887
2026-02-12 12:03:10,-0.072762842,-0.046387715,-0.058416984
2026-02-12 12:03:20,-0.047509247,-0.010310618,0.050304178
2026-02-12 12:03:30,-0.056114819,0.035613075,-0.068364182
2026-02-12 12:03:40,0.002586470,0.054880840,-0.104195550
2026-02-12 12:03:50,-0.025797234,-0.026555941,0.007080607
2026-02-12 12:04:00,0.020676451,-0.084671122,0.051229939
2026-02-12 12:04:10,0.009109565,-0.021245960,0.112266430
2026-02-12 12:04:20,-0.015047048,0.034469587,0.029484692
2026-02-12 12:04:30,-0.074592497,-0.016783548,0.010472366
2026-02-12 12:04:40,0.000050002,0.029373234,0.029631065
2026-02-12 12:04:50,-0.019016904,0.030069142,-0.024845709
2026-02-12 12:05:00,0.058820312,-0.030736471,-0.048560101
2026-02-12 12:05:10,-0.031788453,-0.044910186,-0.034061444
2026-02-12 12:05:20,0.015824922,0.051755131,0.063697933
2026-02-12 12:05:30,-0.000823853,0.016386836,0.004401925
2026-02-12 12:05:40,0.001727354,0.092557140,-0.051845198
2026-02-12 12:05:50,0.066485979,-0.006907965,-0.045458096
2026-02-12 12:06:00,-0.124987612,-0.026556328,0.069664064
2026-02-12 12:06:10,0.065035840,0.006918386,-0.056365397
2026-02-12 12:06:20,-0.005976835,-0.002063672,-0.056785387
2026-02-12 12:06:30,-0.042007810,-0.017918879,-0.106548392
2026-02-12 12:06:40,-0.003242328,0.000407905,-0.091799345
2026-02-12 12:06:50,0.031932428,-0.070034404,0.009756520
2026-02-12 12:07:00,0.005630114,-0.012426410,0.044330921
2026-02-12 12:07:10,0.003805221,-0.040775647,-0.032133950
2026-02-12 12:07:20,0.084760699,0.005731634,-0.001961772
2026-02-12 12:07:30,-0.035932279,-0.067549029,0.048960037
2026-02-12 12:07:40,0.032979052,-0.029986868,-0.045222800
2026-02-12 12:07:50,0.080439240,0.029265481,0.057027432
2026-02-12 12:08:00,-0.088726106,0.092472792,0.115066533
2026-02-12 12:08:10,-0.010654960,-0.010882064,0.028950471
2026-02-12 12:08:20,-0.036668843,0.032479719,-0.033913934
2026-02-12 12:08:30,0.098981537,-0.032236313,-0.056773089
2026-02-12 12:08:40,-0.035121437,0.051855781,-0.013259056
2026-02-12 12:08:50,0.066984703,-0.028827653,-0.041487239
2026-02-12 12:09:00,-0.096538390,-0.020120967,-0.116075160
2026-02-12 12:09:10,0.046481884,-0.026613858,-0.056642780
2026-02-12 12:09:20,-0.076594791,0.028412598,-0.023637818
2026-02-12 12:09:30,-0.032034148,-0.125067364,0.014998252
2026-02-12 12:09:40,-0.084484907,0.043058853,-0.002282243
2026-02-12 12:09:50,-0.017658218,0.041775064,-0.023608952
2026-02-12 12:10:00,0.021370896,0.009614942,-0.013009293
2026-02-12 12:10:10,0.052021237,-0.054747929,0.029234988
2026-02-12 12:10:20,0.008620139,-0.061280972,0.042996166
2026-02-12 12:10:30,0.008504177,0.016223436,-0.044597494
2026-02-12 12:10:40,0.061172229,0.050818283,-0.026013506
2026-02-12 12:10:50,-0.043297814,0.069960080,0.017924229
2026-02-12 12:11:00,0.038511909,0.073751382,-0.023113180
2026-02-12 12:11:10,-0.019075406,-0.021536442,-0.003479743
2026-02-12 12:11:20,0.029181207,-0.076999460,0.058806628
2026-02-12 12:11:30,0.124466851,0.004799485,-0.007099179
2026-02-12 12:11:40,0.018822787,-0.041399945,0.076978298
2026-02-12 12:11:50,-0.004051074,-0.033804465,-0.036727862
2026-02-12 12:12:00,0.038938821,0.052148051,-0.041241944
2026-02-12 12:12:10,0.007384762,-0.011894123,-0.055959944
2026-02-12 12:12:20,0.065839465,-0.056815485,0.010080453
2026-02-12 12:12:30,0.073865288,-0.028911348,-0.085502797
2026-02-12 12:12:40,0.025190431,0.077270824,0.038150658
2026-02-12 12:12:50,0.006624809,-0.035560410,-0.019355881
2026-02-12 12:13:00,0.052741483,-0.000554123,0.039872354
2026-02-12 12:13:10,0.015348190,-0.020358281,-0.059537832
2026-02-12 12:13:20,0.041846053,-0.070603846,0.070488523
2026-02-12 12:13:30,-0.030457962,-0.066238708,-0.039527932
2026-02-12 12:13:40,-0.003464966,0.004249553,-0.033745558
2026-02-12 12:13:50,-0.032606324,0.033041482,0.065438683
2026-02-12 12:14:00,0.089971334,-0.048094752,-0.011367350
2026-02-12 12:14:10,0.024492035,-0.075330931,0.014079039
2026-02-12 12:14:20,-0.050817627,0.084432145,-0.040898293
2026-02-12 12:14:30,-0.013585293,-0.053991596,-0.018052375
2026-02-12 12:14:40,0.026127667,-0.072927806,0.019082645
2026-02-12 12:14:50,-0.125751754,0.032910562,0.013627435
2026-02-12 12:15:00,-0.028300385,0.102406986,0.051463186
2026-02-12 12:15:10,-0.032771336,-0.016696417,0.029726416
2026-02-12 12:15:20,-0.035386151,0.005339112,-0.008643497
2026-02-12 12:15:30,0.032317694,-0.016956527,0.012397463
2026-02-12 12:15:40,0.008956715,-0.033776730,-0.075306912
2026-02-12 12:15:50,-0.010018304,-0.018988166,-0.002146765
2026-02-12 12:16:00,-0.165930231,-0.036791779,-0.012944721
2026-02-12 12:16:10,-0.044787624,-0.039302213,0.041460457
2026-02-12 12:16:20,0.007132747,0.018481546,0.044999871
2026-02-12 12:16:30,0.013528260,-0.032442239,-0.018477967
2026-02-12 12:16:40,-0.015994275,0.000507624,-0.057168542
2026-02-12 12:16:50,0.009016423,0.025782868,-0.015125221
2026-02-12 12:17:00,0.035348288,-0.044396803,0.048622643
2026-02-12 12:17:10,0.027266253,0.020569274,0.006257231
2026-02-12 12:17:20,-0.004941350,0.053281855,-0.026957352
2026-02-12 12:17:30,0.082010198,-0.021238694,0.049069370
2026-02-12 12:17:40,-0.063936536,-0.026936625,0.003960961
2026-02-12 12:17:50,-0.023511927,0.108487678,-0.059174348
2026-02-12 12:18:00,0.035882433,0.015184298,-0.006331844
2026-02-12 12:18:10,-0.063403259,-0.012267524,0.013047003
2026-02-12 12:18:20,0.078321568,-0.004042373,0.021603747
2026-02-12 12:18:30,0.035337789,0.047570617,-0.044485405
2026-02-12 12:18:40,0.006743112,0.063914549,-0.090352742
2026-02-12 12:18:50,0.004972950,0.024886803,0.035104133
2026-02-12 12:19:00,-0.003476424,0.001340209,0.065953934
2026-02-12 12:19:10,0.091640622,0.008335995,0.037661588
2026-02-12 12:19:20,0.027983735,-0.034314205,-0.038717126
2026-02-12 12:19:30,-0.082923115,-0.029180550,0.062371097
2026-02-12 12:19:40,0.019389911,-0.046403255,-0.025101117
2026-02-12 12:19:50,0.046556856,-0.027153079,-0.061788216
2026-02-12 12:20:00,0.000657681,-0.070593690,0.026789912
2026-02-12 12:20:10,-0.040009146,0.051340347,0.018097079
2026-02-12 12:20:20,-0.024030349,0.006940168,0.035599585
2026-02-12 12:20:30,0.032764364,-0.001913381,0.091407361
2026-02-12 12:20:40,0.022580693,-0.027117327,-0.090340749
2026-02-12 12:20:50,-0.057590528,0.014838345,-0.129214887
2026-02-12 12:21:00,-0.000174527,0.027253051,-0.029946744
2026-02-12 12:21:10,-0.007286651,-0.048790432,-0.060165080
2026-02-12 12:21:20,-0.035493852,-0.043243713,-0.059440219
2026-02-12 12:21:30,0.043949210,-0.035162250,0.002426329
2026-02-12 12:21:40,-0.058916598,0.027187551,0.008158611
2026-02-12 12:21:50,-0.061228452,0.040805274,0.031398801
2026-02-12 12:22:00,-0.042587436,0.054271104,-0.047805153
2026-02-12 12:22:10,-0.032789404,0.052732201,0.017343755
2026-02-12 12:22:20,-0.002991066,0.038021435,0.065441153
2026-02-12 12:22:30,0.029024991,-0.094956934,-0.044608124
2026-02-12 12:22:40,0.104834500,0.016926871,-0.050512775
2026-02-12 12:22:50,-0.040106401,0.088881807,0.004817346
2026-02-12 12:23:00,0.057815476,0.024193345,-0.032902036
2026-02-12 12:23:10,-0.032793276,-0.018921132,0.039632992
2026-02-12 12:23:20,0.075462328,0.006876801,0.020950373
2026-02-12 12:23:30,-0.005194122,-0.055076469,0.059327305
2026-02-12 12:23:40,0.026944614,0.060897395,-0.004967383
2026-02-12 12:23:50,-0.020074460,-0.065070784,0.003005235
2026-02-12 12:24:00,0.023680044,-0.002950910,0.073795116
2026-02-12 12:24:10,-0.028273347,-0.025344575,0.054261436
2026-02-12 12:24:20,-0.074584955,-0.037130229,-0.053373564
2026-02-12 12:24:30,0.012664419,-0.007413504,0.108017194
2026-02-12 12:24:40,0.058896945,0.135501311,0.010282361
2026-02-12 12:24:50,-0.022059145,0.018870346,0.014338445
2026-02-12 12:25:00,-0.010850139,-0.028131023,-0.100031194
2026-02-12 12:25:10,0.012977323,-0.011899594,0.002015476
2026-02-12 12:25:20,0.025124484,-0.006048408,0.001722389
2026-02-12 12:25:30,0.049396490,0.014992241,-0.034663000
2026-02-12 12:25:40,0.032591837,0.045883293,-0.040445020
2026-02-12 12:25:50,-0.095973869,-0.004216368,-0.009317248
2026-02-12 12:26:00,-0.010644041,0.042704067,0.094200747
2026-02-12 12:26:10,-0.041723485,-0.012710522,-0.031979341
2026-02-12 12:26:20,0.019365171,-0.034026869,0.003749072
2026-02-12 12:26:30,0.012666447,-0.052016271,-0.041157570
2026-02-12 12:26:40,0.047291031,0.068461762,0.074501845
2026-02-12 12:26:50,0.001411421,-0.031598884,-0.034311444
2026-02-12 12:27:00,-0.070348743,0.013964550,0.041124200
2026-02-12 12:27:10,-0.002165201,0.027918886,-0.033101332
2026-02-12 12:27:20,-0.028727297,0.053420898,0.072727832
2026-02-12 12:27:30,0.073568694,-0.030709119,0.010814234
2026-02-12 12:27:40,-0.012196398,-0.033443743,0.026106934
2026-02-12 12:27:50,-0.065369945,0.029190168,0.025184893
2026-02-12 12:28:00,0.086225012,0.169774551,-0.026807453
2026-02-12 12:28:10,0.033734823,0.008879178,-0.039257362
2026-02-12 12:28:20,0.209710865,-0.145429554,-0.107402037
2026-02-12 12:28:30,-0.274406207,0.155242079,0.025438679
2026-02-12 12:28:40,0.182950802,0.106202669,0.123525437
2026-02-12 12:28:50,-0.002234750,0.143234681,-0.055459643
2026-02-12 12:29:00,-0.204635750,0.081384101,0.074056632
2026-02-12 12:29:10,0.112931945,0.156543866,-0.033826523
2026-02-12 12:29:20,-0.176522168,0.045458961,-0.041478254
2026-02-12 12:29:30,-0.180540541,0.022646375,0.155873576
2026-02-12 12:29:40,-0.209412648,0.008110156,0.292922681
2026-02-12 12:29:50,-0.329489842,0.008680755,-0.048287077
2026-02-12 12:30:00,0.085241076,0.159125975,0.047454352
2026-02-12 12:30:10,0.139130337,0.123774811,0.203790799
2026-02-12 12:30:20,0.388251348,0.087068014,-0.161996570
2026-02-12 12:30:30,-0.115002644,0.069855691,0.063432511
2026-02-12 12:30:40,0.214305472,0.186163103,0.024151272
2026-02-12 12:30:50,0.133464117,0.026588218,-0.287815846
2026-02-12 12:31:00,0.186432959,0.112979244,0.024109106
2026-02-12 12:31:10,-0.103211256,0.066039566,-0.065439282
2026-02-12 12:31:20,-0.072422039,0.132719533,-0.081082714
2026-02-12 12:31:30,-0.122200710,-0.001629641,0.030771547
2026-02-12 12:31:40,0.194852545,-0.030864834,-0.147818978
2026-02-12 12:31:50,0.034835401,0.197028500,0.097757923
2026-02-12 12:32:00,0.195990231,0.238209972,0.071379963
2026-02-12 12:32:10,0.131829738,0.049893003,-0.096838206
2026-02-12 12:32:20,0.140473181,-0.008420504,0.112295651
2026-02-12 12:32:30,-0.118320019,-0.129333537,-0.073922882
2026-02-12 12:32:40,0.231773449,0.086766015,0.195444507
2026-02-12 12:32:50,0.107581321,0.004040431,0.219099168
2026-02-12 12:33:00,0.034189064,0.144193117,0.073623496
2026-02-12 12:33:10,-0.102928493,-0.015521040,-0.167036036
2026-02-12 12:33:20,0.089505471,-0.052771316,0.058292528
2026-02-12 12:33:30,0.168204451,0.121149804,0.176155834
2026-02-12 12:33:40,0.132144866,0.018352349,-0.141161934
2026-02-12 12:33:50,-0.084050024,0.040242414,0.113925494
2026-02-12 12:34:00,-0.013382830,-0.087000320,0.000698961
2026-02-12 12:34:10,-0.028007962,-0.027918788,0.114405657
2026-02-12 12:34:20,0.205345322,-0.054428273,-0.013400850
2026-02-12 12:34:30,-0.133574975,-0.139013755,0.123293418
2026-02-12 12:34:40,0.080997189,-0.010469127,0.150769119
2026-02-12 12:34:50,-0.389862460,0.174165790,-0.028633510
2026-02-12 12:35:00,-0.052120377,0.274959415,-0.106914906
2026-02-12 12:35:10,-0.089140235,-0.027375163,-0.479815771
2026-02-12 12:35:20,0.132288354,-0.062133733,-0.181802050
2026-02-12 12:35:30,0.013344866,0.070369214,0.476128311
2026-02-12 12:35:40,0.125983241,-0.294749370,-0.027955467
2026-02-12 12:35:50,-0.264068499,-0.098949165,0.261618320
2026-02-12 12:36:00,0.329461954,0.112773712,0.305961319
2026-02-12 12:36:10,0.118269177,0.126613645,-0.072142744
2026-02-12 12:36:20,0.141719565,0.042274091,-0.118662314
2026-02-12 12:36:30,0.196415751,0.097934184,-0.020400524
2026-02-12 12:36:40,0.113121141,0.263904340,-0.314577210
2026-02-12 12:36:50,-0.025517706,-0.095237040,0.081807615
2026-02-12 12:37:00,0.003234518,-0.109301243,0.373857537
2026-02-12 12:37:10,0.082021486,0.150121151,-0.004905501
2026-02-12 12:37:20,0.041610004,0.099815258,0.060995584
2026-02-12 12:37:30,0.220885778,-0.048851322,-0.053285115
2026-02-12 12:37:40,-0.100094035,-0.011786868,-0.071913996
2026-02-12 12:37:50,-0.063177561,-0.063418456,-0.007164483
2026-02-12 12:38:00,0.060403985,-0.046946621,-0.147902020
2026-02-12 12:38:10,0.357122058,0.105952165,0.210799805
2026-02-12 12:38:20,0.132000869,0.116114677,-0.186740655
2026-02-12 12:38:30,-0.167724411,0.029969066,0.054120345
2026-02-12 12:38:40,0.039035578,-0.223285948,0.070640615
2026-02-12 12:38:50,-0.001073437,0.089350635,0.119643452
2026-02-12 12:39:00,-0.175569132,-0.034827644,-0.176261949
2026-02-12 12:39:10,-0.007086636,-0.003696677,0.174924023
2026-02-12 12:39:20,0.331042846,0.069742328,-0.178474549
2026-02-12 12:39:30,0.112752750,-0.011735223,-0.208358905
2026-02-12 12:39:40,0.080668966,0.034336605,0.143706431
2026-02-12 12:39:50,0.060578015,-0.089030724,-0.102892173
2026-02-12 12:40:00,-0.098445420,-0.125414265,0.144797502
2026-02-12 12:40:10,-0.041273166,-0.244926968,-0.079570179
2026-02-12 12:40:20,0.214426554,-0.302525500,0.084507236
2026-02-12 12:40:30,-0.084044120,-0.125685660,-0.067862717
2026-02-12 12:40:40,0.036424747,-0.300971488,0.046088330
2026-02-12 12:40:50,-0.210410888,0.378234879,0.045485822
2026-02-12 12:41:00,0.045940911,0.233223085,0.038579691
2026-02-12 12:41:10,0.334673200,-0.001722088,0.070466438
2026-02-12 12:41:20,-0.008141497,0.054112807,-0.021993583
2026-02-12 12:41:30,0.092330711,-0.075674607,0.132697681
2026-02-12 12:41:40,0.069499660,-0.090487513,0.005592728
2026-02-12 12:41:50,-0.151923122,-0.234763033,-0.200745944
2026-02-12 12:42:00,0.008460640,0.232817934,-0.038109751
2026-02-12 12:42:10,-0.011699593,0.085188677,-0.037883672
2026-02-12 12:42:20,-0.104000347,0.032763689,0.128903973
2026-02-12 12:42:30,0.074459733,0.129171145,0.164622839
2026-02-12 12:42:40,0.013108622,-0.046279614,0.310341475
2026-02-12 12:42:50,0.079733775,0.160757375,-0.100569743
2026-02-12 12:43:00,-0.073973985,-0.257714798,0.124955538
2026-02-12 12:43:10,-0.215285417,0.264626353,-0.004797546
2026-02-12 12:43:20,0.106446849,0.111123463,-0.133651660
2026-02-12 12:43:30,-0.188995398,0.030677301,0.069352719
2026-02-12 12:43:40,0.159720596,0.183932319,-0.086795537
2026-02-12 12:43:50,-0.038964122,-0.152613416,0.039699815
2026-02-12 12:44:00,0.095214220,0.071125047,-0.067218431
2026-02-12 12:44:10,0.142162324,0.088322868,-0.009509903
2026-02-12 12:44:20,-0.042594255,0.134371622,0.224836073
2026-02-12 12:44:30,0.188491084,-0.004736713,-0.085682066
2026-02-12 12:44:40,-0.116520001,-0.066806112,-0.055230605
2026-02-12 12:44:50,0.214602683,-0.056448500,-0.092515971
2026-02-12 12:45:00,-0.040842558,0.285632982,-0.171104998
2026-02-12 12:45:10,-0.101739428,-0.094064052,-0.143037275
2026-02-12 12:45:20,0.017913057,0.285077553,0.132296033
2026-02-12 12:45:30,0.127947370,-0.136804406,-0.005287034
2026-02-12 12:45:40,0.079124186,0.167152315,0.285493435
2026-02-12 12:45:50,0.092436557,0.121343657,-0.024731157
2026-02-12 12:46:00,-0.065683475,-0.202597429,0.026599566
2026-02-12 12:46:10,0.037239174,0.389238064,-0.024876802
2026-02-12 12:46:20,0.045048114,0.253098575,0.123983726
2026-02-12 12:46:30,0.182973074,0.069006284,0.150787808
2026-02-12 12:46:40,0.163211650,-0.108157322,0.521502150
2026-02-12 12:46:50,-0.227690203,0.048743467,0.053733826
2026-02-12 12:47:00,0.134988025,0.304590703,0.221589321
2026-02-12 12:47:10,0.099998648,-0.232358128,-0.274252340
2026-02-12 12:47:20,-0.011933732,0.005620448,0.068346339
2026-02-12 12:47:30,-0.028388101,0.004208827,0.091519652
2026-02-12 12:47:40,0.212032054,-0.236600929,0.039548032
2026-02-12 12:47:50,-0.060503942,0.137024570,-0.215904177
2026-02-12 12:48:00,-0.274150369,0.057521149,0.043607972
2026-02-12 12:48:10,0.144581593,-0.208967305,0.176161769
2026-02-12 12:48:20,-0.252391684,0.148382218,-0.162891141
2026-02-12 12:48:30,-0.186591123,0.302921201,0.216711039
2026-02-12 12:48:40,0.086205625,-0.172656593,-0.010559924
2026-02-12 12:48:50,0.197534290,-0.174723856,-0.021241776
2026-02-12 12:49:00,0.003948968,-0.037876269,-0.040789471
2026-02-12 12:49:10,0.045612664,0.170523748,-0.060228224
2026-02-12 12:49:20,0.013812329,-0.204149451,-0.071032371
2026-02-12 12:49:30,0.075999171,0.017668307,0.330103609
2026-02-12 12:49:40,-0.231125926,0.012915216,-0.076262239
2026-02-12 12:49:50,0.013640205,0.062527228,0.079017832
2026-02-12 12:50:00,-0.109088169,0.284069256,0.064190608
2026-02-12 12:50:10,-0.187891590,0.116002872,0.057061428
2026-02-12 12:50:20,-0.167861758,0.108388717,0.285020845
2026-02-12 12:50:30,-0.019955286,0.085858973,-0.117536312
2026-02-12 12:50:40,-0.272448072,0.035007909,0.154904219
2026-02-12 12:50:50,0.037853044,-0.024170653,-0.132346675
2026-02-12 12:51:00,-0.054878028,-0.198883526,0.147637896
2026-02-12 12:51:10,-0.182033459,-0.243019632,-0.381326177
2026-02-12 12:51:20,-0.149805904,-0.319028491,-0.125107125
2026-02-12 12:51:30,-0.232861947,0.157854172,0.304164281
2026-02-12 12:51:40,-0.006645978,0.145319168,-0.141256111
2026-02-12 12:51:50,0.022104435,0.051292755,0.155218167
2026-02-12 12:52:00,-0.019576190,0.221038726,0.094501024
2026-02-12 12:52:10,-0.104290513,0.191386751,-0.201272872
2026-02-12 12:52:20,0.031289267,0.136534841,-0.154110977
2026-02-12 12:52:30,0.291019077,0.223496909,-0.160851860
2026-02-12 12:52:40,-0.037464672,0.186940505,0.289536538
2026-02-12 12:52:50,-0.042191263,-0.116251373,0.182813586
2026-02-12 12:53:00,0.215577477,0.032128108,-0.065218914
2026-02-12 12:53:10,-0.322660189,0.044889586,-0.030354518
2026-02-12 12:53:20,0.450350476,-0.040076133,-0.059889769
2026-02-12 12:53:30,0.069446561,-0.123599601,0.068063329
2026-02-12 12:53:40,-0.348245634,-0.112447926,0.204886587
2026-02-12 12:53:50,-0.254603713,-0.037630436,-0.002738246
2026-02-12 12:54:00,0.075975002,0.277452695,-0.015648442
2026-02-12 12:54:10,0.070417095,-0.129755886,0.247972893
2026-02-12 12:54:20,-0.057808439,-0.119996916,0.132597878
2026-02-12 12:54:30,-0.174447934,-0.111104022,-0.256195613
2026-02-12 12:54:40,0.172918763,0.016298494,-0.360314383
2026-02-12 12:54:50,0.196050617,0.111468582,0.379261548
2026-02-12 12:55:00,0.041941996,0.059012009,0.012663879
2026-02-12 12:55:10,-0.037231824,0.016653285,-0.175088114
2026-02-12 12:55:20,-0.484869862,0.034927684,0.045685511
2026-02-12 12:55:30,0.098995317,0.012443004,-0.144207844
2026-02-12 12:55:40,0.220390401,-0.080560105,-0.109574798
2026-02-12 12:55:50,-0.025339567,-0.182649290,-0.088911331
2026-02-12 12:56:00,-0.024365988,0.071875720,-0.398656833
2026-02-12 12:56:10,-0.001248670,0.207010525,0.071341498
2026-02-12 12:56:20,-0.007214223,-0.065896831,0.409784120
2026-02-12 12:56:30,-0.121703554,-0.070594039,-0.024803906
2026-02-12 12:56:40,0.037435299,0.097158148,-0.258797641
2026-02-12 12:56:50,-0.431832874,-0.186321218,0.226014373
2026-02-12 12:57:00,0.067921247,-0.096653177,0.237145866
2026-02-12 12:57:10,0.029563134,-0.196273536,0.181268149
2026-02-12 12:57:20,-0.193904576,0.137874281,-0.237665299
2026-02-12 12:57:30,-0.009005426,-0.004729268,0.007826832
2026-02-12 12:57:40,0.134686353,0.108882371,-0.176332119
2026-02-12 12:57:50,-0.306319100,0.288457441,0.111730755
2026-02-12 12:58:00,0.069416940,0.013134988,0.105487452
2026-02-12 12:58:10,-0.068718140,0.048491635,-0.187363826
2026-02-12 12:58:20,0.144885341,0.041483706,0.127134052
2026-02-12 12:58:30,0.043521022,0.306449338,-0.082270371
2026-02-12 12:58:40,0.116035237,-0.029070108,-0.270639390
2026-02-12 12:58:50,0.017714428,0.024449548,-0.091441475
2026-02-12 12:59:00,-0.292848071,-0.013324544,0.068960455
2026-02-12 12:59:10,0.115658709,-0.004564048,-0.033216878
2026-02-12 12:59:20,-0.124578146,-0.339065013,-0.023159229
2026-02-12 12:59:30,0.099155708,0.291465639,0.009555164
2026-02-12 12:59:40,-0.079021324,0.051534969,-0.239836999
2026-02-12 12:59:50,0.075727963,-0.201755781,0.080300940
2026-02-12 13:00:00,-0.224883454,0.180771806,0.013294757
2026-02-12 13:00:10,-0.172436180,0.048987276,-0.073931328
2026-02-12 13:00:20,0.001089348,0.073462101,0.076002469
2026-02-12 13:00:30,-0.016149343,0.328953177,0.141662632
2026-02-12 13:00:40,0.170420153,-0.122582690,-0.039593470
2026-02-12 13:00:50,0.094272210,-0.166850256,-0.003182934
2026-02-12 13:01:00,-0.084442451,-0.088401848,0.126209850
2026-02-12 13:01:10,0.133323004,-0.200966727,-0.039698495
2026-02-12 13:01:20,-0.093460179,-0.010391563,0.045310084
2026-02-12 13:01:30,-0.394653728,0.017950648,-0.070698408
2026-02-12 13:01:40,-0.111060448,-0.040856075,0.025384937
2026-02-12 13:01:50,0.055374508,0.244203435,0.066759821
2026-02-12 13:02:00,-0.022213422,0.016645146,-0.053643800
2026-02-12 13:02:10,-0.221475687,-0.003977646,-0.275250949
2026-02-12 13:02:20,-0.223751360,0.201914206,0.077597108
2026-02-12 13:02:30,-0.223412999,-0.082017515,0.185176630
2026-02-12 13:02:40,-0.278965000,-0.161360470,0.068678679
2026-02-12 13:02:50,-0.078234733,-0.024091042,-0.037825213
2026-02-12 13:03:00,0.179052082,-0.166334471,0.148192903
2026-02-12 13:03:10,-0.208731439,-0.059127347,-0.071424142
2026-02-12 13:03:20,0.088765668,0.291021735,0.024382558
2026-02-12 13:03:30,0.002316725,-0.072934982,-0.029987111
2026-02-12 13:03:40,0.130873291,-0.166706925,0.104111274
2026-02-12 13:03:50,-0.022375065,-0.093961817,0.075070409
2026-02-12 13:04:00,-0.067916663,-0.148998716,0.083188493
2026-02-12 13:04:10,-0.176259912,0.137778219,0.018936368
2026-02-12 13:04:20,0.043437922,-0.105531992,0.061571390
2026-02-12 13:04:30,-0.062476745,-0.255814769,-0.328950246
2026-02-12 13:04:40,0.195650389,-0.064374067,-0.103774315
2026-02-12 13:04:50,0.008069272,0.031300935,0.162110242
2026-02-12 13:05:00,0.258667727,-0.228873040,-0.260182714
2026-02-12 13:05:10,0.090656737,-0.003545855,0.035034486
2026-02-12 13:05:20,-0.029059918,-0.051961708,-0.413657074
2026-02-12 13:05:30,-0.026604565,-0.116237599,0.376085909
2026-02-12 13:05:40,-0.225055810,0.176656423,0.071631727
2026-02-12 13:05:50,-0.015184341,-0.198029767,0.302678486
2026-02-12 13:06:00,0.005749695,-0.096355003,-0.205458757
2026-02-12 13:06:10,0.189877283,0.074741475,0.147142861
2026-02-12 13:06:20,-0.052932378,-0.167058081,0.207911862
2026-02-12 13:06:30,0.100395501,-0.027313140,0.173399582
2026-02-12 13:06:40,-0.093364049,-0.051623253,-0.124252110
2026-02-12 13:06:50,0.018627972,-0.032340334,0.069053331
2026-02-12 13:07:00,-0.166001495,0.113970412,0.043133105
2026-02-12 13:07:10,0.304321928,-0.057491032,0.050492183
2026-02-12 13:07:20,-0.051023552,0.071833193,-0.084262122
2026-02-12 13:07:30,-0.119049361,0.331366457,0.119665814
2026-02-12 13:07:40,-0.124057163,-0.002894980,0.148701452
2026-02-12 13:07:50,0.101268631,0.124701515,-0.060917968
2026-02-12 13:08:00,-0.093396492,0.166423234,-0.095875150
2026-02-12 13:08:10,0.204610965,-0.111393139,0.044411501
2026-02-12 13:08:20,-0.154044824,0.076579338,-0.095779593
2026-02-12 13:08:30,0.009285402,0.290473314,0.138681410
2026-02-12 13:08:40,0.342336341,0.153845898,-0.043246269
2026-02-12 13:08:50,-0.183894147,0.135084842,0.142220063
2026-02-12 13:09:00,0.056531933,0.105620614,0.009546033
2026-02-12 13:09:10,0.187433447,-0.101091847,-0.196397598
2026-02-12 13:09:20,-0.006553079,0.263589141,0.233052551
2026-02-12 13:09:30,0.148114765,0.119177918,0.035130107
2026-02-12 13:09:40,-0.045969308,0.151395714,-0.172466594
2026-02-12 13:09:50,-0.081005357,-0.132509532,0.051123416
2026-02-12 13:10:00,0.230068410,-0.125712399,0.033380029
2026-02-12 13:10:10,-0.018206962,0.055705761,0.115216631
2026-02-12 13:10:20,0.051969251,-0.059740475,0.127808166
2026-02-12 13:10:30,-0.013883996,-0.150627595,0.221572095
2026-02-12 13:10:40,0.209410754,-0.191538883,-0.096656499
2026-02-12 13:10:50,0.195316026,-0.357731214,-0.024690737
2026-02-12 13:11:00,0.148016571,0.037651281,-0.170622998
2026-02-12 13:11:10,-0.061379176,-0.046818449,-0.576655225
2026-02-12 13:11:20,0.105730640,-0.114888340,0.284630058
2026-02-12 13:11:30,-0.101220005,-0.204500463,-0.021679821
2026-02-12 13:11:40,0.008866913,-0.150077495,-0.037417220
2026-02-12 13:11:50,-0.038953224,-0.257647837,-0.030422883
2026-02-12 13:12:00,-0.164632286,-0.057026813,0.079304543
2026-02-12 13:12:10,0.000462146,0.024447290,0.091076673
2026-02-12 13:12:20,-0.004334933,0.098477886,0.147089232
2026-02-12 13:12:30,-0.285316323,0.171798585,-0.027297853
2026-02-12 13:12:40,0.093263583,0.120520537,-0.194468786
2026-02-12 13:12:50,-0.159828358,-0.046257860,0.147384334
2026-02-12 13:13:00,0.319154831,-0.027487886,0.061262029
2026-02-12 13:13:10,-0.127561176,0.299273821,-0.150699370
2026-02-12 13:13:20,-0.034839029,-0.103671671,0.096059760
2026-02-12 13:13:30,0.019149577,-0.091510328,-0.070148896
2026-02-12 13:13:40,-0.157789869,-0.071943199,-0.045419277
2026-02-12 13:13:50,0.098037836,0.086244538,-0.196202115
2026-02-12 13:14:00,0.121365936,-0.117216895,-0.167997769
2026-02-12 13:14:10,0.095275194,-0.206737272,-0.007033191
2026-02-12 13:14:20,-0.017024562,-0.057491199,0.034640133
2026-02-12 13:14:30,-0.081800253,-0.323385052,0.049162493
2026-02-12 13:14:40,-0.026108175,-0.059107732,0.007265239
2026-02-12 13:14:50,0.223198566,0.141122221,-0.193060523
2026-02-12 13:15:00,-0.153004780,0.179972736,0.310088092
2026-02-12 13:15:10,0.245933313,-0.064116522,-0.249063414
2026-02-12 13:15:20,0.235236498,0.190686425,0.150273889
2026-02-12 13:15:30,0.208915779,0.249686232,-0.122291910
2026-02-12 13:15:40,0.045625144,0.123370312,0.059198974
2026-02-12 13:15:50,-0.034389614,-0.153588369,-0.124621182
2026-02-12 13:16:00,-0.135184842,0.151251760,0.138253537
2026-02-12 13:16:10,-0.137095046,-0.023409285,0.055119301
2026-02-12 13:16:20,-0.179763930,0.222874811,-0.018560222
2026-02-12 13:16:30,-0.249634401,-0.028181628,0.042697591
2026-02-12 13:16:40,-0.031090515,0.050078624,0.098071467
2026-02-12 13:16:50,-0.039084708,0.185824591,0.054160821
2026-02-12 13:17:00,0.389738207,0.078086011,-0.000613676
2026-02-12 13:17:10,0.026068925,-0.110027211,-0.052426720
2026-02-12 13:17:20,0.000125415,0.060649680,0.074625997
2026-02-12 13:17:30,0.291067390,0.086066800,-0.025606483
2026-02-12 13:17:40,0.149212959,-0.085247553,-0.129163611
2026-02-12 13:17:50,-0.098404238,0.083144442,0.088293052
2026-02-12 13:18:00,-0.119147954,-0.333379499,0.051626992
2026-02-12 13:18:10,-0.047019159,0.000786987,-0.059322853
2026-02-12 13:18:20,-0.082352767,0.092576831,0.023587751
2026-02-12 13:18:30,0.096293285,0.154964338,-0.219515854
2026-02-12 13:18:40,0.159641296,0.100893219,0.208517096
2026-02-12 13:18:50,-0.154470703,0.085793522,-0.107959108
2026-02-12 13:19:00,-0.212813943,-0.082774714,0.256658884
2026-02-12 13:19:10,-0.203513549,0.039729115,0.024640046
2026-02-12 13:19:20,-0.019960571,-0.180989611,-0.066994138
2026-02-12 13:19:30,-0.126069411,0.151900470,0.111981140
2026-02-12 13:19:40,0.003393594,-0.074785650,0.069795001
2026-02-12 13:19:50,0.145747506,0.012743611,-0.036069651
2026-02-12 13:20:00,-0.260544374,-0.033779019,-0.250949951
2026-02-12 13:20:10,-0.081454569,-0.011374881,-0.161312760
2026-02-12 13:20:20,-0.027578181,-0.187772996,-0.025752319
2026-02-12 13:20:30,-0.080163264,-0.136450014,-0.120922345
2026-02-12 13:20:40,-0.197048458,-0.000552637,-0.157679691
2026-02-12 13:20:50,0.101131035,0.015173055,0.073438174
2026-02-12 13:21:00,0.068085555,-0.051520123,0.092128604
2026-02-12 13:21:10,-0.129843322,-0.189674250,-0.206886094
2026-02-12 13:21:20,-0.035675423,-0.205135207,0.016863422
2026-02-12 13:21:30,-0.101683887,-0.174507773,-0.094386148
2026-02-12 13:21:40,-0.117913078,0.040788589,0.233386289
2026-02-12 13:21:50,0.244614687,0.037021036,0.140285130
2026-02-12 13:22:00,0.249955193,-0.139176299,0.045677943
2026-02-12 13:22:10,-0.037773515,-0.049662859,0.039961038
2026-02-12 13:22:20,0.032117252,-0.098431163,0.262000336
2026-02-12 13:22:30,0.277097020,0.289923506,0.187807067
2026-02-12 13:22:40,0.080264013,0.472901934,0.308269076
2026-02-12 13:22:50,-0.060231958,-0.102615308,-0.066672572
2026-02-12 13:23:00,-0.009399405,-0.088251980,0.132044758
2026-02-12 13:23:10,0.191898748,0.123133703,-0.105521881
2026-02-12 13:23:20,0.081488778,0.220288409,-0.032694969
2026-02-12 13:23:30,0.067693779,0.116687341,0.067874603
2026-02-12 13:23:40,-0.012761824,0.022517081,-0.031801449
2026-02-12 13:23:50,-0.117687169,0.151030973,-0.079407074
2026-02-12 13:24:00,0.031540750,-0.011281862,-0.060791315
2026-02-12 13:24:10,-0.062602481,-0.202983443,0.100069572
2026-02-12 13:24:20,-0.152477554,0.037705777,0.416717072
2026-02-12 13:24:30,-0.076672384,-0.130665372,-0.151909226
2026-02-12 13:24:40,0.004898299,-0.094603291,-0.184881246
2026-02-12 13:24:50,0.009125338,0.044601761,0.005395383
2026-02-12 13:25:00,-0.048367427,-0.097352074,0.015486512
2026-02-12 13:25:10,-0.005622968,0.070754285,-0.019938709
2026-02-12 13:25:20,-0.088354550,-0.203731096,0.009529202
2026-02-12 13:25:30,0.020066307,0.055428252,-0.129628238
2026-02-12 13:25:40,-0.111214325,-0.013537955,-0.009315678
2026-02-12 13:25:50,0.273966213,-0.008589153,0.046070116
2026-02-12 13:26:00,0.069228868,-0.064541684,0.299967893
2026-02-12 13:26:10,0.081881468,-0.017626673,-0.061788144
2026-02-12 13:26:20,0.201236113,0.049533731,0.052740035
2026-02-12 13:26:30,-0.299847992,-0.113447315,0.270747830
2026-02-12 13:26:40,0.311035261,-0.015895056,-0.277955200
2026-02-12 13:26:50,-0.046226877,-0.342077622,0.027713950
2026-02-12 13:27:00,-0.107426649,0.051320456,-0.170705481
2026-02-12 13:27:10,-0.093145687,0.087598502,-0.028381039
2026-02-12 13:27:20,0.169626053,-0.049502171,0.117193003
2026-02-12 13:27:30,0.319828099,0.114400843,0.078335856
2026-02-12 13:27:40,-0.067297201,0.100999942,0.094316878
2026-02-12 13:27:50,-0.139178960,0.183492537,0.137774578
2026-02-12 13:28:00,0.078118187,0.078426035,0.035101153
2026-02-12 13:28:10,-0.022951742,-0.116530504,0.127921721
2026-02-12 13:28:20,-0.003533274,-0.187764722,-0.007580734
2026-02-12 13:28:30,0.054793125,0.104996563,-0.113553730
2026-02-12 13:28:40,-0.016905331,-0.372786744,0.104033486
2026-02-12 13:28:50,0.254230519,0.008711936,-0.024189674
2026-02-12 13:29:00,-0.201855584,0.076273156,0.118436934
2026-02-12 13:29:10,-0.010694360,-0.017378718,0.076333868
2026-02-12 13:29:20,-0.187127661,-0.023005360,0.035385249
2026-02-12 13:29:30,0.282666490,-0.006624734,0.006924110
2026-02-12 13:29:40,0.124120809,0.049390673,0.070510422
2026-02-12 13:29:50,0.092001588,0.149451880,0.086777670
2026-02-12 13:30:00,0.140288974,-0.055433175,0.015515346
2026-02-12 13:30:10,-0.201302583,-0.027502686,-0.081181094
2026-02-12 13:30:20,-0.092967291,-0.169026851,-0.206381860
2026-02-12 13:30:30,0.080264756,-0.150199205,-0.282180241
2026-02-12 13:30:40,-0.192768018,0.112618898,-0.135301609
2026-02-12 13:30:50,0.256555481,0.019008591,0.114840357
2026-02-12 13:31:00,0.071769516,-0.188041355,-0.085573724
2026-02-12 13:31:10,0.103844145,-0.015121401,0.003692882
2026-02-12 13:31:20,0.117727482,-0.116223960,0.226850473
2026-02-12 13:31:30,-0.096879375,-0.071758480,-0.050619737
2026-02-12 13:31:40,-0.066378459,0.108846212,0.174075010
2026-02-12 13:31:50,-0.305173185,-0.192241585,0.004630197
2026-02-12 13:32:00,0.070571750,-0.038654138,0.009484537
2026-02-12 13:32:10,-0.338947537,-0.128845972,0.199177812
2026-02-12 13:32:20,0.141206168,0.085775037,0.031030585
2026-02-12 13:32:30,-0.104952485,-0.106649266,-0.111051803
2026-02-12 13:32:40,-0.064350574,0.209438402,-0.110658618
2026-02-12 13:32:50,0.138653006,-0.139744775,0.127358410
2026-02-12 13:33:00,0.183811966,-0.024517263,0.151660416
2026-02-12 13:33:10,-0.038709708,-0.183097607,-0.137607163
2026-02-12 13:33:20,0.159722642,0.167190770,0.021949494
2026-02-12 13:33:30,-0.024463748,-0.183518806,0.007222702
2026-02-12 13:33:40,0.010834719,-0.122925791,0.034173276
2026-02-12 13:33:50,0.190964497,0.200908406,-0.255070247
2026-02-12 13:34:00,-0.101689593,0.137637468,0.034245699
2026-02-12 13:34:10,-0.044184209,0.349675478,-0.021881444
2026-02-12 13:34:20,0.321850165,-0.004451708,-0.080919900
2026-02-12 13:34:30,-0.293604004,-0.024569029,0.174218444
2026-02-12 13:34:40,0.277982206,0.005788653,0.139164758
2026-02-12 13:34:50,0.158706954,0.062302408,0.170864535
2026-02-12 13:35:00,0.157929159,0.173835945,0.081720810
2026-02-12 13:35:10,0.038443542,0.013315259,0.078032076
2026-02-12 13:35:20,-0.002876383,0.414961857,-0.311794638
2026-02-12 13:35:30,0.001588321,0.213452830,0.265243304
2026-02-12 13:35:40,0.086293330,0.244421829,-0.039276823
2026-02-12 13:35:50,0.095920745,-0.044265498,0.032647595
2026-02-12 13:36:00,0.130831057,0.017181245,0.111104574
2026-02-12 13:36:10,-0.222945657,0.078283249,-0.069937340
2026-02-12 13:36:20,0.255423212,-0.096395500,-0.225653575
2026-02-12 13:36:30,-0.113392174,0.117104888,-0.085938206
2026-02-12 13:36:40,0.403601867,0.051505792,0.124026296
2026-02-12 13:36:50,0.370017192,0.272153664,0.058967739
2026-02-12 13:37:00,-0.083140111,0.112082246,-0.198230865
2026-02-12 13:37:10,0.170060886,-0.058242755,0.530347411
2026-02-12 13:37:20,-0.153483174,0.028506265,-0.026366933
2026-02-12 13:37:30,-0.195563903,-0.118029389,-0.167020578
2026-02-12 13:37:40,-0.084427462,-0.083999921,0.031659774
2026-02-12 13:37:50,0.176282431,0.011219854,-0.206322224
2026-02-12 13:38:00,0.080881829,0.028482989,-0.151526227
2026-02-12 13:38:10,0.061071065,-0.057690580,-0.180929874
2026-02-12 13:38:20,0.123466222,-0.012391885,-0.028735417
2026-02-12 13:38:30,0.181754099,-0.038948378,0.212172008
2026-02-12 13:38:40,0.015932975,0.077669682,-0.133694946
2026-02-12 13:38:50,0.199448913,-0.026928392,0.169872040
2026-02-12 13:39:00,-0.151777237,-0.077294813,0.104037929
2026-02-12 13:39:10,-0.059704574,0.189616740,-0.073647687
2026-02-12 13:39:20,-0.060483889,-0.015023714,0.036416608
2026-02-12 13:39:30,0.100994856,-0.059958547,-0.193654545
2026-02-12 13:39:40,-0.078760206,0.112841713,-0.110181381
2026-02-12 13:39:50,-0.077834144,0.065082702,0.020536489
2026-02-12 13:40:00,-0.341800109,-0.255089799,0.128071218
2026-02-12 13:40:10,-0.139090254,0.241073921,-0.125440310
2026-02-12 13:40:20,-0.229671493,-0.095084201,-0.108438154
2026-02-12 13:40:30,0.187337921,-0.070964526,-0.098806837
2026-02-12 13:40:40,0.038003541,-0.245984972,0.057071826
2026-02-12 13:40:50,0.072398141,-0.239766405,0.029567114
2026-02-12 13:41:00,-0.030632410,-0.319915926,0.107076304
2026-02-12 13:41:10,0.160784351,-0.097384420,-0.175604522
2026-02-12 13:41:20,-0.112790086,-0.181163010,-0.079035134
2026-02-12 13:41:30,-0.041241741,0.069448935,-0.005010981
2026-02-12 13:41:40,0.357457887,0.157798050,-0.004662461
2026-02-12 13:41:50,0.087261074,-0.265038533,-0.115390051
2026-02-12 13:42:00,0.101626430,0.199716796,0.034678058
2026-02-12 13:42:10,0.130530851,-0.100594299,-0.088650726
2026-02-12 13:42:20,-0.017731268,-0.117686672,-0.017719031
2026-02-12 13:42:30,0.124675228,0.001263345,0.059918535
2026-02-12 13:42:40,0.074973895,-0.114028758,-0.026170910
2026-02-12 13:42:50,-0.069019177,0.055670280,0.046108787
2026-02-12 13:43:00,0.070013254,-0.005030721,-0.002160015
2026-02-12 13:43:10,0.078077754,0.038416736,-0.014177473
2026-02-12 13:43:20,0.307093990,-0.142173458,-0.186277263
2026-02-12 13:43:30,0.126054170,0.025013148,-0.110933338
2026-02-12 13:43:40,-0.113613313,0.047161097,0.173149958
2026-02-12 13:43:50,0.123567708,-0.088660154,-0.013173952
2026-02-12 13:44:00,-0.158619912,-0.255150024,-0.074114211
2026-02-12 13:44:10,-0.013985630,0.054222121,-0.114897383
2026-02-12 13:44:20,0.068311649,0.021198561,0.053481319
2026-02-12 13:44:30,-0.026970429,-0.028998571,-0.010656259
2026-02-12 13:44:40,0.394810516,-0.195124459,0.073697641
2026-02-12 13:44:50,-0.028757873,0.054924657,-0.067480337
2026-02-12 13:45:00,-0.241013700,0.076102187,-0.003080566
2026-02-12 13:45:10,0.058895857,-0.010010279,-0.089289661
2026-02-12 13:45:20,-0.022840552,0.030224570,-0.155800137
2026-02-12 13:45:30,-0.021680824,-0.063506985,0.033809465
2026-02-12 13:45:40,-0.087869733,0.182914278,0.148663525
2026-02-12 13:45:50,-0.120982674,0.179282060,-0.104615450
2026-02-12 13:46:00,-0.119589565,-0.190450327,0.119303920
2026-02-12 13:46:10,0.015894708,-0.140820850,0.194459861
2026-02-12 13:46:20,0.008978589,0.045721329,-0.153044819
2026-02-12 13:46:30,-0.091052763,0.023635657,0.010337848
2026-02-12 13:46:40,-0.150810124,-0.150307228,-0.062356967
2026-02-12 13:46:50,-0.082732208,-0.067720053,-0.086242585
2026-02-12 13:47:00,-0.005354106,0.128756227,0.041005362
2026-02-12 13:47:10,0.137354959,-0.068498143,0.008989323
2026-02-12 13:47:20,0.076965556,-0.045706666,-0.045428631
2026-02-12 13:47:30,0.115274144,-0.170979345,-0.029960190
2026-02-12 13:47:40,-0.271036736,-0.052305811,-0.365055097
2026-02-12 13:47:50,0.109891273,0.138163633,-0.058460129
2026-02-12 13:48:00,0.035493753,-0.116165004,0.166506157
2026-02-12 13:48:10,0.046679694,-0.090454893,-0.260963186
2026-02-12 13:48:20,-0.143776278,0.114030763,0.134299260
2026-02-12 13:48:30,0.015055540,0.109348272,0.004980834
2026-02-12 13:48:40,0.220030064,-0.152067478,-0.165694847
2026-02-12 13:48:50,0.023782469,-0.163411672,-0.112544854
2026-02-12 13:49:00,-0.132382258,0.071585010,-0.055017746
2026-02-12 13:49:10,-0.209661390,-0.068799986,0.150653102
2026-02-12 13:49:20,0.000538761,-0.190653999,-0.009937413
2026-02-12 13:49:30,-0.124585061,-0.005992976,0.028393757
2026-02-12 13:49:40,0.005939395,-0.308690430,0.042362876
2026-02-12 13:49:50,0.023442706,-0.185045677,0.076832613
2026-02-12 13:50:00,-0.054253527,0.047752304,-0.015674180
2026-02-12 13:50:10,-0.150252297,0.211112849,-0.243075836
2026-02-12 13:50:20,0.143391828,0.107705174,0.129150557
2026-02-12 13:50:30,-0.006987740,0.108342303,-0.136392382
2026-02-12 13:50:40,0.060253266,-0.067718464,-0.068278054
2026-02-12 13:50:50,-0.224212892,0.166768690,-0.233558441
2026-02-12 13:51:00,-0.089606583,0.068356456,-0.019562321
2026-02-12 13:51:10,0.341273920,-0.058197642,-0.066784994
2026-02-12 13:51:20,0.147029081,-0.078687023,0.086893913
2026-02-12 13:51:30,-0.104394249,0.085300840,0.191850669
2026-02-12 13:51:40,0.082644140,0.125904080,0.107180555
2026-02-12 13:51:50,-0.090716706,-0.143873555,-0.076347206
2026-02-12 13:52:00,0.142520588,-0.187694272,0.110286422
2026-02-12 13:52:10,-0.095575444,-0.091424404,-0.033272516
2026-02-12 13:52:20,0.052631890,0.327520133,-0.017959214
2026-02-12 13:52:30,0.224646582,-0.133630148,0.138918723
2026-02-12 13:52:40,-0.033625463,-0.121401712,-0.130882321
2026-02-12 13:52:50,0.193467539,0.043564056,-0.101643694
2026-02-12 13:53:00,-0.126041390,0.174962366,-0.150451932
2026-02-12 13:53:10,-0.385655563,0.361120499,0.201060319
2026-02-12 13:53:20,-0.106331514,0.006249372,0.057563703
2026-02-12 13:53:30,-0.101313530,0.142126014,0.164574063
2026-02-12 13:53:40,0.049432095,0.029657630,-0.322828671
2026-02-12 13:53:50,-0.166976325,-0.030775662,0.096331581
2026-02-12 13:54:00,-0.072388108,-0.061051957,-0.151087739
2026-02-12 13:54:10,-0.084990575,0.049104032,0.007566252
2026-02-12 13:54:20,-0.011607460,-0.175884244,0.100354409
2026-02-12 13:54:30,-0.144121184,0.095042579,0.041303276
2026-02-12 13:54:40,0.325559456,-0.270674101,0.223894987
2026-02-12 13:54:50,-0.026555504,-0.017371056,0.045618447
2026-02-12 13:55:00,-0.211012379,0.072066678,0.066843363
2026-02-12 13:55:10,0.082311328,0.127312886,-0.067209602
2026-02-12 13:55:20,-0.277212165,-0.147612245,0.072715475
2026-02-12 13:55:30,0.005451978,-0.139326547,0.038646036
2026-02-12 13:55:40,0.066366048,0.106990398,0.179126805
2026-02-12 13:55:50,0.074498448,0.333619723,-0.047473998
2026-02-12 13:56:00,-0.178747744,-0.091251943,0.015826272
2026-02-12 13:56:10,-0.246623745,-0.215859771,-0.179002831
2026-02-12 13:56:20,-0.316054263,-0.245122500,-0.081238505
2026-02-12 13:56:30,0.045954747,-0.066407795,0.017594179
2026-02-12 13:56:40,0.044525457,0.103673508,-0.111660950
2026-02-12 13:56:50,-0.027488815,-0.240661512,0.148096539
2026-02-12 13:57:00,-0.152110263,0.010200312,-0.061994482
2026-02-12 13:57:10,-0.111401230,0.084272639,-0.055313396
2026-02-12 13:57:20,-0.244796778,-0.094998144,-0.148451357
2026-02-12 13:57:30,-0.104165172,-0.052266467,0.186662103
2026-02-12 13:57:40,0.010188653,-0.021586532,-0.052413891
2026-02-12 13:57:50,-0.062680294,-0.178339053,-0.014848574
2026-02-12 13:58:00,-0.012053811,-0.152761177,0.112090841
2026-02-12 13:58:10,-0.026902208,0.119444075,0.200398232
2026-02-12 13:58:20,-0.072723160,-0.162173726,0.227000413
2026-02-12 13:58:30,0.178712700,0.144376728,0.004833687
2026-02-12 13:58:40,0.269764829,0.230988412,-0.059158008
2026-02-12 13:58:50,-0.066843422,0.051267806,0.199400321
2026-02-12 13:59:00,0.171386195,0.049571423,-0.044239180
2026-02-12 13:59:10,-0.025261699,-0.022087056,-0.090643072
2026-02-12 13:59:20,0.032101671,-0.097197746,0.234423033
2026-02-12 13:59:30,-0.252567860,-0.265421306,0.141841210
2026-02-12 13:59:40,0.199195828,-0.111359099,-0.268626501
2026-02-12 13:59:50,0.071510934,-0.072308359,-0.043975275
2026-02-12 14:00:00,-0.006620835,0.135744059,-0.404336612
2026-02-12 14:00:10,-0.162809155,-0.143013725,-0.154882390
2026-02-12 14:00:20,-0.041330742,-0.201931724,-0.071158373
2026-02-12 14:00:30,-0.018080833,-0.036211608,0.109481089
2026-02-12 14:00:40,0.224659432,-0.017329956,-0.064214062
2026-02-12 14:00:50,0.220935171,0.047911203,0.067111315
2026-02-12 14:01:00,-0.218074401,-0.365220427,-0.097022104
2026-02-12 14:01:10,-0.250576509,-0.126298167,-0.093993561
2026-02-12 14:01:20,-0.069602935,0.168469922,-0.043614460
2026-02-12 14:01:30,0.105139282,-0.188450122,0.078657241
2026-02-12 14:01:40,-0.048542007,0.299630009,0.105653752
2026-02-12 14:01:50,-0.075048168,-0.065052137,0.218299076
2026-02-12 14:02:00,-0.158763889,0.067641506,-0.157365009
2026-02-12 14:02:10,0.264983492,-0.052661330,-0.210081352
2026-02-12 14:02:20,0.157250334,-0.057772329,-0.022051766
2026-02-12 14:02:30,-0.066979141,-0.106346055,-0.254138638
2026-02-12 14:02:40,0.136282099,0.139352153,0.222550499
2026-02-12 14:02:50,0.099521096,0.015991311,0.037919254
2026-02-12 14:03:00,0.144176374,0.026876764,-0.043825566
2026-02-12 14:03:10,0.268754116,0.151146901,-0.110868125
2026-02-12 14:03:20,-0.034722679,-0.030724437,-0.078887627
2026-02-12 14:03:30,-0.172435396,0.089263765,0.091668034
2026-02-12 14:03:40,0.132978177,-0.056455485,-0.070773227
2026-02-12 14:03:50,0.056726967,0.244658745,0.169169585
2026-02-12 14:04:00,-0.009510066,-0.150999441,-0.115311030
2026-02-12 14:04:10,0.092416902,-0.042536557,0.026723194
2026-02-12 14:04:20,0.047870717,-0.168165607,0.140102043
2026-02-12 14:04:30,0.165672370,0.056295919,0.133887488
2026-02-12 14:04:40,0.299579976,0.047630699,-0.105400409
2026-02-12 14:04:50,0.012236075,-0.047106111,-0.099493265
2026-02-12 14:05:00,-0.002715755,-0.187470798,-0.024798635
2026-02-12 14:05:10,0.070114688,0.076402737,-0.137255986
2026-02-12 14:05:20,-0.258434843,-0.083364734,-0.158531632
2026-02-12 14:05:30,-0.015961511,-0.037627774,0.113523556
2026-02-12 14:05:40,0.133121582,0.185373982,0.049146053
2026-02-12 14:05:50,-0.153072603,0.196167394,-0.184865352
2026-02-12 14:06:00,0.035264982,0.092874818,-0.182351693
2026-02-12 14:06:10,-0.047573001,0.111903401,0.197525926
2026-02-12 14:06:20,-0.080984668,-0.168944710,-0.063885273
2026-02-12 14:06:30,0.057057205,-0.212034038,0.128390549
2026-02-12 14:06:40,0.061759780,-0.044671632,-0.063959009
2026-02-12 14:06:50,-0.034002554,-0.031739298,-0.067125088
2026-02-12 14:07:00,0.130917205,0.276461202,-0.092507224
2026-02-12 14:07:10,-0.059242044,0.025116469,0.146845602
2026-02-12 14:07:20,0.083591127,-0.169481276,-0.100399831
2026-02-12 14:07:30,-0.146321835,-0.225304056,-0.003690033
2026-02-12 14:07:40,0.014107244,-0.014450020,0.104255847
2026-02-12 14:07:50,-0.135619131,-0.123437045,-0.101124996
2026-02-12 14:08:00,0.119312583,0.119795005,-0.060071239
2026-02-12 14:08:10,0.096273879,-0.182124840,0.098164765
2026-02-12 14:08:20,0.002699225,-0.043882227,0.051438707
2026-02-12 14:08:30,-0.121608126,0.149191753,-0.045682270
2026-02-12 14:08:40,-0.066935107,-0.010827756,-0.048772319
2026-02-12 14:08:50,-0.032965045,0.033006080,0.092813044
2026-02-12 14:09:00,0.074257316,0.091210199,-0.165941792
2026-02-12 14:09:10,-0.234579540,0.001026289,-0.038347753
2026-02-12 14:09:20,0.152595355,0.175956834,-0.156736234
2026-02-12 14:09:30,-0.209159885,0.159355099,-0.059208753
2026-02-12 14:09:40,-0.085715762,0.133466851,0.078655706
2026-02-12 14:09:50,-0.043725779,0.111661824,-0.048762748
2026-02-12 14:10:00,-0.081034233,0.156541684,0.024130346
2026-02-12 14:10:10,0.222973151,-0.123642440,0.196516030
2026-02-12 14:10:20,-0.268017161,-0.310626253,-0.047212272
2026-02-12 14:10:30,-0.212688524,-0.036212136,-0.098362055
2026-02-12 14:10:40,0.365211915,0.012615120,-0.029138649
2026-02-12 14:10:50,-0.154257225,0.047923466,-0.040736896
2026-02-12 14:11:00,0.079371592,0.119918801,-0.114916963
2026-02-12 14:11:10,0.104323214,0.272131668,-0.214728655
2026-02-12 14:11:20,0.205928635,-0.130962870,0.124668852
2026-02-12 14:11:30,-0.095399358,-0.298247450,0.280979409
2026-02-12 14:11:40,-0.365948821,0.095144423,-0.085538843
2026-02-12 14:11:50,-0.174910955,-0.229924122,0.167411355
2026-02-12 14:12:00,-0.105456737,-0.146092627,0.295679330
2026-02-12 14:12:10,-0.040472776,-0.178747118,-0.232048022
2026-02-12 14:12:20,-0.000527757,0.028933269,0.156758967
2026-02-12 14:12:30,0.091719304,0.133165470,0.246470697
2026-02-12 14:12:40,-0.208484406,0.076251592,0.193479763
2026-02-12 14:12:50,-0.314912566,-0.357737868,-0.139098023
2026-02-12 14:13:00,0.172739457,-0.222937489,0.005404805
2026-02-12 14:13:10,-0.065736064,-0.128830019,0.036261217
2026-02-12 14:13:20,0.018743262,-0.019097442,0.092228416
2026-02-12 14:13:30,-0.040043941,0.049437696,-0.131875808
2026-02-12 14:13:40,-0.013688916,0.292291791,0.083233706
2026-02-12 14:13:50,0.156864847,0.005618972,0.163529527
2026-02-12 14:14:00,-0.163800463,0.063830559,0.020860327
2026-02-12 14:14:10,0.109369742,0.073214226,-0.048840829
2026-02-12 14:14:20,0.141630370,-0.030034106,-0.128417484
2026-02-12 14:14:30,0.165919020,-0.165173569,-0.133612976
2026-02-12 14:14:40,0.016788963,0.022581654,0.087201621
2026-02-12 14:14:50,0.061318865,0.156458835,-0.241176895
2026-02-12 14:15:00,0.120502470,-0.309539440,0.067315544
2026-02-12 14:15:10,0.087549003,0.198563951,0.038509573
2026-02-12 14:15:20,-0.188381425,-0.067797279,0.021067116
2026-02-12 14:15:30,-0.047082368,-0.051034155,0.088078794
2026-02-12 14:15:40,0.202323525,0.005916958,0.256379709
2026-02-12 14:15:50,0.081135619,-0.036978261,-0.174029737
2026-02-12 14:16:00,0.258078527,-0.058632473,-0.017026866
2026-02-12 14:16:10,0.086200859,0.125902297,0.358826337
2026-02-12 14:16:20,0.110409250,0.119183460,-0.052161605
2026-02-12 14:16:30,0.106058921,-0.107006716,-0.018008750
2026-02-12 14:16:40,-0.027361166,-0.063909878,0.249948694
2026-02-12 14:16:50,0.165765182,-0.109888670,0.136621230
2026-02-12 14:17:00,-0.209113433,-0.042903429,-0.063151172
2026-02-12 14:17:10,0.094146507,-0.055377247,0.053265894
2026-02-12 14:17:20,-0.176921997,0.295381876,0.105937463
2026-02-12 14:17:30,-0.070566247,0.101785218,-0.154976958
2026-02-12 14:17:40,-0.164616565,0.002574590,-0.070934344
2026-02-12 14:17:50,0.091572066,-0.094758150,0.069940991
2026-02-12 14:18:00,-0.163681081,0.007478694,-0.232636054
2026-02-12 14:18:10,0.167702367,0.042229637,0.154125325
2026-02-12 14:18:20,0.075485140,0.235891360,0.018876994
2026-02-12 14:18:30,-0.067402498,-0.235866095,0.097761820
2026-02-12 14:18:40,-0.011914091,-0.166546566,-0.019051163
2026-02-12 14:18:50,-0.040354083,-0.041997057,-0.109339805
2026-02-12 14:19:00,0.077722774,0.023848783,-0.081076180
2026-02-12 14:19:10,0.148464764,-0.187174598,-0.030589471
2026-02-12 14:19:20,0.070965834,-0.148261230,0.232219804
2026-02-12 14:19:30,0.160281795,-0.033344673,-0.054165189
2026-02-12 14:19:40,-0.076005937,-0.103424280,0.032934855
2026-02-12 14:19:50,0.086146346,0.053859455,-0.118459996
2026-02-12 14:20:00,-0.024015476,-0.040312329,0.233326582
2026-02-12 14:20:10,0.140296864,-0.189661536,0.200999503
2026-02-12 14:20:20,0.137677755,-0.206341624,0.059942820
2026-02-12 14:20:30,-0.069189161,-0.017504121,-0.233658858
2026-02-12 14:20:40,-0.066941749,-0.002686800,0.049927949
2026-02-12 14:20:50,-0.139298880,-0.053858971,0.278372345
2026-02-12 14:21:00,-0.072040530,0.093532055,-0.195973488
2026-02-12 14:21:10,0.110953236,0.121791851,-0.144555080
2026-02-12 14:21:20,-0.018666007,-0.137292225,0.258004619
2026-02-12 14:21:30,-0.233610548,-0.014745643,0.312920740
2026-02-12 14:21:40,0.157931996,-0.087595114,0.315735792
2026-02-12 14:21:50,0.093075598,0.080301276,-0.036135626
2026-02-12 14:22:00,-0.045631038,-0.059032298,-0.223726569
2026-02-12 14:22:10,-0.197964983,-0.171911178,-0.104467016
2026-02-12 14:22:20,-0.173589313,-0.269643775,-0.175694925
2026-02-12 14:22:30,0.022471565,0.030475009,-0.052734668
2026-02-12 14:22:40,-0.002510061,0.136264213,-0.119545949
2026-02-12 14:22:50,-0.126801074,-0.141546727,0.029051315
2026-02-12 14:23:00,-0.004999959,0.004622510,0.092315767
2026-02-12 14:23:10,-0.109088713,0.186325851,-0.007579085
2026-02-12 14:23:20,-0.071500885,0.165011471,0.238070327
2026-02-12 14:23:30,-0.009717470,0.213965436,-0.223386523
2026-02-12 14:23:40,-0.063166269,-0.039961340,-0.070127527
2026-02-12 14:23:50,-0.115178288,0.102227955,0.109397586
2026-02-12 14:24:00,0.145421062,-0.104832273,-0.230298732
2026-02-12 14:24:10,0.286806058,-0.021647310,-0.227971172
2026-02-12 14:24:20,0.163352853,0.053163678,-0.315221555
2026-02-12 14:24:30,0.084129050,0.390765495,-0.066963241
2026-02-12 14:24:40,-0.284839323,-0.071588589,0.177566628
2026-02-12 14:24:50,0.421331696,-0.069678392,0.142368465
2026-02-12 14:25:00,-0.058280729,0.202874361,0.129135989
2026-02-12 14:25:10,0.015040371,-0.064132553,0.037030234
2026-02-12 14:25:20,0.196937022,-0.187542705,0.049902955
2026-02-12 14:25:30,0.003327345,-0.014074650,-0.177296706
2026-02-12 14:25:40,0.318716881,-0.250251763,-0.176586002
2026-02-12 14:25:50,-0.067082096,-0.064412705,-0.001969845
2026-02-12 14:26:00,-0.089218649,0.106067150,-0.152202491
2026-02-12 14:26:10,-0.234591727,-0.254021411,-0.018662514
2026-02-12 14:26:20,-0.019777170,0.014341542,-0.154357697
2026-02-12 14:26:30,-0.106851264,-0.013765998,-0.049469777
2026-02-12 14:26:40,-0.196364033,-0.124548723,-0.043088065
2026-02-12 14:26:50,0.218373590,-0.114967634,-0.284423638
2026-02-12 14:27:00,-0.006425915,-0.035666231,0.009513655
2026-02-12 14:27:10,0.105301812,0.036580333,-0.233363164
2026-02-12 14:27:20,-0.072357381,0.047527588,0.184530481
2026-02-12 14:27:30,0.007004885,-0.159125403,0.071015573
2026-02-12 14:27:40,0.014546032,-0.015527574,0.018577084
2026-02-12 14:27:50,-0.052331643,-0.245814807,-0.251254154
2026-02-12 14:28:00,-0.114099391,0.149127457,0.247000143
2026-02-12 14:28:10,-0.249804905,0.012493238,0.173784430
2026-02-12 14:28:20,0.058355202,0.153588223,0.185288122
2026-02-12 14:28:30,0.070447432,0.136444471,0.182048281
2026-02-12 14:28:40,0.062519802,0.270273494,-0.003310450
2026-02-12 14:28:50,0.041102186,0.189577847,0.233822158
2026-02-12 14:29:00,-0.121282900,-0.029689310,0.064502924
2026-02-12 14:29:10,-0.115906284,-0.063194691,-0.106158571
2026-02-12 14:29:20,-0.078784562,-0.052429982,-0.046562908
2026-02-12 14:29:30,0.007932652,0.185404600,-0.044633366
2026-02-12 14:29:40,0.032332073,0.234784201,0.076879231
2026-02-12 14:29:50,-0.229808133,0.003501120,-0.254782991
2026-02-12 14:30:00,-0.074017019,-0.105266574,-0.031691596
2026-02-12 14:30:10,-0.316126513,0.019153167,-0.001586434
2026-02-12 14:30:20,0.067604169,0.107468479,-0.074796428
2026-02-12 14:30:30,0.115908902,0.096765722,-0.408109582
2026-02-12 14:30:40,0.001097169,0.173450146,-0.311877993
2026-02-12 14:30:50,0.186486978,-0.134389386,-0.228420438
2026-02-12 14:31:00,0.036037458,0.147611912,-0.063138658
2026-02-12 14:31:10,0.024095757,0.033441472,-0.190447149
2026-02-12 14:31:20,0.182627640,0.203104959,-0.186983517
2026-02-12 14:31:30,-0.009793832,0.199600490,0.293829079
2026-02-12 14:31:40,-0.032386631,0.180279919,0.059555178
2026-02-12 14:31:50,0.169491396,-0.018930526,-0.082017006
2026-02-12 14:32:00,-0.049685304,-0.218196603,-0.166015401
2026-02-12 14:32:10,0.241302614,-0.285914434,0.099194098
2026-02-12 14:32:20,-0.055221684,-0.274909798,0.010904978
2026-02-12 14:32:30,0.145342496,0.209339253,0.130851276
2026-02-12 14:32:40,0.290136460,-0.065673689,-0.048655474
2026-02-12 14:32:50,0.176739530,-0.105938634,-0.072425169
2026-02-12 14:33:00,0.170600768,0.048282461,-0.023825633
2026-02-12 14:33:10,-0.108300061,-0.105247938,0.016002125
2026-02-12 14:33:20,0.041598772,-0.158943625,-0.254034967
2026-02-12 14:33:30,0.141614185,-0.023918442,-0.016418625
2026-02-12 14:33:40,0.281696909,0.358928455,0.189480411
2026-02-12 14:33:50,0.044994106,0.340276802,-0.277400226
2026-02-12 14:34:00,0.011646274,0.158990926,-0.026085735
2026-02-12 14:34:10,0.082211164,0.046245126,0.054679874
2026-02-12 14:34:20,0.056765984,-0.051255522,-0.025631002
2026-02-12 14:34:30,-0.017004793,0.219087768,0.186967323
2026-02-12 14:34:40,0.126011911,-0.177117634,-0.033693135
2026-02-12 14:34:50,-0.078367218,0.082906950,-0.008115166
2026-02-12 14:35:00,-0.088484669,-0.163575947,-0.001052486
2026-02-12 14:35:10,0.069708899,0.070720705,-0.025790939
2026-02-12 14:35:20,0.104375429,-0.012156870,-0.183706896
2026-02-12 14:35:30,0.051500023,-0.053832913,0.112602982
2026-02-12 14:35:40,0.091859934,0.091852560,-0.220969712
2026-02-12 14:35:50,-0.104622829,-0.209976871,-0.080592233
2026-02-12 14:36:00,-0.051250144,-0.230854397,-0.194182760
2026-02-12 14:36:10,-0.133523640,-0.003465544,-0.265752282
2026-02-12 14:36:20,0.137675360,-0.053870395,-0.073598724
2026-02-12 14:36:30,-0.150938731,0.191947950,-0.082850169
2026-02-12 14:36:40,0.070674534,0.126544769,0.063733223
2026-02-12 14:36:50,-0.174687126,-0.152958531,0.185599932
2026-02-12 14:37:00,0.122036449,-0.412864128,0.124961558
2026-02-12 14:37:10,0.127074991,-0.015010800,0.163578432
2026-02-12 14:37:20,-0.143475917,-0.031633988,-0.157934321
2026-02-12 14:37:30,0.116740539,0.026335635,-0.277625035
2026-02-12 14:37:40,-0.007616995,0.208278037,0.039892933
2026-02-12 14:37:50,-0.009075083,-0.182602135,0.077230188
2026-02-12 14:38:00,0.039870250,-0.004265142,-0.029389072
2026-02-12 14:38:10,-0.229141051,0.004255475,-0.127312891
2026-02-12 14:38:20,0.160958164,-0.037644729,0.041495416
2026-02-12 14:38:30,0.244584221,0.048086570,0.172996158
2026-02-12 14:38:40,-0.065375491,-0.027733075,0.183471097
2026-02-12 14:38:50,-0.005827682,0.044758167,0.066010656
2026-02-12 14:39:00,-0.360936157,0.116060706,-0.089243599
2026-02-12 14:39:10,0.171378518,0.016810118,0.022501793
2026-02-12 14:39:20,0.013942873,0.156261393,-0.020604679
2026-02-12 14:39:30,-0.117964016,0.035283609,0.059269698
2026-02-12 14:39:40,-0.047687141,0.066909933,-0.100352946
2026-02-12 14:39:50,0.074078483,0.027409452,-0.171090151
2026-02-12 14:40:00,0.036681150,-0.200362014,0.042672617
2026-02-12 14:40:10,0.192877077,-0.014378300,-0.004385657
2026-02-12 14:40:20,-0.090576329,0.287745295,0.048870774
2026-02-12 14:40:30,-0.019645083,-0.158930281,-0.090987518
2026-02-12 14:40:40,0.099395292,0.080515618,-0.110830442
2026-02-12 14:40:50,-0.044642207,0.080727553,0.115100237
2026-02-12 14:41:00,-0.108204560,0.094720898,0.006591489
2026-02-12 14:41:10,-0.021108909,-0.273191316,0.128009173
2026-02-12 14:41:20,0.018913671,-0.160875059,0.020357794
2026-02-12 14:41:30,0.150867852,0.115824071,-0.097592649
2026-02-12 14:41:40,-0.205296406,0.157339647,0.076308789
2026-02-12 14:41:50,0.107008615,-0.054658791,-0.142353306
2026-02-12 14:42:00,-0.061659614,0.111247401,0.017038197
2026-02-12 14:42:10,0.148586759,-0.081296006,-0.134113774
2026-02-12 14:42:20,-0.270467359,-0.042852773,0.196982939
2026-02-12 14:42:30,-0.229399366,-0.047317476,0.144195480
2026-02-12 14:42:40,0.302341801,-0.225302683,0.093453307
2026-02-12 14:42:50,-0.020009674,0.387465725,-0.067413656
2026-02-12 14:43:00,0.131270776,0.111910521,0.201043661
2026-02-12 14:43:10,0.079185730,-0.590817251,0.176244548
2026-02-12 14:43:20,0.219001422,0.134577629,0.049678131
2026-02-12 14:43:30,0.082299427,-0.067088356,-0.036014300
2026-02-12 14:43:40,-0.124054820,-0.203010086,0.101830817
2026-02-12 14:43:50,-0.174887021,0.181937394,-0.297096024
2026-02-12 14:44:00,0.017818662,0.297106328,-0.008634059
2026-02-12 14:44:10,-0.028883656,0.056765134,0.174120326
2026-02-12 14:44:20,-0.211611634,0.097030468,0.011995384
2026-02-12 14:44:30,-0.160602790,0.287710519,-0.196038324
2026-02-12 14:44:40,0.148223299,0.026467737,-0.047033378
2026-02-12 14:44:50,-0.056530237,-0.188509203,0.045938681
2026-02-12 14:45:00,0.049172333,0.155045320,-0.075373617
2026-02-12 14:45:10,0.235613977,-0.062792183,0.137106716
2026-02-12 14:45:20,0.198703828,0.007669469,0.221628538
2026-02-12 14:45:30,-0.006760282,0.032620637,-0.008808410
2026-02-12 14:45:40,0.064997397,0.096500653,-0.273767478
2026-02-12 14:45:50,-0.233474245,0.029251020,-0.126900976
2026-02-12 14:46:00,-0.132852401,0.100165944,0.000666206
2026-02-12 14:46:10,0.216270805,0.009766935,0.196218955
2026-02-12 14:46:20,0.024445015,0.090608700,0.037657008
2026-02-12 14:46:30,0.111678145,0.157571788,0.224157036
2026-02-12 14:46:40,-0.149095311,-0.105160057,0.066921745
2026-02-12 14:46:50,-0.148304314,0.083537025,0.125455598
2026-02-12 14:47:00,0.116037900,-0.266447962,0.063210263
2026-02-12 14:47:10,0.133963056,0.082677729,0.187353107
2026-02-12 14:47:20,-0.041862606,0.251294675,0.087831746
2026-02-12 14:47:30,0.041658119,0.064125182,-0.078585099
2026-02-12 14:47:40,0.061120754,-0.099990937,0.013322237
2026-02-12 14:47:50,-0.297417097,-0.075397630,0.099720557
2026-02-12 14:48:00,-0.286237639,-0.087780569,0.097534826
2026-02-12 14:48:10,-0.075758514,0.340135484,0.114075328
2026-02-12 14:48:20,-0.163175423,-0.022311576,-0.119199211
2026-02-12 14:48:30,0.136866537,0.339836005,0.037731633
2026-02-12 14:48:40,-0.172450549,-0.093920932,-0.243521402
2026-02-12 14:48:50,-0.309596028,-0.041068443,-0.206311757
2026-02-12 14:49:00,-0.131087754,-0.210224114,0.053027718
2026-02-12 14:49:10,-0.179434334,-0.249697825,0.154245795
2026-02-12 14:49:20,0.146634764,-0.108321908,0.085607096
2026-02-12 14:49:30,-0.070667265,0.314391356,-0.098255906
2026-02-12 14:49:40,0.068752999,-0.035115896,-0.042205940
2026-02-12 14:49:50,0.091630892,0.000155506,0.316170784
2026-02-12 14:50:00,0.239402971,0.049429397,-0.249861281
2026-02-12 14:50:10,0.240989299,-0.041332310,-0.077297368
2026-02-12 14:50:20,0.207989677,0.046317773,-0.176280547
2026-02-12 14:50:30,0.035264194,0.105613806,0.046986458
2026-02-12 14:50:40,0.200283267,-0.080669936,-0.090617526
2026-02-12 14:50:50,-0.129376783,-0.199637459,0.128005640
2026-02-12 14:51:00,0.085587770,-0.014735094,-0.229393655
2026-02-12 14:51:10,0.106265825,0.114691428,-0.000917803
2026-02-12 14:51:20,0.004467574,0.175780633,0.076893543
2026-02-12 14:51:30,0.009793155,-0.060244343,-0.021902885
2026-02-12 14:51:40,0.245916546,-0.057055145,-0.100096882
2026-02-12 14:51:50,0.070836691,0.102517716,0.002035640
2026-02-12 14:52:00,0.010057911,-0.244996593,0.208618724
2026-02-12 14:52:10,0.279853202,-0.073368985,0.094638745
2026-02-12 14:52:20,-0.051662784,-0.220569804,0.138609979
2026-02-12 14:52:30,0.081541241,0.081032644,-0.004520329
2026-02-12 14:52:40,0.035746331,0.082198963,0.118778867
2026-02-12 14:52:50,0.055119024,0.371199266,0.007862744
2026-02-12 14:53:00,-0.052832142,-0.053960482,0.089956769
2026-02-12 14:53:10,0.188749082,-0.153845388,-0.007019808
2026-02-12 14:53:20,-0.154083225,-0.285397897,-0.098069382
2026-02-12 14:53:30,0.070712651,-0.336925189,0.163596666
2026-02-12 14:53:40,-0.155650354,0.166804645,0.082960834
2026-02-12 14:53:50,0.108826149,0.050897158,0.097709709
2026-02-12 14:54:00,-0.999073493,0.356191175,0.005507319
2026-02-12 14:54:10,0.420482183,0.224758741,-0.116063708
2026-02-12 14:54:20,-0.015812117,-0.212037722,0.525905935
2026-02-12 14:54:30,-0.008958062,-0.092051352,0.853494272
2026-02-12 14:54:40,-0.186040188,-0.019579804,0.704913000
2026-02-12 14:54:50,0.085295294,0.262653948,-0.351699123
2026-02-12 14:55:00,0.080855850,-0.735228161,0.021724289
2026-02-12 14:55:10,0.648275770,-0.145967508,-0.298040392
2026-02-12 14:55:20,0.793441382,0.010706900,0.232029566
2026-02-12 14:55:30,-0.563495622,-0.090823974,0.270364531
2026-02-12 14:55:40,0.015861947,0.364463602,-0.132075832
2026-02-12 14:55:50,0.305971016,0.202997515,-0.061110367
2026-02-12 14:56:00,-0.105212156,-0.242227306,-0.159290099
2026-02-12 14:56:10,-0.070382085,-0.163233567,0.236453455
2026-02-12 14:56:20,0.097056010,-0.029601854,-0.554607199
2026-02-12 14:56:30,0.389686423,0.653840454,0.617911988
2026-02-12 14:56:40,-0.750294624,-0.239713369,-0.244015797
2026-02-12 14:56:50,-0.121361320,0.042066883,0.316362120
2026-02-12 14:57:00,0.080933137,0.120107231,-0.601859351
2026-02-12 14:57:10,-0.105941087,0.321045471,-0.211124710
2026-02-12 14:57:20,0.110109372,-0.322505991,-0.791985518
2026-02-12 14:57:30,-0.235390699,-0.188238168,-0.549698761
2026-02-12 14:57:40,-0.219075499,0.859927461,-0.392493064
2026-02-12 14:57:50,-0.172360321,0.120362219,0.159270731
2026-02-12 14:58:00,0.070103405,-0.086260202,0.337702656
2026-02-12 14:58:10,0.606990685,-0.071056778,0.971163082
2026-02-12 14:58:20,0.236853828,0.194779929,-0.285832874
2026-02-12 14:58:30,0.809845027,-0.071943554,-0.178142578
2026-02-12 14:58:40,0.428837053,0.090102318,-0.004295909
2026-02-12 14:58:50,-0.308311383,0.230413039,0.082594686
2026-02-12 14:59:00,-0.743973103,-0.227134905,0.155483109
2026-02-12 14:59:10,0.829243256,-0.102727041,0.045616740
2026-02-12 14:59:20,-0.162875283,-0.120172313,0.016995138
2026-02-12 14:59:30,-0.216301547,0.095172224,-0.337450593
2026-02-12 14:59:40,-0.518483328,-0.529588321,-0.375457237
2026-02-12 14:59:50,0.371459694,0.020478199,0.956705854
2026-02-12 15:00:00,-0.229408118,-1.121064232,-0.270652264
2026-02-12 15:00:10,-0.520675476,-0.097068366,0.006089506
2026-02-12 15:00:20,-0.005715397,-0.216007012,0.083736792
2026-02-12 15:00:30,-0.075437489,-0.298247023,0.423944123
2026-02-12 15:00:40,-0.215505399,-0.351416794,-0.134905255
2026-02-12 15:00:50,-0.573317606,-0.174264541,0.200054861
2026-02-12 15:01:00,-0.376654400,-0.407283389,0.647064425
2026-02-12 15:01:10,0.890391181,-0.052606885,-0.907586705
2026-02-12 15:01:20,-0.226580142,-0.540428498,0.346263197
2026-02-12 15:01:30,0.373636363,0.846457709,0.435397942
2026-02-12 15:01:40,-0.922354245,0.337748587,0.360082336
2026-02-12 15:01:50,-0.012110068,-0.267292222,0.399594896
2026-02-12 15:02:00,-0.284513699,0.215072818,0.193330747
2026-02-12 15:02:10,0.178471563,0.167976425,-0.520453958
2026-02-12 15:02:20,-0.265115439,-0.039235545,0.494704481
2026-02-12 15:02:30,-0.269959631,0.635659557,0.181680995
2026-02-12 15:02:40,0.725270867,0.144245440,0.192022569
2026-02-12 15:02:50,-0.460742612,-0.381209044,0.355028572
2026-02-12 15:03:00,0.265272823,-0.224486952,0.521806763
2026-02-12 15:03:10,0.155545857,0.400689605,0.538887613
2026-02-12 15:03:20,0.162540649,-0.238480584,-0.040490289
2026-02-12 15:03:30,0.473836839,0.626638836,0.178747827
2026-02-12 15:03:40,0.392704502,0.328053103,0.045139117
2026-02-12 15:03:50,-0.112153327,-0.383877140,-0.273875591
2026-02-12 15:04:00,-0.411970249,-0.355233557,-0.082154287
2026-02-12 15:04:10,-0.500934469,0.717850508,0.028461010
2026-02-12 15:04:20,0.426372167,0.496568324,0.339798533
2026-02-12 15:04:30,0.306375541,-0.275336578,0.306921665
2026-02-12 15:04:40,0.165626642,0.016975737,0.219858139
2026-02-12 15:04:50,0.041921823,-0.608045292,-0.049817848
2026-02-12 15:05:00,0.194045134,-0.528661155,0.482211268
2026-02-12 15:05:10,0.127052917,-0.060293625,0.041052437
2026-02-12 15:05:20,0.279834024,-0.240828367,-0.602218563
2026-02-12 15:05:30,-0.170969474,-0.516704119,0.080309112
2026-02-12 15:05:40,0.253947652,-0.145262822,-0.602985251
2026-02-12 15:05:50,-0.022331905,-0.140875590,-0.816719691
2026-02-12 15:06:00,-0.077596988,0.265132951,0.025168814
2026-02-12 15:06:10,0.452760243,0.335771288,0.590467019
2026-02-12 15:06:20,-0.672529206,-0.440654644,0.247828854
2026-02-12 15:06:30,-0.452470927,-0.224008183,-0.335896867
2026-02-12 15:06:40,-0.005913154,-0.863452553,0.222903176
2026-02-12 15:06:50,0.907723740,0.233297967,-0.442936985
2026-02-12 15:07:00,-0.548149061,0.075536270,-0.292983021
2026-02-12 15:07:10,-0.033548668,-0.058306707,0.244179193
2026-02-12 15:07:20,0.492726458,-0.150973634,0.113637449
2026-02-12 15:07:30,0.284483624,0.012166784,-0.284660372
2026-02-12 15:07:40,0.312459312,0.098853693,-0.013084258
2026-02-12 15:07:50,-0.013345098,0.220047374,0.136972102
2026-02-12 15:08:00,-0.046126535,0.223002755,0.326770795
2026-02-12 15:08:10,0.495538530,0.614674574,0.820530141
2026-02-12 15:08:20,-0.127588416,0.214813459,-0.643376772
2026-02-12 15:08:30,-0.111123755,0.470761683,0.162070884
2026-02-12 15:08:40,-0.762955958,0.413233753,-0.074100094
2026-02-12 15:08:50,0.197451381,0.163515388,0.273022477
2026-02-12 15:09:00,-0.039146490,0.024506150,-0.552737636
2026-02-12 15:09:10,0.699646190,0.160494580,0.138597809
2026-02-12 15:09:20,-0.509319348,-0.550459652,0.061448650
2026-02-12 15:09:30,0.022099678,0.109218777,0.455226804
2026-02-12 15:09:40,0.018612734,-0.094885618,0.800141227
2026-02-12 15:09:50,0.257027516,0.364854399,-0.244127133
2026-02-12 15:10:00,-0.097586835,-0.429711047,-0.027704718
2026-02-12 15:10:10,0.161983814,-0.012903420,0.011884003
2026-02-12 15:10:20,-0.906467825,-0.480873232,0.463897763
2026-02-12 15:10:30,-0.346679714,0.672668203,0.110550456
2026-02-12 15:10:40,0.131387781,0.334817247,-0.176448591
2026-02-12 15:10:50,-0.661683067,-0.674381149,-0.309614827
2026-02-12 15:11:00,-0.166370711,-0.277732440,-0.260873599
2026-02-12 15:11:10,0.083555647,0.623419052,0.123588777
2026-02-12 15:11:20,0.255513393,0.250682192,0.368787911
2026-02-12 15:11:30,-0.091470744,0.229017297,-0.228344498
2026-02-12 15:11:40,-0.209253394,-0.341155735,-0.070467280
2026-02-12 15:11:50,-0.320900772,-0.617407411,-0.268660852
2026-02-12 15:12:00,-0.572175931,0.377371046,-0.245144161
2026-02-12 15:12:10,0.323383437,-0.158356544,-0.396359755
2026-02-12 15:12:20,0.874000209,-0.424808613,-0.529081367
2026-02-12 15:12:30,-0.159620287,-0.540619899,-0.200563004
2026-02-12 15:12:40,0.077233896,0.175527693,0.034748599
2026-02-12 15:12:50,0.655265661,-0.444733514,-0.032898211
2026-02-12 15:13:00,0.330855566,0.705523971,0.247506415
2026-02-12 15:13:10,-0.337708452,0.015657025,-0.482696248
2026-02-12 15:13:20,-0.271828543,0.256231529,-0.015150992
2026-02-12 15:13:30,0.249682022,-0.528001513,1.152448684
2026-02-12 15:13:40,-0.851690193,0.316967579,-0.455485591
2026-02-12 15:13:50,0.376283298,0.405402998,-0.365529902
2026-02-12 15:14:00,-0.107408579,-0.270420764,-0.633305580
2026-02-12 15:14:10,0.498488651,-0.080036492,-0.186122663
2026-02-12 15:14:20,-0.208738279,0.245741242,0.168780955
2026-02-12 15:14:30,-0.297222399,-0.199387465,-0.099976288
2026-02-12 15:14:40,-0.525892241,0.554303372,0.576113926
2026-02-12 15:14:50,-0.665207206,0.045902977,-0.584693832
2026-02-12 15:15:00,-0.239766319,0.383362163,-0.262532495
2026-02-12 15:15:10,0.454368648,0.043176553,-0.156272905
2026-02-12 15:15:20,-0.386495296,-0.151374383,-0.204985729
2026-02-12 15:15:30,-0.052339790,0.400222110,0.066359606
2026-02-12 15:15:40,0.143705189,-0.602474558,0.057455224
2026-02-12 15:15:50,-0.598675367,0.368497367,0.249935653
2026-02-12 15:16:00,-0.665611480,-0.453144786,-0.402924992
2026-02-12 15:16:10,-0.522474883,0.376999065,0.029478572
2026-02-12 15:16:20,0.197622846,-0.256663034,-0.036669912
2026-02-12 15:16:30,0.034172187,-0.424284447,0.186908552
2026-02-12 15:16:40,-0.503763573,0.254890049,-0.434408761
2026-02-12 15:16:50,0.562307456,-0.080115480,0.423112332
2026-02-12 15:17:00,-0.416913860,0.104341424,0.609022162
2026-02-12 15:17:10,0.020254281,-0.066243510,-0.085669447
2026-02-12 15:17:20,-0.564707535,-0.083341268,-0.622429043
2026-02-12 15:17:30,0.100823071,0.812701497,0.497185909
2026-02-12 15:17:40,-0.262838470,-0.029539232,-0.341568720
2026-02-12 15:17:50,0.299021986,0.353986224,-0.366921062
2026-02-12 15:18:00,0.357296910,0.495539596,-0.154600023
2026-02-12 15:18:10,0.367485189,0.167545410,0.138303441
2026-02-12 15:18:20,-0.189339135,-0.159412956,-0.011541244
2026-02-12 15:18:30,-0.507210655,0.052980622,0.169193085
2026-02-12 15:18:40,0.424191274,-0.049281524,-0.278128048
2026-02-12 15:18:50,0.418649050,0.644977681,-0.168322280
2026-02-12 15:19:00,-0.451317791,0.219480662,0.409861116
2026-02-12 15:19:10,0.087837525,0.218730903,0.189082618
2026-02-12 15:19:20,-0.123678550,-0.539826966,0.093102937
2026-02-12 15:19:30,-0.372229919,0.634350906,0.222656622
2026-02-12 15:19:40,0.434575714,-0.547407212,-0.316228074
2026-02-12 15:19:50,0.303698692,-0.314732330,-0.032836219
2026-02-12 15:20:00,0.085529277,0.402477098,0.281795003
2026-02-12 15:20:10,0.473848605,-0.616397288,-0.103444507
2026-02-12 15:20:20,-0.748626974,0.001354559,0.243716707
2026-02-12 15:20:30,-0.220496188,-0.732450078,-0.165310236
2026-02-12 15:20:40,0.612898472,0.532259636,-0.248863319
2026-02-12 15:20:50,-0.363676835,0.435520860,0.283730993
2026-02-12 15:21:00,0.426728867,-0.225231204,0.142221346
2026-02-12 15:21:10,0.252082103,-0.179417922,0.818402366
2026-02-12 15:21:20,0.513552015,0.216076714,0.294563435
2026-02-12 15:21:30,-0.100154599,-0.541974410,-0.384756989
2026-02-12 15:21:40,-0.712513703,0.015039849,-0.679963260
2026-02-12 15:21:50,-0.034036384,-0.250779729,0.206013291
2026-02-12 15:22:00,1.006987082,-0.373520623,0.208459453
2026-02-12 15:22:10,0.433627500,-0.632408449,-0.151445369
2026-02-12 15:22:20,-0.726415099,0.355326881,-0.136610866
2026-02-12 15:22:30,-0.739566368,-0.078159297,0.311904307
2026-02-12 15:22:40,-0.602662341,-0.364326473,-0.083969402
2026-02-12 15:22:50,-0.050662056,-0.054896241,0.136235192
2026-02-12 15:23:00,-0.244313893,0.195723899,0.010610564
2026-02-12 15:23:10,-0.107350903,0.137073325,-0.357492216
2026-02-12 15:23:20,-0.341214336,0.400500904,0.399626143
2026-02-12 15:23:30,-0.407350778,0.131438613,0.339676006
2026-02-12 15:23:40,-0.512812522,0.038006809,0.210635335
2026-02-12 15:23:50,0.414444645,0.943299968,-0.448628524
2026-02-12 15:24:00,-0.726720564,0.030177405,0.082951648
2026-02-12 15:24:10,0.635559936,-0.714343540,-0.136786366
2026-02-12 15:24:20,-0.286354962,-0.322601457,-0.704980271
2026-02-12 15:24:30,-0.049558290,0.442247921,0.338317358
2026-02-12 15:24:40,-0.069973882,0.475421340,0.079711155
2026-02-12 15:24:50,-0.099506515,-0.047945284,-0.199132132
2026-02-12 15:25:00,0.410903127,0.157421950,0.061859930
2026-02-12 15:25:10,0.164452825,0.262172147,0.972706903
2026-02-12 15:25:20,-0.369061772,0.597421743,-0.723275877
2026-02-12 15:25:30,0.436389883,-0.611312650,0.134223943
2026-02-12 15:25:40,0.862561267,-0.244359091,-0.321292032
2026-02-12 15:25:50,0.415984701,-0.209577145,-0.611678149
2026-02-12 15:26:00,0.047848394,-0.143806670,-0.101215626
2026-02-12 15:26:10,0.051038462,-0.095467527,0.256245877
2026-02-12 15:26:20,0.419693995,-0.065797460,0.070068385
2026-02-12 15:26:30,-0.309850870,0.567918935,-0.108288600
2026-02-12 15:26:40,0.937960206,-0.208890339,0.455242519
2026-02-12 15:26:50,0.565672602,0.314991847,0.673466393
2026-02-12 15:27:00,0.000015443,0.000004243,-0.000006269
2026-02-12 15:27:10,0.000012330,-0.000009373,0.000007589
2026-02-12 15:27:20,0.000012792,0.000004500,0.000004748
2026-02-12 15:27:30,0.000012150,-0.000004029,-0.000007472
2026-02-12 15:27:40,-0.000005592,0.000016993,-0.000005480
2026-02-12 15:27:50,0.000019537,0.000008765,0.000009646
2026-02-12 15:28:00,0.000001189,0.000011346,0.000008773
2026-02-12 15:28:10,0.000005699,0.000013040,-0.000005835
2026-02-12 15:28:20,-0.000008527,0.000001464,0.000003290
2026-02-12 15:28:30,-0.000000670,-0.000013680,-0.000004301
2026-02-12 15:28:40,-0.000012903,0.000003010,0.000014760
2026-02-12 15:28:50,0.000011816,0.000000743,-0.000014755
2026-02-12 15:29:00,0.000006320,-0.000000589,0.000000159
2026-02-12 15:29:10,0.000003000,-0.000006321,-0.000000343
2026-02-12 15:29:20,0.000003170,-0.000027193,-0.000001742
2026-02-12 15:29:30,0.000006208,-0.000000089,0.000003444
2026-02-12 15:29:40,-0.000009109,-0.000015897,-0.000013524
2026-02-12 15:29:50,-0.000003899,-0.000006004,-0.000005398
2026-02-12 15:30:00,-0.000013146,0.000019509,0.000000154
2026-02-12 15:30:10,0.000005470,0.000016637,0.000003060
2026-02-12 15:30:20,0.000003827,-0.000007509,0.000001523
2026-02-12 15:30:30,-0.000014626,-0.000003988,-0.000010273
2026-02-12 15:30:40,-0.000005041,0.000004426,0.000001869
2026-02-12 15:30:50,0.000011107,-0.000010019,0.000002509
2026-02-12 15:31:00,-0.000007838,-0.000016427,-0.000002083
2026-02-12 15:31:10,0.000005139,-0.000005071,-0.000016226
2026-02-12 15:31:20,-0.000017774,-0.000031961,0.000001069
2026-02-12 15:31:30,-0.000001884,0.000005044,-0.000004423
2026-02-12 15:31:40,-0.000018140,0.000015459,-0.000002724
2026-02-12 15:31:50,-0.000012939,-0.000031372,0.000006641
2026-02-12 15:32:00,0.000018509,-0.000013341,0.000005007
2026-02-12 15:32:10,-0.000000338,0.000003727,-0.000006315
2026-02-12 15:32:20,-0.000008190,-0.000011605,-0.000004295
2026-02-12 15:32:30,-0.000012325,0.000002092,0.000007027
2026-02-12 15:32:40,-0.000023046,0.000006032,0.000019515
2026-02-12 15:32:50,-0.000001016,-0.000005639,-0.000007759
2026-02-12 15:33:00,-0.000010005,0.000014254,0.000024651
2026-02-12 15:33:10,-0.000004664,0.000010537,-0.000015282
2026-02-12 15:33:20,-0.000001147,0.000005119,-0.000005740
2026-02-12 15:33:30,-0.000004241,0.000013902,-0.000001054
2026-02-12 15:33:40,0.000000038,0.000005502,-0.000008214
2026-02-12 15:33:50,0.000010162,-0.000007253,0.000006487
2026-02-12 15:34:00,0.000001894,-0.000015050,0.000010295
2026-02-12 15:34:10,-0.000011679,-0.000011358,-0.000000512
2026-02-12 15:34:20,0.000000555,0.000007523,0.000023883
2026-02-12 15:34:30,-0.000006040,-0.000006479,-0.000011294
2026-02-12 15:34:40,0.000003500,-0.000010300,-0.000003134
2026-02-12 15:34:50,-0.000004132,0.000000946,0.000009377
2026-02-12 15:35:00,0.000012906,0.000004062,0.000004259
2026-02-12 15:35:10,-0.000017021,-0.000001431,0.000006297
2026-02-12 15:35:20,-0.000018630,-0.000000957,0.000016564
2026-02-12 15:35:30,-0.000003861,0.000002022,-0.000003989
2026-02-12 15:35:40,-0.000003164,-0.000003250,0.000004353
2026-02-12 15:35:50,-0.000024904,0.000001790,-0.000003105
2026-02-12 15:36:00,0.000007541,-0.000005478,-0.000005166
2026-02-12 15:36:10,0.000002280,-0.000002590,-0.000006656
2026-02-12 15:36:20,0.000007755,-0.000002095,0.000003643
2026-02-12 15:36:30,-0.000004658,0.000009343,0.000007726
2026-02-12 15:36:40,-0.000002938,-0.000012523,0.000003570
2026-02-12 15:36:50,0.000010844,0.000000138,0.000008840
2026-02-12 15:37:00,-0.000018700,-0.000003597,0.000015392
2026-02-12 15:37:10,0.000023239,0.000006529,-0.000008896
2026-02-12 15:37:20,0.000002757,0.000011991,0.000005340
2026-02-12 15:37:30,-0.000003025,0.000013420,-0.000008091
2026-02-12 15:37:40,-0.000004126,0.000020431,0.000005361
2026-02-12 15:37:50,-0.000012015,0.000006638,0.000004181
2026-02-12 15:38:00,0.000003344,0.000007602,0.000020148
2026-02-12 15:38:10,0.000007251,-0.000010283,0.000011160
2026-02-12 15:38:20,0.000002502,0.000007591,-0.000009361
2026-02-12 15:38:30,0.000007612,-0.000002568,-0.000009334
2026-02-12 15:38:40,-0.000000762,-0.000006736,-0.000013324
2026-02-12 15:38:50,0.000003358,-0.000016911,0.000006265
2026-02-12 15:39:00,0.000013946,-0.000002319,-0.000007889
2026-02-12 15:39:10,-0.000001994,0.000008109,0.000009936
2026-02-12 15:39:20,0.000007195,0.000008297,0.000006270
2026-02-12 15:39:30,-0.000007833,0.000004341,0.000004809
2026-02-12 15:39:40,0.000018241,0.000001899,0.000007690
2026-02-12 15:39:50,-0.000008727,0.000006265,-0.000018053
2026-02-12 15:40:00,0.000008448,0.000001753,-0.000023876
2026-02-12 15:40:10,-0.000024802,-0.000008453,0.000008273
2026-02-12 15:40:20,-0.000022542,-0.000004884,-0.000001245
2026-02-12 15:40:30,-0.000007881,0.000009078,0.000006352
2026-02-12 15:40:40,0.000000675,-0.000002618,-0.000008833
2026-02-12 15:40:50,0.000009440,-0.000005804,0.000025808
2026-02-12 15:41:00,0.000002871,0.000008069,-0.000000083
2026-02-12 15:41:10,-0.000019231,-0.000009707,0.000010894
2026-02-12 15:41:20,0.000004371,-0.000001269,-0.000012082
2026-02-12 15:41:30,-0.000021769,-0.000003833,-0.000014138
2026-02-12 15:41:40,-0.000013016,0.000005808,-0.000003932
2026-02-12 15:41:50,-0.000014660,0.000021819,-0.000021318
2026-02-12 15:42:00,0.000001595,0.000002258,0.000006053
2026-02-12 15:42:10,0.000003170,-0.000016090,0.000005114
2026-02-12 15:42:20,0.000002438,-0.000002533,0.000003580
2026-02-12 15:42:30,0.000022775,-0.000000623,0.000004464
2026-02-12 15:42:40,0.000013812,0.000011145,-0.000008101
2026-02-12 15:42:50,-0.000002257,-0.000010970,-0.000002489
2026-02-12 15:43:00,-0.000006295,-0.000025666,-0.000002017
2026-02-12 15:43:10,-0.000002362,0.000019959,-0.000008176
2026-02-12 15:43:20,0.000003234,-0.000012730,0.000005203
2026-02-12 15:43:30,-0.000003443,0.000012563,-0.000000342
2026-02-12 15:43:40,0.000013229,-0.000002895,0.000004833
2026-02-12 15:43:50,0.000006495,0.000018898,0.000013495
2026-02-12 15:44:00,-0.000005952,0.000009924,-0.000009591
2026-02-12 15:44:10,-0.000009502,0.000002499,0.000010068
2026-02-12 15:44:20,-0.000007502,-0.000000311,-0.000000668
2026-02-12 15:44:30,0.000000263,-0.000000173,0.000005161
2026-02-12 15:44:40,0.000004574,-0.000001700,0.000015148
2026-02-12 15:44:50,-0.000006955,0.000008231,-0.000008197
2026-02-12 15:45:00,-0.000020583,0.000004372,0.000005879
2026-02-12 15:45:10,-0.000011830,-0.000003480,0.000007113
2026-02-12 15:45:20,0.000001051,-0.000022199,-0.000004024
2026-02-12 15:45:30,0.000009910,0.000009819,0.000005640
2026-02-12 15:45:40,-0.000019640,-0.000003013,0.000011783
2026-02-12 15:45:50,-0.000020675,0.000001712,-0.000011084
2026-02-12 15:46:00,0.000003413,0.000006681,0.000000224
2026-02-12 15:46:10,0.000009333,0.000012804,-0.000012155
2026-02-12 15:46:20,0.000014547,0.000000745,0.000008794
2026-02-12 15:46:30,0.000010090,0.000002570,0.000007468
2026-02-12 15:46:40,0.000004824,-0.000010741,-0.000020552
2026-02-12 15:46:50,-0.000002543,0.000006690,0.000009800
2026-02-12 15:47:00,-0.000004537,0.000005102,0.000007426
2026-02-12 15:47:10,0.000021082,-0.000001441,0.000001671
2026-02-12 15:47:20,-0.000012698,0.000003911,0.000004145
2026-02-12 15:47:30,0.000000126,0.000003936,-0.000010799
2026-02-12 15:47:40,-0.000014149,0.000014382,-0.000005552
2026-02-12 15:47:50,0.000009948,-0.000011118,0.000002928
2026-02-12 15:48:00,0.000007230,0.000007320,0.000001961
2026-02-12 15:48:10,0.000020158,-0.000003382,-0.000001445
2026-02-12 15:48:20,-0.000005036,-0.000012268,-0.000012662
2026-02-12 15:48:30,0.000006057,0.000012642,-0.000015096
2026-02-12 15:48:40,0.000003802,-0.000004559,0.000000615
2026-02-12 15:48:50,-0.000008099,-0.000006703,0.000005022
2026-02-12 15:49:00,-0.000001742,-0.000008686,-0.000003040
2026-02-12 15:49:10,-0.000015939,-0.000010372,0.000000899
2026-02-12 15:49:20,-0.000010196,-0.000002350,-0.000005600
2026-02-12 15:49:30,-0.000004606,0.000013747,0.000010315
2026-02-12 15:49:40,0.000007345,-0.000015754,-0.000006268
2026-02-12 15:49:50,0.000008695,0.000013306,-0.000014376
2026-02-12 15:50:00,-0.000007963,-0.000023569,-0.000008359
2026-02-12 15:50:10,0.000010044,-0.000003079,-0.000005596
2026-02-12 15:50:20,-0.000006847,-0.000015106,-0.000001042
2026-02-12 15:50:30,0.000018055,-0.000010494,-0.000006399
2026-02-12 15:50:40,-0.000001487,0.000002193,-0.000007901
2026-02-12 15:50:50,-0.000005691,-0.000024051,-0.000006975
2026-02-12 15:51:00,-0.000007471,0.000007835,-0.000009730
2026-02-12 15:51:10,-0.000002041,-0.000000291,-0.000002591
2026-02-12 15:51:20,0.000026432,-0.000001967,0.000009264
2026-02-12 15:51:30,-0.000003436,-0.000002170,-0.000015573
2026-02-12 15:51:40,0.000006294,-0.000003122,-0.000006577
2026-02-12 15:51:50,0.000006812,-0.000011199,-0.000017992
2026-02-12 15:52:00,0.000001309,-0.000006308,-0.000004477
2026-02-12 15:52:10,-0.000002336,-0.000008950,-0.000015800
2026-02-12 15:52:20,0.000009657,-0.000006522,0.000002448
2026-02-12 15:52:30,0.000023363,-0.000002186,-0.000013405
2026-02-12 15:52:40,0.000013473,0.000013223,0.000020386
2026-02-12 15:52:50,-0.000009825,-0.000017863,0.000009171
2026-02-12 15:53:00,-0.000001245,0.000011930,-0.000010811
2026-02-12 15:53:10,0.000008590,-0.000002726,0.000010788
2026-02-12 15:53:20,0.000003088,0.000003155,0.000001654
2026-02-12 15:53:30,-0.000022862,0.000013932,0.000011073
2026-02-12 15:53:40,-0.000012885,0.000001675,0.000002669
2026-02-12 15:53:50,0.000016964,0.000011305,-0.000015759
2026-02-12 15:54:00,-0.151603256,0.299466342,-0.460989331
2026-02-12 15:54:10,0.154592242,-0.159204235,0.280189939
2026-02-12 15:54:20,-0.125634463,0.288784807,0.384673495
2026-02-12 15:54:30,0.280086234,-0.429782546,0.859155353
2026-02-12 15:54:40,-0.530182369,0.633193248,-0.117891807
2026-02-12 15:54:50,-0.217198760,0.175782583,0.327117979
2026-02-12 15:55:00,0.274328862,0.313597216,0.409793357
2026-02-12 15:55:10,0.333509515,-0.033131236,-0.285419744
2026-02-12 15:55:20,-0.063809594,1.072428002,-0.093639007
2026-02-12 15:55:30,0.696098636,-0.311268872,-0.313670507
2026-02-12 15:55:40,-0.246110857,0.402923555,-1.073302058
2026-02-12 15:55:50,0.039669452,0.036787165,0.588797514
2026-02-12 15:56:00,-0.143875724,-0.359724379,0.283522057
2026-02-12 15:56:10,0.235253107,-0.072675781,0.744784665
2026-02-12 15:56:20,0.007165213,-0.341133916,0.218164212
2026-02-12 15:56:30,-0.127639990,0.093103326,0.349009453
2026-02-12 15:56:40,-0.491570367,-0.192542076,-0.384189911
2026-02-12 15:56:50,-0.832759170,-0.231853531,0.274416652
2026-02-12 15:57:00,0.294649813,0.076327031,-0.126373564
2026-02-12 15:57:10,-0.437857002,-0.237737695,-0.476793533
2026-02-12 15:57:20,0.098364578,1.285866423,-0.085553940
2026-02-12 15:57:30,0.635323345,0.220519156,-0.030429057
2026-02-12 15:57:40,0.464712808,0.525850593,0.270235691
2026-02-12 15:57:50,0.170791240,-0.534344688,-0.303613559
2026-02-12 15:58:00,-0.256465353,0.157224806,0.099689297
2026-02-12 15:58:10,0.135660023,0.169138208,0.221010503
2026-02-12 15:58:20,-0.136144886,-0.342701007,-0.586425286
2026-02-12 15:58:30,0.018013277,0.624254214,-0.048482824
2026-02-12 15:58:40,0.058967765,-0.408042772,-0.512360665
2026-02-12 15:58:50,-0.144644243,-0.045927367,0.099507197
2026-02-12 15:59:00,-0.148725815,-0.861731637,-0.418688995
2026-02-12 15:59:10,0.084194961,-0.049249463,0.306787181
2026-02-12 15:59:20,0.216675943,0.710336360,-0.265413835
2026-02-12 15:59:30,0.375624219,-0.251091358,-0.362566532
2026-02-12 15:59:40,0.189851912,0.258505332,-0.159516327
2026-02-12 15:59:50,-0.503794546,0.499091516,0.064823898
2026-02-12 16:00:00,0.691077011,0.120898877,0.700546555
2026-02-12 16:00:10,0.222651884,-0.133112238,-0.221563574
2026-02-12 16:00:20,0.038877370,0.184616294,-0.378857597
2026-02-12 16:00:30,0.269397361,0.439712001,0.588059202
2026-02-12 16:00:40,-0.173319948,0.250687017,-0.136944632
2026-02-12 16:00:50,-0.748535850,0.237158930,0.203815885
2026-02-12 16:01:00,0.921675967,-0.232805979,0.398581712
2026-02-12 16:01:10,0.761079064,-0.301194891,-0.284688676
2026-02-12 16:01:20,-0.065896008,-0.166592483,0.121143942
2026-02-12 16:01:30,-0.279200025,0.209864832,0.433825909
2026-02-12 16:01:40,0.295288291,0.186203044,-0.314996716
2026-02-12 16:01:50,0.418295857,-0.186944367,0.216449276
2026-02-12 16:02:00,-0.047581940,0.149097108,0.161916529
2026-02-12 16:02:10,0.055601435,-0.169471814,0.503383281
2026-02-12 16:02:20,-0.237598558,0.029936033,-0.512653955
2026-02-12 16:02:30,-0.133854911,0.390017082,0.876883791
2026-02-12 16:02:40,0.085617059,0.059007610,0.428819527
2026-02-12 16:02:50,0.348800135,0.082584929,-0.038738053
2026-02-12 16:03:00,-0.039544982,0.174510408,-0.645568630
2026-02-12 16:03:10,-0.450796762,-0.289948662,0.263860941
2026-02-12 16:03:20,-0.645181701,0.343669596,-0.507037193
2026-02-12 16:03:30,-0.241887679,-0.017578581,0.002381152
2026-02-12 16:03:40,-0.076408480,0.491913774,0.298646801
2026-02-12 16:03:50,0.028138210,0.384849411,1.045509410
2026-02-12 16:04:00,-0.312489948,-0.692951567,0.281964090
2026-02-12 16:04:10,0.355657180,0.734831811,0.183032536
2026-02-12 16:04:20,0.026987562,0.227399134,0.297885550
2026-02-12 16:04:30,-0.878163493,-0.360184972,0.263012578
2026-02-12 16:04:40,0.524306579,-0.047987310,-0.527870340
2026-02-12 16:04:50,0.144045337,-0.411188227,-0.690577715
2026-02-12 16:05:00,0.346930666,-0.042693371,-0.164425045
2026-02-12 16:05:10,-0.157529932,0.660094387,0.382451434
2026-02-12 16:05:20,-0.690213568,0.631634011,0.012782602
2026-02-12 16:05:30,0.493474097,0.345384560,0.111097503
2026-02-12 16:05:40,0.557194327,-0.144819573,-0.035931406
2026-02-12 16:05:50,0.036433167,0.124850494,-0.188429591
2026-02-12 16:06:00,-0.038173191,-0.581021191,-0.168849117
2026-02-12 16:06:10,0.210263333,0.005373130,-0.259980352
2026-02-12 16:06:20,0.710118420,0.569516665,1.013278111
2026-02-12 16:06:30,-0.532230411,-0.116448278,-0.563201551
2026-02-12 16:06:40,0.439856324,0.484526213,-0.038055778
2026-02-12 16:06:50,-0.276850151,0.021757971,-0.119750185
2026-02-12 16:07:00,0.509532599,-0.137094770,0.170197557
2026-02-12 16:07:10,0.415510155,-0.075061850,-0.043107064
2026-02-12 16:07:20,0.643507894,-0.323338413,-0.347379315
2026-02-12 16:07:30,-0.269834403,-0.015982026,0.270092741
2026-02-12 16:07:40,-0.746157908,0.093351035,0.309863856
2026-02-12 16:07:50,-0.115392981,0.916720847,-0.367076130
2026-02-12 16:08:00,-0.575677250,-0.118602778,-0.756566060
2026-02-12 16:08:10,-0.716070356,-0.630950937,-0.111905729
2026-02-12 16:08:20,-0.146644103,-0.524259851,0.652522034
2026-02-12 16:08:30,0.212885555,0.110358349,0.528923505
2026-02-12 16:08:40,0.106660205,0.221626284,0.844874151
2026-02-12 16:08:50,0.196594118,-0.087880575,-0.235871134
2026-02-12 16:09:00,0.135735854,-0.222738761,0.097716503
2026-02-12 16:09:10,-0.003005441,-0.000699391,0.339972577
2026-02-12 16:09:20,-0.274883600,-0.570338827,0.584181398
2026-02-12 16:09:30,0.343491005,0.460874607,0.525017982
2026-02-12 16:09:40,-0.499531643,-0.004441078,-0.108824205
2026-02-12 16:09:50,-0.447549964,-0.115045870,0.504836061
2026-02-12 16:10:00,-0.288819448,0.342666655,0.737718110
2026-02-12 16:10:10,0.768271684,0.352861960,0.594195365
2026-02-12 16:10:20,-0.232087569,0.271146287,-0.121955713
2026-02-12 16:10:30,0.431040130,-0.147503412,0.013950576
2026-02-12 16:10:40,0.661237033,0.222136502,-0.246643182
2026-02-12 16:10:50,0.032318138,0.405034859,-0.204022190
2026-02-12 16:11:00,0.482625020,-0.122125251,-0.114198773
2026-02-12 16:11:10,0.583113673,0.211847363,0.533607666
2026-02-12 16:11:20,0.011159778,0.123224918,1.074197524
2026-02-12 16:11:30,0.672501159,-0.261492296,-0.938363055
2026-02-12 16:11:40,-0.288278937,0.211058052,0.403614776
2026-02-12 16:11:50,-0.244001864,0.128046021,-0.059238305
2026-02-12 16:12:00,-0.596286993,0.410449573,-0.366314377
2026-02-12 16:12:10,0.289155085,0.356747489,0.346569772
2026-02-12 16:12:20,-0.311600720,-0.488027374,-0.394962172
2026-02-12 16:12:30,0.068438996,-0.070967149,0.120972701
2026-02-12 16:12:40,0.431418512,0.541643756,0.152558808
2026-02-12 16:12:50,-0.619401981,-0.172073441,-0.058145591
2026-02-12 16:13:00,0.175138716,0.348603172,-0.329450344
2026-02-12 16:13:10,0.183468099,0.302769917,0.016171113
2026-02-12 16:13:20,0.206464030,-0.147275374,0.281155225
2026-02-12 16:13:30,0.022587982,0.746197399,-0.802664443
2026-02-12 16:13:40,-0.479816413,-0.239756274,0.435762726
2026-02-12 16:13:50,0.104801305,0.041130658,-0.074384963
2026-02-12 16:14:00,-0.568395466,0.394291614,-0.460771662
2026-02-12 16:14:10,-0.141775925,0.119838685,0.319149476
2026-02-12 16:14:20,-0.424614658,-0.006442684,-0.415725336
2026-02-12 16:14:30,-0.153440726,0.753662492,-0.012573339
2026-02-12 16:14:40,-0.487101804,-0.105919745,0.623266490
2026-02-12 16:14:50,-0.276232842,-0.309197257,0.278768873
2026-02-12 16:15:00,-0.601220939,0.164224500,0.742464633
2026-02-12 16:15:10,-0.194192928,-0.411293049,0.090348624
2026-02-12 16:15:20,0.606542148,-0.171573161,0.497313286
2026-02-12 16:15:30,0.541829147,0.241030628,-0.135442443
2026-02-12 16:15:40,0.082897983,-0.244198654,0.026626793
2026-02-12 16:15:50,0.178629979,-0.705709778,0.331431513
2026-02-12 16:16:00,0.082443116,0.134541443,-0.098326292
2026-02-12 16:16:10,0.274618396,0.285264863,0.078305406
2026-02-12 16:16:20,-0.318690671,-0.022024654,-0.197242264
2026-02-12 16:16:30,-0.180317772,-0.419396080,-0.390955650
2026-02-12 16:16:40,0.219904366,-0.145183671,-0.508632606
2026-02-12 16:16:50,-0.010958079,-0.136928837,-0.730872209
2026-02-12 16:17:00,-0.153213103,-0.152965404,-0.408334406
2026-02-12 16:17:10,-0.011922788,-0.465074153,-0.039573639
2026-02-12 16:17:20,0.107296311,-0.011067663,0.227242919
2026-02-12 16:17:30,0.187217733,-0.297468010,0.042489644
2026-02-12 16:17:40,0.457832048,0.534649886,-0.148655928
2026-02-12 16:17:50,0.722548932,0.074272562,0.261069794
2026-02-12 16:18:00,0.199566849,-0.084641894,-0.384311494
2026-02-12 16:18:10,0.228405372,0.080696139,0.192230290
2026-02-12 16:18:20,-0.373565977,-0.441215179,-0.000849240
2026-02-12 16:18:30,0.151543017,1.014810317,0.023001806
2026-02-12 16:18:40,0.087012604,0.021428779,0.642362789
2026-02-12 16:18:50,0.372943898,-0.234595268,0.296589958
2026-02-12 16:19:00,0.435560201,0.720274889,-0.352103792
2026-02-12 16:19:10,-0.589014235,-0.528879486,-0.590206501
2026-02-12 16:19:20,0.125785011,-0.169374089,-0.049840150
2026-02-12 16:19:30,0.128239951,0.601511598,0.376799430
2026-02-12 16:19:40,0.368235378,0.099997520,0.351772128
2026-02-12 16:19:50,0.277112610,0.195882445,0.297445185
2026-02-12 16:20:00,-0.344334664,0.240265930,0.812141181
2026-02-12 16:20:10,-0.393387971,0.358758406,-0.026081110
2026-02-12 16:20:20,-0.226111246,0.878912711,0.219535386
2026-02-12 16:20:30,-0.079950643,-0.254661712,-0.164349872
2026-02-12 16:20:40,-0.175802907,0.235960139,0.098083814
2026-02-12 16:20:50,-0.161917146,-0.315427440,0.349639618
2026-02-12 16:21:00,0.777858099,-0.720060799,0.547103975
2026-02-12 16:21:10,-1.046473728,-0.718201994,0.089994963
2026-02-12 16:21:20,0.381484205,-0.059025386,0.292542187
2026-02-12 16:21:30,-0.137582469,-0.010964474,0.090164027
2026-02-12 16:21:40,-0.818623894,0.284895121,-0.251140956
2026-02-12 16:21:50,0.342652582,0.555065816,-0.426504986
2026-02-12 16:22:00,-0.171752957,-0.397352780,0.294257940
2026-02-12 16:22:10,0.039190397,0.147400030,-0.273393773
2026-02-12 16:22:20,0.135928263,-0.741968254,0.512634200
2026-02-12 16:22:30,-0.282119445,-0.375941462,-0.717013114
2026-02-12 16:22:40,0.558459869,0.521272753,0.113519678
2026-02-12 16:22:50,-0.410137719,-0.354018788,0.650111712
2026-02-12 16:23:00,0.379870086,0.525962205,0.075858836
2026-02-12 16:23:10,0.679703195,-0.204558144,0.205873652
2026-02-12 16:23:20,0.694495324,-0.154796059,0.034350076
2026-02-12 16:23:30,-0.581180581,0.332794678,-0.356321407
2026-02-12 16:23:40,-0.335776265,0.136260906,-0.092856723
2026-02-12 16:23:50,-0.035076137,0.297636131,0.667103602
2026-02-12 16:24:00,0.205021079,0.380382750,-0.037922535
2026-02-12 16:24:10,0.109459914,-0.374630823,0.107088266
2026-02-12 16:24:20,-0.206792596,0.440270054,0.199948865
2026-02-12 16:24:30,0.200361244,-0.065463256,-0.167156772
2026-02-12 16:24:40,-0.351090753,0.194431399,-0.091975849
2026-02-12 16:24:50,0.173710692,-0.311942669,-0.426380835
2026-02-12 16:25:00,-0.915219794,0.012858837,0.225281205
2026-02-12 16:25:10,-0.069494221,-0.558150006,-0.371306323
2026-02-12 16:25:20,-0.231570198,-0.617828763,-0.215516102
2026-02-12 16:25:30,-0.568169438,0.215305311,0.380027379
2026-02-12 16:25:40,0.040180127,0.126539450,-0.369721359
2026-02-12 16:25:50,0.003630630,0.007093589,0.045567734
2026-02-12 16:26:00,-0.211511422,-0.768431938,-0.495238054
2026-02-12 16:26:10,-0.187860924,0.354034352,0.687297290
2026-02-12 16:26:20,-0.035281033,-0.227329440,0.239186446
2026-02-12 16:26:30,0.079218191,0.060471440,-0.104870824
2026-02-12 16:26:40,-0.200263213,0.169947863,-0.572733340
2026-02-12 16:26:50,0.060222769,-0.139598647,-0.122075560
2026-02-12 16:27:00,-0.197757310,-0.221967813,0.114491116
2026-02-12 16:27:10,0.046351146,0.341823442,-0.310559229
2026-02-12 16:27:20,-0.895528163,-0.017510857,-0.735225803
2026-02-12 16:27:30,0.735782820,0.690568403,-0.161347336
2026-02-12 16:27:40,-0.017638925,0.374384676,-0.994128094
2026-02-12 16:27:50,0.347371023,0.030280365,0.326834021
2026-02-12 16:28:00,0.604095721,0.954727273,-0.673595286
2026-02-12 16:28:10,0.748166959,0.084921809,-0.595694539
2026-02-12 16:28:20,0.306988720,-0.368936938,-0.023352284
2026-02-12 16:28:30,-0.780439070,0.208238948,-0.349580766
2026-02-12 16:28:40,0.094684789,-0.473810501,0.465589664
2026-02-12 16:28:50,-0.292470241,-0.064941157,-0.291018844
2026-02-12 16:29:00,0.462310114,0.335454270,-0.681948182
2026-02-12 16:29:10,-0.518775023,0.531255378,0.365472121
2026-02-12 16:29:20,0.512638543,0.747716444,0.186217659
2026-02-12 16:29:30,0.401228948,0.654139636,0.595443443
2026-02-12 16:29:40,0.019624736,-0.638272324,0.536914063
2026-02-12 16:29:50,-0.122741690,-0.320585504,0.069714641
2026-02-12 16:30:00,-0.177431758,-0.443097390,0.557001319
2026-02-12 16:30:10,-0.244485697,-0.129792982,-0.031195933
2026-02-12 16:30:20,-0.119255415,0.467205114,0.213204021
2026-02-12 16:30:30,-0.393076269,-0.189732810,0.359227626
2026-02-12 16:30:40,-0.293854355,0.447167402,0.104241164
2026-02-12 16:30:50,0.347431172,0.636546956,-0.430084147
2026-02-12 16:31:00,-0.594461786,0.110418337,0.367082521
2026-02-12 16:31:10,0.680686459,0.026143174,0.305317913
2026-02-12 16:31:20,0.144274150,-0.024149383,-0.189471668
2026-02-12 16:31:30,0.277307387,0.442687158,0.052145635
2026-02-12 16:31:40,-0.272125015,-0.589743059,-0.403721372
2026-02-12 16:31:50,0.539352104,0.679495172,0.319176703
2026-02-12 16:32:00,-0.075856720,-0.469364093,0.390218394
2026-02-12 16:32:10,-0.351447486,-0.061340911,-0.573085790
2026-02-12 16:32:20,-0.090949252,-0.466544619,0.017417155
2026-02-12 16:32:30,-0.516566281,0.176907954,0.128168757
2026-02-12 16:32:40,0.637191182,1.018113712,-0.310558560
2026-02-12 16:32:50,0.326732343,-0.891217205,0.036746066
2026-02-12 16:33:00,0.131875522,0.040267077,0.558562840
2026-02-12 16:33:10,0.546215129,0.083740947,-0.015433699
2026-02-12 16:33:20,0.377775756,0.125556901,0.201773720
2026-02-12 16:33:30,-0.397062401,0.239725684,-0.160404129
2026-02-12 16:33:40,0.253773569,0.013540839,0.021347825
2026-02-12 16:33:50,0.358902982,0.347336442,-0.373161291
2026-02-12 16:34:00,-0.008816002,-0.230283303,0.090577437
2026-02-12 16:34:10,0.161750210,0.069472699,-0.073615143
2026-02-12 16:34:20,-0.540544394,-0.954244226,0.165987787
2026-02-12 16:34:30,0.364915488,-0.958959140,-0.846872005
2026-02-12 16:34:40,-0.286154769,0.163914124,-0.034057495
2026-02-12 16:34:50,-0.051355707,-0.647268735,0.034277032
2026-02-12 16:35:00,0.740102294,0.121939001,-0.632115987
2026-02-12 16:35:10,-0.973192914,0.147969469,-0.696482215
2026-02-12 16:35:20,-0.119614905,0.135626357,-0.476008979
2026-02-12 16:35:30,-0.002596122,-0.226799841,0.797477942
2026-02-12 16:35:40,0.220282064,0.569943897,-0.300787359
2026-02-12 16:35:50,-0.527786908,-0.160073339,-0.622417621
2026-02-12 16:36:00,0.466986469,-0.273548918,0.341317017
2026-02-12 16:36:10,-0.142727537,0.099236175,-0.272834118
2026-02-12 16:36:20,-0.261148391,0.401797401,-0.467993956
2026-02-12 16:36:30,-0.326510726,-0.299673614,0.450247719
2026-02-12 16:36:40,-0.313948784,-0.298030306,-0.146884805
2026-02-12 16:36:50,0.228475142,-0.323560765,0.067664858
2026-02-12 16:37:00,-0.351469524,-0.573817097,0.080609961
2026-02-12 16:37:10,0.288729035,-0.639596390,0.586202924
2026-02-12 16:37:20,0.150740842,-0.671300755,0.656783458
2026-02-12 16:37:30,-0.563001517,0.236222728,-0.374498977
2026-02-12 16:37:40,0.333969384,0.313458847,-0.116025727
2026-02-12 16:37:50,0.202952783,0.407478741,-0.167247411
2026-02-12 16:38:00,-0.358947381,-0.450639550,0.125964974
2026-02-12 16:38:10,-0.250718973,-0.837323732,-0.473711193
2026-02-12 16:38:20,0.311220854,0.157411579,0.524205449
2026-02-12 16:38:30,-0.282405494,-0.527551964,0.058493639
2026-02-12 16:38:40,-0.269529991,0.489649015,-0.188696528
2026-02-12 16:38:50,0.252530450,-0.745754747,-0.213545822
2026-02-12 16:39:00,0.080087923,-0.309524349,0.635320353
2026-02-12 16:39:10,-0.083329756,0.082853401,-0.314913128
2026-02-12 16:39:20,0.228010259,-0.690256956,-0.300312318
2026-02-12 16:39:30,0.690020979,0.359613017,0.941697011
2026-02-12 16:39:40,-0.307387073,0.842661448,-0.070187630
2026-02-12 16:39:50,0.013183282,-0.413703950,1.357285054
2026-02-12 16:40:00,0.717348553,0.241176903,-0.243491224
2026-02-12 16:40:10,0.363496252,0.508834835,0.564945497
2026-02-12 16:40:20,0.367860759,0.176059654,0.384483094
2026-02-12 16:40:30,-0.381061314,-0.290324804,0.599176407
2026-02-12 16:40:40,0.809390465,-0.332477519,-0.248812435
2026-02-12 16:40:50,0.510815076,-0.146718264,0.531492625
2026-02-12 16:41:00,0.379069925,0.266871873,-0.278944488
2026-02-12 16:41:10,-0.180882243,0.184407757,-0.649859065
2026-02-12 16:41:20,0.215598047,0.269946270,-0.232252661
2026-02-12 16:41:30,-0.239654970,-0.316228763,-0.325903345
2026-02-12 16:41:40,-0.570659400,-0.303501247,1.009509256
2026-02-12 16:41:50,-0.060571182,0.695220507,-0.123708337
2026-02-12 16:42:00,0.119009412,-0.446765173,0.307418442
2026-02-12 16:42:10,0.348468378,0.659127369,-0.782697902
2026-02-12 16:42:20,-0.140095949,-0.138630013,-0.511666805
2026-02-12 16:42:30,-0.016970332,-0.100795534,0.241503439
2026-02-12 16:42:40,-0.710644556,0.315972754,-0.584224503
2026-02-12 16:42:50,-0.173404192,0.501925547,-0.101503533
2026-02-12 16:43:00,-0.449026618,-0.019299163,0.154239231
2026-02-12 16:43:10,0.144022821,0.691219829,0.085731556
2026-02-12 16:43:20,0.415309739,-0.310566440,-0.128127095
2026-02-12 16:43:30,-0.203913896,-0.632943906,0.506263318
2026-02-12 16:43:40,-0.475535009,0.569229260,0.273462974
2026-02-12 16:43:50,0.124205604,0.058180230,-0.241617750
2026-02-12 16:44:00,0.117900070,0.251655737,0.444254923
2026-02-12 16:44:10,0.353067841,0.495116180,-0.212667277
2026-02-12 16:44:20,0.285620383,-0.501476739,-0.171169881
2026-02-12 16:44:30,-0.324082911,0.765090270,-0.293710516
2026-02-12 16:44:40,0.031043514,-0.765014140,0.339956351
2026-02-12 16:44:50,-0.439899327,0.704354714,0.311358881
2026-02-12 16:45:00,0.092607722,-0.487788125,0.817979570
2026-02-12 16:45:10,0.470039451,-0.267044198,0.095307956
2026-02-12 16:45:20,0.532920843,-0.081789205,-0.531186011
2026-02-12 16:45:30,0.570122087,0.218102039,0.867012026
2026-02-12 16:45:40,0.758715680,0.336217722,0.308429458
2026-02-12 16:45:50,0.605646404,0.067361804,0.136524131
2026-02-12 16:46:00,0.563642268,0.546935508,-0.457681717
2026-02-12 16:46:10,0.519931432,-0.409112490,-0.105010934
2026-02-12 16:46:20,-0.911770316,0.123500707,-0.156445045
2026-02-12 16:46:30,-0.388342966,-0.061300124,0.343727397
2026-02-12 16:46:40,0.133298357,-0.839872775,0.382642458
2026-02-12 16:46:50,-0.173394210,0.540615683,0.100016933
2026-02-12 16:47:00,1.098624244,-0.022968621,0.397855819
2026-02-12 16:47:10,0.180225516,0.277272400,-0.387743485
2026-02-12 16:47:20,-0.264522473,0.712472513,-0.158346632
2026-02-12 16:47:30,-0.961731899,-0.144917620,1.161023745
2026-02-12 16:47:40,0.431782475,-0.400668293,0.375742397
2026-02-12 16:47:50,-0.045387921,-0.924366231,0.692132433
2026-02-12 16:48:00,-0.440201782,-0.243776727,-0.360213773
2026-02-12 16:48:10,0.094992521,0.416268496,0.644268114
2026-02-12 16:48:20,-0.168124461,0.716506756,0.478026982
2026-02-12 16:48:30,0.002123689,-0.155333591,0.392905777
2026-02-12 16:48:40,0.058272756,0.025223031,-1.368746474
2026-02-12 16:48:50,0.244656396,0.336942690,-0.311709737
2026-02-12 16:49:00,-0.404502847,-0.432398271,-0.522197467
2026-02-12 16:49:10,0.248014702,0.128040471,0.285558534
2026-02-12 16:49:20,0.327981275,1.258653882,-0.171205494
2026-02-12 16:49:30,-0.520608749,-0.318958179,0.671742847
2026-02-12 16:49:40,0.025039938,0.013732245,-0.278274855
2026-02-12 16:49:50,-0.559547218,0.202842184,0.151715295
2026-02-12 16:50:00,-0.042019605,0.023830552,-0.376621999
2026-02-12 16:50:10,-0.128025071,-0.020072770,-0.398198756
2026-02-12 16:50:20,0.440330488,0.154339726,0.179589435
2026-02-12 16:50:30,-0.285673618,0.129522643,-0.003723024
2026-02-12 16:50:40,-0.388050517,-0.434447614,-0.481729710
2026-02-12 16:50:50,0.040024437,-0.245319000,-0.092728631
2026-02-12 16:51:00,0.206441384,-0.217869971,-0.022103421
2026-02-12 16:51:10,-0.253520006,0.433106274,0.087299330
2026-02-12 16:51:20,0.101563768,-0.085086970,-0.194074718
2026-02-12 16:51:30,-0.253612210,0.550149901,0.582727992
2026-02-12 16:51:40,0.408590899,0.087710471,0.101934569
2026-02-12 16:51:50,-0.181225897,-0.008498030,0.764920855
2026-02-12 16:52:00,-0.693308328,0.423474226,0.261146918
2026-02-12 16:52:10,-0.409632688,0.896548105,0.001878996
2026-02-12 16:52:20,0.311898931,0.214400603,0.606525484
2026-02-12 16:52:30,-0.125189764,-0.366432694,-0.120547044
2026-02-12 16:52:40,-0.525589422,0.227790840,-0.142296421
2026-02-12 16:52:50,0.190739112,-0.406119353,-0.064747614
2026-02-12 16:53:00,-0.207628933,0.477217828,-0.350918698
2026-02-12 16:53:10,-0.308513689,0.148612443,0.684710596
2026-02-12 16:53:20,-0.394662296,0.084143767,-0.206899972
2026-02-12 16:53:30,-0.654556132,-0.588211389,0.081829584
2026-02-12 16:53:40,-0.426193662,0.171456996,0.450879176
2026-02-12 16:53:50,-0.653108462,0.037063999,1.041115115
2026-02-12 16:54:00,0.027526805,-0.425247592,-0.425978794
2026-02-12 16:54:10,0.765828655,-0.463843554,0.707971807
2026-02-12 16:54:20,-0.124855698,0.266930001,0.410783803
2026-02-12 16:54:30,0.357256014,0.742605166,0.262626040
2026-02-12 16:54:40,0.655384603,-0.629531623,0.054009748
2026-02-12 16:54:50,0.077248195,-0.182502781,0.244057149
2026-02-12 16:55:00,-0.044678372,0.054892204,0.226945026
2026-02-12 16:55:10,0.420847504,0.065829912,-0.452663029
2026-02-12 16:55:20,-0.074640319,-0.479381435,0.356283311
2026-02-12 16:55:30,-0.174541429,-0.165495051,-0.371327646
2026-02-12 16:55:40,-0.370599777,0.140504607,-0.677368110
2026-02-12 16:55:50,-0.160292485,-0.397436732,0.387381859
2026-02-12 16:56:00,0.425185050,0.536629785,0.786986002
2026-02-12 16:56:10,0.359898352,-0.074358838,0.243296096
2026-02-12 16:56:20,0.242586678,0.042021072,-0.500541773
2026-02-12 16:56:30,0.228350186,0.431100664,0.064203249
2026-02-12 16:56:40,-0.129083962,-1.133064364,0.559927301
2026-02-12 16:56:50,-0.323906371,0.218387428,-0.038191616
2026-02-12 16:57:00,0.220918536,0.278787058,-0.345608041
2026-02-12 16:57:10,0.355544304,0.382510984,-0.355342717
2026-02-12 16:57:20,0.184958968,0.006412319,0.044370850
2026-02-12 16:57:30,-0.232350887,0.374851674,-0.050217582
2026-02-12 16:57:40,0.749370342,-0.098220585,0.289269155
2026-02-12 16:57:50,-0.000639089,0.421784658,-0.268693127
2026-02-12 16:58:00,0.305092134,0.305013765,0.112076965
2026-02-12 16:58:10,0.291784932,0.150188673,-0.070313391
2026-02-12 16:58:20,0.067152731,-0.116011767,0.161714610
2026-02-12 16:58:30,0.338441736,-0.543891693,-0.247755528
2026-02-12 16:58:40,0.011678622,-0.041031168,-0.066733899
2026-02-12 16:58:50,0.029828010,-0.078049409,0.530545424
2026-02-12 16:59:00,0.515115535,0.176522064,0.066594853
2026-02-12 16:59:10,-0.056451720,-0.784954020,0.264540457
2026-02-12 16:59:20,-0.071636162,-0.452929550,0.243834448
2026-02-12 16:59:30,0.283282555,-0.045842400,0.635062298
2026-02-12 16:59:40,0.136257859,0.690823402,0.573186321
2026-02-12 16:59:50,-0.500827859,-0.680938811,-0.388795179
2026-02-12 17:00:00,-0.456314353,0.226690191,-0.056128289
2026-02-12 17:00:10,0.330531946,0.541367192,0.273535622
2026-02-12 17:00:20,-0.013406743,-0.037703308,-0.375103813
2026-02-12 17:00:30,-0.103261103,-0.043969562,-0.157374059
2026-02-12 17:00:40,0.591888167,0.437864375,0.063010939
2026-02-12 17:00:50,0.150788723,0.023182155,-0.245972969
2026-02-12 17:01:00,-0.350228215,0.571922517,-0.068779802
2026-02-12 17:01:10,0.219924823,0.471160348,-0.368917502
2026-02-12 17:01:20,-0.488280639,-0.475945143,-0.690985578
2026-02-12 17:01:30,-0.008794266,-0.245378099,0.055830856
2026-02-12 17:01:40,0.453706267,0.418823487,-0.117487297
2026-02-12 17:01:50,-0.189345900,0.368376364,0.046075576
2026-02-12 17:02:00,0.542953270,-0.765238246,-0.065688163
2026-02-12 17:02:10,-0.095689712,0.420995734,0.378188271
2026-02-12 17:02:20,0.029037590,-0.063238038,-0.359603468
2026-02-12 17:02:30,0.459153351,-0.439018067,0.472005523
2026-02-12 17:02:40,-0.193278403,-0.045225348,-0.497666737
2026-02-12 17:02:50,-0.432646946,-0.000798271,-0.064205336
2026-02-12 17:03:00,0.399223312,-0.333539530,0.185236363
2026-02-12 17:03:10,-0.192064060,0.231435427,-0.198915130
2026-02-12 17:03:20,-0.297023011,0.411031569,-0.958722917
2026-02-12 17:03:30,0.206430803,-0.391478518,0.666941569
2026-02-12 17:03:40,-0.330391928,-0.077019252,0.279652510
2026-02-12 17:03:50,0.229491759,0.011959305,-0.212324871
2026-02-12 17:04:00,-0.258149566,-0.106626357,-0.219788717
2026-02-12 17:04:10,-0.255988000,0.369835604,0.208131773
2026-02-12 17:04:20,0.425708483,0.141603781,0.212045803
2026-02-12 17:04:30,-0.597950282,-0.452392603,0.067642463
2026-02-12 17:04:40,-0.189686692,0.507352559,-0.071243430
2026-02-12 17:04:50,0.503312883,-0.007385929,-0.658727234
2026-02-12 17:05:00,-0.105984298,-0.134158856,0.081556502
2026-02-12 17:05:10,-0.354373941,-0.042907814,0.225905949
2026-02-12 17:05:20,-0.515200388,-0.326561712,0.195548481
2026-02-12 17:05:30,0.204144619,-0.613651692,-0.315806479
2026-02-12 17:05:40,0.360368292,0.009514240,0.094511970
2026-02-12 17:05:50,0.644319329,0.332741721,-0.330108231
2026-02-12 17:06:00,-0.143196184,-0.294045504,0.577852394
2026-02-12 17:06:10,-0.251562422,0.236835469,0.116508145
2026-02-12 17:06:20,0.543980720,0.519647050,0.088602993
2026-02-12 17:06:30,0.555679843,0.080702501,-0.452299421
2026-02-12 17:06:40,-0.200658759,-0.069753711,-0.023912922
2026-02-12 17:06:50,-0.728449346,0.074059398,-0.026080243
2026-02-12 17:07:00,0.819572986,0.147194226,-0.395630921
2026-02-12 17:07:10,-0.019147795,-0.417990364,-0.584677845
2026-02-12 17:07:20,-0.039418610,0.711610222,0.264295363
2026-02-12 17:07:30,0.003117199,-0.235606253,-0.777150496
2026-02-12 17:07:40,-0.760183909,0.471949270,-0.120326842
2026-02-12 17:07:50,-0.162302528,-0.183514739,-0.232969064
2026-02-12 17:08:00,0.530687168,-0.067994824,-0.567492242
2026-02-12 17:08:10,-0.428529019,-0.553155061,-0.008727535
2026-02-12 17:08:20,-0.837407150,-0.237367296,-0.279500607
2026-02-12 17:08:30,0.772750682,-0.288452015,-0.140513593
2026-02-12 17:08:40,-0.126750457,0.119787727,-0.328750867
2026-02-12 17:08:50,-0.116228403,-0.576230296,0.665674955
2026-02-12 17:09:00,0.024706811,-0.339193646,-0.327542798
2026-02-12 17:09:10,0.416825392,-0.510010466,-0.146744460
2026-02-12 17:09:20,-0.171794862,-0.548508689,0.269132967
2026-02-12 17:09:30,0.662294413,-0.072101375,0.053204027
2026-02-12 17:09:40,0.365615658,0.719452720,-0.217478350
2026-02-12 17:09:50,-0.201270825,-1.109066748,0.197006844
2026-02-12 17:10:00,-0.572632966,0.392334336,-0.450551158
2026-02-12 17:10:10,0.159417894,0.749798709,-0.046296455
2026-02-12 17:10:20,0.327643482,-0.630353848,0.028373509
2026-02-12 17:10:30,-0.170767297,-0.460955744,0.289433198
2026-02-12 17:10:40,0.321487700,0.245001696,-0.514488335
2026-02-12 17:10:50,0.318388023,0.268903177,-0.185316072
2026-02-12 17:11:00,0.047281931,0.647001032,-0.423107842
2026-02-12 17:11:10,0.226818895,-0.419051523,0.841257366
2026-02-12 17:11:20,-0.195903085,0.010743516,0.293766223
2026-02-12 17:11:30,0.033441137,-0.578208519,0.491257475
2026-02-12 17:11:40,-0.007121104,-0.579589937,0.242463003
2026-02-12 17:11:50,0.089516483,0.119085053,0.200185250
2026-02-12 17:12:00,0.522468798,0.158092578,0.397658405
2026-02-12 17:12:10,-0.576649484,0.752949009,0.039250958
2026-02-12 17:12:20,-0.387041088,-0.307523364,-0.320848104
2026-02-12 17:12:30,-0.523241224,-0.175557589,-0.226609052
2026-02-12 17:12:40,0.482684510,-0.006882648,0.245448287
2026-02-12 17:12:50,-0.202824897,0.408711182,-0.039381754
2026-02-12 17:13:00,-0.172258642,0.645457900,0.102171211
2026-02-12 17:13:10,0.055608178,-0.526031994,0.575879417
2026-02-12 17:13:20,0.262967122,1.021955898,0.600698962
2026-02-12 17:13:30,0.394771538,0.155420239,0.177692326
2026-02-12 17:13:40,-0.417609969,-0.372442311,0.183723849
2026-02-12 17:13:50,0.185774746,0.116471882,0.335067082
2026-02-12 17:14:00,-0.359531353,0.619544689,-0.199204595
2026-02-12 17:14:10,0.265927639,1.288065392,0.452433193
2026-02-12 17:14:20,0.691429629,-0.365106157,0.416964947
2026-02-12 17:14:30,0.142738787,0.964313487,-0.533739891
2026-02-12 17:14:40,-0.242208317,-0.187532740,-0.657850355
2026-02-12 17:14:50,-0.184983537,-0.773396837,-0.110558093
2026-02-12 17:15:00,-0.172957221,0.314414011,-0.382784712
2026-02-12 17:15:10,-0.473453893,0.253817570,-0.155115777
2026-02-12 17:15:20,0.418465626,0.334231260,0.346118723
2026-02-12 17:15:30,-0.493693755,-0.681499884,0.456298736
2026-02-12 17:15:40,0.642125436,-0.335565005,-0.106759922
2026-02-12 17:15:50,-0.018709095,-0.345625066,0.255320328
2026-02-12 17:16:00,0.994803769,-0.246411684,0.035729240
2026-02-12 17:16:10,0.469156239,0.025605323,-0.156608648
2026-02-12 17:16:20,0.083930908,-0.124651181,-0.164811437
2026-02-12 17:16:30,-0.348523842,-0.560683875,0.831296324
2026-02-12 17:16:40,0.543459282,0.365669683,0.077878475
2026-02-12 17:16:50,-0.668397719,-0.325054665,0.005491534
2026-02-12 17:17:00,-0.316998267,-0.661743219,0.371608535
2026-02-12 17:17:10,0.247214233,0.066483023,0.057115784
2026-02-12 17:17:20,0.372205497,-0.046341290,-0.796613947
2026-02-12 17:17:30,-0.208895265,-0.886629679,-0.026564454
2026-02-12 17:17:40,0.794803243,-0.393747073,-0.142499915
2026-02-12 17:17:50,-0.549150324,-0.269583352,-1.131781446
2026-02-12 17:18:00,-0.335219737,0.110590170,0.012421485
2026-02-12 17:18:10,-0.147930583,0.575619169,-0.158474847
2026-02-12 17:18:20,-0.033262741,-0.340162491,0.000542318
2026-02-12 17:18:30,-0.213674624,0.491884924,0.434596494
2026-02-12 17:18:40,-0.351570779,0.221324107,-0.056768181
2026-02-12 17:18:50,-0.024538754,0.296304527,-0.548086650
2026-02-12 17:19:00,0.174191364,-0.054630647,-0.945257320
2026-02-12 17:19:10,-0.301480061,-0.164617534,0.190774905
2026-02-12 17:19:20,0.056466397,0.164859486,-0.782895855
2026-02-12 17:19:30,-0.514053231,-0.941429433,-0.146311922
2026-02-12 17:19:40,0.147002163,-0.112962311,0.070079185
2026-02-12 17:19:50,-0.080582822,-0.684121623,-0.217230029
2026-02-12 17:20:00,-0.276624385,-0.307821656,-0.001104507
2026-02-12 17:20:10,0.247704211,0.440959916,0.573050826
2026-02-12 17:20:20,0.231090827,0.637759162,-0.373398207
2026-02-12 17:20:30,0.126960203,-0.269891866,-0.393270103
2026-02-12 17:20:40,0.388943814,-0.800528723,0.450469511
2026-02-12 17:20:50,-0.092417221,-0.363189531,0.105333876
2026-02-12 17:21:00,0.400503695,-0.123784139,0.113641851
2026-02-12 17:21:10,-0.191115382,0.158722640,0.175563282
2026-02-12 17:21:20,0.064962884,-0.449605581,-0.272560024
2026-02-12 17:21:30,-0.320808490,0.222134659,0.169510943
2026-02-12 17:21:40,0.015822113,0.007054958,0.709407725
2026-02-12 17:21:50,-0.289675512,0.002553850,0.146315070
2026-02-12 17:22:00,0.447206050,-0.574325075,-0.765554212
2026-02-12 17:22:10,0.050264743,0.054385973,0.361288198
2026-02-12 17:22:20,0.263952009,0.099943903,0.296680635
2026-02-12 17:22:30,0.756442619,-0.192797692,-0.287380468
2026-02-12 17:22:40,0.874573425,0.051542881,0.351088262
2026-02-12 17:22:50,-0.088380840,0.049363368,-0.317877737
2026-02-12 17:23:00,-0.678716678,-0.474051321,-0.155463948
2026-02-12 17:23:10,0.247527912,0.179568725,-0.451127132
2026-02-12 17:23:20,0.364378236,0.645466638,0.004452443
2026-02-12 17:23:30,0.931949365,0.174346812,0.311818852
2026-02-12 17:23:40,0.877275132,0.166251716,0.341785633
2026-02-12 17:23:50,-0.182888929,-0.402056364,0.853951520
2026-02-12 17:24:00,-0.356041158,-0.109306972,0.337919615
2026-02-12 17:24:10,0.213180880,-0.030150789,-0.032625710
2026-02-12 17:24:20,-0.323568780,0.115074902,-0.023705661
2026-02-12 17:24:30,0.377667980,-0.308133117,-0.078804142
2026-02-12 17:24:40,0.044063538,-0.053763196,-0.317804029
2026-02-12 17:24:50,-0.429152985,-0.287285025,-0.088949152
2026-02-12 17:25:00,-0.264425092,0.048915733,-0.210838384
2026-02-12 17:25:10,0.146716496,0.047144769,0.119340250
2026-02-12 17:25:20,-0.242052065,0.238559893,-0.035013157
2026-02-12 17:25:30,0.292263843,0.532539722,0.503456086
2026-02-12 17:25:40,-0.082011540,-0.196130940,-0.155462800
2026-02-12 17:25:50,-0.439884063,-0.419752209,0.237907550
2026-02-12 17:26:00,-0.302677378,0.074206287,0.123755332
2026-02-12 17:26:10,-0.341663990,-0.189761834,-0.040850127
2026-02-12 17:26:20,0.220656489,0.899232692,-0.740239536
2026-02-12 17:26:30,-0.002473526,-0.176159781,-0.258556297
2026-02-12 17:26:40,0.082068546,-0.559824361,-0.070298447
2026-02-12 17:26:50,-0.448615862,-0.441972819,0.180169919
2026-02-12 17:27:00,-0.236170293,-0.089151332,-0.559531314
2026-02-12 17:27:10,-0.408767086,0.296253136,0.413474475
2026-02-12 17:27:20,0.670913507,-0.022897109,0.487204403
2026-02-12 17:27:30,-0.312394696,0.138107974,0.433232397
2026-02-12 17:27:40,-0.190667327,-0.286381331,0.432055072
2026-02-12 17:27:50,0.347524196,-0.203916291,0.122041006
2026-02-12 17:28:00,0.027823038,-0.125865778,-0.007709974
2026-02-12 17:28:10,0.209765965,0.175503293,-0.324263907
2026-02-12 17:28:20,-0.142697813,-0.815536080,-0.440459036
2026-02-12 17:28:30,-0.211419172,0.384650297,0.594088267
2026-02-12 17:28:40,0.134198924,-0.171400532,0.003453319
2026-02-12 17:28:50,-0.242508605,0.210579544,-0.681074689
2026-02-12 17:29:00,0.111868642,-0.176519375,-0.025681255
2026-02-12 17:29:10,0.345039874,0.021032126,-0.100143241
2026-02-12 17:29:20,0.175140298,-0.273398757,-0.455603039
2026-02-12 17:29:30,-0.752415617,-0.422681405,0.570471014
2026-02-12 17:29:40,-0.194570016,-0.741672860,0.019337719
2026-02-12 17:29:50,-0.185162254,0.100552542,-0.378287376
2026-02-12 17:30:00,0.269595186,0.265015494,-0.121325762
2026-02-12 17:30:10,-0.594843091,0.287762922,-0.479302944
2026-02-12 17:30:20,0.507805693,-0.157657394,-0.363722574
2026-02-12 17:30:30,0.105051104,-0.767165527,-0.436171214
2026-02-12 17:30:40,0.507927798,0.013389756,-0.388855670
2026-02-12 17:30:50,0.864498606,0.240145305,-0.167467303
2026-02-12 17:31:00,-0.505069712,-0.070736936,0.389654023
2026-02-12 17:31:10,0.033395400,-0.011379766,0.632946852
2026-02-12 17:31:20,-0.550257040,0.265128006,0.858749572
2026-02-12 17:31:30,0.114606028,-0.249201792,-0.321812081
2026-02-12 17:31:40,-0.317505712,-0.209337994,-0.456440261
2026-02-12 17:31:50,0.827441634,0.519968188,0.104277749
2026-02-12 17:32:00,0.050841436,0.469698980,0.010752956
2026-02-12 17:32:10,0.076555682,0.488855123,0.145199071
2026-02-12 17:32:20,0.116784873,1.127027984,-0.337357297
2026-02-12 17:32:30,-0.095066267,0.351423972,0.113467314
2026-02-12 17:32:40,-0.423512753,0.250690904,0.126143292
2026-02-12 17:32:50,-0.449307284,0.049014994,0.588603673
2026-02-12 17:33:00,-0.038630589,0.056759346,-0.287623785
2026-02-12 17:33:10,0.034918910,-0.115881952,0.425179832
2026-02-12 17:33:20,0.430785102,-0.517790939,0.140922737
2026-02-12 17:33:30,0.322159027,0.227542010,-0.146413793
2026-02-12 17:33:40,0.279362436,0.588574735,0.620750439
2026-02-12 17:33:50,-0.038282394,-0.463585077,0.332576029
2026-02-12 17:34:00,0.083345991,0.254736360,-0.213282210
2026-02-12 17:34:10,-0.781319183,0.188018536,0.493822228
2026-02-12 17:34:20,-0.518164623,-0.470352282,-0.110138359
2026-02-12 17:34:30,-0.087500761,0.362976233,0.142710568
2026-02-12 17:34:40,0.162313337,0.269421959,-0.535566329
2026-02-12 17:34:50,-0.468659230,-0.514087589,0.492033344
2026-02-12 17:35:00,0.534908170,0.271098882,-0.385471112
2026-02-12 17:35:10,0.275297558,0.511739864,0.239403195
2026-02-12 17:35:20,0.106186290,0.242563781,0.033412078
2026-02-12 17:35:30,-0.324071331,0.016943435,-0.514174940
2026-02-12 17:35:40,-0.286272251,-0.070647660,-0.533172609
2026-02-12 17:35:50,0.317425950,0.502903370,0.611513279
2026-02-12 17:36:00,-0.112831593,-0.063931693,0.031872077
2026-02-12 17:36:10,0.528551339,0.328762810,0.553143179
2026-02-12 17:36:20,-0.120788071,-0.566492228,-0.003574410
2026-02-12 17:36:30,0.085693030,-0.097839454,-0.598084900
2026-02-12 17:36:40,-0.187861291,0.656662006,0.252780087
2026-02-12 17:36:50,-0.273079936,-0.089553356,0.162744336
2026-02-12 17:37:00,0.146568912,0.471448227,-0.151386603
2026-02-12 17:37:10,-0.029493152,0.280458913,0.284388970
2026-02-12 17:37:20,-0.476553557,-0.023750307,0.066930618
2026-02-12 17:37:30,0.088890124,-0.347311952,-0.276753684
2026-02-12 17:37:40,0.073022283,-0.251709876,0.489428907
2026-02-12 17:37:50,0.587685414,0.559941219,-0.417033915
2026-02-12 17:38:00,0.361367412,-0.068555445,-0.177584991
2026-02-12 17:38:10,0.315556660,0.290230200,-0.295487467
2026-02-12 17:38:20,0.664801243,-0.010582653,0.334513256
2026-02-12 17:38:30,-0.230550428,0.480381525,0.508730040
2026-02-12 17:38:40,-0.086119567,0.407395997,0.034306373
2026-02-12 17:38:50,-0.628081523,-0.250270823,0.456795117
2026-02-12 17:39:00,-0.089984067,-0.357899298,0.025693277
2026-02-12 17:39:10,-0.444171051,0.701277054,-0.752652888
2026-02-12 17:39:20,0.603481763,-0.237120553,0.339270640
2026-02-12 17:39:30,0.759414113,0.005362331,0.060728868
2026-02-12 17:39:40,0.320339250,0.408460483,0.106843465
2026-02-12 17:39:50,-0.045641568,0.044675510,0.037853807
2026-02-12 17:40:00,0.223448674,0.159935889,0.336762692
2026-02-12 17:40:10,0.130487992,0.159281973,0.331671591
2026-02-12 17:40:20,-1.058178448,0.245123668,0.759298263
2026-02-12 17:40:30,-0.463735090,0.018476347,0.049694089
2026-02-12 17:40:40,0.027774343,0.165287624,0.423830627
2026-02-12 17:40:50,-0.028017630,-0.054961742,-0.688963115
2026-02-12 17:41:00,0.920309019,-0.320360162,0.505014150
2026-02-12 17:41:10,-0.553254945,-0.079480840,0.073239480
2026-02-12 17:41:20,0.102941237,-0.122193689,-0.645218778
2026-02-12 17:41:30,0.228812708,0.384675984,0.308414924
2026-02-12 17:41:40,0.470226924,-0.176740784,0.372560788
2026-02-12 17:41:50,-0.664227666,0.814605926,-0.215204791
2026-02-12 17:42:00,-0.370458820,0.311958307,0.355156863
2026-02-12 17:42:10,-0.654179470,-0.033593451,-0.253912890
2026-02-12 17:42:20,-0.378064558,0.174340346,-0.705494057
2026-02-12 17:42:30,0.328371962,-0.586820798,0.205650069
2026-02-12 17:42:40,0.579787315,-0.048405129,-0.007789027
2026-02-12 17:42:50,-0.029117369,-0.658269138,0.157219373
2026-02-12 17:43:00,0.417807693,0.164984708,0.514723583
2026-02-12 17:43:10,0.410275958,-0.300756071,-0.046211354
2026-02-12 17:43:20,-0.712594370,0.894445638,0.481443187
2026-02-12 17:43:30,0.202138524,-0.486127698,0.063513861
2026-02-12 17:43:40,-0.500969778,-0.699216105,-0.344633693
2026-02-12 17:43:50,0.382984285,-0.564035882,-0.050018990
2026-02-12 17:44:00,-0.007220177,0.287027566,-0.147324619
2026-02-12 17:44:10,0.578603021,1.037220146,0.437259066
2026-02-12 17:44:20,0.008290227,-0.194279588,-0.969856189
2026-02-12 17:44:30,-0.186792969,0.394009366,-0.236305410
2026-02-12 17:44:40,0.117201627,0.253330894,-0.090862363
2026-02-12 17:44:50,-0.365403184,0.082672981,0.001485171
2026-02-12 17:45:00,0.669038637,0.067410904,-0.638963472
2026-02-12 17:45:10,-0.884515388,-0.419668730,0.226490666
2026-02-12 17:45:20,-0.325325797,0.340333070,-0.008832012
2026-02-12 17:45:30,-0.034007425,-0.646867320,-0.106585344
2026-02-12 17:45:40,0.043243403,-0.283271332,0.279125246
2026-02-12 17:45:50,-0.420304375,-0.176671872,-0.550043861
2026-02-12 17:46:00,-0.366502700,-0.379597656,0.149232837
2026-02-12 17:46:10,0.616755946,-0.437343630,0.363198709
2026-02-12 17:46:20,0.637983237,0.512301432,-0.091055808
2026-02-12 17:46:30,0.047984776,-0.217007942,-0.384881081
2026-02-12 17:46:40,0.096569552,-0.126741469,0.280493229
2026-02-12 17:46:50,-0.778576114,-0.100160657,0.828194907
2026-02-12 17:47:00,-0.228751378,0.244474252,0.064724838
2026-02-12 17:47:10,0.974951220,-0.742766338,-0.000591213
2026-02-12 17:47:20,-0.158704434,0.320052537,0.605932351
2026-02-12 17:47:30,-0.681496990,0.146736547,-0.409391303
2026-02-12 17:47:40,0.211138662,-0.304101012,-0.161389942
2026-02-12 17:47:50,0.885993855,-0.606269400,0.153388237
2026-02-12 17:48:00,0.221282396,0.669169542,-0.154880404
2026-02-12 17:48:10,0.075314480,0.667091877,-0.268658957
2026-02-12 17:48:20,0.147594353,-0.256203929,0.591428846
2026-02-12 17:48:30,-0.436873697,-0.110846720,-0.216220347
2026-02-12 17:48:40,-0.246444036,-0.689858647,-0.001534272
2026-02-12 17:48:50,-0.186627614,0.142903360,-0.246868506
2026-02-12 17:49:00,0.138619731,0.342579696,-0.536246379
2026-02-12 17:49:10,0.143841191,0.079278489,-0.212980398
2026-02-12 17:49:20,-0.149161749,0.084932482,0.005830185
2026-02-12 17:49:30,-0.294732478,-0.159332423,0.706508432
2026-02-12 17:49:40,-0.631553479,0.451946929,-0.706612831
2026-02-12 17:49:50,0.391815867,0.501622959,-0.220973311
2026-02-12 17:50:00,-0.396255858,0.268417811,-0.234837317
2026-02-12 17:50:10,0.133994060,-0.075123641,-0.126599348
2026-02-12 17:50:20,-0.070335468,-0.161470962,0.660355845
2026-02-12 17:50:30,-0.093602194,0.473818235,0.448209300
2026-02-12 17:50:40,-0.186464101,-0.221133479,-0.094637705
2026-02-12 17:50:50,-0.246714837,-0.060121978,-0.455330615
2026-02-12 17:51:00,0.770252489,0.118454023,-0.293791414
2026-02-12 17:51:10,-0.811938760,-0.681176728,-0.070771658
2026-02-12 17:51:20,-0.313553768,-0.118010908,0.471710566
2026-02-12 17:51:30,0.466526331,-0.327870703,-0.128086932
2026-02-12 17:51:40,-0.125927634,0.143481404,0.091856871
2026-02-12 17:51:50,0.078862270,-0.070214978,0.391534767
2026-02-12 17:52:00,0.881533693,0.990405109,-0.201897986
2026-02-12 17:52:10,-0.552444060,0.637243037,-0.399608913
2026-02-12 17:52:20,0.321046782,0.105342566,-1.003339786
2026-02-12 17:52:30,-0.017344657,0.156235634,0.079768665
2026-02-12 17:52:40,0.366191145,0.115972151,0.599986281
2026-02-12 17:52:50,-0.577618554,0.017072641,-0.037596308
2026-02-12 17:53:00,-0.845485029,0.125609739,-0.513245687
2026-02-12 17:53:10,0.787764396,-0.144344680,0.327279406
2026-02-12 17:53:20,-0.038232223,-0.324791799,0.244213914
2026-02-12 17:53:30,0.099136760,0.526582613,-0.263104918
2026-02-12 17:53:40,-0.048405771,0.159556730,0.116462734
2026-02-12 17:53:50,0.383139293,0.230314688,-0.496192522
2026-02-12 17:54:00,0.489686940,0.033064180,-0.558304700
2026-02-12 17:54:10,-0.202802786,0.197863181,-0.390793408
2026-02-12 17:54:20,0.216165370,0.114763296,0.191162889
2026-02-12 17:54:30,-1.116636252,-0.313767502,-0.176144566
2026-02-12 17:54:40,0.499943274,-0.690404605,-0.187471616
2026-02-12 17:54:50,-0.247613148,0.366505180,0.316864839
2026-02-12 17:55:00,0.022240448,-0.470525738,0.089634272
2026-02-12 17:55:10,0.407963441,-0.453493838,-0.650252189
2026-02-12 17:55:20,0.084895097,-0.332370877,-0.188400840
2026-02-12 17:55:30,-0.490392760,0.121873387,0.311357049
2026-02-12 17:55:40,0.043335796,0.108066145,0.181078434
2026-02-12 17:55:50,0.709767550,-0.482223310,-0.395364181
2026-02-12 17:56:00,-0.378025942,-0.706015338,0.303440941
2026-02-12 17:56:10,-0.052966160,-0.039703897,0.543108172
2026-02-12 17:56:20,-0.200635747,-0.070070986,0.120849480
2026-02-12 17:56:30,0.159444272,0.252827616,0.022710340
2026-02-12 17:56:40,0.005820428,0.013149285,-0.288700709
2026-02-12 17:56:50,0.496843431,0.308031764,0.389349816
2026-02-12 17:57:00,-0.721045397,0.052095161,-0.127217690
2026-02-12 17:57:10,0.207907311,0.456910703,0.550665330
2026-02-12 17:57:20,-0.160604022,-0.814023751,-0.426194180
2026-02-12 17:57:30,0.206486798,-0.166758028,-0.232702631
2026-02-12 17:57:40,0.151753806,0.010441064,-0.190677765
2026-02-12 17:57:50,0.473878723,-0.640279521,-0.047015195
2026-02-12 17:58:00,0.320378059,0.372472492,0.395247356
2026-02-12 17:58:10,0.267703992,0.033590493,-0.417260854
2026-02-12 17:58:20,0.281716830,-0.133077955,0.030099052
2026-02-12 17:58:30,0.188416891,0.494699059,-0.272742825
2026-02-12 17:58:40,-0.403733461,-0.566603945,0.185687841
2026-02-12 17:58:50,-0.181830708,-0.213834611,-0.529214959
2026-02-12 17:59:00,0.640723682,0.414446309,0.132324842
2026-02-12 17:59:10,0.083072675,-0.358674180,-0.543891122
2026-02-12 17:59:20,0.010400553,0.208559532,-0.622580983
2026-02-12 17:59:30,0.829794059,0.322353183,-0.010151591
2026-02-12 17:59:40,0.517941232,0.724754418,0.079301805
2026-02-12 17:59:50,0.605379063,-0.582016150,0.528804166
2026-02-12 18:00:00,0.190347949,0.015974579,0.163437466
2026-02-12 18:00:10,-0.506996725,-0.083905883,-0.688589980
2026-02-12 18:00:20,-0.325742097,0.040704346,0.057849345
2026-02-12 18:00:30,0.678088988,0.264764188,0.561111403
2026-02-12 18:00:40,-0.016706008,-0.158439370,0.093002184
2026-02-12 18:00:50,0.091998187,-0.528733064,-0.438882091
2026-02-12 18:01:00,0.266274364,-0.135124536,-0.441366542
2026-02-12 18:01:10,0.243472986,-0.139419767,-0.095532890
2026-02-12 18:01:20,-0.412852652,0.487524971,-0.307133884
2026-02-12 18:01:30,0.655955035,0.662282346,-0.010032439
2026-02-12 18:01:40,-0.244994134,0.592099378,0.136512446
2026-02-12 18:01:50,-0.196902263,-0.193304820,0.016951194
2026-02-12 18:02:00,0.328275014,-0.035987235,-0.900133695
2026-02-12 18:02:10,-0.110931874,-0.293798981,-0.043179087
2026-02-12 18:02:20,-0.160682906,-0.135099678,0.003400507
2026-02-12 18:02:30,-0.035997712,0.849816656,0.098266242
2026-02-12 18:02:40,0.446550238,0.906088626,-0.150062941
2026-02-12 18:02:50,-0.295724382,-0.237797841,0.082748412
2026-02-12 18:03:00,0.516845222,-0.266872494,-0.572909778
2026-02-12 18:03:10,0.019351740,-0.017639969,-0.202468923
2026-02-12 18:03:20,-1.020286281,0.322477955,-0.159241184
2026-02-12 18:03:30,0.269968610,-0.116846320,0.554541930
2026-02-12 18:03:40,0.260291834,-0.403964612,0.310476872
2026-02-12 18:03:50,0.069737012,0.917044648,0.394398410
2026-02-12 18:04:00,-0.724659854,-0.046311722,-0.313008547
2026-02-12 18:04:10,0.047904260,0.007895551,0.577523687
2026-02-12 18:04:20,0.427084201,0.204981732,-0.624444848
2026-02-12 18:04:30,0.194050713,-0.467375950,-0.251352799
2026-02-12 18:04:40,-0.178551038,0.230568090,-0.072714959
2026-02-12 18:04:50,-0.083651801,0.510499905,-0.316526739
2026-02-12 18:05:00,-0.263194312,-0.043475561,-0.031460064
2026-02-12 18:05:10,-0.755159173,-0.107522777,-0.154369352
2026-02-12 18:05:20,-0.257764018,-0.002812526,0.759997571
2026-02-12 18:05:30,-0.041572523,0.463722568,0.047063946
2026-02-12 18:05:40,-0.385333535,0.197593310,0.564978778
2026-02-12 18:05:50,0.671939024,0.204839174,0.158466184
2026-02-12 18:06:00,-0.023354916,-0.640973057,-0.378934448
2026-02-12 18:06:10,0.577682125,-0.411226543,-0.242829481
2026-02-12 18:06:20,0.033231302,-0.067078917,-0.795354925
2026-02-12 18:06:30,-0.274851774,-0.305324030,-0.320156314
2026-02-12 18:06:40,0.798969121,-0.315912449,0.095038245
2026-02-12 18:06:50,0.127946466,0.032662700,-0.222444827
2026-02-12 18:07:00,-0.334283758,-0.217845413,-0.137544466
2026-02-12 18:07:10,0.478495668,0.177538529,0.241195906
2026-02-12 18:07:20,0.387720746,-0.697453267,-0.140036884
2026-02-12 18:07:30,-0.059185486,-0.489673136,0.396912044
2026-02-12 18:07:40,-0.790192039,-0.045140775,-0.016927951
2026-02-12 18:07:50,-0.202681788,0.426945676,-0.626064283
2026-02-12 18:08:00,0.044608096,-0.311801539,-0.291431525
2026-02-12 18:08:10,0.077628497,0.290705913,0.529672961
2026-02-12 18:08:20,-0.866607245,-0.042726441,-0.422503559
2026-02-12 18:08:30,-0.163764847,-0.088917885,0.067288409
2026-02-12 18:08:40,0.393798747,0.585123050,1.022649489
2026-02-12 18:08:50,-0.511559729,-0.569839933,-0.023087404
2026-02-12 18:09:00,-0.009927045,-0.497068191,0.447305509
2026-02-12 18:09:10,0.274294122,-1.129397518,0.387250358
2026-02-12 18:09:20,0.169390059,-0.656662809,-0.308830615
2026-02-12 18:09:30,-0.361247687,-0.348398974,0.629151447
2026-02-12 18:09:40,-0.514571387,0.752894496,-0.269853872
2026-02-12 18:09:50,-0.321317900,0.438496137,-0.038146150
2026-02-12 18:10:00,-0.254313834,-0.131031046,-0.173254143
2026-02-12 18:10:10,0.173339984,-0.619685084,0.106280942
2026-02-12 18:10:20,-0.208603765,-0.788230376,-0.219750688
2026-02-12 18:10:30,0.108241453,-0.112502519,-0.148555004
2026-02-12 18:10:40,-0.305347897,-0.135310241,0.563392193
2026-02-12 18:10:50,-0.399662074,-0.205220524,0.357140760
2026-02-12 18:11:00,0.093079069,-0.075883887,-0.141946112
2026-02-12 18:11:10,-0.134930312,0.189665186,-0.005180476
2026-02-12 18:11:20,-0.372490812,-0.213898406,-0.472993875
2026-02-12 18:11:30,0.218582738,-0.247899232,0.956342049
2026-02-12 18:11:40,0.086936799,-0.148943154,0.057833710
2026-02-12 18:11:50,0.120232807,-0.978464343,-0.284679970
2026-02-12 18:12:00,-0.201358777,-0.433482000,0.160591083
2026-02-12 18:12:10,0.315725385,0.112420285,-0.054442723
2026-02-12 18:12:20,-0.199346564,0.171332903,-0.182171845
2026-02-12 18:12:30,0.045787021,-0.460885117,-0.536016509
2026-02-12 18:12:40,0.310905810,0.301423065,-0.232216888
2026-02-12 18:12:50,0.287191941,0.424292675,-0.048073109
2026-02-12 18:13:00,-0.128200141,0.211783408,0.114221268
2026-02-12 18:13:10,-0.842284462,-0.379583836,0.060491430
2026-02-12 18:13:20,0.675587230,-0.762383882,0.086520238
2026-02-12 18:13:30,-0.338285737,0.275231418,-0.401599260
2026-02-12 18:13:40,-0.073882787,0.170764314,0.058096453
2026-02-12 18:13:50,-0.332894825,-0.185685934,-0.240972877
2026-02-12 18:14:00,-0.162952310,-0.131001423,-0.262975399
2026-02-12 18:14:10,-0.658624114,0.733491901,-0.131253079
2026-02-12 18:14:20,-0.002248595,-0.515310431,-0.020388000
2026-02-12 18:14:30,0.557498944,0.759435774,-0.072171310
2026-02-12 18:14:40,-0.333223233,0.123916342,-0.318950010
2026-02-12 18:14:50,-0.440144709,-0.569795668,-0.275305655
2026-02-12 18:15:00,0.085946005,-1.008286068,0.557776268
2026-02-12 18:15:10,0.154917719,-0.425250011,-0.584796691
2026-02-12 18:15:20,0.434965223,0.068807723,0.233678529
2026-02-12 18:15:30,-0.531033658,0.254910372,0.295190451
2026-02-12 18:15:40,-0.677670490,-0.381234096,0.073856388
2026-02-12 18:15:50,0.110697591,-0.283259040,-0.419367611
2026-02-12 18:16:00,0.073194514,-0.740975010,0.308903096
2026-02-12 18:16:10,0.570181631,0.138529577,0.138383145
2026-02-12 18:16:20,0.257777430,0.595059443,0.050704744
2026-02-12 18:16:30,0.463020870,0.404924874,-0.816073940
2026-02-12 18:16:40,-0.410664633,-0.218469592,0.150199156
2026-02-12 18:16:50,-0.079130375,-0.540602005,0.303997166
2026-02-12 18:17:00,-0.090439663,-0.485711041,1.032094540
2026-02-12 18:17:10,-0.390536543,0.201498694,0.057828293
2026-02-12 18:17:20,0.222484028,-0.705245686,0.604702483
2026-02-12 18:17:30,0.022888080,0.052884448,-0.652915054
2026-02-12 18:17:40,0.013777544,-0.280902251,0.606854775
2026-02-12 18:17:50,-0.143603153,0.454293754,0.133638562
2026-02-12 18:18:00,0.297200590,0.309338630,-0.068011106
2026-02-12 18:18:10,0.030084555,-0.078840255,0.176209704
2026-02-12 18:18:20,0.101708208,0.447813017,-0.141621111
2026-02-12 18:18:30,-1.018284586,-0.090986944,-0.143321185
2026-02-12 18:18:40,0.207278611,0.271575614,0.266108984
2026-02-12 18:18:50,-0.280788620,0.745269502,0.411855719
2026-02-12 18:19:00,-0.470994324,-0.030881329,0.508387958
2026-02-12 18:19:10,-0.211492843,-0.274937361,0.075684690
2026-02-12 18:19:20,-0.510289378,-0.394755363,-0.054836308
2026-02-12 18:19:30,-0.193234575,0.453699980,0.022003879
2026-02-12 18:19:40,-0.003460464,0.144856810,0.016306444
2026-02-12 18:19:50,0.514447397,-0.162110279,0.113309325
2026-02-12 18:20:00,-0.108087222,0.426790248,0.730695445
2026-02-12 18:20:10,0.094040125,-0.246194402,-0.441897880
2026-02-12 18:20:20,-0.220992332,0.189065977,-0.108215797
2026-02-12 18:20:30,0.371157887,0.374146265,0.414962259
2026-02-12 18:20:40,0.265202303,-0.140201604,-0.114124023
2026-02-12 18:20:50,-0.121732211,-0.464289998,-0.004889491
2026-02-12 18:21:00,-0.709105659,-0.476025518,0.219802972
2026-02-12 18:21:10,-0.025431008,0.409512355,0.457248396
2026-02-12 18:21:20,0.048324044,-0.428499088,-0.009258394
2026-02-12 18:21:30,0.298107797,0.215965404,-0.138366633
2026-02-12 18:21:40,-0.242129671,-0.265884558,0.516554144
2026-02-12 18:21:50,-0.095824335,1.009356667,0.008680848
2026-02-12 18:22:00,0.259599329,0.655942389,0.255201359
2026-02-12 18:22:10,0.531217859,-0.155330843,0.540723270
2026-02-12 18:22:20,0.424877101,-0.005174663,0.109349989
2026-02-12 18:22:30,-0.244496188,0.063312573,0.641870810
2026-02-12 18:22:40,0.295060922,-0.312517314,-0.091840786
2026-02-12 18:22:50,-0.185284829,0.833419092,-0.192181233
2026-02-12 18:23:00,-0.226532478,-0.478816671,-0.442859000
2026-02-12 18:23:10,-0.185641469,-0.092876027,0.197979241
2026-02-12 18:23:20,0.490800404,-0.101172519,0.281476785
2026-02-12 18:23:30,-0.317371839,-0.630583477,-0.047909110
2026-02-12 18:23:40,-0.197372107,0.429521342,0.889774952
2026-02-12 18:23:50,-0.122628973,-0.197418272,0.134858877
2026-02-12 18:24:00,-0.728560264,-1.013653953,-0.173020324
2026-02-12 18:24:10,0.186314639,0.344198091,0.219025617
2026-02-12 18:24:20,0.584334472,-0.129901232,-0.073462733
2026-02-12 18:24:30,-0.368033383,-0.768107932,0.228032818
2026-02-12 18:24:40,0.149243466,0.220489827,-0.213289262
2026-02-12 18:24:50,0.716040792,-0.274161285,-0.032939559
2026-02-12 18:25:00,-0.788419825,-0.108012747,-0.137399142
2026-02-12 18:25:10,0.445945622,-0.252643718,-0.107742060
2026-02-12 18:25:20,-0.203966460,-0.312667291,-0.031473840
2026-02-12 18:25:30,0.437366523,-0.297611497,-0.426610019
2026-02-12 18:25:40,0.139433727,-0.022853197,-0.384299204
2026-02-12 18:25:50,0.374243973,0.019880579,-0.229469089
2026-02-12 18:26:00,0.150438102,0.543744401,0.223700944
2026-02-12 18:26:10,-0.018978303,-0.528742620,-0.293474541
2026-02-12 18:26:20,-0.236881009,0.776562776,0.114621469
2026-02-12 18:26:30,0.379052896,-0.004678086,-0.471457826
2026-02-12 18:26:40,0.166491599,-0.217033768,0.561810128
2026-02-12 18:26:50,0.282503243,0.030754534,-0.250891509
2026-02-12 18:27:00,-0.366930135,0.608035201,0.258637507
2026-02-12 18:27:10,-0.658260501,-0.129485057,0.569977193
2026-02-12 18:27:20,0.065003884,-0.021737067,0.453853129
2026-02-12 18:27:30,0.262392499,-0.538382187,0.152636354
2026-02-12 18:27:40,-0.206413825,0.186181686,0.234988252
2026-02-12 18:27:50,0.208505780,0.080183774,0.215734903
2026-02-12 18:28:00,0.444518777,0.487158904,-0.358932534
2026-02-12 18:28:10,-0.109209817,0.040505088,-0.451997006
2026-02-12 18:28:20,0.284548034,-0.250867584,-0.290333748
2026-02-12 18:28:30,-0.713101176,0.376813057,-0.689312593
2026-02-12 18:28:40,0.339718803,0.397704137,-0.464194417
2026-02-12 18:28:50,0.262836501,0.311634917,-0.462379991
2026-02-12 18:29:00,0.550940060,0.526675361,0.897306325
2026-02-12 18:29:10,0.036551083,0.047246429,-0.718697740
2026-02-12 18:29:20,-0.575706028,-0.118520955,-0.004462514
2026-02-12 18:29:30,0.387578672,-0.959266538,0.456060565
2026-02-12 18:29:40,-0.267343933,-0.354790218,-0.424766798
2026-02-12 18:29:50,-0.470285592,-0.159910973,0.003368942
2026-02-12 18:30:00,0.032792536,-0.659156332,-0.065834300
2026-02-12 18:30:10,-0.196144544,-0.208537549,-0.503057978
2026-02-12 18:30:20,0.291801989,0.421583242,0.564255780
2026-02-12 18:30:30,-0.330436702,0.219659576,0.000324783
2026-02-12 18:30:40,0.180564271,-0.456195243,0.505727904
2026-02-12 18:30:50,-0.700689265,0.087022089,-0.480068713
2026-02-12 18:31:00,0.303826920,-0.537751616,-0.082424558
2026-02-12 18:31:10,-0.436869707,0.222536427,-0.053445395
2026-02-12 18:31:20,-0.776035198,0.609581865,-0.059837114
2026-02-12 18:31:30,-0.500808920,-1.149997813,0.433582461
2026-02-12 18:31:40,-0.154663000,-0.386480345,-0.704742508
2026-02-12 18:31:50,-0.366182409,0.511816546,0.306744115
2026-02-12 18:32:00,0.304596994,-0.716374200,-0.337413055
2026-02-12 18:32:10,-0.041173580,-0.194761415,-0.022260944
2026-02-12 18:32:20,-0.292998606,0.532239962,-0.467083831
2026-02-12 18:32:30,0.127750408,-0.273485568,0.236479524
2026-02-12 18:32:40,-0.057473780,0.056917707,0.351404864
2026-02-12 18:32:50,-0.069159187,0.371212843,0.028411876
2026-02-12 18:33:00,0.586258776,0.616256071,-0.026950630
2026-02-12 18:33:10,0.482343348,-0.442221055,-0.594315287
2026-02-12 18:33:20,0.834480104,-0.134844307,0.108127905
2026-02-12 18:33:30,0.075623196,0.593215980,0.122209611
2026-02-12 18:33:40,0.618507255,-0.559010317,0.092076217
2026-02-12 18:33:50,0.083703770,0.042532003,0.049317085
2026-02-12 18:34:00,0.325421190,-0.000552015,-0.124960774
2026-02-12 18:34:10,-0.055770879,-0.289924148,0.753390089
2026-02-12 18:34:20,-0.126656218,0.368328033,-0.710804088
2026-02-12 18:34:30,0.017586889,-0.331091700,-0.291980966
2026-02-12 18:34:40,-0.139456336,-0.258445289,-0.274734373
2026-02-12 18:34:50,-0.053124275,-0.625984705,-0.197725078
2026-02-12 18:35:00,0.427667093,-0.093110452,-0.346505910
2026-02-12 18:35:10,-0.339863389,-0.737012594,0.886266669
2026-02-12 18:35:20,0.302481136,0.350835220,-0.016561738
2026-02-12 18:35:30,0.242197183,-0.019750384,-0.207535156
2026-02-12 18:35:40,0.177556544,-0.946001723,0.412530300
2026-02-12 18:35:50,0.562722845,-0.214833750,0.281999353
2026-02-12 18:36:00,0.237050161,-0.544523511,-0.181387635
2026-02-12 18:36:10,-0.356634970,0.146033214,0.325835834
2026-02-12 18:36:20,-0.167673195,-0.393994011,0.062499133
2026-02-12 18:36:30,0.452406042,0.519682278,0.095731263
2026-02-12 18:36:40,0.664818624,-0.134470374,0.156857492
2026-02-12 18:36:50,0.480604877,-0.150459581,-0.626232249
2026-02-12 18:37:00,0.209369899,0.227206708,-0.290236973
2026-02-12 18:37:10,-0.577014063,0.538674128,0.134697991
2026-02-12 18:37:20,-0.110302756,0.511504190,0.609960272
2026-02-12 18:37:30,0.286441910,-0.313186494,0.023356242
2026-02-12 18:37:40,0.405802774,-0.498107549,0.136998767
2026-02-12 18:37:50,-0.190018066,0.392662791,0.038335402
2026-02-12 18:38:00,-0.471092923,0.426065915,-0.616498613
2026-02-12 18:38:10,-0.284761299,-0.445811998,-0.256924534
2026-02-12 18:38:20,-0.085165137,0.341516128,0.195653685
2026-02-12 18:38:30,-0.494514277,0.353658271,0.081722350
2026-02-12 18:38:40,0.065948514,0.025179905,0.653851859
2026-02-12 18:38:50,0.521433584,1.074290277,0.260756684
2026-02-12 18:39:00,0.528141213,-0.380483665,-0.400453090
2026-02-12 18:39:10,-0.269387547,-0.198269521,0.273485490
2026-02-12 18:39:20,-1.031291864,0.214112455,0.182344424
2026-02-12 18:39:30,0.237429139,0.249740327,0.236027515
2026-02-12 18:39:40,0.010850740,0.267450205,-0.049703102
2026-02-12 18:39:50,-0.545818420,-0.068114234,-0.289228727
2026-02-12 18:40:00,0.018542304,-0.360622137,0.189418213
2026-02-12 18:40:10,0.020647852,-0.286755832,-0.211470190
2026-02-12 18:40:20,-0.278004894,0.696569076,0.273560231
2026-02-12 18:40:30,0.080841063,-0.647831934,-0.397718121
2026-02-12 18:40:40,0.289051891,0.702180598,0.097982482
2026-02-12 18:40:50,-0.099325466,-0.602975558,0.431018840
2026-02-12 18:41:00,0.044923544,0.003828395,-0.051933979
2026-02-12 18:41:10,-0.014799133,0.033395784,0.085192984
2026-02-12 18:41:20,0.101562946,0.014894729,0.000050343
2026-02-12 18:41:30,-0.114167428,0.044222428,-0.054300641
2026-02-12 18:41:40,-0.026831304,-0.046275229,0.046303258
2026-02-12 18:41:50,-0.038747166,0.030644929,0.028854645
2026-02-12 18:42:00,-0.013243436,-0.091022540,-0.024819300
2026-02-12 18:42:10,-0.073250834,-0.037407363,-0.056435141
2026-02-12 18:42:20,-0.028725801,0.020063180,-0.036081886
2026-02-12 18:42:30,-0.020244589,-0.015935709,-0.079861654
2026-02-12 18:42:40,-0.015244348,0.030487782,0.005012849
2026-02-12 18:42:50,-0.045205986,-0.046324809,-0.096039167
2026-02-12 18:43:00,0.005520336,0.091119231,-0.027485053
2026-02-12 18:43:10,-0.099254785,-0.073489811,0.014623915
2026-02-12 18:43:20,-0.020599621,0.062881021,-0.013843583
2026-02-12 18:43:30,-0.000892776,-0.026567272,-0.026027569
2026-02-12 18:43:40,0.039113628,-0.026461375,-0.071996695
2026-02-12 18:43:50,-0.012079786,0.055472509,0.057306163
2026-02-12 18:44:00,-0.027800212,0.011022320,0.005750239
2026-02-12 18:44:10,-0.059389183,-0.020700314,0.002670706
2026-02-12 18:44:20,-0.008489680,0.025514662,-0.044016345
2026-02-12 18:44:30,0.032180832,0.060691620,-0.040468529
2026-02-12 18:44:40,-0.002888491,-0.068679550,0.058550608
2026-02-12 18:44:50,-0.005912991,0.002766758,0.040091031
2026-02-12 18:45:00,-0.042827589,0.082376575,-0.000015852
2026-02-12 18:45:10,0.006493452,-0.027925589,-0.089747972
2026-02-12 18:45:20,0.057764391,-0.026615841,-0.081632017
2026-02-12 18:45:30,-0.025842184,0.002168054,-0.067709276
2026-02-12 18:45:40,0.027837609,0.037685073,-0.091390153
2026-02-12 18:45:50,0.044964619,-0.034977724,0.049047964
2026-02-12 18:46:00,-0.049174797,0.047349555,0.010433262
2026-02-12 18:46:10,0.015444698,-0.007423587,-0.116565020
2026-02-12 18:46:20,-0.023134279,-0.058770260,-0.040369196
2026-02-12 18:46:30,0.060311383,0.069932932,-0.049421813
2026-02-12 18:46:40,0.045822585,-0.030599662,0.054065321
2026-02-12 18:46:50,0.050106769,-0.001637544,-0.004693428
2026-02-12 18:47:00,0.019153117,-0.004109358,-0.071415734
2026-02-12 18:47:10,0.069924636,0.046549979,0.012917140
2026-02-12 18:47:20,0.014992347,0.001647574,0.022172337
2026-02-12 18:47:30,0.040933002,0.049340167,0.154763449
2026-02-12 18:47:40,-0.095798413,0.020743777,0.045619391
2026-02-12 18:47:50,0.082840689,0.058592481,-0.003693246
2026-02-12 18:48:00,0.054478464,-0.050154580,0.049599682
2026-02-12 18:48:10,0.006957318,0.067681290,-0.063109911
2026-02-12 18:48:20,-0.001313826,0.031477880,0.023134391
2026-02-12 18:48:30,-0.025464965,-0.098200273,0.002175531
2026-02-12 18:48:40,-0.004077806,0.102734880,-0.047882876
2026-02-12 18:48:50,-0.016202820,-0.033574510,-0.027223916
2026-02-12 18:49:00,0.025247998,0.060887087,-0.098600827
2026-02-12 18:49:10,0.006558969,-0.002124649,-0.024202918
2026-02-12 18:49:20,0.039356103,0.081755212,-0.041061352
2026-02-12 18:49:30,0.044401904,-0.003978092,0.054338557
2026-02-12 18:49:40,-0.046048254,-0.044128260,0.012873069
2026-02-12 18:49:50,0.008048185,-0.039578730,-0.020786629
2026-02-12 18:50:00,-0.028193264,-0.011262026,-0.033918010
2026-02-12 18:50:10,0.050944182,-0.025328936,0.003078454
2026-02-12 18:50:20,0.043328795,0.051252029,-0.045081979
2026-02-12 18:50:30,-0.050015330,0.117450594,0.043107247
2026-02-12 18:50:40,0.053220669,0.031899850,-0.014716942
2026-02-12 18:50:50,0.081046426,0.038541898,-0.056161617
2026-02-12 18:51:00,0.046165380,-0.034104951,-0.018126843
2026-02-12 18:51:10,0.049985118,0.019306225,0.012205688
2026-02-12 18:51:20,-0.019248968,0.054490448,0.017341034
2026-02-12 18:51:30,0.028882682,0.008585090,0.035900493
2026-02-12 18:51:40,0.079164043,0.051228303,-0.013318235
2026-02-12 18:51:50,-0.015757677,-0.148163308,0.045263496
2026-02-12 18:52:00,0.055315523,0.032527766,-0.057892710
2026-02-12 18:52:10,0.047775936,-0.056957631,-0.136767438
2026-02-12 18:52:20,-0.002918813,0.008088058,-0.050903995
2026-02-12 18:52:30,0.007013051,-0.010975732,-0.006886896
2026-02-12 18:52:40,0.065488158,0.056855515,-0.105577556
2026-02-12 18:52:50,-0.130062120,-0.003343416,0.021163009
2026-02-12 18:53:00,0.004453184,0.041082333,-0.010547062
2026-02-12 18:53:10,-0.023746089,-0.051746799,0.045117459
2026-02-12 18:53:20,-0.068329209,-0.001130788,-0.043211826
2026-02-12 18:53:30,-0.009502010,-0.080115631,-0.025954738
2026-02-12 18:53:40,-0.004136391,0.025204155,0.030164926
2026-02-12 18:53:50,0.031258350,-0.015085830,-0.007748089
2026-02-12 18:54:00,-0.050414149,0.048795020,0.116111751
2026-02-12 18:54:10,-0.044387532,-0.010762038,-0.046273882
2026-02-12 18:54:20,0.024969373,0.031691594,-0.033337341
2026-02-12 18:54:30,-0.011739488,-0.056952987,-0.006926611
2026-02-12 18:54:40,0.094439119,0.018705392,0.017926774
2026-02-12 18:54:50,-0.003179789,0.018115342,0.004320226
2026-02-12 18:55:00,0.005075119,0.057082726,0.021194975
2026-02-12 18:55:10,0.006490526,-0.013931692,0.090525338
2026-02-12 18:55:20,0.025571018,-0.063372740,-0.024558174
2026-02-12 18:55:30,-0.082006307,-0.043031829,0.017012904
2026-02-12 18:55:40,-0.027026047,-0.018794487,-0.016628803
2026-02-12 18:55:50,-0.055225606,-0.039980576,-0.015302339
2026-02-12 18:56:00,0.094938093,-0.054008020,-0.041060458
2026-02-12 18:56:10,-0.007678034,-0.046538950,-0.071751788
2026-02-12 18:56:20,-0.044890167,-0.031173544,0.002915976
2026-02-12 18:56:30,0.069025006,0.019147301,0.065491053
2026-02-12 18:56:40,-0.008415052,0.067842089,-0.019005293
2026-02-12 18:56:50,-0.005051034,-0.034524842,0.031394273
2026-02-12 18:57:00,-0.023585911,-0.054513685,-0.018084251
2026-02-12 18:57:10,0.147700453,0.028376846,-0.025843932
2026-02-12 18:57:20,0.004248330,-0.022803904,-0.023434115
2026-02-12 18:57:30,-0.052308751,-0.021012691,0.042507223
2026-02-12 18:57:40,0.019233636,-0.010796406,0.012726908
2026-02-12 18:57:50,-0.025378367,0.060369722,0.006963730
2026-02-12 18:58:00,0.018510812,-0.058281819,-0.037775893
2026-02-12 18:58:10,0.003913813,0.020013922,-0.006323065
2026-02-12 18:58:20,0.103641335,-0.049939464,0.048460902
2026-02-12 18:58:30,-0.016596694,0.102365958,0.088930733
2026-02-12 18:58:40,-0.024280199,-0.005461042,0.019768356
2026-02-12 18:58:50,-0.032168561,-0.009090614,0.156115943
2026-02-12 18:59:00,0.017748850,-0.012615554,0.082176454
2026-02-12 18:59:10,-0.048789512,-0.071001958,0.004182619
2026-02-12 18:59:20,-0.050819904,0.001659576,-0.057317644
2026-02-12 18:59:30,0.006317221,0.013460135,-0.014868447
2026-02-12 18:59:40,0.070459171,-0.009261469,0.015599091
2026-02-12 18:59:50,0.027289390,0.002183815,0.063039083
2026-02-12 19:00:00,0.028767295,-0.108288556,0.018505108
2026-02-12 19:00:10,-0.014932203,0.097451767,-0.001229285
2026-02-12 19:00:20,0.063498854,-0.093313039,-0.075538587
2026-02-12 19:00:30,0.139323021,-0.016082507,-0.029287850
2026-02-12 19:00:40,0.001900897,0.052261443,0.012027237
2026-02-12 19:00:50,-0.048245773,0.030116971,0.007583224
2026-02-12 19:01:00,0.057713351,0.003014273,-0.055607693
2026-02-12 19:01:10,-0.012735201,-0.121323684,0.075306406
2026-02-12 19:01:20,-0.088204252,-0.019456514,0.028155429
2026-02-12 19:01:30,0.035045348,0.042332951,0.010100206
2026-02-12 19:01:40,0.032946281,0.093921238,-0.065203218
2026-02-12 19:01:50,-0.002455368,-0.021465656,0.035567030
2026-02-12 19:02:00,-0.027043381,0.048003060,0.053145223
2026-02-12 19:02:10,-0.073142382,0.063764194,0.104802442
2026-02-12 19:02:20,-0.059855183,0.016515987,0.063432150
2026-02-12 19:02:30,0.029370823,-0.031043328,0.005329128
2026-02-12 19:02:40,-0.003570043,0.018547101,0.011431508
2026-02-12 19:02:50,0.030167906,0.112256408,0.031489808
2026-02-12 19:03:00,0.045820282,0.024768513,-0.049534787
2026-02-12 19:03:10,-0.007476519,-0.007239775,-0.093621382
2026-02-12 19:03:20,-0.078076171,-0.034806094,0.016401488
2026-02-12 19:03:30,-0.063015278,0.113430062,0.035972879
2026-02-12 19:03:40,0.013680537,-0.015565429,-0.020300209
2026-02-12 19:03:50,0.040800833,-0.006095185,-0.024580341
2026-02-12 19:04:00,-0.002071549,-0.004051282,-0.044701758
2026-02-12 19:04:10,0.071097639,-0.037195358,0.111101633
2026-02-12 19:04:20,0.019883258,-0.011857051,-0.002957807
2026-02-12 19:04:30,0.021427315,0.032043329,0.000009383
2026-02-12 19:04:40,0.009251917,0.018074683,0.014549905
2026-02-12 19:04:50,-0.038392044,0.080786855,-0.042213271
2026-02-12 19:05:00,-0.046910585,-0.001918140,-0.025869258
2026-02-12 19:05:10,0.054112770,0.008944866,-0.010860492
2026-02-12 19:05:20,0.023999893,-0.021905519,0.067534106
2026-02-12 19:05:30,0.031810472,-0.102629118,-0.040717855
2026-02-12 19:05:40,-0.056872637,0.111647632,0.025354103
2026-02-12 19:05:50,-0.052990812,0.041044774,0.100356482
2026-02-12 19:06:00,0.030666657,-0.080231485,0.033837972
2026-02-12 19:06:10,0.027717455,0.024263544,0.066464308
2026-02-12 19:06:20,-0.001047473,0.033174286,-0.065084871
2026-02-12 19:06:30,0.012322325,0.004252112,0.056961469
2026-02-12 19:06:40,-0.016539548,-0.000222145,0.021579250
2026-02-12 19:06:50,0.041096366,0.003983675,-0.037788917
2026-02-12 19:07:00,0.027819037,-0.019217640,-0.025296181
2026-02-12 19:07:10,-0.004328581,0.030029685,-0.010077935
2026-02-12 19:07:20,-0.065418480,-0.037989127,0.023459268
2026-02-12 19:07:30,0.107582209,0.013742483,-0.022070757
2026-02-12 19:07:40,0.090232116,0.077503936,0.105570594
2026-02-12 19:07:50,-0.032606917,0.009787014,0.011021012
2026-02-12 19:08:00,-0.036159488,0.011771882,-0.010587553
2026-02-12 19:08:10,0.002179614,0.021285564,0.035899643
2026-02-12 19:08:20,0.001498435,0.037341689,0.042938851
2026-02-12 19:08:30,0.037547701,-0.008612046,0.028346213
2026-02-12 19:08:40,0.006607734,-0.013572298,-0.016232957
2026-02-12 19:08:50,-0.014497472,-0.038457021,-0.040933544
2026-02-12 19:09:00,-0.000121007,-0.035069230,-0.027345502
2026-02-12 19:09:10,-0.030384892,-0.038869005,0.082315550
2026-02-12 19:09:20,0.054670228,-0.041979226,0.008962627
2026-02-12 19:09:30,0.011569035,-0.085613545,-0.021659141
2026-02-12 19:09:40,-0.017604113,0.020145020,0.054125151
2026-02-12 19:09:50,0.016812421,-0.003640647,0.004073034
2026-02-12 19:10:00,-0.020752737,-0.041094687,-0.021692362
2026-02-12 19:10:10,-0.043168795,-0.025335343,0.017677803
2026-02-12 19:10:20,-0.051660746,-0.023823021,0.017059619
2026-02-12 19:10:30,0.085065353,0.009751770,-0.015180985
2026-02-12 19:10:40,-0.134952982,-0.007128348,0.018152286
2026-02-12 19:10:50,0.027746109,-0.035559245,-0.030905234
2026-02-12 19:11:00,-0.051102345,-0.025494112,0.071707705
2026-02-12 19:11:10,0.059730495,0.002093135,0.015707495
2026-02-12 19:11:20,-0.021038527,0.051041753,0.084053231
2026-02-12 19:11:30,-0.078361306,0.161379590,-0.002900334
2026-02-12 19:11:40,0.034492645,0.046395177,-0.048867354
2026-02-12 19:11:50,0.006800365,-0.100975086,0.012599521
2026-02-12 19:12:00,-0.046541033,0.040983177,-0.023886079
2026-02-12 19:12:10,-0.015502708,0.002961164,0.035134680
2026-02-12 19:12:20,-0.077294348,0.057402433,0.089308126
2026-02-12 19:12:30,-0.001968706,0.066399480,-0.124111377
2026-02-12 19:12:40,-0.056971721,0.018654593,0.042534127
2026-02-12 19:12:50,0.009731496,0.050616851,0.032491637
2026-02-12 19:13:00,-0.069399259,0.079211491,0.041466233
2026-02-12 19:13:10,-0.062178823,0.028582391,-0.018001607
2026-02-12 19:13:20,-0.080537912,0.022926750,0.009379767
2026-02-12 19:13:30,-0.174681642,-0.018537932,-0.014146339
2026-02-12 19:13:40,-0.058989444,-0.109666513,-0.000359234
2026-02-12 19:13:50,0.076291248,-0.049568764,-0.015707028
2026-02-12 19:14:00,-0.000834018,-0.076901215,-0.072725143
2026-02-12 19:14:10,0.050711243,-0.004101737,0.050632444
2026-02-12 19:14:20,0.014287594,0.023420446,0.061596757
2026-02-12 19:14:30,0.051832237,0.006603557,0.037792724
2026-02-12 19:14:40,-0.028329240,-0.046233648,0.027028900
2026-02-12 19:14:50,0.066812104,-0.097471684,-0.006457060
2026-02-12 19:15:00,0.063704843,0.029416425,0.086740906
2026-02-12 19:15:10,-0.048322259,0.033458144,0.004393061
2026-02-12 19:15:20,-0.017273708,-0.043038160,0.045327880
2026-02-12 19:15:30,0.057409787,0.025657318,-0.009576732
2026-02-12 19:15:40,0.065581762,0.026608608,-0.102017006
2026-02-12 19:15:50,-0.023877050,-0.016374624,-0.021502489
2026-02-12 19:16:00,-0.109836908,-0.065535199,0.084804628
2026-02-12 19:16:10,0.049343250,0.070442632,0.043628521
2026-02-12 19:16:20,-0.002018894,-0.017139210,-0.018576447
2026-02-12 19:16:30,0.066938646,-0.083932586,-0.093837230
2026-02-12 19:16:40,-0.042178182,0.043276545,0.020112854
2026-02-12 19:16:50,0.031752661,-0.008063546,0.016988302
2026-02-12 19:17:00,0.015889920,-0.007705927,0.006303587
2026-02-12 19:17:10,0.042885724,-0.042128504,0.056163299
2026-02-12 19:17:20,-0.018343509,0.038151133,0.018336191
2026-02-12 19:17:30,0.076642295,0.005610882,0.103997850
2026-02-12 19:17:40,0.129097826,-0.063164019,0.033673601
2026-02-12 19:17:50,-0.045563535,0.049271861,0.020527533
2026-02-12 19:18:00,0.038969064,0.019356703,0.027074498
2026-02-12 19:18:10,-0.034895263,-0.046666821,-0.018380731
2026-02-12 19:18:20,-0.060026442,-0.048934423,0.085353196
2026-02-12 19:18:30,-0.115954170,-0.053423265,0.018884491
2026-02-12 19:18:40,-0.014465115,0.001199974,0.050587340
2026-02-12 19:18:50,0.025538719,0.031051984,-0.088494393
2026-02-12 19:19:00,0.051898768,-0.016444901,-0.038575177
2026-02-12 19:19:10,0.008453591,0.116654753,-0.007304105
2026-02-12 19:19:20,-0.033197378,-0.017345224,0.036635977
2026-02-12 19:19:30,0.013745985,-0.013021017,0.026060858
2026-02-12 19:19:40,-0.127630199,-0.035618817,0.046971051
2026-02-12 19:19:50,-0.087818081,-0.023325994,0.004001003
2026-02-12 19:20:00,0.083971327,-0.033063990,-0.034115764
2026-02-12 19:20:10,-0.018957874,0.091883283,-0.053869224
2026-02-12 19:20:20,0.015573763,-0.099882921,-0.071149895
2026-02-12 19:20:30,-0.039882452,-0.043025759,0.041757736
2026-02-12 19:20:40,0.037081324,0.015103207,0.145286698
2026-02-12 19:20:50,0.065076805,-0.058402876,-0.088753576
2026-02-12 19:21:00,0.140586803,-0.092400679,-0.034976096
2026-02-12 19:21:10,0.011574032,-0.008004027,0.073823500
2026-02-12 19:21:20,0.050969977,0.004564135,0.011303354
2026-02-12 19:21:30,-0.039067194,-0.036345968,0.088393302
2026-02-12 19:21:40,-0.013124066,0.020173552,0.070984150
2026-02-12 19:21:50,0.007653076,-0.029733685,-0.065120500
2026-02-12 19:22:00,-0.028023058,-0.080680708,0.061972582
2026-02-12 19:22:10,-0.031218294,0.006924866,-0.012078744
2026-02-12 19:22:20,0.013949325,-0.010537576,-0.079214966
2026-02-12 19:22:30,0.011008280,-0.005684532,-0.039788406
2026-02-12 19:22:40,-0.001362824,-0.021653220,0.011380222
2026-02-12 19:22:50,0.035737873,-0.092636877,0.036820043
2026-02-12 19:23:00,-0.003768875,0.056977453,0.009131749
2026-02-12 19:23:10,0.040911175,0.101830750,-0.011218195
2026-02-12 19:23:20,0.071053361,-0.018827233,0.037276139
2026-02-12 19:23:30,0.032258214,-0.031082934,-0.021869570
2026-02-12 19:23:40,0.038564202,0.082997096,-0.094864331
2026-02-12 19:23:50,0.037983969,-0.026235301,-0.007425234
2026-02-12 19:24:00,0.026480192,0.046131502,-0.037496020
2026-02-12 19:24:10,-0.005220373,-0.017959908,0.009552307
2026-02-12 19:24:20,0.029294909,-0.055992894,0.114414686
2026-02-12 19:24:30,0.055944325,-0.024675684,-0.032573437
2026-02-12 19:24:40,-0.045750860,-0.000413384,0.025736623
2026-02-12 19:24:50,-0.013618978,0.032467748,-0.005828287
2026-02-12 19:25:00,-0.054859376,0.039807613,0.021911951
2026-02-12 19:25:10,-0.016321446,-0.056908790,0.045840736
2026-02-12 19:25:20,-0.000287866,0.052852572,0.034812139
2026-02-12 19:25:30,0.073510365,-0.012172690,0.054144800
2026-02-12 19:25:40,0.092310938,-0.056330183,-0.041668879
2026-02-12 19:25:50,0.042908284,0.004155020,0.030585273
2026-02-12 19:26:00,0.036628849,0.016047978,-0.096974627
2026-02-12 19:26:10,-0.000403441,-0.140255322,-0.037491584
2026-02-12 19:26:20,-0.001245577,-0.072453995,0.014692656
2026-02-12 19:26:30,0.001272783,-0.091493036,0.030685877
2026-02-12 19:26:40,-0.033098869,-0.012648437,-0.006132727
2026-02-12 19:26:50,-0.052840494,-0.014193113,-0.024531089
2026-02-12 19:27:00,-0.002397834,-0.012876148,-0.008291796
2026-02-12 19:27:10,-0.009886519,-0.059963302,0.008592118
2026-02-12 19:27:20,-0.042914127,0.063407728,0.009500354
2026-02-12 19:27:30,0.025190245,-0.008320473,0.075973132
2026-02-12 19:27:40,-0.001753604,0.077452334,0.002187175
2026-02-12 19:27:50,-0.134044906,0.024929553,-0.052435500
2026-02-12 19:28:00,-0.065821260,-0.025733468,0.042718615
2026-02-12 19:28:10,-0.057324471,0.038032272,0.033720960
2026-02-12 19:28:20,0.070640852,-0.022784055,-0.027663582
2026-02-12 19:28:30,0.075199182,-0.002386184,-0.015740432
2026-02-12 19:28:40,-0.050195451,0.034173518,0.021630634
2026-02-12 19:28:50,0.060094332,-0.032346761,-0.055851434
2026-02-12 19:29:00,-0.056425372,-0.061723075,0.021954801
2026-02-12 19:29:10,-0.022224708,0.037197334,-0.065683538
2026-02-12 19:29:20,0.046868969,-0.019026116,0.033005315
2026-02-12 19:29:30,0.037990269,-0.041527431,0.041609161
2026-02-12 19:29:40,0.015470525,0.010670577,-0.075095446
2026-02-12 19:29:50,-0.098865417,0.025078316,-0.033068280
2026-02-12 19:30:00,-0.072191589,0.140841924,0.021741260
2026-02-12 19:30:10,0.064120782,-0.022512172,-0.027723492
2026-02-12 19:30:20,-0.001627879,0.050627768,-0.065814491
2026-02-12 19:30:30,-0.029005627,0.011420805,0.029475702
2026-02-12 19:30:40,0.036311486,-0.081771411,-0.017360991
2026-02-12 19:30:50,0.013667856,-0.090870358,-0.057169340
2026-02-12 19:31:00,0.006551945,-0.072606729,-0.012635723
2026-02-12 19:31:10,0.021117612,0.039053816,-0.033533121
2026-02-12 19:31:20,0.035503771,-0.023526103,-0.034991702
2026-02-12 19:31:30,-0.004065953,0.018861657,-0.024894634
2026-02-12 19:31:40,-0.058336609,-0.011860906,0.089936813
2026-02-12 19:31:50,-0.042705507,0.064593282,0.030212890
2026-02-12 19:32:00,0.104270383,-0.069005537,-0.046929844
2026-02-12 19:32:10,-0.002077145,0.041510401,0.046648980
2026-02-12 19:32:20,0.051442688,-0.027393403,-0.048124441
2026-02-12 19:32:30,-0.005812809,0.013916883,0.001824902
2026-02-12 19:32:40,0.036444836,-0.120566859,-0.063644857
2026-02-12 19:32:50,0.014009606,-0.023180561,-0.013577132
2026-02-12 19:33:00,0.016782083,0.006768663,0.038125827
2026-02-12 19:33:10,-0.007557301,0.049635554,0.000076174
2026-02-12 19:33:20,-0.107560026,-0.017135285,0.048074929
2026-02-12 19:33:30,0.007654401,-0.088693679,-0.065021013
2026-02-12 19:33:40,0.018468844,0.051037643,-0.021936084
2026-02-12 19:33:50,0.017093229,0.037210990,-0.050734961
2026-02-12 19:34:00,0.058015440,-0.010150424,-0.026035037
2026-02-12 19:34:10,-0.025630028,-0.028857688,-0.013654782
2026-02-12 19:34:20,0.014337100,-0.004025839,0.042470308
2026-02-12 19:34:30,-0.043079211,0.023418110,0.076488300
2026-02-12 19:34:40,0.063568313,0.013969837,0.063981226
2026-02-12 19:34:50,-0.043412093,-0.128206193,-0.045960289
2026-02-12 19:35:00,0.007676044,-0.062967458,-0.002942884
2026-02-12 19:35:10,-0.022987744,-0.015915334,-0.061839310
2026-02-12 19:35:20,0.021925739,-0.007397258,-0.051640370
2026-02-12 19:35:30,-0.067558512,-0.031550256,-0.007240232
2026-02-12 19:35:40,0.034640453,0.124252239,-0.061504881
2026-02-12 19:35:50,-0.010055598,0.062150011,0.065169979
2026-02-12 19:36:00,-0.001202617,-0.010617349,-0.064666381
2026-02-12 19:36:10,-0.091866597,0.035618667,-0.007556566
2026-02-12 19:36:20,0.012903267,-0.027977819,-0.001351886
2026-02-12 19:36:30,-0.011125310,-0.006876853,-0.050533374
2026-02-12 19:36:40,-0.024175747,0.078157755,-0.027791836
2026-02-12 19:36:50,-0.006280351,-0.044538883,0.014967979
2026-02-12 19:37:00,0.088948274,-0.018701516,-0.049323010
2026-02-12 19:37:10,-0.029411999,-0.007705199,0.000011310
2026-02-12 19:37:20,-0.069047156,-0.006471755,0.041455100
2026-02-12 19:37:30,0.062688025,0.091199541,0.002867956
2026-02-12 19:37:40,0.003337276,0.052768452,0.027307326
2026-02-12 19:37:50,0.012822160,-0.041420583,0.077784183
2026-02-12 19:38:00,0.027110575,-0.066778810,0.075087311
2026-02-12 19:38:10,0.002317358,0.017717840,-0.020454189
2026-02-12 19:38:20,0.058749622,0.038306040,0.043403856
2026-02-12 19:38:30,-0.077610751,0.037088585,-0.045676748
2026-02-12 19:38:40,-0.014193819,0.151226305,0.014373969
2026-02-12 19:38:50,-0.017807209,0.007784391,-0.032191748
2026-02-12 19:39:00,-0.025208173,0.041334376,0.008414123
2026-02-12 19:39:10,0.000110390,-0.048621353,0.020656545
2026-02-12 19:39:20,0.008242161,0.010720426,0.042013004
2026-02-12 19:39:30,-0.007046569,0.027415607,0.014350262
2026-02-12 19:39:40,-0.034663081,0.022918512,-0.013597909
2026-02-12 19:39:50,-0.000262872,-0.002770750,-0.132292615
2026-02-12 19:40:00,-0.145225409,0.151105462,-0.105567366
2026-02-12 19:40:10,0.003660593,0.044425568,0.013754534
2026-02-12 19:40:20,0.037907925,-0.078072876,-0.023325219
2026-02-12 19:40:30,-0.031480971,-0.105405829,-0.072327782
2026-02-12 19:40:40,0.029024721,0.034118968,-0.040268048
2026-02-12 19:40:50,-0.013246735,-0.020011484,0.007436419
2026-02-12 19:41:00,-0.006635506,0.005161987,0.018802572
2026-02-12 19:41:10,-0.016431337,0.004678264,0.038261815
2026-02-12 19:41:20,0.040275893,0.030361359,0.044432772
2026-02-12 19:41:30,0.063535626,0.030113039,-0.036875431
2026-02-12 19:41:40,-0.009683135,-0.009584596,0.034058563
2026-02-12 19:41:50,-0.070386993,-0.074585842,0.001593198
2026-02-12 19:42:00,0.064480007,0.011715209,-0.058233891
2026-02-12 19:42:10,0.002459038,-0.126451768,-0.103412209
2026-02-12 19:42:20,-0.056111095,0.056570184,-0.064894332
2026-02-12 19:42:30,-0.010855079,-0.022666023,0.113557504
2026-02-12 19:42:40,0.001016140,0.006100996,0.018706778
2026-02-12 19:42:50,-0.017983035,-0.013825225,-0.021742785
2026-02-12 19:43:00,-0.075219505,-0.005416090,-0.079744128
2026-02-12 19:43:10,0.065170784,0.010375727,-0.033796450
2026-02-12 19:43:20,0.003848115,0.042351820,-0.057844945
2026-02-12 19:43:30,0.078381173,0.055902892,0.025238662
2026-02-12 19:43:40,-0.059343384,-0.041687192,0.073504585
2026-02-12 19:43:50,0.022506061,-0.020673538,-0.036949128
2026-02-12 19:44:00,0.070540308,0.016678364,-0.093326857
2026-02-12 19:44:10,-0.015110873,0.040267649,-0.009708715
2026-02-12 19:44:20,-0.030458600,-0.040735803,-0.017428028
2026-02-12 19:44:30,-0.017792695,0.022107978,-0.035548576
2026-02-12 19:44:40,-0.016681978,-0.096974000,-0.099891405
2026-02-12 19:44:50,0.006110497,-0.031778521,0.087467816
2026-02-12 19:45:00,-0.008672535,-0.060755743,0.069518834
2026-02-12 19:45:10,-0.038908627,-0.005082428,-0.063859117
2026-02-12 19:45:20,-0.074035315,0.005998776,-0.031835917
2026-02-12 19:45:30,0.006903969,-0.029611419,0.053679269
2026-02-12 19:45:40,-0.025941100,0.074903203,-0.026821180
2026-02-12 19:45:50,-0.034332255,-0.033089235,0.074616583
2026-02-12 19:46:00,0.030034593,-0.060078205,0.032023496
2026-02-12 19:46:10,0.022219336,0.053219374,0.038582738
2026-02-12 19:46:20,0.040229122,0.051563666,-0.015108423
2026-02-12 19:46:30,-0.006576799,-0.004583299,-0.054067468
2026-02-12 19:46:40,0.107175461,0.019755893,-0.014562497
2026-02-12 19:46:50,0.002439909,0.002379866,-0.010928840
2026-02-12 19:47:00,0.058117213,0.026045511,0.059690354
2026-02-12 19:47:10,-0.082424083,0.064911106,0.007279869
2026-02-12 19:47:20,-0.017325031,0.066548016,0.066801769
2026-02-12 19:47:30,-0.087271657,-0.058811706,0.002195281
2026-02-12 19:47:40,-0.117214277,-0.017721396,-0.032572143
2026-02-12 19:47:50,-0.031110879,0.046595586,0.046613378
2026-02-12 19:48:00,0.022062060,-0.013873932,0.085029563
2026-02-12 19:48:10,-0.044935603,-0.065984018,0.089889773
2026-02-12 19:48:20,0.019241066,-0.024285806,0.088557571
2026-02-12 19:48:30,-0.000623729,0.030099612,0.003276403
2026-02-12 19:48:40,-0.016068105,-0.106589979,0.040621797
2026-02-12 19:48:50,0.052914541,-0.042354556,-0.081175167
2026-02-12 19:49:00,0.061416349,-0.032082316,0.076741755
2026-02-12 19:49:10,0.064861244,0.035305896,-0.027220523
2026-02-12 19:49:20,0.080496490,-0.000340135,0.063859089
2026-02-12 19:49:30,0.028250593,0.078295932,0.015881016
2026-02-12 19:49:40,-0.005446025,0.037526900,0.107934043
2026-02-12 19:49:50,-0.016367364,0.023765441,0.032272328
2026-02-12 19:50:00,0.088304922,-0.051273818,0.064394927
2026-02-12 19:50:10,-0.027856245,-0.014565293,0.011031379
2026-02-12 19:50:20,0.017144602,-0.089712564,-0.051320878
2026-02-12 19:50:30,-0.037808097,-0.000768806,-0.024001218
2026-02-12 19:50:40,0.076724245,0.006547800,-0.036237298
2026-02-12 19:50:50,-0.019223337,-0.008403357,-0.001211491
2026-02-12 19:51:00,-0.049218844,0.035677352,0.049428208
2026-02-12 19:51:10,0.016056510,0.021756872,-0.065272414
2026-02-12 19:51:20,0.046802928,-0.018306015,-0.044085158
2026-02-12 19:51:30,-0.016856411,-0.025544986,0.036308613
2026-02-12 19:51:40,0.036066561,-0.061961822,-0.083478722
2026-02-12 19:51:50,-0.043090169,-0.028713446,0.002738523
2026-02-12 19:52:00,-0.038750854,-0.000283341,-0.002483448
2026-02-12 19:52:10,0.046268376,0.039324377,0.043851610
2026-02-12 19:52:20,-0.041445347,-0.037514845,-0.065740265
2026-02-12 19:52:30,-0.086562724,-0.009246543,-0.052197608
2026-02-12 19:52:40,0.070017073,-0.019101461,-0.022758404
2026-02-12 19:52:50,0.052703145,-0.030630026,-0.000743948
2026-02-12 19:53:00,0.042843011,-0.026681938,0.017839867
2026-02-12 19:53:10,-0.073512640,0.026439510,-0.006949645
2026-02-12 19:53:20,0.097056733,-0.042624421,0.045647624
2026-02-12 19:53:30,0.028870069,0.029496699,-0.020263232
2026-02-12 19:53:40,-0.003198914,-0.047497057,-0.024638301
2026-02-12 19:53:50,0.042827168,-0.054719388,-0.080286783
2026-02-12 19:54:00,0.024139724,0.075109256,0.017474437
2026-02-12 19:54:10,-0.085784873,-0.045359362,-0.037236159
2026-02-12 19:54:20,0.018360801,0.057710441,-0.017823718
2026-02-12 19:54:30,-0.120732539,0.029109371,0.078297926
2026-02-12 19:54:40,-0.056101686,0.020563054,0.004128571
2026-02-12 19:54:50,-0.069963323,0.055009505,-0.040536952
2026-02-12 19:55:00,-0.051040052,0.004492616,-0.014879537
2026-02-12 19:55:10,-0.048411479,-0.018608415,-0.044585502
2026-02-12 19:55:20,-0.031813505,0.034387636,0.013462106
2026-02-12 19:55:30,0.076250081,-0.065249348,0.021944512
2026-02-12 19:55:40,-0.060578644,-0.034851058,0.031495890
2026-02-12 19:55:50,-0.012989395,-0.024055706,0.094124290
2026-02-12 19:56:00,0.103075260,-0.039476065,-0.002176029
2026-02-12 19:56:10,0.076391747,0.091254278,-0.146670352
2026-02-12 19:56:20,-0.036573484,-0.009082189,0.000944344
2026-02-12 19:56:30,-0.044742420,0.039879061,0.016765003
2026-02-12 19:56:40,0.050821986,0.002399943,0.127294730
2026-02-12 19:56:50,-0.026731741,-0.083282804,0.000845336
2026-02-12 19:57:00,0.058919930,-0.023476681,-0.065764714
2026-02-12 19:57:10,0.056835216,0.042902991,0.033746813
2026-02-12 19:57:20,-0.095752444,-0.084812104,0.093725207
2026-02-12 19:57:30,-0.030891281,0.035551946,-0.014054617
2026-02-12 19:57:40,-0.004253191,0.003554277,-0.074343278
2026-02-12 19:57:50,-0.017764667,-0.039204717,0.058212297
2026-02-12 19:58:00,0.014896454,-0.026732182,0.013876218
2026-02-12 19:58:10,-0.081873498,0.056660143,-0.033309404
2026-02-12 19:58:20,0.074889590,0.013084172,0.036011981
2026-02-12 19:58:30,0.022694580,0.001589631,0.078455017
2026-02-12 19:58:40,0.001826882,-0.028780801,-0.063989544
2026-02-12 19:58:50,-0.028262917,0.027027957,0.101464862
2026-02-12 19:59:00,0.051575517,-0.044093473,-0.051872077
2026-02-12 19:59:10,0.004432232,-0.026636009,-0.051321872
2026-02-12 19:59:20,0.010286680,-0.094972265,-0.145875127
2026-02-12 19:59:30,0.014766957,0.056191286,-0.060962932
2026-02-12 19:59:40,-0.033147008,-0.047907288,-0.141391319
2026-02-12 19:59:50,0.041570018,0.052792030,0.037075439
2026-02-12 20:00:00,-0.039336899,0.061930853,0.040522058
2026-02-12 20:00:10,0.029818413,0.060334165,0.005544578
2026-02-12 20:00:20,0.012711759,-0.098578996,0.020184827
2026-02-12 20:00:30,-0.056340937,-0.016629533,-0.022160054
2026-02-12 20:00:40,-0.076585501,-0.009700487,-0.026846509
2026-02-12 20:00:50,0.005001366,0.013663480,-0.057790186
2026-02-12 20:01:00,-0.046449796,0.017687500,-0.048621884
2026-02-12 20:01:10,-0.038698799,-0.084348669,-0.019959810
2026-02-12 20:01:20,-0.057297582,0.054268221,-0.008714308
2026-02-12 20:01:30,-0.075406127,0.097860889,0.009706673
2026-02-12 20:01:40,0.111364667,-0.034776147,-0.039145632
2026-02-12 20:01:50,-0.021458516,0.022901780,0.022852313
2026-02-12 20:02:00,0.020472418,-0.007164755,-0.005455999
2026-02-12 20:02:10,0.014945048,0.055743976,-0.043416554
2026-02-12 20:02:20,-0.009372234,-0.023119545,-0.025432409
2026-02-12 20:02:30,0.021322978,-0.036296973,0.031062603
2026-02-12 20:02:40,0.036214701,-0.024146124,-0.048141381
2026-02-12 20:02:50,0.014084176,0.048348464,0.019410694
2026-02-12 20:03:00,0.104610053,-0.011843731,-0.034842089
2026-02-12 20:03:10,-0.040822853,-0.000324053,-0.019643991
2026-02-12 20:03:20,-0.003777901,-0.075239092,-0.026818060
2026-02-12 20:03:30,-0.032877416,0.037327798,-0.080471207
2026-02-12 20:03:40,-0.085467802,-0.028587880,0.011288994
2026-02-12 20:03:50,0.093857039,-0.018576348,-0.177448290
2026-02-12 20:04:00,-0.000347436,0.046434402,-0.038380031
2026-02-12 20:04:10,0.020389973,-0.010365514,0.000503152
2026-02-12 20:04:20,0.032690894,-0.047950294,0.080468336
2026-02-12 20:04:30,0.096414265,0.002189878,0.007196569
2026-02-12 20:04:40,0.047290944,-0.048104336,0.129748698
2026-02-12 20:04:50,-0.019417410,0.016545815,-0.043874449
2026-02-12 20:05:00,0.027995845,0.065642582,-0.019862824
2026-02-12 20:05:10,0.032120025,-0.005488676,-0.000889197
2026-02-12 20:05:20,-0.043335237,-0.006274582,0.161487647
2026-02-12 20:05:30,0.021064956,-0.036375958,0.059713693
2026-02-12 20:05:40,0.057254727,0.102999334,0.032773697
2026-02-12 20:05:50,0.098280627,-0.061579986,-0.032897622
2026-02-12 20:06:00,-0.011373643,0.024190138,0.061642448
2026-02-12 20:06:10,-0.067653171,0.052600341,-0.013821056
2026-02-12 20:06:20,-0.066613800,-0.009635555,-0.064970772
2026-02-12 20:06:30,0.046290605,0.077526812,0.010167509
2026-02-12 20:06:40,-0.017603623,-0.078415192,0.049623637
2026-02-12 20:06:50,0.052610576,0.002411128,0.030455313
2026-02-12 20:07:00,-0.046189270,0.080456412,-0.043034341
2026-02-12 20:07:10,0.050050249,-0.052014045,-0.008992341
2026-02-12 20:07:20,0.063118055,-0.009465559,0.021030153
2026-02-12 20:07:30,-0.058500081,0.063830797,-0.043173293
2026-02-12 20:07:40,0.004384003,0.002198143,0.011755426
2026-02-12 20:07:50,0.002962734,0.022199918,0.045046549
2026-02-12 20:08:00,-0.020748195,-0.004778266,-0.047948109
2026-02-12 20:08:10,0.076077434,0.043015173,0.009841016
2026-02-12 20:08:20,-0.078812889,-0.034113763,-0.078844126
2026-02-12 20:08:30,-0.093565674,-0.009142222,0.043976555
2026-02-12 20:08:40,-0.048736014,-0.066272114,-0.058847729
2026-02-12 20:08:50,0.089522987,-0.114585201,-0.025973945
2026-02-12 20:09:00,-0.076611669,0.023053077,-0.051230642
2026-02-12 20:09:10,-0.046288112,0.004200109,0.131965990
2026-02-12 20:09:20,-0.088450104,-0.087227255,0.056404148
2026-02-12 20:09:30,0.045405952,-0.068737225,-0.049208986
2026-02-12 20:09:40,0.003073919,0.000940921,0.105486618
2026-02-12 20:09:50,0.010136811,0.008846494,-0.017545499
2026-02-12 20:10:00,-0.029675868,0.050402277,0.041616274
2026-02-12 20:10:10,0.045046458,-0.005410561,0.102157001
2026-02-12 20:10:20,-0.085125743,-0.019645460,-0.069646056
2026-02-12 20:10:30,-0.004616352,0.079699816,-0.007939993
2026-02-12 20:10:40,0.071077398,-0.061040153,0.077944542
2026-02-12 20:10:50,0.038672113,-0.016902420,0.000605476
2026-02-12 20:11:00,-0.085165741,0.070807632,0.042761602
2026-02-12 20:11:10,0.030994775,-0.039169633,0.080527943
2026-02-12 20:11:20,0.003804621,0.042918894,0.020737676
2026-02-12 20:11:30,0.144391969,0.055936572,-0.028133755
2026-02-12 20:11:40,0.009060372,-0.122020875,-0.103524288
2026-02-12 20:11:50,-0.031964073,0.043186243,0.013543667
2026-02-12 20:12:00,-0.013386372,0.074037147,0.076920955
2026-02-12 20:12:10,-0.004277162,-0.030250640,0.025573747
2026-02-12 20:12:20,-0.024792638,0.038080009,-0.022317328
2026-02-12 20:12:30,0.024178726,-0.039414045,0.020833378
2026-02-12 20:12:40,0.066918797,-0.102017378,-0.015534632
2026-02-12 20:12:50,-0.130745016,0.036563621,0.010389599
2026-02-12 20:13:00,0.065704522,-0.016845461,0.030937456
2026-02-12 20:13:10,0.026328178,-0.009376436,0.026351148
2026-02-12 20:13:20,0.082171402,0.079360074,0.026174351
2026-02-12 20:13:30,-0.032443185,0.034909123,-0.057768531
2026-02-12 20:13:40,0.004129699,-0.047029584,0.024951230
2026-02-12 20:13:50,0.064371950,-0.029028643,-0.005743592
2026-02-12 20:14:00,0.030903142,0.000411283,-0.035819535
2026-02-12 20:14:10,0.029344717,-0.023353185,-0.032490037
2026-02-12 20:14:20,-0.106685026,0.041280062,-0.061931874
2026-02-12 20:14:30,0.008669836,-0.024512732,-0.023220019
2026-02-12 20:14:40,-0.067426095,-0.050386283,0.041089406
2026-02-12 20:14:50,0.065868273,-0.058363713,0.004577763
2026-02-12 20:15:00,0.016573600,-0.038920664,-0.058500805
2026-02-12 20:15:10,0.042407557,0.004144210,-0.048957059
2026-02-12 20:15:20,-0.018926718,-0.013576107,-0.045905556
2026-02-12 20:15:30,-0.007473665,-0.045533276,-0.009244356
2026-02-12 20:15:40,-0.017944506,0.032578770,-0.073202575
2026-02-12 20:15:50,0.008010143,-0.013214048,0.098395993
2026-02-12 20:16:00,0.088901545,-0.001333474,-0.017964708
2026-02-12 20:16:10,-0.019885295,-0.000030146,-0.031764400
2026-02-12 20:16:20,0.016218619,0.072044587,0.087210777
2026-02-12 20:16:30,-0.004345730,0.066383510,-0.042787125
2026-02-12 20:16:40,0.030135137,0.048622917,0.056015376
2026-02-12 20:16:50,-0.134127155,0.054381217,0.000228812
2026-02-12 20:17:00,-0.037121449,-0.025485592,0.010502356
2026-02-12 20:17:10,-0.001924487,-0.016946081,0.021711150
2026-02-12 20:17:20,-0.020404777,0.103227373,0.025471327
2026-02-12 20:17:30,0.050784314,0.002585557,0.012159558
2026-02-12 20:17:40,-0.106076196,0.015078241,0.086832651
2026-02-12 20:17:50,0.060339159,0.011805917,-0.017704861
2026-02-12 20:18:00,-0.090050055,-0.058976707,-0.038099149
2026-02-12 20:18:10,0.048193525,0.042581542,-0.070380364
2026-02-12 20:18:20,-0.033341843,-0.021099884,0.084567318
2026-02-12 20:18:30,-0.028616294,-0.076477330,0.030348162
2026-02-12 20:18:40,0.001003970,-0.015646871,-0.067212551
2026-02-12 20:18:50,-0.037921828,0.008679712,-0.066912245
2026-02-12 20:19:00,0.017363682,0.017492865,0.087162155
2026-02-12 20:19:10,-0.002932346,-0.010509783,-0.006265417
2026-02-12 20:19:20,0.038831901,0.047995185,0.071428821
2026-02-12 20:19:30,-0.042637227,0.098452262,0.020927211
2026-02-12 20:19:40,-0.056634466,-0.059495256,-0.018556249
2026-02-12 20:19:50,0.057849211,0.038740078,-0.065676926
2026-02-12 20:20:00,-0.002031784,-0.039407134,0.017630832
2026-02-12 20:20:10,-0.074728522,0.041552089,-0.042264864
2026-02-12 20:20:20,0.024362556,-0.021106750,0.004643211
2026-02-12 20:20:30,0.083902352,-0.024969664,-0.015634220
2026-02-12 20:20:40,-0.015389479,0.052643886,-0.020703774
2026-02-12 20:20:50,-0.015294079,0.018685770,-0.014920320
2026-02-12 20:21:00,0.087812110,-0.013143501,-0.011497474
2026-02-12 20:21:10,-0.042821158,0.028436670,0.028853275
2026-02-12 20:21:20,-0.053346186,0.078824668,-0.001258224
2026-02-12 20:21:30,-0.019167083,0.081872582,0.054458262
2026-02-12 20:21:40,-0.024307115,-0.085277402,-0.091992292
2026-02-12 20:21:50,-0.035413307,-0.013809023,0.094771124
2026-02-12 20:22:00,-0.050999601,0.076966633,0.019360980
2026-02-12 20:22:10,-0.048900977,0.007009989,0.027107145
2026-02-12 20:22:20,-0.027187203,0.078588333,0.013126572
2026-02-12 20:22:30,0.012647991,-0.024992157,0.084185575
2026-02-12 20:22:40,0.041313493,0.093607769,-0.120615045
2026-02-12 20:22:50,0.019567620,-0.019300987,0.037001055
2026-02-12 20:23:00,0.006143505,-0.015048047,0.078383523
2026-02-12 20:23:10,0.016303652,0.015986196,0.038564961
2026-02-12 20:23:20,-0.068839685,-0.034612156,-0.013521246
2026-02-12 20:23:30,0.005446803,-0.026551032,0.029192740
2026-02-12 20:23:40,0.067763344,-0.018647132,-0.012341025
2026-02-12 20:23:50,-0.006465393,-0.018804499,-0.051468202
2026-02-12 20:24:00,0.018597220,0.025427582,-0.017280518
2026-02-12 20:24:10,0.033516466,-0.098670854,-0.103026301
2026-02-12 20:24:20,-0.011959047,0.078854101,-0.096398613
2026-02-12 20:24:30,-0.013530428,0.097399961,0.034522278
2026-02-12 20:24:40,0.035630368,-0.027880055,0.006326407
2026-02-12 20:24:50,-0.037435891,0.105675592,-0.060170768
2026-02-12 20:25:00,-0.033298365,-0.000735874,0.078273909
2026-02-12 20:25:10,-0.023458335,0.014364222,-0.039775042
2026-02-12 20:25:20,0.005803249,0.050886462,0.004718155
2026-02-12 20:25:30,0.089265611,-0.076943930,0.051287575
2026-02-12 20:25:40,0.041114881,0.035168104,0.044872802
2026-02-12 20:25:50,0.035356596,0.030948165,0.054148375
2026-02-12 20:26:00,-0.048279777,-0.041687788,0.063248940
2026-02-12 20:26:10,0.016781640,0.001634626,-0.036798419
2026-02-12 20:26:20,0.036831470,-0.017401993,0.071419995
2026-02-12 20:26:30,0.018976613,-0.122737453,-0.034246285
2026-02-12 20:26:40,0.070215562,0.037752830,0.009060157
2026-02-12 20:26:50,-0.014292448,0.027871228,-0.065612885
2026-02-12 20:27:00,-0.009384838,-0.065905746,0.038973779
2026-02-12 20:27:10,0.017819040,-0.070003516,0.074523647
2026-02-12 20:27:20,0.058003375,0.010271362,0.001125772
2026-02-12 20:27:30,-0.055246523,0.046039115,-0.032529266
2026-02-12 20:27:40,-0.064721923,-0.001515038,0.051195646
2026-02-12 20:27:50,-0.083210290,-0.004806920,0.084533857
2026-02-12 20:28:00,-0.028023548,-0.028989806,0.077866350
2026-02-12 20:28:10,0.004511867,-0.006326628,0.058333339
2026-02-12 20:28:20,-0.005030642,-0.063223854,0.019000500
2026-02-12 20:28:30,0.137988969,-0.002652356,0.015353312
2026-02-12 20:28:40,-0.001722648,0.043321836,-0.061140571
2026-02-12 20:28:50,-0.118487743,0.004240290,-0.038220900
2026-02-12 20:29:00,-0.004931914,0.018281883,-0.059915523
2026-02-12 20:29:10,-0.014562822,0.028425081,-0.012786799
2026-02-12 20:29:20,-0.037911768,0.004383552,-0.009301227
2026-02-12 20:29:30,0.018721787,0.047535089,0.038101892
2026-02-12 20:29:40,-0.037714533,-0.063525591,-0.067016151
2026-02-12 20:29:50,-0.006026577,-0.005925080,0.026637147
2026-02-12 20:30:00,-0.113786732,0.084168195,0.056649736
2026-02-12 20:30:10,0.103813147,0.031686481,-0.081526705
2026-02-12 20:30:20,-0.061034878,-0.070821221,-0.067618748
2026-02-12 20:30:30,0.026143648,-0.020164595,0.012644881
2026-02-12 20:30:40,-0.075930461,0.086288279,0.026398565
2026-02-12 20:30:50,-0.046298846,-0.031035862,0.026057089
2026-02-12 20:31:00,-0.075255869,0.007291620,0.024352330
2026-02-12 20:31:10,-0.033901251,-0.048846965,0.015128254
2026-02-12 20:31:20,-0.007509125,0.043000609,-0.019194183
2026-02-12 20:31:30,0.081916863,0.059446748,0.000084335
2026-02-12 20:31:40,-0.009611153,-0.050305265,-0.016845466
2026-02-12 20:31:50,-0.004784646,-0.013006051,0.023212900
2026-02-12 20:32:00,-0.057516853,-0.071019893,-0.040279347
2026-02-12 20:32:10,0.060317813,-0.016140337,-0.023774297
2026-02-12 20:32:20,-0.046464818,0.043559328,0.019989224
2026-02-12 20:32:30,0.072769505,-0.094599841,-0.013040283
2026-02-12 20:32:40,-0.031461557,-0.002587117,-0.101661150
2026-02-12 20:32:50,0.047689801,0.047971810,-0.065035315
2026-02-12 20:33:00,0.011898363,0.012062303,0.049157581
2026-02-12 20:33:10,-0.031650228,0.036926918,-0.125205227
2026-02-12 20:33:20,-0.014314494,0.032077682,-0.047599878
2026-02-12 20:33:30,-0.035510794,-0.057721953,-0.012780615
2026-02-12 20:33:40,0.082214788,-0.058472150,-0.004082976
2026-02-12 20:33:50,0.041080644,-0.043895096,-0.033750936
2026-02-12 20:34:00,-0.024916574,0.017506072,-0.113352272
2026-02-12 20:34:10,0.017672936,-0.077782534,0.000250086
2026-02-12 20:34:20,0.031179064,-0.089739436,0.020418921
2026-02-12 20:34:30,-0.048139231,-0.002520576,-0.012709922
2026-02-12 20:34:40,0.084778385,0.024139406,-0.047554309
2026-02-12 20:34:50,-0.056755916,-0.010888981,-0.026681968
2026-02-12 20:35:00,0.032723264,-0.010272534,-0.048486313
2026-02-12 20:35:10,0.028399779,0.092344159,-0.018714913
2026-02-12 20:35:20,-0.009394226,0.019656859,0.037319401
2026-02-12 20:35:30,-0.049866458,0.043698693,-0.044764286
2026-02-12 20:35:40,-0.015208946,-0.027540050,-0.035153617
2026-02-12 20:35:50,0.094003594,0.113436088,-0.045521542
2026-02-12 20:36:00,-0.107666930,-0.068273065,-0.032128488
2026-02-12 20:36:10,0.033971435,0.049819994,-0.032236456
2026-02-12 20:36:20,-0.016736664,-0.031195458,0.026095103
2026-02-12 20:36:30,0.040151707,0.068136867,0.015601106
2026-02-12 20:36:40,-0.008557844,0.028005058,-0.071250187
2026-02-12 20:36:50,-0.064627152,0.012075320,0.086457990
2026-02-12 20:37:00,0.033997650,-0.023473549,0.062873535
2026-02-12 20:37:10,-0.034537322,0.033300405,0.041265565
2026-02-12 20:37:20,-0.033201227,0.060042402,-0.046675395
2026-02-12 20:37:30,-0.069452568,0.076016375,-0.000451010
2026-02-12 20:37:40,-0.035004659,-0.009784746,0.025778213
2026-02-12 20:37:50,-0.027838825,0.072446194,-0.037391481
2026-02-12 20:38:00,0.048702353,-0.092995898,-0.143516879
2026-02-12 20:38:10,-0.002539654,0.063015621,-0.010527405
2026-02-12 20:38:20,-0.010646714,0.072726463,0.046808631
2026-02-12 20:38:30,-0.066126621,0.002968085,-0.040921581
2026-02-12 20:38:40,0.055608470,-0.018697939,-0.018105173
2026-02-12 20:38:50,0.037658100,0.092879601,-0.045908127
2026-02-12 20:39:00,0.043394035,0.033242490,0.086868236
2026-02-12 20:39:10,-0.081271635,0.010158572,0.045278541
2026-02-12 20:39:20,0.087666352,-0.020664205,-0.008983437
2026-02-12 20:39:30,-0.051422139,-0.002521329,-0.049612862
2026-02-12 20:39:40,0.052964275,0.055366858,0.125170112
2026-02-12 20:39:50,0.005185709,0.051755985,0.098806851
2026-02-12 20:40:00,0.090692198,-0.002702031,0.044889593
2026-02-12 20:40:10,0.094507747,-0.073231134,-0.124107062
2026-02-12 20:40:20,-0.014510889,0.049698175,0.051596410
2026-02-12 20:40:30,-0.049516742,0.146443595,0.032529998
2026-02-12 20:40:40,0.012951091,0.008486899,-0.086231092
2026-02-12 20:40:50,0.032661399,-0.085413233,-0.021638225
2026-02-12 20:41:00,0.096409830,-0.103272242,0.000216054
2026-02-12 20:41:10,0.082816199,0.005287315,-0.006755370
2026-02-12 20:41:20,0.035477409,-0.095028256,0.019097485
2026-02-12 20:41:30,-0.027077424,-0.059431364,-0.046520271
2026-02-12 20:41:40,0.065469764,0.067693678,0.004929014
2026-02-12 20:41:50,0.008467720,-0.025675789,-0.039581506
2026-02-12 20:42:00,-0.081202926,0.019582267,-0.046296608
2026-02-12 20:42:10,-0.029709515,0.019657347,-0.049997197
2026-02-12 20:42:20,-0.013112282,0.076680205,0.051739396
2026-02-12 20:42:30,0.031136476,-0.040835687,0.002072578
2026-02-12 20:42:40,0.058347722,0.023431411,0.052830975
2026-02-12 20:42:50,0.086569678,-0.110407119,0.060443966
2026-02-12 20:43:00,0.027362404,-0.037995084,0.052420263
2026-02-12 20:43:10,0.020795571,0.051172878,0.025882099
2026-02-12 20:43:20,0.061513480,0.016287307,0.043289458
2026-02-12 20:43:30,0.015711126,0.089434283,-0.053657969
2026-02-12 20:43:40,-0.007767550,-0.045718739,-0.009509968
2026-02-12 20:43:50,0.019989797,0.056407362,-0.014064290
2026-02-12 20:44:00,0.030524706,-0.035485697,0.025560298
2026-02-12 20:44:10,0.093067229,-0.018264645,0.063708984
2026-02-12 20:44:20,0.090493782,-0.037141110,0.138338392
2026-02-12 20:44:30,-0.043308806,-0.005578441,-0.009644700
2026-02-12 20:44:40,-0.028799749,-0.014038513,-0.002536769
2026-02-12 20:44:50,-0.017391983,0.061944093,0.076646770
2026-02-12 20:45:00,-0.077939264,-0.054311074,-0.122559904
2026-02-12 20:45:10,0.094831843,0.033034652,-0.059731589
2026-02-12 20:45:20,-0.050076563,0.082890124,0.109698406
2026-02-12 20:45:30,-0.018990780,0.072441242,-0.059722462
2026-02-12 20:45:40,-0.033620308,-0.066316615,-0.021947286
2026-02-12 20:45:50,-0.073878309,0.005419362,-0.046535244
2026-02-12 20:46:00,0.012358263,-0.138735880,-0.040807082
2026-02-12 20:46:10,-0.050841380,0.028055222,0.017143702
2026-02-12 20:46:20,0.027171649,0.046559674,0.016156614
2026-02-12 20:46:30,0.061511466,-0.056830917,-0.003020859
2026-02-12 20:46:40,0.010652865,-0.041644776,-0.118686737
2026-02-12 20:46:50,0.002655811,-0.016099526,0.045129573
2026-02-12 20:47:00,0.038100515,0.032237388,-0.035954794
2026-02-12 20:47:10,0.012071669,0.093789663,0.017819221
2026-02-12 20:47:20,0.077400870,0.005252732,-0.091686033
2026-02-12 20:47:30,0.005234676,-0.066359965,0.043294338
2026-02-12 20:47:40,0.023396264,-0.019185106,0.081166646
2026-02-12 20:47:50,-0.086752220,0.066495900,-0.015558728
2026-02-12 20:48:00,0.067531488,-0.017916752,0.091167818
2026-02-12 20:48:10,0.018366316,0.061007516,-0.055001096
2026-02-12 20:48:20,0.005523270,-0.006500645,-0.052051695
2026-02-12 20:48:30,-0.001976420,-0.066987893,0.028354770
2026-02-12 20:48:40,-0.111358442,-0.077367703,0.031347237
2026-02-12 20:48:50,-0.062049026,0.084072539,0.023953237
2026-02-12 20:49:00,-0.073067487,-0.039146476,0.016379970
2026-02-12 20:49:10,0.022916894,-0.078727029,-0.017802446
2026-02-12 20:49:20,-0.123057649,-0.031607012,0.030325471
2026-02-12 20:49:30,-0.022903896,-0.021758703,0.035545118
2026-02-12 20:49:40,0.000829011,-0.075270892,0.050682393
2026-02-12 20:49:50,0.087569421,0.028438866,-0.013981912
2026-02-12 20:50:00,0.047117267,-0.040373983,-0.052586940
2026-02-12 20:50:10,0.015079460,-0.024346799,0.026998079
2026-02-12 20:50:20,0.051379432,0.007833084,0.039639954
2026-02-12 20:50:30,0.013573222,0.009246574,-0.009741335
2026-02-12 20:50:40,0.007958712,-0.055070294,0.011361839
2026-02-12 20:50:50,-0.047054614,0.066609032,0.004963688
2026-02-12 20:51:00,0.036995081,-0.021646762,0.023800103
2026-02-12 20:51:10,-0.026220506,-0.009251764,0.078927366
2026-02-12 20:51:20,-0.026448623,-0.041356076,0.029127318
2026-02-12 20:51:30,-0.013512736,0.061630319,0.145407673
2026-02-12 20:51:40,-0.058304521,0.022093504,0.039531280
2026-02-12 20:51:50,0.014252092,-0.003193506,0.034450349
2026-02-12 20:52:00,0.012865499,0.006748830,-0.023444721
2026-02-12 20:52:10,0.008219720,0.002135243,0.107629846
2026-02-12 20:52:20,0.045776427,-0.014551564,0.059550004
2026-02-12 20:52:30,0.068542365,0.042226318,-0.016317965
2026-02-12 20:52:40,0.006533171,-0.017913215,0.022911731
2026-02-12 20:52:50,-0.052252687,0.072890936,0.025990833
2026-02-12 20:53:00,0.065871825,-0.026964244,-0.067310492
2026-02-12 20:53:10,0.003245684,0.117702517,-0.095386005
2026-02-12 20:53:20,-0.013681625,0.006814556,0.020592877
2026-02-12 20:53:30,-0.026968334,0.023838850,-0.033435065
2026-02-12 20:53:40,0.077679839,-0.103428617,-0.060533971
2026-02-12 20:53:50,-0.068978395,-0.117034124,0.085409524
2026-02-12 20:54:00,-0.048866462,0.001431993,-0.000093651
2026-02-12 20:54:10,-0.041376053,0.006955925,0.037314367
2026-02-12 20:54:20,-0.080217096,0.062058937,0.003420715
2026-02-12 20:54:30,-0.084807848,-0.028743571,-0.032089114
2026-02-12 20:54:40,-0.017693026,0.069800414,-0.061925003
2026-02-12 20:54:50,0.001052872,-0.025071358,-0.026712872
2026-02-12 20:55:00,-0.068967835,-0.009097448,0.029000011
2026-02-12 20:55:10,-0.008938088,-0.037689938,0.012825748
2026-02-12 20:55:20,0.091435185,-0.095013759,-0.043524015
2026-02-12 20:55:30,0.060289118,0.039146522,0.002358346
2026-02-12 20:55:40,-0.005990016,0.109719565,0.002625509
2026-02-12 20:55:50,0.017993288,-0.090261774,-0.111160127
2026-02-12 20:56:00,0.056927850,-0.004023116,-0.022069602
2026-02-12 20:56:10,-0.027542235,0.003484209,0.052150415
2026-02-12 20:56:20,-0.067055458,-0.063116284,0.054828446
2026-02-12 20:56:30,0.031619721,0.018910979,0.048889352
2026-02-12 20:56:40,-0.019690714,-0.057228991,0.003208900
2026-02-12 20:56:50,-0.049102692,0.032868157,0.037875534
2026-02-12 20:57:00,-0.027496184,0.054443418,0.042129461
2026-02-12 20:57:10,-0.110012680,-0.009141446,-0.004261911
2026-02-12 20:57:20,0.018701657,0.020550508,-0.014441330
2026-02-12 20:57:30,-0.098665114,-0.079358542,0.070714866
2026-02-12 20:57:40,-0.003632524,-0.024741029,-0.000834185
2026-02-12 20:57:50,-0.024026273,-0.126961538,0.013469885
2026-02-12 20:58:00,-0.010814130,0.062820951,-0.053349753
2026-02-12 20:58:10,0.093513506,0.053035818,0.063685963
2026-02-12 20:58:20,-0.012451001,-0.014096795,-0.024198412
2026-02-12 20:58:30,-0.002061926,-0.080263963,-0.054719355
2026-02-12 20:58:40,-0.008717281,-0.024959604,-0.071588864
2026-02-12 20:58:50,0.006316768,-0.053383432,-0.023732015
2026-02-12 20:59:00,0.053930231,-0.059014084,-0.007419973
2026-02-12 20:59:10,-0.039815741,0.037122349,-0.001963448
2026-02-12 20:59:20,-0.026751850,0.023632690,-0.041123733
2026-02-12 20:59:30,0.007157512,-0.058521781,0.037212729
2026-02-12 20:59:40,0.025249753,-0.021079335,0.071281750
2026-02-12 20:59:50,0.021906717,0.082052974,-0.017926946
2026-02-12 21:00:00,0.056432422,0.013499001,0.063627392
2026-02-12 21:00:10,-0.003421871,-0.023078659,0.009833352
2026-02-12 21:00:20,-0.057515019,-0.005613882,0.006205372
2026-02-12 21:00:30,-0.033926258,0.053921319,0.041909403
2026-02-12 21:00:40,-0.045087206,-0.010270794,-0.006986114
2026-02-12 21:00:50,0.000460368,-0.004331570,0.018240341
2026-02-12 21:01:00,-0.025927732,-0.041219794,-0.021187225
2026-02-12 21:01:10,0.009536762,-0.035803970,-0.017867478
2026-02-12 21:01:20,-0.040665160,0.013423487,-0.029576516
2026-02-12 21:01:30,0.028375073,-0.041925722,-0.008155719
2026-02-12 21:01:40,0.118026793,0.099790073,0.025123021
2026-02-12 21:01:50,0.116062811,-0.062058581,-0.042385257
2026-02-12 21:02:00,-0.023990906,-0.090481483,-0.040018165
2026-02-12 21:02:10,0.084901912,0.033996066,-0.002700296
2026-02-12 21:02:20,-0.012364828,-0.041810468,0.030350427
2026-02-12 21:02:30,-0.011237064,-0.086138102,0.012995995
2026-02-12 21:02:40,-0.082252255,0.064482131,-0.010860185
2026-02-12 21:02:50,0.008205343,0.032523903,-0.083427319
2026-02-12 21:03:00,0.010145511,0.081247524,-0.053926609
2026-02-12 21:03:10,0.013638786,0.070280629,-0.059320817
2026-02-12 21:03:20,-0.067086198,-0.054823361,0.010913970
2026-02-12 21:03:30,-0.015979489,-0.073576563,-0.007881804
2026-02-12 21:03:40,-0.024775001,0.007543034,0.006575176
2026-02-12 21:03:50,0.001094549,-0.080923680,0.028650355
2026-02-12 21:04:00,-0.019943787,-0.113037583,-0.022581297
2026-02-12 21:04:10,0.039134956,-0.000460044,0.027471376
2026-02-12 21:04:20,0.056831015,0.028444193,0.024908501
2026-02-12 21:04:30,0.031225282,-0.012061181,-0.060245656
2026-02-12 21:04:40,0.051839242,-0.023803712,-0.003320895
2026-02-12 21:04:50,-0.066860882,0.076182038,0.005947180
2026-02-12 21:05:00,0.091342081,0.106788654,-0.012397755
2026-02-12 21:05:10,0.041686194,-0.013509109,0.026124769
2026-02-12 21:05:20,-0.024646838,0.014871212,-0.002988056
2026-02-12 21:05:30,-0.019868785,-0.006874730,0.050601515
2026-02-12 21:05:40,-0.020232779,-0.090519281,-0.033149614
2026-02-12 21:05:50,0.020428678,0.042271437,-0.071341253
2026-02-12 21:06:00,-0.044521472,-0.085875027,0.014241060
2026-02-12 21:06:10,-0.093985242,0.051960754,0.051113817
2026-02-12 21:06:20,-0.011185715,-0.053697676,-0.014560938
2026-02-12 21:06:30,0.044669808,0.045062163,0.014194479
2026-02-12 21:06:40,0.069606815,-0.004457539,0.051430988
2026-02-12 21:06:50,-0.000191524,-0.025780270,0.054221062
2026-02-12 21:07:00,-0.026607041,0.051194237,-0.050950224
2026-02-12 21:07:10,-0.011667110,-0.038912666,-0.030478461
2026-02-12 21:07:20,0.027518867,0.007920834,-0.050913073
2026-02-12 21:07:30,0.005210572,0.019648673,0.012570867
2026-02-12 21:07:40,-0.065482732,0.069070009,-0.071451832
2026-02-12 21:07:50,0.059648708,-0.002999967,-0.061154737
2026-02-12 21:08:00,-0.021613995,0.028236633,-0.022424264
2026-02-12 21:08:10,0.015926045,-0.047278544,-0.005776520
2026-02-12 21:08:20,0.004641409,-0.060453241,0.108670714
2026-02-12 21:08:30,0.000289838,-0.038506094,-0.040421567
2026-02-12 21:08:40,0.045080400,0.035115201,0.001224787
2026-02-12 21:08:50,-0.028104020,-0.050209554,-0.019513790
2026-02-12 21:09:00,-0.071595746,-0.015456878,0.047009155
2026-02-12 21:09:10,-0.058427480,0.021086890,-0.059001992
2026-02-12 21:09:20,0.044633485,0.091975651,0.036897404
2026-02-12 21:09:30,0.011933515,0.042188236,-0.069384558
2026-02-12 21:09:40,0.003048528,0.064942200,-0.017164383
2026-02-12 21:09:50,-0.012098399,0.013842236,0.019239876
2026-02-12 21:10:00,-0.054000497,-0.028405582,0.025882860
2026-02-12 21:10:10,0.092153527,0.012000336,-0.045184869
2026-02-12 21:10:20,-0.047292884,-0.038815470,0.024328847
2026-02-12 21:10:30,0.004372751,-0.028311060,0.013916016
2026-02-12 21:10:40,0.006765364,-0.018964145,0.031146037
2026-02-12 21:10:50,0.093148269,0.060806396,0.026164426
2026-02-12 21:11:00,0.075127402,0.058733456,0.059939995
2026-02-12 21:11:10,-0.081988184,0.016571487,-0.011669119
2026-02-12 21:11:20,-0.048644025,0.022682456,-0.010444838
2026-02-12 21:11:30,-0.053485352,0.053473840,0.005682850
2026-02-12 21:11:40,0.023302948,0.031551013,0.039300016
2026-02-12 21:11:50,0.072851194,0.001833269,-0.030213146
2026-02-12 21:12:00,-0.059712496,0.071059100,-0.016250711
2026-02-12 21:12:10,-0.030477553,0.063767192,0.059865152
2026-02-12 21:12:20,0.028280189,0.017451534,0.115313691
2026-02-12 21:12:30,-0.166712610,-0.086839631,-0.017624593
2026-02-12 21:12:40,-0.012737797,-0.064670921,0.023385625
2026-02-12 21:12:50,0.015043716,-0.069023914,-0.067809697
2026-02-12 21:13:00,0.040017306,0.017086571,-0.058241779
2026-02-12 21:13:10,-0.036533041,0.057981537,0.018601420
2026-02-12 21:13:20,-0.026406116,-0.025555451,-0.108580032
2026-02-12 21:13:30,0.012725249,0.014083727,0.016606889
2026-02-12 21:13:40,-0.026125748,0.007736468,-0.032886701
2026-02-12 21:13:50,-0.052141847,-0.055227797,-0.011010948
2026-02-12 21:14:00,-0.021247447,-0.046873038,0.010714698
2026-02-12 21:14:10,-0.046493077,-0.037878815,0.003097771
2026-02-12 21:14:20,0.088525851,-0.003830433,0.036840117
2026-02-12 21:14:30,-0.041774204,-0.010540816,0.000858867
2026-02-12 21:14:40,0.036433333,-0.007119298,0.015746224
2026-02-12 21:14:50,0.017150004,0.016252137,-0.000323115
2026-02-12 21:15:00,-0.051690696,0.022755522,0.044124072
2026-02-12 21:15:10,0.029865542,-0.081719460,0.008223264
2026-02-12 21:15:20,0.008465877,0.022234911,-0.032531474
2026-02-12 21:15:30,0.053250211,-0.009516481,-0.015752406
2026-02-12 21:15:40,-0.040160096,-0.002347811,-0.050807119
2026-02-12 21:15:50,-0.075193640,-0.029891586,-0.004111381
2026-02-12 21:16:00,-0.013437332,-0.010883016,-0.021148841
2026-02-12 21:16:10,-0.061529611,0.047199981,0.146009196
2026-02-12 21:16:20,0.002677433,-0.010727191,-0.061284536
2026-02-12 21:16:30,0.024592380,0.061921100,0.053222752
2026-02-12 21:16:40,0.058270439,-0.026039234,-0.028083619
2026-02-12 21:16:50,-0.067294980,-0.020119740,-0.022207220
2026-02-12 21:17:00,-0.016447254,0.051167338,-0.022157543
2026-02-12 21:17:10,-0.091734191,-0.029719272,-0.013163526
2026-02-12 21:17:20,-0.044851572,0.026318872,0.031157491
2026-02-12 21:17:30,0.024266661,-0.046988541,-0.036883930
2026-02-12 21:17:40,-0.088262352,-0.000611229,0.032315695
2026-02-12 21:17:50,-0.008538493,-0.004765608,0.027244017
2026-02-12 21:18:00,-0.049833923,-0.034260440,-0.004725707
2026-02-12 21:18:10,0.033083595,0.032420407,-0.001023360
2026-02-12 21:18:20,-0.048176521,0.063383016,-0.013134367
2026-02-12 21:18:30,-0.055446093,-0.050208948,-0.022555203
2026-02-12 21:18:40,0.054153197,-0.016038033,-0.006509701
2026-02-12 21:18:50,-0.151747163,0.084339872,0.079136754
2026-02-12 21:19:00,0.064367373,-0.040564078,-0.029554892
2026-02-12 21:19:10,-0.063253491,-0.028662026,0.058478409
2026-02-12 21:19:20,-0.032289263,0.076547326,-0.096581698
2026-02-12 21:19:30,0.127389190,-0.068738380,0.029523332
2026-02-12 21:19:40,-0.004908715,0.049520354,0.017327998
2026-02-12 21:19:50,0.036281816,0.028019053,0.002579488
2026-02-12 21:20:00,0.000457356,-0.028508440,-0.072606363
2026-02-12 21:20:10,0.050193959,0.046665397,0.039760268
2026-02-12 21:20:20,-0.026371029,-0.017889102,-0.001100997
2026-02-12 21:20:30,0.070671510,0.087227080,-0.097357867
2026-02-12 21:20:40,0.016350719,-0.066605926,-0.020329177
2026-02-12 21:20:50,0.044283306,-0.014472950,0.027062314
2026-02-12 21:21:00,0.031163808,0.078879279,-0.031986044
2026-02-12 21:21:10,-0.066922243,0.045137272,0.011324075
2026-02-12 21:21:20,0.018620965,0.026972769,-0.133825282
2026-02-12 21:21:30,0.004922735,-0.090907464,-0.054008189
2026-02-12 21:21:40,0.034434537,-0.062877629,0.126932256
2026-02-12 21:21:50,-0.026041266,-0.012783815,-0.035191266
2026-02-12 21:22:00,0.072873597,-0.070986289,0.047801807
2026-02-12 21:22:10,0.003008476,0.045876221,-0.059555800
2026-02-12 21:22:20,-0.010361245,-0.000889905,-0.026284335
2026-02-12 21:22:30,-0.000980857,0.003494778,-0.074676452
2026-02-12 21:22:40,0.019796235,-0.008443329,-0.072270920
2026-02-12 21:22:50,0.075008215,-0.051497173,-0.044659488
2026-02-12 21:23:00,-0.084299516,0.049477203,-0.014318169
2026-02-12 21:23:10,-0.015220769,-0.074195276,-0.007119546
2026-02-12 21:23:20,-0.011906387,-0.057800345,-0.070394684
2026-02-12 21:23:30,-0.057058188,0.006521026,0.004176707
2026-02-12 21:23:40,0.041351075,0.014196934,-0.027926662
2026-02-12 21:23:50,0.019890313,-0.006013941,-0.011026533
2026-02-12 21:24:00,-0.041982400,-0.015879115,0.035467748
2026-02-12 21:24:10,-0.025645589,-0.099156305,-0.043014113
2026-02-12 21:24:20,-0.041938392,0.044463543,-0.033399459
2026-02-12 21:24:30,0.005675723,-0.025142502,0.045823126
2026-02-12 21:24:40,-0.005573898,0.058594111,0.046775359
2026-02-12 21:24:50,0.098207965,-0.048706669,0.088521220
2026-02-12 21:25:00,-0.043237535,0.031559436,-0.024007471
2026-02-12 21:25:10,-0.089167558,0.105312858,-0.035165192
2026-02-12 21:25:20,0.008574111,0.024718232,-0.048813299
2026-02-12 21:25:30,0.043177447,-0.097611976,-0.089580819
2026-02-12 21:25:40,0.048992059,-0.042011896,0.055319521
2026-02-12 21:25:50,0.015993392,0.130622375,0.106079532
2026-02-12 21:26:00,0.022129081,-0.043381501,-0.008758584
2026-02-12 21:26:10,-0.067528287,0.000520152,-0.067765376
2026-02-12 21:26:20,0.000093761,-0.021555338,-0.011379389
2026-02-12 21:26:30,-0.009787951,0.113248624,0.029083927
2026-02-12 21:26:40,-0.047992820,-0.047532613,-0.021537999
2026-02-12 21:26:50,-0.031549971,-0.084807383,-0.052669431
2026-02-12 21:27:00,0.006452816,0.051128263,-0.071402789
2026-02-12 21:27:10,0.033634156,0.112527729,-0.020604711
2026-02-12 21:27:20,0.021596296,0.071750731,0.028948887
2026-02-12 21:27:30,-0.035867012,-0.045817504,-0.004183016
2026-02-12 21:27:40,0.043052504,-0.112106885,-0.046352996
2026-02-12 21:27:50,-0.071306554,-0.027570840,-0.083828136
2026-02-12 21:28:00,0.010450069,0.046386273,-0.065512462
2026-02-12 21:28:10,0.002492243,0.011205857,-0.043521469
2026-02-12 21:28:20,-0.012073692,0.005331255,0.136569113
2026-02-12 21:28:30,-0.033467125,0.064268291,-0.034082272
2026-02-12 21:28:40,-0.052023024,0.028239940,-0.011788852
2026-02-12 21:28:50,-0.017325898,-0.036861690,-0.022234605
2026-02-12 21:29:00,-0.058197135,-0.030164483,0.002280677
2026-02-12 21:29:10,-0.082881987,0.048667394,-0.000410951
2026-02-12 21:29:20,-0.078766316,-0.016596625,0.064579390
2026-02-12 21:29:30,-0.007612591,-0.025709573,0.083054013
2026-02-12 21:29:40,-0.003238609,0.041438242,-0.021491142
2026-02-12 21:29:50,0.073594002,0.019832969,-0.080665388
2026-02-12 21:30:00,-0.041798269,-0.032664563,-0.012196013
2026-02-12 21:30:10,0.051191386,0.162091573,0.031461891
2026-02-12 21:30:20,0.032509371,0.084560267,-0.070802099
2026-02-12 21:30:30,-0.007236685,-0.121254655,-0.083793255
2026-02-12 21:30:40,0.099560544,-0.088136215,0.036665668
2026-02-12 21:30:50,0.113705554,0.061129279,0.001569732
2026-02-12 21:31:00,0.033517313,-0.066714746,-0.002225135
2026-02-12 21:31:10,0.068257490,0.000271468,0.027192898
2026-02-12 21:31:20,0.031562323,0.001175334,-0.096705283
2026-02-12 21:31:30,0.018662903,-0.062966209,0.006522656
2026-02-12 21:31:40,-0.024799817,-0.027387327,-0.009439061
2026-02-12 21:31:50,-0.006460313,0.073742448,-0.067385513
2026-02-12 21:32:00,0.058018999,-0.037089798,0.018392103
2026-02-12 21:32:10,-0.034333250,0.047453141,0.081616895
2026-02-12 21:32:20,0.044376709,0.003331679,-0.018722207
2026-02-12 21:32:30,-0.007079581,0.017883718,-0.098842301
2026-02-12 21:32:40,0.024655000,0.021349027,-0.004328209
2026-02-12 21:32:50,-0.061544738,-0.003215303,0.037077830
2026-02-12 21:33:00,-0.027700302,0.080360233,0.054977560
2026-02-12 21:33:10,0.102867041,-0.037238315,0.107783241
2026-02-12 21:33:20,-0.028456604,-0.050233760,0.071462052
2026-02-12 21:33:30,-0.031479257,-0.048979910,0.032724253
2026-02-12 21:33:40,0.041589668,-0.082509830,0.061970095
2026-02-12 21:33:50,-0.024414491,-0.012964634,-0.096179858
2026-02-12 21:34:00,-0.051476367,-0.049375425,-0.083200721
2026-02-12 21:34:10,-0.065885920,-0.044814824,-0.051220029
2026-02-12 21:34:20,0.024519658,-0.032069629,0.003352664
2026-02-12 21:34:30,0.011152565,-0.051192276,0.040404589
2026-02-12 21:34:40,-0.058923930,-0.123226535,0.020329132
2026-02-12 21:34:50,0.041002873,-0.039848201,-0.032264087
2026-02-12 21:35:00,0.042399966,-0.037347636,-0.009988474
2026-02-12 21:35:10,0.024179383,0.011896301,0.032426372
2026-02-12 21:35:20,-0.027413066,-0.073239584,0.108904968
2026-02-12 21:35:30,-0.045758552,-0.030529670,0.047564518
2026-02-12 21:35:40,-0.025534115,-0.028406192,0.055537986
2026-02-12 21:35:50,0.023982638,0.036602499,-0.049490027
2026-02-12 21:36:00,0.016457550,0.099264758,0.053331536
2026-02-12 21:36:10,0.060066096,0.004080969,0.056924980
2026-02-12 21:36:20,-0.017078338,-0.167085289,-0.085700901
2026-02-12 21:36:30,0.048339814,-0.023478706,0.028177230
2026-02-12 21:36:40,0.048725395,-0.053831583,-0.059442965
2026-02-12 21:36:50,0.091341502,-0.037084948,-0.091855136
2026-02-12 21:37:00,0.027382656,0.014808170,-0.013862344
2026-02-12 21:37:10,0.004048397,-0.010397728,0.031816893
2026-02-12 21:37:20,0.047436642,-0.039737786,0.028368080
2026-02-12 21:37:30,-0.027163479,0.004822496,-0.019955345
2026-02-12 21:37:40,0.039643104,0.008386696,0.076188628
2026-02-12 21:37:50,-0.019507081,-0.027773386,0.025918936
2026-02-12 21:38:00,0.023016845,-0.053471029,0.015122844
2026-02-12 21:38:10,0.053942730,0.070673231,-0.005315338
2026-02-12 21:38:20,-0.070907177,0.016973944,0.008161481
2026-02-12 21:38:30,-0.014621858,-0.079725035,-0.072046061
2026-02-12 21:38:40,0.047548289,-0.029138155,-0.043860548
2026-02-12 21:38:50,0.008335457,-0.044622593,0.042180221
2026-02-12 21:39:00,-0.017412898,0.027739497,-0.077847300
2026-02-12 21:39:10,-0.013438619,-0.065275661,-0.054001396
2026-02-12 21:39:20,0.004278463,-0.012751153,0.051752750
2026-02-12 21:39:30,-0.002363994,-0.032700839,0.041417115
2026-02-12 21:39:40,0.116404898,-0.059197538,-0.033205692
2026-02-12 21:39:50,0.040477014,0.021956024,0.077656485
2026-02-12 21:40:00,0.013313684,0.095864880,0.007112629
2026-02-12 21:40:10,-0.099604528,-0.060130515,0.005032937
2026-02-12 21:40:20,-0.009252935,0.055434294,-0.063015571
2026-02-12 21:40:30,0.003191642,-0.075286453,-0.021836783
2026-02-12 21:40:40,-0.059404331,-0.042085938,0.043746527
2026-02-12 21:40:50,-0.074717841,-0.081286906,0.025369616
2026-02-12 21:41:00,-0.019830127,0.022823700,0.150116070
2026-02-12 21:41:10,-0.027790259,0.174594647,0.044321310
2026-02-12 21:41:20,0.049717690,-0.049939322,-0.014236849
2026-02-12 21:41:30,0.026927128,-0.029921477,0.070141558
2026-02-12 21:41:40,-0.069617717,-0.009223961,0.082018873
2026-02-12 21:41:50,0.083946609,0.007934085,-0.055476984
2026-02-12 21:42:00,0.036539220,-0.057411936,0.053555093
2026-02-12 21:42:10,0.074483673,0.110122176,0.115129709
2026-02-12 21:42:20,0.073974223,-0.022138007,-0.094662797
2026-02-12 21:42:30,0.079310568,0.071340925,-0.028281442
2026-02-12 21:42:40,0.008905591,0.046068950,0.013639986
2026-02-12 21:42:50,-0.076414921,0.009704236,0.070439548
2026-02-12 21:43:00,0.008415416,0.001483875,0.063438174
2026-02-12 21:43:10,0.033969471,0.013602215,-0.054537064
2026-02-12 21:43:20,0.065393023,-0.007655970,0.040231903
2026-02-12 21:43:30,-0.112091659,0.009131092,0.061577584
2026-02-12 21:43:40,-0.006837836,0.039297629,0.002776402
2026-02-12 21:43:50,0.060309280,0.028427202,0.028200780
2026-02-12 21:44:00,-0.003265099,0.010384301,-0.063973597
2026-02-12 21:44:10,-0.003217434,-0.033150594,0.060555876
2026-02-12 21:44:20,0.075203617,0.010708296,-0.081904594
2026-02-12 21:44:30,-0.074918786,0.077675311,-0.071723814
2026-02-12 21:44:40,-0.038616416,0.040070224,0.012711756
2026-02-12 21:44:50,-0.011954711,0.101752337,0.056330954
2026-02-12 21:45:00,-0.005269899,0.061457052,0.083147992
2026-02-12 21:45:10,0.088183135,0.019749734,0.034816882
2026-02-12 21:45:20,0.031999781,0.064040013,-0.084795906
2026-02-12 21:45:30,-0.017979508,-0.049395267,0.066721502
2026-02-12 21:45:40,-0.018563168,0.019063939,0.097613297
2026-02-12 21:45:50,-0.036456251,0.105586063,-0.024928445
2026-02-12 21:46:00,0.016345119,0.003234815,0.014565015
2026-02-12 21:46:10,0.097440693,0.007717571,-0.069195779
2026-02-12 21:46:20,0.013240846,0.101458355,-0.065737950
2026-02-12 21:46:30,0.039687861,0.000655110,0.050251878
2026-02-12 21:46:40,0.054004046,0.014145485,0.050575692
2026-02-12 21:46:50,-0.079467924,0.045997982,-0.060166437
2026-02-12 21:47:00,-0.043798268,-0.026379313,-0.010427513
2026-02-12 21:47:10,-0.019339972,-0.030425301,-0.017574187
2026-02-12 21:47:20,-0.002180310,0.067724138,-0.015136146
2026-02-12 21:47:30,-0.011090521,-0.063634242,0.092087881
2026-02-12 21:47:40,0.028890173,0.007840575,-0.020891217
2026-02-12 21:47:50,-0.014733202,0.092152733,-0.036907928
2026-02-12 21:48:00,0.004811894,0.049021547,0.012905639
2026-02-12 21:48:10,0.053505414,-0.034079940,-0.009633971
2026-02-12 21:48:20,0.039307759,0.015790416,-0.015268396
2026-02-12 21:48:30,-0.023877389,0.100774904,0.053444035
2026-02-12 21:48:40,0.002583525,-0.048559503,0.042493361
2026-02-12 21:48:50,0.001719093,0.080897496,-0.054222929
2026-02-12 21:49:00,0.058710149,-0.000999193,0.023880561
2026-02-12 21:49:10,0.040959311,0.040121269,0.035751630
2026-02-12 21:49:20,0.013962736,-0.098240373,-0.013018196
2026-02-12 21:49:30,-0.027571225,-0.013858065,0.042362653
2026-02-12 21:49:40,-0.057073300,0.067921663,-0.030509243
2026-02-12 21:49:50,-0.014690818,0.008039931,-0.071170665
2026-02-12 21:50:00,0.013226992,-0.017967184,-0.027835747
2026-02-12 21:50:10,-0.079745490,0.061714417,0.091802435
2026-02-12 21:50:20,-0.013967454,0.040128261,-0.051834692
2026-02-12 21:50:30,-0.062868106,0.034448538,-0.036141481
2026-02-12 21:50:40,-0.038983115,-0.007330285,-0.034188691
2026-02-12 21:50:50,0.037452060,-0.023077968,-0.022051556
2026-02-12 21:51:00,-0.049407165,-0.024973876,0.063210692
2026-02-12 21:51:10,0.058412195,0.028394980,-0.010066836
2026-02-12 21:51:20,-0.052163126,0.013017025,0.088875761
2026-02-12 21:51:30,0.026887222,0.009895315,-0.043470652
2026-02-12 21:51:40,0.024186139,-0.005233872,0.060845436
2026-02-12 21:51:50,-0.072261637,-0.052726435,-0.056335081
2026-02-12 21:52:00,0.018703556,0.103112227,-0.053222610
2026-02-12 21:52:10,-0.000090287,0.010335780,-0.003136922
2026-02-12 21:52:20,0.015581734,-0.076317700,-0.027873418
2026-02-12 21:52:30,0.001610002,0.025974306,0.040676228
2026-02-12 21:52:40,-0.021525230,-0.009355376,0.049616443
2026-02-12 21:52:50,0.094940975,-0.107177995,0.013347189
2026-02-12 21:53:00,-0.075418990,-0.060090217,0.006618594
2026-02-12 21:53:10,0.027231830,0.020651150,-0.033046377
2026-02-12 21:53:20,-0.062316017,-0.001511383,-0.026076599
2026-02-12 21:53:30,0.050058061,0.042849277,0.004909405
2026-02-12 21:53:40,-0.005005542,-0.011733969,-0.033749315
2026-02-12 21:53:50,-0.100289748,-0.067795438,-0.072317938
2026-02-12 21:54:00,0.010535502,-0.022666291,-0.026896430
2026-02-12 21:54:10,0.030732201,-0.049813798,-0.007320297
2026-02-12 21:54:20,-0.042379467,0.017360021,0.012928802
2026-02-12 21:54:30,-0.065105585,0.003197492,-0.068198007
2026-02-12 21:54:40,-0.009551881,0.058600223,0.014249650
2026-02-12 21:54:50,-0.026290375,-0.005260046,-0.029207229
2026-02-12 21:55:00,-0.003997395,-0.064367877,0.009776729
2026-02-12 21:55:10,-0.055057568,-0.034862114,0.031755632
2026-02-12 21:55:20,0.025540445,-0.002814718,0.021490545
2026-02-12 21:55:30,0.015154826,-0.041532988,0.040403991
2026-02-12 21:55:40,-0.017354161,-0.020097242,0.016258647
2026-02-12 21:55:50,-0.065070025,0.012095912,-0.014852421
2026-02-12 21:56:00,0.001002392,-0.013591303,-0.084538533
2026-02-12 21:56:10,-0.039002368,-0.016873516,0.044023191
2026-02-12 21:56:20,0.044900312,-0.025077448,-0.049713209
2026-02-12 21:56:30,0.054035193,0.065025490,0.023365686
2026-02-12 21:56:40,0.075504216,-0.034734750,0.026963402
2026-02-12 21:56:50,0.014634347,-0.008020299,0.037292385
2026-02-12 21:57:00,-0.107376493,-0.108711537,-0.013653774
2026-02-12 21:57:10,-0.088059538,-0.011304456,0.058961277
2026-02-12 21:57:20,-0.021945565,-0.005327713,-0.040142433
2026-02-12 21:57:30,0.026125585,-0.021815756,-0.033731535
2026-02-12 21:57:40,0.077000830,0.015469133,-0.028813463
2026-02-12 21:57:50,0.074985772,-0.068173375,-0.020235046
2026-02-12 21:58:00,-0.025775195,-0.103803430,0.038430244
2026-02-12 21:58:10,0.108972137,0.036246265,-0.037473594
2026-02-12 21:58:20,0.077221456,-0.053460733,-0.037019244
2026-02-12 21:58:30,0.028462231,-0.003324602,0.030374290
2026-02-12 21:58:40,0.116493262,0.020387051,0.051882037
2026-02-12 21:58:50,-0.007814445,0.015743881,-0.024135573
2026-02-12 21:59:00,0.038094116,0.073777352,0.023949184
2026-02-12 21:59:10,-0.004063470,0.062876949,-0.072994763
2026-02-12 21:59:20,0.007990745,0.027878044,0.052605481
2026-02-12 21:59:30,0.034110047,0.029932510,0.010815523
2026-02-12 21:59:40,0.030700703,-0.055503255,0.089632843
2026-02-12 21:59:50,0.081448825,-0.036006459,-0.003708046
2026-02-12 22:00:00,0.013975739,0.028211843,-0.033214255
2026-02-12 22:00:10,-0.048408087,-0.034375143,-0.018936455
2026-02-12 22:00:20,0.011819498,0.049721834,-0.075391765
2026-02-12 22:00:30,0.006896864,-0.021142828,-0.012934650
2026-02-12 22:00:40,0.034475558,0.036421671,-0.032508629
2026-02-12 22:00:50,-0.034974294,-0.040155623,0.038269643
2026-02-12 22:01:00,0.033309485,0.050411056,-0.012613873
2026-02-12 22:01:10,0.023512137,-0.009944702,0.029082134
2026-02-12 22:01:20,-0.020154755,0.007199317,-0.000373241
2026-02-12 22:01:30,-0.022123930,-0.082628512,-0.040869898
2026-02-12 22:01:40,-0.001456412,-0.046555903,0.012067101
2026-02-12 22:01:50,-0.011429436,-0.006287340,-0.007943822
2026-02-12 22:02:00,-0.011340904,-0.000942234,-0.080527588
2026-02-12 22:02:10,-0.067294533,-0.104623074,-0.051487320
2026-02-12 22:02:20,-0.038509496,-0.138158661,0.024744932
2026-02-12 22:02:30,0.093671007,-0.051623545,0.013467472
2026-02-12 22:02:40,0.089659392,0.070298833,0.060656438
2026-02-12 22:02:50,0.035830603,-0.048214678,0.020657091
2026-02-12 22:03:00,-0.012312449,-0.061465945,0.018900228
2026-02-12 22:03:10,-0.028855571,0.017023522,-0.045556385
2026-02-12 22:03:20,0.018243988,0.045797753,-0.035840585
2026-02-12 22:03:30,0.008875508,-0.021951399,-0.045192470
2026-02-12 22:03:40,-0.033571418,0.077559712,0.041745984
2026-02-12 22:03:50,-0.037158566,0.003497693,-0.000150301
2026-02-12 22:04:00,0.049009632,0.036543644,-0.008035641
2026-02-12 22:04:10,-0.073192239,0.009529098,0.053981439
2026-02-12 22:04:20,0.007909487,-0.056399893,-0.042889873
2026-02-12 22:04:30,0.050760959,0.050494535,0.004472943
2026-02-12 22:04:40,-0.044256586,-0.028261480,0.004591797
2026-02-12 22:04:50,-0.017197800,-0.061418414,-0.029614754
2026-02-12 22:05:00,0.024187113,-0.085390800,0.025419364
2026-02-12 22:05:10,-0.015292581,-0.070098015,-0.045114070
2026-02-12 22:05:20,0.020471509,0.026299787,0.046495947
2026-02-12 22:05:30,0.068873652,-0.062245235,0.030559125
2026-02-12 22:05:40,-0.060687138,-0.010362473,0.086036486
2026-02-12 22:05:50,0.019490037,-0.029736182,-0.033406887
2026-02-12 22:06:00,-0.015546372,-0.019686107,0.007553257
2026-02-12 22:06:10,-0.011445380,-0.033843958,-0.028942987
2026-02-12 22:06:20,-0.008107672,0.039644264,-0.029277864
2026-02-12 22:06:30,0.044692717,0.042156712,-0.067545083
2026-02-12 22:06:40,-0.047195262,0.038660522,0.002417640
2026-02-12 22:06:50,0.029695400,0.010464795,-0.016101510
2026-02-12 22:07:00,0.015732721,0.016734957,-0.092164927
2026-02-12 22:07:10,0.133737106,0.144999047,-0.006257983
2026-02-12 22:07:20,0.007108816,0.004588246,-0.055755900
2026-02-12 22:07:30,-0.046237870,0.043211751,-0.059435968
2026-02-12 22:07:40,-0.067207616,-0.063670935,0.033090190
2026-02-12 22:07:50,-0.053412304,-0.099489131,0.048985924
2026-02-12 22:08:00,0.078424870,0.085415317,0.033671731
2026-02-12 22:08:10,-0.089410884,-0.065822671,-0.002315593
2026-02-12 22:08:20,0.038241898,-0.087234411,-0.043421175
2026-02-12 22:08:30,-0.030193217,-0.043166679,0.063517613
2026-02-12 22:08:40,0.029462233,0.038481240,-0.049010625
2026-02-12 22:08:50,-0.016256713,0.015629440,-0.026066218
2026-02-12 22:09:00,0.088126681,0.090736298,0.035609539
2026-02-12 22:09:10,0.016190170,0.074254055,-0.101540356
2026-02-12 22:09:20,0.006245832,-0.028646416,0.032975947
2026-02-12 22:09:30,0.040564111,0.007722670,-0.041525197
2026-02-12 22:09:40,0.023004038,0.016194690,-0.128250725
2026-02-12 22:09:50,-0.009239026,-0.011360688,0.043259071
2026-02-12 22:10:00,-0.063644471,0.020053936,-0.034371677
2026-02-12 22:10:10,-0.022412061,-0.018729058,0.047066974
2026-02-12 22:10:20,-0.020196372,0.026704962,0.006142515
2026-02-12 22:10:30,-0.007216168,0.013205615,-0.015778031
2026-02-12 22:10:40,0.012731780,-0.027939585,-0.019946535
2026-02-12 22:10:50,0.020425393,-0.046661978,-0.033745609
2026-02-12 22:11:00,-0.050829987,-0.066364839,-0.054047315
2026-02-12 22:11:10,-0.090578916,-0.032533852,0.031445418
2026-02-12 22:11:20,-0.069946500,0.020632023,0.056806794
2026-02-12 22:11:30,0.025435817,0.053035999,0.088657224
2026-02-12 22:11:40,-0.010773312,-0.091305283,-0.052095458
2026-02-12 22:11:50,-0.006476327,-0.054006922,0.087013979
2026-02-12 22:12:00,-0.077855604,0.049574845,0.024071469
2026-02-12 22:12:10,0.070999209,-0.198084203,-0.008936722
2026-02-12 22:12:20,-0.027640117,0.032722060,0.040730012
2026-02-12 22:12:30,-0.023171559,0.016133535,0.037149015
2026-02-12 22:12:40,0.064301720,-0.053825891,0.018633181
2026-02-12 22:12:50,0.108450675,0.047878941,-0.052893132
2026-02-12 22:13:00,-0.032958843,0.040703633,0.011388296
2026-02-12 22:13:10,0.062681229,0.052661524,0.054703026
2026-02-12 22:13:20,0.091067287,0.061797145,0.057160197
2026-02-12 22:13:30,-0.112434571,0.089965438,-0.005016475
2026-02-12 22:13:40,-0.029548138,0.032649097,0.032129686
2026-02-12 22:13:50,0.053468872,-0.008624687,-0.060331324
2026-02-12 22:14:00,-0.049870254,-0.001043513,0.037635137
2026-02-12 22:14:10,0.008275025,-0.006762147,0.013508025
2026-02-12 22:14:20,-0.016889400,0.022751382,0.031569453
2026-02-12 22:14:30,-0.089056799,0.006833119,-0.074060896
2026-02-12 22:14:40,0.114717977,0.021558525,-0.010587088
2026-02-12 22:14:50,0.070709175,0.025798273,0.050964091
2026-02-12 22:15:00,-0.018757414,-0.036313525,-0.023950729
2026-02-12 22:15:10,-0.100386837,-0.085622277,-0.027715069
2026-02-12 22:15:20,0.008156660,-0.061142903,-0.022451957
2026-02-12 22:15:30,0.004310026,-0.017159714,0.014194370
2026-02-12 22:15:40,0.028444280,0.026736666,0.041770448
2026-02-12 22:15:50,-0.025321638,-0.029566148,-0.053670065
2026-02-12 22:16:00,-0.053295930,0.052680272,0.031627024
2026-02-12 22:16:10,0.021590739,-0.009542981,-0.072558137
2026-02-12 22:16:20,-0.094313599,0.027902451,-0.015176267
2026-02-12 22:16:30,-0.025671432,0.088268264,-0.120197527
2026-02-12 22:16:40,-0.031107185,-0.079015667,-0.021937808
2026-02-12 22:16:50,-0.025388949,-0.042712341,0.073351626
2026-02-12 22:17:00,0.001039413,-0.008499013,0.066390210
2026-02-12 22:17:10,0.105406900,-0.043092503,-0.030675587
2026-02-12 22:17:20,0.041318983,0.099071986,0.070515975
2026-02-12 22:17:30,0.018637975,-0.022292057,0.017220807
2026-02-12 22:17:40,-0.052590135,0.005711395,-0.060230503
2026-02-12 22:17:50,0.066601838,-0.026742324,0.016261877
2026-02-12 22:18:00,-0.001617958,0.019890669,-0.002206858
2026-02-12 22:18:10,0.058839080,0.058715866,-0.015288891
2026-02-12 22:18:20,0.127837604,0.008335355,0.031235509
2026-02-12 22:18:30,0.006928081,-0.028652931,-0.061775937
2026-02-12 22:18:40,-0.080045343,-0.024250602,-0.095827310
2026-02-12 22:18:50,-0.001452500,0.003237336,-0.037735782
2026-02-12 22:19:00,0.035275011,-0.020433115,0.019259307
2026-02-12 22:19:10,-0.045054561,0.120760084,0.005684538
2026-02-12 22:19:20,0.009581733,-0.089521102,0.044044661
2026-02-12 22:19:30,-0.044192179,0.027244850,0.018750528
2026-02-12 22:19:40,0.096956846,0.009681869,-0.064058140
2026-02-12 22:19:50,0.083853267,0.071521214,0.030090505
2026-02-12 22:20:00,-0.010426000,-0.001682697,0.105417483
2026-02-12 22:20:10,0.078168295,0.057880267,0.042273213
2026-02-12 22:20:20,0.044240292,0.076135266,-0.031336586
2026-02-12 22:20:30,0.054946893,0.063313773,-0.096391265
2026-02-12 22:20:40,0.029086439,-0.051362269,-0.053945029
2026-02-12 22:20:50,-0.000925198,0.035804590,0.106760866
2026-02-12 22:21:00,-0.073898001,-0.074280101,0.040158229
2026-02-12 22:21:10,0.080854781,-0.025982236,-0.032423567
2026-02-12 22:21:20,0.026706733,-0.016987999,0.049594059
2026-02-12 22:21:30,-0.029284787,-0.003436023,0.052061448
2026-02-12 22:21:40,-0.046985822,0.030116595,-0.012184179
2026-02-12 22:21:50,0.018024797,0.006373931,0.039956505
2026-02-12 22:22:00,0.057820087,-0.023810006,-0.037606734
2026-02-12 22:22:10,-0.048352422,-0.044041661,-0.026152310
2026-02-12 22:22:20,0.042808453,0.028003534,0.008647852
2026-02-12 22:22:30,0.024957339,0.036070132,-0.131909351
2026-02-12 22:22:40,-0.032725251,-0.023037329,0.040341285
2026-02-12 22:22:50,-0.056734204,-0.061724299,0.034936841
2026-02-12 22:23:00,0.092031707,0.008838715,-0.000075232
2026-02-12 22:23:10,0.035438894,-0.001767721,-0.038062957
2026-02-12 22:23:20,-0.015023466,0.034196328,0.118877611
2026-02-12 22:23:30,-0.053082454,0.039190398,0.054378719
2026-02-12 22:23:40,0.027768360,0.022800831,0.006185531
2026-02-12 22:23:50,0.095364323,-0.032473504,-0.006283472
2026-02-12 22:24:00,0.012774865,-0.037862836,-0.024365016
2026-02-12 22:24:10,-0.115716076,0.003117842,-0.005199377
2026-02-12 22:24:20,-0.060271760,0.072220198,0.013790359
2026-02-12 22:24:30,0.042451109,0.012993030,0.052111647
2026-02-12 22:24:40,-0.028103132,0.014181249,0.010447656
2026-02-12 22:24:50,-0.037246270,0.032674845,-0.074068662
2026-02-12 22:25:00,-0.004660765,0.008911536,-0.004528176
2026-02-12 22:25:10,-0.010581451,-0.057399785,0.015002204
2026-02-12 22:25:20,-0.013780770,0.011173284,-0.014276774
2026-02-12 22:25:30,-0.053491607,-0.082877372,-0.050893552
2026-02-12 22:25:40,0.068515536,0.034310448,0.067078714
2026-02-12 22:25:50,-0.045903295,-0.074877290,-0.037633866
2026-02-12 22:26:00,0.022310820,-0.021593142,-0.032898632
2026-02-12 22:26:10,-0.094548709,-0.011209097,0.067655939
2026-02-12 22:26:20,0.005607474,0.050467631,0.042549808
2026-02-12 22:26:30,0.107134383,-0.045736489,0.041513018
2026-02-12 22:26:40,0.021515862,0.099844062,0.046250349
2026-02-12 22:26:50,-0.019735744,0.041343646,-0.092949675
2026-02-12 22:27:00,0.003187434,0.143582851,-0.040059634
2026-02-12 22:27:10,0.000406178,-0.013037401,-0.011537463
2026-02-12 22:27:20,-0.033566868,0.010527239,-0.119771149
2026-02-12 22:27:30,-0.062082182,-0.045477650,-0.001061763
2026-02-12 22:27:40,0.053434243,-0.071135942,0.007059566
2026-02-12 22:27:50,-0.039095505,0.021835226,0.045417602
2026-02-12 22:28:00,0.027868071,0.032317376,-0.026830106
2026-02-12 22:28:10,0.019972881,0.047039918,0.013188371
2026-02-12 22:28:20,0.010646572,0.080494299,0.008618103
2026-02-12 22:28:30,-0.009964107,-0.015348295,0.012145405
2026-02-12 22:28:40,-0.004338123,0.022135757,0.053595394
2026-02-12 22:28:50,-0.048910619,0.023779225,-0.041960249
2026-02-12 22:29:00,0.011028352,-0.055703725,-0.070746074
2026-02-12 22:29:10,0.039080814,-0.076425956,0.029939581
2026-02-12 22:29:20,-0.058731575,0.031566272,-0.017405852
2026-02-12 22:29:30,0.025465359,-0.040157315,-0.015416208
2026-02-12 22:29:40,0.005094988,0.004619701,0.039700723
2026-02-12 22:29:50,0.067318484,-0.084714956,0.081654817
2026-02-12 22:30:00,0.005483631,0.038358759,-0.004391071
2026-02-12 22:30:10,0.041012538,0.000096849,0.039209761
2026-02-12 22:30:20,-0.014318655,-0.052228520,-0.021667816
2026-02-12 22:30:30,-0.036362866,0.099370303,0.028112459
2026-02-12 22:30:40,0.053688179,-0.030204737,0.034576952
2026-02-12 22:30:50,-0.082174077,0.003478200,-0.020493217
2026-02-12 22:31:00,0.023554879,-0.035629962,-0.043617836
2026-02-12 22:31:10,0.046039080,-0.050528272,0.037425703
2026-02-12 22:31:20,0.024849682,-0.031767420,0.031132944
2026-02-12 22:31:30,0.002395752,0.025064800,0.001773335
2026-02-12 22:31:40,-0.039481858,0.090799839,0.088071652
2026-02-12 22:31:50,0.012510449,0.060501805,0.059937981
2026-02-12 22:32:00,0.015736306,0.117210944,-0.049283046
2026-02-12 22:32:10,-0.037686856,0.067909723,-0.030529957
2026-02-12 22:32:20,-0.064465799,0.064164195,0.039195675
2026-02-12 22:32:30,0.053437001,0.009024418,-0.088564275
2026-02-12 22:32:40,-0.014794624,0.021815516,0.024966576
2026-02-12 22:32:50,-0.076503642,-0.038450421,0.028193059
2026-02-12 22:33:00,0.047067619,-0.063590764,-0.036868642
2026-02-12 22:33:10,-0.017360700,-0.057541933,0.004911520
2026-02-12 22:33:20,0.027113758,0.097636258,0.020001495
2026-02-12 22:33:30,-0.005670139,0.091928795,-0.007043552
2026-02-12 22:33:40,-0.024686698,0.039306824,-0.058881309
2026-02-12 22:33:50,-0.025018441,-0.063216520,0.014158712
2026-02-12 22:34:00,0.065455088,0.073408720,0.067896521
2026-02-12 22:34:10,-0.015209272,-0.047767670,-0.021470998
2026-02-12 22:34:20,0.031878408,0.018444930,0.045565685
2026-02-12 22:34:30,-0.080613767,-0.036864104,-0.004139477
2026-02-12 22:34:40,-0.037532922,-0.193364402,0.022687611
2026-02-12 22:34:50,-0.035931310,-0.060806249,0.002912537
2026-02-12 22:35:00,0.015123381,-0.023971385,0.013877820
2026-02-12 22:35:10,0.011596263,0.028259768,0.092850584
2026-02-12 22:35:20,0.029751261,-0.003364404,-0.012049235
2026-02-12 22:35:30,-0.040356443,-0.009890456,-0.024579412
2026-02-12 22:35:40,-0.063266368,-0.081692586,-0.115054236
2026-02-12 22:35:50,-0.039296765,0.077325723,0.118230666
2026-02-12 22:36:00,0.027865323,0.046511132,-0.087404735
2026-02-12 22:36:10,-0.031507466,0.031981779,0.034378241
2026-02-12 22:36:20,0.074073434,-0.061964792,0.001219175
2026-02-12 22:36:30,0.010930108,0.005769705,-0.012475823
2026-02-12 22:36:40,-0.044356584,0.036257715,0.015680421
2026-02-12 22:36:50,0.069519123,0.095563827,0.010816075
2026-02-12 22:37:00,0.012218671,0.053696264,0.007744510
2026-02-12 22:37:10,-0.016798282,0.042691511,-0.049384015
2026-02-12 22:37:20,0.002505283,-0.045666294,-0.031671289
2026-02-12 22:37:30,-0.067205641,0.010730852,-0.043433978
2026-02-12 22:37:40,-0.005606210,0.021455755,-0.016810665
2026-02-12 22:37:50,-0.032926514,0.021673099,0.101202175
2026-02-12 22:38:00,-0.030545344,0.013303320,-0.017714771
2026-02-12 22:38:10,-0.027564106,0.013230667,0.094257124
2026-02-12 22:38:20,-0.058613279,-0.000214110,-0.019871098
2026-02-12 22:38:30,0.081713854,-0.120963704,-0.012961746
2026-02-12 22:38:40,0.024524965,0.003686886,0.017130738
2026-02-12 22:38:50,-0.052980286,0.120218880,-0.001016183
2026-02-12 22:39:00,-0.033584670,0.003458833,-0.065431626
2026-02-12 22:39:10,-0.039270542,0.030476411,0.133314927
2026-02-12 22:39:20,-0.080605889,0.028765926,0.029320923
2026-02-12 22:39:30,-0.087002121,0.034441265,0.001395999
2026-02-12 22:39:40,-0.084831464,-0.016803528,0.066732916
2026-02-12 22:39:50,-0.059454778,0.059212461,-0.036629801
2026-02-12 22:40:00,0.013541435,-0.025133135,-0.026271036
2026-02-12 22:40:10,-0.097170681,0.023438340,-0.073333955
2026-02-12 22:40:20,-0.086730995,0.034398784,0.085797115
2026-02-12 22:40:30,-0.049975600,0.023774146,0.056748565
2026-02-12 22:40:40,-0.122975770,-0.115460807,0.015870148
2026-02-12 22:40:50,0.029847349,0.031048766,0.062588043
2026-02-12 22:41:00,0.016434959,-0.048389081,0.011303560
2026-02-12 22:41:10,-0.048892254,0.093618827,-0.054985616
2026-02-12 22:41:20,-0.019771770,-0.041953745,-0.020461733
2026-02-12 22:41:30,-0.053761648,-0.022109212,0.040884112
2026-02-12 22:41:40,-0.010178093,-0.010899353,-0.072705967
2026-02-12 22:41:50,-0.034555794,0.108678269,-0.023169994
2026-02-12 22:42:00,0.049953997,0.102109707,-0.008863496
2026-02-12 22:42:10,0.089405157,-0.036751357,-0.065789859
2026-02-12 22:42:20,0.009929043,-0.049455454,-0.041825524
2026-02-12 22:42:30,0.043773916,0.039211412,0.078844857
2026-02-12 22:42:40,0.131647753,-0.006794326,-0.008202877
2026-02-12 22:42:50,0.045890056,-0.178509658,0.014360576
2026-02-12 22:43:00,0.050098715,0.115369451,0.088732763
2026-02-12 22:43:10,0.012367408,0.081267021,-0.050801000
2026-02-12 22:43:20,0.046003189,0.030189481,-0.009980731
2026-02-12 22:43:30,0.025181258,-0.018745077,-0.094679039
2026-02-12 22:43:40,0.065998499,-0.063744370,0.077899546
2026-02-12 22:43:50,-0.059107811,0.049156231,0.006806556
2026-02-12 22:44:00,0.044250480,-0.016779832,-0.031308930
2026-02-12 22:44:10,-0.004674268,-0.018007520,-0.002893622
2026-02-12 22:44:20,-0.015503979,0.026042757,-0.068451256
2026-02-12 22:44:30,0.037060353,0.052545481,0.022587286
2026-02-12 22:44:40,-0.016233661,-0.025368389,0.021701187
2026-02-12 22:44:50,-0.035548916,-0.058923775,-0.000521569
2026-02-12 22:45:00,0.063441709,-0.025456680,0.021329074
2026-02-12 22:45:10,-0.040349111,0.043651783,-0.016095057
2026-02-12 22:45:20,0.120398931,-0.056573478,0.038364968
2026-02-12 22:45:30,-0.013754435,-0.017984461,0.020960304
2026-02-12 22:45:40,0.005802700,0.062730235,0.011001009
2026-02-12 22:45:50,0.049826082,-0.021870197,0.068240863
2026-02-12 22:46:00,0.001273012,0.032110217,0.023888409
2026-02-12 22:46:10,0.003164673,-0.008600162,0.001533315
2026-02-12 22:46:20,-0.002922876,0.042996610,-0.058694247
2026-02-12 22:46:30,-0.047759694,0.049716292,0.064184118
2026-02-12 22:46:40,0.003833541,-0.033644227,-0.030828805
2026-02-12 22:46:50,0.030454970,-0.050555835,0.015946089
2026-02-12 22:47:00,-0.007051295,-0.084818789,-0.099173492
2026-02-12 22:47:10,-0.001572495,0.037644841,0.010551356
2026-02-12 22:47:20,0.008958090,0.003272362,0.072649264
2026-02-12 22:47:30,-0.008392189,0.004078378,-0.001556128
2026-02-12 22:47:40,-0.027599649,0.029481952,0.056449275
2026-02-12 22:47:50,-0.028640090,-0.029894908,-0.075022607
2026-02-12 22:48:00,-0.018401340,-0.030796906,-0.026002858
2026-02-12 22:48:10,-0.045584612,-0.019110693,0.037699299
2026-02-12 22:48:20,-0.020523042,0.014810476,-0.092502636
2026-02-12 22:48:30,-0.064916210,-0.044117760,0.039980335
2026-02-12 22:48:40,-0.015775378,-0.007291817,-0.040383474
2026-02-12 22:48:50,-0.062721194,-0.021975067,0.041496857
2026-02-12 22:49:00,-0.140438820,0.011832402,0.026679817
2026-02-12 22:49:10,0.062405450,-0.025374719,0.020966786
2026-02-12 22:49:20,-0.076011133,-0.071835371,0.088699086
2026-02-12 22:49:30,-0.081853667,0.045157824,-0.007694765
2026-02-12 22:49:40,-0.035427578,-0.019517106,0.006276010
2026-02-12 22:49:50,0.080918803,-0.030788990,0.037805290
2026-02-12 22:50:00,0.037586597,-0.027165329,-0.069722701
2026-02-12 22:50:10,0.096156863,0.063666162,0.008115760
2026-02-12 22:50:20,-0.009005402,-0.035420765,0.027606678
2026-02-12 22:50:30,-0.025787760,-0.049589272,-0.013757400
2026-02-12 22:50:40,0.002574955,0.045649805,-0.071475684
2026-02-12 22:50:50,-0.049909780,-0.020319249,-0.009009415
2026-02-12 22:51:00,0.044484719,-0.059967576,0.058105144
2026-02-12 22:51:10,-0.091036586,0.000596313,0.046927112
2026-02-12 22:51:20,-0.042603265,0.102230186,0.055037267
2026-02-12 22:51:30,0.036393486,0.064140335,-0.086273316
2026-02-12 22:51:40,-0.044964273,-0.026298326,0.012396788
2026-02-12 22:51:50,0.091090831,-0.012935641,0.014327774
2026-02-12 22:52:00,0.070341481,-0.068423063,-0.021896520
2026-02-12 22:52:10,0.036364451,-0.032835854,-0.008901273
2026-02-12 22:52:20,0.044741452,0.076954193,-0.065031217
2026-02-12 22:52:30,-0.119723457,0.033732881,-0.042119087
2026-02-12 22:52:40,0.007755213,-0.006475193,-0.020483563
2026-02-12 22:52:50,0.032200773,-0.009532274,-0.006142873
2026-02-12 22:53:00,-0.020303903,-0.003967498,-0.110520873
2026-02-12 22:53:10,0.007407196,-0.011169707,-0.059111507
2026-02-12 22:53:20,0.019960138,0.011680291,0.019558052
2026-02-12 22:53:30,0.008547047,-0.073561896,0.026997433
2026-02-12 22:53:40,-0.034618194,-0.026648778,0.083313684
2026-02-12 22:53:50,-0.035934720,0.047745736,0.047109681
2026-02-12 22:54:00,-0.049631978,-0.050443453,0.003670639
2026-02-12 22:54:10,0.015866077,0.026070494,-0.021145994
2026-02-12 22:54:20,-0.028475286,-0.062283847,-0.018646654
2026-02-12 22:54:30,-0.083905496,-0.068162746,-0.040108916
2026-02-12 22:54:40,-0.011825699,-0.074138726,-0.104682125
2026-02-12 22:54:50,0.028358814,0.035252156,-0.070411606
2026-02-12 22:55:00,0.046157273,-0.057736791,0.022448181
2026-02-12 22:55:10,-0.043021282,0.050758950,-0.008107462
2026-02-12 22:55:20,0.053071668,0.046195918,-0.006324356
2026-02-12 22:55:30,-0.018491197,0.003241797,0.018990368
2026-02-12 22:55:40,0.030986860,-0.000278527,-0.046653797
2026-02-12 22:55:50,0.018845359,-0.014127683,0.004732826
2026-02-12 22:56:00,0.049225785,-0.036108691,0.095438772
2026-02-12 22:56:10,-0.005013513,0.044313077,-0.018434397
2026-02-12 22:56:20,0.009252390,0.019812121,-0.034239205
2026-02-12 22:56:30,0.064368861,0.010874014,-0.008850340
2026-02-12 22:56:40,0.052439247,-0.004258512,0.023616486
2026-02-12 22:56:50,0.039062826,0.014616019,-0.029832866
2026-02-12 22:57:00,-0.032713944,0.007538830,0.046525201
2026-02-12 22:57:10,-0.058457808,0.015276461,0.023066258
2026-02-12 22:57:20,-0.076714801,-0.014734340,0.051352616
2026-02-12 22:57:30,0.015618892,0.060248991,0.009207786
2026-02-12 22:57:40,-0.066291502,0.000588109,0.052979839
2026-02-12 22:57:50,0.042316925,-0.001768287,-0.106290231
2026-02-12 22:58:00,-0.014636356,0.024841580,0.105536244
2026-02-12 22:58:10,0.125808008,0.077218601,0.021501016
2026-02-12 22:58:20,0.030626346,0.149766019,0.008840436
2026-02-12 22:58:30,0.050679212,0.029804020,0.004628660
2026-02-12 22:58:40,-0.041469472,-0.051767782,0.031849229
2026-02-12 22:58:50,0.038460420,-0.077719245,0.017311804
2026-02-12 22:59:00,0.075707455,0.003659902,-0.009876970
2026-02-12 22:59:10,0.036079465,0.017791057,0.026483491
2026-02-12 22:59:20,-0.042058821,-0.017126585,0.076590088
2026-02-12 22:59:30,0.000962845,-0.024135523,0.007764284
2026-02-12 22:59:40,-0.009810988,0.035388219,0.011925524
2026-02-12 22:59:50,0.045846956,-0.026462764,0.069455747
2026-02-12 23:00:00,-0.061181495,0.054107398,0.057185496
2026-02-12 23:00:10,0.022876816,0.029848611,0.019606692
2026-02-12 23:00:20,-0.065511874,0.021994501,-0.003954178
2026-02-12 23:00:30,0.071867102,0.083551679,0.076720454
2026-02-12 23:00:40,-0.067921631,-0.074689990,-0.066652803
2026-02-12 23:00:50,-0.048221832,0.048112715,-0.025064507
2026-02-12 23:01:00,-0.017842275,0.028124706,-0.044113464
2026-02-12 23:01:10,0.015386901,-0.076993756,0.075905907
2026-02-12 23:01:20,0.044569664,-0.007564433,0.054162646
2026-02-12 23:01:30,0.075494537,0.013367883,0.008543405
2026-02-12 23:01:40,0.082768539,0.040200432,0.027701012
2026-02-12 23:01:50,0.032752098,-0.022115123,0.043701408
2026-02-12 23:02:00,0.035803120,0.036621725,0.025693847
2026-02-12 23:02:10,-0.022552751,0.086831993,0.068742970
2026-02-12 23:02:20,0.029081993,-0.041849790,-0.039396873
2026-02-12 23:02:30,-0.021473087,-0.024149254,-0.087482600
2026-02-12 23:02:40,0.005886490,-0.014093587,0.126387186
2026-02-12 23:02:50,-0.062797002,-0.006317473,-0.040535729
2026-02-12 23:03:00,0.096437441,-0.044459453,-0.024980719
2026-02-12 23:03:10,0.004389946,-0.084044739,-0.062801146
2026-02-12 23:03:20,0.000909570,0.038045392,-0.055061630
2026-02-12 23:03:30,-0.086135206,-0.017803437,0.034710065
2026-02-12 23:03:40,0.001437184,0.001234702,0.020720635
2026-02-12 23:03:50,-0.053910017,-0.000087804,0.051163316
2026-02-12 23:04:00,0.005662001,0.078972234,-0.017566200
2026-02-12 23:04:10,0.022706409,-0.024907502,0.006649306
2026-02-12 23:04:20,0.005569887,-0.021748515,-0.058854447
2026-02-12 23:04:30,0.097997882,-0.030251214,-0.110481994
2026-02-12 23:04:40,-0.085365694,0.044101546,-0.100843562
2026-02-12 23:04:50,0.042066378,0.093443755,0.018053017
2026-02-12 23:05:00,0.015253065,0.036206691,-0.022465090
2026-02-12 23:05:10,-0.009142205,0.023891184,0.069318768
2026-02-12 23:05:20,-0.006267848,-0.028965482,-0.053471006
2026-02-12 23:05:30,0.039518907,0.027726164,0.003717763
2026-02-12 23:05:40,-0.053324677,-0.026080778,0.072088914
2026-02-12 23:05:50,-0.012794740,0.052610515,0.098387776
2026-02-12 23:06:00,0.040525398,0.050006306,-0.038239662
2026-02-12 23:06:10,-0.062747826,0.054775015,-0.003771763
2026-02-12 23:06:20,0.049521346,-0.013411116,-0.044198741
2026-02-12 23:06:30,0.000398593,-0.059726092,0.085540147
2026-02-12 23:06:40,-0.046680421,-0.045652923,-0.001017911
2026-02-12 23:06:50,-0.085307929,-0.016712714,0.065288562
2026-02-12 23:07:00,0.006387724,-0.063519090,-0.030326325
2026-02-12 23:07:10,-0.026877868,-0.002377184,0.016195215
2026-02-12 23:07:20,-0.061771453,0.075739716,-0.008099195
2026-02-12 23:07:30,-0.052197915,-0.088245676,-0.001539666
2026-02-12 23:07:40,0.083355587,0.037032173,0.032395223
2026-02-12 23:07:50,-0.064491898,0.000492243,-0.064330233
2026-02-12 23:08:00,-0.006297274,-0.010897748,0.045415943
2026-02-12 23:08:10,0.050594496,0.030138392,-0.002169490
2026-02-12 23:08:20,-0.052837731,-0.078344768,0.005121565
2026-02-12 23:08:30,-0.003300003,0.027698013,-0.018299736
2026-02-12 23:08:40,-0.043822113,-0.014317664,-0.073671992
2026-02-12 23:08:50,-0.102449392,0.070466506,-0.041430492
2026-02-12 23:09:00,-0.023167317,-0.023732926,-0.047610151
2026-02-12 23:09:10,-0.026933837,0.058112776,0.015807337
2026-02-12 23:09:20,0.049671867,0.036648258,-0.114338001
2026-02-12 23:09:30,-0.028733516,-0.090124665,-0.015630425
2026-02-12 23:09:40,0.023589931,-0.006351116,0.004997214
2026-02-12 23:09:50,0.008815341,-0.062712599,0.031975072
2026-02-12 23:10:00,-0.031728149,0.082933591,-0.090431060
2026-02-12 23:10:10,0.083997688,-0.031715284,-0.024131998
2026-02-12 23:10:20,0.006181537,-0.003952528,-0.020456450
2026-02-12 23:10:30,0.039900848,-0.060492908,-0.032506683
2026-02-12 23:10:40,-0.015159777,-0.039298379,0.074180450
2026-02-12 23:10:50,-0.091658464,-0.066131756,0.022813219
2026-02-12 23:11:00,-0.041694634,0.042482068,-0.024563707
2026-02-12 23:11:10,0.093566708,0.026891362,0.005950572
2026-02-12 23:11:20,-0.002822163,0.027103198,0.047272172
2026-02-12 23:11:30,0.075532917,0.005865365,0.049803299
2026-02-12 23:11:40,-0.065685946,0.029107086,-0.082733778
2026-02-12 23:11:50,-0.053995578,0.017422487,0.012164232
2026-02-12 23:12:00,-0.032380682,-0.048142010,0.009699790
2026-02-12 23:12:10,0.072737435,-0.037072209,0.031221569
2026-02-12 23:12:20,0.010704852,-0.004430624,-0.011211002
2026-02-12 23:12:30,0.032099319,-0.017096247,0.090085977
2026-02-12 23:12:40,-0.045966806,0.033621087,-0.038432281
2026-02-12 23:12:50,-0.000697164,-0.015922897,0.037718568
2026-02-12 23:13:00,0.014253005,-0.011089856,0.045416851
2026-02-12 23:13:10,-0.027948658,-0.056333686,-0.037400274
2026-02-12 23:13:20,0.014475385,0.005999425,0.011917361
2026-02-12 23:13:30,0.027491328,0.074463839,-0.017618271
2026-02-12 23:13:40,0.016339817,0.031320522,0.082021225
2026-02-12 23:13:50,0.035822474,0.054832616,-0.040849593
2026-02-12 23:14:00,0.011332801,0.030420367,0.072654369
2026-02-12 23:14:10,0.047499520,-0.001345709,-0.082934072
2026-02-12 23:14:20,-0.094774760,-0.079851941,-0.038552406
2026-02-12 23:14:30,-0.099735868,-0.005877561,0.049292426
2026-02-12 23:14:40,-0.034513133,0.068877613,-0.013738756
2026-02-12 23:14:50,-0.067384766,0.058593990,-0.079232581
2026-02-12 23:15:00,-0.020024261,-0.058119581,0.004010062
2026-02-12 23:15:10,-0.022078299,0.022885460,0.072510800
2026-02-12 23:15:20,0.004263046,0.027582025,0.052864566
2026-02-12 23:15:30,-0.047208193,-0.059507134,0.022747450
2026-02-12 23:15:40,-0.081644878,0.044473106,0.002791264
2026-02-12 23:15:50,0.036660115,0.065084255,0.028145506
2026-02-12 23:16:00,0.045011371,-0.127777473,0.044709647
2026-02-12 23:16:10,-0.024584361,-0.081926522,0.106990084
2026-02-12 23:16:20,0.048667418,-0.128379987,-0.092012993
2026-02-12 23:16:30,-0.071859139,0.019665270,0.097520778
2026-02-12 23:16:40,-0.050914183,0.016794823,0.037161776
2026-02-12 23:16:50,0.003222535,0.083799582,-0.017708744
2026-02-12 23:17:00,0.082032503,0.110881474,0.010952202
2026-02-12 23:17:10,0.007406969,0.003198686,-0.019544303
2026-02-12 23:17:20,-0.048626507,-0.050836703,-0.006003676
2026-02-12 23:17:30,0.013914182,-0.001370600,0.008263780
2026-02-12 23:17:40,-0.045423366,-0.009469424,-0.031326715
2026-02-12 23:17:50,0.078984633,-0.032891869,0.064596922
2026-02-12 23:18:00,-0.017069891,0.063256497,-0.031437723
2026-02-12 23:18:10,-0.063720626,0.039627533,-0.053808521
2026-02-12 23:18:20,-0.020107013,-0.045289713,0.014503053
2026-02-12 23:18:30,-0.031513298,0.008914313,-0.065061070
2026-02-12 23:18:40,-0.004340953,-0.026673586,0.053101063
2026-02-12 23:18:50,0.034920581,0.040528156,-0.079229714
2026-02-12 23:19:00,-0.045532868,-0.015366082,0.049428372
2026-02-12 23:19:10,0.009223392,-0.064933707,0.035669773
2026-02-12 23:19:20,-0.040724418,0.015199857,0.077414120
2026-02-12 23:19:30,-0.011136811,0.090290522,-0.012953949
2026-02-12 23:19:40,-0.038250030,0.047338359,0.023486868
2026-02-12 23:19:50,-0.023529011,0.019548783,0.090489494
2026-02-12 23:20:00,-0.021854472,-0.047228303,0.074586939
2026-02-12 23:20:10,0.048084492,-0.062487768,-0.053134719
2026-02-12 23:20:20,-0.011330458,-0.021701158,0.085058371
2026-02-12 23:20:30,-0.063078318,0.025268774,0.017707332
2026-02-12 23:20:40,0.070435019,0.067372983,0.028295525
2026-02-12 23:20:50,-0.023697970,0.017705803,-0.068803828
2026-02-12 23:21:00,0.058457617,-0.036245328,0.072332488
2026-02-12 23:21:10,0.036115838,-0.031811839,0.111160709
2026-02-12 23:21:20,-0.077267978,0.026326327,-0.006946074
2026-02-12 23:21:30,0.045309503,-0.026775205,-0.045891398
2026-02-12 23:21:40,0.028988613,-0.002817280,0.023359715
2026-02-12 23:21:50,-0.008670765,0.002678237,0.047014275
2026-02-12 23:22:00,-0.066342564,0.087181764,-0.098659999
2026-02-12 23:22:10,0.042377930,-0.019827169,-0.056429582
2026-02-12 23:22:20,-0.124478955,-0.046563972,0.019294135
2026-02-12 23:22:30,0.011047949,-0.017215995,-0.019706678
2026-02-12 23:22:40,0.005797186,0.033101991,-0.085331785
2026-02-12 23:22:50,-0.019975222,-0.010157235,0.009699486
2026-02-12 23:23:00,-0.072208264,0.057384735,0.063019286
2026-02-12 23:23:10,0.003728413,-0.012393532,-0.006168581
2026-02-12 23:23:20,-0.051004567,-0.007613025,0.021029484
2026-02-12 23:23:30,-0.015735799,-0.039451749,-0.002839238
2026-02-12 23:23:40,-0.043834928,-0.056398856,0.007856878
2026-02-12 23:23:50,0.002487973,0.068108657,-0.045416803
2026-02-12 23:24:00,-0.010828139,-0.035620285,-0.064748525
2026-02-12 23:24:10,0.038481710,-0.022750570,-0.022222365
2026-02-12 23:24:20,-0.042681211,0.074025373,-0.106564241
2026-02-12 23:24:30,0.044492178,-0.020080271,0.070053848
2026-02-12 23:24:40,-0.075571934,0.003280819,-0.009044374
2026-02-12 23:24:50,-0.012368404,-0.041978331,-0.034876117
2026-02-12 23:25:00,0.029215088,0.026184603,0.079717388
2026-02-12 23:25:10,-0.076862395,-0.004225957,0.052486213
2026-02-12 23:25:20,-0.006436436,0.069616191,-0.063780903
2026-02-12 23:25:30,-0.001281446,0.021983679,0.031740658
2026-02-12 23:25:40,-0.033672999,-0.002082264,-0.037409584
2026-02-12 23:25:50,0.067087450,0.069435023,-0.084756288
2026-02-12 23:26:00,0.030662320,-0.003118754,-0.025355967
2026-02-12 23:26:10,-0.039535267,-0.081847241,-0.048861460
2026-02-12 23:26:20,-0.065143076,-0.004650703,0.080386129
