timestamp,x,y,z
2025-11-22 13:50:35,0.258384286,0.335535333,-0.080347095
2025-11-22 13:50:45,-0.067497917,-0.019941389,-0.656022237
2025-11-22 13:50:55,-0.190832585,0.084769774,-0.097539879
2025-11-22 13:51:05,0.102157417,-0.599841076,0.469331349
2025-11-22 13:51:15,0.447112556,-0.215700160,-0.618832210
2025-11-22 13:51:25,0.115566665,-0.136284060,0.092464300
2025-11-22 13:51:35,-0.272475131,0.326173739,-0.618881244
2025-11-22 13:51:45,-0.067224761,0.115572612,0.122832482
2025-11-22 13:51:55,0.491538420,-0.883317028,0.245021301
2025-11-22 13:52:05,0.181307546,0.588649193,0.231804015
2025-11-22 13:52:15,0.826494184,0.153227480,-0.238313480
2025-11-22 13:52:25,0.188936044,0.110149855,0.663918729
2025-11-22 13:52:35,0.633008794,0.775524503,0.170741527
2025-11-22 13:52:45,0.298862498,-0.189984424,-0.052803086
2025-11-22 13:52:55,-0.575312354,-0.062957193,-0.668454631
2025-11-22 13:53:05,-0.572142520,0.397815327,-0.067888850
2025-11-22 13:53:15,-0.130412590,-0.601605027,0.301251515
2025-11-22 13:53:25,0.293118356,0.131885204,0.162662520
2025-11-22 13:53:35,-0.857934806,-0.665012106,0.419187922
2025-11-22 13:53:45,-0.050191825,0.734992485,0.366029873
2025-11-22 13:53:55,-0.106325334,-0.009103250,0.585398466
2025-11-22 13:54:05,-0.594830463,1.156869927,-0.047820563
2025-11-22 13:54:15,-0.160960737,-0.219417572,0.326855570
2025-11-22 13:54:25,-0.397710073,-0.040382093,0.257502056
2025-11-22 13:54:35,-0.298627536,-0.430489237,0.106406729
2025-11-22 13:54:45,0.431528085,0.310952560,-0.569624996
2025-11-22 13:54:55,0.459168324,-0.426939890,0.321348096
2025-11-22 13:55:05,0.016793757,-0.205629648,0.058483061
2025-11-22 13:55:15,-0.368157911,-0.425603627,0.185794737
2025-11-22 13:55:25,-0.144643852,0.194574092,0.080103165
2025-11-22 13:55:35,0.180761865,-0.152635046,-0.335540315
2025-11-22 13:55:45,-0.146359874,-0.406741721,0.250688681
2025-11-22 13:55:55,0.175730716,0.808800826,-0.145965418
2025-11-22 13:56:05,0.162524703,-0.358929797,0.643329115
2025-11-22 13:56:15,0.470518718,-0.885788943,-0.330576844
2025-11-22 13:56:25,-0.005594004,-0.321086231,0.055508068
2025-11-22 13:56:35,-0.070943108,0.194163474,0.167895260
2025-11-22 13:56:45,0.544530774,-0.268432398,-0.570097510
2025-11-22 13:56:55,-0.201799283,-0.910282353,1.241732272
2025-11-22 13:57:05,0.195038996,-0.520673661,-0.465547323
2025-11-22 13:57:15,0.840373467,-0.810528459,0.131120485
2025-11-22 13:57:25,-0.314164824,0.114037894,0.066909329
2025-11-22 13:57:35,0.137289934,-0.195327725,-0.554881184
2025-11-22 13:57:45,0.067799538,-0.237476152,-0.439652609
2025-11-22 13:57:55,0.565199047,0.378653053,-0.041730241
2025-11-22 13:58:05,0.464831380,0.490115172,-0.324253276
2025-11-22 13:58:15,-0.155982112,-0.318335913,0.356652106
2025-11-22 13:58:25,0.186217526,0.001242398,-0.142531347
2025-11-22 13:58:35,0.006354545,0.083059770,0.541726647
2025-11-22 13:58:45,-0.399412709,-0.105132296,-0.368011228
2025-11-22 13:58:55,0.471257244,-0.088046513,-0.222145460
2025-11-22 13:59:05,-0.277926952,-0.062978616,0.283863854
2025-11-22 13:59:15,0.048661567,-0.343710924,-0.156029305
2025-11-22 13:59:25,1.133374587,0.057581690,0.166969296
2025-11-22 13:59:35,0.208684813,0.333252285,0.303980398
2025-11-22 13:59:45,-0.070618777,-0.655133848,0.082295976
2025-11-22 13:59:55,0.839739542,0.049579111,-0.294318997
2025-11-22 14:00:05,1.243826433,0.517761019,0.174850452
2025-11-22 14:00:15,0.175301609,-0.665404102,-0.146616584
2025-11-22 14:00:25,0.213844914,0.342597792,-0.150493229
2025-11-22 14:00:35,-0.636344220,0.027473317,0.292311254
2025-11-22 14:00:45,-0.314871424,-0.043729192,-0.141218340
2025-11-22 14:00:55,0.357067882,-0.009827579,0.322983745
2025-11-22 14:01:05,-0.158598658,-0.113766814,-0.571401094
2025-11-22 14:01:15,-0.564977195,-0.225305309,-0.416321568
2025-11-22 14:01:25,0.270824378,0.424786664,-0.049481005
2025-11-22 14:01:35,0.635332930,-0.575168513,0.213594963
2025-11-22 14:01:45,-0.507108412,0.476645884,-0.055471844
2025-11-22 14:01:55,-0.005635222,0.352904485,-0.273459672
2025-11-22 14:02:05,0.375688951,0.315467193,-0.279204632
2025-11-22 14:02:15,-0.259991838,0.085741956,0.286307085
2025-11-22 14:02:25,-0.315017711,0.189075706,-0.244362150
2025-11-22 14:02:35,0.468470215,0.317796418,0.712492875
2025-11-22 14:02:45,0.061628607,-0.067282613,0.139186997
2025-11-22 14:02:55,0.243298556,-0.162990446,0.680379358
2025-11-22 14:03:05,0.868022214,0.331428284,-0.465349050
2025-11-22 14:03:15,-0.369229818,-0.023876354,-0.087657055
2025-11-22 14:03:25,0.548800675,0.227583907,-0.407523030
2025-11-22 14:03:35,0.310516754,-0.148245858,-0.152377711
2025-11-22 14:03:45,-0.507017315,0.188726547,-0.374342306
2025-11-22 14:03:55,0.190249181,0.595609203,-0.336586854
2025-11-22 14:04:05,-0.310916484,0.440101492,0.432306955
2025-11-22 14:04:15,0.124889608,-0.333547007,-0.340796025
2025-11-22 14:04:25,0.018645370,0.013322142,0.095149201
2025-11-22 14:04:35,0.372058514,0.071382110,-0.446389968
2025-11-22 14:04:45,0.099695545,0.405245042,0.629753258
2025-11-22 14:04:55,-0.608611308,-0.685352674,-0.133562981
2025-11-22 14:05:05,0.585197373,0.276535925,0.143867996
2025-11-22 14:05:15,-0.223675296,-0.656272166,-0.166190048
2025-11-22 14:05:25,-0.024239208,0.190214594,-0.098257201
2025-11-22 14:05:35,0.273224748,0.904515706,0.162627763
2025-11-22 14:05:45,0.323777744,-0.471577631,-0.141345288
2025-11-22 14:05:55,-0.713652524,0.290632713,0.038732419
2025-11-22 14:06:05,0.785762383,-0.082362465,-0.349388708
2025-11-22 14:06:15,0.458090161,0.326473918,0.127063649
2025-11-22 14:06:25,0.310023523,0.504719052,0.051104309
2025-11-22 14:06:35,-0.399397733,0.247948757,0.147238318
2025-11-22 14:06:45,-0.015836728,-0.523980092,-0.460064622
2025-11-22 14:06:55,0.449491762,0.285015543,0.227602119
2025-11-22 14:07:05,0.452837059,0.551789870,-0.681234360
2025-11-22 14:07:15,-0.200736970,0.661362651,0.245566674
2025-11-22 14:07:25,0.619060459,-0.527728590,0.340412333
2025-11-22 14:07:35,0.403074613,-0.423246422,0.264918504
2025-11-22 14:07:45,-0.524718981,0.124981152,-1.068836274
2025-11-22 14:07:55,0.135459871,0.222406106,0.142054246
2025-11-22 14:08:05,0.015783339,0.471052388,0.579468107
2025-11-22 14:08:15,0.117638050,0.115564519,0.017302411
2025-11-22 14:08:25,-0.263022764,-0.148539651,0.953519605
2025-11-22 14:08:35,0.489949215,0.481973992,0.277684002
2025-11-22 14:08:45,0.085956869,-0.094758886,0.437054120
2025-11-22 14:08:55,-0.235556213,1.020958815,-0.560390257
2025-11-22 14:09:05,-0.459444514,0.515270475,0.033402893
2025-11-22 14:09:15,-0.164249032,0.190995498,-0.137424939
2025-11-22 14:09:25,-0.301780970,-0.065644278,0.045049711
2025-11-22 14:09:35,-0.199346393,-0.289679275,0.391873971
2025-11-22 14:09:45,-0.162430630,-0.394395890,-0.238832798
2025-11-22 14:09:55,-0.504197765,0.091326346,-0.228171787
2025-11-22 14:10:05,-0.101481310,0.766828348,0.075254758
2025-11-22 14:10:15,-0.226041688,-0.058397567,-0.312108193
2025-11-22 14:10:25,0.704908478,-0.578296865,-0.569037070
2025-11-22 14:10:35,0.892860272,-0.020361967,-0.013775356
2025-11-22 14:10:45,0.366532051,-0.426994349,0.092053096
2025-11-22 14:10:55,-0.289898661,0.700443828,-1.067721713
2025-11-22 14:11:05,-0.172772747,-0.068755068,-0.069946311
2025-11-22 14:11:15,0.193907052,-0.026923789,0.013396043
2025-11-22 14:11:25,0.502867123,-0.266142213,-0.168030691
2025-11-22 14:11:35,-0.154690757,0.948061061,0.417994216
2025-11-22 14:11:45,-0.229985140,0.171893446,-0.161151698
2025-11-22 14:11:55,0.463809785,-0.372930510,0.058371676
2025-11-22 14:12:05,0.019209872,0.031355793,0.211250200
2025-11-22 14:12:15,0.652381702,0.019544616,0.112212161
2025-11-22 14:12:25,0.033341065,0.178695455,-0.448467484
2025-11-22 14:12:35,0.086484784,-0.192952354,0.394927517
2025-11-22 14:12:45,-0.503716163,-0.699657526,0.627804466
2025-11-22 14:12:55,0.306870441,0.624101826,0.493853057
2025-11-22 14:13:05,0.095131704,0.207960407,0.109104433
2025-11-22 14:13:15,0.683022075,0.396683456,0.091773720
2025-11-22 14:13:25,-0.292885950,-0.465674069,0.117926722
2025-11-22 14:13:35,-0.043160925,-0.006377866,-0.457181584
2025-11-22 14:13:45,0.470319947,-0.161698567,0.189157300
2025-11-22 14:13:55,-0.341156209,0.590743358,0.186394629
2025-11-22 14:14:05,0.229959167,-0.552521865,-0.662493540
2025-11-22 14:14:15,0.597419939,-0.281616701,0.244811493
2025-11-22 14:14:25,-0.165968117,0.086996032,-0.229053696
2025-11-22 14:14:35,0.296006889,-0.699361724,-0.621217082
2025-11-22 14:14:45,0.659533596,-0.124657340,0.160201717
2025-11-22 14:14:55,0.779621780,-0.106091953,0.065986962
2025-11-22 14:15:05,-0.118247915,0.146437155,0.153370424
2025-11-22 14:15:15,0.638688148,-0.570864830,-0.395004196
2025-11-22 14:15:25,-0.327572562,0.548216287,0.221912203
2025-11-22 14:15:35,-0.208407636,-0.099368100,0.019855586
2025-11-22 14:15:45,0.857565156,-0.147234899,0.250229578
2025-11-22 14:15:55,-0.246369338,-0.143791807,-0.474349248
2025-11-22 14:16:05,0.029617790,0.263959859,-0.829710827
2025-11-22 14:16:15,-0.209776214,-0.266443364,0.055775892
2025-11-22 14:16:25,0.113502578,0.039640753,0.156871973
2025-11-22 14:16:35,-0.327177367,-0.169087421,-0.127344400
2025-11-22 14:16:45,0.443403151,-0.045684169,0.057952244
2025-11-22 14:16:55,-0.077880602,-0.184195385,-0.592840738
2025-11-22 14:17:05,0.305677350,0.181633794,-0.867460047
2025-11-22 14:17:15,-0.369571080,0.396359647,0.218214646
2025-11-22 14:17:25,-0.100551846,0.136849046,-0.033394110
2025-11-22 14:17:35,0.787600566,-0.715008484,0.313412765
2025-11-22 14:17:45,0.238550081,0.511131599,-0.130350302
2025-11-22 14:17:55,-0.331952535,0.125864591,0.457733719
2025-11-22 14:18:05,-0.242110220,-0.227314363,-0.532881364
2025-11-22 14:18:15,0.348134956,0.055719404,0.385285793
2025-11-22 14:18:25,0.080235736,-0.324615336,-0.223077549
2025-11-22 14:18:35,1.106094971,0.824867842,0.508382537
2025-11-22 14:18:45,-0.149441059,-0.257153884,-0.245060875
2025-11-22 14:18:55,1.279185883,-0.180034118,-1.037253106
2025-11-22 14:19:05,0.254491110,-0.331100161,0.515666227
2025-11-22 14:19:15,-0.685940139,-0.316152107,0.069167083
2025-11-22 14:19:25,-0.137491562,0.459003218,0.264133038
2025-11-22 14:19:35,-0.075225739,-0.975547798,0.315657855
2025-11-22 14:19:45,-0.389187024,-0.534542005,0.064259102
2025-11-22 14:19:55,-0.388394095,-0.394386119,0.402719276
2025-11-22 14:20:05,-0.417708503,-0.174860885,-0.173284302
2025-11-22 14:20:15,0.156678978,0.221814872,0.176192943
2025-11-22 14:20:25,0.320708293,-0.175121921,0.329208630
2025-11-22 14:20:35,-0.050451584,-0.086647449,0.047147400
2025-11-22 14:20:45,0.105685340,0.051952903,-0.070415884
2025-11-22 14:20:55,0.065451745,0.055001265,-0.001554759
2025-11-22 14:21:05,0.004635181,-0.034020487,-0.004172800
2025-11-22 14:21:15,0.048696726,-0.006323769,0.046333818
2025-11-22 14:21:25,0.085620992,-0.078523342,-0.044871747
2025-11-22 14:21:35,0.082761793,0.017701707,0.017139763
2025-11-22 14:21:45,-0.035179499,-0.019135209,-0.019774585
2025-11-22 14:21:55,-0.022847174,0.008960152,-0.069584062
2025-11-22 14:22:05,0.013201682,-0.058276388,0.062753862
2025-11-22 14:22:15,0.101104443,-0.021388873,-0.031844120
2025-11-22 14:22:25,-0.003855170,-0.044743918,0.012260838
2025-11-22 14:22:35,-0.076913297,-0.010646584,-0.073404029
2025-11-22 14:22:45,-0.056119334,-0.058531737,-0.024530444
2025-11-22 14:22:55,-0.039501740,-0.020323695,-0.068858332
2025-11-22 14:23:05,0.017661079,0.006165764,-0.051683108
2025-11-22 14:23:15,0.048319868,-0.026830250,0.082491960
2025-11-22 14:23:25,0.006705648,-0.039397927,0.064609905
2025-11-22 14:23:35,-0.012721830,-0.019463152,0.010662447
2025-11-22 14:23:45,0.052039745,0.035263071,0.028185772
2025-11-22 14:23:55,0.074803017,0.012519136,0.013962329
2025-11-22 14:24:05,-0.012943097,-0.033502786,-0.035040287
2025-11-22 14:24:15,0.043705265,-0.040832704,0.117051908
2025-11-22 14:24:25,0.054837037,0.015886445,0.046425401
2025-11-22 14:24:35,0.021388256,0.063681617,0.079609874
2025-11-22 14:24:45,-0.024400564,0.040033572,0.110663575
2025-11-22 14:24:55,-0.065779346,-0.011395444,0.031069599
2025-11-22 14:25:05,0.023795782,-0.004185977,-0.005252929
2025-11-22 14:25:15,-0.028572288,-0.021917199,-0.036563850
2025-11-22 14:25:25,-0.008950556,-0.028938654,0.041669995
2025-11-22 14:25:35,-0.042519762,0.061876518,-0.057935193
2025-11-22 14:25:45,-0.065712435,0.070798729,0.005759070
2025-11-22 14:25:55,0.042658413,-0.024894249,0.010918937
2025-11-22 14:26:05,0.004497401,-0.077700232,-0.045002219
2025-11-22 14:26:15,-0.062420895,-0.015722617,-0.071396124
2025-11-22 14:26:25,0.027658521,-0.027693021,0.029756580
2025-11-22 14:26:35,0.014623741,-0.059702265,-0.017189240
2025-11-22 14:26:45,-0.037458494,0.021403942,0.028502243
2025-11-22 14:26:55,0.015712212,0.042030820,-0.029883515
2025-11-22 14:27:05,0.052507913,-0.027813580,0.040865619
2025-11-22 14:27:15,-0.012552115,-0.048032693,0.062238459
2025-11-22 14:27:25,0.072537217,-0.015524339,-0.014545458
2025-11-22 14:27:35,-0.069991629,0.037112979,0.029597249
2025-11-22 14:27:45,-0.031466648,0.102271093,0.027356478
2025-11-22 14:27:55,0.000911338,0.009817943,-0.048893977
2025-11-22 14:28:05,-0.030139731,-0.021510080,0.075114108
2025-11-22 14:28:15,-0.002660225,-0.054388321,-0.037390081
2025-11-22 14:28:25,-0.003681731,-0.025561331,-0.037527447
2025-11-22 14:28:35,-0.114290626,-0.068186142,-0.013010310
2025-11-22 14:28:45,-0.035665981,-0.009300638,0.042390668
2025-11-22 14:28:55,-0.035331338,0.000122210,0.040915970
2025-11-22 14:29:05,0.015605023,0.035494527,0.037998170
2025-11-22 14:29:15,0.041932136,-0.003625019,-0.001915572
2025-11-22 14:29:25,-0.043649673,-0.029555307,-0.053019876
2025-11-22 14:29:35,0.029999726,-0.091356917,-0.021562154
2025-11-22 14:29:45,0.050904967,-0.087916263,0.043815362
2025-11-22 14:29:55,-0.081477285,-0.026338395,-0.057107637
2025-11-22 14:30:05,0.018282724,0.013350340,-0.001952010
2025-11-22 14:30:15,0.000245311,-0.035146739,-0.044330366
2025-11-22 14:30:25,0.046589502,-0.098036222,-0.139048713
2025-11-22 14:30:35,0.009276810,-0.083732652,-0.025083013
2025-11-22 14:30:45,0.005167185,-0.114761939,-0.133693730
2025-11-22 14:30:55,0.021735214,-0.012406837,0.029201717
2025-11-22 14:31:05,-0.042345837,-0.043248860,0.015202779
2025-11-22 14:31:15,0.073220910,0.021195630,0.017517675
2025-11-22 14:31:25,-0.037484617,0.082077989,0.095011058
2025-11-22 14:31:35,0.003625855,0.028982770,-0.040247061
2025-11-22 14:31:45,-0.001849599,-0.010279491,-0.030139326
2025-11-22 14:31:55,-0.019888435,-0.100545233,0.060252204
2025-11-22 14:32:05,-0.019988009,-0.023315623,-0.001000800
2025-11-22 14:32:15,0.023297887,0.100028652,-0.053969140
2025-11-22 14:32:25,-0.019789619,0.043679402,-0.033995421
2025-11-22 14:32:35,-0.018474017,0.038006747,0.110925986
2025-11-22 14:32:45,-0.037803106,0.029389369,0.019732054
2025-11-22 14:32:55,0.082669215,-0.040458574,-0.030146941
2025-11-22 14:33:05,0.065414407,-0.085433255,-0.047015176
2025-11-22 14:33:15,-0.008641879,-0.064233353,-0.005600525
2025-11-22 14:33:25,-0.008002640,-0.045861138,-0.060122845
2025-11-22 14:33:35,-0.042651487,-0.036726051,0.038304174
2025-11-22 14:33:45,-0.003588310,0.052386263,0.018636361
2025-11-22 14:33:55,-0.065542727,-0.033808538,0.005893458
2025-11-22 14:34:05,0.004002295,0.006220893,0.005533068
2025-11-22 14:34:15,0.024702524,0.028097848,0.019020966
2025-11-22 14:34:25,0.124224954,-0.021846428,-0.006097986
2025-11-22 14:34:35,0.080049538,0.040414777,-0.041672610
2025-11-22 14:34:45,0.001350000,0.039524230,-0.060907120
2025-11-22 14:34:55,-0.067969242,0.009980366,0.055711356
2025-11-22 14:35:05,0.042520845,-0.031769035,-0.067937085
2025-11-22 14:35:15,0.028437225,0.040938660,-0.079782518
2025-11-22 14:35:25,0.030987009,0.019534931,-0.076199845
2025-11-22 14:35:35,0.011922219,-0.042077791,0.020585943
2025-11-22 14:35:45,-0.069847050,0.100320773,-0.066648196
2025-11-22 14:35:55,-0.012200131,-0.005317202,0.033626262
2025-11-22 14:36:05,0.032939739,-0.048516359,-0.064773403
2025-11-22 14:36:15,-0.026205143,-0.004001647,0.011340051
2025-11-22 14:36:25,-0.019092914,-0.059500716,0.005705917
2025-11-22 14:36:35,0.037837224,-0.043402065,0.038379321
2025-11-22 14:36:45,0.025911585,0.011867965,-0.064253761
2025-11-22 14:36:55,0.018480138,-0.005766164,-0.022177483
2025-11-22 14:37:05,0.009410144,0.042920276,0.027086255
2025-11-22 14:37:15,0.051668442,0.063930914,0.008813088
2025-11-22 14:37:25,0.014466237,-0.032159068,-0.032710270
2025-11-22 14:37:35,-0.110888590,0.016353340,0.074834239
2025-11-22 14:37:45,0.015891134,0.057908193,-0.119359317
2025-11-22 14:37:55,0.018298714,0.012674345,-0.039794843
2025-11-22 14:38:05,0.103572268,-0.070682879,-0.059420020
2025-11-22 14:38:15,-0.005458175,-0.021419313,0.113975524
2025-11-22 14:38:25,-0.034093565,-0.044721012,-0.004808525
2025-11-22 14:38:35,0.004339202,-0.019966738,0.017754548
2025-11-22 14:38:45,0.026607422,-0.024076399,0.004629117
2025-11-22 14:38:55,-0.015414742,0.038519040,0.073325574
2025-11-22 14:39:05,-0.010424233,-0.017279503,0.014516242
2025-11-22 14:39:15,-0.024916079,0.025048332,-0.001618365
2025-11-22 14:39:25,-0.059093835,0.083264466,0.011043777
2025-11-22 14:39:35,0.018233210,-0.082705407,-0.008621390
2025-11-22 14:39:45,0.100836910,0.046561059,0.019207340
2025-11-22 14:39:55,0.028040135,0.071992532,0.056040896
2025-11-22 14:40:05,-0.036627278,-0.015712187,-0.049789783
2025-11-22 14:40:15,-0.101391807,-0.012838223,0.011339599
2025-11-22 14:40:25,-0.029535495,-0.044672028,0.015509343
2025-11-22 14:40:35,0.009176889,-0.029113143,-0.020252084
2025-11-22 14:40:45,-0.028312458,-0.020249444,0.050771348
2025-11-22 14:40:55,-0.005330130,-0.009573566,-0.049404904
2025-11-22 14:41:05,-0.022716629,0.033260244,-0.052758771
2025-11-22 14:41:15,0.001648540,-0.026669128,-0.115314814
2025-11-22 14:41:25,-0.063729111,-0.049770015,-0.047873010
2025-11-22 14:41:35,-0.007944526,0.090693378,0.044633436
2025-11-22 14:41:45,-0.033420694,0.028479386,-0.035891254
2025-11-22 14:41:55,-0.016219643,-0.002083402,-0.039847087
2025-11-22 14:42:05,0.034163283,-0.045152457,-0.041727996
2025-11-22 14:42:15,0.069938120,0.009723203,-0.033838142
2025-11-22 14:42:25,-0.008383284,0.112361199,-0.089924058
2025-11-22 14:42:35,0.023826437,-0.012699362,-0.045685894
2025-11-22 14:42:45,-0.011352017,0.038828470,-0.135568720
2025-11-22 14:42:55,-0.082014660,0.045969329,0.042977932
2025-11-22 14:43:05,0.050159499,0.048643276,-0.037963090
2025-11-22 14:43:15,0.010222879,0.057053845,0.026263922
2025-11-22 14:43:25,-0.048337781,0.080719516,-0.015139751
2025-11-22 14:43:35,-0.058687626,-0.018247986,-0.127555837
2025-11-22 14:43:45,-0.013493953,0.039376008,-0.005975774
2025-11-22 14:43:55,0.021125115,-0.057038609,0.029305271
2025-11-22 14:44:05,0.004535824,0.000241933,0.031410243
2025-11-22 14:44:15,-0.041470349,0.108703428,-0.065736642
2025-11-22 14:44:25,0.038429999,-0.062141973,0.013626562
2025-11-22 14:44:35,0.109535291,-0.020891641,0.087152640
2025-11-22 14:44:45,0.009442703,-0.063179087,0.034495359
2025-11-22 14:44:55,-0.010055660,-0.028465161,-0.094440179
2025-11-22 14:45:05,-0.001274274,0.095985558,0.047320632
2025-11-22 14:45:15,0.010507204,0.031235320,-0.023773312
2025-11-22 14:45:25,-0.041396402,-0.008893496,0.054513167
2025-11-22 14:45:35,-0.035905822,0.031637228,0.029734817
2025-11-22 14:45:45,-0.005524295,0.033708587,-0.053794758
2025-11-22 14:45:55,0.042817647,0.004222376,0.077360158
2025-11-22 14:46:05,-0.011973180,0.080305725,-0.101007122
2025-11-22 14:46:15,-0.057350845,0.019971673,-0.022704231
2025-11-22 14:46:25,0.025616625,0.006174560,0.051896272
2025-11-22 14:46:35,0.013270205,0.031098411,0.052264023
2025-11-22 14:46:45,0.009857686,-0.058145187,0.062472079
2025-11-22 14:46:55,0.015497375,0.039384102,0.030677446
2025-11-22 14:47:05,0.052960596,-0.022636005,-0.084445151
2025-11-22 14:47:15,-0.045521696,0.025550242,0.050479172
2025-11-22 14:47:25,-0.008848253,-0.008040091,-0.086964946
2025-11-22 14:47:35,-0.069495933,-0.024630848,0.046816514
2025-11-22 14:47:45,0.027782566,-0.031212219,-0.005200173
2025-11-22 14:47:55,0.010286039,0.117044380,0.025972931
2025-11-22 14:48:05,0.027690715,-0.072918276,0.004091495
2025-11-22 14:48:15,0.073169877,0.055851954,0.019796901
2025-11-22 14:48:25,-0.001655128,0.039098961,0.005719209
2025-11-22 14:48:35,0.078276170,0.066720634,-0.006874760
2025-11-22 14:48:45,0.102445996,0.051794041,-0.081507126
2025-11-22 14:48:55,-0.036790641,-0.008775148,0.051060523
2025-11-22 14:49:05,0.036330746,0.053519995,0.048784477
2025-11-22 14:49:15,-0.015567178,0.019492996,0.063106317
2025-11-22 14:49:25,0.013577865,-0.069383146,0.034785698
2025-11-22 14:49:35,-0.009177274,-0.021328649,-0.074982910
2025-11-22 14:49:45,-0.055066755,-0.031668785,-0.035345041
2025-11-22 14:49:55,-0.051383550,-0.035077659,-0.020609669
2025-11-22 14:50:05,-0.084930035,-0.040299008,0.018911771
2025-11-22 14:50:15,-0.001509776,0.058672052,-0.029807431
2025-11-22 14:50:25,0.022976925,-0.055402654,0.008180328
2025-11-22 14:50:35,0.031066705,-0.068594164,-0.019411798
2025-11-22 14:50:45,0.005333277,0.015576603,-0.067643246
2025-11-22 14:50:55,-0.013351610,-0.070697864,-0.090409356
2025-11-22 14:51:05,0.003935573,0.082153463,0.034726720
2025-11-22 14:51:15,-0.043182054,-0.001315107,0.009789865
2025-11-22 14:51:25,-0.013470667,0.063767406,0.026923333
2025-11-22 14:51:35,0.036903630,0.050387828,0.052059795
2025-11-22 14:51:45,-0.011600047,0.024950952,0.038753634
2025-11-22 14:51:55,-0.060056107,-0.018898157,-0.065448995
2025-11-22 14:52:05,0.057658719,-0.020092511,0.014190117
2025-11-22 14:52:15,-0.062080082,0.022365673,-0.134269080
2025-11-22 14:52:25,0.038981859,-0.042675777,0.014358908
2025-11-22 14:52:35,0.003495863,-0.040087896,-0.015147044
2025-11-22 14:52:45,-0.017598568,0.042117079,-0.006353288
2025-11-22 14:52:55,0.002085607,0.009375231,-0.013205483
2025-11-22 14:53:05,-0.055888674,0.080232859,-0.094144350
2025-11-22 14:53:15,-0.052862204,0.060418015,-0.031374659
2025-11-22 14:53:25,-0.020340775,-0.157868757,0.071504507
2025-11-22 14:53:35,0.065339074,-0.006182092,-0.033581906
2025-11-22 14:53:45,0.024123822,0.006538234,0.041819311
2025-11-22 14:53:55,0.014148201,0.024704602,-0.030160958
2025-11-22 14:54:05,-0.003840909,-0.084771555,0.007664896
2025-11-22 14:54:15,0.018393047,-0.014323185,-0.038916273
2025-11-22 14:54:25,0.021560400,-0.070357286,0.057652829
2025-11-22 14:54:35,-0.065730894,0.014995873,0.020018050
2025-11-22 14:54:45,0.013167607,0.010714261,-0.016957113
2025-11-22 14:54:55,0.005628307,-0.041442294,-0.042362311
2025-11-22 14:55:05,0.083165318,0.032958905,0.050036178
2025-11-22 14:55:15,0.023369158,0.011128957,-0.007220741
2025-11-22 14:55:25,-0.005673161,0.042869061,-0.040533914
2025-11-22 14:55:35,-0.113615324,0.028129471,0.004061155
2025-11-22 14:55:45,0.033870888,0.054537186,-0.023131104
2025-11-22 14:55:55,0.031945717,-0.074655998,0.015882785
2025-11-22 14:56:05,-0.030836261,-0.015962077,-0.069977760
2025-11-22 14:56:15,-0.014767274,0.038499332,0.048462571
2025-11-22 14:56:25,0.080147313,0.047500906,-0.043968902
2025-11-22 14:56:35,-0.034231293,-0.010108864,-0.074074981
2025-11-22 14:56:45,0.006954383,-0.032651011,-0.002054637
2025-11-22 14:56:55,0.037243348,-0.035211925,0.111178251
2025-11-22 14:57:05,-0.043522649,-0.006191560,0.021022141
2025-11-22 14:57:15,0.024642262,0.038786195,-0.027516751
2025-11-22 14:57:25,0.023988033,-0.010003535,-0.014730637
2025-11-22 14:57:35,0.020605544,-0.008003060,0.062899711
2025-11-22 14:57:45,0.007958105,-0.007497710,0.064298270
2025-11-22 14:57:55,-0.006691847,-0.048878621,-0.012700999
2025-11-22 14:58:05,-0.053272926,-0.002395497,0.040442719
2025-11-22 14:58:15,0.015768343,0.023113991,-0.006312920
2025-11-22 14:58:25,0.044563531,-0.015736199,-0.074867370
2025-11-22 14:58:35,0.046725140,0.077525929,-0.062148195
2025-11-22 14:58:45,-0.027681198,0.018735318,0.011694749
2025-11-22 14:58:55,-0.036353414,-0.000383301,0.004742459
2025-11-22 14:59:05,0.051421848,0.074981449,0.104792841
2025-11-22 14:59:15,0.008866117,-0.015839409,0.006260349
2025-11-22 14:59:25,-0.044800224,0.064128912,-0.019577463
2025-11-22 14:59:35,0.032510932,-0.092909150,0.012308672
2025-11-22 14:59:45,0.010037696,0.027229208,0.026515611
2025-11-22 14:59:55,-0.039075938,0.032965453,-0.001672213
2025-11-22 15:00:05,-0.061494773,0.019136313,0.080003443
2025-11-22 15:00:15,-0.033174062,-0.008781782,-0.033584582
2025-11-22 15:00:25,-0.014777072,0.051851723,-0.025622518
2025-11-22 15:00:35,-0.016734816,-0.048699354,-0.048105762
2025-11-22 15:00:45,-0.070525812,0.112873383,0.070160205
2025-11-22 15:00:55,0.030163756,-0.011056727,0.037856997
2025-11-22 15:01:05,-0.030266200,0.018170811,-0.005546759
2025-11-22 15:01:15,0.037177625,0.065207431,-0.018058783
2025-11-22 15:01:25,-0.013282034,0.014533957,-0.007586645
2025-11-22 15:01:35,-0.019779645,-0.023226368,-0.046231327
2025-11-22 15:01:45,0.011210533,0.007587442,0.070215331
2025-11-22 15:01:55,-0.042580253,-0.018933344,-0.045900395
2025-11-22 15:02:05,0.004250300,0.080938705,-0.061167028
2025-11-22 15:02:15,0.050060097,0.002183952,-0.000494145
2025-11-22 15:02:25,0.054481278,-0.007216239,-0.082518691
2025-11-22 15:02:35,-0.009760187,0.049569821,-0.015132315
2025-11-22 15:02:45,-0.017686137,0.077980879,-0.065212107
2025-11-22 15:02:55,0.050017976,0.055144590,0.059390510
2025-11-22 15:03:05,-0.026070122,-0.059886933,0.035394141
2025-11-22 15:03:15,0.022941336,-0.030357170,0.039059634
2025-11-22 15:03:25,0.006542507,-0.006514401,-0.000227337
2025-11-22 15:03:35,-0.002893975,-0.044571736,0.003592449
2025-11-22 15:03:45,0.043952242,0.034874649,-0.026634192
2025-11-22 15:03:55,-0.007588325,-0.071167273,0.048370979
2025-11-22 15:04:05,-0.077823692,-0.108881124,0.079783243
2025-11-22 15:04:15,0.059581842,-0.010560527,0.018386972
2025-11-22 15:04:25,-0.045012007,0.049622148,-0.044945087
2025-11-22 15:04:35,0.003408010,0.033116219,-0.073960808
2025-11-22 15:04:45,-0.050678327,-0.026635270,0.053580754
2025-11-22 15:04:55,0.145844418,-0.020101575,0.035016986
2025-11-22 15:05:05,-0.059979306,0.065849339,-0.002349874
2025-11-22 15:05:15,0.069638077,-0.053100705,-0.028314325
2025-11-22 15:05:25,0.002905855,0.040440339,0.035574041
2025-11-22 15:05:35,-0.044323227,-0.040016113,0.056255815
2025-11-22 15:05:45,0.044070991,0.087887267,-0.047574226
2025-11-22 15:05:55,0.075942704,-0.096502849,0.003476606
2025-11-22 15:06:05,0.113613059,-0.027653994,-0.005816898
2025-11-22 15:06:15,0.003036627,-0.042708942,-0.019529558
2025-11-22 15:06:25,0.027524942,0.002056195,-0.015065032
2025-11-22 15:06:35,-0.022811665,0.021148590,0.015906864
2025-11-22 15:06:45,0.009204333,0.032648470,0.073953164
2025-11-22 15:06:55,-0.063804101,-0.011992981,-0.033824456
2025-11-22 15:07:05,0.098119310,-0.005619242,-0.107405098
2025-11-22 15:07:15,0.010609879,0.055440350,-0.010522823
2025-11-22 15:07:25,0.009044511,0.034091181,-0.080320683
2025-11-22 15:07:35,-0.009994075,-0.087351256,0.032173402
2025-11-22 15:07:45,-0.022143473,0.014542867,0.018427578
2025-11-22 15:07:55,-0.028122932,0.034864538,-0.000037081
2025-11-22 15:08:05,-0.030094854,-0.028946083,-0.061076469
2025-11-22 15:08:15,0.058303284,0.048905119,0.068518734
2025-11-22 15:08:25,0.054238368,-0.033692002,0.051451615
2025-11-22 15:08:35,0.009873596,-0.003971608,-0.004548327
2025-11-22 15:08:45,0.015001436,-0.163779283,0.013439200
2025-11-22 15:08:55,-0.036142828,0.003129269,-0.025482595
2025-11-22 15:09:05,0.068783848,-0.002339022,-0.080343864
2025-11-22 15:09:15,0.018795673,-0.037356334,-0.117372189
2025-11-22 15:09:25,0.018524431,-0.051514063,0.009544736
2025-11-22 15:09:35,0.003887338,-0.082730033,-0.051297471
2025-11-22 15:09:45,-0.059597474,-0.074421950,-0.001020546
2025-11-22 15:09:55,-0.002203663,0.015258146,-0.082599553
2025-11-22 15:10:05,0.028760106,-0.091794657,0.051979685
2025-11-22 15:10:15,-0.033805005,-0.004681576,-0.030628949
2025-11-22 15:10:25,0.015878598,-0.013532516,-0.080676173
2025-11-22 15:10:35,-0.006359645,0.009648705,-0.073457942
2025-11-22 15:10:45,-0.027037300,-0.060911635,0.042667053
2025-11-22 15:10:55,0.028087838,0.075167222,0.010002628
2025-11-22 15:11:05,-0.046905524,-0.017122843,0.084741148
2025-11-22 15:11:15,-0.058850860,-0.073481443,-0.010205847
2025-11-22 15:11:25,0.011976504,-0.004834761,0.089580795
2025-11-22 15:11:35,0.047739811,0.046868468,0.081964670
2025-11-22 15:11:45,0.057726880,-0.002994416,-0.050571763
2025-11-22 15:11:55,0.054644936,-0.057724574,-0.025077251
2025-11-22 15:12:05,-0.078623240,0.070291748,-0.096329880
2025-11-22 15:12:15,0.102901578,-0.025996557,0.016159666
2025-11-22 15:12:25,-0.020934662,-0.022787826,0.028045957
2025-11-22 15:12:35,-0.021988111,-0.097587202,0.064701302
2025-11-22 15:12:45,-0.011303247,-0.045284534,-0.005820688
2025-11-22 15:12:55,-0.064338764,0.034208880,-0.075434894
2025-11-22 15:13:05,-0.025067756,0.012322843,0.039226137
2025-11-22 15:13:15,-0.053172930,-0.078959252,-0.054816344
2025-11-22 15:13:25,-0.093112959,0.008379826,-0.053983007
2025-11-22 15:13:35,0.031843149,0.121460864,0.096270331
2025-11-22 15:13:45,0.048443700,-0.008020884,0.016651688
2025-11-22 15:13:55,-0.001696126,-0.030155078,0.016855107
2025-11-22 15:14:05,-0.053541556,0.008071431,-0.000042002
2025-11-22 15:14:15,0.030053803,0.042710155,-0.057007983
2025-11-22 15:14:25,0.014765867,0.007008607,0.060611911
2025-11-22 15:14:35,-0.023793975,0.035605378,0.056429820
2025-11-22 15:14:45,0.012284940,0.039728662,-0.015401515
2025-11-22 15:14:55,0.093638489,0.043995968,-0.100933673
2025-11-22 15:15:05,-0.012662303,0.017498593,0.026319004
2025-11-22 15:15:15,0.019883383,-0.025878492,-0.130872747
2025-11-22 15:15:25,-0.007052004,-0.006759256,0.075815607
2025-11-22 15:15:35,0.072517224,-0.026899489,-0.005177421
2025-11-22 15:15:45,-0.001533499,0.035302901,-0.029481676
2025-11-22 15:15:55,0.010781880,0.016459042,0.114761183
2025-11-22 15:16:05,-0.122626609,-0.071589694,-0.019319129
2025-11-22 15:16:15,-0.038203333,-0.021567656,-0.055432216
2025-11-22 15:16:25,0.009611538,-0.126235542,0.019636484
2025-11-22 15:16:35,0.104514317,-0.022751315,0.053848179
2025-11-22 15:16:45,-0.044774479,-0.015296041,0.072941381
2025-11-22 15:16:55,0.006358563,0.048679221,-0.032104958
2025-11-22 15:17:05,-0.028749891,0.045113961,0.014206998
2025-11-22 15:17:15,-0.038713611,0.025161797,0.040330496
2025-11-22 15:17:25,-0.022227613,-0.000289505,-0.054568740
2025-11-22 15:17:35,-0.010348650,-0.008035308,0.024589555
2025-11-22 15:17:45,-0.022973412,0.048451894,0.074769531
2025-11-22 15:17:55,-0.000091211,0.021254907,0.009879602
2025-11-22 15:18:05,0.068011622,0.011623968,0.067589255
2025-11-22 15:18:15,-0.026564696,0.001000335,0.035587956
2025-11-22 15:18:25,0.053304855,-0.048621608,-0.043535813
2025-11-22 15:18:35,0.018440001,-0.015448574,-0.052457288
2025-11-22 15:18:45,0.079556599,-0.000378490,-0.044378758
2025-11-22 15:18:55,-0.044918831,0.011656072,-0.000516779
2025-11-22 15:19:05,0.025744799,-0.004559752,0.002356370
2025-11-22 15:19:15,0.046398885,-0.010810889,0.012024144
2025-11-22 15:19:25,-0.050584065,0.014051660,0.088458888
2025-11-22 15:19:35,-0.058416638,0.007442046,0.004392261
2025-11-22 15:19:45,0.035224091,-0.048819040,-0.037542123
2025-11-22 15:19:55,-0.013155726,-0.037845014,-0.022854758
2025-11-22 15:20:05,0.040942307,0.076003617,-0.018531489
2025-11-22 15:20:15,0.030713400,0.069118644,0.047945492
2025-11-22 15:20:25,0.021236373,-0.013362960,0.052721813
2025-11-22 15:20:35,0.006030253,0.016641978,-0.038188886
2025-11-22 15:20:45,-0.010303670,-0.078123863,-0.027339243
2025-11-22 15:20:55,0.055510089,0.042979465,-0.121160818
2025-11-22 15:21:05,-0.002327841,0.021420358,-0.006402941
2025-11-22 15:21:15,0.130227932,-0.114896736,0.072039831
2025-11-22 15:21:25,-0.001898729,-0.023638532,0.043439739
2025-11-22 15:21:35,0.297157382,0.403513060,0.369001863
2025-11-22 15:21:45,-0.344550365,0.273280714,-0.062431922
2025-11-22 15:21:55,0.086626296,-0.188918475,0.427489655
2025-11-22 15:22:05,0.763330091,-0.081675331,-0.115354460
2025-11-22 15:22:15,-0.204363655,0.112036542,0.337976437
2025-11-22 15:22:25,-0.399292450,-0.007074246,0.323259620
2025-11-22 15:22:35,-0.172803712,-0.929273218,0.150550617
2025-11-22 15:22:45,-0.011698589,-0.032325553,-0.082350644
2025-11-22 15:22:55,0.457712497,0.239928670,0.119885107
2025-11-22 15:23:05,-0.124030835,-0.191740419,0.692208004
2025-11-22 15:23:15,-0.028652220,-0.459667069,0.115419830
2025-11-22 15:23:25,-0.441292641,0.458819679,-0.307559961
2025-11-22 15:23:35,0.006301915,-0.468867329,-0.214769221
2025-11-22 15:23:45,-0.311750841,-0.277471975,-0.553207349
2025-11-22 15:23:55,0.114192749,0.078995375,-0.091954240
2025-11-22 15:24:05,0.041071118,-0.062129281,0.797147436
2025-11-22 15:24:15,0.384843306,-0.398387353,-0.339990767
2025-11-22 15:24:25,0.087026474,0.671651138,0.086844592
2025-11-22 15:24:35,-0.598643229,-0.638974920,-0.386824195
2025-11-22 15:24:45,0.269593074,0.363148315,-0.568406893
2025-11-22 15:24:55,0.454925730,-0.209359692,0.432759195
2025-11-22 15:25:05,-0.098479672,0.181969723,0.845934424
2025-11-22 15:25:15,0.230463613,-0.055357065,0.405526811
2025-11-22 15:25:25,0.287649381,0.039134540,-0.428788938
2025-11-22 15:25:35,-0.486898340,0.462685324,0.013884372
2025-11-22 15:25:45,0.545486975,-0.574022772,0.091934888
2025-11-22 15:25:55,0.057971566,0.276294027,-0.050037910
2025-11-22 15:26:05,-0.590212141,0.096576559,0.087413334
2025-11-22 15:26:15,0.236915456,-0.331483204,0.394605694
2025-11-22 15:26:25,0.098471126,0.549609269,-1.011853670
2025-11-22 15:26:35,-0.419278575,0.020253922,-0.059926960
2025-11-22 15:26:45,-0.350399201,-0.012307655,0.318434543
2025-11-22 15:26:55,-0.143813207,0.318596105,0.099575942
2025-11-22 15:27:05,-0.210948596,-0.189874000,0.568915912
2025-11-22 15:27:15,0.319054914,-0.015063713,-0.455126073
2025-11-22 15:27:25,-0.502002596,0.103597258,0.671697148
2025-11-22 15:27:35,-0.308787405,0.351427725,0.111318100
2025-11-22 15:27:45,-0.376379295,0.485120976,-0.687282573
2025-11-22 15:27:55,-0.626369867,0.251797638,-0.521166176
2025-11-22 15:28:05,-0.278785049,0.408869742,0.133382312
2025-11-22 15:28:15,-0.280918500,-0.127736643,-0.212108413
2025-11-22 15:28:25,-0.038694186,-0.466563011,-0.056137438
2025-11-22 15:28:35,0.146649057,-0.959463701,0.020191222
2025-11-22 15:28:45,0.480638198,0.576336505,0.950173536
2025-11-22 15:28:55,0.143592123,-0.092373690,-0.656159645
2025-11-22 15:29:05,-0.442887695,0.122213587,0.134841634
2025-11-22 15:29:15,-0.174595563,-0.539961804,0.670402499
2025-11-22 15:29:25,0.006745507,-0.148108341,0.011750789
2025-11-22 15:29:35,-0.218197365,0.173759258,-0.727909890
2025-11-22 15:29:45,-0.268435738,-0.796096341,-0.437937573
2025-11-22 15:29:55,-0.520974938,-0.419892880,-0.489958393
2025-11-22 15:30:05,0.399122707,0.704822790,-0.453101735
2025-11-22 15:30:15,-0.101971947,0.630627955,-0.049306884
2025-11-22 15:30:25,-0.005754516,0.445247732,-0.060208899
2025-11-22 15:30:35,0.243678881,-0.124602417,1.013074157
2025-11-22 15:30:45,0.192479802,0.807885314,-0.120136834
2025-11-22 15:30:55,0.181166980,-0.081704505,-0.288825484
2025-11-22 15:31:05,-0.498269884,0.190176257,0.773851257
2025-11-22 15:31:15,0.054857275,-0.149188108,-0.144474567
2025-11-22 15:31:25,0.265863487,-0.283831725,-0.340111774
2025-11-22 15:31:35,0.452301101,0.322263649,-0.827023915
2025-11-22 15:31:45,0.070352583,0.154261161,0.262466377
2025-11-22 15:31:55,-0.202625393,0.298205758,0.415148143
2025-11-22 15:32:05,-0.497531567,-0.258409257,0.282732289
2025-11-22 15:32:15,0.224775038,-0.759886668,-0.030227120
2025-11-22 15:32:25,0.045444535,0.193983008,0.285824415
2025-11-22 15:32:35,0.228434877,-0.118877719,-0.573061631
2025-11-22 15:32:45,-0.610664783,-1.049994025,0.453046697
2025-11-22 15:32:55,-0.364972429,-0.099258512,0.059279264
2025-11-22 15:33:05,-0.033811472,-0.142362936,0.212091837
2025-11-22 15:33:15,0.479904029,0.090298691,-0.086990162
2025-11-22 15:33:25,0.387297170,-0.416441744,-0.293692953
2025-11-22 15:33:35,0.154027573,-0.139205413,-0.790777001
2025-11-22 15:33:45,-0.212600500,0.011992623,0.221035709
2025-11-22 15:33:55,-0.147281981,-0.360072613,0.000976294
2025-11-22 15:34:05,0.432671193,-0.115888713,0.398580994
2025-11-22 15:34:15,-0.547871569,0.926476180,-0.814695281
2025-11-22 15:34:25,-0.240225275,-0.089537316,-0.158375840
2025-11-22 15:34:35,-0.221190295,0.011079693,0.514335035
2025-11-22 15:34:45,-0.153065789,0.053490593,-0.023969846
2025-11-22 15:34:55,0.288935429,0.575673554,-0.281013212
2025-11-22 15:35:05,0.341577571,-0.067337813,0.625135432
2025-11-22 15:35:15,0.154687615,0.228627062,0.341362145
2025-11-22 15:35:25,-0.347020213,-0.089146247,-0.112019975
2025-11-22 15:35:35,0.260952977,0.007306134,0.707719551
2025-11-22 15:35:45,-0.620261260,0.093692096,0.445503924
2025-11-22 15:35:55,0.342458416,0.044304340,-0.597037107
2025-11-22 15:36:05,-0.121122999,0.393892387,0.378312884
2025-11-22 15:36:15,-0.302456810,-0.156769697,-0.354940165
2025-11-22 15:36:25,0.064254797,-0.253267243,-0.416381132
2025-11-22 15:36:35,0.046708259,-0.358001244,0.034443628
2025-11-22 15:36:45,-0.879213601,0.366271683,0.276198052
2025-11-22 15:36:55,-0.553569250,0.019727571,0.578826494
2025-11-22 15:37:05,-0.115462673,-0.171615828,0.516324884
2025-11-22 15:37:15,0.270121404,-0.210171182,0.031502867
2025-11-22 15:37:25,-0.466229948,0.478915221,0.031638938
2025-11-22 15:37:35,-0.417037384,0.129980661,-0.256666280
2025-11-22 15:37:45,0.144362129,-0.075535905,-0.731940617
2025-11-22 15:37:55,0.564528082,0.016756734,-0.203746301
2025-11-22 15:38:05,0.253008383,0.359822076,0.450929701
2025-11-22 15:38:15,0.292310024,-0.532059924,0.042508786
2025-11-22 15:38:25,0.176851577,-0.507855787,0.032843421
2025-11-22 15:38:35,-0.063486431,-0.364964898,0.644610249
2025-11-22 15:38:45,-0.312007237,0.589862218,-0.585144170
2025-11-22 15:38:55,-0.664043079,0.459360175,-0.621527385
2025-11-22 15:39:05,-0.099944597,-0.444604756,-0.472309234
2025-11-22 15:39:15,-0.226984043,-0.175691903,-0.661850374
2025-11-22 15:39:25,-0.514273015,0.361930032,-0.479040308
2025-11-22 15:39:35,-0.058753023,0.142196838,0.065510693
2025-11-22 15:39:45,0.087820756,-0.172651213,-0.064636363
2025-11-22 15:39:55,-0.162151050,0.220549103,0.441558562
2025-11-22 15:40:05,1.064637922,-0.639185592,-0.459219374
2025-11-22 15:40:15,-0.083307545,-0.113063181,-0.197176176
2025-11-22 15:40:25,-0.355421404,0.704180936,0.378603357
2025-11-22 15:40:35,0.382249574,-0.135375356,0.160433988
2025-11-22 15:40:45,0.519203913,-0.501454947,0.003435176
2025-11-22 15:40:55,0.063572473,0.257863943,0.285433024
2025-11-22 15:41:05,-0.129760812,-0.119473128,-0.882015094
2025-11-22 15:41:15,-0.520938342,-0.378289656,0.640018365
2025-11-22 15:41:25,-0.766977496,-0.954018274,-0.480608840
2025-11-22 15:41:35,0.730939513,0.330130295,-0.051255678
2025-11-22 15:41:45,0.267775560,0.113023675,-0.215182003
2025-11-22 15:41:55,0.410950433,0.107061410,0.209963971
2025-11-22 15:42:05,0.242780615,-0.166599764,-0.135286291
2025-11-22 15:42:15,1.148186280,0.157916232,-0.332946124
2025-11-22 15:42:25,-0.067391697,-0.482952183,-0.774324480
2025-11-22 15:42:35,-0.130875906,0.583464030,-0.260936007
2025-11-22 15:42:45,-0.232569075,0.188144733,-0.500366980
2025-11-22 15:42:55,0.487370365,0.376509242,0.021148533
2025-11-22 15:43:05,0.524229550,-0.382828013,0.560022417
2025-11-22 15:43:15,-0.513467779,0.275805661,-0.413722363
2025-11-22 15:43:25,0.080194448,0.502707966,-0.181192347
2025-11-22 15:43:35,0.506214833,-0.049705219,-0.384040944
2025-11-22 15:43:45,-0.339999867,-0.369617765,0.097140368
2025-11-22 15:43:55,0.228915659,-0.301043805,0.196759080
2025-11-22 15:44:05,-0.076815036,-0.023400623,0.258605443
2025-11-22 15:44:15,-0.037414306,-0.069606686,-0.219931389
2025-11-22 15:44:25,0.178362250,0.601554190,-0.611918139
2025-11-22 15:44:35,-0.650308858,0.266236624,0.490488442
2025-11-22 15:44:45,-0.480787638,0.385167906,-0.310543689
2025-11-22 15:44:55,-0.624344842,-0.305626242,-0.018788539
2025-11-22 15:45:05,0.441030941,0.017308781,0.412129300
2025-11-22 15:45:15,0.346957633,0.003851982,-0.888089807
2025-11-22 15:45:25,0.410289239,0.537872516,-0.242895873
2025-11-22 15:45:35,0.000031368,0.104109169,-0.407374915
2025-11-22 15:45:45,0.323057606,-0.135738417,0.129763480
2025-11-22 15:45:55,-0.443756948,-0.894779867,-0.265794564
2025-11-22 15:46:05,-0.251898411,-0.401465831,0.240749022
2025-11-22 15:46:15,-0.048667783,0.187413893,0.475445539
2025-11-22 15:46:25,0.212661220,-0.137223231,0.220939241
2025-11-22 15:46:35,0.177815763,-0.079277130,0.257050230
2025-11-22 15:46:45,-0.473150932,-0.521156764,0.250433102
2025-11-22 15:46:55,0.112399721,0.377776236,0.226395329
2025-11-22 15:47:05,-0.015900757,0.131859742,0.139262944
2025-11-22 15:47:15,0.907661625,0.193625257,0.332276277
2025-11-22 15:47:25,0.454225371,-0.640721185,-0.414509294
2025-11-22 15:47:35,0.467869137,-0.095495219,-0.252399770
2025-11-22 15:47:45,0.034338184,0.399651562,-0.176571382
2025-11-22 15:47:55,0.079564330,0.035139784,-0.455551630
2025-11-22 15:48:05,-0.729395295,0.451112969,0.157157090
2025-11-22 15:48:15,-0.004747224,1.313453612,-0.128144079
2025-11-22 15:48:25,0.079389565,0.418536198,0.467696120
2025-11-22 15:48:35,0.474731213,-0.059626391,0.603183283
2025-11-22 15:48:45,-0.807454668,0.409380196,-0.381553187
2025-11-22 15:48:55,-0.461517277,0.749379580,0.006350957
2025-11-22 15:49:05,0.217557237,-0.116562014,0.438629616
2025-11-22 15:49:15,0.375241860,-0.019274273,0.268002287
2025-11-22 15:49:25,0.603065558,0.089483665,-0.084451823
2025-11-22 15:49:35,-0.494008453,0.001843290,0.834756017
2025-11-22 15:49:45,0.536364495,-0.356342882,-0.531916288
2025-11-22 15:49:55,-0.113102540,-0.033881595,-0.190376925
2025-11-22 15:50:05,0.187075710,-0.464101600,-0.374787830
2025-11-22 15:50:15,-0.821248008,0.180771249,-0.124143487
2025-11-22 15:50:25,-0.218304367,0.427115314,-0.309331839
2025-11-22 15:50:35,-0.451965098,-0.870477695,-0.022228975
2025-11-22 15:50:45,0.059115667,0.027871096,-0.410578414
2025-11-22 15:50:55,-0.098411308,0.112761051,0.348643068
2025-11-22 15:51:05,-0.684873894,0.011360467,-0.449073292
2025-11-22 15:51:15,-0.453854722,-0.355104790,-0.073068127
2025-11-22 15:51:25,0.036968418,-0.303496944,-0.576928469
2025-11-22 15:51:35,0.209390448,0.465819805,-0.170250892
2025-11-22 15:51:45,0.058695837,-0.078008500,-0.375342359
2025-11-22 15:51:55,-0.210933279,0.774520979,-0.101655222
2025-11-22 15:52:05,-0.423407984,0.064595305,-0.782553175
2025-11-22 15:52:15,-0.325988532,0.285040578,0.053070687
2025-11-22 15:52:25,-0.740755938,-0.257301046,-0.144115859
2025-11-22 15:52:35,-0.045964571,0.568833538,-0.221924755
2025-11-22 15:52:45,-0.115856915,-0.120602302,-0.776990684
2025-11-22 15:52:55,-0.518637767,0.693477199,-0.304229628
2025-11-22 15:53:05,0.492444039,-0.548208773,0.524359808
2025-11-22 15:53:15,-0.139476936,0.598085654,0.137636652
2025-11-22 15:53:25,-0.496317426,0.118459720,-0.679470850
2025-11-22 15:53:35,0.958704398,0.086991056,-0.370584663
2025-11-22 15:53:45,-0.326013212,-0.034677792,-0.071606058
2025-11-22 15:53:55,0.340830074,0.133609687,0.873559882
2025-11-22 15:54:05,0.524155812,0.555869884,0.279906956
2025-11-22 15:54:15,-0.255290120,0.252398092,-0.117357376
2025-11-22 15:54:25,0.052409948,-0.015810775,0.202702776
2025-11-22 15:54:35,0.335566218,-0.188714930,-0.057095699
2025-11-22 15:54:45,0.219778808,0.186445277,0.726884151
2025-11-22 15:54:55,0.099659559,-0.163559695,-0.132894885
2025-11-22 15:55:05,-0.250220500,-0.647233936,0.369170299
2025-11-22 15:55:15,-0.584653842,0.353070128,-0.017754709
2025-11-22 15:55:25,0.184075235,-0.534264051,-0.304733429
2025-11-22 15:55:35,-0.412115748,-0.252290715,0.272468240
2025-11-22 15:55:45,-0.163464005,0.035158002,0.093899496
2025-11-22 15:55:55,-0.242598881,-0.796939602,0.029595582
2025-11-22 15:56:05,0.286013266,0.041674847,-0.363474245
2025-11-22 15:56:15,-0.096691735,-0.166338347,0.440294183
2025-11-22 15:56:25,0.055943064,-0.008722418,-0.648813628
2025-11-22 15:56:35,-0.174869552,-0.123802269,0.014442325
2025-11-22 15:56:45,0.506393016,-0.090903011,0.929540860
2025-11-22 15:56:55,0.122473232,0.023487896,-0.703814414
2025-11-22 15:57:05,-0.701862552,-0.276945634,-0.353127007
2025-11-22 15:57:15,-0.383056507,0.010815815,-0.964480462
2025-11-22 15:57:25,0.266384577,0.260698035,-0.113704254
2025-11-22 15:57:35,-0.248490767,0.120411482,0.631115351
2025-11-22 15:57:45,-0.089384006,0.635409951,0.162280353
2025-11-22 15:57:55,0.867657798,-0.308517982,-0.210785114
2025-11-22 15:58:05,0.143344323,0.554067470,0.363809390
2025-11-22 15:58:15,0.033870512,0.672637838,0.160565587
2025-11-22 15:58:25,0.372723827,0.032660126,0.547819293
2025-11-22 15:58:35,-0.811302044,-0.245123641,0.156902962
2025-11-22 15:58:45,-0.023201409,0.117339284,-0.135768110
2025-11-22 15:58:55,-0.089243801,0.071615210,-0.292842545
2025-11-22 15:59:05,0.092532697,0.161039508,0.370543648
2025-11-22 15:59:15,-0.343133708,-0.371141459,0.098702967
2025-11-22 15:59:25,0.685854787,0.535108701,-0.100789361
2025-11-22 15:59:35,0.007526361,-0.286798289,0.566847375
2025-11-22 15:59:45,-0.112920581,0.431110033,0.234364134
2025-11-22 15:59:55,-0.513162153,0.503006688,0.454587480
2025-11-22 16:00:05,-0.002068293,-0.418380428,0.067589118
2025-11-22 16:00:15,-0.528411288,-0.087429015,-0.249622313
2025-11-22 16:00:25,0.428760097,0.027251842,0.287078532
2025-11-22 16:00:35,-0.187525481,0.360612218,0.090278652
2025-11-22 16:00:45,0.499330880,0.305067677,0.222098480
2025-11-22 16:00:55,-0.323095630,0.476080629,-0.405152074
2025-11-22 16:01:05,-0.145353511,0.027024537,0.405212467
2025-11-22 16:01:15,0.120033603,0.321239823,0.539747598
2025-11-22 16:01:25,0.044667523,0.458116528,-0.051201586
2025-11-22 16:01:35,-0.396494876,-0.165857275,0.058319556
2025-11-22 16:01:45,-0.555406481,-0.293852906,0.406940155
2025-11-22 16:01:55,-0.503632850,-0.178454488,0.121433660
2025-11-22 16:02:05,0.109717327,0.268102922,-0.014910447
2025-11-22 16:02:15,-0.165326238,0.249892701,-0.128559071
2025-11-22 16:02:25,0.351802454,0.040167171,-0.266088533
2025-11-22 16:02:35,-0.467838703,0.321302508,-0.151800479
2025-11-22 16:02:45,0.185931375,-0.169730079,-0.280190939
2025-11-22 16:02:55,-0.175657857,-0.100324348,-0.450598707
2025-11-22 16:03:05,-0.136902246,-0.328700839,-0.038825339
2025-11-22 16:03:15,-0.282020050,-0.304919621,-0.546187954
2025-11-22 16:03:25,0.273381070,0.094853634,-0.828132071
2025-11-22 16:03:35,0.452743253,0.385610744,-0.477777942
2025-11-22 16:03:45,-0.470770391,-0.049316244,-0.158824030
2025-11-22 16:03:55,0.002984206,0.003158706,-0.273467541
2025-11-22 16:04:05,-0.204329553,0.183212210,-0.316214890
2025-11-22 16:04:15,0.026872234,-0.357689002,-0.199286538
2025-11-22 16:04:25,0.154548859,-0.234855729,-0.231512210
2025-11-22 16:04:35,0.283266829,0.540716944,-0.055732273
2025-11-22 16:04:45,0.361264115,0.297019214,-0.187230142
2025-11-22 16:04:55,0.521816513,-0.276462717,0.554120606
2025-11-22 16:05:05,-0.114064733,-0.293393877,-0.117789305
2025-11-22 16:05:15,0.062878533,-0.910749209,-0.227196695
2025-11-22 16:05:25,-0.557920012,-0.053230930,0.724491820
2025-11-22 16:05:35,-0.333586084,0.396207771,0.306776633
2025-11-22 16:05:45,0.198759107,0.242844892,-0.218323961
2025-11-22 16:05:55,0.185503512,0.438667161,0.115773048
2025-11-22 16:06:05,0.231618868,-0.509623059,-0.163646354
2025-11-22 16:06:15,0.254271069,-0.268738095,0.595115914
2025-11-22 16:06:25,-0.861848770,0.140398509,0.135311119
2025-11-22 16:06:35,0.401775694,-0.533287721,0.193424013
2025-11-22 16:06:45,-0.124141507,-0.040237733,-0.226502718
2025-11-22 16:06:55,0.547325878,-0.072682792,0.473079982
2025-11-22 16:07:05,-0.134645790,0.020886488,0.100003782
2025-11-22 16:07:15,0.169452670,0.431076893,0.230096049
2025-11-22 16:07:25,0.340415273,-0.296505524,0.746395971
2025-11-22 16:07:35,-0.274829599,0.302225079,0.237252741
2025-11-22 16:07:45,0.807921154,0.381098925,-0.217547824
2025-11-22 16:07:55,0.435618224,0.403728383,-0.331893380
2025-11-22 16:08:05,-0.082083338,0.120219841,0.255610372
2025-11-22 16:08:15,0.127643841,-0.378616285,0.458469253
2025-11-22 16:08:25,-0.316661421,0.118610337,0.418079623
2025-11-22 16:08:35,-0.633561553,-0.309281027,-0.314823624
2025-11-22 16:08:45,-0.256267745,-0.522061394,0.266969006
2025-11-22 16:08:55,0.003222531,0.681291687,0.226968258
2025-11-22 16:09:05,0.076355536,0.610996752,-0.369776637
2025-11-22 16:09:15,-0.073149907,-0.783024724,0.407854566
2025-11-22 16:09:25,0.247908102,0.317227814,0.522292589
2025-11-22 16:09:35,-0.405349259,0.011039783,0.183801552
2025-11-22 16:09:45,-0.035542871,0.158393398,-0.004054788
2025-11-22 16:09:55,-0.277501856,0.369924543,-0.854029402
2025-11-22 16:10:05,-0.687851166,0.903296600,-0.192039904
2025-11-22 16:10:15,0.188238675,-0.661180463,0.526030918
2025-11-22 16:10:25,-0.096819604,-0.570245171,-0.150151059
2025-11-22 16:10:35,0.161170858,0.209704466,0.136968542
2025-11-22 16:10:45,0.297373602,0.163833950,0.307491695
2025-11-22 16:10:55,0.612933273,-0.093701552,-0.337678964
2025-11-22 16:11:05,0.113978477,0.577962550,0.908349305
2025-11-22 16:11:15,0.195305961,-0.101436164,-0.063631558
2025-11-22 16:11:25,-0.614110764,-0.306504613,0.289367712
2025-11-22 16:11:35,-0.004442125,-0.131271818,0.172995843
2025-11-22 16:11:45,-0.242165423,-0.235928219,0.134651091
2025-11-22 16:11:55,-0.386666342,-0.139187620,0.471353866
2025-11-22 16:12:05,-0.883379961,0.131314608,-0.400145624
2025-11-22 16:12:15,-0.144531749,-0.144524735,0.238397333
2025-11-22 16:12:25,0.044396013,-0.281440486,0.351798605
2025-11-22 16:12:35,0.149215472,-0.264204256,0.142679934
2025-11-22 16:12:45,0.250943082,0.259696738,-0.451954048
2025-11-22 16:12:55,-0.250146119,-0.017764489,0.517276070
2025-11-22 16:13:05,0.266004774,-0.168356520,-0.918410929
2025-11-22 16:13:15,0.370329939,0.012537541,0.241855409
2025-11-22 16:13:25,-0.384013003,0.116529460,-0.565543662
2025-11-22 16:13:35,-0.605215495,0.205216818,-0.791415535
2025-11-22 16:13:45,-0.122544362,-0.111266930,0.660941269
2025-11-22 16:13:55,0.251460325,-0.444878584,0.262134939
2025-11-22 16:14:05,-0.601143466,0.338179040,-0.293371146
2025-11-22 16:14:15,-0.054097647,0.949064276,-0.025649400
2025-11-22 16:14:25,-0.281227805,-0.658237309,-0.053248032
2025-11-22 16:14:35,-0.565361663,-0.430453006,-0.473297219
2025-11-22 16:14:45,0.448509236,-0.200243754,-0.305860755
2025-11-22 16:14:55,-0.290197462,0.509412589,-0.249534455
2025-11-22 16:15:05,0.036756388,-0.066312350,-0.333129331
2025-11-22 16:15:15,-0.690463388,0.319850964,-0.174239169
2025-11-22 16:15:25,0.065908752,0.765603593,0.123536346
2025-11-22 16:15:35,-0.025298343,-0.315047548,0.547231072
2025-11-22 16:15:45,0.271506842,0.221057950,0.316701001
2025-11-22 16:15:55,0.063170294,-0.164996138,-0.497733847
2025-11-22 16:16:05,-0.201121143,0.534649768,-0.230261835
2025-11-22 16:16:15,0.313838687,-0.313349297,0.089278870
2025-11-22 16:16:25,0.210620739,-0.296010726,0.200654878
2025-11-22 16:16:35,-0.353692926,-0.131790489,-0.011082548
2025-11-22 16:16:45,0.008557876,-0.077504810,-0.539444852
2025-11-22 16:16:55,-0.221882560,-0.499581147,0.081522450
2025-11-22 16:17:05,-0.244702551,0.405778650,-0.256085442
2025-11-22 16:17:15,-0.126750462,0.447124883,-0.477481640
2025-11-22 16:17:25,-0.388612247,0.103335124,-0.201997214
2025-11-22 16:17:35,0.531476814,0.352278586,-0.000221641
2025-11-22 16:17:45,0.580450082,0.112642148,-0.305519907
2025-11-22 16:17:55,-0.447962984,0.321659931,0.236637268
2025-11-22 16:18:05,-0.267766665,-0.404156696,-0.278026165
2025-11-22 16:18:15,0.591971772,-0.064006746,0.210283944
2025-11-22 16:18:25,-0.155789807,0.168748745,-0.047916549
2025-11-22 16:18:35,-0.645150216,0.510602357,0.151263185
2025-11-22 16:18:45,-0.623585552,1.067193711,-0.455720329
2025-11-22 16:18:55,0.741510448,0.435777200,-0.117484125
2025-11-22 16:19:05,0.094865048,0.240606620,0.136342076
2025-11-22 16:19:15,-0.155796297,-0.169001295,-0.630217911
2025-11-22 16:19:25,-0.093323302,-0.073605109,-0.343542389
2025-11-22 16:19:35,-0.277671701,-0.422300710,0.462702609
2025-11-22 16:19:45,0.013585431,-0.190037394,-0.188388577
2025-11-22 16:19:55,0.216247107,-0.034690884,-0.164253225
2025-11-22 16:20:05,-0.176632821,-0.499443650,0.432597195
2025-11-22 16:20:15,-0.139183303,-0.119451196,0.615752001
2025-11-22 16:20:25,-0.119839490,0.396423886,-0.486635557
2025-11-22 16:20:35,0.769395493,0.001657207,0.127273052
2025-11-22 16:20:45,-0.269383893,0.618539420,-0.231130003
2025-11-22 16:20:55,0.404986886,-0.044236066,-0.302931333
2025-11-22 16:21:05,-0.314026866,0.583531247,0.200035910
2025-11-22 16:21:15,0.065077730,-0.207783446,0.219986698
2025-11-22 16:21:25,-0.282171995,0.455531803,0.627495662
2025-11-22 16:21:35,0.530433065,0.173266010,-0.028485250
2025-11-22 16:21:45,-0.331102419,-0.427575961,-0.006493329
2025-11-22 16:21:55,-0.584031556,0.019644093,-0.418279121
2025-11-22 16:22:05,0.309841675,0.055867632,0.101708105
2025-11-22 16:22:15,-0.356292323,0.771991580,-0.494869776
2025-11-22 16:22:25,-0.689136692,-0.384687226,-0.321861069
2025-11-22 16:22:35,-0.441541868,0.634042944,-0.777029971
2025-11-22 16:22:45,-0.554321002,0.575087209,-0.596998189
2025-11-22 16:22:55,0.752859656,0.076129532,0.377694883
2025-11-22 16:23:05,0.376590493,-0.100388832,0.179912552
2025-11-22 16:23:15,0.405704119,0.188981302,-0.151112582
2025-11-22 16:23:25,-0.238118909,0.110424927,-0.004400916
2025-11-22 16:23:35,-0.433210221,0.055289643,0.153602461
2025-11-22 16:23:45,-0.008055278,0.513828277,0.158451179
2025-11-22 16:23:55,0.251501730,0.121984553,-0.272049702
2025-11-22 16:24:05,0.307578864,0.049009443,-0.232194388
2025-11-22 16:24:15,0.084845538,0.020538823,-0.066089104
2025-11-22 16:24:25,-0.506337507,1.056322677,-0.604112863
2025-11-22 16:24:35,0.129578829,-0.022835890,-0.718334649
2025-11-22 16:24:45,-0.853785287,-0.379862190,0.126928871
2025-11-22 16:24:55,0.173621234,-0.203672835,0.472918886
2025-11-22 16:25:05,-0.137601389,0.128850797,0.483887427
2025-11-22 16:25:15,0.354577748,0.330017453,0.984460978
2025-11-22 16:25:25,0.420405776,0.502599678,0.697227623
2025-11-22 16:25:35,0.281490008,-0.085542439,-0.136465379
2025-11-22 16:25:45,0.135484410,-0.360766155,-0.503177986
2025-11-22 16:25:55,0.067411865,-0.168523573,0.317773849
2025-11-22 16:26:05,-0.154900844,-0.277530097,-0.044734399
2025-11-22 16:26:15,0.515355765,-0.089644181,0.043122370
2025-11-22 16:26:25,0.093328374,0.164029191,-0.128945802
2025-11-22 16:26:35,-0.078543475,-0.080359323,-0.651329700
2025-11-22 16:26:45,-0.376324781,-0.211676448,0.231466519
2025-11-22 16:26:55,0.669489462,0.568935480,-0.245968092
2025-11-22 16:27:05,-0.159580792,0.113207464,-0.567016205
2025-11-22 16:27:15,0.339698209,1.122719372,-0.440325539
2025-11-22 16:27:25,-0.933975849,-0.466306320,0.487692767
2025-11-22 16:27:35,-0.250860707,-0.233715513,0.045997674
2025-11-22 16:27:45,0.282097696,-0.153554481,0.248945315
2025-11-22 16:27:55,-0.224574144,0.554671163,0.171487355
2025-11-22 16:28:05,0.966689303,-0.591789506,-0.132730773
2025-11-22 16:28:15,0.194075278,-0.477418559,0.071778050
2025-11-22 16:28:25,-0.582611949,-0.000024064,-0.183283680
2025-11-22 16:28:35,-0.391175812,-0.322656835,-0.084703140
2025-11-22 16:28:45,0.584931533,0.102719218,-0.345195066
2025-11-22 16:28:55,0.311031776,-0.642204299,-0.486625689
2025-11-22 16:29:05,-0.492016050,-0.168754906,0.181836292
2025-11-22 16:29:15,-0.107810022,-0.425720311,0.526613479
2025-11-22 16:29:25,0.167756571,-0.234819513,-0.501895727
2025-11-22 16:29:35,0.030910802,-0.039638782,0.377307533
2025-11-22 16:29:45,-0.138013626,-0.607271156,0.116409097
2025-11-22 16:29:55,0.144018375,-0.073415022,-0.932292479
2025-11-22 16:30:05,0.142511879,0.235849535,0.367822742
2025-11-22 16:30:15,0.392220388,0.504339825,-0.454428827
2025-11-22 16:30:25,0.221798115,-0.043572838,-0.082778435
2025-11-22 16:30:35,0.271832861,-0.808800599,0.363402492
2025-11-22 16:30:45,0.156650661,-0.047455467,-0.217379442
2025-11-22 16:30:55,-0.228757105,0.099550930,0.472412450
2025-11-22 16:31:05,-0.227970106,0.045670781,0.143471395
2025-11-22 16:31:15,-0.647020804,1.004384921,0.044268353
2025-11-22 16:31:25,-0.081620979,-0.509014387,-0.020087067
2025-11-22 16:31:35,-0.135984774,-0.153116561,-0.341488549
2025-11-22 16:31:45,0.487596000,0.390084413,0.065399894
2025-11-22 16:31:55,0.145411860,0.077750296,0.157210059
2025-11-22 16:32:05,0.521384510,0.284531460,0.330966811
2025-11-22 16:32:15,-0.017907714,0.051368423,-0.029026857
2025-11-22 16:32:25,0.020733523,-0.285609862,0.261982851
2025-11-22 16:32:35,-0.495039441,-0.169824763,0.091816135
2025-11-22 16:32:45,-0.271405939,-0.220557154,0.111512495
2025-11-22 16:32:55,-0.116670058,-0.463386866,-0.374686691
2025-11-22 16:33:05,0.437944986,-1.148820742,-0.033982499
2025-11-22 16:33:15,0.330536434,1.089729439,-0.379857839
2025-11-22 16:33:25,0.200039978,0.192278572,-0.414520442
2025-11-22 16:33:35,0.050255860,0.374191902,-0.253406994
2025-11-22 16:33:45,0.157972846,-0.288821989,0.149582671
2025-11-22 16:33:55,0.082505368,-0.593762503,0.552574302
2025-11-22 16:34:05,-0.075096933,0.052068315,0.263906603
2025-11-22 16:34:15,0.982753550,-0.761858498,-0.159396013
2025-11-22 16:34:25,0.801341271,0.703310340,0.772908194
2025-11-22 16:34:35,0.186734461,0.370269580,0.312849931
2025-11-22 16:34:45,-0.294530529,0.011183029,-0.760911048
2025-11-22 16:34:55,0.683550209,-0.265392249,-0.283896399
2025-11-22 16:35:05,0.109844020,-0.377359349,-0.397714630
2025-11-22 16:35:15,0.365082013,0.570185696,0.526052953
2025-11-22 16:35:25,-0.685968153,-0.065236647,0.034444053
2025-11-22 16:35:35,0.863446374,-1.015521584,0.314461613
2025-11-22 16:35:45,-0.461398135,-0.097242294,0.175105343
2025-11-22 16:35:55,-0.624594028,-0.222240810,0.867732104
2025-11-22 16:36:05,-0.053348168,-0.383308798,-0.238306746
2025-11-22 16:36:15,-0.038787553,0.482217906,-0.602209230
2025-11-22 16:36:25,0.009893252,-0.351495841,0.021135503
2025-11-22 16:36:35,0.293699276,-0.021192328,-0.046367208
2025-11-22 16:36:45,-0.880850396,-0.461701550,-0.343701524
2025-11-22 16:36:55,-0.166042550,-0.344742430,-0.700901131
2025-11-22 16:37:05,0.610870158,0.641623576,0.693201006
2025-11-22 16:37:15,-0.630592243,-0.391009406,-0.222452073
2025-11-22 16:37:25,-0.056300007,-0.389454803,0.437573967
2025-11-22 16:37:35,-0.154477886,0.597808710,-0.203985992
2025-11-22 16:37:45,-0.631694767,-0.387963706,-0.715139354
2025-11-22 16:37:55,-0.105476928,0.060814050,-0.651049668
2025-11-22 16:38:05,-0.478731264,-0.603638069,-0.029240591
2025-11-22 16:38:15,0.341593386,-0.246229468,0.302966227
2025-11-22 16:38:25,0.780644395,-0.051862619,0.545731428
2025-11-22 16:38:35,0.050869064,0.056554568,-0.491252032
2025-11-22 16:38:45,-0.448689670,0.560421824,0.606472323
2025-11-22 16:38:55,-0.575066464,-0.393157522,0.933569421
2025-11-22 16:39:05,0.542950767,0.007617302,0.307015244
2025-11-22 16:39:15,0.122242428,-0.142784764,0.251857324
2025-11-22 16:39:25,1.279788841,-0.372814283,-0.039749059
2025-11-22 16:39:35,0.600972305,-0.554963989,0.274864691
2025-11-22 16:39:45,-0.280470916,-0.443722082,-0.125215799
2025-11-22 16:39:55,0.556167346,-0.022428357,0.514389008
2025-11-22 16:40:05,0.649411467,0.030572091,0.437229228
2025-11-22 16:40:15,0.080676199,0.733077152,0.842995626
2025-11-22 16:40:25,-0.415493597,0.467267640,-0.316737689
2025-11-22 16:40:35,-0.371342337,0.417178411,-0.149070511
2025-11-22 16:40:45,-0.331884851,0.299048150,0.095407477
2025-11-22 16:40:55,0.414268176,-0.372950835,0.369390390
2025-11-22 16:41:05,0.163336812,0.242772811,-0.429825070
2025-11-22 16:41:15,0.336261610,-0.104093114,0.107636132
2025-11-22 16:41:25,-0.826344492,0.067321454,-0.023743317
2025-11-22 16:41:35,-0.137198510,-0.537553347,0.200065348
2025-11-22 16:41:45,-0.050494220,0.413771125,-0.360976764
2025-11-22 16:41:55,-0.241490457,-0.222020929,-0.334020715
2025-11-22 16:42:05,-0.052790384,-0.510479491,-0.132166419
2025-11-22 16:42:15,0.353040842,0.050753457,0.498955774
2025-11-22 16:42:25,0.784281006,0.000728831,0.867837270
2025-11-22 16:42:35,0.262940831,0.307031367,-0.493380505
2025-11-22 16:42:45,-0.650244003,-0.514639876,-0.028378536
2025-11-22 16:42:55,-0.346768679,-0.169699730,0.179028315
2025-11-22 16:43:05,0.590503954,-0.481079517,0.186409194
2025-11-22 16:43:15,-0.213342261,0.144939745,0.157099935
2025-11-22 16:43:25,0.550774028,0.719520845,0.028349067
2025-11-22 16:43:35,0.117708409,-0.043285678,-0.020941910
2025-11-22 16:43:45,0.566389143,0.055995233,-0.149265224
2025-11-22 16:43:55,0.124682104,0.025826549,0.363403163
2025-11-22 16:44:05,0.766750603,0.654115423,0.397045749
2025-11-22 16:44:15,0.413538476,-0.131912978,1.267705111
2025-11-22 16:44:25,0.342970437,0.515793661,-0.192412475
2025-11-22 16:44:35,-0.301090866,0.008872736,-0.414646716
2025-11-22 16:44:45,0.423717333,-0.313462199,0.254811932
2025-11-22 16:44:55,-0.073182252,0.101617567,0.174751266
2025-11-22 16:45:05,-0.046757548,0.316404944,-0.891037467
2025-11-22 16:45:15,-0.850713061,0.063158002,-0.238280181
2025-11-22 16:45:25,0.623319200,-0.041175352,-0.263280957
2025-11-22 16:45:35,0.677436945,-0.120378653,0.015672802
2025-11-22 16:45:45,-0.326013334,0.261371167,-0.112140098
2025-11-22 16:45:55,0.393805521,0.497437574,0.139889394
2025-11-22 16:46:05,-0.052546608,-0.113990848,0.189021257
2025-11-22 16:46:15,-0.045839321,-0.319531147,0.209829486
2025-11-22 16:46:25,0.442923745,0.186043585,-0.172413122
2025-11-22 16:46:35,0.388827643,-0.051468081,0.309692482
2025-11-22 16:46:45,-0.473417265,0.654006815,-0.177495972
2025-11-22 16:46:55,-0.398972371,-0.335364204,0.594096293
2025-11-22 16:47:05,0.288392754,0.193940353,-0.802605552
2025-11-22 16:47:15,0.715940579,-0.114286976,0.137208209
2025-11-22 16:47:25,-0.021483653,0.309583923,0.208651973
2025-11-22 16:47:35,-0.375343947,-0.571398783,-0.392883502
2025-11-22 16:47:45,0.830763538,-0.169733119,0.284152011
2025-11-22 16:47:55,0.357033082,0.029860163,0.324629371
2025-11-22 16:48:05,-0.022652988,0.392925806,0.094775681
2025-11-22 16:48:15,-0.096617250,0.734338574,-0.067177174
2025-11-22 16:48:25,0.207894994,0.057901096,0.401797718
2025-11-22 16:48:35,-0.666656001,-0.436853730,-0.189098387
2025-11-22 16:48:45,-0.153939532,0.061412566,-0.917429441
2025-11-22 16:48:55,-1.014556844,-0.164981326,0.725196600
2025-11-22 16:49:05,-0.004042525,0.274586155,-0.197221313
2025-11-22 16:49:15,-0.412229558,-0.173891308,0.224014544
2025-11-22 16:49:25,-0.000853091,0.105150629,0.308539787
2025-11-22 16:49:35,0.116866285,-0.517145322,0.015596215
2025-11-22 16:49:45,0.224007127,-0.283481020,0.028376162
2025-11-22 16:49:55,-0.077480279,-0.216638859,1.040507875
2025-11-22 16:50:05,-0.704849411,-0.335124175,0.138846742
2025-11-22 16:50:15,-0.415460896,0.187781103,0.356592582
2025-11-22 16:50:25,0.387254324,0.476643200,-0.216869070
2025-11-22 16:50:35,-0.254821513,0.129354060,0.209441290
2025-11-22 16:50:45,0.667186127,0.446382078,-0.139126260
2025-11-22 16:50:55,0.021376302,0.117198598,-0.769439089
2025-11-22 16:51:05,0.550836248,-0.864719239,-0.144235816
2025-11-22 16:51:15,0.054148830,0.057169213,0.409499481
2025-11-22 16:51:25,-0.031262572,0.425497208,-0.705343468
2025-11-22 16:51:35,0.366504543,-0.389564000,0.535243615
2025-11-22 16:51:45,0.097711293,0.090400158,0.450835325
2025-11-22 16:51:55,0.652724372,0.108859756,0.342782944
2025-11-22 16:52:05,0.459442765,0.564053353,-0.503184224
2025-11-22 16:52:15,0.193012982,-0.014458044,-0.525081134
2025-11-22 16:52:25,-1.210684445,0.149505145,0.103699722
2025-11-22 16:52:35,-0.264370528,0.016610940,0.117974204
2025-11-22 16:52:45,0.049746079,0.113873353,0.123904884
2025-11-22 16:52:55,0.504578109,0.220257867,-0.351572012
2025-11-22 16:53:05,0.072840744,0.776207526,-0.086658109
2025-11-22 16:53:15,-0.399605717,0.206027895,0.311699361
2025-11-22 16:53:25,0.022763517,-0.878249173,0.126881826
2025-11-22 16:53:35,1.030855751,-0.074154552,0.376418813
2025-11-22 16:53:45,0.802572107,-0.442601784,-0.067933756
2025-11-22 16:53:55,0.179859649,-0.240044662,0.092533007
2025-11-22 16:54:05,-0.074659065,-0.697438277,-0.241683896
2025-11-22 16:54:15,0.335355959,0.772958326,-0.356786573
2025-11-22 16:54:25,0.540557082,-0.333786677,-0.206058692
2025-11-22 16:54:35,0.218648119,0.012433231,-0.231750850
2025-11-22 16:54:45,-0.064122306,0.875336496,0.867094156
2025-11-22 16:54:55,-0.470596027,0.091117085,0.137122379
2025-11-22 16:55:05,-0.207383085,-0.160651854,-0.038834548
2025-11-22 16:55:15,-0.674975748,0.684497797,-0.453186270
2025-11-22 16:55:25,0.298500716,-0.109721836,-0.764401008
2025-11-22 16:55:35,-0.534978192,0.846903565,-0.174613746
2025-11-22 16:55:45,0.459660107,-0.003506776,-0.643361939
2025-11-22 16:55:55,0.449481057,-0.528501463,-0.160114848
2025-11-22 16:56:05,0.284682754,-0.538170725,0.785053506
2025-11-22 16:56:15,0.520085177,-0.042712208,0.299475612
2025-11-22 16:56:25,0.465029712,0.543549424,1.437869352
2025-11-22 16:56:35,0.380671004,-0.460985720,0.654079277
2025-11-22 16:56:45,0.514025594,0.230802022,-0.012316298
2025-11-22 16:56:55,-0.262198091,-0.406071833,0.032687896
2025-11-22 16:57:05,0.356645072,-0.160265390,0.678416000
2025-11-22 16:57:15,-0.054938955,0.366183463,-0.331026723
2025-11-22 16:57:25,0.460447323,0.341838228,-0.524775236
2025-11-22 16:57:35,-0.783776349,0.279579575,0.290500639
2025-11-22 16:57:45,0.339334567,-0.437351480,0.288429750
2025-11-22 16:57:55,0.214011422,0.720721987,-0.225401185
2025-11-22 16:58:05,0.318692074,-0.005357633,1.006624833
2025-11-22 16:58:15,0.327295869,0.031880520,0.014671624
2025-11-22 16:58:25,-0.394948638,-0.207982458,0.325009717
2025-11-22 16:58:35,0.022098659,0.143005986,0.199604780
2025-11-22 16:58:45,-0.107624097,0.071483376,-0.192978397
2025-11-22 16:58:55,0.106331969,-0.304704453,0.155971095
2025-11-22 16:59:05,0.171697872,0.336580897,0.223338138
2025-11-22 16:59:15,-0.793046486,-0.001330863,-0.388617789
2025-11-22 16:59:25,-0.046022172,-0.141246350,-0.325489282
2025-11-22 16:59:35,0.015481739,0.926333972,0.411316236
2025-11-22 16:59:45,0.498941236,0.018054873,0.193023588
2025-11-22 16:59:55,0.150992887,0.153715678,-1.030463669
2025-11-22 17:00:05,0.167148408,-0.297836407,0.148364158
2025-11-22 17:00:15,-0.851607110,-0.356146952,0.558126528
2025-11-22 17:00:25,0.391081935,-0.149168748,0.094202569
2025-11-22 17:00:35,0.075786891,0.883716278,-0.170218721
2025-11-22 17:00:45,-0.226317994,0.100679096,-0.031575092
2025-11-22 17:00:55,-0.125686160,-0.258552624,-0.076077503
2025-11-22 17:01:05,-0.346063751,0.063490204,0.150620051
2025-11-22 17:01:15,0.457355541,0.596387104,-0.025865069
2025-11-22 17:01:25,0.361530732,0.330824800,-0.404567943
2025-11-22 17:01:35,-0.531879689,-0.107347803,0.122981176
2025-11-22 17:01:45,0.199254960,-1.228933227,0.266566487
2025-11-22 17:01:55,-0.405367059,0.279028093,0.407620551
2025-11-22 17:02:05,-0.405824419,1.440211953,0.598516445
2025-11-22 17:02:15,-0.148889811,-0.428198701,-0.011232323
2025-11-22 17:02:25,0.271924897,-0.032478762,-0.651162264
2025-11-22 17:02:35,-0.117143764,0.262734027,0.537205955
2025-11-22 17:02:45,-0.031979310,0.198824899,-0.371080488
2025-11-22 17:02:55,0.009112121,0.274307502,-0.734930645
2025-11-22 17:03:05,0.141351897,-0.663106607,-0.029691816
2025-11-22 17:03:15,-0.276079820,-0.349804756,0.378392790
2025-11-22 17:03:25,0.553257183,0.839370814,-0.345859192
2025-11-22 17:03:35,-0.197721338,0.232652357,-0.234412760
2025-11-22 17:03:45,0.478355629,0.333334455,0.358227265
2025-11-22 17:03:55,-0.581470884,0.138800621,0.060467819
2025-11-22 17:04:05,-0.646798036,0.990143588,0.185419208
2025-11-22 17:04:15,0.783131061,-0.018870083,-0.572906725
2025-11-22 17:04:25,-0.127402234,-0.401852981,0.803266805
2025-11-22 17:04:35,-0.480909444,0.729169378,0.621789974
2025-11-22 17:04:45,0.217364421,0.366099950,0.046958284
2025-11-22 17:04:55,0.860266184,0.006497646,-0.269429744
2025-11-22 17:05:05,0.470928825,-0.483674480,-0.004770485
2025-11-22 17:05:15,-0.052524741,0.157251429,0.677878064
2025-11-22 17:05:25,0.102362726,-0.012900016,0.076010470
2025-11-22 17:05:35,-0.000675572,-0.385420283,0.282784444
2025-11-22 17:05:45,0.147305134,-0.848796969,0.400834248
2025-11-22 17:05:55,0.147453712,0.405923448,0.175427110
2025-11-22 17:06:05,0.150713613,0.286177090,0.098687999
2025-11-22 17:06:15,0.628934996,-0.516918355,0.062067451
2025-11-22 17:06:25,0.426841552,-0.007794516,-0.485628490
2025-11-22 17:06:35,0.146587361,-0.015695810,0.525461471
2025-11-22 17:06:45,-0.462103429,0.257313375,0.966917234
2025-11-22 17:06:55,0.276819460,-0.429115361,-0.202223453
2025-11-22 17:07:05,0.876867314,0.278392493,-0.208138769
2025-11-22 17:07:15,0.166356976,0.321317720,-0.402807887
2025-11-22 17:07:25,-0.222420780,-0.452475302,-0.246931005
2025-11-22 17:07:35,0.473790136,0.551750737,-0.041204554
2025-11-22 17:07:45,0.353398188,0.289452661,-0.065213117
2025-11-22 17:07:55,0.645779966,0.020769213,-0.045981378
2025-11-22 17:08:05,0.095744243,-0.253906089,0.012466913
2025-11-22 17:08:15,-0.054654940,0.045413840,0.616290049
2025-11-22 17:08:25,-0.098438668,0.070472844,-0.493184347
2025-11-22 17:08:35,-0.311793102,0.340491863,-0.047679414
2025-11-22 17:08:45,0.225544325,0.855094468,-0.899426632
2025-11-22 17:08:55,-0.453977451,0.249708450,0.380984043
2025-11-22 17:09:05,-0.129081969,-0.056892911,0.624285492
2025-11-22 17:09:15,-0.307860101,-0.013274387,-0.237701006
2025-11-22 17:09:25,-0.409426499,-0.338920653,0.034940199
2025-11-22 17:09:35,-0.411120473,-0.420326082,0.103779636
2025-11-22 17:09:45,-0.072762265,-0.091890604,0.788049583
2025-11-22 17:09:55,0.006493674,-0.320913332,0.026878796
2025-11-22 17:10:05,-0.064061465,-0.572771489,0.330104198
2025-11-22 17:10:15,-0.790685870,-0.326880123,-0.621892334
2025-11-22 17:10:25,0.294691260,0.525401250,-0.102969156
2025-11-22 17:10:35,-0.518956655,0.006060445,-0.549390197
2025-11-22 17:10:45,0.018257892,-0.060787559,0.202677729
2025-11-22 17:10:55,-0.458374642,-0.543496191,-0.504576192
2025-11-22 17:11:05,-0.111900076,-0.084335059,0.090222835
2025-11-22 17:11:15,-0.167308408,0.013439964,-0.168613088
2025-11-22 17:11:25,0.284005056,-0.277278518,-0.201862080
2025-11-22 17:11:35,0.610802392,0.488619582,0.151339585
2025-11-22 17:11:45,-0.395656763,-0.155627186,0.438432276
2025-11-22 17:11:55,0.196239707,-0.198966397,0.012513110
2025-11-22 17:12:05,-0.228312103,-0.093256922,-1.042016472
2025-11-22 17:12:15,0.261534117,-0.049995967,-0.246897782
2025-11-22 17:12:25,-0.337656215,-0.189309880,0.267166723
2025-11-22 17:12:35,-0.306336709,-0.166657641,0.341409041
2025-11-22 17:12:45,0.180503928,0.435604202,-0.000090219
2025-11-22 17:12:55,0.321881119,-0.130457064,-0.720167126
2025-11-22 17:13:05,-0.159140132,0.119473170,0.274137292
2025-11-22 17:13:15,-0.055305722,-0.265804362,0.470126288
2025-11-22 17:13:25,0.595921134,-0.266487940,-0.513315130
2025-11-22 17:13:35,0.460813622,0.118969513,-0.234893087
2025-11-22 17:13:45,0.470773993,-0.584000946,-0.189131878
2025-11-22 17:13:55,-0.228834694,-0.421035373,0.345634304
2025-11-22 17:14:05,0.110647656,0.368534279,0.085843179
2025-11-22 17:14:15,0.930069913,0.384726232,0.054474942
2025-11-22 17:14:25,0.052249428,-0.489221273,-0.334757379
2025-11-22 17:14:35,0.080266056,0.423305634,-0.236418165
2025-11-22 17:14:45,-0.995955804,0.279137825,-0.611400488
2025-11-22 17:14:55,-0.392148439,0.167997207,0.225302477
2025-11-22 17:15:05,0.273452779,-0.426202251,0.857137251
2025-11-22 17:15:15,0.916074671,0.167442085,0.272959539
2025-11-22 17:15:25,-0.266586998,0.320427671,-0.323734269
2025-11-22 17:15:35,0.169213959,0.452649818,0.644464476
2025-11-22 17:15:45,-0.575902293,0.122788654,0.324649152
2025-11-22 17:15:55,0.574639729,0.784152250,-0.262191012
2025-11-22 17:16:05,-0.511205612,0.184890783,-0.254309042
2025-11-22 17:16:15,-0.109027917,1.045095923,-0.117380347
2025-11-22 17:16:25,-0.255755642,0.856037212,-0.081496734
2025-11-22 17:16:35,-0.729606846,0.129115120,-1.044726083
2025-11-22 17:16:45,-0.347300776,-0.103356224,-0.390962223
2025-11-22 17:16:55,0.254553397,-0.277705928,0.586459218
2025-11-22 17:17:05,0.215426914,-0.413591028,0.122793784
2025-11-22 17:17:15,0.781523298,-0.626413280,0.437734707
2025-11-22 17:17:25,0.281222900,-0.174547752,-0.161616299
2025-11-22 17:17:35,0.194551985,0.036855006,-0.149564221
2025-11-22 17:17:45,0.570830164,-1.097217031,-0.826719755
2025-11-22 17:17:55,0.391973636,-0.822163124,0.209002199
2025-11-22 17:18:05,0.015709528,0.016974982,-0.236249739
2025-11-22 17:18:15,-0.050169863,-0.018768965,-0.199323421
2025-11-22 17:18:25,-0.186108386,0.004830836,0.188976142
2025-11-22 17:18:35,0.275865530,0.430927267,-0.467702255
2025-11-22 17:18:45,-0.695829305,0.123376392,0.343815594
2025-11-22 17:18:55,0.039683957,0.195522071,0.092343013
2025-11-22 17:19:05,0.116629699,0.225941735,0.398724699
2025-11-22 17:19:15,0.581177552,-0.638298380,-0.069128765
2025-11-22 17:19:25,0.205256830,0.603337103,-1.156912082
2025-11-22 17:19:35,-0.169130955,0.246037147,0.831678305
2025-11-22 17:19:45,-0.655809636,-0.329070357,0.174930473
2025-11-22 17:19:55,0.750984449,0.094694529,-0.700516979
2025-11-22 17:20:05,0.584767412,0.406340960,-0.321210614
2025-11-22 17:20:15,-0.365122051,0.169364734,0.185442758
2025-11-22 17:20:25,-0.169269951,-0.715499190,0.118865892
2025-11-22 17:20:35,0.343723091,-0.387757541,0.264053552
2025-11-22 17:20:45,0.432445221,-0.092044969,-0.086053642
2025-11-22 17:20:55,-0.230473414,0.238673271,-0.255092651
2025-11-22 17:21:05,-0.385163502,0.870623341,-0.279210083
2025-11-22 17:21:15,-0.161601927,0.682658656,0.143353715
2025-11-22 17:21:25,-0.756037673,-0.552858175,0.063238802
2025-11-22 17:21:35,0.494371285,0.294790133,0.348274826
2025-11-22 17:21:45,-0.026984331,0.458993791,0.013976732
2025-11-22 17:21:55,0.437990049,-0.465185772,-0.235178872
2025-11-22 17:22:05,-0.369291223,-0.243538986,-0.624311898
2025-11-22 17:22:15,-0.613038458,-0.157120720,-0.364520954
2025-11-22 17:22:25,-0.015038614,0.250447109,0.004146093
2025-11-22 17:22:35,-0.347665522,0.374122294,-0.107939007
2025-11-22 17:22:45,-0.221107692,-0.370966341,0.011440257
2025-11-22 17:22:55,0.030593786,0.619949600,-0.408872751
2025-11-22 17:23:05,0.246365025,0.444620045,0.321731049
2025-11-22 17:23:15,-0.009909002,0.080335686,-0.204880978
2025-11-22 17:23:25,0.353994961,0.259148494,0.049028807
2025-11-22 17:23:35,0.163360271,-0.169465630,0.788777663
2025-11-22 17:23:45,0.008079235,0.248563926,0.194650769
2025-11-22 17:23:55,-0.275368547,-0.082048243,0.196698858
2025-11-22 17:24:05,-0.612285801,0.414361324,0.186516602
2025-11-22 17:24:15,-0.121628383,-0.031167372,-0.730099092
2025-11-22 17:24:25,-0.554008975,-0.020030259,-0.069796617
2025-11-22 17:24:35,0.378622589,-0.282515916,0.072310424
2025-11-22 17:24:45,0.066227953,-0.170298828,0.063273221
2025-11-22 17:24:55,-0.253008935,0.269367612,0.200713966
2025-11-22 17:25:05,0.154101878,-0.066593925,0.389245605
2025-11-22 17:25:15,-0.152037406,0.469578578,-0.405690841
2025-11-22 17:25:25,0.015791815,0.159933737,-0.065416459
2025-11-22 17:25:35,-0.165375456,-0.581262365,0.230221189
2025-11-22 17:25:45,0.491922660,0.488701207,0.150514432
2025-11-22 17:25:55,0.360687614,0.424251311,-0.378185537
2025-11-22 17:26:05,0.695314185,0.361545625,-0.428876553
2025-11-22 17:26:15,-0.182034339,-0.121483340,-0.389409212
2025-11-22 17:26:25,0.477455926,-0.191016595,-0.155190514
2025-11-22 17:26:35,-0.022393876,-0.294149716,-0.174222213
2025-11-22 17:26:45,0.358464429,0.120435805,0.119055421
2025-11-22 17:26:55,0.685830548,0.314278904,0.526443943
2025-11-22 17:27:05,-0.035943461,0.272594633,-0.199816038
2025-11-22 17:27:15,-0.031550194,-0.042729549,0.187027578
2025-11-22 17:27:25,-0.147402076,0.059838754,0.011101471
2025-11-22 17:27:35,0.272792307,0.365866182,-0.080587717
2025-11-22 17:27:45,-0.378969647,0.166521517,-0.762467918
2025-11-22 17:27:55,0.788116535,0.341698864,-0.026976418
2025-11-22 17:28:05,0.293259875,-0.090908677,-0.331519258
2025-11-22 17:28:15,-0.734322789,-0.194820469,0.952901003
2025-11-22 17:28:25,-0.009795122,-0.016876394,0.599353287
2025-11-22 17:28:35,-0.105986306,0.045880164,0.252138508
2025-11-22 17:28:45,0.143387211,0.226954520,-0.528707321
2025-11-22 17:28:55,-0.499144284,-0.624687044,-0.355349007
2025-11-22 17:29:05,-0.709492680,0.291101669,0.704412027
2025-11-22 17:29:15,-0.060682164,-0.057214257,-0.441378135
2025-11-22 17:29:25,-0.088324777,0.099788459,-0.408984974
2025-11-22 17:29:35,0.186231919,-0.236972342,-0.638363344
2025-11-22 17:29:45,0.090021970,0.173703426,-0.031196222
2025-11-22 17:29:55,0.565480119,-0.222810089,-0.820676077
2025-11-22 17:30:05,0.061690520,-0.681293238,-0.030653393
2025-11-22 17:30:15,-0.128071021,0.231790320,0.080031987
2025-11-22 17:30:25,0.084227143,-0.375120282,0.475649753
2025-11-22 17:30:35,0.231239070,-0.015827951,0.738321087
2025-11-22 17:30:45,-0.397885036,-0.027454278,-0.306362209
2025-11-22 17:30:55,0.142610785,-0.073076731,0.283330872
2025-11-22 17:31:05,0.305442895,0.133975163,0.002801715
2025-11-22 17:31:15,-0.235804206,0.348507463,0.479998808
2025-11-22 17:31:25,0.935432939,-0.254111935,0.044699442
2025-11-22 17:31:35,-0.029029412,0.262276457,0.160332194
2025-11-22 17:31:45,-0.136483828,-0.287258843,-0.097948614
2025-11-22 17:31:55,0.218926745,0.330588836,0.381899148
2025-11-22 17:32:05,0.940045945,0.328995387,0.113661300
2025-11-22 17:32:15,-0.590908278,-0.556029022,-0.160787886
2025-11-22 17:32:25,-0.533048015,0.579842760,-0.189117712
2025-11-22 17:32:35,0.157510957,0.212974466,0.775381770
2025-11-22 17:32:45,0.107429008,0.098066090,0.870972671
2025-11-22 17:32:55,0.026932510,-0.112459952,1.017220034
2025-11-22 17:33:05,0.228579612,0.196129373,0.066363444
2025-11-22 17:33:15,0.190461857,0.241964470,0.407256695
2025-11-22 17:33:25,0.079315539,0.294599796,-0.045595195
2025-11-22 17:33:35,-0.120981297,0.023930868,0.074006319
2025-11-22 17:33:45,0.087310721,-0.166206263,0.092804250
2025-11-22 17:33:55,0.020913961,-0.416283573,-0.446381563
2025-11-22 17:34:05,0.170152724,0.666990144,-0.024034632
2025-11-22 17:34:15,-0.006649179,0.808940059,-0.012224682
2025-11-22 17:34:25,-0.137012486,0.376254512,0.252288379
2025-11-22 17:34:35,-0.086829399,-0.014809719,-0.188482502
2025-11-22 17:34:45,-0.247230826,0.132650982,-0.252959081
2025-11-22 17:34:55,0.060880170,-0.329532719,-0.336254085
2025-11-22 17:35:05,0.191544302,0.117090414,0.478127637
2025-11-22 17:35:15,0.345961954,0.306106729,0.124124736
2025-11-22 17:35:25,-0.155386113,0.184772040,-0.225003632
2025-11-22 17:35:35,-0.400508874,-0.443964593,-0.784164874
2025-11-22 17:35:45,0.789540574,-0.099169484,-0.018367981
2025-11-22 17:35:55,-0.269551299,0.043263424,-0.065056734
2025-11-22 17:36:05,0.054488486,-0.179382730,0.646284995
2025-11-22 17:36:15,-0.371363534,-0.256344741,0.218742502
2025-11-22 17:36:25,-0.090512045,0.389922065,0.085210203
2025-11-22 17:36:35,-0.013609315,0.742488340,0.382388344
2025-11-22 17:36:45,0.398841558,-0.993887082,-0.429968460
2025-11-22 17:36:55,0.026291587,-0.346714869,0.024901330
2025-11-22 17:37:05,0.084890731,0.726280521,-0.058177075
2025-11-22 17:37:15,-0.208453732,0.291760137,-0.535179891
2025-11-22 17:37:25,0.218727597,0.364153785,0.163420116
2025-11-22 17:37:35,0.245467558,-0.785286546,-0.529365348
2025-11-22 17:37:45,-0.228415274,0.294283203,0.286330130
2025-11-22 17:37:55,-0.352450959,0.207251951,0.425530834
2025-11-22 17:38:05,0.597359322,-0.333365879,-0.357527336
2025-11-22 17:38:15,-0.015239846,-0.361383135,-0.685287967
2025-11-22 17:38:25,0.525606626,-0.414254161,0.021108295
2025-11-22 17:38:35,0.734350984,0.586451792,0.126441570
2025-11-22 17:38:45,-0.021219876,-0.805204865,-0.464672850
2025-11-22 17:38:55,0.541078019,0.006722710,-0.025899785
2025-11-22 17:39:05,0.797220466,0.095918026,-0.196914421
2025-11-22 17:39:15,-0.189570582,0.545928691,0.544047850
2025-11-22 17:39:25,-0.431723051,0.271875564,-0.146948664
2025-11-22 17:39:35,0.404010194,-0.041085341,-0.032387159
2025-11-22 17:39:45,-0.002518472,-0.106809907,-0.263148583
2025-11-22 17:39:55,-0.458407379,-0.094556063,-0.214186377
2025-11-22 17:40:05,-1.198327203,0.152346721,0.627161113
2025-11-22 17:40:15,0.366816808,0.187181767,-0.203560954
2025-11-22 17:40:25,0.370886863,-0.438959195,0.519881115
2025-11-22 17:40:35,0.476667285,0.154950133,0.264902393
2025-11-22 17:40:45,-0.512261990,-0.184544045,0.017356842
2025-11-22 17:40:55,-0.135232351,-0.368635728,0.228024407
2025-11-22 17:41:05,0.186018284,0.207577544,-0.131388043
2025-11-22 17:41:15,0.177234200,-0.565067402,-0.127649975
2025-11-22 17:41:25,-0.215246973,0.159864221,0.219734447
2025-11-22 17:41:35,0.138388677,-0.202693539,-0.537624694
2025-11-22 17:41:45,0.622145493,0.152855825,0.528116020
2025-11-22 17:41:55,0.209491758,0.064047950,-0.688950804
2025-11-22 17:42:05,-0.548455264,-0.109150668,-0.102094403
2025-11-22 17:42:15,0.384009945,0.186000501,-0.365752544
2025-11-22 17:42:25,0.097039519,0.252822278,0.345238279
2025-11-22 17:42:35,-0.758169476,0.330767339,-0.721204119
2025-11-22 17:42:45,-0.207722962,-0.120695541,0.252847517
2025-11-22 17:42:55,0.706562016,0.344599836,0.021193865
2025-11-22 17:43:05,-0.495472039,0.641294353,0.226984669
2025-11-22 17:43:15,0.162595896,-0.210696701,-0.678844773
2025-11-22 17:43:25,0.365789728,-0.060686377,0.027351921
2025-11-22 17:43:35,0.642201494,-0.733199536,0.153061243
2025-11-22 17:43:45,-0.186229341,-0.185107546,0.018332674
2025-11-22 17:43:55,0.230815267,0.546518952,-0.468435755
2025-11-22 17:44:05,-0.121204955,0.037332852,0.166114099
2025-11-22 17:44:15,-0.118540344,-0.003334010,0.256721889
2025-11-22 17:44:25,-0.133381807,0.177547156,0.079856268
2025-11-22 17:44:35,-0.215290359,-0.188165298,0.359198449
2025-11-22 17:44:45,-0.150419043,-0.210062581,0.230231397
2025-11-22 17:44:55,-0.491087596,-0.378428403,0.091443837
2025-11-22 17:45:05,0.981852975,-0.036326790,-0.324758309
2025-11-22 17:45:15,0.174755991,0.136741270,0.057017351
2025-11-22 17:45:25,-0.421386232,-0.778977426,-0.249405955
2025-11-22 17:45:35,0.525722280,0.337774564,-0.219080124
2025-11-22 17:45:45,-0.189291119,0.069689729,0.257594960
2025-11-22 17:45:55,-0.484523633,-0.410953652,-0.247406142
2025-11-22 17:46:05,-0.599825107,0.470856639,0.655798792
2025-11-22 17:46:15,-0.477560449,0.048022822,0.198402257
2025-11-22 17:46:25,0.141508501,-0.192158151,0.038554045
2025-11-22 17:46:35,-0.166901978,0.562892999,0.100545510
2025-11-22 17:46:45,0.467939771,0.314502495,-0.762482979
2025-11-22 17:46:55,0.225898170,0.358484831,-0.090815429
2025-11-22 17:47:05,-0.357178696,-0.194238602,0.274647913
2025-11-22 17:47:15,0.041555831,0.399325971,0.345205970
2025-11-22 17:47:25,0.458987318,-0.491582051,-0.248828682
2025-11-22 17:47:35,0.157279553,-0.123001902,0.198257073
2025-11-22 17:47:45,0.674640374,0.271480600,0.057320334
2025-11-22 17:47:55,0.015157563,0.323604572,-0.150250684
2025-11-22 17:48:05,-0.176682071,-0.006537853,-0.621569323
2025-11-22 17:48:15,-0.667993567,-0.414487477,-0.709348313
2025-11-22 17:48:25,-0.162341520,0.244015262,0.235710900
2025-11-22 17:48:35,0.101022886,0.032310061,0.512820176
2025-11-22 17:48:45,0.021577767,-0.055595011,0.025578523
2025-11-22 17:48:55,-0.605452277,-0.938804781,-0.103620609
2025-11-22 17:49:05,-0.484391193,-0.717982393,0.024045824
2025-11-22 17:49:15,0.156396997,-0.395704616,-0.083497069
2025-11-22 17:49:25,0.273948234,-0.134085675,-0.062175415
2025-11-22 17:49:35,0.500233715,-0.122770770,-0.101169100
2025-11-22 17:49:45,0.545748073,0.075460362,-0.520256770
2025-11-22 17:49:55,0.488824426,-0.125154984,-0.230529641
2025-11-22 17:50:05,-1.167428154,0.123494879,-0.421090729
2025-11-22 17:50:15,-0.286941185,0.116537960,0.924438615
2025-11-22 17:50:25,-0.586340949,0.632612337,-0.590017152
2025-11-22 17:50:35,-0.146735565,-0.266526903,0.692144002
2025-11-22 17:50:45,0.230979404,0.221023910,-0.499550248
2025-11-22 17:50:55,-0.323504254,-0.441197296,-0.021078300
2025-11-22 17:51:05,-0.212318181,0.332705676,0.424276997
2025-11-22 17:51:15,-0.253973133,-0.225655147,0.386325023
2025-11-22 17:51:25,-0.061211854,0.593975464,0.148064777
2025-11-22 17:51:35,0.012001144,-0.240202237,-0.216476164
2025-11-22 17:51:45,0.108481686,0.196091020,0.217930383
2025-11-22 17:51:55,0.155295505,0.050651551,0.237846897
2025-11-22 17:52:05,-0.252371972,-0.086020474,-0.111441911
2025-11-22 17:52:15,-0.344390500,0.392508677,-0.367410294
2025-11-22 17:52:25,-0.730503760,0.397908611,0.911298649
2025-11-22 17:52:35,-0.371802013,0.057642081,-0.862032234
2025-11-22 17:52:45,0.061388485,0.288017392,0.318766741
2025-11-22 17:52:55,0.293927236,-0.208952488,-0.217025717
2025-11-22 17:53:05,0.259095549,0.582081411,0.327269138
2025-11-22 17:53:15,0.149366050,0.467553436,-0.233013927
2025-11-22 17:53:25,0.286366471,-0.670691402,-0.734669945
2025-11-22 17:53:35,0.150364203,0.169746543,-0.663440604
2025-11-22 17:53:45,0.346391046,0.433286102,0.298559476
2025-11-22 17:53:55,0.908195389,0.580139456,-0.707162807
2025-11-22 17:54:05,-0.086574504,0.505684395,0.418767958
2025-11-22 17:54:15,-0.355936714,-0.183998152,0.139148981
2025-11-22 17:54:25,-0.192771526,0.557164487,-0.468637213
2025-11-22 17:54:35,0.120955992,0.202801789,0.152263975
2025-11-22 17:54:45,-0.040252411,0.133526516,0.063962287
2025-11-22 17:54:55,-0.033975548,0.058468456,-0.060398486
2025-11-22 17:55:05,-0.302682209,0.076761550,0.015837211
2025-11-22 17:55:15,0.012276006,-0.014578128,-0.099452470
2025-11-22 17:55:25,0.168975616,-0.006347458,0.026031484
2025-11-22 17:55:35,0.187406087,0.129525724,0.073109316
2025-11-22 17:55:45,-0.014702923,-0.133681437,0.021489226
2025-11-22 17:55:55,0.100854532,0.016539243,-0.158906401
2025-11-22 17:56:05,-0.016892513,0.008796840,0.081902765
2025-11-22 17:56:15,0.082789812,0.039212854,0.156154248
2025-11-22 17:56:25,0.384994263,-0.085887964,0.019403697
2025-11-22 17:56:35,0.017004380,-0.016519988,-0.016776499
2025-11-22 17:56:45,0.095410345,0.058538947,-0.111075587
2025-11-22 17:56:55,-0.211166215,-0.029671364,-0.102211985
2025-11-22 17:57:05,0.173399214,0.162871286,0.073856831
2025-11-22 17:57:15,-0.088240601,-0.072306461,0.062466123
2025-11-22 17:57:25,-0.167056129,-0.049966565,0.327993345
2025-11-22 17:57:35,-0.312883043,-0.171597968,-0.121091694
2025-11-22 17:57:45,0.335732923,0.149351573,0.039020622
2025-11-22 17:57:55,-0.051000362,-0.095594990,-0.035379744
2025-11-22 17:58:05,0.240709504,0.051118441,-0.008561746
2025-11-22 17:58:15,-0.279352744,0.088028080,-0.090891518
2025-11-22 17:58:25,-0.041996467,-0.080419966,-0.178887295
2025-11-22 17:58:35,-0.096207191,0.109943421,-0.058035455
2025-11-22 17:58:45,0.085987337,0.045946226,0.251060049
2025-11-22 17:58:55,0.221377620,-0.066237949,-0.301278424
2025-11-22 17:59:05,0.001756229,-0.122531707,-0.014730286
2025-11-22 17:59:15,0.269643376,-0.227571200,0.072535254
2025-11-22 17:59:25,-0.141901055,-0.121821122,-0.162324186
2025-11-22 17:59:35,0.054882394,0.022440987,-0.005816253
2025-11-22 17:59:45,-0.076233191,-0.116647017,-0.034144161
2025-11-22 17:59:55,-0.098338663,0.019467641,0.094403115
2025-11-22 18:00:05,0.115250748,-0.019915148,0.126909034
2025-11-22 18:00:15,0.010306232,-0.168975568,0.243531336
2025-11-22 18:00:25,0.026014053,0.046966492,0.347989717
2025-11-22 18:00:35,-0.045245995,0.061565457,0.048299115
2025-11-22 18:00:45,-0.008626622,-0.325658239,-0.160728529
2025-11-22 18:00:55,-0.005544100,-0.056904494,0.099879123
2025-11-22 18:01:05,-0.199649177,0.261834522,0.536736611
2025-11-22 18:01:15,0.088338000,-0.102007400,0.144306368
2025-11-22 18:01:25,0.223275042,-0.024610408,0.007408580
2025-11-22 18:01:35,-0.012973962,0.114080426,0.023552489
2025-11-22 18:01:45,-0.348151870,-0.100291425,-0.118074540
2025-11-22 18:01:55,0.063491320,0.181806582,0.125142378
2025-11-22 18:02:05,0.037417949,-0.298055298,0.195663554
2025-11-22 18:02:15,0.011720789,-0.006748634,0.064491860
2025-11-22 18:02:25,0.094967975,-0.069903097,-0.045843750
2025-11-22 18:02:35,0.117094775,0.008189054,-0.216755752
2025-11-22 18:02:45,-0.178167387,0.094055838,0.121709030
2025-11-22 18:02:55,0.117694178,0.173305874,-0.010518598
2025-11-22 18:03:05,0.193957652,-0.024582472,0.079434217
2025-11-22 18:03:15,0.112974873,0.039835243,-0.154885512
2025-11-22 18:03:25,0.258142578,0.041371646,-0.277297238
2025-11-22 18:03:35,0.083196947,-0.098040765,0.214116801
2025-11-22 18:03:45,0.041777335,0.100114188,0.247887969
2025-11-22 18:03:55,-0.168723526,-0.089769051,-0.267357867
2025-11-22 18:04:05,0.039905671,-0.213486305,-0.018830930
2025-11-22 18:04:15,0.209834473,-0.001241273,-0.171238595
2025-11-22 18:04:25,-0.009018916,0.229069072,-0.005844998
2025-11-22 18:04:35,0.117087235,-0.143336648,-0.024268996
2025-11-22 18:04:45,0.070949010,0.053896862,0.088295677
2025-11-22 18:04:55,0.094419889,0.036966440,0.047322190
2025-11-22 18:05:05,0.022661534,0.028343355,-0.044342988
2025-11-22 18:05:15,0.224696630,-0.025351702,-0.118454354
2025-11-22 18:05:25,0.034841114,0.073800652,0.202363810
2025-11-22 18:05:35,-0.024144275,0.203381702,0.304476973
2025-11-22 18:05:45,0.075261049,-0.075991368,-0.163405098
2025-11-22 18:05:55,-0.037229326,-0.022726628,-0.198849404
2025-11-22 18:06:05,0.045647642,0.185530345,-0.089684259
2025-11-22 18:06:15,0.009519268,0.242152312,-0.144684854
2025-11-22 18:06:25,-0.003608308,-0.099243038,0.015786207
2025-11-22 18:06:35,-0.036315683,-0.073645319,-0.069257899
2025-11-22 18:06:45,-0.088991798,-0.034616835,0.031949561
2025-11-22 18:06:55,-0.192681130,-0.120603649,0.107404913
2025-11-22 18:07:05,-0.065043129,0.423862977,0.137587575
2025-11-22 18:07:15,-0.218812770,0.090578984,0.119040588
2025-11-22 18:07:25,0.335812385,-0.085004708,0.100133264
2025-11-22 18:07:35,-0.302193781,0.095730734,-0.184251497
2025-11-22 18:07:45,0.036830897,0.350487568,0.279278657
2025-11-22 18:07:55,-0.099642878,-0.089430252,-0.086203341
2025-11-22 18:08:05,-0.079521746,0.147860546,-0.239670176
2025-11-22 18:08:15,-0.050102280,-0.041060457,-0.150719097
2025-11-22 18:08:25,-0.136803559,-0.132467356,-0.207313049
2025-11-22 18:08:35,-0.102897573,0.078415795,-0.060033146
2025-11-22 18:08:45,-0.109992985,0.158774902,0.322403028
2025-11-22 18:08:55,0.031234853,0.059458647,-0.311417221
2025-11-22 18:09:05,0.007660743,-0.138654424,-0.134216842
2025-11-22 18:09:15,-0.014555345,0.046138204,-0.152818484
2025-11-22 18:09:25,0.048285196,0.162753225,0.091598435
2025-11-22 18:09:35,-0.121167205,-0.009317221,0.015466222
2025-11-22 18:09:45,-0.169631966,0.179808127,-0.415594872
2025-11-22 18:09:55,0.005418693,0.046134056,0.217345070
2025-11-22 18:10:05,-0.223128377,-0.082739430,0.233391160
2025-11-22 18:10:15,0.216134365,-0.111977640,0.046471902
2025-11-22 18:10:25,-0.194453225,-0.255693761,-0.242887553
2025-11-22 18:10:35,0.158029640,0.215532024,-0.226981842
2025-11-22 18:10:45,-0.150765196,-0.388987963,-0.181472637
2025-11-22 18:10:55,0.091361892,-0.158996800,0.050803553
2025-11-22 18:11:05,-0.103916378,-0.029147865,0.134015739
2025-11-22 18:11:15,0.122170833,-0.122907008,-0.128054032
2025-11-22 18:11:25,-0.122006469,-0.085961094,0.008035598
2025-11-22 18:11:35,0.294157210,0.280784628,0.118704335
2025-11-22 18:11:45,0.075967300,0.097028160,0.060740050
2025-11-22 18:11:55,-0.206701818,0.076484139,-0.181865099
2025-11-22 18:12:05,-0.026704996,-0.151235871,-0.024335563
2025-11-22 18:12:15,0.124917198,-0.020466081,-0.041282004
2025-11-22 18:12:25,0.077281742,0.021778987,0.030577888
2025-11-22 18:12:35,-0.270056210,0.062997172,-0.062590922
2025-11-22 18:12:45,-0.258206695,0.158495781,-0.094178714
2025-11-22 18:12:55,-0.000192274,-0.048185095,-0.034313479
2025-11-22 18:13:05,0.180662315,-0.036866751,0.045375808
2025-11-22 18:13:15,0.014406355,-0.333282206,-0.037773057
2025-11-22 18:13:25,-0.094984259,0.118765971,-0.108646620
2025-11-22 18:13:35,-0.049516997,-0.088896797,-0.207171990
2025-11-22 18:13:45,-0.215040013,-0.111511971,-0.028671986
2025-11-22 18:13:55,0.097091596,0.171345251,0.231137631
2025-11-22 18:14:05,0.135165513,0.042828223,0.213038141
2025-11-22 18:14:15,-0.014060464,0.208599898,-0.055389045
2025-11-22 18:14:25,0.205368575,-0.086727583,0.032074049
2025-11-22 18:14:35,-0.266848096,0.085682425,0.011925198
2025-11-22 18:14:45,-0.002975772,0.063529657,0.120212609
2025-11-22 18:14:55,0.045233971,-0.102605116,0.097744897
2025-11-22 18:15:05,-0.141629710,0.168376533,-0.108753654
2025-11-22 18:15:15,0.227232688,-0.039292966,-0.250875358
2025-11-22 18:15:25,-0.206476784,0.131714001,-0.100263824
2025-11-22 18:15:35,-0.001057285,0.110669079,-0.213480565
2025-11-22 18:15:45,0.234839918,0.079822181,0.058189195
2025-11-22 18:15:55,0.036900571,0.196016944,-0.213076569
2025-11-22 18:16:05,-0.179272618,0.101730163,0.022077308
2025-11-22 18:16:15,-0.041444279,0.090206271,0.012680637
2025-11-22 18:16:25,0.050653687,0.184520752,0.280772298
2025-11-22 18:16:35,-0.041924680,-0.218182168,-0.093506052
2025-11-22 18:16:45,-0.104087880,-0.072337554,-0.008637543
2025-11-22 18:16:55,0.089008735,0.089946184,-0.164507850
2025-11-22 18:17:05,-0.028182421,0.370681650,0.052804155
2025-11-22 18:17:15,-0.097480165,-0.118962228,0.284376232
2025-11-22 18:17:25,0.052453398,0.302402440,-0.202900753
2025-11-22 18:17:35,0.151954230,0.063341042,0.045478309
2025-11-22 18:17:45,-0.015327464,0.143356488,0.207362547
2025-11-22 18:17:55,0.012312518,0.149915488,-0.016151813
2025-11-22 18:18:05,-0.002064001,-0.057136467,0.236840970
2025-11-22 18:18:15,-0.036031435,0.026950259,0.061419138
2025-11-22 18:18:25,0.140596847,0.034299555,-0.074730526
2025-11-22 18:18:35,-0.089784380,-0.155992666,0.181161922
2025-11-22 18:18:45,-0.155481280,-0.075791158,0.264309155
2025-11-22 18:18:55,-0.124883618,-0.021646623,0.125205012
2025-11-22 18:19:05,0.251530065,0.064607202,-0.222107900
2025-11-22 18:19:15,0.094795888,-0.030664790,-0.038605906
2025-11-22 18:19:25,-0.020065409,0.154108206,-0.154668961
2025-11-22 18:19:35,0.041231541,0.125794236,-0.103553582
2025-11-22 18:19:45,-0.159152242,-0.063702716,-0.060660191
2025-11-22 18:19:55,-0.285399146,-0.037671195,0.224832270
2025-11-22 18:20:05,0.122482882,0.191258784,0.129599959
2025-11-22 18:20:15,-0.392845702,-0.139365128,0.059227294
2025-11-22 18:20:25,-0.189714068,-0.137948996,-0.023726354
2025-11-22 18:20:35,-0.091953159,-0.296512943,-0.475969924
2025-11-22 18:20:45,0.279519765,-0.046932785,0.007500660
2025-11-22 18:20:55,0.150930853,0.012943836,0.143057754
2025-11-22 18:21:05,0.058226545,0.010267602,0.122645330
2025-11-22 18:21:15,0.178392566,-0.099686140,-0.103955722
2025-11-22 18:21:25,0.119996844,0.106356662,-0.167811273
2025-11-22 18:21:35,0.247776340,-0.042301750,-0.017720314
2025-11-22 18:21:45,0.053330743,0.364635455,0.066179213
2025-11-22 18:21:55,-0.205900985,0.113353615,-0.137526658
2025-11-22 18:22:05,-0.011598788,-0.035972410,0.278836078
2025-11-22 18:22:15,-0.204072136,-0.045891389,-0.006724070
2025-11-22 18:22:25,0.008653253,0.098770519,-0.155026285
2025-11-22 18:22:35,0.037451984,-0.292762616,0.105328056
2025-11-22 18:22:45,0.012149924,-0.048705538,0.002018241
2025-11-22 18:22:55,-0.017260208,0.010570026,-0.114283102
2025-11-22 18:23:05,0.321050818,0.015793105,-0.009177965
2025-11-22 18:23:15,-0.269481903,-0.202788605,-0.252287012
2025-11-22 18:23:25,0.025679527,0.289850774,0.068185205
2025-11-22 18:23:35,-0.142359916,-0.190853677,0.056731932
2025-11-22 18:23:45,0.316743854,-0.079738422,0.038233327
2025-11-22 18:23:55,0.126455692,-0.064369160,0.137088962
2025-11-22 18:24:05,0.154450188,0.117593874,0.255119948
2025-11-22 18:24:15,-0.007869682,0.061315754,0.083198138
2025-11-22 18:24:25,0.222451350,-0.182797779,0.107849307
2025-11-22 18:24:35,-0.249237145,-0.138677761,-0.203677992
2025-11-22 18:24:45,-0.116345198,-0.270887750,0.056351534
2025-11-22 18:24:55,0.327551231,-0.003137501,0.304159456
2025-11-22 18:25:05,0.050414302,0.003439195,0.182288753
2025-11-22 18:25:15,-0.051201685,0.020461381,-0.013775079
2025-11-22 18:25:25,0.034414400,-0.197113348,0.056427994
2025-11-22 18:25:35,0.014932844,-0.142724522,0.276327663
2025-11-22 18:25:45,-0.177612979,-0.126380070,-0.284079980
2025-11-22 18:25:55,0.052137769,0.446492880,0.089329159
2025-11-22 18:26:05,-0.166004588,-0.328834715,0.136904175
2025-11-22 18:26:15,0.077605974,0.125685174,-0.127432742
2025-11-22 18:26:25,-0.068611641,0.032441381,0.053500758
2025-11-22 18:26:35,0.128441137,0.025500961,0.175914329
2025-11-22 18:26:45,0.103061136,-0.068966256,-0.011686425
2025-11-22 18:26:55,0.057221447,-0.201303007,-0.117460330
2025-11-22 18:27:05,-0.184973185,0.059556734,-0.072144460
2025-11-22 18:27:15,-0.117645439,0.021030050,0.130995809
2025-11-22 18:27:25,0.209049059,0.004290687,0.027557739
2025-11-22 18:27:35,0.096938470,0.000487247,0.121313473
2025-11-22 18:27:45,0.086942289,-0.101712526,0.180644771
2025-11-22 18:27:55,-0.188304394,0.153894719,-0.208719387
2025-11-22 18:28:05,0.441867314,-0.143386364,-0.115355420
2025-11-22 18:28:15,0.083777826,-0.148617838,-0.259351322
2025-11-22 18:28:25,-0.103856214,-0.041761559,-0.072457233
2025-11-22 18:28:35,0.194980600,0.089586679,-0.124187156
2025-11-22 18:28:45,-0.242355125,-0.014086086,0.222831694
2025-11-22 18:28:55,-0.024519111,0.238044654,-0.071325312
2025-11-22 18:29:05,-0.021468726,-0.163400715,-0.237474561
2025-11-22 18:29:15,0.090811202,0.120239666,0.117134597
2025-11-22 18:29:25,-0.094732378,0.032960392,0.027060097
2025-11-22 18:29:35,0.083911346,0.104651727,0.027806079
2025-11-22 18:29:45,-0.259028517,0.039904730,0.030987398
2025-11-22 18:29:55,-0.222109899,0.027159082,-0.030682383
2025-11-22 18:30:05,-0.096989517,0.143501668,0.160753449
2025-11-22 18:30:15,-0.326907592,0.136970795,-0.034304122
2025-11-22 18:30:25,0.130381089,0.179852154,0.257583972
2025-11-22 18:30:35,-0.174964085,0.109450485,-0.024352414
2025-11-22 18:30:45,-0.136821765,0.210543282,-0.052151129
2025-11-22 18:30:55,-0.112849412,-0.055171773,0.140516543
2025-11-22 18:31:05,0.105651491,-0.075779775,-0.196743812
2025-11-22 18:31:15,0.145333939,0.055710828,-0.111986405
2025-11-22 18:31:25,-0.054837877,0.169744096,-0.127487249
2025-11-22 18:31:35,0.144942291,-0.223176763,0.119949188
2025-11-22 18:31:45,0.009465574,0.093757055,-0.054880175
2025-11-22 18:31:55,0.049338815,0.058794628,0.174598967
2025-11-22 18:32:05,-0.027558078,0.216570169,0.118951188
2025-11-22 18:32:15,-0.142726283,0.022331821,-0.074110626
2025-11-22 18:32:25,-0.175724131,0.038276427,-0.022190845
2025-11-22 18:32:35,0.068985916,-0.153200231,0.156705670
2025-11-22 18:32:45,0.196954027,0.236066866,-0.172863475
2025-11-22 18:32:55,-0.157798194,-0.206976043,0.043499875
2025-11-22 18:33:05,-0.117561913,-0.146672092,0.148839906
2025-11-22 18:33:15,0.162422360,-0.078293251,0.019449066
2025-11-22 18:33:25,0.028213560,0.079685082,0.128014893
2025-11-22 18:33:35,-0.175013504,0.003573425,0.108670724
2025-11-22 18:33:45,-0.030299925,-0.192929202,0.228048073
2025-11-22 18:33:55,-0.103752166,0.018374011,-0.111055453
2025-11-22 18:34:05,-0.167143988,-0.109949601,-0.059755071
2025-11-22 18:34:15,0.060577632,0.092813788,0.059055114
2025-11-22 18:34:25,0.146872055,0.051351563,-0.098425004
2025-11-22 18:34:35,0.093247555,-0.150752374,0.215356472
2025-11-22 18:34:45,0.056539826,0.066059504,-0.076215371
2025-11-22 18:34:55,0.192845466,0.204926165,-0.002480749
2025-11-22 18:35:05,0.109920718,0.063415174,0.047752210
2025-11-22 18:35:15,-0.001642177,0.034582241,0.329625993
2025-11-22 18:35:25,0.179824677,0.093746125,0.028719326
2025-11-22 18:35:35,0.127720970,0.055469213,-0.301242021
2025-11-22 18:35:45,0.000610889,0.077348681,0.059827960
2025-11-22 18:35:55,-0.013773850,0.029948965,-0.081406820
2025-11-22 18:36:05,0.043403722,-0.279607470,-0.054037330
2025-11-22 18:36:15,0.264073915,0.092999712,-0.132080862
2025-11-22 18:36:25,0.032397493,0.118752521,0.059971450
2025-11-22 18:36:35,-0.248887378,-0.232154371,-0.095637518
2025-11-22 18:36:45,-0.006908488,0.112261555,0.092660413
2025-11-22 18:36:55,-0.143953189,0.179559099,-0.128241546
2025-11-22 18:37:05,-0.154418855,0.083576335,0.185437899
2025-11-22 18:37:15,0.049461812,0.117412178,-0.022585805
2025-11-22 18:37:25,-0.083415480,-0.071106255,0.227914089
2025-11-22 18:37:35,0.024183748,0.012188622,-0.087016166
2025-11-22 18:37:45,-0.100143971,-0.053522627,0.132893662
2025-11-22 18:37:55,0.089249137,-0.131971097,-0.203062939
2025-11-22 18:38:05,0.107529732,0.067385206,0.095360542
2025-11-22 18:38:15,-0.033918896,-0.061265376,0.215327378
2025-11-22 18:38:25,-0.176507739,-0.361801163,0.041702083
2025-11-22 18:38:35,0.308494444,0.110923698,0.080651633
2025-11-22 18:38:45,0.161832965,0.178824255,-0.323745753
2025-11-22 18:38:55,0.104181653,-0.145363089,0.189277517
2025-11-22 18:39:05,0.052191368,0.223046001,0.182549810
2025-11-22 18:39:15,-0.004688950,0.090559679,0.263113433
2025-11-22 18:39:25,-0.322639484,-0.402929358,-0.194135401
2025-11-22 18:39:35,-0.019956131,0.093045222,0.032767629
2025-11-22 18:39:45,0.040207399,-0.086185721,0.015423534
2025-11-22 18:39:55,-0.124502216,0.054511254,-0.110676512
2025-11-22 18:40:05,-0.071707154,0.041969287,0.044800758
2025-11-22 18:40:15,0.043706621,0.059318654,0.050908432
2025-11-22 18:40:25,0.183858371,0.114765846,-0.442516628
2025-11-22 18:40:35,0.011044711,-0.062624055,0.086937073
2025-11-22 18:40:45,-0.036071363,-0.130217242,-0.174754498
2025-11-22 18:40:55,-0.135714851,0.277743749,-0.006251277
2025-11-22 18:41:05,0.020903193,-0.199849696,-0.156460233
2025-11-22 18:41:15,-0.128423684,0.179135014,0.133323578
2025-11-22 18:41:25,-0.154678852,0.155261698,-0.030422668
2025-11-22 18:41:35,-0.167836350,0.182789032,0.025127578
2025-11-22 18:41:45,0.115022877,-0.037598363,0.152993032
2025-11-22 18:41:55,0.265274113,-0.204737887,-0.170185632
2025-11-22 18:42:05,-0.115628418,0.257117779,-0.053340928
2025-11-22 18:42:15,-0.052518630,0.260926812,-0.351990889
2025-11-22 18:42:25,-0.116223654,-0.036814357,-0.090080265
2025-11-22 18:42:35,0.209567409,-0.094357128,-0.167084865
2025-11-22 18:42:45,0.035407281,-0.183110564,-0.177640916
2025-11-22 18:42:55,-0.009840248,-0.029244310,0.071768445
2025-11-22 18:43:05,-0.122768418,-0.178475108,-0.373230386
2025-11-22 18:43:15,-0.197656731,0.238943349,0.117413034
2025-11-22 18:43:25,-0.154790418,0.195905799,0.155222374
2025-11-22 18:43:35,-0.329811265,0.068638653,0.023531604
2025-11-22 18:43:45,0.004270591,-0.182043986,0.124875690
2025-11-22 18:43:55,0.011181864,0.100525108,-0.037001569
2025-11-22 18:44:05,0.189681454,-0.206662567,0.007978168
2025-11-22 18:44:15,0.058945579,0.027856764,0.207210669
2025-11-22 18:44:25,-0.003588121,0.029161872,-0.061721219
2025-11-22 18:44:35,0.095862690,0.052922200,0.173085155
2025-11-22 18:44:45,-0.132026555,0.050668332,0.105672619
2025-11-22 18:44:55,-0.227052046,0.199624980,0.023606403
2025-11-22 18:45:05,-0.197386433,0.080233947,0.340316732
2025-11-22 18:45:15,0.095229962,0.024545138,0.447744994
2025-11-22 18:45:25,-0.106863146,-0.206934272,0.142643842
2025-11-22 18:45:35,-0.326197794,-0.243318982,0.085256671
2025-11-22 18:45:45,-0.236232165,-0.001307382,0.135447046
2025-11-22 18:45:55,0.100024121,0.318085720,-0.023322819
2025-11-22 18:46:05,0.159866918,0.071359267,0.054256433
2025-11-22 18:46:15,-0.096432402,-0.151342660,-0.091130785
2025-11-22 18:46:25,0.250722367,-0.216511824,-0.056145979
2025-11-22 18:46:35,0.035914081,-0.187685063,-0.242883432
2025-11-22 18:46:45,-0.042551272,-0.122899994,-0.312308934
2025-11-22 18:46:55,0.058609025,-0.334619183,0.007382082
2025-11-22 18:47:05,0.106966632,0.109426587,-0.031428776
2025-11-22 18:47:15,-0.078864698,-0.017541552,-0.061722328
2025-11-22 18:47:25,-0.066886915,0.086407134,-0.130386785
2025-11-22 18:47:35,-0.100094804,0.017278552,0.072926951
2025-11-22 18:47:45,-0.049334472,0.215051976,-0.218069088
2025-11-22 18:47:55,-0.227527870,-0.259815908,-0.190975578
2025-11-22 18:48:05,-0.086444673,-0.031745565,0.283820552
2025-11-22 18:48:15,-0.121708615,0.077335367,-0.120086490
2025-11-22 18:48:25,0.138511910,-0.178779232,0.134470052
2025-11-22 18:48:35,0.245823737,0.092283923,-0.014492277
2025-11-22 18:48:45,0.071724038,0.075049271,0.007669867
2025-11-22 18:48:55,-0.138541077,0.124721823,-0.091834718
2025-11-22 18:49:05,-0.050177619,0.099982704,0.064424986
2025-11-22 18:49:15,-0.035397175,-0.233769691,0.258344019
2025-11-22 18:49:25,-0.241786516,-0.127074333,0.095127541
2025-11-22 18:49:35,-0.002965775,-0.084580850,0.018513779
2025-11-22 18:49:45,0.173324789,-0.082302526,-0.069372167
2025-11-22 18:49:55,-0.120023326,0.029403981,0.123540402
2025-11-22 18:50:05,0.000871231,-0.090508278,0.093187889
2025-11-22 18:50:15,-0.244657512,-0.057806509,-0.089995582
2025-11-22 18:50:25,-0.086849873,0.054679692,-0.173210518
2025-11-22 18:50:35,-0.032555477,-0.205844945,-0.133589428
2025-11-22 18:50:45,-0.292595199,-0.206222458,0.317468997
2025-11-22 18:50:55,0.097288819,0.022217136,-0.354575140
2025-11-22 18:51:05,0.180441159,0.274217410,0.204730272
2025-11-22 18:51:15,-0.103738225,-0.024455259,0.067113195
2025-11-22 18:51:25,0.027186710,0.070907817,-0.074963598
2025-11-22 18:51:35,-0.027083831,-0.081612270,0.094492254
2025-11-22 18:51:45,-0.243315911,-0.153016981,0.167443253
2025-11-22 18:51:55,0.245666775,-0.007096631,-0.209793271
2025-11-22 18:52:05,0.147285595,-0.045401992,0.205311570
2025-11-22 18:52:15,0.312940734,0.018668450,0.017194720
2025-11-22 18:52:25,0.176403975,-0.115638995,-0.044437405
2025-11-22 18:52:35,0.059464176,0.082169448,-0.045354360
2025-11-22 18:52:45,0.010994826,-0.102815010,-0.038850391
2025-11-22 18:52:55,-0.045270707,-0.172767761,-0.021749641
2025-11-22 18:53:05,-0.028112528,0.157374120,0.060055823
2025-11-22 18:53:15,0.003600303,-0.066243037,-0.352507995
2025-11-22 18:53:25,-0.209808019,-0.048756131,0.181578096
2025-11-22 18:53:35,0.015957837,-0.042624036,0.147944094
2025-11-22 18:53:45,0.210793065,-0.078268025,0.376263396
2025-11-22 18:53:55,-0.032821949,0.295621193,-0.129977787
2025-11-22 18:54:05,0.200748999,0.186370340,0.184115784
2025-11-22 18:54:15,0.108893221,0.039332175,0.216813594
2025-11-22 18:54:25,-0.032672399,0.004253479,0.002351387
2025-11-22 18:54:35,-0.004055724,0.013720078,-0.173817635
2025-11-22 18:54:45,-0.332319851,-0.094784972,0.302376630
2025-11-22 18:54:55,-0.034326905,0.012259530,0.020115444
2025-11-22 18:55:05,-0.080962821,0.004232380,0.150627158
2025-11-22 18:55:15,0.129859301,0.102834181,-0.036697853
2025-11-22 18:55:25,0.052516190,-0.120989155,0.008832549
2025-11-22 18:55:35,-0.103451742,-0.069519785,0.227528420
2025-11-22 18:55:45,0.085835568,-0.071280982,-0.125735650
2025-11-22 18:55:55,-0.101677270,0.062313414,-0.054130671
2025-11-22 18:56:05,-0.033708292,0.049762797,-0.244938360
2025-11-22 18:56:15,-0.106158676,0.072852292,0.117758420
2025-11-22 18:56:25,0.219864083,0.114466460,0.163909365
2025-11-22 18:56:35,0.102163798,0.138454273,0.092291893
2025-11-22 18:56:45,-0.079350117,-0.328452256,-0.305155603
2025-11-22 18:56:55,-0.046539667,0.034324407,0.128934738
2025-11-22 18:57:05,0.028195671,0.213804286,-0.324612101
2025-11-22 18:57:15,-0.168987752,0.192933307,0.051914795
2025-11-22 18:57:25,0.158753941,-0.147010234,0.048197339
2025-11-22 18:57:35,0.136985983,-0.067917704,0.038560463
2025-11-22 18:57:45,-0.059541315,0.355582356,0.128293660
2025-11-22 18:57:55,-0.199716326,-0.004906725,-0.151743858
2025-11-22 18:58:05,-0.004699263,0.085638947,0.135451237
2025-11-22 18:58:15,-0.116902424,-0.159563508,-0.084156093
2025-11-22 18:58:25,-0.092597425,0.131997056,-0.222631054
2025-11-22 18:58:35,-0.000928564,0.179225276,0.041505744
2025-11-22 18:58:45,-0.017283068,0.176419255,-0.079810608
2025-11-22 18:58:55,0.045311723,-0.110078165,-0.140127151
2025-11-22 18:59:05,0.022307213,0.207080982,0.022405427
2025-11-22 18:59:15,-0.206536048,-0.105050992,-0.093723895
2025-11-22 18:59:25,-0.103923932,0.219559284,0.068200524
2025-11-22 18:59:35,-0.094287825,0.075374498,0.110130983
2025-11-22 18:59:45,0.083163036,0.066258338,-0.133332751
2025-11-22 18:59:55,0.117148038,0.079996174,-0.293237724
2025-11-22 19:00:05,0.145113344,-0.105606289,-0.257996521
2025-11-22 19:00:15,0.092648406,-0.018240994,0.274049888
2025-11-22 19:00:25,0.075261611,0.190943873,-0.115818637
2025-11-22 19:00:35,0.200628896,0.127571961,-0.201450676
2025-11-22 19:00:45,0.037441418,0.072305783,0.030515416
2025-11-22 19:00:55,0.095112028,-0.083269385,-0.215221915
2025-11-22 19:01:05,-0.490885645,0.020077083,0.163634791
2025-11-22 19:01:15,-0.037340230,0.058729601,-0.438242932
2025-11-22 19:01:25,0.116791710,0.063620977,0.163794367
2025-11-22 19:01:35,0.107820433,-0.462871482,0.237802575
2025-11-22 19:01:45,0.210069022,-0.072979582,0.187510709
2025-11-22 19:01:55,-0.016213993,-0.113855706,-0.029519818
2025-11-22 19:02:05,-0.176795708,-0.006578347,-0.062340142
2025-11-22 19:02:15,-0.134663790,-0.150972296,-0.020977930
2025-11-22 19:02:25,-0.097200488,-0.143824415,0.104831422
2025-11-22 19:02:35,-0.180532430,-0.025664847,0.164016413
2025-11-22 19:02:45,-0.163998875,-0.084592688,0.357475566
2025-11-22 19:02:55,0.168114795,0.274625018,-0.107647007
2025-11-22 19:03:05,0.281179590,-0.191977181,-0.117513208
2025-11-22 19:03:15,0.150070311,-0.429488347,0.199819469
2025-11-22 19:03:25,0.251382385,-0.043212467,-0.072913329
2025-11-22 19:03:35,0.030356466,0.391230615,-0.053361863
2025-11-22 19:03:45,-0.038482106,0.052067618,-0.064223002
2025-11-22 19:03:55,-0.091605485,-0.199682604,-0.111261117
2025-11-22 19:04:05,0.118822924,-0.292599991,-0.005634331
2025-11-22 19:04:15,0.009915326,-0.018165827,-0.048955806
2025-11-22 19:04:25,0.183235376,0.105365154,0.034834148
2025-11-22 19:04:35,-0.188553453,-0.063043651,-0.099945535
2025-11-22 19:04:45,-0.116393551,-0.068074266,-0.158477949
2025-11-22 19:04:55,-0.033901475,-0.160279673,-0.104624841
2025-11-22 19:05:05,0.113760621,-0.077204260,-0.155952842
2025-11-22 19:05:15,0.025644060,-0.035487395,0.052702186
2025-11-22 19:05:25,-0.234659285,0.087602291,-0.191085247
2025-11-22 19:05:35,-0.273618733,-0.035081651,0.115073151
2025-11-22 19:05:45,0.032598545,-0.031049930,-0.290052277
2025-11-22 19:05:55,0.127721052,-0.176512744,-0.074614997
2025-11-22 19:06:05,0.097075577,0.002408534,0.117426136
2025-11-22 19:06:15,-0.007107212,0.252084395,-0.049758237
2025-11-22 19:06:25,-0.154548528,0.148127260,-0.077940857
2025-11-22 19:06:35,0.010647417,-0.296248494,-0.028044468
2025-11-22 19:06:45,0.172189682,0.138537915,-0.096685689
2025-11-22 19:06:55,0.135731026,0.026555608,0.057813413
2025-11-22 19:07:05,0.086668810,0.119922932,-0.027453774
2025-11-22 19:07:15,-0.315061887,0.172097483,-0.137684461
2025-11-22 19:07:25,-0.070416949,-0.185745669,-0.102929006
2025-11-22 19:07:35,0.094922662,0.022416807,0.028539520
2025-11-22 19:07:45,0.073168000,0.060508655,-0.197913649
2025-11-22 19:07:55,0.080546463,-0.203608261,0.075693792
2025-11-22 19:08:05,0.064618371,-0.055965077,0.146709675
2025-11-22 19:08:15,-0.194205132,0.094246231,-0.207202321
2025-11-22 19:08:25,0.110130724,-0.001723447,0.187410529
2025-11-22 19:08:35,0.092088374,0.092696040,0.069466897
2025-11-22 19:08:45,-0.098184580,-0.272490186,-0.000165612
2025-11-22 19:08:55,-0.136471532,0.033751272,-0.134294511
2025-11-22 19:09:05,-0.181770637,0.026318300,-0.008489854
2025-11-22 19:09:15,-0.045675835,0.357592081,-0.239431516
2025-11-22 19:09:25,-0.110382342,0.151317146,-0.084678459
2025-11-22 19:09:35,-0.094202890,-0.029354831,0.187264336
2025-11-22 19:09:45,0.035218593,0.159816722,0.092045835
2025-11-22 19:09:55,0.149020500,0.138164985,-0.224161400
2025-11-22 19:10:05,-0.223096121,-0.027074938,0.128663355
2025-11-22 19:10:15,-0.042369083,-0.051667565,0.091841829
2025-11-22 19:10:25,-0.286469311,-0.024298303,-0.089403620
2025-11-22 19:10:35,-0.130127697,0.327681323,-0.040535511
2025-11-22 19:10:45,0.021841761,0.077990655,0.180304089
2025-11-22 19:10:55,-0.080175931,-0.127132685,-0.001977751
2025-11-22 19:11:05,-0.123303122,0.065210368,-0.179873870
2025-11-22 19:11:15,0.209252509,-0.305855563,-0.030004871
2025-11-22 19:11:25,0.222769603,-0.092882661,-0.020931101
2025-11-22 19:11:35,0.301400085,0.013782531,0.061017184
2025-11-22 19:11:45,0.000189292,-0.130198743,0.158249084
2025-11-22 19:11:55,-0.026436001,0.077398699,0.099004382
2025-11-22 19:12:05,0.067230686,-0.076099606,-0.155094347
2025-11-22 19:12:15,-0.091140288,0.057945409,-0.429671496
2025-11-22 19:12:25,-0.251495696,0.080440879,0.200073525
2025-11-22 19:12:35,-0.430172572,-0.008620072,-0.101233206
2025-11-22 19:12:45,-0.190002499,0.035762894,0.046985380
2025-11-22 19:12:55,0.137565092,0.083353015,-0.281917571
2025-11-22 19:13:05,-0.074528570,-0.005629829,0.002422874
2025-11-22 19:13:15,0.026256486,0.010923973,0.231065769
2025-11-22 19:13:25,0.380185620,-0.199006510,0.025060544
2025-11-22 19:13:35,0.031749022,0.123776683,0.092778379
2025-11-22 19:13:45,-0.291159107,-0.171160761,-0.243174754
2025-11-22 19:13:55,-0.033451585,-0.058127626,0.190383187
2025-11-22 19:14:05,0.248396250,-0.340450997,0.077636199
2025-11-22 19:14:15,-0.005401681,0.116342342,0.021862063
2025-11-22 19:14:25,-0.185583168,0.079152136,0.363358930
2025-11-22 19:14:35,-0.092265712,0.076486783,-0.153186417
2025-11-22 19:14:45,-0.033134870,0.002483787,-0.221037804
2025-11-22 19:14:55,-0.164685651,-0.035734007,0.195055706
2025-11-22 19:15:05,-0.282145393,0.234677329,0.234552310
2025-11-22 19:15:15,-0.145837600,-0.198157215,0.032461123
2025-11-22 19:15:25,0.278266800,-0.190579602,-0.116047176
2025-11-22 19:15:35,-0.141733420,0.112110190,0.127596937
2025-11-22 19:15:45,-0.219926952,-0.038147192,0.045106031
2025-11-22 19:15:55,-0.009567822,-0.149108214,0.204091840
2025-11-22 19:16:05,-0.180866144,0.147517168,-0.202492456
2025-11-22 19:16:15,0.120499352,0.018626184,0.013340231
2025-11-22 19:16:25,-0.061484245,-0.158894115,-0.179166190
2025-11-22 19:16:35,0.089209746,0.046940211,-0.168233137
2025-11-22 19:16:45,-0.150365394,0.160998594,-0.114308746
2025-11-22 19:16:55,-0.265682902,0.038280123,0.137815287
2025-11-22 19:17:05,-0.198653178,-0.007830855,-0.076567174
2025-11-22 19:17:15,-0.135935693,0.108297599,0.238852136
2025-11-22 19:17:25,0.092656069,0.067158358,-0.008277226
2025-11-22 19:17:35,0.105083740,0.055246462,-0.167636760
2025-11-22 19:17:45,0.128703025,-0.113465908,0.002035928
2025-11-22 19:17:55,0.079912171,0.027367880,-0.079786208
2025-11-22 19:18:05,0.021869523,0.040722347,-0.019098398
2025-11-22 19:18:15,-0.022501021,0.246354146,-0.165630881
2025-11-22 19:18:25,-0.064038772,0.196953108,0.244864274
2025-11-22 19:18:35,-0.094233612,0.360449182,-0.240134751
2025-11-22 19:18:45,-0.015846497,0.320563173,-0.136575225
2025-11-22 19:18:55,0.016319693,0.387984372,-0.154212443
2025-11-22 19:19:05,-0.046222864,0.143589499,-0.056079563
2025-11-22 19:19:15,0.265062646,-0.000078237,-0.167023387
2025-11-22 19:19:25,-0.047136506,-0.138198762,0.179000184
2025-11-22 19:19:35,-0.148666122,-0.264011930,-0.262011137
2025-11-22 19:19:45,0.138203013,-0.132723025,0.109732518
2025-11-22 19:19:55,0.097933934,0.062969403,0.006391073
2025-11-22 19:20:05,0.106139031,0.032240661,0.009215207
2025-11-22 19:20:15,-0.103137201,-0.028660375,-0.045394256
2025-11-22 19:20:25,0.105656781,0.030328207,-0.278841040
2025-11-22 19:20:35,-0.006044621,0.342388588,-0.060283308
2025-11-22 19:20:45,0.046563962,-0.040413582,0.016121843
2025-11-22 19:20:55,-0.023487140,0.105432620,0.160205697
2025-11-22 19:21:05,-0.172440450,-0.075074166,0.092697065
2025-11-22 19:21:15,0.017893187,-0.004844995,0.204090862
2025-11-22 19:21:25,-0.271019333,0.017176517,-0.020950168
2025-11-22 19:21:35,-0.109119965,-0.308295687,0.118565799
2025-11-22 19:21:45,0.026633855,-0.134223224,0.283821499
2025-11-22 19:21:55,0.052266786,0.251481454,0.061043972
2025-11-22 19:22:05,0.143986754,0.006315444,0.094290383
2025-11-22 19:22:15,0.121845928,-0.244239667,0.310312877
2025-11-22 19:22:25,-0.052645357,0.085912428,0.030802373
2025-11-22 19:22:35,0.044031479,0.335452839,-0.047082812
2025-11-22 19:22:45,-0.052574766,0.045681625,-0.060064365
2025-11-22 19:22:55,-0.138200066,-0.175292892,0.078034406
2025-11-22 19:23:05,-0.035411697,0.234415914,-0.010955279
2025-11-22 19:23:15,-0.140719006,0.077473145,-0.180760220
2025-11-22 19:23:25,0.174328644,-0.231230801,-0.135773436
2025-11-22 19:23:35,0.238799628,-0.029571364,0.197516040
2025-11-22 19:23:45,0.251450827,0.062817734,0.202237853
2025-11-22 19:23:55,0.028072633,-0.304166347,0.385512413
2025-11-22 19:24:05,-0.157511455,0.071720810,-0.009687485
2025-11-22 19:24:15,0.076025076,-0.148560541,0.006039439
2025-11-22 19:24:25,0.111178959,-0.069264626,-0.170232700
2025-11-22 19:24:35,-0.097074420,0.369458315,-0.299355491
2025-11-22 19:24:45,-0.015929188,0.007741041,0.025379452
2025-11-22 19:24:55,-0.136570047,-0.158209060,-0.122940313
2025-11-22 19:25:05,-0.029861456,-0.101741208,-0.228215132
2025-11-22 19:25:15,0.193941066,-0.225795210,0.100076492
2025-11-22 19:25:25,-0.127055398,-0.183380352,-0.202706028
2025-11-22 19:25:35,0.323484676,-0.178891398,0.110602947
2025-11-22 19:25:45,0.109750391,0.057706718,-0.042446555
2025-11-22 19:25:55,0.156042274,0.023940309,-0.019095012
2025-11-22 19:26:05,0.072366209,0.030591114,-0.119360291
2025-11-22 19:26:15,0.210890321,0.101416964,-0.179332102
2025-11-22 19:26:25,-0.248562308,-0.258586208,0.065199906
2025-11-22 19:26:35,-0.020465077,0.141213419,0.198859512
2025-11-22 19:26:45,-0.113881015,0.153481517,0.016120020
2025-11-22 19:26:55,0.114814283,0.242386035,0.066911264
2025-11-22 19:27:05,-0.044268303,0.073960391,-0.014040728
2025-11-22 19:27:15,0.152225864,-0.061641877,0.117974995
2025-11-22 19:27:25,0.375533394,0.051149292,0.018633215
2025-11-22 19:27:35,0.089772706,0.145543631,0.032703889
2025-11-22 19:27:45,0.154726544,-0.140007063,-0.028855238
2025-11-22 19:27:55,-0.004811451,0.168399183,0.099354878
2025-11-22 19:28:05,-0.003487687,0.120040677,-0.101981984
2025-11-22 19:28:15,-0.268680214,-0.035706698,0.056234815
2025-11-22 19:28:25,0.018145978,0.062538009,-0.085385321
2025-11-22 19:28:35,-0.222223352,-0.015773904,0.021434511
2025-11-22 19:28:45,0.014507475,-0.139731535,0.058080413
2025-11-22 19:28:55,0.198457032,-0.010450522,0.013994760
2025-11-22 19:29:05,-0.099649424,0.117423195,-0.171989087
2025-11-22 19:29:15,-0.151579161,-0.154135355,-0.060733835
2025-11-22 19:29:25,-0.059133855,0.118108273,-0.238299101
2025-11-22 19:29:35,0.128158651,0.040448696,0.048378565
2025-11-22 19:29:45,-0.240670178,-0.058404592,0.143933405
2025-11-22 19:29:55,-0.028317454,0.276049433,-0.062088564
2025-11-22 19:30:05,-0.111187503,0.003314046,-0.056638326
2025-11-22 19:30:15,-0.174922566,0.094344738,-0.303112736
2025-11-22 19:30:25,0.109635717,-0.112019223,0.051362613
2025-11-22 19:30:35,0.000196930,-0.280263967,0.233118029
2025-11-22 19:30:45,0.059400520,-0.126650556,-0.005432723
2025-11-22 19:30:55,0.167781242,0.049947355,-0.083344162
2025-11-22 19:31:05,0.123289513,0.064411341,-0.208141373
2025-11-22 19:31:15,-0.089105078,-0.039109866,0.128920683
2025-11-22 19:31:25,-0.042809844,0.105454540,-0.016033852
2025-11-22 19:31:35,0.075943834,-0.006859589,-0.200361241
2025-11-22 19:31:45,-0.150059084,-0.188419151,0.073844421
2025-11-22 19:31:55,0.097979207,-0.038157169,0.172145980
2025-11-22 19:32:05,-0.124678812,-0.028068643,0.101275062
2025-11-22 19:32:15,-0.233675155,0.228262339,-0.292159099
2025-11-22 19:32:25,-0.141296635,0.021196653,-0.096201621
2025-11-22 19:32:35,0.238612413,-0.067590649,0.005715189
2025-11-22 19:32:45,-0.183792872,-0.211880260,-0.008535936
2025-11-22 19:32:55,0.068076296,0.204357074,0.154734870
2025-11-22 19:33:05,-0.176581444,-0.154354458,0.121859168
2025-11-22 19:33:15,-0.031811914,0.176614129,-0.164423040
2025-11-22 19:33:25,-0.072646331,-0.128946751,0.175069178
2025-11-22 19:33:35,0.000974937,0.081269446,-0.363284330
2025-11-22 19:33:45,-0.072659936,0.188635195,0.014609042
2025-11-22 19:33:55,0.240438012,-0.240314784,-0.345788800
2025-11-22 19:34:05,0.218031960,-0.223057292,-0.164317890
2025-11-22 19:34:15,0.051510000,0.075383529,0.236397375
2025-11-22 19:34:25,-0.173407722,-0.012207109,-0.317087738
2025-11-22 19:34:35,-0.200141003,-0.117448203,-0.005525415
2025-11-22 19:34:45,0.120169658,-0.051987190,0.052803461
2025-11-22 19:34:55,0.124820820,-0.030512439,0.132140651
2025-11-22 19:35:05,-0.328658901,0.032511926,-0.101735474
2025-11-22 19:35:15,-0.123740324,-0.137482091,-0.036300309
2025-11-22 19:35:25,-0.185688491,0.104415279,0.167923669
2025-11-22 19:35:35,-0.070364971,0.123077806,-0.191428828
2025-11-22 19:35:45,-0.065621748,0.237282027,0.045116459
2025-11-22 19:35:55,-0.107962240,-0.152193030,-0.208755021
2025-11-22 19:36:05,-0.060911008,0.142739041,0.177679759
2025-11-22 19:36:15,0.208023134,-0.001738721,0.534263863
2025-11-22 19:36:25,0.141103766,0.197400786,0.042755826
2025-11-22 19:36:35,-0.051723403,0.160344820,-0.113822299
2025-11-22 19:36:45,-0.107738896,0.096180488,-0.063008442
2025-11-22 19:36:55,0.063511256,-0.010401614,-0.227376729
2025-11-22 19:37:05,0.326047398,0.047812765,0.247941175
2025-11-22 19:37:15,0.159517901,-0.008754616,-0.063600083
2025-11-22 19:37:25,-0.007720615,0.078383483,-0.355634189
2025-11-22 19:37:35,0.153893754,0.198595255,-0.102182652
2025-11-22 19:37:45,0.242357741,0.033372799,-0.296819508
2025-11-22 19:37:55,-0.064270609,-0.080521418,0.065121844
2025-11-22 19:38:05,-0.208380740,0.019314574,-0.069927286
2025-11-22 19:38:15,0.038042911,0.396211326,-0.198626264
2025-11-22 19:38:25,-0.239468868,-0.064428212,-0.023708127
2025-11-22 19:38:35,-0.202692807,0.115411040,0.109907360
2025-11-22 19:38:45,-0.030059504,-0.100337280,-0.232613838
2025-11-22 19:38:55,-0.224825009,-0.220476643,-0.109993759
2025-11-22 19:39:05,0.076741751,0.072060102,0.189863726
2025-11-22 19:39:15,0.255197620,0.060976611,-0.148168233
2025-11-22 19:39:25,0.088927604,-0.031967644,-0.043491710
2025-11-22 19:39:35,-0.051459657,0.027180199,0.032395813
2025-11-22 19:39:45,0.023506880,-0.031078340,-0.014562134
2025-11-22 19:39:55,-0.189394799,-0.092585987,0.415208219
2025-11-22 19:40:05,0.014961045,0.067171560,0.221921161
2025-11-22 19:40:15,0.085769648,0.002330722,-0.004479499
2025-11-22 19:40:25,0.131607636,-0.034431145,-0.038997100
2025-11-22 19:40:35,0.110014801,0.046306055,0.196907778
2025-11-22 19:40:45,0.240209226,0.046367174,0.170158390
2025-11-22 19:40:55,0.123409748,-0.160914281,0.070820467
2025-11-22 19:41:05,-0.181925679,-0.219962031,-0.191675447
2025-11-22 19:41:15,0.111113708,0.184023596,-0.059285636
2025-11-22 19:41:25,-0.134644119,-0.079377270,-0.105983504
2025-11-22 19:41:35,-0.121799916,0.156180268,-0.060939798
2025-11-22 19:41:45,0.327444201,-0.021420549,-0.021733537
2025-11-22 19:41:55,-0.089584637,-0.012906521,-0.029961037
2025-11-22 19:42:05,-0.099773045,0.043910078,-0.081682282
2025-11-22 19:42:15,0.016307136,-0.032987897,0.027247025
2025-11-22 19:42:25,0.169781224,-0.045384834,0.083480057
2025-11-22 19:42:35,0.069261225,-0.072769426,0.091113977
2025-11-22 19:42:45,0.101768298,0.044357195,-0.272540893
2025-11-22 19:42:55,0.105045563,0.200232627,0.034540976
2025-11-22 19:43:05,-0.005824047,-0.216219289,0.223559266
2025-11-22 19:43:15,-0.163115133,0.223590788,0.125383901
2025-11-22 19:43:25,-0.107852740,0.178003959,0.228351799
2025-11-22 19:43:35,-0.172944644,-0.002062387,-0.175228815
2025-11-22 19:43:45,0.042989315,-0.145605831,-0.238208271
2025-11-22 19:43:55,0.155362741,0.094612835,0.039633555
2025-11-22 19:44:05,-0.034205239,-0.114580555,0.029172191
2025-11-22 19:44:15,0.246375912,-0.123986476,0.005936933
2025-11-22 19:44:25,-0.004500241,-0.180287157,0.000418012
2025-11-22 19:44:35,-0.120142624,-0.093248460,-0.006348451
2025-11-22 19:44:45,-0.104013944,-0.220884027,0.198665259
2025-11-22 19:44:55,-0.056121923,0.052904517,-0.021440635
2025-11-22 19:45:05,-0.235487910,0.244417723,-0.340057186
2025-11-22 19:45:15,-0.207667646,-0.081660119,0.150880142
2025-11-22 19:45:25,-0.347408341,-0.095561790,0.301517322
2025-11-22 19:45:35,0.134533432,-0.050222247,-0.219930227
2025-11-22 19:45:45,0.065841208,0.095715040,-0.142266433
2025-11-22 19:45:55,0.169140535,0.217092616,-0.148546016
2025-11-22 19:46:05,0.031667666,0.167272910,-0.032266239
2025-11-22 19:46:15,-0.046572306,0.223985742,0.327827700
2025-11-22 19:46:25,0.069945607,-0.036596922,-0.197658269
2025-11-22 19:46:35,-0.154744316,0.013325949,-0.178085521
2025-11-22 19:46:45,0.012704336,-0.045988791,0.047208375
2025-11-22 19:46:55,0.042388412,0.008442140,0.011331405
2025-11-22 19:47:05,-0.136032509,-0.118968096,0.086080639
2025-11-22 19:47:15,-0.105510521,-0.127262353,0.108429625
2025-11-22 19:47:25,0.191793927,0.315992066,-0.151824308
2025-11-22 19:47:35,0.005374881,-0.116644737,0.176087085
2025-11-22 19:47:45,-0.259320886,0.016217790,-0.222512704
2025-11-22 19:47:55,0.260433831,0.233207850,-0.217475781
2025-11-22 19:48:05,0.033804605,0.089674900,0.392694980
2025-11-22 19:48:15,-0.094943335,0.325658548,0.129329755
2025-11-22 19:48:25,0.182657491,-0.186752942,-0.095836441
2025-11-22 19:48:35,0.059739026,-0.097522184,-0.079877372
2025-11-22 19:48:45,0.085623497,0.194530324,0.130640179
2025-11-22 19:48:55,0.142900513,0.066120227,0.142847057
2025-11-22 19:49:05,0.193513817,-0.052579849,0.189537012
2025-11-22 19:49:15,-0.008836342,0.092564693,0.052649634
2025-11-22 19:49:25,-0.081662123,0.178942030,0.090686033
2025-11-22 19:49:35,0.166760459,-0.132595496,-0.117560436
2025-11-22 19:49:45,0.031178542,-0.208789858,0.009898274
2025-11-22 19:49:55,-0.061077747,0.093019102,0.046801834
2025-11-22 19:50:05,0.007526881,-0.079003525,-0.101776832
2025-11-22 19:50:15,-0.198227457,0.205507064,-0.127037712
2025-11-22 19:50:25,0.015651979,-0.038839526,0.037012783
2025-11-22 19:50:35,-0.282314066,-0.048286767,-0.059406580
2025-11-22 19:50:45,0.026699073,0.013550052,0.186800637
2025-11-22 19:50:55,0.021571122,0.032604557,0.133975209
2025-11-22 19:51:05,-0.081462116,-0.116454683,-0.464184673
2025-11-22 19:51:15,0.011152952,-0.011531735,0.122810345
2025-11-22 19:51:25,-0.172592317,0.012158025,0.011512768
2025-11-22 19:51:35,-0.110351114,-0.154842721,-0.256304876
2025-11-22 19:51:45,0.082487610,-0.229220609,0.145552100
2025-11-22 19:51:55,-0.201689767,-0.134412566,0.231749532
2025-11-22 19:52:05,0.040475573,0.118293682,-0.108914005
2025-11-22 19:52:15,0.041328623,-0.107831165,-0.276545785
2025-11-22 19:52:25,-0.091557620,-0.099807432,-0.328930334
2025-11-22 19:52:35,-0.089185413,0.086365340,0.086724154
2025-11-22 19:52:45,-0.098116520,0.028024456,-0.019188196
2025-11-22 19:52:55,0.032913867,-0.011603417,0.003991921
2025-11-22 19:53:05,0.168832403,-0.180888879,0.147207826
2025-11-22 19:53:15,-0.133583387,-0.131350869,0.041683909
2025-11-22 19:53:25,-0.061522400,-0.124722843,-0.095424023
2025-11-22 19:53:35,-0.099504483,0.262575193,-0.156641160
2025-11-22 19:53:45,0.058258111,0.050179973,-0.043058814
2025-11-22 19:53:55,0.008629691,0.100377255,-0.013939860
2025-11-22 19:54:05,0.327411014,0.048124094,-0.120896262
2025-11-22 19:54:15,-0.016344042,0.081646200,0.122053788
2025-11-22 19:54:25,-0.082520755,0.113503927,-0.060267752
2025-11-22 19:54:35,-0.051696842,0.340477236,0.019928608
2025-11-22 19:54:45,0.112342150,-0.031899106,0.253473025
2025-11-22 19:54:55,0.044429933,0.038705858,0.139769996
2025-11-22 19:55:05,-0.245840185,0.265914887,-0.077605856
2025-11-22 19:55:15,0.013712942,0.136322853,-0.094605492
2025-11-22 19:55:25,-0.206826010,0.114338843,0.054699644
2025-11-22 19:55:35,0.280626959,0.058952986,0.033517390
2025-11-22 19:55:45,-0.026745950,0.116787459,-0.266782536
2025-11-22 19:55:55,0.017264037,0.149806491,0.115060003
2025-11-22 19:56:05,-0.126801782,0.119381605,-0.081436272
2025-11-22 19:56:15,-0.034729867,0.052523047,-0.199784840
2025-11-22 19:56:25,0.037512373,-0.301488581,0.056284597
2025-11-22 19:56:35,0.162506292,0.285194153,-0.144509753
2025-11-22 19:56:45,-0.042136506,-0.164999311,0.171818590
2025-11-22 19:56:55,0.046367005,-0.136547278,-0.101116869
2025-11-22 19:57:05,0.057498098,-0.251070531,0.003316829
2025-11-22 19:57:15,-0.206564492,0.013027966,-0.125805967
2025-11-22 19:57:25,-0.006506343,0.088125421,0.113900623
2025-11-22 19:57:35,0.030317883,0.094586428,0.159260846
2025-11-22 19:57:45,0.142942912,-0.006403918,-0.039078211
2025-11-22 19:57:55,-0.045393075,-0.131081659,-0.142607805
2025-11-22 19:58:05,-0.037089440,0.048876338,-0.155110202
2025-11-22 19:58:15,0.054230653,-0.269049918,-0.116511440
2025-11-22 19:58:25,-0.165777764,0.281335969,0.071424545
2025-11-22 19:58:35,0.028430837,0.211326474,-0.010257854
2025-11-22 19:58:45,-0.227294733,0.137175384,-0.184364044
2025-11-22 19:58:55,0.024728910,0.285448320,0.025484389
2025-11-22 19:59:05,0.172531387,0.040443487,0.047012083
2025-11-22 19:59:15,-0.078299451,-0.169778972,0.047903029
2025-11-22 19:59:25,0.242297487,-0.145800409,0.024635211
2025-11-22 19:59:35,0.108268566,0.193189684,-0.179851600
2025-11-22 19:59:45,-0.026152319,0.064779462,0.226609294
2025-11-22 19:59:55,0.085335913,-0.134133958,-0.163333746
2025-11-22 20:00:05,0.051477967,0.331373581,0.047435425
2025-11-22 20:00:15,-0.087832805,0.065646945,0.130672215
2025-11-22 20:00:25,0.000874716,-0.045114434,-0.096582085
2025-11-22 20:00:35,0.005897483,-0.030833277,0.249216923
2025-11-22 20:00:45,0.226796918,-0.023800831,-0.010072473
2025-11-22 20:00:55,0.320522093,-0.016140099,0.136456475
2025-11-22 20:01:05,0.190190418,0.117583301,-0.003168829
2025-11-22 20:01:15,-0.100602790,0.048216726,0.077658676
2025-11-22 20:01:25,-0.008832272,0.322578091,0.130785639
2025-11-22 20:01:35,0.220459955,-0.146513036,0.008078287
2025-11-22 20:01:45,-0.072546769,0.235181106,-0.057247264
2025-11-22 20:01:55,-0.269123811,0.184166665,-0.085132847
2025-11-22 20:02:05,0.102119486,0.060329814,0.026426425
2025-11-22 20:02:15,0.063725406,-0.107731361,0.285265702
2025-11-22 20:02:25,0.112425019,0.121286744,0.090011195
2025-11-22 20:02:35,-0.203889148,-0.031559332,-0.048423937
2025-11-22 20:02:45,0.206983227,0.274946131,-0.170947179
2025-11-22 20:02:55,0.143735382,-0.060508547,-0.103634662
2025-11-22 20:03:05,-0.013581270,-0.359944084,0.002073287
2025-11-22 20:03:15,-0.183512284,0.274453515,0.100516358
2025-11-22 20:03:25,-0.043530919,-0.006696630,0.108569868
2025-11-22 20:03:35,0.116514581,0.068489722,0.174605523
2025-11-22 20:03:45,0.196796749,0.011932807,0.207065080
2025-11-22 20:03:55,-0.046318106,0.169642796,-0.489854855
2025-11-22 20:04:05,-0.034415508,-0.003260025,-0.088561119
2025-11-22 20:04:15,0.176548888,-0.028883353,-0.171656039
2025-11-22 20:04:25,-0.317363584,-0.034016277,-0.203690052
2025-11-22 20:04:35,-0.139587294,0.158823154,-0.063919244
2025-11-22 20:04:45,-0.007435076,0.012862172,0.199580114
2025-11-22 20:04:55,0.313057378,0.348902389,-0.075338392
2025-11-22 20:05:05,-0.054719153,0.127538609,0.000387068
2025-11-22 20:05:15,0.145202658,0.037156599,0.147136448
2025-11-22 20:05:25,0.070260363,0.117719967,0.070505656
2025-11-22 20:05:35,0.056369369,0.080312128,-0.047354705
2025-11-22 20:05:45,-0.101535502,0.039446771,-0.193158878
2025-11-22 20:05:55,-0.135148394,-0.030783328,0.239182879
2025-11-22 20:06:05,0.153344741,0.053213345,-0.008393789
2025-11-22 20:06:15,-0.203723020,0.148816712,0.047645760
2025-11-22 20:06:25,0.086026738,-0.189472450,-0.051352061
2025-11-22 20:06:35,-0.157838225,0.055972401,-0.015293841
2025-11-22 20:06:45,0.001359013,0.277884698,-0.085438484
2025-11-22 20:06:55,0.007921363,0.073212752,0.334287894
2025-11-22 20:07:05,-0.141021950,-0.039346812,-0.033116046
2025-11-22 20:07:15,0.056263388,-0.227309907,-0.110947343
2025-11-22 20:07:25,0.288841612,0.068301095,-0.261559164
2025-11-22 20:07:35,0.180361974,-0.160697189,-0.200775005
2025-11-22 20:07:45,-0.148791865,-0.015038425,0.138847841
2025-11-22 20:07:55,-0.155272927,0.104937203,0.164253222
2025-11-22 20:08:05,-0.111623263,-0.320125041,0.114874404
2025-11-22 20:08:15,-0.215648198,0.151587075,0.069468872
2025-11-22 20:08:25,-0.210048275,0.026369418,0.142945366
2025-11-22 20:08:35,0.070853287,-0.226734601,0.153886158
2025-11-22 20:08:45,-0.064631983,-0.208470479,-0.004636851
2025-11-22 20:08:55,0.096479613,0.020887141,0.030962395
2025-11-22 20:09:05,0.136810327,-0.336167545,-0.235526192
2025-11-22 20:09:15,0.218630444,-0.080696195,-0.026579038
2025-11-22 20:09:25,0.036231569,0.017444430,0.085459381
2025-11-22 20:09:35,-0.012333702,-0.176492434,0.112766206
2025-11-22 20:09:45,0.013104726,-0.080151669,-0.138353474
2025-11-22 20:09:55,-0.053698275,-0.017955240,-0.119865002
2025-11-22 20:10:05,-0.150213578,-0.269370563,0.187872474
2025-11-22 20:10:15,0.121584023,0.171281716,0.184642654
2025-11-22 20:10:25,-0.224525405,0.031928075,-0.028152049
2025-11-22 20:10:35,-0.175388224,0.186146312,-0.024901490
2025-11-22 20:10:45,0.132413973,-0.131017066,0.032122005
2025-11-22 20:10:55,0.125273064,0.086765684,-0.166872901
2025-11-22 20:11:05,0.070024235,-0.090197014,-0.152967248
2025-11-22 20:11:15,0.020463932,0.191622481,-0.074196480
2025-11-22 20:11:25,-0.168376398,-0.105413242,-0.128850568
2025-11-22 20:11:35,-0.253214557,-0.196811082,0.094319766
2025-11-22 20:11:45,-0.004724584,0.149767916,0.055609529
2025-11-22 20:11:55,-0.105118726,0.087079934,0.041655654
2025-11-22 20:12:05,-0.162819934,0.265574583,0.027918207
2025-11-22 20:12:15,0.111193228,-0.065557492,-0.296345233
2025-11-22 20:12:25,0.029840397,0.236346873,-0.069774987
2025-11-22 20:12:35,0.155256592,0.143309161,-0.038141593
2025-11-22 20:12:45,-0.026301480,-0.237806020,-0.071530578
2025-11-22 20:12:55,0.272744346,0.065237095,0.252705944
2025-11-22 20:13:05,0.119398342,-0.136629858,0.027855222
2025-11-22 20:13:15,0.256155873,-0.282018578,0.027970561
2025-11-22 20:13:25,-0.037058718,0.202484893,0.009162076
2025-11-22 20:13:35,-0.338244268,0.326557226,-0.064024806
2025-11-22 20:13:45,-0.120656382,0.048353832,0.207833288
2025-11-22 20:13:55,-0.017032403,-0.019182404,-0.177048103
2025-11-22 20:14:05,0.072863279,-0.112511484,-0.097767964
2025-11-22 20:14:15,-0.048632512,-0.187873771,0.229437530
2025-11-22 20:14:25,-0.081414693,0.112631342,-0.014105871
2025-11-22 20:14:35,-0.009558488,0.171551391,0.015769311
2025-11-22 20:14:45,0.083367219,-0.295553805,-0.072556432
2025-11-22 20:14:55,0.181497737,0.099193837,-0.026777812
2025-11-22 20:15:05,-0.206923279,0.025660400,-0.041467118
2025-11-22 20:15:15,0.500340578,0.168036864,-0.181401511
2025-11-22 20:15:25,-0.070352382,-0.177880999,0.375799314
2025-11-22 20:15:35,-0.143573174,-0.177136325,-0.080141888
2025-11-22 20:15:45,-0.024364774,-0.037799689,-0.064856584
2025-11-22 20:15:55,-0.137159973,-0.044741466,0.109369327
2025-11-22 20:16:05,0.160915170,0.156921650,-0.112029039
2025-11-22 20:16:15,0.075435184,0.125685141,-0.186068913
2025-11-22 20:16:25,-0.447897011,-0.269710586,0.241576589
2025-11-22 20:16:35,0.306068293,0.074882973,0.015928592
2025-11-22 20:16:45,-0.220743811,0.219178836,0.005789546
2025-11-22 20:16:55,-0.214942669,-0.084106706,-0.157335060
2025-11-22 20:17:05,0.196031032,-0.188384537,0.331581695
2025-11-22 20:17:15,-0.276746989,-0.192772667,0.052158699
2025-11-22 20:17:25,-0.063245462,-0.265051098,-0.110468930
2025-11-22 20:17:35,-0.197669605,0.200079767,0.181334442
2025-11-22 20:17:45,-0.473691654,0.199701826,0.002749521
2025-11-22 20:17:55,-0.014883734,0.020436480,-0.084877585
2025-11-22 20:18:05,-0.121437091,0.084594392,-0.000192065
2025-11-22 20:18:15,-0.082332518,-0.270731762,0.350030331
2025-11-22 20:18:25,-0.073532794,0.120103715,-0.013984947
2025-11-22 20:18:35,-0.041104778,0.023681274,0.005015216
2025-11-22 20:18:45,0.012477617,0.176410230,-0.097772131
2025-11-22 20:18:55,0.132190446,0.170522412,-0.106222054
2025-11-22 20:19:05,0.164141212,0.046103123,0.098361506
2025-11-22 20:19:15,-0.110925555,0.011254173,-0.032824420
2025-11-22 20:19:25,-0.074786911,0.156706292,0.351440257
2025-11-22 20:19:35,0.137896731,0.052988092,0.149217734
2025-11-22 20:19:45,-0.107074876,-0.037306407,0.133807381
2025-11-22 20:19:55,0.040905749,-0.048564503,0.117657851
2025-11-22 20:20:05,-0.018433738,0.120050716,-0.119544101
2025-11-22 20:20:15,0.166454567,-0.109187308,-0.031315465
2025-11-22 20:20:25,-0.032962966,-0.140649510,0.147621841
2025-11-22 20:20:35,-0.077054302,-0.110475686,0.151155535
2025-11-22 20:20:45,-0.164164825,0.073418630,0.211940372
2025-11-22 20:20:55,0.099899514,0.197593143,0.027140704
2025-11-22 20:21:05,0.077704652,0.111986149,0.138066360
2025-11-22 20:21:15,-0.005361649,-0.057512144,0.319628697
2025-11-22 20:21:25,-0.239541538,0.098509963,-0.107618792
2025-11-22 20:21:35,-0.195603464,-0.056214935,-0.123338958
2025-11-22 20:21:45,0.086767284,0.000096709,-0.007794975
2025-11-22 20:21:55,-0.066663566,0.216532138,-0.137967642
2025-11-22 20:22:05,0.148366326,0.245941315,-0.305824236
2025-11-22 20:22:15,0.053626331,-0.262954307,0.098076578
2025-11-22 20:22:25,0.152851171,-0.197833165,0.143587832
2025-11-22 20:22:35,0.350199221,-0.210029468,0.124768214
2025-11-22 20:22:45,0.175735494,0.166921835,0.055665379
2025-11-22 20:22:55,0.209683883,-0.021005913,0.068608964
2025-11-22 20:23:05,-0.001730291,-0.166143023,-0.153782244
2025-11-22 20:23:15,-0.014318226,-0.262736076,-0.189358824
2025-11-22 20:23:25,-0.058000841,-0.229895990,0.287252167
2025-11-22 20:23:35,-0.008702300,-0.093987454,-0.215879986
2025-11-22 20:23:45,0.091788230,-0.074700652,-0.117003820
2025-11-22 20:23:55,0.142068786,-0.154971684,0.194859750
2025-11-22 20:24:05,-0.089654814,0.000926245,0.011757492
2025-11-22 20:24:15,0.142344157,-0.120135059,-0.035127797
2025-11-22 20:24:25,-0.067876488,0.178282825,-0.043245555
2025-11-22 20:24:35,0.176260589,0.219283358,0.217231801
2025-11-22 20:24:45,-0.062998555,-0.154958841,-0.001061834
2025-11-22 20:24:55,0.104035656,0.054214016,-0.087263534
2025-11-22 20:25:05,0.288253009,0.369382821,0.180457807
2025-11-22 20:25:15,-0.255301425,-0.337399750,-0.138897155
2025-11-22 20:25:25,-0.353579451,-0.329238013,0.127033989
2025-11-22 20:25:35,-0.194747544,-0.110219606,0.287715326
2025-11-22 20:25:45,-0.097179722,0.022662163,0.156228468
2025-11-22 20:25:55,0.028341791,0.061322807,-0.096853305
2025-11-22 20:26:05,0.003552393,0.148977398,-0.183729106
2025-11-22 20:26:15,0.262443340,0.158457814,0.047350985
2025-11-22 20:26:25,0.051197908,-0.196304227,-0.144363739
2025-11-22 20:26:35,-0.057847038,0.057341695,-0.008565924
2025-11-22 20:26:45,0.005970838,0.067913235,0.062831023
2025-11-22 20:26:55,0.248043132,-0.049072842,-0.146806937
2025-11-22 20:27:05,-0.103228261,0.236361662,0.076182767
2025-11-22 20:27:15,-0.155392305,0.061079880,-0.183626053
2025-11-22 20:27:25,0.000310674,-0.039727806,0.045652798
2025-11-22 20:27:35,-0.011193227,0.027180896,0.131343486
2025-11-22 20:27:45,-0.028722314,0.246096393,-0.062160196
2025-11-22 20:27:55,-0.119397481,0.012951399,-0.079423656
2025-11-22 20:28:05,0.303423209,-0.081448607,-0.033616831
2025-11-22 20:28:15,-0.240043129,-0.177431795,0.240547768
2025-11-22 20:28:25,0.050174138,0.217918026,-0.260356920
2025-11-22 20:28:35,-0.019615145,-0.053315321,0.133390475
2025-11-22 20:28:45,0.043571064,-0.298690481,-0.232717022
2025-11-22 20:28:55,0.080937750,-0.149397636,0.107372489
2025-11-22 20:29:05,0.121817176,0.181975358,-0.151569720
2025-11-22 20:29:15,0.092929815,-0.148574435,-0.012504704
2025-11-22 20:29:25,0.210089393,-0.182073474,0.097488984
2025-11-22 20:29:35,0.198238667,0.057808638,-0.018687080
2025-11-22 20:29:45,0.118803727,-0.100487484,0.006957890
2025-11-22 20:29:55,0.032364621,-0.099937493,0.000599877
2025-11-22 20:30:05,0.047615333,-0.289427278,0.006766290
2025-11-22 20:30:15,-0.026474661,-0.377305570,0.312438618
2025-11-22 20:30:25,-0.002046160,-0.181926739,-0.102401166
2025-11-22 20:30:35,-0.059073967,-0.097321641,0.031179891
2025-11-22 20:30:45,0.026631872,0.122943335,-0.025485349
2025-11-22 20:30:55,0.080415402,-0.103780506,0.255155090
2025-11-22 20:31:05,-0.119755146,-0.294573157,-0.128381697
2025-11-22 20:31:15,0.154856282,-0.143627268,-0.103754398
2025-11-22 20:31:25,-0.050192086,0.059292686,0.194292088
2025-11-22 20:31:35,-0.071196888,-0.030395953,0.075721413
2025-11-22 20:31:45,0.108615480,-0.111386354,0.203113994
2025-11-22 20:31:55,0.206150023,-0.038029709,-0.019623402
2025-11-22 20:32:05,-0.143174892,0.149015307,0.066110027
2025-11-22 20:32:15,0.088847257,-0.148628942,-0.115783084
2025-11-22 20:32:25,0.305873358,-0.223962220,-0.137636210
2025-11-22 20:32:35,0.230380028,-0.020215640,-0.263370745
2025-11-22 20:32:45,-0.019334674,0.137324667,-0.151595424
2025-11-22 20:32:55,0.072530012,-0.032528631,0.173621480
2025-11-22 20:33:05,-0.198125933,0.268039002,-0.024423096
2025-11-22 20:33:15,0.140052359,-0.352081380,0.151117270
2025-11-22 20:33:25,-0.002585720,-0.113488561,0.108619290
2025-11-22 20:33:35,-0.013453425,0.192969156,-0.007487618
2025-11-22 20:33:45,-0.210058356,0.203706474,-0.038526789
2025-11-22 20:33:55,-0.107063719,-0.076244235,0.063132891
2025-11-22 20:34:05,-0.048961398,-0.055064268,0.048257081
2025-11-22 20:34:15,-0.137541181,0.177398129,-0.011976103
2025-11-22 20:34:25,0.023750363,0.111727410,-0.057326417
2025-11-22 20:34:35,-0.256052511,-0.291122303,-0.045723154
2025-11-22 20:34:45,0.064882733,0.075181304,-0.026852653
2025-11-22 20:34:55,0.124628660,0.054135500,0.170324638
2025-11-22 20:35:05,0.163449870,0.034133645,-0.143550343
2025-11-22 20:35:15,-0.097477288,0.199623406,0.182729806
2025-11-22 20:35:25,0.005804134,0.304715344,-0.250749841
2025-11-22 20:35:35,0.015139468,-0.109195654,-0.177019861
2025-11-22 20:35:45,0.023323023,0.106864379,-0.124280584
2025-11-22 20:35:55,0.000155426,0.111668320,0.003304094
2025-11-22 20:36:05,-0.129387366,-0.004471503,-0.034031945
2025-11-22 20:36:15,-0.155733187,0.040759889,-0.347448207
2025-11-22 20:36:25,-0.063283397,-0.193770455,0.270639895
2025-11-22 20:36:35,0.054060373,0.075416955,-0.166001175
2025-11-22 20:36:45,0.050446877,0.240437195,0.023294520
2025-11-22 20:36:55,0.037288808,0.265084075,0.304355092
2025-11-22 20:37:05,0.220361111,-0.238396464,-0.182365602
2025-11-22 20:37:15,0.043781832,-0.018188408,-0.023344179
2025-11-22 20:37:25,-0.200651002,-0.258731212,-0.055398386
2025-11-22 20:37:35,-0.028899187,0.067890695,-0.092542059
2025-11-22 20:37:45,0.027078799,-0.090087936,0.177876151
2025-11-22 20:37:55,0.114697743,-0.128152961,0.113830793
2025-11-22 20:38:05,-0.245884746,-0.026140932,0.028880041
2025-11-22 20:38:15,-0.182869917,-0.226956340,-0.057788574
2025-11-22 20:38:25,-0.253806032,0.216483457,0.021393750
2025-11-22 20:38:35,-0.076878077,0.066500921,0.309565457
2025-11-22 20:38:45,0.100001272,-0.070094483,0.110145423
2025-11-22 20:38:55,0.106950634,0.239599392,0.174498491
2025-11-22 20:39:05,0.084460474,-0.119966193,0.356086478
2025-11-22 20:39:15,0.126285197,0.262733764,0.031474943
2025-11-22 20:39:25,-0.312217578,0.079161157,-0.114211684
2025-11-22 20:39:35,0.144512228,-0.215406314,-0.222212939
2025-11-22 20:39:45,-0.015538073,0.200448338,0.286268152
2025-11-22 20:39:55,-0.147708542,0.015935662,-0.127160439
2025-11-22 20:40:05,0.110001550,0.202516741,0.068748971
2025-11-22 20:40:15,-0.155348019,-0.081379901,0.087452820
2025-11-22 20:40:25,0.055525148,-0.091268547,-0.024071404
2025-11-22 20:40:35,0.068648789,-0.100558019,0.200988636
2025-11-22 20:40:45,0.064928001,-0.208731766,0.087718603
2025-11-22 20:40:55,0.300843578,0.112594377,0.087786935
2025-11-22 20:41:05,0.053303091,0.056378462,-0.045480945
2025-11-22 20:41:15,-0.183911440,0.097150452,-0.052563635
2025-11-22 20:41:25,0.218235697,-0.298273815,-0.037058087
2025-11-22 20:41:35,-0.228587857,-0.129684536,-0.285996839
2025-11-22 20:41:45,-0.029041236,-0.086472351,0.029708633
2025-11-22 20:41:55,-0.023842741,0.065155415,0.208311939
2025-11-22 20:42:05,-0.117191048,-0.107249982,0.109522219
2025-11-22 20:42:15,0.111737488,-0.000814568,-0.167428824
2025-11-22 20:42:25,-0.309714054,0.076157997,-0.007734998
2025-11-22 20:42:35,-0.146374540,0.196970129,0.058277043
2025-11-22 20:42:45,-0.016772006,0.050599252,-0.028368927
2025-11-22 20:42:55,-0.003508353,-0.020327569,0.064224317
2025-11-22 20:43:05,0.029964729,-0.095024524,-0.007090566
2025-11-22 20:43:15,-0.196475036,0.023304263,-0.247841201
2025-11-22 20:43:25,0.080660547,-0.135306133,-0.021992729
2025-11-22 20:43:35,-0.149427358,-0.003784729,0.151860865
2025-11-22 20:43:45,-0.173508946,-0.014363383,0.040029964
2025-11-22 20:43:55,-0.058684321,0.127435898,0.018922123
2025-11-22 20:44:05,0.075057927,-0.029336596,0.048905425
2025-11-22 20:44:15,-0.000707950,0.051355375,0.187004372
2025-11-22 20:44:25,0.164644175,-0.116370880,0.030414077
2025-11-22 20:44:35,0.126772789,0.193026762,0.124513951
2025-11-22 20:44:45,0.073072077,-0.246289844,-0.316321799
2025-11-22 20:44:55,-0.046885669,-0.417747130,-0.196640333
2025-11-22 20:45:05,-0.210997389,0.286267807,-0.245171506
2025-11-22 20:45:15,0.164883661,-0.104815521,-0.017579327
2025-11-22 20:45:25,-0.083161650,-0.138829259,-0.102510830
2025-11-22 20:45:35,0.270748631,-0.086826374,0.063578737
2025-11-22 20:45:45,-0.206218045,0.176853586,0.010149733
2025-11-22 20:45:55,0.002702327,-0.076462666,0.005265435
2025-11-22 20:46:05,-0.066664253,-0.155080050,-0.036153654
2025-11-22 20:46:15,-0.343488034,-0.085706769,0.403108468
2025-11-22 20:46:25,-0.015753248,0.181000062,0.049513956
2025-11-22 20:46:35,-0.249247947,-0.021919599,-0.043967039
2025-11-22 20:46:45,-0.041238723,-0.193018955,-0.082989796
2025-11-22 20:46:55,0.065767536,0.046753396,0.225576715
2025-11-22 20:47:05,0.107962812,-0.162013687,0.029818023
2025-11-22 20:47:15,-0.287424176,0.154007229,0.192856380
2025-11-22 20:47:25,0.119267228,0.073292395,-0.013383293
2025-11-22 20:47:35,0.069690468,-0.057623063,-0.157974088
2025-11-22 20:47:45,0.081824915,-0.225281040,-0.018346530
2025-11-22 20:47:55,0.092877428,-0.199111359,0.076893912
2025-11-22 20:48:05,-0.222940598,-0.100840973,-0.090517336
2025-11-22 20:48:15,0.010785628,-0.124913298,-0.023394089
2025-11-22 20:48:25,0.092062565,0.094668355,-0.350279125
2025-11-22 20:48:35,0.005614621,-0.252821204,-0.138928147
2025-11-22 20:48:45,-0.153177834,-0.247198566,-0.053339695
2025-11-22 20:48:55,0.085811527,0.152518675,-0.253217021
2025-11-22 20:49:05,0.193386840,-0.015133013,-0.035043027
2025-11-22 20:49:15,0.072120916,0.063934082,0.262351731
2025-11-22 20:49:25,-0.110310047,-0.350906493,-0.037307634
2025-11-22 20:49:35,-0.369416492,-0.080882721,-0.139803802
2025-11-22 20:49:45,-0.058301297,-0.062253106,-0.209960782
2025-11-22 20:49:55,-0.185814327,-0.029702429,-0.092410689
2025-11-22 20:50:05,-0.072751666,0.064500605,0.164506777
2025-11-22 20:50:15,-0.074090770,-0.123612423,0.276035740
2025-11-22 20:50:25,0.124958479,-0.125206324,-0.154720077
2025-11-22 20:50:35,0.033196933,0.182164375,0.052008512
2025-11-22 20:50:45,-0.028581242,-0.184042334,0.031548791
2025-11-22 20:50:55,-0.032754431,0.273987910,-0.064243704
2025-11-22 20:51:05,-0.003276087,-0.270924789,-0.091936573
2025-11-22 20:51:15,0.198295586,-0.121468634,0.180050795
2025-11-22 20:51:25,-0.175132049,-0.231595673,0.109892809
2025-11-22 20:51:35,0.109457385,0.045256881,-0.256400815
2025-11-22 20:51:45,-0.120617948,0.061806704,0.145707152
2025-11-22 20:51:55,0.267495328,-0.269914599,-0.012895134
2025-11-22 20:52:05,-0.178731552,-0.039001990,0.036939075
2025-11-22 20:52:15,-0.271919233,-0.073020440,-0.153482563
2025-11-22 20:52:25,0.181939908,0.134558590,-0.041843929
2025-11-22 20:52:35,0.153751204,-0.121657687,0.089771472
2025-11-22 20:52:45,-0.136193499,-0.091972337,-0.060126212
2025-11-22 20:52:55,0.123626185,0.078490693,-0.029319141
2025-11-22 20:53:05,-0.063457515,-0.073074627,0.326814427
2025-11-22 20:53:15,-0.137819635,-0.279200761,-0.107235844
2025-11-22 20:53:25,-0.113764676,0.094690872,-0.023103070
2025-11-22 20:53:35,0.233482619,-0.142376413,-0.030430249
2025-11-22 20:53:45,0.087185246,0.389001142,-0.076400977
2025-11-22 20:53:55,-0.138769237,0.035417655,0.022123646
2025-11-22 20:54:05,0.079495219,-0.124167897,-0.010725720
2025-11-22 20:54:15,0.032089513,0.157979084,-0.039356003
2025-11-22 20:54:25,-0.015229799,-0.101022242,0.043841816
2025-11-22 20:54:35,0.230009429,0.016346324,0.073750567
2025-11-22 20:54:45,-0.093455422,0.118367737,-0.263548280
2025-11-22 20:54:55,-0.056754173,-0.072804595,0.018287520
2025-11-22 20:55:05,-0.172630297,0.075550060,0.216150176
2025-11-22 20:55:15,-0.083728717,-0.016029454,0.173731265
2025-11-22 20:55:25,0.014806733,0.390783276,-0.046284695
2025-11-22 20:55:35,0.013151825,-0.155601389,-0.016020873
2025-11-22 20:55:45,0.201391826,0.052295611,0.006814738
2025-11-22 20:55:55,-0.013783304,-0.057170625,0.108205924
2025-11-22 20:56:05,-0.024008972,0.031412466,0.162681061
2025-11-22 20:56:15,-0.184404757,-0.025017328,0.121940792
2025-11-22 20:56:25,0.200277686,-0.180208665,0.019690296
2025-11-22 20:56:35,0.070719584,-0.115875181,-0.071909077
2025-11-22 20:56:45,0.100072470,0.027069491,0.101834292
2025-11-22 20:56:55,0.043598875,0.057883563,0.004512072
2025-11-22 20:57:05,-0.219932198,-0.113683742,0.299510887
2025-11-22 20:57:15,-0.006300553,-0.322863007,0.282296213
2025-11-22 20:57:25,-0.118014648,-0.039313155,0.007783283
2025-11-22 20:57:35,-0.046102499,-0.078241565,-0.001471596
2025-11-22 20:57:45,0.014915972,0.013486154,0.103022419
2025-11-22 20:57:55,0.103511564,0.230612102,0.059449939
2025-11-22 20:58:05,-0.026595785,-0.015342069,-0.056025824
2025-11-22 20:58:15,0.135956743,-0.235472829,-0.094136745
2025-11-22 20:58:25,0.349252576,-0.060570947,-0.230386699
2025-11-22 20:58:35,-0.097713532,-0.163871486,0.142425763
2025-11-22 20:58:45,-0.251302982,0.363091962,0.065605856
2025-11-22 20:58:55,0.059277093,-0.259952567,0.076405472
2025-11-22 20:59:05,-0.090155694,-0.142028433,-0.033019846
2025-11-22 20:59:15,0.003302323,0.117438337,-0.023631727
2025-11-22 20:59:25,0.073248949,0.047823879,-0.326950347
2025-11-22 20:59:35,-0.029210605,-0.049862027,-0.031365383
2025-11-22 20:59:45,0.062344473,0.088503290,0.062196738
2025-11-22 20:59:55,0.078990989,-0.042500560,-0.039153974
2025-11-22 21:00:05,0.021513222,0.203722722,0.239021607
2025-11-22 21:00:15,0.001072504,-0.042814600,0.017880616
2025-11-22 21:00:25,0.006311840,-0.095388998,0.204321114
2025-11-22 21:00:35,0.052054668,-0.024899090,-0.225085624
2025-11-22 21:00:45,-0.015308793,-0.282265134,-0.342465898
2025-11-22 21:00:55,-0.047484659,-0.090498825,0.084961115
2025-11-22 21:01:05,-0.074990769,-0.154267740,0.085725813
2025-11-22 21:01:15,-0.138455543,-0.039585116,0.208933493
2025-11-22 21:01:25,-0.005686312,0.050354481,0.229401079
2025-11-22 21:01:35,0.219084831,-0.066474020,-0.286626493
2025-11-22 21:01:45,0.411562424,-0.033403535,0.114566954
2025-11-22 21:01:55,0.089446172,-0.090007333,-0.336961416
2025-11-22 21:02:05,-0.234895013,-0.164216428,-0.102821568
2025-11-22 21:02:15,0.036599353,0.051681748,0.109812206
2025-11-22 21:02:25,-0.152866812,-0.396660269,-0.109222924
2025-11-22 21:02:35,-0.085900528,-0.044485402,-0.161069301
2025-11-22 21:02:45,0.075216236,-0.066730214,-0.093751832
2025-11-22 21:02:55,0.020041765,-0.021899240,0.322049838
2025-11-22 21:03:05,0.029825481,0.134611392,-0.062793495
2025-11-22 21:03:15,0.103713531,0.043636540,0.148896845
2025-11-22 21:03:25,0.164725937,-0.099573717,-0.014426390
2025-11-22 21:03:35,-0.157013774,0.125633052,0.136564245
2025-11-22 21:03:45,0.157221846,0.122539524,0.030765637
2025-11-22 21:03:55,0.056094336,0.038707708,0.230797341
2025-11-22 21:04:05,0.011481160,-0.039788711,-0.233515588
2025-11-22 21:04:15,0.198492249,0.049072989,0.259411118
2025-11-22 21:04:25,-0.001636732,0.208389095,0.094235878
2025-11-22 21:04:35,-0.272533405,0.048645027,-0.329375408
2025-11-22 21:04:45,0.075633450,0.054168540,0.250361801
2025-11-22 21:04:55,-0.425840717,0.088271684,0.130928580
2025-11-22 21:05:05,0.084195530,0.228784596,0.041008449
2025-11-22 21:05:15,-0.125979084,0.045431364,0.001300921
2025-11-22 21:05:25,0.191612740,0.279082396,-0.232726655
2025-11-22 21:05:35,-0.095085776,0.187015914,-0.005458141
2025-11-22 21:05:45,-0.209616491,-0.052015308,-0.015986914
2025-11-22 21:05:55,0.051071561,-0.079970187,-0.054931391
2025-11-22 21:06:05,-0.019533764,-0.052662765,0.187636170
2025-11-22 21:06:15,-0.107919312,0.007413322,0.194276494
2025-11-22 21:06:25,-0.072622005,-0.075556111,-0.096770752
2025-11-22 21:06:35,0.131800741,-0.440247000,0.189033803
2025-11-22 21:06:45,0.131838365,-0.069009952,0.120901869
2025-11-22 21:06:55,-0.092631433,-0.035209773,-0.030432863
2025-11-22 21:07:05,0.051647981,0.065316045,-0.123093256
2025-11-22 21:07:15,-0.033944615,-0.025711188,-0.015168336
2025-11-22 21:07:25,-0.138120622,-0.293398977,-0.033993151
2025-11-22 21:07:35,0.057210180,-0.145613323,-0.063003494
2025-11-22 21:07:45,0.175154363,0.035502660,0.000246467
2025-11-22 21:07:55,0.103115729,0.120148856,-0.181522511
2025-11-22 21:08:05,0.135201851,0.167492332,0.157464857
2025-11-22 21:08:15,0.040932630,-0.039398886,0.077367089
2025-11-22 21:08:25,0.203924801,0.097632240,-0.111038041
2025-11-22 21:08:35,-0.218352307,0.012172268,-0.088620919
2025-11-22 21:08:45,0.109231756,0.032082253,-0.205415568
2025-11-22 21:08:55,-0.002091745,-0.064355084,0.399144992
2025-11-22 21:09:05,0.206687559,0.190156188,-0.027147609
2025-11-22 21:09:15,0.180718075,-0.151382734,0.117027681
2025-11-22 21:09:25,-0.196326453,-0.112338138,0.251563469
2025-11-22 21:09:35,-0.108538335,0.046877591,-0.016100774
2025-11-22 21:09:45,0.057942792,0.135392085,0.012076400
2025-11-22 21:09:55,-0.066158768,-0.368896365,-0.293716194
2025-11-22 21:10:05,-0.024438561,0.132244085,0.125861077
2025-11-22 21:10:15,-0.098952846,-0.086128981,-0.319999633
2025-11-22 21:10:25,0.021057326,0.024297587,0.228999674
2025-11-22 21:10:35,-0.064444447,0.302035709,-0.136983670
2025-11-22 21:10:45,-0.204653479,0.200635512,-0.014292987
2025-11-22 21:10:55,0.085144740,0.098846627,0.212106004
2025-11-22 21:11:05,0.048019197,0.269189302,0.110863113
2025-11-22 21:11:15,-0.042153464,0.099386662,-0.290161209
2025-11-22 21:11:25,0.267088580,0.101313501,-0.284899656
2025-11-22 21:11:35,-0.006710481,0.092762647,0.079551964
2025-11-22 21:11:45,0.240218690,-0.219019353,-0.213960371
2025-11-22 21:11:55,0.065239935,-0.123498021,-0.094667293
2025-11-22 21:12:05,-0.344651764,-0.062339297,-0.190646561
2025-11-22 21:12:15,-0.193069950,-0.095229787,-0.052225089
2025-11-22 21:12:25,-0.047601334,-0.169436712,0.093518313
2025-11-22 21:12:35,-0.027014176,-0.039650282,0.039784746
2025-11-22 21:12:45,-0.038135198,-0.004794554,0.020165560
2025-11-22 21:12:55,0.002143839,-0.140118410,0.181895578
2025-11-22 21:13:05,0.165844936,0.039079862,0.079107573
2025-11-22 21:13:15,-0.033165787,0.259633118,0.093525894
2025-11-22 21:13:25,0.071930954,-0.034090655,-0.078672806
2025-11-22 21:13:35,-0.015235986,-0.330643524,-0.075446190
2025-11-22 21:13:45,-0.099520487,0.101377414,0.277637481
2025-11-22 21:13:55,0.091649824,0.125837212,-0.384946787
2025-11-22 21:14:05,0.161258285,-0.005612112,-0.012386442
2025-11-22 21:14:15,0.164875572,-0.004884219,-0.105462694
2025-11-22 21:14:25,0.023121016,-0.063569760,0.047050488
2025-11-22 21:14:35,-0.070019461,-0.234321575,0.055113745
2025-11-22 21:14:45,0.149298697,0.134709097,-0.210121191
2025-11-22 21:14:55,0.281033479,-0.131721519,-0.049583044
2025-11-22 21:15:05,0.218725652,0.034958355,-0.143612000
2025-11-22 21:15:15,0.030183742,-0.102752094,0.095457605
2025-11-22 21:15:25,-0.099654928,-0.062102247,-0.065320899
2025-11-22 21:15:35,0.072772414,0.067298154,-0.142109955
2025-11-22 21:15:45,-0.095068804,-0.150772750,0.474160175
2025-11-22 21:15:55,-0.263646980,-0.042767205,-0.118993622
2025-11-22 21:16:05,-0.001561956,-0.260991959,0.034120779
2025-11-22 21:16:15,-0.131643745,-0.065293379,0.107397855
2025-11-22 21:16:25,0.222852052,-0.176507796,0.257046055
2025-11-22 21:16:35,0.049563142,0.177610458,-0.065036100
2025-11-22 21:16:45,-0.126533885,0.162175297,-0.117824041
2025-11-22 21:16:55,-0.073207706,-0.188333622,0.203139678
2025-11-22 21:17:05,0.250248740,0.067847076,0.171383960
2025-11-22 21:17:15,-0.227071479,-0.181294166,-0.192905847
2025-11-22 21:17:25,0.178502012,-0.212610900,0.171690197
2025-11-22 21:17:35,-0.023985674,0.139666634,-0.009135138
2025-11-22 21:17:45,0.372563340,0.175202147,0.311575740
2025-11-22 21:17:55,-0.341686397,-0.231422321,0.069506507
2025-11-22 21:18:05,-0.132730248,0.271209623,0.232020216
2025-11-22 21:18:15,0.156147808,0.057123057,-0.041391300
2025-11-22 21:18:25,0.315701744,-0.184696062,-0.072454695
2025-11-22 21:18:35,0.064231021,0.148448477,0.160846402
2025-11-22 21:18:45,0.008698721,0.097089503,-0.031061219
2025-11-22 21:18:55,-0.024784424,0.298900114,0.217058049
2025-11-22 21:19:05,-0.189323541,0.190541720,0.064240234
2025-11-22 21:19:15,-0.055578768,0.084765780,0.013907980
2025-11-22 21:19:25,-0.271727218,0.177594570,0.100761138
2025-11-22 21:19:35,0.013824001,-0.028884346,-0.062047553
2025-11-22 21:19:45,0.005280169,-0.090737719,-0.097030245
2025-11-22 21:19:55,-0.072826987,-0.156531623,-0.038825134
2025-11-22 21:20:05,-0.010006543,-0.401398238,-0.044245467
2025-11-22 21:20:15,0.115728196,0.091613999,0.247446796
2025-11-22 21:20:25,0.052979474,-0.116308439,-0.114381281
2025-11-22 21:20:35,-0.039232486,-0.251973680,0.094086355
2025-11-22 21:20:45,-0.071675590,0.054319647,0.163824944
2025-11-22 21:20:55,0.194515351,0.020062343,-0.028286215
2025-11-22 21:21:05,-0.178603199,-0.156821753,-0.006172029
2025-11-22 21:21:15,0.013796265,-0.031709283,0.105492172
2025-11-22 21:21:25,0.297396463,0.218827450,0.030560017
2025-11-22 21:21:35,-0.029212811,-0.116713800,-0.116672746
2025-11-22 21:21:45,-0.171344916,-0.185177623,-0.188806615
2025-11-22 21:21:55,0.421851742,0.367629669,-0.326409290
2025-11-22 21:22:05,0.034622109,-0.221714731,-0.017094809
2025-11-22 21:22:15,-0.292436977,-0.182299201,-0.263552131
2025-11-22 21:22:25,-0.127444987,-0.145062292,-0.154290882
2025-11-22 21:22:35,0.120216690,-0.092961840,0.088542573
2025-11-22 21:22:45,0.086669111,-0.110611616,0.124329674
2025-11-22 21:22:55,0.144182647,0.018438354,-0.163943796
2025-11-22 21:23:05,-0.166238896,-0.070205783,-0.052710789
2025-11-22 21:23:15,0.015095521,-0.237810260,-0.084132978
2025-11-22 21:23:25,-0.049346233,-0.013848082,-0.315812218
2025-11-22 21:23:35,-0.182138931,0.162030543,0.232244233
2025-11-22 21:23:45,0.133359433,-0.121366380,-0.038056179
2025-11-22 21:23:55,-0.199248442,0.100034182,0.102619323
2025-11-22 21:24:05,-0.044989623,0.069237635,0.212569274
2025-11-22 21:24:15,0.280230800,0.009127629,0.210714594
2025-11-22 21:24:25,0.243350477,-0.125160875,0.125613694
2025-11-22 21:24:35,0.180858694,-0.217636043,0.183027643
2025-11-22 21:24:45,-0.142476696,-0.084435190,0.109543944
2025-11-22 21:24:55,0.079583970,0.036951931,-0.069306848
2025-11-22 21:25:05,0.242811503,0.116263063,0.195109947
2025-11-22 21:25:15,-0.399988009,-0.020989081,-0.237794056
2025-11-22 21:25:25,0.107004751,0.052248360,0.282101603
2025-11-22 21:25:35,0.111739113,-0.152897584,-0.019876812
2025-11-22 21:25:45,0.001715958,0.028240776,-0.011715824
2025-11-22 21:25:55,0.132162852,0.075210609,-0.267714069
2025-11-22 21:26:05,-0.019399804,-0.007498907,-0.024113786
2025-11-22 21:26:15,-0.024246258,-0.286896893,0.299685354
2025-11-22 21:26:25,-0.224301862,-0.034427790,-0.161020967
2025-11-22 21:26:35,-0.156035565,-0.011478463,0.034756016
2025-11-22 21:26:45,0.100537854,-0.163713800,-0.106455725
2025-11-22 21:26:55,0.055752668,-0.077360089,-0.111405976
2025-11-22 21:27:05,0.029244549,-0.081764539,-0.043262292
2025-11-22 21:27:15,-0.078997334,-0.088859441,-0.108942520
2025-11-22 21:27:25,-0.037521752,0.095774856,-0.086637404
2025-11-22 21:27:35,-0.054339374,-0.009631517,0.030030974
2025-11-22 21:27:45,-0.286140035,-0.012299248,0.135671731
2025-11-22 21:27:55,0.187189584,0.101307598,-0.130536018
2025-11-22 21:28:05,0.064799995,-0.080243163,-0.066182140
2025-11-22 21:28:15,-0.148419543,-0.090593340,-0.147368511
2025-11-22 21:28:25,0.077976847,0.128933407,-0.138726923
2025-11-22 21:28:35,0.024312294,0.071624617,-0.123249686
2025-11-22 21:28:45,0.076952009,0.056335243,-0.028856326
2025-11-22 21:28:55,0.288463672,-0.103268360,0.056105593
2025-11-22 21:29:05,0.069549124,0.133125235,-0.157894744
2025-11-22 21:29:15,0.001785082,-0.019949370,0.297787258
2025-11-22 21:29:25,0.074312756,0.312520533,0.028144649
2025-11-22 21:29:35,0.118125387,-0.031126598,-0.045921795
2025-11-22 21:29:45,-0.159164196,0.176550979,-0.238309987
2025-11-22 21:29:55,-0.239071810,-0.070851423,0.119111030
2025-11-22 21:30:05,-0.080803439,0.040869226,0.275812229
2025-11-22 21:30:15,0.229785263,-0.000046622,0.011798382
2025-11-22 21:30:25,0.020734867,-0.077404860,0.198574506
2025-11-22 21:30:35,0.188940304,0.281628230,0.071369815
2025-11-22 21:30:45,0.118924237,-0.081469648,0.017188583
2025-11-22 21:30:55,0.049991537,-0.441478617,0.043858746
2025-11-22 21:31:05,0.137448977,0.272007239,-0.257339242
2025-11-22 21:31:15,0.102758559,0.176189067,-0.085223688
2025-11-22 21:31:25,-0.053614537,-0.090730541,-0.107308353
2025-11-22 21:31:35,0.048955465,0.112390326,-0.249149849
2025-11-22 21:31:45,0.001063610,0.055121410,-0.244860344
2025-11-22 21:31:55,0.152103838,-0.115578373,-0.199982249
2025-11-22 21:32:05,-0.007519196,0.044140904,0.066512441
2025-11-22 21:32:15,0.089469430,0.132013025,0.130180027
2025-11-22 21:32:25,0.042216287,-0.039105471,-0.002612043
2025-11-22 21:32:35,0.100693803,0.292289492,0.186022269
2025-11-22 21:32:45,-0.079727045,0.047217866,-0.127045499
2025-11-22 21:32:55,0.165937609,0.044987110,-0.084726694
2025-11-22 21:33:05,-0.070048416,-0.033492909,-0.002623749
2025-11-22 21:33:15,0.059881947,-0.016058105,0.095992652
2025-11-22 21:33:25,-0.177524929,0.092155706,0.029950629
2025-11-22 21:33:35,-0.006611911,-0.091152833,-0.108074397
2025-11-22 21:33:45,0.133943895,-0.044535508,0.150191807
2025-11-22 21:33:55,0.233490614,0.083083011,-0.031991102
2025-11-22 21:34:05,-0.080672447,0.029225402,-0.012392992
2025-11-22 21:34:15,-0.027828354,-0.003722538,-0.119614004
2025-11-22 21:34:25,0.079911648,-0.082802804,-0.084664217
2025-11-22 21:34:35,0.164573876,0.046204422,-0.175785980
2025-11-22 21:34:45,0.004562277,0.135835877,-0.129924080
2025-11-22 21:34:55,0.127880527,-0.057399323,-0.285257797
2025-11-22 21:35:05,0.066329916,-0.169566994,0.086337660
2025-11-22 21:35:15,0.025666133,-0.036267556,0.054546545
2025-11-22 21:35:25,0.011740990,0.055656161,0.159426307
2025-11-22 21:35:35,0.174947938,-0.021562403,-0.255956216
2025-11-22 21:35:45,-0.031233554,-0.324872490,-0.065384969
2025-11-22 21:35:55,-0.049663659,-0.004617932,0.284953009
2025-11-22 21:36:05,-0.151345480,0.007131726,0.027175197
2025-11-22 21:36:15,0.083199890,0.140364870,0.169083634
2025-11-22 21:36:25,0.230951248,-0.026401782,-0.122989122
2025-11-22 21:36:35,-0.053522543,-0.366026828,-0.120138528
2025-11-22 21:36:45,0.193309330,-0.010229821,-0.091390200
2025-11-22 21:36:55,-0.225115916,0.167464931,-0.079772992
2025-11-22 21:37:05,-0.214619498,-0.141237623,-0.072206870
2025-11-22 21:37:15,0.187905926,-0.011944816,-0.180670773
2025-11-22 21:37:25,-0.043102651,0.052213663,-0.204738054
2025-11-22 21:37:35,-0.203223841,0.007637210,0.226154108
2025-11-22 21:37:45,0.361103824,-0.011895818,0.062642046
2025-11-22 21:37:55,-0.173787259,0.160591494,-0.161423020
2025-11-22 21:38:05,0.104715759,-0.007307414,0.184477587
2025-11-22 21:38:15,-0.073846266,-0.025734834,-0.111558451
2025-11-22 21:38:25,-0.069114911,-0.032619463,0.032785631
2025-11-22 21:38:35,0.610794949,-0.255375976,0.166060745
2025-11-22 21:38:45,-0.373274543,-0.114765577,0.282983135
2025-11-22 21:38:55,-0.135530938,0.890166305,-0.093280073
2025-11-22 21:39:05,0.229258331,-0.664426725,-0.269025805
2025-11-22 21:39:15,-0.183104897,-0.028338808,0.299207106
2025-11-22 21:39:25,0.501004268,0.083909759,0.189214997
2025-11-22 21:39:35,0.610192301,-0.147392402,-0.155202105
2025-11-22 21:39:45,0.344967803,0.115294936,-0.090338873
2025-11-22 21:39:55,0.231704291,0.695861436,-0.026480216
2025-11-22 21:40:05,-0.196474371,0.130151495,-0.438783298
2025-11-22 21:40:15,-0.101157057,0.306303780,0.022371465
2025-11-22 21:40:25,-0.475865030,-0.328834595,0.284016519
2025-11-22 21:40:35,0.010855090,-0.262464909,0.932191969
2025-11-22 21:40:45,-0.231852412,-0.266201991,-0.124808216
2025-11-22 21:40:55,0.081428711,-0.447854498,-0.434867787
2025-11-22 21:41:05,0.021561618,-0.241121859,-0.521344918
2025-11-22 21:41:15,0.515642547,-0.274068753,-0.052304483
2025-11-22 21:41:25,0.067960173,0.205065937,-0.243062113
2025-11-22 21:41:35,0.109860179,0.566117881,-0.236630268
2025-11-22 21:41:45,0.201115785,-0.651511416,0.467267989
2025-11-22 21:42:00,0.009271756,0.021322028,-0.003160650
2025-11-22 21:42:10,0.003827519,0.005629616,0.003696271
2025-11-22 21:42:20,-0.001955361,0.002662115,0.009438623
2025-11-22 21:42:30,0.008577544,0.012105217,-0.009321944
2025-11-22 21:42:40,0.003445026,-0.007827168,-0.001034499
2025-11-22 21:42:50,-0.001980840,-0.002052538,-0.000295458
2025-11-22 21:43:00,0.005838495,-0.004138620,0.005652365
2025-11-22 21:43:10,0.003245630,-0.009115843,0.010228282
2025-11-22 21:43:20,-0.008769505,-0.008912470,-0.008664257
2025-11-22 21:43:30,-0.015740370,0.013648608,0.015828498
2025-11-22 21:43:40,0.005755141,-0.015014048,-0.012261618
2025-11-22 21:43:50,0.003696377,-0.004700044,0.010525787
2025-11-22 21:44:00,0.004067417,0.001003912,0.003652999
2025-11-22 21:44:10,-0.001802759,-0.000103400,0.002144825
2025-11-22 21:44:20,-0.016262939,-0.007844281,-0.002677712
2025-11-22 21:44:30,-0.002975230,0.009755870,0.002704693
2025-11-22 21:44:40,-0.003740749,-0.011185993,0.001413974
2025-11-22 21:44:50,0.001083227,-0.018733089,0.003615854
2025-11-22 21:45:00,-0.002922121,0.004483059,0.008261696
2025-11-22 21:45:10,-0.029706616,0.012720482,0.013988292
2025-11-22 21:45:20,0.007383586,-0.001072913,-0.012658460
2025-11-22 21:45:30,0.012185605,0.003637029,-0.013948372
2025-11-22 21:45:40,0.002068218,0.000548756,0.010382170
2025-11-22 21:45:50,0.008323682,-0.000718841,0.008698857
2025-11-22 21:46:00,0.019672245,0.003885194,0.003724781
2025-11-22 21:46:10,-0.005050645,0.004510582,-0.004867678
2025-11-22 21:46:20,0.003170327,0.002702600,-0.003918954
2025-11-22 21:46:30,0.005627652,0.019361953,0.007494935
2025-11-22 21:46:40,-0.013915297,0.016514164,-0.020908690
2025-11-22 21:46:50,-0.005986609,0.025790011,0.010978624
2025-11-22 21:47:00,-0.009804756,0.023779036,0.013950649
2025-11-22 21:47:10,0.002176231,0.010761414,-0.001100685
2025-11-22 21:47:20,0.005847158,0.005299049,0.011819116
2025-11-22 21:47:30,0.012172040,-0.000341224,0.003708634
2025-11-22 21:47:40,-0.016408125,0.022396457,-0.008793404
2025-11-22 21:47:50,-0.009279845,-0.017331993,-0.003439480
2025-11-22 21:48:00,-0.003191945,0.000439085,0.005140085
2025-11-22 21:48:10,-0.005464593,-0.011328232,-0.000385872
2025-11-22 21:48:20,0.010302311,-0.002479770,-0.002112221
2025-11-22 21:48:30,-0.006078131,0.010154284,0.004645392
2025-11-22 21:48:40,0.008348665,-0.012985608,-0.000021878
2025-11-22 21:48:50,0.005499750,-0.011820793,-0.017534949
2025-11-22 21:49:00,-0.014549056,-0.009568249,-0.021909381
2025-11-22 21:49:10,0.005730059,0.023767799,-0.003529483
2025-11-22 21:49:20,0.003193112,0.011266600,-0.008129048
2025-11-22 21:49:30,0.002727684,0.015934997,0.003814921
2025-11-22 21:49:40,0.002637973,0.012763805,-0.007802365
2025-11-22 21:49:50,0.015351755,0.007016291,-0.002260073
2025-11-22 21:50:00,-0.024688418,0.009946832,0.005324584
2025-11-22 21:50:10,-0.010209718,0.005354679,0.003114913
2025-11-22 21:50:20,0.009792089,0.002591294,-0.004574640
2025-11-22 21:50:30,-0.002455262,-0.005638928,-0.001888106
2025-11-22 21:50:40,-0.005078999,-0.018688693,-0.019921717
2025-11-22 21:50:50,-0.009376856,-0.007321161,-0.000536874
2025-11-22 21:51:00,-0.010879095,0.010743503,0.002829198
2025-11-22 21:51:10,-0.003605789,0.001260218,-0.014237653
2025-11-22 21:51:20,0.008612684,0.002817133,-0.010423525
2025-11-22 21:51:30,0.012076709,-0.001694476,-0.004318108
2025-11-22 21:51:40,0.006592922,-0.015802070,-0.011575042
2025-11-22 21:51:50,0.001756333,0.001952490,-0.004721909
2025-11-22 21:52:00,0.001614727,-0.015825839,0.004760969
2025-11-22 21:52:10,0.001300373,0.021085311,0.012387613
2025-11-22 21:52:20,-0.005329722,0.002406754,0.015020821
2025-11-22 21:52:30,0.007869567,0.002830497,0.025955559
2025-11-22 21:52:40,-0.015237904,0.004963432,-0.013482040
2025-11-22 21:52:50,-0.011048838,-0.007790575,-0.000104025
2025-11-22 21:53:00,-0.004669262,-0.005384090,-0.006278110
2025-11-22 21:53:10,-0.008390235,-0.005796567,-0.010417624
2025-11-22 21:53:20,0.000700938,0.003022805,0.007585328
2025-11-22 21:53:30,-0.009413923,0.020415422,0.006425283
2025-11-22 21:53:40,-0.014061718,-0.011734447,-0.010883546
2025-11-22 21:53:50,0.011501393,-0.006003740,0.000603921
2025-11-22 21:54:00,0.000657823,0.002816657,-0.014231788
2025-11-22 21:54:10,-0.002913695,0.000411817,-0.008264120
2025-11-22 21:54:20,0.007002142,-0.002595144,-0.013925914
2025-11-22 21:54:30,-0.009436172,-0.008065104,0.018443210
2025-11-22 21:54:40,-0.002323172,0.002020519,-0.008564553
2025-11-22 21:54:50,0.003503946,0.015001684,0.013275274
2025-11-22 21:55:00,0.012635391,-0.014993421,-0.000702612
2025-11-22 21:55:10,0.006386599,0.009162519,-0.002561267
2025-11-22 21:55:20,-0.018303106,-0.016122671,0.000934594
2025-11-22 21:55:30,-0.019705844,-0.013109178,-0.003234107
2025-11-22 21:55:40,0.000643151,0.015808704,-0.005019880
2025-11-22 21:55:50,0.000526363,-0.007360617,0.004174059
2025-11-22 21:56:00,0.003510701,-0.009157977,0.009132560
2025-11-22 21:56:10,0.002680951,0.004575592,0.011199163
2025-11-22 21:56:20,0.009734052,-0.017961981,-0.008481621
2025-11-22 21:56:30,0.003684539,0.009473571,0.000118693
2025-11-22 21:56:40,-0.010501743,-0.005348403,0.004403019
2025-11-22 21:56:50,-0.013994980,-0.020303611,0.008342438
2025-11-22 21:57:00,0.002016257,-0.007644013,0.005194025
2025-11-22 21:57:10,-0.005642695,0.002950128,0.004764243
2025-11-22 21:57:20,0.008211925,0.001137317,0.009550341
2025-11-22 21:57:30,-0.016922593,0.002873413,0.000624456
2025-11-22 21:57:40,-0.001921179,-0.007453402,0.013181484
2025-11-22 21:57:50,0.013822165,-0.008370216,0.007164835
2025-11-22 21:58:00,-0.010603902,0.003780332,-0.003105513
2025-11-22 21:58:10,-0.021121801,0.003975718,0.007165732
2025-11-22 21:58:20,-0.003478993,-0.001821977,0.008917665
2025-11-22 21:58:30,-0.000891612,-0.007393698,0.003790363
2025-11-22 21:58:40,-0.012120068,0.011793078,0.004133542
2025-11-22 21:58:50,0.015742400,-0.004162065,0.013894037
2025-11-22 21:59:00,-0.002579919,0.002549001,0.001657352
2025-11-22 21:59:10,-0.022450022,-0.005258015,0.019697765
2025-11-22 21:59:20,0.003368006,-0.010632012,0.001144552
2025-11-22 21:59:30,0.006410231,-0.011464847,-0.010087254
2025-11-22 21:59:40,-0.002106580,0.015274134,0.000510958
2025-11-22 21:59:50,-0.003447787,-0.013729392,0.012441572
2025-11-22 22:00:00,0.019715634,0.008763883,0.013517968
2025-11-22 22:00:10,0.002862739,-0.007084181,0.007255770
2025-11-22 22:00:20,-0.004238830,-0.005403382,0.008010556
2025-11-22 22:00:30,0.009699974,-0.001883484,0.011009614
2025-11-22 22:00:40,0.002592967,-0.018490590,-0.021401103
2025-11-22 22:00:50,0.001481967,-0.015257646,0.006325538
2025-11-22 22:01:00,0.013484919,0.005314275,0.009545043
2025-11-22 22:01:10,0.007837751,-0.002424174,0.003087943
2025-11-22 22:01:20,-0.002155429,0.003812067,0.012915785
2025-11-22 22:01:30,-0.008394640,0.000410187,-0.001510703
2025-11-22 22:01:40,0.009121522,-0.002808873,0.004298156
2025-11-22 22:01:50,0.008014504,-0.002145711,-0.019408066
2025-11-22 22:02:00,-0.004868940,0.004363047,-0.009201263
2025-11-22 22:02:10,-0.015983879,-0.000320559,-0.007274045
2025-11-22 22:02:20,0.007795128,0.015971158,0.002671573
2025-11-22 22:02:30,-0.011838169,0.015171187,-0.022507559
2025-11-22 22:02:40,0.005917434,0.017162195,-0.016825333
2025-11-22 22:02:50,-0.012870267,0.005347193,0.006965847
2025-11-22 22:03:00,-0.009982604,0.003993215,0.002257670
2025-11-22 22:03:10,-0.011745338,-0.026128989,0.007487448
2025-11-22 22:03:20,0.000848475,0.009248487,-0.011688730
2025-11-22 22:03:30,0.008711088,0.006200816,0.012048791
2025-11-22 22:03:40,0.018362913,0.012931842,-0.005597803
2025-11-22 22:03:50,-0.014792421,0.007109424,-0.015206654
2025-11-22 22:04:00,-0.012203914,-0.010562051,-0.004019337
2025-11-22 22:04:10,-0.010623575,0.003642701,-0.022598735
2025-11-22 22:04:20,-0.010617124,-0.000096957,-0.003632555
2025-11-22 22:04:30,-0.027985333,-0.007423748,0.013146280
2025-11-22 22:04:40,0.009203356,-0.004379491,-0.006511945
2025-11-22 22:04:50,-0.012585099,-0.007058425,-0.006640802
2025-11-22 22:05:00,-0.015951124,-0.025793787,0.009373454
2025-11-22 22:05:10,0.012962958,-0.007373336,-0.000797743
2025-11-22 22:05:20,-0.014136701,0.005921756,0.007860610
2025-11-22 22:05:30,-0.000534686,-0.002345855,0.003900435
2025-11-22 22:05:40,-0.004672887,-0.002211243,-0.012736277
2025-11-22 22:05:50,-0.010817060,0.003254558,0.004802414
2025-11-22 22:06:00,0.008725719,0.014890778,-0.004525743
2025-11-22 22:06:10,-0.001780415,0.008402489,-0.003231175
2025-11-22 22:06:20,0.004464881,-0.006962776,0.002743079
2025-11-22 22:06:30,-0.007045445,0.011225550,0.023921089
2025-11-22 22:06:40,0.004176972,-0.010665919,-0.003944585
2025-11-22 22:06:50,0.002771840,0.001249605,0.011002202
2025-11-22 22:07:00,-0.002563489,-0.005423195,-0.010724269
2025-11-22 22:07:10,-0.021341705,0.008304777,-0.023875493
2025-11-22 22:07:20,-0.001151299,-0.000479444,0.015586842
2025-11-22 22:07:30,-0.012130751,-0.001976907,-0.000745740
2025-11-22 22:07:40,-0.005559665,0.012593884,0.003240035
2025-11-22 22:07:50,0.008086320,0.012564907,-0.007543109
2025-11-22 22:08:00,0.005294015,-0.002663514,0.001620789
2025-11-22 22:08:10,0.000570958,-0.011415297,-0.001537271
2025-11-22 22:08:20,-0.005339233,-0.005629424,-0.015449538
2025-11-22 22:08:30,0.007847996,0.001075179,-0.023260501
2025-11-22 22:08:40,0.000732791,0.002837270,0.003503634
2025-11-22 22:08:50,0.003353803,-0.008039081,-0.002044303
2025-11-22 22:09:00,-0.006033776,-0.007036265,-0.005379248
2025-11-22 22:09:10,-0.019901550,0.004549883,-0.006014633
2025-11-22 22:09:20,-0.015660240,0.001051738,-0.013842176
2025-11-22 22:09:30,-0.001172488,0.008015615,-0.013146370
2025-11-22 22:09:40,-0.013800394,-0.003788787,0.008149983
2025-11-22 22:09:50,-0.003349817,-0.001231952,0.008920586
2025-11-22 22:10:00,0.001720803,0.006481132,0.000482857
2025-11-22 22:10:10,0.004519935,0.000330974,0.003640846
2025-11-22 22:10:20,-0.008806070,-0.024356048,-0.008102757
2025-11-22 22:10:30,-0.029479671,0.018635104,-0.007254107
2025-11-22 22:10:40,-0.004557377,0.015228827,0.009245984
2025-11-22 22:10:50,-0.011998168,-0.009838990,0.004720616
2025-11-22 22:11:00,0.006869717,-0.012273219,0.027930714
2025-11-22 22:11:10,0.010916351,-0.009082753,0.000640019
2025-11-22 22:11:20,-0.001082186,0.002641366,-0.006301888
2025-11-22 22:11:30,-0.007030017,0.002322734,-0.001367602
2025-11-22 22:11:40,-0.009992207,-0.002761802,-0.009583271
2025-11-22 22:11:50,0.003806163,-0.004695315,-0.020282926
2025-11-22 22:12:00,0.008685961,0.009589419,-0.002537115
2025-11-22 22:12:10,-0.006478261,-0.006821384,0.024011713
2025-11-22 22:12:20,0.001228925,-0.000571332,0.011566073
2025-11-22 22:12:30,0.022372245,-0.005899735,-0.008436003
2025-11-22 22:12:40,-0.016255253,-0.007326719,0.006006621
2025-11-22 22:12:50,-0.012970169,-0.001311840,0.004668854
2025-11-22 22:13:00,0.007471176,-0.005670055,0.005843682
2025-11-22 22:13:10,-0.002950964,0.007178893,-0.006709012
2025-11-22 22:13:20,-0.003060672,0.001968312,0.011198422
2025-11-22 22:13:30,-0.003657105,0.003934543,-0.010226330
2025-11-22 22:13:40,0.003224014,-0.007169655,0.005254211
2025-11-22 22:13:50,-0.003709997,-0.001708313,-0.003102407
2025-11-22 22:14:00,0.012284977,0.007935293,0.003498489
2025-11-22 22:14:10,-0.004234694,-0.009275408,0.006251516
2025-11-22 22:14:20,-0.008250031,-0.008840042,0.002631637
2025-11-22 22:14:30,-0.020366795,0.003508453,0.010906240
2025-11-22 22:14:40,-0.001402357,0.012289042,-0.005929401
2025-11-22 22:14:50,0.012882459,0.000411131,-0.000846069
2025-11-22 22:15:00,-0.017256965,0.001877131,-0.006219941
2025-11-22 22:15:10,0.000111475,-0.001987332,0.004305630
2025-11-22 22:15:20,-0.006476960,0.003334841,-0.015052618
2025-11-22 22:15:30,0.003339696,-0.015041136,-0.009199552
2025-11-22 22:15:40,0.008758068,-0.018112261,-0.008123366
2025-11-22 22:15:50,-0.009813862,0.006190573,-0.003033490
2025-11-22 22:16:00,-0.010121459,-0.000899586,-0.005134474
2025-11-22 22:16:10,-0.005479324,-0.009809842,0.001294605
2025-11-22 22:16:20,-0.006665603,-0.012316636,-0.001203468
2025-11-22 22:16:30,-0.011744034,-0.003552622,0.003999027
2025-11-22 22:16:40,-0.013287455,0.001245700,0.012405533
2025-11-22 22:16:50,-0.002498274,-0.010182214,0.009851171
2025-11-22 22:17:00,0.008724988,0.011475664,-0.009262158
2025-11-22 22:17:10,-0.002023899,-0.000460093,0.007515052
2025-11-22 22:17:20,0.007387233,-0.004813976,0.020207598
2025-11-22 22:17:30,-0.006447644,0.007128905,-0.020407586
2025-11-22 22:17:40,-0.010139102,0.000627017,0.015486143
2025-11-22 22:17:50,-0.013443799,0.017808638,-0.013738883
2025-11-22 22:18:00,-0.006725589,-0.004500188,0.002214242
2025-11-22 22:18:10,-0.003058144,0.000523566,-0.016800537
2025-11-22 22:18:20,-0.003448741,0.017049205,-0.000293147
2025-11-22 22:18:30,0.010836323,0.003563924,-0.012742720
2025-11-22 22:18:40,0.003234408,-0.004926208,0.005407413
2025-11-22 22:18:50,-0.009781599,0.001247813,0.014032190
2025-11-22 22:19:00,0.007867988,0.008351649,-0.014095367
2025-11-22 22:19:10,0.006791155,-0.007367591,-0.013344736
2025-11-22 22:19:20,-0.000304208,0.015394391,-0.004074082
2025-11-22 22:19:30,0.017313677,0.000504932,0.004837183
2025-11-22 22:19:40,0.001392261,0.002129167,-0.006707341
2025-11-22 22:19:50,0.001134314,0.016501341,0.002515267
2025-11-22 22:20:00,0.020105842,-0.009996341,0.007589367
2025-11-22 22:20:10,-0.009307256,0.014123392,-0.008371897
2025-11-22 22:20:20,0.003713359,-0.013896505,0.003731248
2025-11-22 22:20:30,0.001867414,0.001642065,0.003108385
2025-11-22 22:20:40,-0.010794235,-0.007224337,0.002953401
2025-11-22 22:20:50,0.011727091,0.001697240,0.000248036
2025-11-22 22:21:00,-0.008134341,0.004414497,-0.009597266
2025-11-22 22:21:10,0.023807536,-0.003092449,-0.016081766
2025-11-22 22:21:20,0.012995361,-0.005515902,0.008338494
2025-11-22 22:21:30,-0.009833529,0.016298617,0.019093967
2025-11-22 22:21:40,0.006366359,0.006985852,0.005717322
2025-11-22 22:21:50,0.000799485,-0.006753688,0.001710524
2025-11-22 22:22:00,-0.000937830,-0.006804044,0.004170330
2025-11-22 22:22:10,-0.000315113,-0.008022046,0.001137879
2025-11-22 22:22:20,0.003457785,0.016424813,0.008829970
2025-11-22 22:22:30,-0.000567094,0.027062720,0.000464138
2025-11-22 22:22:40,-0.021378404,-0.000312984,0.000797484
2025-11-22 22:22:50,0.010976200,-0.007009826,0.001551689
2025-11-22 22:23:00,-0.003776135,-0.006752756,-0.018109945
2025-11-22 22:23:10,-0.001379449,0.002797805,0.017525761
2025-11-22 22:23:20,-0.021695262,-0.007776025,-0.014648651
2025-11-22 22:23:30,-0.008877585,-0.016657222,0.007983974
2025-11-22 22:23:40,-0.029095534,-0.010665867,-0.025034016
2025-11-22 22:23:50,0.009986450,0.000274450,-0.010067049
2025-11-22 22:24:00,0.014803100,-0.010982461,-0.001885085
2025-11-22 22:24:10,-0.016606740,-0.022101498,0.016548574
2025-11-22 22:24:20,0.013560772,0.008918801,0.010529590
2025-11-22 22:24:30,-0.008344508,0.002838408,0.002267758
2025-11-22 22:24:40,0.002124544,0.006990617,0.005596359
2025-11-22 22:24:50,-0.001706711,-0.020939253,-0.006090996
2025-11-22 22:25:00,0.023785139,-0.000975929,0.007176410
2025-11-22 22:25:10,-0.001176444,-0.011624247,-0.015258160
2025-11-22 22:25:20,0.002494577,-0.003413218,0.001709955
2025-11-22 22:25:30,-0.009355892,0.015851987,0.009852591
2025-11-22 22:25:40,-0.014621480,-0.004830549,0.009063847
2025-11-22 22:25:50,0.002372081,0.012193291,-0.003830968
2025-11-22 22:26:00,-0.019306578,0.027978383,0.005995927
2025-11-22 22:26:10,0.003153354,-0.014585544,0.005577209
2025-11-22 22:26:20,-0.001879793,0.002966208,-0.005209844
2025-11-22 22:26:30,-0.012923871,0.009413053,0.002692244
2025-11-22 22:26:40,-0.002090750,0.010463636,0.009410828
2025-11-22 22:26:50,0.005430194,-0.001374717,-0.001034847
2025-11-22 22:27:00,-0.006916078,0.015790452,-0.020871591
2025-11-22 22:27:10,0.002801996,0.003913985,0.010975983
2025-11-22 22:27:20,-0.004912883,0.023821233,0.010879464
2025-11-22 22:27:30,0.000922879,-0.017590201,0.009163336
2025-11-22 22:27:40,-0.006866822,-0.005931664,-0.011412308
2025-11-22 22:27:50,-0.000704393,-0.008927979,-0.010734142
2025-11-22 22:28:00,-0.002753338,-0.001291120,-0.001965235
2025-11-22 22:28:10,-0.018598364,0.015966436,-0.000797896
2025-11-22 22:28:20,-0.006784316,-0.000622309,-0.007867144
2025-11-22 22:28:30,-0.013328374,-0.003186667,0.007206360
2025-11-22 22:28:40,0.017133035,-0.007543198,-0.005498937
2025-11-22 22:28:50,0.010802286,0.012819685,0.001157928
2025-11-22 22:29:00,0.017028745,0.000969162,0.021203167
2025-11-22 22:29:10,0.003638655,-0.010125461,0.012278539
2025-11-22 22:29:20,-0.001910857,0.007324004,-0.012988569
2025-11-22 22:29:30,0.003368192,0.017762311,0.005038116
2025-11-22 22:29:40,-0.000734030,0.015746760,0.005738404
2025-11-22 22:29:50,0.007987779,0.003545762,0.004302278
2025-11-22 22:30:00,-0.002482118,-0.019681456,-0.011370695
2025-11-22 22:30:10,-0.007202702,-0.007217299,-0.000060202
2025-11-22 22:30:20,0.001930599,0.006211062,-0.005731282
2025-11-22 22:30:30,0.011118590,0.001252847,0.023381236
2025-11-22 22:30:40,0.001515259,0.003787823,0.010773407
2025-11-22 22:30:50,0.005744274,-0.009710637,0.001217586
2025-11-22 22:31:00,-0.004015519,-0.000667978,-0.013847760
2025-11-22 22:31:10,0.000782578,-0.006551644,-0.000533470
2025-11-22 22:31:20,-0.009652731,0.002956564,0.001327995
2025-11-22 22:31:30,-0.016185465,-0.002534206,-0.010836709
2025-11-22 22:31:40,0.004828597,-0.000602523,0.008126693
2025-11-22 22:31:50,0.015063055,-0.001226632,-0.004615380
2025-11-22 22:32:00,-0.005278099,-0.012093170,0.005983845
2025-11-22 22:32:10,0.001312178,-0.000062407,-0.003818513
2025-11-22 22:32:20,0.013724043,-0.006429452,-0.006994871
2025-11-22 22:32:30,-0.014098510,-0.014746734,-0.001502913
2025-11-22 22:32:40,0.002595341,-0.000456505,-0.005494129
2025-11-22 22:32:50,0.000058989,-0.005973757,-0.020769045
2025-11-22 22:33:00,0.014772146,0.005579694,-0.011509328
2025-11-22 22:33:10,-0.001462247,-0.006180618,-0.014268019
2025-11-22 22:33:20,-0.008851298,-0.001260253,-0.006951769
2025-11-22 22:33:30,0.010348274,-0.002851063,0.003050339
2025-11-22 22:33:40,0.002880315,-0.010122735,0.003556428
2025-11-22 22:33:50,0.007933637,0.010249122,0.017724990
2025-11-22 22:34:00,-0.002754662,0.001287143,-0.014217311
2025-11-22 22:34:10,-0.004408795,-0.003143393,0.006476652
2025-11-22 22:34:20,0.018941309,0.005546934,0.003960386
2025-11-22 22:34:30,0.005247011,0.013924978,-0.003781781
2025-11-22 22:34:40,-0.013777373,-0.007150297,0.006358073
2025-11-22 22:34:50,-0.013799381,-0.009774467,-0.004178391
2025-11-22 22:35:00,0.009644252,0.016470494,0.006983714
2025-11-22 22:35:10,0.010596020,-0.001916954,-0.013494322
2025-11-22 22:35:20,-0.012955345,-0.009045272,0.002144279
2025-11-22 22:35:30,-0.005814450,0.011864310,0.006788137
2025-11-22 22:35:40,0.001388253,0.014653465,-0.009397825
2025-11-22 22:35:50,0.017221265,0.000000480,0.007251338
2025-11-22 22:36:00,-0.006495542,0.002974208,-0.000660974
2025-11-22 22:36:10,-0.019732881,0.011784839,-0.002308927
2025-11-22 22:36:20,-0.008702980,-0.006446440,0.012533718
2025-11-22 22:36:30,0.014671130,0.001104777,-0.003617755
2025-11-22 22:36:40,0.007368560,0.016097517,-0.006268059
2025-11-22 22:36:50,0.001601387,-0.004645484,0.002178111
2025-11-22 22:37:00,0.003339779,-0.014954030,0.002157249
2025-11-22 22:37:10,-0.010645657,-0.000554573,-0.003695730
2025-11-22 22:37:20,-0.003058707,-0.007003335,0.010275624
2025-11-22 22:37:30,0.009639202,-0.003346605,-0.003231956
2025-11-22 22:37:40,-0.003306810,-0.000958170,0.000213304
2025-11-22 22:37:50,0.003420062,0.000946317,0.000534157
2025-11-22 22:38:00,-0.008699065,0.010034955,-0.005640860
2025-11-22 22:38:10,-0.011209782,0.000090374,-0.003876489
2025-11-22 22:38:20,-0.006653417,0.000761720,0.000064830
2025-11-22 22:38:30,-0.003409555,0.019486687,0.000430334
2025-11-22 22:38:40,-0.013648288,0.005200506,0.002413723
2025-11-22 22:38:50,-0.009536648,0.000796525,-0.004686291
2025-11-22 22:39:00,-0.001773932,0.009922583,0.003207832
2025-11-22 22:39:10,-0.007607918,-0.001609661,-0.007229989
2025-11-22 22:39:20,0.002293900,0.007608555,-0.015762000
2025-11-22 22:39:30,0.000316998,-0.001498380,-0.000659446
2025-11-22 22:39:40,0.003950374,-0.003112163,0.015353233
2025-11-22 22:39:50,-0.009671448,-0.006511501,0.002717050
2025-11-22 22:40:00,0.006578199,0.002351670,-0.008402963
2025-11-22 22:40:10,-0.013136833,0.015549603,-0.015594700
2025-11-22 22:40:20,0.008524712,-0.000497106,-0.004754099
2025-11-22 22:40:30,0.008827692,0.010764389,-0.014984703
2025-11-22 22:40:40,-0.023448207,-0.015678864,0.027756398
2025-11-22 22:40:50,0.004486064,-0.004864337,-0.007153162
2025-11-22 22:41:00,-0.011860195,0.011218083,0.006704527
2025-11-22 22:41:10,-0.004699816,0.010681344,0.005822230
2025-11-22 22:41:20,-0.011573348,-0.016051255,-0.009715270
2025-11-22 22:41:30,-0.011756720,0.002353748,-0.006108922
2025-11-22 22:41:40,0.001737538,-0.001468137,-0.004001067
2025-11-22 22:41:50,0.007398510,0.010224349,-0.013922483
2025-11-22 22:42:00,0.015895862,-0.011618290,0.000582718
2025-11-22 22:42:10,-0.002985200,0.011510281,0.002721150
2025-11-22 22:42:20,0.004787248,-0.009954850,-0.017378213
2025-11-22 22:42:30,0.000693407,0.005810819,-0.002191188
2025-11-22 22:42:40,-0.008030237,0.011236661,0.003381616
2025-11-22 22:42:50,-0.001274651,-0.015884954,0.010358475
2025-11-22 22:43:00,0.025016311,-0.013129054,-0.007037153
2025-11-22 22:43:10,-0.015859619,-0.014681081,0.010313147
2025-11-22 22:43:20,0.016261418,-0.005004065,-0.002241149
2025-11-22 22:43:30,0.007111302,0.002988430,-0.000067028
2025-11-22 22:43:40,-0.016711406,-0.008104164,-0.005151149
2025-11-22 22:43:50,-0.000717528,-0.007362613,-0.011967246
2025-11-22 22:44:00,0.000034627,0.008153988,0.022267371
2025-11-22 22:44:10,0.016754379,0.005865940,-0.014283445
2025-11-22 22:44:20,0.005128102,0.001523765,0.006661324
2025-11-22 22:44:30,0.007759961,-0.010970924,0.005476366
2025-11-22 22:44:40,-0.006350763,0.003305152,-0.005690443
2025-11-22 22:44:50,-0.008489892,0.017593943,-0.000282559
2025-11-22 22:45:00,0.012633088,-0.006896208,-0.015647782
2025-11-22 22:45:10,0.003820039,-0.011435623,-0.007807292
2025-11-22 22:45:20,0.017512884,0.004569874,0.014564682
2025-11-22 22:45:30,-0.017383354,0.009332157,0.017292180
2025-11-22 22:45:40,-0.004837434,0.018326855,0.002210598
2025-11-22 22:45:50,0.010729662,0.012620948,-0.011067017
2025-11-22 22:46:00,-0.016180990,-0.009818198,-0.004479166
2025-11-22 22:46:10,-0.004854409,-0.004668148,0.013110878
2025-11-22 22:46:20,-0.000730799,0.006947403,0.016099274
2025-11-22 22:46:30,-0.007418000,0.004039330,0.004639346
2025-11-22 22:46:40,0.011602179,-0.014508300,-0.002940870
2025-11-22 22:46:50,-0.007729720,-0.013561260,0.002892615
2025-11-22 22:47:00,-0.003020685,0.007937435,0.002436771
2025-11-22 22:47:10,0.000380976,0.005605037,0.008588700
2025-11-22 22:47:20,0.006888199,-0.004402630,-0.004737666
2025-11-22 22:47:30,0.006615291,0.002553562,-0.011833232
2025-11-22 22:47:40,-0.007485545,-0.015896337,-0.006507389
2025-11-22 22:47:50,-0.007483668,-0.004518196,0.016682388
2025-11-22 22:48:00,0.008060918,0.004533670,0.012309609
2025-11-22 22:48:10,-0.005767771,-0.005726757,0.009524603
2025-11-22 22:48:20,0.000274135,0.017247821,-0.012020210
2025-11-22 22:48:30,0.006088326,0.019503031,0.014089177
2025-11-22 22:48:40,-0.007546889,0.000883747,-0.003814510
2025-11-22 22:48:50,0.021740455,-0.005702571,-0.002227576
2025-11-22 22:49:00,0.000713278,-0.015005812,0.006037375
2025-11-22 22:49:10,-0.004800962,0.003918177,0.007259729
2025-11-22 22:49:20,0.004276254,0.016220319,-0.008744946
2025-11-22 22:49:30,-0.008145753,0.016875817,0.003026539
2025-11-22 22:49:40,-0.011643468,-0.006831939,-0.005680975
2025-11-22 22:49:50,0.017844832,0.004417710,-0.024808471
2025-11-22 22:50:00,-0.001637121,-0.004625875,-0.007590600
2025-11-22 22:50:10,-0.006442733,0.003288585,-0.015202830
2025-11-22 22:50:20,0.002043597,-0.003779496,-0.007767582
2025-11-22 22:50:30,0.009981506,0.013788531,0.016731637
2025-11-22 22:50:40,-0.023206214,-0.005113635,-0.005298775
2025-11-22 22:50:50,-0.011351974,0.006456947,-0.012232610
2025-11-22 22:51:00,-0.011996258,-0.002864772,0.003800871
2025-11-22 22:51:10,0.011518203,-0.006295416,-0.006845171
2025-11-22 22:51:20,0.001177978,-0.015501896,-0.006256097
2025-11-22 22:51:30,0.007142959,-0.010196331,0.015821392
2025-11-22 22:51:40,-0.013226766,0.007455553,0.012043419
2025-11-22 22:51:50,-0.002357533,-0.005003730,-0.007213411
2025-11-22 22:52:00,-0.005863545,0.014578773,-0.002106670
2025-11-22 22:52:10,0.013147809,0.006329538,0.003640535
2025-11-22 22:52:20,-0.010129403,0.014835144,-0.004292525
2025-11-22 22:52:30,-0.005433620,-0.010148143,0.014041518
2025-11-22 22:52:40,-0.003599219,0.010742767,-0.003260384
2025-11-22 22:52:50,-0.010647520,0.023333112,0.018039831
2025-11-22 22:53:00,-0.014328845,-0.005618749,-0.001940888
2025-11-22 22:53:10,-0.000768825,-0.008828815,-0.003524084
2025-11-22 22:53:20,0.003333210,0.005057302,-0.001059378
2025-11-22 22:53:30,0.002577690,0.017366358,-0.013175227
2025-11-22 22:53:40,-0.000748463,-0.010735348,0.007107069
2025-11-22 22:53:50,-0.006197807,0.004013105,-0.010322378
2025-11-22 22:54:00,-0.006389806,-0.000602489,-0.001845360
2025-11-22 22:54:10,-0.001113788,-0.001976882,0.006048837
2025-11-22 22:54:20,-0.011628138,-0.003852406,0.008520955
2025-11-22 22:54:30,0.007606013,-0.024888667,0.007301239
2025-11-22 22:54:40,-0.003668320,-0.004500682,0.002318322
2025-11-22 22:54:50,-0.002493370,-0.022178396,0.016510237
2025-11-22 22:55:00,-0.010031261,-0.000864140,-0.017545831
2025-11-22 22:55:10,0.010784026,0.001627072,0.000357276
2025-11-22 22:55:20,0.001441040,0.002799659,0.003798671
2025-11-22 22:55:30,0.007111355,-0.023105518,-0.006955002
2025-11-22 22:55:40,-0.001952285,-0.001326587,0.001654055
2025-11-22 22:55:50,-0.008652564,0.013339633,-0.001717784
2025-11-22 22:56:00,-0.003673144,-0.003313826,0.000203947
2025-11-22 22:56:10,-0.002506390,0.016610065,0.002555426
2025-11-22 22:56:20,0.011628025,-0.000069719,0.007327625
2025-11-22 22:56:30,0.010763187,-0.001834342,-0.007462174
2025-11-22 22:56:40,-0.001669412,0.001749563,-0.012280632
2025-11-22 22:56:50,0.015441637,0.002688897,-0.006053132
2025-11-22 22:57:00,-0.017301103,-0.015881377,-0.008475601
2025-11-22 22:57:10,0.011249924,0.001600784,0.000035665
2025-11-22 22:57:20,-0.004266193,0.010057025,0.011301879
2025-11-22 22:57:30,-0.002177230,-0.005494231,0.004582924
2025-11-22 22:57:40,0.000524321,0.009748564,-0.002742102
2025-11-22 22:57:50,-0.008412685,0.024003540,0.008512254
2025-11-22 22:58:00,0.005380098,0.011035684,-0.016627837
2025-11-22 22:58:10,0.000994866,0.008855290,0.000717614
2025-11-22 22:58:20,-0.002011965,0.001401790,-0.005698936
2025-11-22 22:58:30,0.003038817,0.007424483,-0.016075524
2025-11-22 22:58:40,-0.012136321,-0.008500825,-0.015588835
2025-11-22 22:58:50,-0.002183450,-0.011734815,-0.010223974
2025-11-22 22:59:00,-0.019091152,-0.010269133,-0.005876472
2025-11-22 22:59:10,-0.004031245,-0.009611874,0.001705507
2025-11-22 22:59:20,0.007839037,0.011181441,-0.004265430
2025-11-22 22:59:30,0.021092815,-0.003731302,-0.008774238
2025-11-22 22:59:40,-0.004404208,-0.010498763,0.009192119
2025-11-22 22:59:50,0.000512130,-0.002862900,-0.009868863
2025-11-22 23:00:00,-0.004832981,-0.008660285,0.005782831
2025-11-22 23:00:10,-0.011344145,-0.003906617,0.006648877
2025-11-22 23:00:20,-0.002919320,-0.020431843,0.009889719
2025-11-22 23:00:30,0.005508573,0.009298986,0.016855273
2025-11-22 23:00:40,0.012688872,-0.005416027,-0.004581161
2025-11-22 23:00:50,-0.008643229,-0.007675612,0.002714632
2025-11-22 23:01:00,0.004022700,0.004139170,-0.004432955
2025-11-22 23:01:10,-0.014120498,-0.003880137,0.000781947
2025-11-22 23:01:20,-0.002175341,-0.009502563,0.002734195
2025-11-22 23:01:30,-0.017374985,-0.011742832,-0.002767126
2025-11-22 23:01:40,-0.002122149,0.010080502,0.007994166
2025-11-22 23:01:50,0.008197176,0.003182263,0.017297489
2025-11-22 23:02:00,0.005173496,0.009178532,0.010064199
2025-11-22 23:02:10,-0.020995157,0.014170163,-0.006455174
2025-11-22 23:02:20,0.004742488,-0.014841815,0.000507206
2025-11-22 23:02:30,0.017737817,-0.024978981,0.020438277
2025-11-22 23:02:40,0.010833300,0.015186467,0.002051317
2025-11-22 23:02:50,-0.000124676,-0.009535633,0.002561388
2025-11-22 23:03:00,-0.009292053,0.002827192,0.010341022
2025-11-22 23:03:10,0.005331510,0.015494877,-0.003407280
2025-11-22 23:03:20,-0.000388026,-0.010780707,-0.004116886
2025-11-22 23:03:30,0.006728741,0.002057740,0.009528333
2025-11-22 23:03:40,-0.013601700,0.001987001,0.007248271
2025-11-22 23:03:50,-0.005218047,0.018890003,-0.011212281
2025-11-22 23:04:00,-0.001121277,0.011143353,0.001658809
2025-11-22 23:04:10,-0.005336924,-0.002379415,-0.012435806
2025-11-22 23:04:20,-0.001038580,0.003023257,-0.010239273
2025-11-22 23:04:30,-0.004102441,-0.006010490,0.006088448
2025-11-22 23:04:40,0.010948959,0.010432733,0.001825289
2025-11-22 23:04:50,0.003991000,-0.006779439,0.004808532
2025-11-22 23:05:00,0.004488786,-0.002770969,0.012095415
2025-11-22 23:05:10,0.002294777,0.002839844,-0.010818757
2025-11-22 23:05:20,0.017075030,0.006668289,-0.006860479
2025-11-22 23:05:30,0.004668299,-0.009027701,0.010281483
2025-11-22 23:05:40,0.016575786,0.008972723,-0.013588423
2025-11-22 23:05:50,-0.018066712,0.012844666,-0.017311252
2025-11-22 23:06:00,-0.006414569,-0.004412153,-0.012181606
2025-11-22 23:06:10,-0.009296095,-0.003472157,0.015099706
2025-11-22 23:06:20,-0.004666570,0.001704028,-0.000684091
2025-11-22 23:06:30,-0.013343635,0.012521369,-0.009335437
2025-11-22 23:06:40,-0.010735441,0.002082945,-0.005658207
2025-11-22 23:06:50,-0.019511313,-0.012475283,0.002171955
2025-11-22 23:07:00,0.020711971,0.014811728,-0.011116870
2025-11-22 23:07:10,-0.022384956,-0.000895111,-0.008950509
2025-11-22 23:07:20,-0.004531316,-0.013885402,0.001239065
2025-11-22 23:07:30,-0.024284963,-0.010684741,-0.006246920
2025-11-22 23:07:40,-0.000627477,0.001938400,0.009667117
2025-11-22 23:07:50,-0.001279298,-0.006430697,0.002320233
2025-11-22 23:08:00,0.002915486,-0.009136663,0.004193134
2025-11-22 23:08:10,-0.001431042,0.013908273,0.008786852
2025-11-22 23:08:20,-0.007612945,0.007108088,0.000791366
2025-11-22 23:08:30,-0.004174729,0.013930599,0.001265423
2025-11-22 23:08:40,-0.001240148,0.004558235,-0.017536418
2025-11-22 23:08:50,0.018633924,0.024438908,0.007884469
2025-11-22 23:09:00,0.003539952,0.009722936,-0.013434999
2025-11-22 23:09:10,-0.003609684,0.004406844,-0.006544629
2025-11-22 23:09:20,0.005452721,-0.006701389,0.002871694
2025-11-22 23:09:30,0.006632615,0.008194971,-0.007038140
2025-11-22 23:09:40,0.013446074,0.001303575,-0.000454513
2025-11-22 23:09:50,-0.001853275,0.019853387,-0.006283605
2025-11-22 23:10:00,-0.004770695,-0.024269622,-0.002129369
2025-11-22 23:10:10,-0.012635603,-0.007917357,0.002401935
2025-11-22 23:10:20,-0.003917610,0.011599858,-0.003591124
2025-11-22 23:10:30,0.012780153,0.007851747,-0.005677194
2025-11-22 23:10:40,0.000962965,-0.005507151,-0.000715570
2025-11-22 23:10:50,0.007281887,0.008431659,0.001362690
2025-11-22 23:11:00,-0.017181281,-0.007306160,0.010844599
2025-11-22 23:11:10,0.011433837,-0.000007157,0.005247794
2025-11-22 23:11:20,0.001587191,-0.001624645,0.002382145
2025-11-22 23:11:30,0.003107865,-0.026483577,0.001458490
2025-11-22 23:11:40,0.009729998,0.002800781,-0.001498645
2025-11-22 23:11:50,0.015456087,0.005173923,0.010419091
2025-11-22 23:12:00,-0.017768474,0.003428789,0.012461512
2025-11-22 23:12:10,-0.011618124,0.011968833,0.004566971
2025-11-22 23:12:20,-0.007283453,0.006474072,0.008884101
2025-11-22 23:12:30,-0.012487869,-0.001327978,-0.000548467
2025-11-22 23:12:40,-0.015835951,-0.006642345,0.007310914
2025-11-22 23:12:50,-0.010028615,0.006440365,-0.015381512
2025-11-22 23:13:00,-0.004422716,0.008275668,-0.014393216
2025-11-22 23:13:10,-0.007235808,0.007321450,-0.007044512
2025-11-22 23:13:20,0.004094253,0.001808135,-0.007830727
2025-11-22 23:13:30,0.014498771,0.016764927,0.002471558
2025-11-22 23:13:40,-0.013233397,-0.007692586,-0.012921878
2025-11-22 23:13:50,0.006587730,-0.009051784,0.013163142
2025-11-22 23:14:00,0.017821073,0.001602513,-0.015116569
2025-11-22 23:14:10,-0.009109911,-0.004328396,0.000034344
2025-11-22 23:14:20,0.018076496,-0.000953632,0.001992843
2025-11-22 23:14:30,-0.007447017,-0.018171186,-0.005822231
2025-11-22 23:14:40,0.000303774,-0.001906522,0.019298777
2025-11-22 23:14:50,-0.023147116,0.005614977,-0.013046057
2025-11-22 23:15:00,0.004848830,-0.012924802,0.011289481
2025-11-22 23:15:10,0.013629541,0.007043957,0.000756779
2025-11-22 23:15:20,0.001725768,0.006416555,0.007742386
2025-11-22 23:15:30,0.004787060,0.000662117,0.010663535
2025-11-22 23:15:40,-0.004548809,0.002920428,-0.007958897
2025-11-22 23:15:50,-0.001716989,0.000841179,0.010395254
2025-11-22 23:16:00,0.002246035,0.008240257,-0.008030347
2025-11-22 23:16:10,0.003704311,0.004979230,0.006498881
2025-11-22 23:16:20,-0.006021826,-0.010082587,-0.001583856
2025-11-22 23:16:30,0.009994952,0.014279153,0.004907505
2025-11-22 23:16:40,-0.005672857,0.001616795,-0.001508146
2025-11-22 23:16:50,-0.008933806,0.009699973,0.021248931
2025-11-22 23:17:00,-0.017517182,-0.003371354,-0.018425871
2025-11-22 23:17:10,-0.003936712,0.009314925,-0.004167775
2025-11-22 23:17:20,0.005947414,0.004700055,-0.009124416
2025-11-22 23:17:30,-0.002468806,0.006945036,0.003445399
2025-11-22 23:17:40,0.003343171,0.024813357,-0.002718155
2025-11-22 23:17:50,0.006244263,0.001830751,0.017942939
2025-11-22 23:18:00,-0.014616905,-0.010896557,-0.011522634
2025-11-22 23:18:10,-0.009913742,-0.020615160,-0.004371153
2025-11-22 23:18:20,-0.000929434,-0.009970376,0.019445952
2025-11-22 23:18:30,0.004374007,-0.002384073,-0.009380326
2025-11-22 23:18:40,0.000474004,0.009706877,0.003453795
2025-11-22 23:18:50,-0.002315393,-0.002296754,0.007832754
2025-11-22 23:19:00,-0.008430039,0.013543326,-0.002641687
2025-11-22 23:19:10,-0.003256840,-0.003052910,0.002685867
2025-11-22 23:19:20,0.013255903,-0.005532185,-0.005298648
2025-11-22 23:19:30,0.007723267,-0.006942566,0.003169015
2025-11-22 23:19:40,-0.020590992,0.004404187,-0.003161267
2025-11-22 23:19:50,-0.004251585,-0.012745626,0.005713544
2025-11-22 23:20:00,0.002941105,0.006084959,-0.002994593
2025-11-22 23:20:10,0.019783189,0.002554093,0.005547977
2025-11-22 23:20:20,-0.018374846,-0.014236205,0.004435784
2025-11-22 23:20:30,0.003301122,0.002032991,0.010000160
2025-11-22 23:20:40,0.007233220,-0.012375780,-0.010682895
2025-11-22 23:20:50,-0.014407949,0.009266194,0.002299900
2025-11-22 23:21:00,-0.021564965,0.014055741,-0.002705424
2025-11-22 23:21:10,-0.005168406,-0.006457453,0.006725156
2025-11-22 23:21:20,0.007828415,0.007491380,0.004686015
2025-11-22 23:21:30,-0.001992509,-0.009781532,-0.005356618
2025-11-22 23:21:40,0.010182625,0.013049506,0.004918746
2025-11-22 23:21:50,-0.001426290,0.001203023,0.015666296
2025-11-22 23:22:00,0.001140738,0.002438647,-0.014907903
2025-11-22 23:22:10,-0.002357372,-0.010708198,-0.004449662
2025-11-22 23:22:20,-0.008965480,0.001855769,0.000989918
2025-11-22 23:22:30,0.000084283,0.011032986,-0.002088428
2025-11-22 23:22:40,-0.001766959,-0.005950373,0.006269870
2025-11-22 23:22:50,0.014985674,-0.001877881,-0.001957798
2025-11-22 23:23:00,-0.007326614,0.009397755,-0.004373644
2025-11-22 23:23:10,-0.001696508,-0.000937913,0.001851988
2025-11-22 23:23:20,-0.008275496,0.000597528,0.004642309
2025-11-22 23:23:30,0.003896888,-0.013259680,0.004169159
2025-11-22 23:23:40,0.008457879,-0.008478826,-0.010814068
2025-11-22 23:23:50,-0.005829097,0.007860693,-0.004012618
2025-11-22 23:24:00,-0.000162310,0.009065855,0.015241572
2025-11-22 23:24:10,-0.009846412,-0.001189515,-0.006100882
2025-11-22 23:24:20,0.024274836,-0.018451266,-0.010441840
2025-11-22 23:24:30,-0.001373877,0.005489301,-0.002638538
2025-11-22 23:24:40,0.000438183,-0.001217681,-0.015835422
2025-11-22 23:24:50,0.007736493,-0.001835452,0.013275864
2025-11-22 23:25:00,-0.005755434,0.009789583,-0.002480382
2025-11-22 23:25:10,-0.005035128,-0.005938810,-0.001488228
2025-11-22 23:25:20,-0.003613930,-0.009638179,0.014184132
2025-11-22 23:25:30,-0.002641157,0.013039424,-0.005475904
2025-11-22 23:25:40,0.005430886,-0.007614871,0.022703477
2025-11-22 23:25:50,0.001115506,0.004054871,0.000326411
2025-11-22 23:26:00,0.010819255,0.011013325,-0.003349825
2025-11-22 23:26:10,-0.019444701,0.009658277,0.000882288
2025-11-22 23:26:20,-0.014342890,-0.021406048,0.005736846
2025-11-22 23:26:30,-0.000268053,0.004921853,0.009670845
2025-11-22 23:26:40,0.005755011,0.012916787,0.005570654
2025-11-22 23:26:50,0.015378172,0.004826464,0.022676491
2025-11-22 23:27:00,0.002404088,-0.012798114,0.003844275
2025-11-22 23:27:10,0.000971876,-0.009223985,0.011633896
2025-11-22 23:27:20,0.008427607,0.001972404,-0.006428421
2025-11-22 23:27:30,0.001298544,0.000102053,-0.001970274
2025-11-22 23:27:40,-0.005608579,-0.000935315,-0.011957831
2025-11-22 23:27:50,-0.014929329,-0.014390639,0.014188876
2025-11-22 23:28:00,0.010778739,0.015721804,-0.003175151
2025-11-22 23:28:10,-0.010849018,-0.000642641,0.009016094
2025-11-22 23:28:20,0.003755241,0.011335052,-0.020215878
2025-11-22 23:28:30,-0.006433229,0.013145017,0.005793615
2025-11-22 23:28:40,0.007948320,0.004879355,-0.003092701
2025-11-22 23:28:50,-0.011874649,0.016575966,0.015316818
2025-11-22 23:29:00,0.003232891,-0.005995094,0.020635853
2025-11-22 23:29:10,-0.007431539,0.006695938,0.004827051
2025-11-22 23:29:20,0.004669262,-0.017245436,-0.008181092
2025-11-22 23:29:30,-0.005400428,0.001881277,0.008142988
2025-11-22 23:29:40,-0.004113864,0.010504545,0.003983369
2025-11-22 23:29:50,0.004656022,0.002941909,-0.004395231
2025-11-22 23:30:00,-0.007161308,-0.020066006,0.016435525
2025-11-22 23:30:10,-0.002520032,-0.000357391,-0.023685968
2025-11-22 23:30:20,0.005040455,0.020092520,0.005091973
2025-11-22 23:30:30,0.008995988,0.009949319,-0.003376986
2025-11-22 23:30:40,-0.000653418,0.012900239,-0.009830295
2025-11-22 23:30:50,0.010853832,-0.012387477,0.011092487
2025-11-22 23:31:00,0.000103637,0.012226609,-0.017752301
2025-11-22 23:31:10,0.008836281,-0.004076771,-0.004465719
2025-11-22 23:31:20,-0.000919237,-0.006655590,-0.009961535
2025-11-22 23:31:30,0.000067159,-0.002129506,-0.000381974
2025-11-22 23:31:40,0.007714410,0.000561965,0.006145637
2025-11-22 23:31:50,-0.019705120,0.008846356,-0.019938827
2025-11-22 23:32:00,-0.009572439,0.000321294,-0.014155018
2025-11-22 23:32:10,0.006332861,0.012152196,0.008517395
2025-11-22 23:32:20,0.011896954,0.013903273,-0.012211246
2025-11-22 23:32:30,0.001230168,0.006873708,0.008891380
2025-11-22 23:32:40,0.005857534,-0.000816579,-0.019119035
2025-11-22 23:32:50,-0.011756897,0.006820408,0.008985479
2025-11-22 23:33:00,0.008725517,-0.015970390,0.013341902
2025-11-22 23:33:10,0.015127736,-0.008346158,-0.013485271
2025-11-22 23:33:20,-0.005764162,-0.007573945,0.005484148
2025-11-22 23:33:30,-0.003001966,0.004986669,0.008433653
2025-11-22 23:33:40,-0.003136873,-0.007643816,-0.001407296
2025-11-22 23:33:50,-0.018233702,-0.005747609,-0.023731065
2025-11-22 23:34:00,-0.014367262,0.002129746,-0.016348131
2025-11-22 23:34:10,-0.002575996,0.012457386,-0.000322042
2025-11-22 23:34:20,0.013777664,0.001193961,0.008309208
2025-11-22 23:34:30,-0.012321459,0.002087542,-0.011223641
2025-11-22 23:34:40,0.001619365,-0.000894655,0.001701134
2025-11-22 23:34:50,-0.017878707,-0.015446836,-0.010307392
2025-11-22 23:35:00,-0.012382778,0.022096388,0.005287726
2025-11-22 23:35:10,0.003614191,0.004730646,0.006499511
2025-11-22 23:35:20,0.004260847,0.011743611,0.012390500
2025-11-22 23:35:30,-0.004767900,0.019967640,-0.011324736
2025-11-22 23:35:40,-0.005024073,-0.011356705,0.000162103
2025-11-22 23:35:50,0.006174362,-0.004710212,0.003098138
2025-11-22 23:36:00,0.000447820,0.013041475,-0.004562256
2025-11-22 23:36:10,-0.001374154,-0.000088608,0.002746200
2025-11-22 23:36:20,0.001008654,-0.009705003,0.000150810
2025-11-22 23:36:30,0.001865340,-0.001185043,-0.001706385
2025-11-22 23:36:40,-0.004294556,0.002587691,0.005693568
2025-11-22 23:36:50,0.012229521,0.008045219,0.003468509
2025-11-22 23:37:00,-0.008534564,0.001069565,-0.002326956
2025-11-22 23:37:10,-0.006281755,-0.002270916,0.000977856
2025-11-22 23:37:20,-0.003905557,-0.006265477,0.007216944
2025-11-22 23:37:30,0.008102758,0.003242875,0.007187328
2025-11-22 23:37:40,0.002209113,0.028240478,0.015239857
2025-11-22 23:37:50,-0.008945672,0.006788070,0.001630180
2025-11-22 23:38:00,0.010083900,0.012287028,0.004247421
2025-11-22 23:38:10,-0.006132418,0.005146355,0.007213262
2025-11-22 23:38:20,0.023465490,-0.000507107,-0.009491277
2025-11-22 23:38:30,0.012769736,0.015213582,-0.002524371
2025-11-22 23:38:40,-0.001356686,-0.005201246,-0.007831980
2025-11-22 23:38:50,0.015674785,0.004641012,-0.019763140
2025-11-22 23:39:00,-0.001378276,-0.006393641,-0.015269469
2025-11-22 23:39:10,-0.005268256,0.005942663,-0.002372489
2025-11-22 23:39:20,0.006888905,-0.004288791,-0.007353435
2025-11-22 23:39:30,0.013058578,-0.001603002,0.005967586
2025-11-22 23:39:40,0.005042384,0.018863534,0.001537028
2025-11-22 23:39:50,-0.001957366,0.016651087,0.008549779
2025-11-22 23:40:00,-0.006890634,0.011702966,-0.011570973
2025-11-22 23:40:10,0.002515361,-0.010381447,-0.002216007
2025-11-22 23:40:20,-0.012084278,0.000839061,0.011130944
2025-11-22 23:40:30,-0.006860868,-0.001903514,-0.008246984
2025-11-22 23:40:40,-0.006446075,-0.003823545,-0.014476666
2025-11-22 23:40:50,-0.004074105,-0.034551013,0.000433661
2025-11-22 23:41:00,0.019388875,0.003305901,-0.005887839
2025-11-22 23:41:10,-0.002625569,-0.007339947,0.002230903
2025-11-22 23:41:20,0.032868954,-0.002752414,0.002819992
2025-11-22 23:41:30,0.004157597,0.003301589,0.004007148
2025-11-22 23:41:40,-0.004503329,0.000044388,0.007248555
2025-11-22 23:41:50,-0.004020706,0.006116790,-0.016672188
2025-11-22 23:42:00,-0.015629995,0.000446369,0.010412048
2025-11-22 23:42:10,0.009172184,0.007152618,-0.001214938
2025-11-22 23:42:20,0.006381870,0.008191986,-0.006854362
2025-11-22 23:42:30,0.005246046,0.012661436,0.011695004
2025-11-22 23:42:40,0.014436816,0.001624481,-0.002798659
2025-11-22 23:42:50,-0.001927681,-0.002672973,-0.004721056
2025-11-22 23:43:00,-0.012951754,-0.025161443,-0.004601394
2025-11-22 23:43:10,0.001560376,0.002050325,-0.006284014
2025-11-22 23:43:20,0.009156806,0.000765062,-0.007118696
2025-11-22 23:43:30,0.005245051,-0.021417416,-0.002904298
2025-11-22 23:43:40,-0.012371669,0.002567527,-0.006200357
2025-11-22 23:43:50,0.010989447,-0.007380241,0.000894902
2025-11-22 23:44:00,-0.005062028,0.005777618,-0.027371241
2025-11-22 23:44:10,0.002352727,-0.001633061,-0.020686962
2025-11-22 23:44:20,-0.001684964,-0.003577548,-0.005495713
2025-11-22 23:44:30,-0.000477388,0.015238757,-0.012649324
2025-11-22 23:44:40,-0.002312802,0.006798182,-0.012577304
2025-11-22 23:44:50,0.023765086,-0.003341777,0.019357350
2025-11-22 23:45:00,-0.010389495,0.003973011,0.005065366
2025-11-22 23:45:10,0.007628922,-0.006293329,0.002771982
2025-11-22 23:45:20,-0.009200319,-0.004760800,-0.010685892
2025-11-22 23:45:30,0.021352596,-0.021957023,0.005004943
2025-11-22 23:45:40,-0.007424595,0.012866874,-0.003170011
2025-11-22 23:45:50,0.000100214,-0.003362590,0.018077950
2025-11-22 23:46:00,0.003497425,0.008629632,-0.000253647
2025-11-22 23:46:10,0.011055666,0.014918743,0.000876319
2025-11-22 23:46:20,0.002463322,0.009944579,-0.009101092
2025-11-22 23:46:30,-0.007504219,0.005085516,-0.013640164
2025-11-22 23:46:40,-0.014546070,0.000579085,0.000881065
2025-11-22 23:46:50,0.002641612,0.008500132,-0.008437249
2025-11-22 23:47:00,0.005750134,-0.011831285,0.013675696
2025-11-22 23:47:10,0.018160973,-0.006076993,-0.000816356
2025-11-22 23:47:20,-0.013961295,0.011261633,-0.003916320
2025-11-22 23:47:30,0.003928896,-0.010388659,0.014284444
2025-11-22 23:47:40,-0.001582596,0.002947382,0.006059315
2025-11-22 23:47:50,0.011548773,-0.014711816,0.016189492
2025-11-22 23:48:00,-0.009634728,-0.012177552,-0.002321188
2025-11-22 23:48:10,0.007476759,0.014385369,0.012701381
2025-11-22 23:48:20,-0.022426402,-0.029525911,-0.015552451
2025-11-22 23:48:30,-0.010327966,-0.010119422,0.017469044
2025-11-22 23:48:40,-0.017107312,0.019213117,0.016716760
2025-11-22 23:48:50,0.013028757,-0.014289837,0.002367982
2025-11-22 23:49:00,-0.013898969,-0.006251492,-0.000225703
2025-11-22 23:49:10,0.011288472,0.005265986,-0.008254098
2025-11-22 23:49:20,0.013114779,-0.002511440,-0.005948201
2025-11-22 23:49:30,0.009080767,0.011632297,0.001187037
2025-11-22 23:49:40,-0.007284106,0.002956035,0.002304837
2025-11-22 23:49:50,0.014094573,0.008776259,-0.004040259
2025-11-22 23:50:00,-0.005279876,-0.009976407,0.008122811
2025-11-22 23:50:10,0.004709352,-0.000456355,0.007089934
2025-11-22 23:50:20,0.004951396,-0.010727140,-0.011239350
2025-11-22 23:50:30,0.002165620,-0.015549568,0.008306132
2025-11-22 23:50:40,0.011507928,0.016795718,-0.000747158
2025-11-22 23:50:50,-0.006432354,-0.018988219,0.005728777
2025-11-22 23:51:00,0.001812966,0.013502884,-0.007258460
2025-11-22 23:51:10,0.021279010,0.004677653,0.003400573
2025-11-22 23:51:20,-0.012720506,0.010402358,-0.006807642
2025-11-22 23:51:30,0.010237957,0.010010640,0.009491060
2025-11-22 23:51:40,-0.006203132,0.005891778,0.003543191
2025-11-22 23:51:50,0.008678639,-0.013537850,0.001540013
2025-11-22 23:52:00,-0.013789636,0.014175703,-0.013367106
2025-11-22 23:52:10,0.005422121,-0.006406196,0.002551984
2025-11-22 23:52:20,0.003861284,-0.006449859,0.007840237
2025-11-22 23:52:30,-0.000726937,0.002670828,-0.015497607
2025-11-22 23:52:40,-0.005314995,0.006972870,-0.007959890
2025-11-22 23:52:50,-0.005340195,-0.015754610,-0.008750300
2025-11-22 23:53:00,-0.000561931,0.004137319,0.003819921
2025-11-22 23:53:10,0.008359413,0.010691995,0.005619378
2025-11-22 23:53:20,-0.013267627,-0.007631603,-0.015329674
2025-11-22 23:53:30,0.000309399,0.006158020,-0.000634207
2025-11-22 23:53:40,-0.009923040,-0.006997794,-0.002444158
2025-11-22 23:53:50,0.020887052,0.005983362,-0.002492995
2025-11-22 23:54:00,-0.006294300,0.012803365,0.014742763
2025-11-22 23:54:10,0.013894788,0.012902177,0.013939004
2025-11-22 23:54:20,-0.006098560,-0.005452761,-0.010260106
2025-11-22 23:54:30,-0.006835768,0.004681180,0.001485243
2025-11-22 23:54:40,0.003397107,0.002985320,0.002428843
2025-11-22 23:54:50,-0.010927288,0.016592948,-0.012686386
2025-11-22 23:55:00,-0.007397180,-0.008149316,0.000807980
2025-11-22 23:55:10,0.012747292,-0.004650916,0.001706999
2025-11-22 23:55:20,-0.013146075,-0.012447577,0.015753022
2025-11-22 23:55:30,-0.006036052,0.003092904,-0.012477633
2025-11-22 23:55:40,0.007455278,-0.002850415,-0.006480161
2025-11-22 23:55:50,0.002201693,-0.004399226,-0.006605143
2025-11-22 23:56:00,-0.017482936,-0.013666936,-0.003197407
2025-11-22 23:56:10,-0.005040899,0.003713294,0.004848976
2025-11-22 23:56:20,0.001223345,-0.001580632,-0.003723923
2025-11-22 23:56:30,-0.010958675,0.000926710,0.001317566
2025-11-22 23:56:40,-0.002524050,0.000281751,0.000012153
2025-11-22 23:56:50,-0.008011757,0.016306078,-0.011855685
2025-11-22 23:57:00,-0.001543673,0.003270894,-0.016676902
2025-11-22 23:57:10,0.007306343,0.007127472,-0.006220367
2025-11-22 23:57:20,-0.002341472,-0.010696590,-0.013856818
2025-11-22 23:57:30,-0.013291660,0.001096542,0.000826421
2025-11-22 23:57:40,0.005288068,0.014246629,-0.013141622
2025-11-22 23:57:50,0.001051879,-0.009878552,0.005330927
2025-11-22 23:58:00,0.007692424,0.013435799,-0.007055405
2025-11-22 23:58:10,-0.007732710,-0.012765082,0.008964798
2025-11-22 23:58:20,-0.008225430,0.003465019,0.003251045
2025-11-22 23:58:30,-0.001742649,-0.006401272,-0.000343808
2025-11-22 23:58:40,0.028580293,-0.002729775,0.000524888
2025-11-22 23:58:50,0.014816460,0.001378492,-0.001422960
2025-11-22 23:59:00,-0.003173814,-0.001051274,-0.015384807
2025-11-22 23:59:10,-0.005646265,0.029900919,-0.004136737
2025-11-22 23:59:20,0.002480471,0.013210705,0.022313814
2025-11-22 23:59:30,-0.025817760,0.000228337,0.009435573
2025-11-22 23:59:40,0.006430114,0.011038789,-0.002443422
2025-11-22 23:59:50,0.005971272,-0.003557788,0.011754188
2025-11-23 00:00:00,0.015941791,0.016179381,-0.001139406
2025-11-23 00:00:10,-0.008736066,0.018533333,-0.014902445
2025-11-23 00:00:20,0.030449506,0.000678643,0.001459446
2025-11-23 00:00:30,-0.004635144,0.008384607,0.001644959
2025-11-23 00:00:40,0.002450054,-0.009385493,-0.000111493
2025-11-23 00:00:50,0.005886332,-0.005829786,-0.023721409
2025-11-23 00:01:00,0.001473331,-0.001046526,0.006620189
2025-11-23 00:01:10,-0.010257200,-0.018029883,-0.001208397
2025-11-23 00:01:20,0.009557123,0.001115461,-0.009738797
2025-11-23 00:01:30,0.003937193,0.005304609,0.005401377
2025-11-23 00:01:40,0.005721493,-0.011351616,-0.012180300
2025-11-23 00:01:50,-0.004138110,-0.010485166,0.002953735
2025-11-23 00:02:00,-0.004513886,0.000072383,0.000316261
2025-11-23 00:02:10,0.004611844,0.002202648,0.000808741
2025-11-23 00:02:20,0.007047130,-0.004818864,0.013039609
2025-11-23 00:02:30,0.009803284,0.017244941,0.004699958
2025-11-23 00:02:40,0.015959050,0.014290338,0.001533390
2025-11-23 00:02:50,0.014834840,-0.017505200,0.001001170
2025-11-23 00:03:00,-0.011461716,-0.002513760,-0.027377632
2025-11-23 00:03:10,0.015370152,0.001410247,0.003162666
2025-11-23 00:03:20,-0.010111933,0.001496108,-0.011066915
2025-11-23 00:03:30,0.006907805,-0.004267048,0.011207920
2025-11-23 00:03:40,0.009805227,0.024283466,0.000850601
2025-11-23 00:03:50,-0.003956792,0.006082068,-0.005567906
2025-11-23 00:04:00,0.011029801,0.000566146,0.000144014
2025-11-23 00:04:10,-0.002265438,0.002214908,0.008453801
2025-11-23 00:04:20,-0.012741757,-0.003812795,-0.005905139
2025-11-23 00:04:30,0.012658119,0.010491933,-0.012522478
2025-11-23 00:04:40,-0.002213975,0.005990661,-0.003753401
2025-11-23 00:04:50,0.010653378,0.023488381,0.009947217
2025-11-23 00:05:00,-0.006933639,0.014738321,-0.004348887
2025-11-23 00:05:10,-0.002781816,-0.002413869,0.015362147
2025-11-23 00:05:20,-0.009680748,0.017285668,-0.006459353
2025-11-23 00:05:30,-0.012497637,-0.008115083,0.010600429
2025-11-23 00:05:40,-0.013463166,-0.007172653,0.009845181
2025-11-23 00:05:50,-0.011578555,0.010553028,0.003704932
2025-11-23 00:06:00,0.002573125,0.007145454,-0.013360620
2025-11-23 00:06:10,-0.006458388,-0.014223204,-0.002225671
2025-11-23 00:06:20,0.007158983,-0.011091878,-0.001132034
2025-11-23 00:06:30,0.004475142,-0.008823893,0.003838941
2025-11-23 00:06:40,0.009626138,0.014890852,-0.017832164
2025-11-23 00:06:50,-0.009456997,-0.022186990,0.001007972
2025-11-23 00:07:00,0.005132140,-0.005581704,-0.002211043
2025-11-23 00:07:10,-0.016367615,-0.006940299,0.001034503
2025-11-23 00:07:20,0.002685047,0.020096391,-0.002064297
2025-11-23 00:07:30,-0.014311380,-0.013296420,-0.021264238
2025-11-23 00:07:40,0.002656377,0.010536265,-0.014104285
2025-11-23 00:07:50,-0.006151222,0.003324027,-0.025132644
2025-11-23 00:08:00,0.002697853,0.005231281,-0.009445500
2025-11-23 00:08:10,0.007068170,-0.015624631,-0.005320724
2025-11-23 00:08:20,-0.001905720,-0.016540867,-0.013446063
2025-11-23 00:08:30,-0.000673164,-0.001681238,0.001903982
2025-11-23 00:08:40,-0.003094439,0.009391211,0.032353734
2025-11-23 00:08:50,-0.001952968,-0.005437009,0.010099015
2025-11-23 00:09:00,-0.012039318,-0.001182781,0.004043471
2025-11-23 00:09:10,-0.008019799,-0.016780082,-0.004901454
2025-11-23 00:09:20,-0.000658511,0.002641556,0.004863763
2025-11-23 00:09:30,-0.002205008,0.000522977,0.008604920
2025-11-23 00:09:40,0.023310762,0.005357109,0.015924525
2025-11-23 00:09:50,-0.000138072,-0.001245024,-0.008020098
2025-11-23 00:10:00,0.002261107,0.006169056,0.009048292
2025-11-23 00:10:10,0.001778776,0.012543408,0.014495963
2025-11-23 00:10:20,-0.010924550,0.007842788,0.003611510
2025-11-23 00:10:30,0.008992372,0.003862982,-0.007616659
2025-11-23 00:10:40,0.003660254,0.023405911,-0.009089590
2025-11-23 00:10:50,0.005527974,0.005102702,-0.002849337
2025-11-23 00:11:00,-0.002053993,-0.003352824,-0.007886879
2025-11-23 00:11:10,-0.013635925,-0.008130020,-0.002477442
2025-11-23 00:11:20,-0.004681674,0.003166015,-0.005265312
2025-11-23 00:11:30,-0.001708390,0.005615641,-0.003987627
2025-11-23 00:11:40,0.005455824,0.010200937,-0.014464310
2025-11-23 00:11:50,-0.002561831,-0.003470108,0.010898630
2025-11-23 00:12:00,-0.017076515,0.005924129,-0.007848657
2025-11-23 00:12:10,0.009949537,-0.000899314,-0.005297775
2025-11-23 00:12:20,-0.003797126,0.010041451,-0.001002578
2025-11-23 00:12:30,-0.002149959,-0.008663941,-0.013158947
2025-11-23 00:12:40,0.017224303,0.001681965,0.001500659
2025-11-23 00:12:50,-0.000249784,0.002328273,0.007058622
2025-11-23 00:13:00,-0.006525201,0.008168562,-0.004775559
2025-11-23 00:13:10,0.002888289,0.000186260,0.008772161
2025-11-23 00:13:20,-0.011133536,-0.013033583,0.004354564
2025-11-23 00:13:30,-0.005938787,-0.003593285,0.015851539
2025-11-23 00:13:40,-0.011540983,0.000899703,-0.009640496
2025-11-23 00:13:50,-0.003874937,0.003736521,0.009548216
2025-11-23 00:14:00,0.000661928,-0.006004556,0.012405183
2025-11-23 00:14:10,-0.008956192,0.012606588,-0.010721438
2025-11-23 00:14:20,0.011912874,-0.011649299,0.008736721
2025-11-23 00:14:30,0.006405480,0.008822703,-0.016300591
2025-11-23 00:14:40,0.004044231,0.001700126,0.008322104
2025-11-23 00:14:50,0.007224108,-0.007163759,0.017984465
2025-11-23 00:15:00,-0.011202503,-0.004762868,0.009207848
2025-11-23 00:15:10,-0.008427429,-0.008024907,-0.003372762
2025-11-23 00:15:20,-0.003128570,0.009875213,0.000570089
2025-11-23 00:15:30,-0.006725174,0.000531649,-0.019424648
2025-11-23 00:15:40,-0.000607370,0.009396015,-0.012020453
2025-11-23 00:15:50,-0.000497168,-0.002966767,-0.011018884
2025-11-23 00:16:00,-0.004997241,0.005769121,0.015238696
2025-11-23 00:16:10,0.008980928,0.008234744,-0.000278057
2025-11-23 00:16:20,-0.004407232,-0.007246685,-0.015157670
2025-11-23 00:16:30,-0.021293004,-0.008400503,-0.020504268
2025-11-23 00:16:40,-0.006828398,0.006130154,-0.011893112
2025-11-23 00:16:50,0.006798709,-0.019037105,0.007215200
2025-11-23 00:17:00,0.007882839,0.007376894,0.006150161
2025-11-23 00:17:10,-0.001555261,0.024158048,0.000933357
2025-11-23 00:17:20,-0.011324703,0.017551841,0.008018277
2025-11-23 00:17:30,-0.010360305,0.000010289,0.006972190
2025-11-23 00:17:40,-0.005531537,0.009293188,-0.002457053
2025-11-23 00:17:50,-0.007891630,0.009001150,0.004208397
2025-11-23 00:18:00,-0.002881402,-0.001044590,-0.008032432
2025-11-23 00:18:10,0.006070109,0.006467457,-0.000968804
2025-11-23 00:18:20,0.008044955,0.012638073,-0.007640953
2025-11-23 00:18:30,-0.000377197,0.004644337,-0.020523617
2025-11-23 00:18:40,0.002236425,0.006602960,0.014727972
2025-11-23 00:18:50,0.003705521,0.023322960,0.011513180
2025-11-23 00:19:00,0.012940765,-0.002547050,-0.021406413
2025-11-23 00:19:10,-0.001051364,0.005335630,0.005809767
2025-11-23 00:19:20,-0.013600904,-0.006579721,0.002580434
2025-11-23 00:19:30,0.015475839,0.003005800,0.005327715
2025-11-23 00:19:40,-0.002366950,0.001936370,0.014721808
2025-11-23 00:19:50,0.000095681,-0.011783653,-0.013555044
2025-11-23 00:20:00,0.000894345,0.014328067,-0.014694001
2025-11-23 00:20:10,0.006543679,0.001534995,0.012759319
2025-11-23 00:20:20,0.001287689,0.003337354,-0.005810420
2025-11-23 00:20:30,-0.014456128,0.001278943,0.017352885
2025-11-23 00:20:40,-0.004633920,-0.004174967,0.002685085
2025-11-23 00:20:50,-0.001116784,0.002146411,0.009333288
2025-11-23 00:21:00,-0.015343189,-0.005375747,0.013331730
2025-11-23 00:21:10,0.004896479,0.005102126,-0.000252220
2025-11-23 00:21:20,0.000461893,-0.011224300,0.009857185
2025-11-23 00:21:30,-0.002267816,0.003294572,-0.007814147
2025-11-23 00:21:40,0.008601029,-0.002671703,0.004420338
2025-11-23 00:21:50,-0.005955736,0.015759270,0.011747683
2025-11-23 00:22:00,0.000003838,-0.001256537,-0.009891029
2025-11-23 00:22:10,0.012014064,-0.015256945,-0.006612452
2025-11-23 00:22:20,0.002825154,-0.000707500,-0.000227191
2025-11-23 00:22:30,-0.012910725,0.031652104,-0.013565077
2025-11-23 00:22:40,0.014914524,0.010163134,-0.000825985
2025-11-23 00:22:50,-0.018374428,-0.005846503,0.021306724
2025-11-23 00:23:00,0.009628549,0.008984795,-0.008034899
2025-11-23 00:23:10,-0.010165650,-0.000790518,-0.003996653
2025-11-23 00:23:20,0.011933681,0.000473547,0.008467165
2025-11-23 00:23:30,-0.005545377,-0.010497901,-0.001075779
2025-11-23 00:23:40,0.007852647,-0.009710536,-0.000162452
2025-11-23 00:23:50,0.014990069,0.004416355,-0.000110859
2025-11-23 00:24:00,-0.007391739,-0.000365125,0.022600502
2025-11-23 00:24:10,-0.000022411,-0.009424170,0.001298896
2025-11-23 00:24:20,0.002611337,-0.001324645,0.004434650
2025-11-23 00:24:30,-0.008267346,0.000125377,0.004951847
2025-11-23 00:24:40,-0.001910120,-0.019411148,-0.003039302
2025-11-23 00:24:50,0.018321654,0.000085381,0.006123073
2025-11-23 00:25:00,-0.000899361,0.012955814,0.013304740
2025-11-23 00:25:10,-0.016527242,0.010947147,-0.008364003
2025-11-23 00:25:20,-0.000157751,0.006378194,-0.001621301
2025-11-23 00:25:30,-0.001790713,0.019335811,0.006689231
2025-11-23 00:25:40,-0.000198558,-0.011762577,0.016077813
2025-11-23 00:25:50,-0.003357298,0.006466988,0.006864304
2025-11-23 00:26:00,0.013922522,-0.002759393,-0.011955586
2025-11-23 00:26:10,0.012493118,0.007702059,-0.001568027
2025-11-23 00:26:20,0.011064563,0.001356490,-0.002443912
2025-11-23 00:26:30,-0.010851230,0.000199903,0.006119475
2025-11-23 00:26:40,-0.006570720,0.015755319,-0.002140471
2025-11-23 00:26:50,0.021153957,-0.010097354,-0.006366506
2025-11-23 00:27:00,0.010436255,-0.000449697,0.001516456
2025-11-23 00:27:10,0.000208484,-0.001912200,-0.011494429
2025-11-23 00:27:20,0.004796187,-0.016356012,-0.004507096
2025-11-23 00:27:30,-0.002090973,-0.016107031,-0.010498425
2025-11-23 00:27:40,-0.012157901,-0.008812871,0.006015017
2025-11-23 00:27:50,0.008545559,-0.004555285,0.015882869
2025-11-23 00:28:00,0.000363908,-0.017409925,0.001322642
2025-11-23 00:28:10,-0.003926939,0.008003649,0.019826648
2025-11-23 00:28:20,-0.013928134,0.004062471,-0.004413777
2025-11-23 00:28:30,-0.000649820,0.020427792,0.015274490
2025-11-23 00:28:40,-0.006800278,0.005521905,0.000781354
2025-11-23 00:28:50,0.012615795,-0.014788726,0.008069929
2025-11-23 00:29:00,0.005977298,-0.003702092,-0.000152751
2025-11-23 00:29:10,0.002929567,0.000646884,0.006154862
2025-11-23 00:29:20,-0.014412694,-0.007481887,0.009852475
2025-11-23 00:29:30,0.014465997,-0.003952783,-0.015914404
2025-11-23 00:29:40,-0.005751533,0.020221466,-0.007824154
2025-11-23 00:29:50,0.003490198,0.006766677,-0.005679913
2025-11-23 00:30:00,0.008346151,-0.006534694,-0.007389401
2025-11-23 00:30:10,0.000690106,-0.004301915,-0.000481770
2025-11-23 00:30:20,-0.005839301,-0.019632434,0.001792433
2025-11-23 00:30:30,-0.010393005,0.006491403,-0.011119891
2025-11-23 00:30:40,-0.005315844,-0.015310778,0.000484216
2025-11-23 00:30:50,-0.003290124,-0.006092538,-0.003376110
2025-11-23 00:31:00,0.006753809,0.007105193,-0.007088342
2025-11-23 00:31:10,-0.005870293,0.001813081,-0.005748428
2025-11-23 00:31:20,-0.004105313,-0.009785885,0.001566245
2025-11-23 00:31:30,0.003027613,-0.001018543,0.004356432
2025-11-23 00:31:40,0.005573885,-0.001606400,-0.003686162
2025-11-23 00:31:50,0.022230701,-0.002477070,-0.002841732
2025-11-23 00:32:00,-0.015744253,-0.009271784,-0.006665013
2025-11-23 00:32:10,0.004209621,0.023190585,0.003541497
2025-11-23 00:32:20,-0.003289486,-0.014511764,-0.027466713
2025-11-23 00:32:30,0.007690430,0.000137885,-0.002510780
2025-11-23 00:32:40,0.012469046,0.002079311,-0.012924502
2025-11-23 00:32:50,0.011930557,0.009984928,0.001414801
2025-11-23 00:33:00,-0.006810466,-0.008698810,0.006929292
2025-11-23 00:33:10,0.007413355,-0.006013837,-0.020567294
2025-11-23 00:33:20,0.007220063,0.011928549,0.015388312
2025-11-23 00:33:30,-0.012474374,0.005873990,-0.005918284
2025-11-23 00:33:40,0.009592857,-0.006922793,0.003158356
2025-11-23 00:33:50,0.010244161,0.009342631,0.019714551
2025-11-23 00:34:00,0.021789211,0.014137312,-0.024584139
2025-11-23 00:34:10,-0.003603099,0.000281508,0.003931365
2025-11-23 00:34:20,0.002171723,-0.013922772,-0.005473774
2025-11-23 00:34:30,0.003820253,-0.003336995,-0.001948239
2025-11-23 00:34:40,0.014791669,-0.002605430,-0.003702738
2025-11-23 00:34:50,-0.003793936,0.001167063,-0.008254545
2025-11-23 00:35:00,-0.014638247,0.007152196,0.002781664
2025-11-23 00:35:10,0.008965614,-0.001400475,0.008846538
2025-11-23 00:35:20,-0.019142365,-0.011989810,0.004902783
2025-11-23 00:35:30,0.004371245,0.006420990,-0.002416886
2025-11-23 00:35:40,-0.007003113,-0.006687772,0.001888508
2025-11-23 00:35:50,-0.001393728,-0.001015122,-0.008745206
2025-11-23 00:36:00,0.009100941,0.019385896,-0.008194720
2025-11-23 00:36:10,0.010736460,-0.009064143,0.012910037
2025-11-23 00:36:20,0.003212571,0.005474506,0.009555769
2025-11-23 00:36:30,0.005397130,0.010400143,-0.008900435
2025-11-23 00:36:40,-0.012845493,-0.011584700,0.016858273
2025-11-23 00:36:50,0.012457264,-0.001076827,-0.000681467
2025-11-23 00:37:00,-0.002265374,-0.004340055,0.002076888
2025-11-23 00:37:10,-0.004068881,0.005263463,0.003367800
2025-11-23 00:37:20,-0.000603078,-0.000973757,-0.008736377
2025-11-23 00:37:30,0.003647100,-0.000026541,0.000950770
2025-11-23 00:37:40,-0.001057658,0.002779984,-0.005279686
2025-11-23 00:37:50,-0.007679971,0.001164236,0.004615157
2025-11-23 00:38:00,-0.006100216,-0.002121965,0.008546984
2025-11-23 00:38:10,0.002539297,-0.009497866,-0.011075754
2025-11-23 00:38:20,-0.009160429,0.001428349,0.005422484
2025-11-23 00:38:30,-0.015587102,-0.004359474,0.013805566
2025-11-23 00:38:40,-0.015366465,0.001029671,0.008742231
2025-11-23 00:38:50,0.001669129,0.014294899,-0.017571156
2025-11-23 00:39:00,0.013143258,0.001266472,0.009519918
2025-11-23 00:39:10,-0.010153703,0.017934859,-0.000221097
2025-11-23 00:39:20,0.000208029,-0.006567127,-0.003961298
2025-11-23 00:39:30,0.013384076,0.015688573,-0.017829909
2025-11-23 00:39:40,-0.005314010,-0.005034650,-0.010567266
2025-11-23 00:39:50,0.006699602,0.001606785,0.006029459
2025-11-23 00:40:00,-0.006711004,0.001772410,0.001386960
2025-11-23 00:40:10,0.005344605,0.007675537,-0.013139165
2025-11-23 00:40:20,-0.004262648,0.002457503,0.003340717
2025-11-23 00:40:30,-0.010160291,-0.024882351,0.016484652
2025-11-23 00:40:40,-0.008744627,0.012640858,-0.011403001
2025-11-23 00:40:50,-0.004755472,0.005717810,0.011231091
2025-11-23 00:41:00,0.023293593,-0.006550507,-0.008444927
2025-11-23 00:41:10,-0.000201941,-0.016743909,0.001126110
2025-11-23 00:41:20,0.016510971,-0.012901899,0.018061260
2025-11-23 00:41:30,0.018989361,0.021349220,0.013805209
2025-11-23 00:41:40,-0.015321596,0.002975373,-0.002106367
2025-11-23 00:41:50,0.006638025,-0.004407333,-0.007321229
2025-11-23 00:42:00,-0.003677126,-0.001404385,-0.012218232
2025-11-23 00:42:10,-0.005767364,-0.015214813,-0.006341710
2025-11-23 00:42:20,0.000968981,-0.006842041,0.005382823
2025-11-23 00:42:30,0.010005382,-0.008641575,0.013284609
2025-11-23 00:42:40,-0.005441878,-0.020861328,0.011208924
2025-11-23 00:42:50,0.003567139,0.005638406,-0.000518531
2025-11-23 00:43:00,-0.011631544,0.000577146,-0.000888593
2025-11-23 00:43:10,0.007988475,-0.016537273,-0.001395981
2025-11-23 00:43:20,-0.015253734,0.008680517,0.002994723
2025-11-23 00:43:30,0.005926466,0.001706557,-0.005535662
2025-11-23 00:43:40,-0.016862699,-0.008409036,-0.004379549
2025-11-23 00:43:50,-0.006428189,-0.000775587,0.012845402
2025-11-23 00:44:00,0.012015571,-0.009561158,0.009188291
2025-11-23 00:44:10,-0.012463758,-0.004073703,-0.009197534
2025-11-23 00:44:20,-0.011588944,0.003305845,0.009513601
2025-11-23 00:44:30,0.001175221,-0.006606402,0.006785328
2025-11-23 00:44:40,-0.000327549,0.007266324,-0.008252621
2025-11-23 00:44:50,0.003077344,0.005196515,0.019540399
2025-11-23 00:45:00,0.004921744,-0.011657599,-0.004970769
2025-11-23 00:45:10,0.018648441,-0.003649486,0.001519286
2025-11-23 00:45:20,0.003574437,-0.012483100,-0.005818506
2025-11-23 00:45:30,-0.001835110,-0.015500252,0.003518215
2025-11-23 00:45:40,0.002427615,-0.009500767,-0.010120577
2025-11-23 00:45:50,-0.011674107,0.007674170,-0.008033276
2025-11-23 00:46:00,-0.005133481,0.006452201,-0.008717541
2025-11-23 00:46:10,-0.007295964,0.006859911,-0.004293643
2025-11-23 00:46:20,0.003068197,-0.005990605,-0.006248846
2025-11-23 00:46:30,0.012985790,0.009588292,-0.008044628
2025-11-23 00:46:40,0.008732352,-0.000397629,0.007314660
2025-11-23 00:46:50,0.003576908,0.010558948,0.000739850
2025-11-23 00:47:00,0.002581752,-0.011289522,0.010647836
2025-11-23 00:47:10,0.022217914,0.007330645,-0.007543723
2025-11-23 00:47:20,0.001871782,0.001633842,0.000860279
2025-11-23 00:47:30,-0.010559239,0.006736839,0.006130456
2025-11-23 00:47:40,0.011102128,0.017584318,0.021252308
2025-11-23 00:47:50,0.012284782,-0.006597238,0.006503375
2025-11-23 00:48:00,0.000252741,0.012921869,0.007450916
2025-11-23 00:48:10,-0.002424693,-0.012199148,-0.014085720
2025-11-23 00:48:20,-0.000857175,-0.001522687,-0.007178554
2025-11-23 00:48:30,0.008414777,-0.002857403,0.005016807
2025-11-23 00:48:40,-0.001517966,0.017708145,-0.006205820
2025-11-23 00:48:50,0.000262035,0.019369216,-0.002943156
2025-11-23 00:49:00,0.000444677,-0.002430574,0.006374552
2025-11-23 00:49:10,-0.010074561,-0.012135474,0.006217479
2025-11-23 00:49:20,-0.012839954,-0.014651524,-0.004335453
2025-11-23 00:49:30,0.000573787,-0.003918623,0.007653040
2025-11-23 00:49:40,0.010295884,-0.005462350,-0.006254746
2025-11-23 00:49:50,0.008160107,-0.004156885,-0.000719399
2025-11-23 00:50:00,0.002433896,0.003850700,-0.011369794
2025-11-23 00:50:10,-0.006162548,-0.008325688,-0.010811946
2025-11-23 00:50:20,-0.003236293,0.019111375,0.000206295
2025-11-23 00:50:30,0.011626202,-0.001333691,0.002126929
2025-11-23 00:50:40,0.015236546,0.022018802,0.013798316
2025-11-23 00:50:50,0.004773868,-0.013521225,0.007199788
2025-11-23 00:51:00,-0.016286680,-0.003954286,-0.002831167
2025-11-23 00:51:10,0.010673659,0.003924404,0.007768652
2025-11-23 00:51:20,0.009208538,0.010946965,-0.002680338
2025-11-23 00:51:30,0.002776635,-0.017321888,0.001057953
2025-11-23 00:51:40,0.008243221,0.000191511,0.001485327
2025-11-23 00:51:50,0.008204077,-0.006809183,0.008133127
2025-11-23 00:52:00,0.002682410,-0.012120105,0.007286754
2025-11-23 00:52:10,0.007029993,0.020560484,0.021882820
2025-11-23 00:52:20,-0.016041896,-0.016998869,0.001601933
2025-11-23 00:52:30,0.010848935,-0.005550857,0.013778005
2025-11-23 00:52:40,-0.019601337,-0.012203034,-0.003087292
2025-11-23 00:52:50,0.004134023,0.010197926,-0.011348178
2025-11-23 00:53:00,-0.008996442,0.010533690,-0.004966865
2025-11-23 00:53:10,-0.001751932,-0.021797072,-0.008539009
2025-11-23 00:53:20,-0.011060657,0.015669227,-0.006088598
2025-11-23 00:53:30,0.009201075,0.003214073,0.006194897
2025-11-23 00:53:40,0.000932629,0.004761430,-0.000474363
2025-11-23 00:53:50,-0.008815426,-0.000215624,-0.010047065
2025-11-23 00:54:00,-0.001526178,0.004460962,-0.012987461
2025-11-23 00:54:10,0.001366400,-0.003934826,-0.018144057
2025-11-23 00:54:20,-0.010670183,-0.003788448,-0.008229831
2025-11-23 00:54:30,0.000421987,0.002131826,0.017855556
2025-11-23 00:54:40,-0.004689121,-0.009346694,0.013921479
2025-11-23 00:54:50,0.007880690,0.009196745,-0.011096330
2025-11-23 00:55:00,-0.016701612,-0.007468679,-0.006479657
2025-11-23 00:55:10,0.021749113,-0.004837320,0.004753471
2025-11-23 00:55:20,-0.008815693,-0.007017252,0.001289892
2025-11-23 00:55:30,0.012980684,0.008608474,0.000157778
2025-11-23 00:55:40,-0.006993913,-0.006089559,0.002316148
2025-11-23 00:55:50,0.007961405,0.011049941,0.014834855
2025-11-23 00:56:00,-0.002457304,-0.001048358,-0.012371461
2025-11-23 00:56:10,-0.001119391,0.012029959,0.000799261
2025-11-23 00:56:20,0.005376770,-0.006614821,0.000676926
2025-11-23 00:56:30,-0.000714191,0.005395016,-0.006525614
2025-11-23 00:56:40,0.001894683,-0.008424984,-0.006559202
2025-11-23 00:56:50,0.003442119,-0.002002707,0.003282480
2025-11-23 00:57:00,-0.012056955,0.005888996,0.000598205
2025-11-23 00:57:10,0.015184278,0.008240432,0.017523957
2025-11-23 00:57:20,0.012673147,-0.005533202,0.020730256
2025-11-23 00:57:30,0.002947604,0.006605702,-0.007127029
2025-11-23 00:57:40,-0.008391639,0.001089398,-0.007883361
2025-11-23 00:57:50,-0.005157890,0.000160859,-0.008182291
2025-11-23 00:58:00,0.005847136,-0.005772756,0.014455346
2025-11-23 00:58:10,0.000628241,0.019213823,0.002300491
2025-11-23 00:58:20,-0.004597147,0.005307674,0.012601129
2025-11-23 00:58:30,-0.002339237,-0.005676919,0.000183674
2025-11-23 00:58:40,0.002352953,0.018037833,-0.000482351
2025-11-23 00:58:50,0.000744809,-0.006385252,0.023214368
2025-11-23 00:59:00,0.006386785,-0.016136016,-0.016994305
2025-11-23 00:59:10,0.013107777,0.004400757,0.004916036
2025-11-23 00:59:20,-0.000811026,-0.011369801,0.007756047
2025-11-23 00:59:30,0.020611849,-0.001832617,0.014731242
2025-11-23 00:59:40,-0.011283976,0.000243689,0.024119482
2025-11-23 00:59:50,-0.007575909,-0.000850247,-0.003374786
2025-11-23 01:00:00,0.007870031,0.007226467,-0.007946957
2025-11-23 01:00:10,-0.011728647,0.004424556,-0.007764164
2025-11-23 01:00:20,-0.002905242,-0.006081098,0.002985220
2025-11-23 01:00:30,0.011598124,0.004722650,0.010431072
2025-11-23 01:00:40,0.006346101,-0.003291848,0.010337385
2025-11-23 01:00:50,0.014017182,-0.006637960,0.000044038
2025-11-23 01:01:00,-0.017284642,-0.010192223,0.005590005
2025-11-23 01:01:10,-0.002663623,-0.005408591,-0.001352990
2025-11-23 01:01:20,-0.007328791,-0.000089261,-0.004547695
2025-11-23 01:01:30,-0.003409064,0.009107902,0.010867530
2025-11-23 01:01:40,-0.009539407,-0.004351488,-0.002569788
2025-11-23 01:01:50,-0.000809055,0.007826512,-0.005807520
2025-11-23 01:02:00,-0.010323085,-0.009538413,0.001161202
2025-11-23 01:02:10,0.001023730,0.009291302,0.001816654
2025-11-23 01:02:20,0.003261459,0.004817867,-0.007072017
2025-11-23 01:02:30,-0.016290945,-0.009240556,0.011541314
2025-11-23 01:02:40,-0.006724197,0.015522632,0.006823724
2025-11-23 01:02:50,0.017252711,0.011227596,-0.005442938
2025-11-23 01:03:00,0.008123563,-0.004465737,-0.003011184
2025-11-23 01:03:10,-0.007697318,-0.006356004,0.030171116
2025-11-23 01:03:20,0.016343116,0.013036095,-0.001464644
2025-11-23 01:03:30,-0.016322467,-0.013929855,0.003002690
2025-11-23 01:03:40,0.012751348,0.004580302,-0.005910251
2025-11-23 01:03:50,0.002841928,-0.011532953,-0.004898456
2025-11-23 01:04:00,-0.009655824,0.007215052,-0.006850789
2025-11-23 01:04:10,0.008217411,0.008165245,0.012495377
2025-11-23 01:04:20,-0.014363429,-0.020203585,0.010459119
2025-11-23 01:04:30,0.006856501,-0.002440265,0.001637696
2025-11-23 01:04:40,0.002515384,0.011357748,0.014797794
2025-11-23 01:04:50,-0.012923907,-0.003875654,-0.030936800
2025-11-23 01:05:00,-0.006329350,0.017573195,-0.003304907
2025-11-23 01:05:10,-0.011260075,0.010145516,0.015161315
2025-11-23 01:05:20,-0.001899127,-0.003576858,-0.015375576
2025-11-23 01:05:30,-0.001761573,0.014806226,0.028737378
2025-11-23 01:05:40,-0.002865276,0.006937927,-0.018454551
2025-11-23 01:05:50,0.003609660,0.003403211,0.006999564
2025-11-23 01:06:00,0.011123918,-0.016955371,0.023049386
2025-11-23 01:06:10,-0.009752042,0.000294610,0.013351070
2025-11-23 01:06:20,0.017910177,0.031883992,0.005529322
2025-11-23 01:06:30,0.009504944,-0.012306157,0.007783040
2025-11-23 01:06:40,0.011893073,0.011037986,0.001353240
2025-11-23 01:06:50,0.000542015,0.010866786,0.015358839
2025-11-23 01:07:00,-0.006945627,0.019888072,0.003107394
2025-11-23 01:07:10,-0.011059693,0.005575244,-0.002476279
2025-11-23 01:07:20,0.010126799,-0.001110373,-0.001017582
2025-11-23 01:07:30,0.006741141,-0.003843967,0.002925501
2025-11-23 01:07:40,0.004725867,-0.004708559,0.006737510
2025-11-23 01:07:50,-0.007929021,-0.010541274,-0.003166675
2025-11-23 01:08:00,-0.007905214,-0.015556550,0.000600889
2025-11-23 01:08:10,-0.006289317,-0.017775875,-0.016866323
2025-11-23 01:08:20,0.005255168,0.001821773,0.009822779
2025-11-23 01:08:30,0.017877025,0.005255803,-0.007971789
2025-11-23 01:08:40,-0.001703224,0.004371256,-0.004285450
2025-11-23 01:08:50,0.001092644,0.008781711,-0.004495583
2025-11-23 01:09:00,0.004042800,-0.009639927,-0.008393189
2025-11-23 01:09:10,-0.000353211,-0.006186553,-0.009457867
2025-11-23 01:09:20,0.015957755,0.001769481,0.007637338
2025-11-23 01:09:30,-0.001284577,-0.010102312,-0.000285584
2025-11-23 01:09:40,0.004083381,0.002569393,-0.004580271
2025-11-23 01:09:50,-0.006943474,-0.001634073,0.009800300
2025-11-23 01:10:00,-0.005473105,-0.001687380,0.017240293
2025-11-23 01:10:10,-0.011256022,-0.002821328,-0.006833086
2025-11-23 01:10:20,0.014024253,-0.001030174,0.013773305
2025-11-23 01:10:30,-0.000919398,-0.002188334,0.005882214
2025-11-23 01:10:40,0.003148034,-0.012884120,0.002895823
2025-11-23 01:10:50,-0.010008884,0.003248857,0.000905492
2025-11-23 01:11:00,-0.002122061,-0.001266973,0.003420486
2025-11-23 01:11:10,-0.004857163,0.001172867,-0.007533857
2025-11-23 01:11:20,0.005322641,-0.003160663,-0.003116035
2025-11-23 01:11:30,-0.010492287,0.000534162,0.004332027
2025-11-23 01:11:40,-0.004826788,-0.005053328,0.032615683
2025-11-23 01:11:50,0.002002854,0.002033908,-0.014033929
2025-11-23 01:12:00,0.001233803,0.003145434,-0.002244820
2025-11-23 01:12:10,-0.003121759,0.013799240,0.009484555
2025-11-23 01:12:20,0.003374552,0.005819122,-0.001954756
2025-11-23 01:12:30,0.007906312,0.009339831,0.007346913
2025-11-23 01:12:40,0.003317058,-0.003042162,-0.003167234
2025-11-23 01:12:50,0.013875392,0.006636537,0.007619143
2025-11-23 01:13:00,0.006169532,-0.000849063,-0.008894834
2025-11-23 01:13:10,-0.010726462,-0.000603705,0.003241538
2025-11-23 01:13:20,0.009059767,0.013825566,-0.011592745
2025-11-23 01:13:30,0.013051792,0.013506780,-0.011391997
2025-11-23 01:13:40,0.002163384,0.008803558,0.004230292
2025-11-23 01:13:50,-0.008381728,0.009936036,0.012493234
2025-11-23 01:14:00,-0.019304044,-0.017730417,0.018869898
2025-11-23 01:14:10,-0.012702273,0.002332415,-0.000135884
2025-11-23 01:14:20,0.007470902,0.000681098,0.004348224
2025-11-23 01:14:30,-0.007836167,0.009061748,-0.005463813
2025-11-23 01:14:40,-0.003783290,0.001256285,-0.002547316
2025-11-23 01:14:50,-0.004896997,0.004305643,-0.010048617
2025-11-23 01:15:00,-0.003222821,0.004018754,-0.003827004
2025-11-23 01:15:10,-0.008496017,0.003397170,-0.002247449
2025-11-23 01:15:20,0.005742447,0.007195475,0.001865055
2025-11-23 01:15:30,0.009564165,0.004346285,-0.006637064
2025-11-23 01:15:40,-0.002133238,0.009695854,-0.006285584
2025-11-23 01:15:50,-0.004932328,0.002508240,0.002074591
2025-11-23 01:16:00,-0.011712743,0.007274337,-0.013037593
2025-11-23 01:16:10,-0.036807799,-0.008352108,-0.005678220
2025-11-23 01:16:20,0.001102759,-0.003490861,-0.005646767
2025-11-23 01:16:30,0.002060945,-0.020018008,-0.016271106
2025-11-23 01:16:40,0.000917526,0.006583456,0.008756092
2025-11-23 01:16:50,0.001342464,-0.010485464,-0.008487558
2025-11-23 01:17:00,0.000234404,0.009252986,-0.010108584
2025-11-23 01:17:10,0.014629479,-0.003434289,0.003027873
2025-11-23 01:17:20,0.000625294,-0.007522124,0.005034891
2025-11-23 01:17:30,0.013839570,0.010157100,-0.002902674
2025-11-23 01:17:40,-0.000494042,0.002635842,0.007486909
2025-11-23 01:17:50,-0.022092051,-0.012758806,0.020408496
2025-11-23 01:18:00,-0.004702123,0.006545434,0.017480501
2025-11-23 01:18:10,-0.000262197,0.016566251,0.004453540
2025-11-23 01:18:20,-0.000606809,0.004052833,0.015423171
2025-11-23 01:18:30,0.006243065,-0.005011560,-0.003831614
2025-11-23 01:18:40,0.012891923,0.000664960,0.001492548
2025-11-23 01:18:50,-0.014512827,0.008618942,-0.001083228
2025-11-23 01:19:00,0.006344108,-0.004647695,-0.008153549
2025-11-23 01:19:10,0.014793848,-0.010025009,0.002618364
2025-11-23 01:19:20,-0.003377648,-0.007509943,-0.000932237
2025-11-23 01:19:30,-0.001995411,-0.014641740,-0.006303601
2025-11-23 01:19:40,-0.013713534,-0.005891167,-0.008498470
2025-11-23 01:19:50,0.012708126,-0.010481774,0.006427070
2025-11-23 01:20:00,-0.015718149,-0.007888542,0.013961942
2025-11-23 01:20:10,-0.008358817,-0.011005055,0.005986861
2025-11-23 01:20:20,0.000334810,-0.008096104,-0.026255232
2025-11-23 01:20:30,0.008304394,0.004200936,0.003143010
2025-11-23 01:20:40,-0.009873935,-0.002170473,0.013393712
2025-11-23 01:20:50,0.015107415,-0.005770823,0.010471983
2025-11-23 01:21:00,0.007123426,-0.010251555,-0.011209386
2025-11-23 01:21:10,-0.011017719,-0.001633168,0.003616980
2025-11-23 01:21:20,0.002711711,0.010790183,-0.003724237
2025-11-23 01:21:30,0.022130320,0.009077636,-0.011981664
2025-11-23 01:21:40,0.006281675,0.004966018,0.013453626
2025-11-23 01:21:50,0.004245891,-0.005705800,0.004598493
2025-11-23 01:22:00,-0.000202368,-0.012976530,0.015837951
2025-11-23 01:22:10,-0.001873573,0.003541525,0.010774533
2025-11-23 01:22:20,0.015375006,-0.015182459,-0.009771045
2025-11-23 01:22:30,0.001821381,-0.014510135,0.007049459
2025-11-23 01:22:40,-0.006436597,-0.002920461,0.007437058
2025-11-23 01:22:50,-0.000287671,-0.003054253,-0.026792467
2025-11-23 01:23:00,-0.005349859,0.011425113,-0.001902132
2025-11-23 01:23:10,0.013045412,0.000124336,-0.001699853
2025-11-23 01:23:20,-0.004198147,0.001690317,-0.017700497
2025-11-23 01:23:30,-0.000948029,-0.005006308,-0.012532144
2025-11-23 01:23:40,0.015283968,0.033269184,0.000193779
2025-11-23 01:23:50,0.000035707,0.002265494,0.013789245
2025-11-23 01:24:00,-0.026975326,0.006775671,-0.002199944
2025-11-23 01:24:10,-0.013211583,0.014665304,0.007967639
2025-11-23 01:24:20,-0.011769904,0.005390986,-0.003025567
2025-11-23 01:24:30,-0.000889060,-0.018314729,0.004083188
2025-11-23 01:24:40,0.011515501,-0.009562034,0.002850300
2025-11-23 01:24:50,-0.005110015,0.008113528,0.006432623
2025-11-23 01:25:00,-0.004653113,0.000212989,-0.014389842
2025-11-23 01:25:10,0.004140118,0.009054220,-0.002345487
2025-11-23 01:25:20,0.006515857,-0.021606338,0.004892704
2025-11-23 01:25:30,0.002610839,0.002247244,0.004058671
2025-11-23 01:25:40,-0.006108624,0.005592368,-0.001331917
2025-11-23 01:25:50,-0.015907155,0.000132046,-0.007758330
2025-11-23 01:26:00,0.002672321,0.008104004,-0.001026046
2025-11-23 01:26:10,0.002743515,0.006872565,0.014923733
2025-11-23 01:26:20,-0.001625844,-0.008435554,0.003055158
2025-11-23 01:26:30,-0.000664210,0.010904873,-0.008239689
2025-11-23 01:26:40,-0.005037514,0.004432958,-0.005834609
2025-11-23 01:26:50,0.001285430,0.007839021,-0.008787919
2025-11-23 01:27:00,0.000004118,0.019094661,0.008118793
2025-11-23 01:27:10,0.001524163,-0.005803830,0.004858088
2025-11-23 01:27:20,0.001334644,0.002470974,-0.004735460
2025-11-23 01:27:30,-0.008375664,-0.011763036,0.005161116
2025-11-23 01:27:40,-0.003694869,0.000259210,-0.000882896
2025-11-23 01:27:50,-0.005970844,-0.003114316,-0.005837347
2025-11-23 01:28:00,0.014781442,-0.010210112,0.003458578
2025-11-23 01:28:10,-0.000442957,0.001860662,-0.001240638
2025-11-23 01:28:20,-0.017097010,0.016797439,0.010819670
2025-11-23 01:28:30,0.001721270,0.019288171,0.013889353
2025-11-23 01:28:40,-0.016525242,0.003683687,0.006594055
2025-11-23 01:28:50,-0.001497424,0.011838915,-0.008172211
2025-11-23 01:29:00,0.006635968,-0.010598221,0.002346466
2025-11-23 01:29:10,0.017252307,-0.005679557,0.005048576
2025-11-23 01:29:20,0.015945756,0.007783223,0.012392402
2025-11-23 01:29:30,-0.001509398,-0.004481420,0.000264857
2025-11-23 01:29:40,0.006144700,0.005065753,-0.007226288
2025-11-23 01:29:50,0.008807976,-0.003487176,-0.008981862
2025-11-23 01:30:00,-0.002683447,0.002886672,-0.000713394
2025-11-23 01:30:10,0.006592866,-0.002314062,0.003545072
2025-11-23 01:30:20,0.006854483,0.001616313,-0.000182208
2025-11-23 01:30:30,-0.006408656,0.008129583,-0.009026765
2025-11-23 01:30:40,-0.014764993,0.001752590,-0.005437935
2025-11-23 01:30:50,-0.005736257,-0.005079781,0.004075280
2025-11-23 01:31:00,0.004357369,0.007327362,0.001492065
2025-11-23 01:31:10,0.008736317,-0.012313667,0.004302356
2025-11-23 01:31:20,-0.001285976,0.008815146,-0.015760874
2025-11-23 01:31:30,-0.004311282,0.007438771,0.005857142
2025-11-23 01:31:40,0.015512847,-0.001867713,-0.006618930
2025-11-23 01:31:50,0.001295946,0.010225672,-0.021112939
2025-11-23 01:32:00,-0.002060588,0.006150191,-0.004038879
2025-11-23 01:32:10,-0.007365554,0.011133342,0.002096613
2025-11-23 01:32:20,-0.009338099,-0.019425240,0.016220848
2025-11-23 01:32:30,-0.004566523,0.017231639,0.007794394
2025-11-23 01:32:40,0.013832382,-0.001335878,-0.002715658
2025-11-23 01:32:50,0.017076196,0.012372125,-0.005086269
2025-11-23 01:33:00,-0.002693560,0.006928512,-0.010080322
2025-11-23 01:33:10,0.010672110,0.000580265,0.015032417
2025-11-23 01:33:20,-0.006277733,0.006909474,-0.000763449
2025-11-23 01:33:30,0.003671811,0.006630367,0.003000941
2025-11-23 01:33:40,-0.007476299,-0.004940700,0.000371106
2025-11-23 01:33:50,-0.014114270,0.003432227,0.015468289
2025-11-23 01:34:00,0.020707538,-0.012755472,-0.004545208
2025-11-23 01:34:10,-0.005369692,-0.002820215,-0.001389563
2025-11-23 01:34:20,0.000469877,-0.010735417,-0.013052963
2025-11-23 01:34:30,0.004294984,-0.001616115,0.010234716
2025-11-23 01:34:40,0.002189783,0.018364608,0.004077644
2025-11-23 01:34:50,-0.007076540,0.003658821,0.024452022
2025-11-23 01:35:00,0.009021749,-0.013261659,-0.010497388
2025-11-23 01:35:10,0.008598736,-0.003546989,-0.012298787
2025-11-23 01:35:20,-0.008201449,0.004013010,0.010918143
2025-11-23 01:35:30,-0.004316554,0.001460589,0.014075177
2025-11-23 01:35:40,0.001637125,-0.001389245,-0.001283524
2025-11-23 01:35:50,-0.004887067,-0.008960023,0.004695295
2025-11-23 01:36:00,0.010611620,0.017917204,0.005449462
2025-11-23 01:36:10,-0.008711315,0.001130660,0.004069519
2025-11-23 01:36:20,0.003772900,-0.000281640,-0.005160357
2025-11-23 01:36:30,0.013024445,0.010248131,0.012596411
2025-11-23 01:36:40,-0.011069267,-0.001047270,-0.004853128
2025-11-23 01:36:50,0.020821313,-0.005154527,0.014563551
2025-11-23 01:37:00,0.011986550,0.011741099,0.003498372
2025-11-23 01:37:10,0.008780406,-0.005610590,-0.006057503
2025-11-23 01:37:20,-0.008811857,-0.000374568,0.001801297
2025-11-23 01:37:30,0.019972526,0.007178349,-0.005549025
2025-11-23 01:37:40,-0.008967446,0.015051526,0.029155105
2025-11-23 01:37:50,0.003601618,-0.011087396,-0.000466085
2025-11-23 01:38:00,-0.007276705,-0.011204810,-0.009311629
2025-11-23 01:38:10,0.002794863,0.010248447,-0.004875499
2025-11-23 01:38:20,-0.008318843,-0.016577609,-0.006724872
2025-11-23 01:38:30,-0.013086044,0.009861786,0.010506664
2025-11-23 01:38:40,-0.005287927,-0.005412266,0.006288440
2025-11-23 01:38:50,-0.009853338,-0.012329378,-0.009864026
2025-11-23 01:39:00,-0.004772332,0.010955121,-0.002046362
2025-11-23 01:39:10,0.006483301,-0.018033663,-0.014251523
2025-11-23 01:39:20,-0.021889331,0.003302500,0.001787611
2025-11-23 01:39:30,0.009400254,-0.003850775,-0.002769275
2025-11-23 01:39:40,-0.017237510,0.006654414,0.018192544
2025-11-23 01:39:50,-0.006379063,0.004989059,0.012154056
2025-11-23 01:40:00,-0.009638289,-0.005547479,0.005184888
2025-11-23 01:40:10,0.001739593,-0.003542981,0.002981595
2025-11-23 01:40:20,-0.008503296,0.007419569,0.008611911
2025-11-23 01:40:30,0.022740541,0.001802451,0.001319386
2025-11-23 01:40:40,0.000894446,-0.013912153,0.007210920
2025-11-23 01:40:50,0.001659339,-0.013167473,0.021344937
2025-11-23 01:41:00,-0.011436780,0.002630659,-0.010538772
2025-11-23 01:41:10,-0.008789683,0.005364432,-0.004180408
2025-11-23 01:41:20,0.023919714,0.001583060,-0.010367850
2025-11-23 01:41:30,0.001722851,0.016002125,0.004663487
2025-11-23 01:41:40,0.024028396,-0.017692622,0.017861401
2025-11-23 01:41:50,0.012355165,-0.020212056,-0.010445791
2025-11-23 01:42:00,0.014894171,-0.003307639,0.002098736
2025-11-23 01:42:10,-0.009708428,0.002816062,-0.003828422
2025-11-23 01:42:20,-0.017774408,0.003088200,0.007408999
2025-11-23 01:42:30,0.003566891,0.001296508,0.016348355
2025-11-23 01:42:40,0.004114533,-0.002172197,-0.006440001
2025-11-23 01:42:50,0.004603818,-0.006370460,-0.001736802
2025-11-23 01:43:00,0.012213412,-0.017962808,0.001485744
2025-11-23 01:43:10,0.005369509,0.007089569,-0.007674146
2025-11-23 01:43:20,0.001452717,-0.002919296,0.011936209
2025-11-23 01:43:30,0.008324124,0.001924507,0.009201064
2025-11-23 01:43:40,-0.002936138,0.017669075,-0.011538902
2025-11-23 01:43:50,0.004579839,-0.009036184,-0.007607757
2025-11-23 01:44:00,-0.014069050,0.006387877,0.010048567
2025-11-23 01:44:10,0.010760384,0.004348094,-0.022799606
2025-11-23 01:44:20,-0.011138579,-0.008811494,0.004392264
2025-11-23 01:44:30,-0.009224953,0.009668487,-0.001411801
2025-11-23 01:44:40,-0.005324814,-0.003010655,0.001333016
2025-11-23 01:44:50,0.011399633,0.002775129,-0.010517340
2025-11-23 01:45:00,0.012314208,0.028149781,-0.000897287
2025-11-23 01:45:10,0.004337978,-0.001646962,0.010675130
2025-11-23 01:45:20,-0.000185734,0.000178645,0.001278611
2025-11-23 01:45:30,0.011495078,-0.003088319,0.004963521
2025-11-23 01:45:40,-0.014336823,-0.005402903,-0.000610483
2025-11-23 01:45:50,0.002048826,-0.002419317,0.001554949
2025-11-23 01:46:00,-0.004527122,-0.002464985,0.014092435
2025-11-23 01:46:10,0.017305148,-0.026551789,0.009486391
2025-11-23 01:46:20,-0.008890286,0.009275483,0.006201116
2025-11-23 01:46:30,0.006179511,-0.009732215,0.021175630
2025-11-23 01:46:40,0.011935516,0.013387782,-0.001288034
2025-11-23 01:46:50,-0.000014879,-0.005241075,-0.009233871
2025-11-23 01:47:00,0.000478175,0.004217261,-0.003367156
2025-11-23 01:47:10,-0.001484097,0.010271957,-0.014197444
2025-11-23 01:47:20,-0.012900721,-0.006793340,-0.005010580
2025-11-23 01:47:30,0.015406168,0.000341490,0.002570318
2025-11-23 01:47:40,-0.008588148,-0.003969176,-0.004226336
2025-11-23 01:47:50,0.001473119,-0.002128722,-0.000122278
2025-11-23 01:48:00,-0.008909023,-0.008044798,0.012523402
2025-11-23 01:48:10,-0.016737282,-0.000705414,0.020367626
2025-11-23 01:48:20,0.009565089,0.006292149,-0.006718606
2025-11-23 01:48:30,0.002328752,-0.017680802,-0.005695640
2025-11-23 01:48:40,0.012013514,-0.007792738,-0.002491437
2025-11-23 01:48:50,0.017163855,-0.008420058,-0.004185957
2025-11-23 01:49:00,0.002024066,0.003052765,0.018006235
2025-11-23 01:49:10,-0.014527927,0.013889640,-0.004571063
2025-11-23 01:49:20,-0.005066897,-0.010573151,0.002777223
2025-11-23 01:49:30,0.004712721,0.004961687,0.017901811
2025-11-23 01:49:40,0.003158541,0.017528506,0.004716703
2025-11-23 01:49:50,-0.010418362,0.004083672,-0.008172344
2025-11-23 01:50:00,-0.003898809,-0.015595441,0.000176209
2025-11-23 01:50:10,-0.001870969,0.001156166,-0.006036715
2025-11-23 01:50:20,-0.003124541,0.017654073,0.002585654
2025-11-23 01:50:30,0.002409477,0.015081352,-0.027605960
2025-11-23 01:50:40,0.020490608,-0.003548332,-0.004631033
2025-11-23 01:50:50,-0.001174155,-0.001811447,-0.004813372
2025-11-23 01:51:00,-0.008536622,0.008716697,-0.013459346
2025-11-23 01:51:10,-0.013156076,0.007575019,0.003363274
2025-11-23 01:51:20,0.002347745,0.006537885,-0.004682648
2025-11-23 01:51:30,-0.005027610,-0.006203797,-0.001078267
2025-11-23 01:51:40,0.005449365,0.002912752,0.000499781
2025-11-23 01:51:50,-0.008822186,-0.010871108,-0.008868663
2025-11-23 01:52:00,-0.006365056,-0.002521330,-0.008620770
2025-11-23 01:52:10,0.004651069,0.008492965,0.012830643
2025-11-23 01:52:20,0.003365404,-0.008482792,0.009349330
2025-11-23 01:52:30,0.019497130,-0.005487954,-0.001747045
2025-11-23 01:52:40,0.003748972,-0.003073893,0.013382898
2025-11-23 01:52:50,-0.009598737,-0.014768824,0.000050042
2025-11-23 01:53:00,-0.000699254,-0.001458805,-0.006966944
2025-11-23 01:53:10,-0.013215860,-0.016842392,0.005569723
2025-11-23 01:53:20,0.005513813,-0.004717610,0.021518472
2025-11-23 01:53:30,0.002403069,0.000256645,0.000814143
2025-11-23 01:53:40,-0.002861167,0.004356527,0.001707674
2025-11-23 01:53:50,0.011860161,0.007485588,0.011423957
2025-11-23 01:54:00,-0.004060463,-0.001897526,-0.009080421
2025-11-23 01:54:10,0.019958457,-0.013402384,0.005433922
2025-11-23 01:54:20,-0.003063537,-0.003652677,0.004112280
2025-11-23 01:54:30,0.016902101,-0.009048237,-0.008530317
2025-11-23 01:54:40,-0.005260083,-0.006849562,0.010655302
2025-11-23 01:54:50,0.022600878,0.015237587,0.007877057
2025-11-23 01:55:00,0.019549281,0.000362167,0.003152647
2025-11-23 01:55:10,0.009716024,0.007913922,-0.003446249
2025-11-23 01:55:20,-0.027819654,0.006572901,-0.000919530
2025-11-23 01:55:30,-0.009596289,0.013957071,0.019005066
2025-11-23 01:55:40,0.002218384,0.005680982,0.002228283
2025-11-23 01:55:50,-0.010429155,-0.008079447,0.023917130
2025-11-23 01:56:00,-0.010328916,0.006508947,0.006964475
2025-11-23 01:56:10,0.003498271,-0.000411253,-0.013355188
2025-11-23 01:56:20,0.006497878,-0.001396680,0.009107071
2025-11-23 01:56:30,-0.005209075,-0.017751914,-0.001855147
2025-11-23 01:56:40,0.008900043,0.001855923,0.015792649
2025-11-23 01:56:50,0.000284578,0.005525826,-0.008321138
2025-11-23 01:57:00,0.006217351,-0.011837353,0.005900591
2025-11-23 01:57:10,0.014536978,0.004096481,-0.013381752
2025-11-23 01:57:20,-0.008193291,-0.014549164,-0.002221507
2025-11-23 01:57:30,-0.006812108,-0.002755903,0.021468584
2025-11-23 01:57:40,-0.005061505,-0.003979838,0.000351406
2025-11-23 01:57:50,0.014560428,-0.015029905,0.013377407
2025-11-23 01:58:00,0.019773824,-0.006385738,-0.009001174
2025-11-23 01:58:10,-0.005146431,-0.011535155,0.005424959
2025-11-23 01:58:20,0.009253888,-0.000095881,0.020770541
2025-11-23 01:58:30,0.001296972,-0.003814280,0.011650689
2025-11-23 01:58:40,0.014141539,0.032651580,-0.015734262
2025-11-23 01:58:50,0.024415164,0.001858438,-0.011823022
2025-11-23 01:59:00,-0.007602093,0.010607730,0.001766533
2025-11-23 01:59:10,-0.013111675,0.011757891,-0.028219303
2025-11-23 01:59:20,-0.010486290,-0.004213956,0.018296900
2025-11-23 01:59:30,0.019339803,-0.007389503,-0.007351742
2025-11-23 01:59:40,0.014876805,0.010477120,0.000828579
2025-11-23 01:59:50,0.011664512,-0.001781339,0.012253275
2025-11-23 02:00:00,-0.012203454,-0.005920113,0.001145869
2025-11-23 02:00:10,0.002199375,-0.023797091,-0.015227476
2025-11-23 02:00:20,0.001758476,0.020720018,0.012564686
2025-11-23 02:00:30,-0.001155441,-0.002738545,0.000083419
2025-11-23 02:00:40,0.007469641,-0.001521099,-0.001885357
2025-11-23 02:00:50,-0.002223892,0.000620424,-0.004389494
2025-11-23 02:01:00,0.009929301,0.024456280,0.007434515
2025-11-23 02:01:10,-0.011630573,0.002122579,-0.000233731
2025-11-23 02:01:20,0.005769864,0.008278365,-0.001087372
2025-11-23 02:01:30,0.008655210,-0.001604471,-0.009837670
2025-11-23 02:01:40,-0.025938131,0.003486562,-0.009863510
2025-11-23 02:01:50,0.007937390,-0.019293382,-0.017808248
2025-11-23 02:02:00,-0.006828850,-0.015022030,0.002038962
2025-11-23 02:02:10,0.011263977,-0.004212206,-0.006015601
2025-11-23 02:02:20,-0.004658405,-0.001693093,-0.001398351
2025-11-23 02:02:30,0.016037386,-0.002489598,-0.003176622
2025-11-23 02:02:40,0.008287681,-0.000412842,0.000196332
2025-11-23 02:02:50,-0.001686323,0.000647443,-0.008275602
2025-11-23 02:03:00,0.007786279,-0.012047386,-0.011076559
2025-11-23 02:03:10,-0.004627522,-0.023719787,0.005340338
2025-11-23 02:03:20,0.002411308,0.010128889,0.014473047
2025-11-23 02:03:30,-0.019093796,0.006059664,0.008192962
2025-11-23 02:03:40,-0.000385928,-0.013302632,0.004510883
2025-11-23 02:03:50,-0.005869583,-0.004329814,-0.001498435
2025-11-23 02:04:00,0.003068651,0.002634836,0.007544816
2025-11-23 02:04:10,0.006076461,-0.008713705,-0.001051702
2025-11-23 02:04:20,0.005907989,-0.005687515,0.005058239
2025-11-23 02:04:30,0.008233540,0.010572275,0.002257590
2025-11-23 02:04:40,0.007639377,0.006117343,-0.021140696
2025-11-23 02:04:50,0.003653763,0.003195953,0.000203921
2025-11-23 02:05:00,-0.021127325,0.000766907,0.005126533
2025-11-23 02:05:10,0.015225599,0.008343188,-0.012050611
2025-11-23 02:05:20,-0.016580179,-0.001413639,-0.021640339
2025-11-23 02:05:30,-0.014798149,0.002350529,0.012544355
2025-11-23 02:05:40,0.008213825,-0.005063149,-0.016109779
2025-11-23 02:05:50,0.021522582,-0.016156899,0.001574180
2025-11-23 02:06:00,-0.007744712,0.007179781,0.000727498
2025-11-23 02:06:10,0.005438870,-0.012177472,-0.009293405
2025-11-23 02:06:20,-0.012330606,0.005065374,0.002373657
2025-11-23 02:06:30,-0.001909989,-0.001533899,-0.000320344
2025-11-23 02:06:40,0.002035616,0.023313329,0.007449305
2025-11-23 02:06:50,0.028919748,0.014518870,-0.003306370
2025-11-23 02:07:00,-0.003846593,0.004156866,-0.014662609
2025-11-23 02:07:10,0.010895029,-0.002027438,0.013286110
2025-11-23 02:07:20,0.018242112,-0.005061367,0.002655725
2025-11-23 02:07:30,-0.003346411,-0.018578070,-0.013082708
2025-11-23 02:07:40,-0.007411242,-0.009554624,0.010752784
2025-11-23 02:07:50,0.012543139,0.011183243,0.013586421
2025-11-23 02:08:00,0.004620412,-0.002624516,0.005451344
2025-11-23 02:08:10,-0.004308117,-0.006982223,-0.002558000
2025-11-23 02:08:20,0.024799448,-0.008992462,-0.002073081
2025-11-23 02:08:30,-0.002705526,-0.003305681,0.004196336
2025-11-23 02:08:40,0.003021882,-0.014717520,-0.006453793
2025-11-23 02:08:50,0.004452878,0.012638059,-0.001428682
2025-11-23 02:09:00,0.002360939,-0.005039212,-0.010638148
2025-11-23 02:09:10,-0.003274713,0.013420075,0.017959520
2025-11-23 02:09:20,-0.001750388,0.005382913,-0.002313269
2025-11-23 02:09:30,0.000564707,0.022375694,0.005036091
2025-11-23 02:09:40,-0.011363783,-0.002073024,-0.003250113
2025-11-23 02:09:50,-0.008545162,-0.002990586,-0.000265173
2025-11-23 02:10:00,-0.014776486,0.010487939,-0.019021759
2025-11-23 02:10:10,-0.010621435,-0.007299433,-0.009438272
2025-11-23 02:10:20,0.006150834,0.000174206,0.007853471
2025-11-23 02:10:30,0.012854827,0.016905170,0.001485983
2025-11-23 02:10:40,0.006709946,-0.009050732,0.008249064
2025-11-23 02:10:50,0.007529299,0.003302651,-0.013082860
2025-11-23 02:11:00,0.013720028,-0.005550044,-0.011572137
2025-11-23 02:11:10,0.005706844,-0.019888451,-0.003800140
2025-11-23 02:11:20,0.010412838,-0.003310902,-0.019253931
2025-11-23 02:11:30,-0.005467669,0.000740495,0.000394755
2025-11-23 02:11:40,0.005513702,0.003420979,0.022067429
2025-11-23 02:11:50,-0.011871076,-0.018308558,-0.006896438
2025-11-23 02:12:00,0.001531914,0.000486846,-0.002736407
2025-11-23 02:12:10,-0.000971625,0.000247169,-0.003447717
2025-11-23 02:12:20,-0.008421262,-0.004751655,0.010303921
2025-11-23 02:12:30,0.005044536,0.009008140,-0.002625638
2025-11-23 02:12:40,-0.009021297,0.019069125,0.011457210
2025-11-23 02:12:50,-0.000248325,-0.004460657,-0.000698795
2025-11-23 02:13:00,0.021039304,-0.000384461,0.008998194
2025-11-23 02:13:10,0.003508571,0.006894914,-0.011505661
2025-11-23 02:13:20,0.015353040,-0.001495308,-0.004483285
2025-11-23 02:13:30,-0.007774559,-0.002574789,0.004447469
2025-11-23 02:13:40,0.008894352,-0.008416732,-0.009150461
2025-11-23 02:13:50,-0.009569530,-0.010219404,-0.013464454
2025-11-23 02:14:00,0.002413851,0.004994223,-0.009058797
2025-11-23 02:14:10,0.008200297,-0.009056237,-0.007532335
2025-11-23 02:14:20,0.001153554,-0.001955197,-0.011702982
2025-11-23 02:14:30,-0.002593361,0.016994727,-0.014887280
2025-11-23 02:14:40,-0.012737441,-0.007068003,0.012410476
2025-11-23 02:14:50,-0.005658219,-0.005137660,0.000085771
2025-11-23 02:15:00,0.002294197,0.001691701,0.001057411
2025-11-23 02:15:10,-0.011738746,-0.004896010,0.013845563
2025-11-23 02:15:20,-0.011909633,-0.005718438,0.008662116
2025-11-23 02:15:30,0.005982880,-0.002621620,-0.016836547
2025-11-23 02:15:40,0.017015964,0.003893409,0.013658733
2025-11-23 02:15:50,-0.006376395,-0.001419941,-0.007158345
2025-11-23 02:16:00,-0.003937163,-0.001528350,0.011046885
2025-11-23 02:16:10,-0.024556112,-0.007775910,-0.011578322
2025-11-23 02:16:20,0.006754432,0.010083957,0.013808476
2025-11-23 02:16:30,-0.009641498,-0.008003486,-0.006699297
2025-11-23 02:16:40,-0.008395880,-0.003500109,-0.010562415
2025-11-23 02:16:50,0.001619681,0.010287100,-0.005503320
2025-11-23 02:17:00,0.003296168,0.016877413,-0.008721406
2025-11-23 02:17:10,0.007667781,-0.008899163,-0.009421935
2025-11-23 02:17:20,0.018602842,-0.018589316,-0.005762877
2025-11-23 02:17:30,-0.018876598,0.000129007,-0.010318330
2025-11-23 02:17:40,0.007826820,0.002476525,0.001323727
2025-11-23 02:17:50,-0.023096861,-0.007790687,0.010115218
2025-11-23 02:18:00,0.003221799,-0.009839296,-0.004431793
2025-11-23 02:18:10,0.005836855,-0.002720306,-0.016935148
2025-11-23 02:18:20,0.003824480,0.003086100,-0.005190435
2025-11-23 02:18:30,0.005554402,-0.000477776,-0.002278924
2025-11-23 02:18:40,-0.006994001,-0.016420731,-0.008128671
2025-11-23 02:18:50,-0.001606061,0.010424169,-0.000514369
2025-11-23 02:19:00,-0.013123029,0.004736746,-0.012845345
2025-11-23 02:19:10,0.016506819,-0.005083204,0.005436070
2025-11-23 02:19:20,-0.008870242,-0.019501615,0.011412298
2025-11-23 02:19:30,0.000265824,0.010214065,-0.000375739
2025-11-23 02:19:40,-0.001649401,-0.009147948,0.018964352
2025-11-23 02:19:50,0.020202037,-0.017596585,0.003158429
2025-11-23 02:20:00,-0.011173701,0.002159470,0.005854690
2025-11-23 02:20:10,0.009401346,0.000962174,-0.003961794
2025-11-23 02:20:20,-0.004736916,0.003726668,0.003751722
2025-11-23 02:20:30,-0.012825129,0.003525029,-0.005107965
2025-11-23 02:20:40,0.012285319,-0.014863082,0.003637933
2025-11-23 02:20:50,-0.010529021,-0.001349884,-0.005700047
2025-11-23 02:21:00,-0.012803679,-0.013743830,-0.000620588
2025-11-23 02:21:10,0.012705844,0.020196248,0.007991173
2025-11-23 02:21:20,0.000211905,0.012227097,0.025090786
2025-11-23 02:21:30,0.003093489,0.009225675,0.004024590
2025-11-23 02:21:40,0.007448579,-0.003715600,0.000199049
2025-11-23 02:21:50,0.007944627,0.016320116,-0.000434428
2025-11-23 02:22:00,0.013865981,0.000066885,0.009272951
2025-11-23 02:22:10,0.006300582,0.005159688,0.002785374
2025-11-23 02:22:20,0.000825849,-0.001810912,-0.007729293
2025-11-23 02:22:30,-0.010104790,-0.020254644,-0.015351247
2025-11-23 02:22:40,-0.012081363,-0.002835302,0.016445938
2025-11-23 02:22:50,0.002342381,0.016431393,0.010751236
2025-11-23 02:23:00,0.034057522,-0.004076830,0.012534481
2025-11-23 02:23:10,0.002553794,-0.008306268,-0.006688420
2025-11-23 02:23:20,0.016540479,-0.008070332,0.004715252
2025-11-23 02:23:30,0.000798636,0.004588510,-0.000092957
2025-11-23 02:23:40,0.011679298,-0.001940984,-0.006738856
2025-11-23 02:23:50,0.012881437,-0.007785378,0.002357175
2025-11-23 02:24:00,-0.017300734,-0.002232361,-0.013789392
2025-11-23 02:24:10,0.009655896,-0.005416576,0.003664369
2025-11-23 02:24:20,-0.009021651,-0.003649929,-0.013669676
2025-11-23 02:24:30,0.015787036,0.011257178,0.003895264
2025-11-23 02:24:40,-0.006829866,0.003524312,-0.004358179
2025-11-23 02:24:50,-0.011852947,0.008842191,-0.010190565
2025-11-23 02:25:00,0.003842727,0.003475845,-0.004511226
2025-11-23 02:25:10,0.009370450,-0.008900033,-0.005005746
2025-11-23 02:25:20,-0.001863978,-0.001148156,0.011732525
2025-11-23 02:25:30,0.002965351,-0.008484373,0.018489391
2025-11-23 02:25:40,0.011689037,-0.004887895,0.001704696
2025-11-23 02:25:50,-0.003161455,-0.012051602,0.001173407
2025-11-23 02:26:00,-0.012126282,-0.000516540,-0.015226418
2025-11-23 02:26:10,-0.009833492,0.000620209,-0.008923852
2025-11-23 02:26:20,-0.004183645,-0.000688877,0.007821189
2025-11-23 02:26:30,-0.002888669,-0.003509424,-0.008264166
2025-11-23 02:26:40,0.011392359,0.000421063,0.014115609
2025-11-23 02:26:50,-0.015034733,-0.019478909,-0.019814123
2025-11-23 02:27:00,0.001122831,-0.017524055,-0.008747942
2025-11-23 02:27:10,-0.007976663,0.000633246,0.016949852
2025-11-23 02:27:20,0.006470006,0.005784397,0.006936241
2025-11-23 02:27:30,-0.002395144,0.001350716,-0.007582973
2025-11-23 02:27:40,0.004696501,-0.004670717,-0.001404206
2025-11-23 02:27:50,0.000801546,0.006547251,-0.011649460
2025-11-23 02:28:00,-0.000702945,-0.016552241,-0.002952312
2025-11-23 02:28:10,0.011897949,0.000472274,0.003301075
2025-11-23 02:28:20,0.016686974,0.000085510,-0.005123157
2025-11-23 02:28:30,0.010215395,0.003795846,-0.000082552
2025-11-23 02:28:40,0.008543115,-0.000685349,0.003307490
2025-11-23 02:28:50,-0.006283225,-0.016580130,-0.011740958
2025-11-23 02:29:00,0.018964477,0.002174213,-0.006762286
2025-11-23 02:29:10,0.003248051,-0.012808117,-0.006455432
2025-11-23 02:29:20,0.002642641,-0.000358635,0.000804028
2025-11-23 02:29:30,-0.004369337,0.000020260,0.016690673
2025-11-23 02:29:40,0.019322185,-0.015204652,-0.005904966
2025-11-23 02:29:50,-0.008705181,-0.014809378,-0.008437345
2025-11-23 02:30:00,0.011315282,0.008097049,-0.004545562
2025-11-23 02:30:10,-0.001404068,0.009236630,0.006817443
2025-11-23 02:30:20,0.005274435,-0.005272755,0.011880679
2025-11-23 02:30:30,-0.009775110,0.004951406,-0.024932006
2025-11-23 02:30:40,0.006796607,-0.016321277,-0.000073426
2025-11-23 02:30:50,0.014494258,0.011377550,0.003216142
2025-11-23 02:31:00,-0.024525815,0.009066861,-0.001903719
2025-11-23 02:31:10,0.005067800,-0.001576961,-0.001150677
2025-11-23 02:31:20,0.001485243,-0.008366434,-0.001114839
2025-11-23 02:31:30,-0.002010349,-0.005763168,0.006333693
2025-11-23 02:31:40,-0.017034380,-0.014920124,-0.013451712
2025-11-23 02:31:50,0.000091721,-0.006872107,-0.003852129
2025-11-23 02:32:00,-0.003817652,0.005628244,0.000149261
2025-11-23 02:32:10,0.015039157,0.006740360,0.019554112
2025-11-23 02:32:20,0.005616228,0.000304599,-0.001101267
2025-11-23 02:32:30,0.000685874,-0.004781429,-0.014507516
2025-11-23 02:32:40,-0.005254265,-0.005296014,-0.006938208
2025-11-23 02:32:50,-0.000769151,-0.021525458,-0.002489189
2025-11-23 02:33:00,0.012790115,0.007027727,0.006247659
2025-11-23 02:33:10,0.004339924,0.013915481,0.011173185
2025-11-23 02:33:20,0.014158453,0.012646135,0.009065188
2025-11-23 02:33:30,-0.009293475,-0.001988505,0.005286229
2025-11-23 02:33:40,0.001277520,0.009234901,-0.002335040
2025-11-23 02:33:50,0.001797228,0.008865150,0.001417604
2025-11-23 02:34:00,-0.006696586,0.008603047,-0.011275445
2025-11-23 02:34:10,0.002011741,-0.010621790,-0.016094222
2025-11-23 02:34:20,-0.007326251,0.001178435,0.013727038
2025-11-23 02:34:30,0.005681521,-0.007058266,-0.006030550
2025-11-23 02:34:40,0.007090485,-0.003300954,0.000492370
2025-11-23 02:34:50,0.007914215,0.016308583,-0.024037081
2025-11-23 02:35:00,-0.000198827,-0.007856463,-0.008257988
2025-11-23 02:35:10,0.003353757,-0.010076249,0.005123409
2025-11-23 02:35:20,0.004532879,0.005057671,0.017285231
2025-11-23 02:35:30,0.001714438,0.004515664,-0.007631781
2025-11-23 02:35:40,-0.015123087,-0.001040443,0.009930838
2025-11-23 02:35:50,-0.004641491,-0.003450294,0.001009556
2025-11-23 02:36:00,-0.000413947,-0.007162648,0.007877239
2025-11-23 02:36:10,0.015839459,-0.024246856,0.021456668
2025-11-23 02:36:20,0.010464888,-0.010855832,-0.004696650
2025-11-23 02:36:30,0.002921238,0.016096513,-0.014063012
2025-11-23 02:36:40,0.013059352,-0.001618755,-0.002875433
2025-11-23 02:36:50,-0.018524389,0.001065796,0.017669780
2025-11-23 02:37:00,0.000037088,-0.003575780,0.003470374
2025-11-23 02:37:10,0.000749004,0.000288493,0.003496395
2025-11-23 02:37:20,0.009957141,-0.000638651,-0.009936365
2025-11-23 02:37:30,0.011423022,-0.001481495,-0.009675861
2025-11-23 02:37:40,-0.027846641,-0.003659215,-0.004559768
2025-11-23 02:37:50,-0.000264248,0.005159264,0.001673203
2025-11-23 02:38:00,-0.001561174,0.016605401,0.003248498
2025-11-23 02:38:10,-0.006015471,0.007908927,-0.015955695
2025-11-23 02:38:20,-0.000922309,0.017654666,0.000159802
2025-11-23 02:38:30,-0.014628368,-0.014777547,0.012873286
2025-11-23 02:38:40,0.001659721,0.006643983,0.000090933
2025-11-23 02:38:50,-0.004782487,0.008032599,0.006954800
2025-11-23 02:39:00,0.012734909,0.007078937,-0.003376887
2025-11-23 02:39:10,0.015605297,0.013951475,-0.012069885
2025-11-23 02:39:20,0.012673775,-0.003813724,0.009284252
2025-11-23 02:39:30,0.000832125,-0.005986766,0.008167174
2025-11-23 02:39:40,0.004939818,0.003871634,0.003708245
2025-11-23 02:39:50,-0.004912735,-0.002826102,0.002948800
2025-11-23 02:40:00,-0.001412617,-0.005836518,0.005069940
2025-11-23 02:40:10,-0.014418203,-0.014091141,0.005823395
2025-11-23 02:40:20,-0.011318307,-0.008945529,0.002311291
2025-11-23 02:40:30,0.020410380,-0.000216377,0.029578100
2025-11-23 02:40:40,-0.012902286,-0.000333881,-0.005509518
2025-11-23 02:40:50,0.017846944,0.007251292,-0.002488882
2025-11-23 02:41:00,-0.001916897,0.001012720,0.011477731
2025-11-23 02:41:10,-0.008388656,-0.009682941,0.015275387
2025-11-23 02:41:20,-0.006530459,-0.009909041,0.002156119
2025-11-23 02:41:30,-0.020056252,0.002947703,-0.002486447
2025-11-23 02:41:40,-0.019566525,-0.014861805,0.013991621
2025-11-23 02:41:50,0.000073607,0.013201691,0.011645403
2025-11-23 02:42:00,0.003049224,-0.002826733,-0.001661397
2025-11-23 02:42:10,-0.021716429,-0.002462698,0.001893661
2025-11-23 02:42:20,0.005332705,-0.006284451,-0.004535924
2025-11-23 02:42:30,0.002337993,0.008172401,0.003154373
2025-11-23 02:42:40,-0.015233546,-0.025874757,0.005366396
2025-11-23 02:42:50,0.000504201,-0.005777652,-0.010880808
2025-11-23 02:43:00,0.012788681,0.012182616,0.002120518
2025-11-23 02:43:10,0.001040955,0.008193947,0.004000346
2025-11-23 02:43:20,-0.003155470,0.009317754,-0.018305307
2025-11-23 02:43:30,0.015604166,-0.007324570,-0.008317512
2025-11-23 02:43:40,-0.022215915,0.005334727,-0.011097272
2025-11-23 02:43:50,0.006624930,-0.001405896,-0.007376582
2025-11-23 02:44:00,-0.002702425,-0.013225012,-0.020859503
2025-11-23 02:44:10,-0.009530929,0.009298185,-0.004152813
2025-11-23 02:44:20,-0.003735664,-0.001435651,-0.002851406
2025-11-23 02:44:30,0.001141400,-0.001353865,-0.001061178
2025-11-23 02:44:40,-0.001819029,-0.003418405,-0.010135599
2025-11-23 02:44:50,0.002485847,-0.006866617,0.016234210
2025-11-23 02:45:00,-0.006292703,0.002285497,0.004837035
2025-11-23 02:45:10,0.002831196,-0.012361705,0.014097680
2025-11-23 02:45:20,-0.016844905,-0.001337418,-0.012985834
2025-11-23 02:45:30,0.014373067,-0.011117684,0.000467808
2025-11-23 02:45:40,0.002934619,-0.003081874,0.011066226
2025-11-23 02:45:50,-0.010762554,-0.004522473,0.019760808
2025-11-23 02:46:00,0.023430230,-0.010293965,-0.004547691
2025-11-23 02:46:10,-0.015271095,0.006120353,0.015641353
2025-11-23 02:46:20,-0.008917733,-0.000212830,-0.000144634
2025-11-23 02:46:30,0.005537679,0.006671275,0.008054659
2025-11-23 02:46:40,-0.007664190,-0.000298072,-0.001942407
2025-11-23 02:46:50,-0.004145615,-0.004142079,0.020190510
2025-11-23 02:47:00,-0.010519517,0.008170595,0.003561781
2025-11-23 02:47:10,0.014103260,0.015607976,0.008684776
2025-11-23 02:47:20,0.019346962,-0.004911329,0.010720114
2025-11-23 02:47:30,0.009739210,0.006129823,0.009011475
2025-11-23 02:47:40,-0.003300392,0.014288022,-0.002521989
2025-11-23 02:47:50,0.008166430,-0.008179974,-0.000786667
2025-11-23 02:48:00,0.003706743,0.001880612,0.010774505
2025-11-23 02:48:10,0.004716581,0.012158149,0.006155523
2025-11-23 02:48:20,-0.002001583,0.000698969,0.002196619
2025-11-23 02:48:30,-0.013420938,0.012223948,-0.006904642
2025-11-23 02:48:40,-0.008843715,-0.002278925,0.006841578
2025-11-23 02:48:50,0.009493075,-0.006768730,-0.012115896
2025-11-23 02:49:00,-0.007680177,0.000327678,-0.001337729
2025-11-23 02:49:10,0.004742201,0.002750453,-0.007879786
2025-11-23 02:49:20,-0.013218657,-0.004830157,0.007701067
2025-11-23 02:49:30,0.018134620,-0.005960446,-0.005181963
2025-11-23 02:49:40,0.000256333,-0.015618699,-0.004322372
2025-11-23 02:49:50,0.003975511,0.013184380,-0.003191557
2025-11-23 02:50:00,0.007113301,-0.014998316,0.003564882
2025-11-23 02:50:10,-0.019434036,0.000572725,0.004477866
2025-11-23 02:50:20,-0.006661848,0.003350947,0.000395606
2025-11-23 02:50:30,0.007236393,0.013112196,-0.006788081
2025-11-23 02:50:40,-0.011754310,-0.008271264,0.001965935
2025-11-23 02:50:50,0.002638068,0.009625666,-0.002854803
2025-11-23 02:51:00,0.019227013,0.019469564,0.001857409
2025-11-23 02:51:10,-0.018112087,0.012401179,0.003216166
2025-11-23 02:51:20,-0.000640426,0.019546964,0.015399584
2025-11-23 02:51:30,0.007941480,0.000551982,-0.001059632
2025-11-23 02:51:40,0.018110984,0.012188151,0.001182444
2025-11-23 02:51:50,-0.003354051,-0.009863641,-0.011278514
2025-11-23 02:52:00,-0.001290487,0.013466616,0.007026244
2025-11-23 02:52:10,0.018274245,0.001680702,-0.000443036
2025-11-23 02:52:20,0.008364404,0.011424266,0.017494658
2025-11-23 02:52:30,-0.015083087,0.002566213,0.003028104
2025-11-23 02:52:40,-0.001936006,-0.001649456,0.010353951
2025-11-23 02:52:50,-0.003852525,0.001826705,0.004266764
2025-11-23 02:53:00,0.002477502,-0.002835207,0.000464641
2025-11-23 02:53:10,-0.014519916,0.001887459,0.030131490
2025-11-23 02:53:20,-0.006294026,0.001091920,-0.000479765
2025-11-23 02:53:30,0.000747456,0.001289270,-0.014860377
2025-11-23 02:53:40,0.012925926,-0.003733154,0.015176557
2025-11-23 02:53:50,-0.000891476,0.000061040,0.003941894
2025-11-23 02:54:00,0.003233753,0.009242158,-0.007025879
2025-11-23 02:54:10,0.008937777,0.013782762,0.018947262
2025-11-23 02:54:20,-0.013006514,-0.004415837,0.003989966
2025-11-23 02:54:30,-0.001592762,-0.007750286,0.006825690
2025-11-23 02:54:40,-0.012502333,-0.006959985,0.005430309
2025-11-23 02:54:50,0.010880569,-0.004583609,0.014997230
2025-11-23 02:55:00,-0.006328035,0.004200269,-0.020054177
2025-11-23 02:55:10,0.005089302,0.009904072,0.008268224
2025-11-23 02:55:20,0.008476055,0.002893718,-0.003995353
2025-11-23 02:55:30,0.001351164,-0.005911741,0.003079804
2025-11-23 02:55:40,0.000706584,-0.015816426,-0.016798023
2025-11-23 02:55:50,0.007449349,0.003891785,-0.025852205
2025-11-23 02:56:00,0.001763100,-0.008462811,-0.013259519
2025-11-23 02:56:10,-0.004574022,0.004102454,0.006898547
2025-11-23 02:56:20,-0.011867340,-0.004904534,0.005447294
2025-11-23 02:56:30,0.007932649,0.000379699,0.029498536
2025-11-23 02:56:40,0.002773491,-0.010909458,-0.006959642
2025-11-23 02:56:50,-0.008295490,-0.004221297,-0.004504457
2025-11-23 02:57:00,0.006117522,0.003048258,-0.018450826
2025-11-23 02:57:10,-0.012938899,0.019214956,-0.007407690
2025-11-23 02:57:20,-0.011738709,0.017620433,-0.001022749
2025-11-23 02:57:30,0.008381673,0.003396600,0.006564635
2025-11-23 02:57:40,-0.009782045,0.012375493,0.008573143
2025-11-23 02:57:50,0.001100302,0.000511582,0.008772838
2025-11-23 02:58:00,0.004727402,0.007037364,-0.012744565
2025-11-23 02:58:10,0.007171733,0.012082721,0.006854596
2025-11-23 02:58:20,0.011444158,0.000644571,0.001111565
2025-11-23 02:58:30,0.006739514,0.010181119,0.009078442
2025-11-23 02:58:40,-0.012547674,-0.012108116,0.010459221
2025-11-23 02:58:50,0.011730187,0.014521972,-0.006266395
2025-11-23 02:59:00,0.012664360,-0.003154406,0.008219136
2025-11-23 02:59:10,-0.014081159,0.009722696,0.004809144
2025-11-23 02:59:20,0.011592149,0.005830169,0.018980774
2025-11-23 02:59:30,0.001531207,0.013010268,0.003421856
2025-11-23 02:59:40,0.001930986,0.007321028,-0.004956891
2025-11-23 02:59:50,-0.012233640,-0.006888276,0.017838815
2025-11-23 03:00:00,0.014957543,-0.008412815,-0.007615060
2025-11-23 03:00:10,-0.003213204,0.010083196,0.000424294
2025-11-23 03:00:20,0.011023686,-0.005472183,0.014031202
2025-11-23 03:00:30,-0.014389143,0.006103156,0.004113501
2025-11-23 03:00:40,0.006006916,0.000501612,0.005319008
2025-11-23 03:00:50,0.010259252,0.015996731,0.000334051
2025-11-23 03:01:00,0.003841144,0.002046629,-0.002569905
2025-11-23 03:01:10,-0.015966351,-0.026609999,-0.000217559
2025-11-23 03:01:20,-0.009659139,0.009075340,0.020100223
2025-11-23 03:01:30,-0.004859224,0.004820258,-0.003585014
2025-11-23 03:01:40,0.009076114,-0.011432257,0.014675376
2025-11-23 03:01:50,0.010446932,-0.006256695,0.004859165
2025-11-23 03:02:00,0.003024220,-0.001336307,-0.002201714
2025-11-23 03:02:10,-0.004220150,-0.005017528,0.003297306
2025-11-23 03:02:20,-0.001744829,0.004485989,-0.007814451
2025-11-23 03:02:30,-0.001369034,-0.011133436,0.009339943
2025-11-23 03:02:40,-0.002226473,0.010604129,-0.000016698
2025-11-23 03:02:50,-0.001267709,0.010628903,-0.003028959
2025-11-23 03:03:00,-0.009230551,-0.019840992,0.003042581
2025-11-23 03:03:10,-0.005078881,0.007627648,0.001915454
2025-11-23 03:03:20,-0.004263108,-0.001844430,-0.001302954
2025-11-23 03:03:30,-0.007291399,-0.003021901,0.008392680
2025-11-23 03:03:40,-0.005529425,0.013529479,0.020805931
2025-11-23 03:03:50,-0.011250406,-0.003976768,0.003462196
2025-11-23 03:04:00,0.007205937,0.001029875,-0.017123104
2025-11-23 03:04:10,-0.006176432,0.016809986,-0.009084716
2025-11-23 03:04:20,-0.012337083,0.016492557,0.003969318
2025-11-23 03:04:30,0.022105907,0.001660185,0.013415442
2025-11-23 03:04:40,-0.000611536,-0.001084574,-0.007398145
2025-11-23 03:04:50,0.032158833,-0.000037574,-0.003508878
2025-11-23 03:05:00,-0.020034655,-0.003689116,0.007990126
2025-11-23 03:05:10,0.005270939,0.007630109,-0.008119717
2025-11-23 03:05:20,-0.001848442,-0.004565923,-0.021403871
2025-11-23 03:05:30,0.007365913,-0.012553391,0.013232646
2025-11-23 03:05:40,-0.006536558,0.000616265,0.000600048
2025-11-23 03:05:50,0.014682608,-0.002794300,-0.011872430
2025-11-23 03:06:00,0.005905807,0.011165089,-0.017217878
2025-11-23 03:06:10,0.000237791,0.010628150,0.020700091
2025-11-23 03:06:20,-0.024877288,0.002031456,-0.003674110
2025-11-23 03:06:30,0.019739872,0.006603883,0.012635351
2025-11-23 03:06:40,-0.003400636,0.003728738,-0.006096962
2025-11-23 03:06:50,0.001384233,-0.000938836,0.002180244
2025-11-23 03:07:00,-0.015351759,0.012004206,0.013824239
2025-11-23 03:07:10,0.004109352,-0.016415717,0.006467377
2025-11-23 03:07:20,-0.007295519,0.014406235,0.012902292
2025-11-23 03:07:30,-0.003255442,-0.017164126,0.000848598
2025-11-23 03:07:40,0.020953973,0.006021113,0.010671566
2025-11-23 03:07:50,-0.003373479,0.012231233,0.002671162
2025-11-23 03:08:00,0.001981323,-0.010368258,0.003562248
2025-11-23 03:08:10,0.011672272,-0.001195416,-0.014378049
2025-11-23 03:08:20,0.009404046,0.003994859,-0.001476384
2025-11-23 03:08:30,-0.004122634,-0.009756183,-0.012368638
2025-11-23 03:08:40,0.012357713,0.005127516,0.007540799
2025-11-23 03:08:50,-0.003645021,0.002485150,0.001750679
2025-11-23 03:09:00,0.001186920,0.003831510,0.007602808
2025-11-23 03:09:10,-0.019768792,0.007200814,0.000262907
2025-11-23 03:09:20,-0.010183261,0.020855171,0.004621543
2025-11-23 03:09:30,-0.006845084,-0.013860374,-0.018327536
2025-11-23 03:09:40,-0.013006789,0.000798963,-0.004498367
2025-11-23 03:09:50,-0.008476979,0.006782252,-0.011416505
2025-11-23 03:10:00,0.002883067,-0.003852710,0.011264428
2025-11-23 03:10:10,0.002153155,0.001001525,0.001164198
2025-11-23 03:10:20,-0.010432540,0.005435610,0.000820843
2025-11-23 03:10:30,0.002207499,0.021256103,0.003218526
2025-11-23 03:10:40,-0.009395023,-0.005405044,0.009730342
2025-11-23 03:10:50,0.000946666,0.000794743,0.001301375
2025-11-23 03:11:00,0.002695319,0.001699242,-0.018069016
2025-11-23 03:11:10,0.003955322,0.010499794,0.013420683
2025-11-23 03:11:20,0.011687815,-0.020068704,0.015470042
2025-11-23 03:11:30,-0.006300663,-0.003995902,-0.002504982
2025-11-23 03:11:40,-0.001505966,0.018212287,0.009208821
2025-11-23 03:11:50,0.004794739,-0.002197373,-0.027566101
2025-11-23 03:12:00,-0.007456439,0.016499898,0.006622626
2025-11-23 03:12:10,0.015065938,0.008607347,0.005282237
2025-11-23 03:12:20,0.001509666,0.004501067,-0.005909428
2025-11-23 03:12:30,0.006047679,0.002942444,-0.005159683
2025-11-23 03:12:40,0.000281714,0.016545917,-0.000054997
2025-11-23 03:12:50,-0.000979664,0.019845367,-0.015637093
2025-11-23 03:13:00,0.004331558,-0.002437044,0.006962605
2025-11-23 03:13:10,0.012312127,0.006458700,-0.010891074
2025-11-23 03:13:20,0.011694437,-0.014435354,0.000609294
2025-11-23 03:13:30,0.001299908,0.014950329,0.011248452
2025-11-23 03:13:40,-0.015056197,0.015537163,-0.011978712
2025-11-23 03:13:50,0.013206242,0.004440356,-0.004146130
2025-11-23 03:14:00,0.005373585,0.004445152,0.001896916
2025-11-23 03:14:10,0.005030783,-0.001749978,0.008397365
2025-11-23 03:14:20,0.013024658,-0.005098360,-0.013298546
2025-11-23 03:14:30,-0.011775533,-0.008734518,-0.000852829
2025-11-23 03:14:40,0.012343060,-0.008669819,-0.025145266
2025-11-23 03:14:50,0.014768803,-0.010425336,-0.000958621
2025-11-23 03:15:00,0.000519977,0.013534459,0.004263530
2025-11-23 03:15:10,-0.013651306,0.016868049,0.001343466
2025-11-23 03:15:20,-0.004493681,-0.000455813,-0.012100195
2025-11-23 03:15:30,-0.011846871,0.009897613,0.002124572
2025-11-23 03:15:40,-0.020032432,0.004326655,-0.014599172
2025-11-23 03:15:50,0.003335605,-0.002274609,0.020497523
2025-11-23 03:16:00,-0.004469623,0.009096723,0.011935948
2025-11-23 03:16:10,-0.002124590,-0.006981387,0.006093709
2025-11-23 03:16:20,-0.005356405,-0.003916400,0.000373493
2025-11-23 03:16:30,0.014692680,-0.004203646,0.002290019
2025-11-23 03:16:40,0.022164656,-0.002643809,0.001657242
2025-11-23 03:16:50,0.000285447,0.000012567,-0.009627752
2025-11-23 03:17:00,0.011177560,0.001582676,0.010092429
2025-11-23 03:17:10,0.002235955,0.010456845,-0.008678172
2025-11-23 03:17:20,-0.005022509,-0.000319356,-0.009923273
2025-11-23 03:17:30,-0.004153728,-0.005013158,-0.007840588
2025-11-23 03:17:40,0.006494368,-0.005670631,0.003884458
2025-11-23 03:17:50,-0.012598583,0.006409313,0.002036359
2025-11-23 03:18:00,0.012228350,-0.008897899,-0.016951689
2025-11-23 03:18:10,-0.015919705,0.021789827,-0.000761991
2025-11-23 03:18:20,0.001679892,0.001620164,-0.008910448
2025-11-23 03:18:30,0.000551273,0.007122111,-0.003709911
2025-11-23 03:18:40,-0.000215908,-0.011219881,0.015098623
2025-11-23 03:18:50,0.002550446,0.001017901,0.005537694
2025-11-23 03:19:00,-0.008119391,0.009519558,-0.015698005
2025-11-23 03:19:10,0.004285858,-0.010582254,-0.001531142
2025-11-23 03:19:20,-0.007756188,0.010672603,-0.004645157
2025-11-23 03:19:30,0.015459257,0.010152834,0.023088936
2025-11-23 03:19:40,-0.021395229,0.005184469,-0.000292372
2025-11-23 03:19:50,0.010408544,-0.012314482,-0.010043252
2025-11-23 03:20:00,-0.000565284,0.001581096,0.017282341
2025-11-23 03:20:10,0.005527312,0.011778977,-0.013547029
2025-11-23 03:20:20,0.003767056,0.005525975,-0.014424176
2025-11-23 03:20:30,-0.010328167,0.011837272,-0.001775660
2025-11-23 03:20:40,0.014912902,0.007926260,-0.005560847
2025-11-23 03:20:50,-0.009523435,-0.001212556,-0.010975232
2025-11-23 03:21:00,-0.002011763,0.015758964,-0.009079789
2025-11-23 03:21:10,-0.007233699,-0.004715953,-0.004107768
2025-11-23 03:21:20,-0.000444502,-0.001045253,-0.011477202
2025-11-23 03:21:30,0.021912189,-0.025080978,-0.006121141
2025-11-23 03:21:40,0.010729968,-0.019027633,0.000062052
2025-11-23 03:21:50,-0.002513972,-0.009247670,-0.012106065
2025-11-23 03:22:00,-0.017770025,-0.018933586,-0.000607385
2025-11-23 03:22:10,0.001860700,0.022421014,-0.001036983
2025-11-23 03:22:20,-0.009796936,-0.002814579,-0.011574845
2025-11-23 03:22:30,-0.010662458,0.018341505,-0.005458715
2025-11-23 03:22:40,0.012018456,-0.007050168,0.024272469
2025-11-23 03:22:50,-0.007836558,0.010180644,0.000904981
2025-11-23 03:23:00,-0.001470167,0.005303479,0.002616140
2025-11-23 03:23:10,0.006828145,-0.006101010,-0.001895017
2025-11-23 03:23:20,-0.008773900,0.002709088,0.019882739
2025-11-23 03:23:30,-0.005694644,-0.010543719,-0.008108761
2025-11-23 03:23:40,-0.001220246,-0.004777736,0.012701261
2025-11-23 03:23:50,-0.003269900,0.011074649,0.011147450
2025-11-23 03:24:00,0.007342435,-0.004609220,-0.000848866
2025-11-23 03:24:10,0.002674754,-0.004946306,0.005916444
2025-11-23 03:24:20,-0.008582336,-0.005820454,0.008049457
2025-11-23 03:24:30,0.001950851,0.003708781,-0.001400913
2025-11-23 03:24:40,-0.004150199,-0.003296097,-0.008770330
2025-11-23 03:24:50,-0.000860541,-0.016181621,0.007757806
2025-11-23 03:25:00,0.002449203,-0.023348211,0.009907632
2025-11-23 03:25:10,0.001334717,-0.000724095,0.007388914
2025-11-23 03:25:20,0.012740934,0.010489365,-0.024800499
2025-11-23 03:25:30,0.003737949,0.002959173,-0.004014059
2025-11-23 03:25:40,0.011448058,0.012480723,-0.021353747
2025-11-23 03:25:50,0.015813260,0.011208672,0.021408241
2025-11-23 03:26:00,-0.007475965,0.015700491,0.000320431
2025-11-23 03:26:10,-0.000377896,0.013653771,-0.002028053
2025-11-23 03:26:20,0.008676817,-0.005152846,-0.009460919
2025-11-23 03:26:30,-0.006469695,0.003668881,-0.003208703
2025-11-23 03:26:40,-0.002476842,-0.004217562,-0.001381434
2025-11-23 03:26:50,0.005507538,-0.002987231,-0.014231723
2025-11-23 03:27:00,0.010814893,0.000530098,0.003822661
2025-11-23 03:27:10,0.002045145,0.003415094,-0.004715268
2025-11-23 03:27:20,0.012029334,-0.009238122,-0.010914841
2025-11-23 03:27:30,-0.011470527,-0.017337744,-0.004814354
2025-11-23 03:27:40,-0.015628510,-0.011107338,-0.023134714
2025-11-23 03:27:50,-0.006413008,-0.005254399,0.002264175
2025-11-23 03:28:00,0.002570029,0.002383519,0.009448302
2025-11-23 03:28:10,-0.000833029,0.007336150,0.000794220
2025-11-23 03:28:20,-0.011434931,0.009773214,0.016566049
2025-11-23 03:28:30,0.021611059,0.001944324,0.021107658
2025-11-23 03:28:40,-0.011260591,0.009930145,0.016398167
2025-11-23 03:28:50,0.017428187,-0.004457667,0.016097773
2025-11-23 03:29:00,0.008797471,-0.002760964,0.004803973
2025-11-23 03:29:10,-0.014965388,0.006467956,-0.009726120
2025-11-23 03:29:20,-0.007060992,0.001248255,-0.011956700
2025-11-23 03:29:30,0.015463998,-0.000664137,-0.016868986
2025-11-23 03:29:40,0.003077614,-0.009439713,0.005259344
2025-11-23 03:29:50,0.002959971,0.007302078,-0.021291321
2025-11-23 03:30:00,0.001864701,0.009639245,0.004473642
2025-11-23 03:30:10,-0.009925326,-0.008724688,0.005988508
2025-11-23 03:30:20,0.000795048,0.002861163,-0.008117929
2025-11-23 03:30:30,0.000265329,0.000941666,0.006764950
2025-11-23 03:30:40,-0.012737974,0.010215683,0.003939819
2025-11-23 03:30:50,0.003798286,-0.010570416,0.005680200
2025-11-23 03:31:00,0.005018346,0.013413051,-0.000867498
2025-11-23 03:31:10,-0.010952784,0.000934554,-0.002479902
2025-11-23 03:31:20,0.003616145,0.016698395,0.009410556
2025-11-23 03:31:30,0.003346944,0.008094022,0.005475793
2025-11-23 03:31:40,0.016839753,-0.000611909,-0.000178149
2025-11-23 03:31:50,0.026330476,-0.011611291,-0.009557888
2025-11-23 03:32:00,0.007144115,-0.010398084,0.010784638
2025-11-23 03:32:10,0.005848594,-0.001281663,0.000694336
2025-11-23 03:32:20,-0.005417465,-0.010888634,-0.000222935
2025-11-23 03:32:30,0.000571597,-0.008900195,0.017286012
2025-11-23 03:32:40,-0.004152882,0.016091291,-0.016130551
2025-11-23 03:32:50,0.011303923,0.000505275,-0.001921653
2025-11-23 03:33:00,0.015951830,0.009381087,0.001820547
2025-11-23 03:33:10,-0.007831290,-0.000979357,0.008454105
2025-11-23 03:33:20,-0.012149010,-0.005101164,0.001288068
2025-11-23 03:33:30,-0.002828616,-0.001386054,0.008223550
2025-11-23 03:33:40,0.007056899,-0.007592514,0.022239126
2025-11-23 03:33:50,-0.006252119,0.000110190,0.000334290
2025-11-23 03:34:00,0.002960584,-0.000109893,0.002408403
2025-11-23 03:34:10,-0.003187732,-0.013729975,0.003309694
2025-11-23 03:34:20,-0.005278711,0.007774039,0.000042949
2025-11-23 03:34:30,0.007680161,0.005724786,-0.015806900
2025-11-23 03:34:40,0.001790627,0.003259374,0.015420681
2025-11-23 03:34:50,-0.018106392,0.012955706,0.001153460
2025-11-23 03:35:00,0.008547730,0.010987011,0.007840408
2025-11-23 03:35:10,0.000244018,0.000539547,0.007384474
2025-11-23 03:35:20,0.007303595,-0.011105135,0.001622988
2025-11-23 03:35:30,-0.011297922,0.008289836,0.001137113
2025-11-23 03:35:40,0.004654713,0.008134174,0.017363250
2025-11-23 03:35:50,-0.001935091,-0.006935848,0.021705962
2025-11-23 03:36:00,0.000895675,0.015649572,-0.024184961
2025-11-23 03:36:10,0.000769086,0.008384296,-0.004492048
2025-11-23 03:36:20,-0.003384228,0.001929857,-0.014397917
2025-11-23 03:36:30,-0.020498569,-0.004559910,0.005427815
2025-11-23 03:36:40,-0.013229313,-0.004145559,0.000384282
2025-11-23 03:36:50,-0.002826927,0.006848923,-0.009009727
2025-11-23 03:37:00,0.013514576,0.013049895,-0.015134163
2025-11-23 03:37:10,0.015458415,0.004914133,-0.001823464
2025-11-23 03:37:20,-0.009827515,-0.008212724,-0.011896153
2025-11-23 03:37:30,-0.000210558,-0.001648010,-0.021067125
2025-11-23 03:37:40,-0.012402232,-0.000237871,-0.025936082
2025-11-23 03:37:50,0.007459927,-0.001093595,0.003434963
2025-11-23 03:38:00,0.003291109,0.006271117,0.001166844
2025-11-23 03:38:10,-0.008750517,0.005989568,0.003483032
2025-11-23 03:38:20,-0.007152925,0.009766494,0.002228640
2025-11-23 03:38:30,-0.002660489,0.009325742,0.006501917
2025-11-23 03:38:40,-0.014500355,0.001452526,-0.005530805
2025-11-23 03:38:50,0.023014971,-0.002952380,-0.009913120
2025-11-23 03:39:00,-0.010449815,0.008652573,-0.006879922
2025-11-23 03:39:10,0.009852306,0.004853170,0.015251509
2025-11-23 03:39:20,-0.001184782,-0.003614940,0.000832410
2025-11-23 03:39:30,-0.013264848,-0.002553587,-0.001077126
2025-11-23 03:39:40,-0.014561702,-0.002949627,-0.009794685
2025-11-23 03:39:50,0.005565337,-0.000044113,0.005579103
2025-11-23 03:40:00,0.005750051,-0.002508182,0.001972037
2025-11-23 03:40:10,0.010595496,-0.027258284,0.001680570
2025-11-23 03:40:20,0.013445611,-0.021745815,0.007380374
2025-11-23 03:40:30,-0.013192752,-0.008236798,0.016672570
2025-11-23 03:40:40,-0.006315332,0.011366351,0.000789733
2025-11-23 03:40:50,-0.004715984,-0.015488850,0.005484067
2025-11-23 03:41:00,0.010031824,-0.006249719,0.006695575
2025-11-23 03:41:10,-0.003149983,0.007798945,-0.000284597
2025-11-23 03:41:20,-0.000440121,-0.005092549,-0.001633805
2025-11-23 03:41:30,0.010757415,-0.015557762,0.010217895
2025-11-23 03:41:40,-0.018484863,0.018086924,0.003826276
2025-11-23 03:41:50,0.002916212,-0.009300377,0.000799693
2025-11-23 03:42:00,0.008923583,0.014745546,0.005228004
2025-11-23 03:42:10,0.006194812,-0.007419731,0.002829373
2025-11-23 03:42:20,0.011613179,-0.014911856,0.009512289
2025-11-23 03:42:30,0.020516943,-0.009351113,-0.000238782
2025-11-23 03:42:40,-0.009690384,-0.005658623,-0.001679989
2025-11-23 03:42:50,-0.003264686,-0.000819057,0.010685154
2025-11-23 03:43:00,0.000468202,-0.015473816,0.001124465
2025-11-23 03:43:10,0.008458910,0.025861980,-0.001885058
2025-11-23 03:43:20,-0.012525335,-0.003424670,0.021631132
2025-11-23 03:43:30,0.002944894,0.008651412,0.014611380
2025-11-23 03:43:40,-0.004047055,-0.006376215,0.016358962
2025-11-23 03:43:50,0.004460326,-0.003724934,-0.001627695
2025-11-23 03:44:00,0.003037440,-0.007855945,0.009073581
2025-11-23 03:44:10,0.019240175,-0.014268030,-0.001420639
2025-11-23 03:44:20,-0.013718104,-0.001356180,-0.003230560
2025-11-23 03:44:30,-0.018671726,-0.010640296,-0.010604016
2025-11-23 03:44:40,0.000992525,-0.020124711,0.016517206
2025-11-23 03:44:50,0.001222212,-0.007798836,-0.000515604
2025-11-23 03:45:00,0.002595367,0.022028567,-0.002292895
2025-11-23 03:45:10,-0.009626115,-0.016225457,0.009689618
2025-11-23 03:45:20,-0.005965780,-0.002255722,0.009290507
2025-11-23 03:45:30,0.004812577,-0.013655057,-0.000499770
2025-11-23 03:45:40,0.003248283,0.004816873,-0.013496973
2025-11-23 03:45:50,-0.003558679,-0.014325948,0.011565168
2025-11-23 03:46:00,0.000561909,0.009100188,0.008035283
2025-11-23 03:46:10,0.002568226,0.003085944,-0.008325255
2025-11-23 03:46:20,-0.011420812,-0.017320678,0.007732566
2025-11-23 03:46:30,0.015685931,-0.010417830,0.002445582
2025-11-23 03:46:40,0.005333780,-0.004924535,0.009413583
2025-11-23 03:46:50,-0.001075677,0.024657137,0.000974097
2025-11-23 03:47:00,-0.002892964,-0.008916621,0.008808921
2025-11-23 03:47:10,0.012506419,-0.012532814,0.000581127
2025-11-23 03:47:20,0.007143096,-0.007866659,-0.004246969
2025-11-23 03:47:30,-0.012774386,-0.002887693,-0.000691103
2025-11-23 03:47:40,0.015223495,-0.020242359,0.001665022
2025-11-23 03:47:50,-0.001221945,-0.003840796,-0.013876880
2025-11-23 03:48:00,-0.017442656,0.002588148,-0.005225552
2025-11-23 03:48:10,-0.018748323,0.002211394,-0.011778478
2025-11-23 03:48:20,0.002413127,-0.012399576,0.002985898
2025-11-23 03:48:30,0.007852684,-0.004008252,0.020095995
2025-11-23 03:48:40,-0.022832507,0.006693710,-0.024428690
2025-11-23 03:48:50,0.000340418,-0.020491006,0.002637204
2025-11-23 03:49:00,0.017773371,-0.006268837,0.014137897
2025-11-23 03:49:10,-0.003248071,0.006938709,-0.017409135
2025-11-23 03:49:20,0.005482221,0.009610235,-0.003599361
2025-11-23 03:49:30,-0.003373714,-0.006749694,0.013510052
2025-11-23 03:49:40,-0.005785369,-0.009906889,0.009170006
2025-11-23 03:49:50,0.001310503,0.014604965,0.011092981
2025-11-23 03:50:00,-0.017510541,-0.007475134,-0.001410341
2025-11-23 03:50:10,0.000507996,-0.002407690,0.011314604
2025-11-23 03:50:20,0.001660334,-0.004313932,-0.014839940
2025-11-23 03:50:30,-0.008400603,0.014637692,-0.001495074
2025-11-23 03:50:40,0.007498991,-0.010246774,0.001584274
2025-11-23 03:50:50,0.008375649,0.009313477,-0.002467860
2025-11-23 03:51:00,0.001386013,-0.010698509,0.009024142
2025-11-23 03:51:10,-0.008076120,0.006461026,0.009653836
2025-11-23 03:51:20,-0.001093778,0.006301175,0.020909897
2025-11-23 03:51:30,0.002506122,0.004775595,-0.016478376
2025-11-23 03:51:40,0.007856018,-0.002881250,-0.011998296
2025-11-23 03:51:50,0.014410089,-0.003418134,-0.013686271
2025-11-23 03:52:00,0.004584749,-0.013959485,0.007401050
2025-11-23 03:52:10,-0.009923393,-0.005361287,0.015972852
2025-11-23 03:52:20,-0.006232180,-0.023663714,0.002828850
2025-11-23 03:52:30,0.002878624,0.008689919,0.012808289
2025-11-23 03:52:40,-0.001096403,-0.005694988,-0.001356643
2025-11-23 03:52:50,-0.012430445,-0.010838643,-0.008506703
2025-11-23 03:53:00,-0.007527673,-0.015548120,-0.002978764
2025-11-23 03:53:10,0.011811240,0.006918372,-0.003261595
2025-11-23 03:53:20,0.000437650,-0.002781390,-0.000610939
2025-11-23 03:53:30,-0.006692079,0.002401844,-0.001767166
2025-11-23 03:53:40,0.009260417,0.010293687,-0.015775338
2025-11-23 03:53:50,-0.006489857,-0.006201286,0.000611581
2025-11-23 03:54:00,-0.007462387,-0.007723004,0.005942105
2025-11-23 03:54:10,-0.018630212,0.017456006,-0.016796559
2025-11-23 03:54:20,0.007202866,0.009691238,-0.009188959
2025-11-23 03:54:30,-0.001929185,0.006675961,0.001171945
2025-11-23 03:54:40,0.011710432,0.003495216,-0.029339584
2025-11-23 03:54:50,-0.016050336,-0.008554107,0.016242820
2025-11-23 03:55:00,0.006103723,-0.004804101,0.001439096
2025-11-23 03:55:10,0.009612773,-0.008449388,-0.005338607
2025-11-23 03:55:20,0.002449138,0.007131776,-0.015118262
2025-11-23 03:55:30,0.000206551,-0.003337846,0.006129399
2025-11-23 03:55:40,0.013383115,-0.006445043,0.004016884
2025-11-23 03:55:50,-0.021208938,-0.006139075,-0.007557281
2025-11-23 03:56:00,0.000597373,-0.010435045,-0.016744001
2025-11-23 03:56:10,0.017048785,-0.005033548,-0.008248474
2025-11-23 03:56:20,-0.001467784,0.006724787,-0.002421040
2025-11-23 03:56:30,0.000292415,-0.006566373,0.032491888
2025-11-23 03:56:40,-0.012756759,-0.026215697,-0.004010668
2025-11-23 03:56:50,-0.006721475,0.005606752,0.006869339
2025-11-23 03:57:00,-0.015067529,0.002927061,0.007209276
2025-11-23 03:57:10,0.004927892,0.004491735,-0.001161272
2025-11-23 03:57:20,0.015902425,0.008712552,-0.004845240
2025-11-23 03:57:30,0.004661085,0.003444649,-0.012197625
2025-11-23 03:57:40,0.000297865,-0.004955322,0.020790045
2025-11-23 03:57:50,0.005758153,0.003408773,-0.001214931
2025-11-23 03:58:00,0.012280072,-0.019358069,0.018470755
2025-11-23 03:58:10,-0.001711776,0.001320899,0.001149657
2025-11-23 03:58:20,0.016175832,0.002891937,0.004052496
2025-11-23 03:58:30,0.007579595,0.004749632,0.000029213
2025-11-23 03:58:40,0.008914645,0.005915287,-0.006572433
2025-11-23 03:58:50,0.003883672,-0.010831309,0.005997609
2025-11-23 03:59:00,-0.003126184,-0.012153849,0.009098745
2025-11-23 03:59:10,0.002163942,-0.004587362,-0.009665917
2025-11-23 03:59:20,-0.000520069,-0.001491082,0.000590347
2025-11-23 03:59:30,-0.004078135,-0.007604141,-0.012965340
2025-11-23 03:59:40,0.005643719,0.001856975,-0.000786409
2025-11-23 03:59:50,-0.001332893,-0.001869728,-0.001780817
2025-11-23 04:00:00,-0.008571739,-0.005327782,-0.010513431
2025-11-23 04:00:10,0.011933033,-0.008325679,-0.013699737
2025-11-23 04:00:20,-0.000395105,0.001609610,0.006350003
2025-11-23 04:00:30,-0.005303890,0.005531217,-0.017154278
2025-11-23 04:00:40,-0.006109270,-0.012748726,-0.007019191
2025-11-23 04:00:50,0.000362469,-0.004288848,-0.000277203
2025-11-23 04:01:00,-0.001429572,0.005670652,-0.007064630
2025-11-23 04:01:10,0.007581925,0.008635203,-0.013076231
2025-11-23 04:01:20,-0.000647319,-0.015695736,0.001028264
2025-11-23 04:01:30,0.006254759,-0.004189414,0.003668248
2025-11-23 04:01:40,0.016834118,0.001607375,0.009296038
2025-11-23 04:01:50,0.015228044,0.010626493,-0.003973797
2025-11-23 04:02:00,0.015234515,0.013574462,0.007556834
2025-11-23 04:02:10,-0.000725721,0.001036923,-0.010043300
2025-11-23 04:02:20,0.001556450,0.014956853,0.012503364
2025-11-23 04:02:30,-0.009492524,-0.009082434,0.005766186
2025-11-23 04:02:40,0.015120544,0.008305165,-0.011557168
2025-11-23 04:02:50,-0.002363837,0.017092154,-0.003480301
2025-11-23 04:03:00,0.002770407,-0.010990013,0.011563560
2025-11-23 04:03:10,0.023051743,0.008933537,-0.022364414
2025-11-23 04:03:20,0.006606280,-0.001888496,-0.006411310
2025-11-23 04:03:30,-0.009335365,-0.013492633,-0.000183326
2025-11-23 04:03:40,-0.005555278,-0.002909492,-0.004253277
2025-11-23 04:03:50,-0.005872466,-0.002884151,-0.002985594
2025-11-23 04:04:00,0.008444634,0.002024919,-0.016189670
2025-11-23 04:04:10,0.007482645,-0.003718503,0.000552938
2025-11-23 04:04:20,0.006901257,-0.008686622,-0.012521320
2025-11-23 04:04:30,0.014504260,0.000459333,0.013703932
2025-11-23 04:04:40,-0.002676313,-0.006883867,-0.002280203
2025-11-23 04:04:50,0.000463164,-0.000157742,-0.002344661
2025-11-23 04:05:00,-0.009861038,-0.004371607,0.003359714
2025-11-23 04:05:10,0.007415499,-0.002350865,-0.004825101
2025-11-23 04:05:20,0.014107274,-0.006506216,-0.001842702
2025-11-23 04:05:30,-0.006072089,-0.003288936,0.004014336
2025-11-23 04:05:40,-0.006253432,0.010203100,-0.000967058
2025-11-23 04:05:50,-0.005861106,0.004955341,-0.010731177
2025-11-23 04:06:00,-0.000866149,0.012622776,0.014845797
2025-11-23 04:06:10,-0.005831574,0.016014810,0.004523460
2025-11-23 04:06:20,-0.014395474,0.003657295,0.020553689
2025-11-23 04:06:30,-0.004043086,-0.005800501,-0.001114428
2025-11-23 04:06:40,-0.000382136,0.000025538,-0.004980347
2025-11-23 04:06:50,-0.012637222,0.001096926,-0.013152136
2025-11-23 04:07:00,0.000321441,0.001054502,-0.022589594
2025-11-23 04:07:10,0.013825098,-0.004460324,0.000032711
2025-11-23 04:07:20,-0.002136810,0.008472736,-0.006947676
2025-11-23 04:07:30,0.003111488,0.010583117,-0.000774842
2025-11-23 04:07:40,0.014560073,-0.006046302,-0.005632455
2025-11-23 04:07:50,-0.013177000,-0.010145907,0.013096721
2025-11-23 04:08:00,-0.011284227,-0.012255551,0.010301868
2025-11-23 04:08:10,0.003357167,0.008782686,-0.010719527
2025-11-23 04:08:20,0.010423649,0.008664883,0.013904748
2025-11-23 04:08:30,-0.007573289,0.003596588,-0.003565729
2025-11-23 04:08:40,-0.016947375,0.009338898,-0.002116461
2025-11-23 04:08:50,-0.017543510,-0.000768045,0.000514600
2025-11-23 04:09:00,0.003665279,-0.014814584,-0.004186607
2025-11-23 04:09:10,0.017599879,-0.008987320,-0.015661529
2025-11-23 04:09:20,0.000942214,0.005331242,-0.003450232
2025-11-23 04:09:30,-0.005865825,-0.010110334,-0.008917374
2025-11-23 04:09:40,-0.005764405,-0.010339516,0.013471215
2025-11-23 04:09:50,0.001922581,-0.010733063,-0.005980450
2025-11-23 04:10:00,-0.009204861,-0.001053335,-0.003250453
2025-11-23 04:10:10,-0.016674038,0.011818206,0.026662829
2025-11-23 04:10:20,0.019399060,0.008459599,-0.001350986
2025-11-23 04:10:30,-0.000145502,0.018910404,-0.030846924
2025-11-23 04:10:40,0.021722260,0.008721601,-0.010437142
2025-11-23 04:10:50,0.002502856,0.008836514,-0.008195885
2025-11-23 04:11:00,0.008979683,0.007701453,0.004248482
2025-11-23 04:11:10,-0.001210026,-0.015187419,-0.004929206
2025-11-23 04:11:20,-0.007034212,-0.001898115,0.006117813
2025-11-23 04:11:30,-0.006807410,-0.017599547,-0.003028485
2025-11-23 04:11:40,-0.001079589,0.009746753,-0.003875688
2025-11-23 04:11:50,0.006720436,-0.011423006,0.011905049
2025-11-23 04:12:00,0.012040436,-0.007416375,0.014423380
2025-11-23 04:12:10,0.018957701,0.000231278,-0.006000504
2025-11-23 04:12:20,-0.008790131,-0.013139391,0.001775818
2025-11-23 04:12:30,0.013426434,-0.010163579,-0.027025142
2025-11-23 04:12:40,0.003229383,0.005144575,0.001689216
2025-11-23 04:12:50,0.004256291,0.021610706,0.005191239
2025-11-23 04:13:00,0.013627421,-0.015777024,-0.017893913
2025-11-23 04:13:10,0.001544970,-0.005164124,-0.009855151
2025-11-23 04:13:20,0.000253323,0.010017067,-0.013675345
2025-11-23 04:13:30,0.002684357,0.013136893,0.020849867
2025-11-23 04:13:40,0.007055816,0.009500311,-0.002111310
2025-11-23 04:13:50,-0.003334381,0.006287142,0.012956778
2025-11-23 04:14:00,-0.003936373,-0.000784746,0.011980318
2025-11-23 04:14:10,0.016043636,0.004210804,-0.010713800
2025-11-23 04:14:20,-0.002193716,0.001396001,0.010301875
2025-11-23 04:14:30,0.003664956,0.004101537,-0.003285874
2025-11-23 04:14:40,-0.009028334,-0.004438482,-0.011039415
2025-11-23 04:14:50,-0.014933643,0.001419219,-0.004989948
2025-11-23 04:15:00,-0.007771812,0.014084124,0.008557944
2025-11-23 04:15:10,-0.008456912,0.010099472,-0.004236133
2025-11-23 04:15:20,0.010460242,0.020346028,-0.000977299
2025-11-23 04:15:30,-0.004232103,0.002116573,0.003205199
2025-11-23 04:15:40,0.004579280,-0.003833892,0.004822104
2025-11-23 04:15:50,0.001418149,0.008089993,0.013759733
2025-11-23 04:16:00,-0.006809502,0.008376494,-0.010762181
2025-11-23 04:16:10,0.002488931,0.001152259,-0.021798840
2025-11-23 04:16:20,-0.002649449,0.000138807,-0.002959522
2025-11-23 04:16:30,-0.000670849,0.012155341,-0.003850457
2025-11-23 04:16:40,0.004577141,-0.003988935,0.009285940
2025-11-23 04:16:50,0.001015386,-0.010105340,-0.009691018
2025-11-23 04:17:00,0.004729560,0.008370639,-0.012411128
2025-11-23 04:17:10,-0.007346374,0.021914522,0.024995363
2025-11-23 04:17:20,-0.024595904,0.003245800,-0.008086982
2025-11-23 04:17:30,-0.004259745,-0.006365405,0.004455422
2025-11-23 04:17:40,0.004595939,0.004542355,-0.010546389
2025-11-23 04:17:50,0.004080356,0.011732254,-0.001989722
2025-11-23 04:18:00,0.002686088,-0.005076302,-0.005393665
2025-11-23 04:18:10,-0.001439725,-0.009071953,0.015739842
2025-11-23 04:18:20,-0.003209402,0.007726053,-0.002459903
2025-11-23 04:18:30,0.012808151,-0.002095556,0.021034888
2025-11-23 04:18:40,0.014383810,-0.003477195,-0.007278410
2025-11-23 04:18:50,-0.004958834,-0.003886515,0.008667146
2025-11-23 04:19:00,0.009681899,0.010605459,-0.000927567
2025-11-23 04:19:10,-0.004811156,-0.012757114,0.015600398
2025-11-23 04:19:20,0.000666833,0.002839267,0.015370675
2025-11-23 04:19:30,0.000326815,-0.004693271,-0.003216095
2025-11-23 04:19:40,0.008303673,0.013664718,-0.007461998
2025-11-23 04:19:50,0.001821401,-0.001153784,-0.001000675
2025-11-23 04:20:00,0.010414603,0.008245912,0.018079487
2025-11-23 04:20:10,-0.001007375,0.017736582,0.002138478
2025-11-23 04:20:20,0.000072384,-0.015557961,-0.008184653
2025-11-23 04:20:30,0.003506957,0.002849080,-0.004864512
2025-11-23 04:20:40,-0.003588410,0.009354308,0.002630344
2025-11-23 04:20:50,-0.019358310,-0.004333296,-0.002915587
2025-11-23 04:21:00,0.004048109,0.007943630,-0.001692290
2025-11-23 04:21:10,0.014545784,0.011820605,-0.008462116
2025-11-23 04:21:20,-0.007768517,-0.003477200,0.008535774
2025-11-23 04:21:30,0.006715587,-0.004637008,-0.006680886
2025-11-23 04:21:40,-0.002253811,0.003126724,-0.006451110
2025-11-23 04:21:50,0.000017779,-0.015174009,-0.010459740
2025-11-23 04:22:00,0.000099226,0.006276413,-0.004803168
2025-11-23 04:22:10,0.003543744,-0.009682391,0.013774017
2025-11-23 04:22:20,0.008312860,0.006167114,0.006504829
2025-11-23 04:22:30,0.012326280,0.000086018,0.001408745
2025-11-23 04:22:40,0.002469136,-0.002305485,-0.001378107
2025-11-23 04:22:50,-0.015760334,-0.004956056,-0.016615587
2025-11-23 04:23:00,-0.012502714,-0.004183519,0.000455076
2025-11-23 04:23:10,0.015536601,0.008917686,0.030731214
2025-11-23 04:23:20,-0.011579709,-0.007521070,0.011942136
2025-11-23 04:23:30,0.012908102,-0.010109265,-0.005391363
2025-11-23 04:23:40,-0.009573341,0.015278682,0.002852075
2025-11-23 04:23:50,0.015410538,0.000098763,-0.017820983
2025-11-23 04:24:00,-0.019705876,-0.007238316,-0.002225916
2025-11-23 04:24:10,0.002298418,0.004095801,0.001539195
2025-11-23 04:24:20,-0.013337385,-0.004691272,-0.015842065
2025-11-23 04:24:30,0.002234803,0.004416686,0.004880919
2025-11-23 04:24:40,0.001221441,-0.004669592,0.005751721
2025-11-23 04:24:50,0.001271841,-0.010457430,-0.015097524
2025-11-23 04:25:00,0.009181514,-0.001094666,0.007830134
2025-11-23 04:25:10,0.006185461,0.010572990,0.011271213
2025-11-23 04:25:20,-0.006716197,0.010106945,-0.003783619
2025-11-23 04:25:30,0.001438990,0.004678238,-0.005248218
2025-11-23 04:25:40,0.005305363,-0.007531646,-0.009740246
2025-11-23 04:25:50,-0.002641848,-0.027711287,-0.005579408
2025-11-23 04:26:00,-0.007163922,0.011950520,0.015543437
2025-11-23 04:26:10,0.007604693,0.007645025,-0.002819051
2025-11-23 04:26:20,0.010688640,0.020427222,-0.002996678
2025-11-23 04:26:30,0.004280809,-0.003548106,-0.014445399
2025-11-23 04:26:40,-0.014505375,0.012226644,0.005650808
2025-11-23 04:26:50,-0.005088227,-0.003687634,0.000270833
2025-11-23 04:27:00,-0.001844307,-0.000618582,-0.003140257
2025-11-23 04:27:10,0.022413049,0.005308056,-0.004191866
2025-11-23 04:27:20,0.001336571,0.005717165,-0.001108414
2025-11-23 04:27:30,0.009670342,-0.015368861,-0.000492144
2025-11-23 04:27:40,-0.005843211,0.003652676,-0.004191529
2025-11-23 04:27:50,-0.010667486,0.003421552,-0.011212423
2025-11-23 04:28:00,0.005353943,-0.008312416,-0.003439875
2025-11-23 04:28:10,-0.013355963,-0.003572914,0.000764360
2025-11-23 04:28:20,0.001707692,0.002458700,0.007584772
2025-11-23 04:28:30,0.004089885,0.011525927,0.008911363
2025-11-23 04:28:40,-0.001060870,0.001914312,-0.005287438
2025-11-23 04:28:50,-0.012506700,0.007179212,-0.012059787
2025-11-23 04:29:00,-0.005455146,0.027466605,-0.011179837
2025-11-23 04:29:10,-0.006014918,0.006016910,0.002163062
2025-11-23 04:29:20,-0.000090242,-0.005224152,-0.009404578
2025-11-23 04:29:30,0.012807647,-0.010405534,0.000320366
2025-11-23 04:29:40,-0.006574705,-0.008041137,0.004384044
2025-11-23 04:29:50,0.002863721,-0.002558522,0.006918098
2025-11-23 04:30:00,-0.002307210,0.004208888,0.000659241
2025-11-23 04:30:10,-0.003153260,0.004463268,0.003646503
2025-11-23 04:30:20,0.007790014,0.018752887,-0.001029113
2025-11-23 04:30:30,0.001193210,0.010606302,0.014049984
2025-11-23 04:30:40,0.016990481,0.000091543,0.016501893
2025-11-23 04:30:50,0.003752429,0.011589263,0.017270749
2025-11-23 04:31:00,-0.015804797,0.003042304,-0.000780681
2025-11-23 04:31:10,0.005927294,0.006618633,-0.019454923
2025-11-23 04:31:20,-0.004835663,-0.006994365,-0.020151906
2025-11-23 04:31:30,0.011359891,0.013384963,0.009362126
2025-11-23 04:31:40,0.010624140,-0.004484974,-0.001120611
2025-11-23 04:31:50,-0.016177655,-0.003047566,-0.004428541
2025-11-23 04:32:00,-0.007556573,-0.004641070,-0.000081768
2025-11-23 04:32:10,0.005399121,-0.013878336,0.021219585
2025-11-23 04:32:20,-0.000176146,-0.006745822,-0.010262243
2025-11-23 04:32:30,-0.004647636,-0.002655877,0.011077121
2025-11-23 04:32:40,0.000232971,0.013291618,0.008730599
2025-11-23 04:32:50,-0.010287348,0.008723824,-0.012242924
2025-11-23 04:33:00,0.018344988,-0.006099584,-0.010942758
2025-11-23 04:33:10,0.001843576,0.009826435,-0.008830478
2025-11-23 04:33:20,-0.002514799,-0.004938999,-0.001928401
2025-11-23 04:33:30,0.005700993,-0.008456855,-0.011923971
2025-11-23 04:33:40,-0.012493257,-0.008395717,0.005954099
2025-11-23 04:33:50,0.004650207,-0.004621400,0.007684365
2025-11-23 04:34:00,0.001063883,-0.008039060,0.003155064
2025-11-23 04:34:10,-0.004309084,0.002981806,-0.012402368
2025-11-23 04:34:20,0.015316151,-0.018198740,-0.019074401
2025-11-23 04:34:30,-0.004873683,-0.009347658,-0.001298187
2025-11-23 04:34:40,0.016881051,-0.005141891,-0.016384927
2025-11-23 04:34:50,0.010164059,0.005772221,-0.001123555
2025-11-23 04:35:00,0.012153969,-0.013266094,-0.009431530
2025-11-23 04:35:10,0.020043367,0.005062737,-0.013288050
2025-11-23 04:35:20,-0.009350889,0.007729128,-0.008719736
2025-11-23 04:35:30,0.014680687,0.011176532,0.008729197
2025-11-23 04:35:40,0.006078691,-0.005488851,0.003917178
2025-11-23 04:35:50,0.014989316,0.004876003,-0.004430608
2025-11-23 04:36:00,0.003122510,0.010101574,-0.010146307
2025-11-23 04:36:10,0.001735562,0.006433981,-0.014712270
2025-11-23 04:36:20,0.011842518,-0.003671999,-0.009196269
2025-11-23 04:36:30,-0.007791596,-0.000341010,-0.005271471
2025-11-23 04:36:40,0.001302117,-0.003811807,0.002078799
2025-11-23 04:36:50,0.007223723,0.013256585,-0.002860336
2025-11-23 04:37:00,-0.013122479,-0.012514690,0.000807929
2025-11-23 04:37:10,-0.004985380,-0.006957347,-0.007455674
2025-11-23 04:37:20,0.009531947,-0.015490919,-0.010213564
2025-11-23 04:37:30,0.006264061,-0.008747291,0.004225298
2025-11-23 04:37:40,-0.014757254,0.012718734,0.010863876
2025-11-23 04:37:50,-0.012663350,-0.014454149,0.017056276
2025-11-23 04:38:00,0.007472167,0.002710851,0.013229152
2025-11-23 04:38:10,0.018970870,0.019494051,0.014487469
2025-11-23 04:38:20,-0.018699897,-0.016358408,0.006940060
2025-11-23 04:38:30,-0.004364959,-0.013887827,0.012633940
2025-11-23 04:38:40,-0.027822082,-0.012220572,0.004975471
2025-11-23 04:38:50,0.011013660,-0.010193029,-0.009245522
2025-11-23 04:39:00,0.001823232,0.017675250,0.011467580
2025-11-23 04:39:10,-0.001892744,-0.006916647,-0.005500998
2025-11-23 04:39:20,0.016260159,0.001932846,-0.003483655
2025-11-23 04:39:30,0.001490177,-0.003312956,0.001933182
2025-11-23 04:39:40,-0.005863654,0.003532280,-0.011381988
2025-11-23 04:39:50,0.029934914,0.002670372,0.000421437
2025-11-23 04:40:00,0.003862415,0.001806629,0.018797578
2025-11-23 04:40:10,-0.005975896,0.013305687,0.003284680
2025-11-23 04:40:20,0.004524060,-0.011272305,-0.006238579
2025-11-23 04:40:30,0.002235198,0.012140036,0.007931752
2025-11-23 04:40:40,0.011086898,-0.006712130,-0.004955766
2025-11-23 04:40:50,-0.007597341,0.004938697,-0.005339609
2025-11-23 04:41:00,0.004070880,0.000640304,0.012198497
2025-11-23 04:41:10,0.013792649,0.004513422,0.007712856
2025-11-23 04:41:20,-0.011763861,0.001741991,-0.016466302
2025-11-23 04:41:30,-0.004280995,-0.002232405,-0.018665756
2025-11-23 04:41:40,-0.007510460,0.000446499,-0.018564207
2025-11-23 04:41:50,-0.002051327,0.009499770,0.005795024
2025-11-23 04:42:00,-0.009667169,-0.008019553,-0.012163148
2025-11-23 04:42:10,0.008834844,-0.006399981,-0.005730632
2025-11-23 04:42:20,0.008455995,0.001009293,-0.016897352
2025-11-23 04:42:30,-0.014544415,0.010416153,-0.002922411
2025-11-23 04:42:40,0.008858586,-0.007276126,-0.009629596
2025-11-23 04:42:50,-0.012582380,-0.001427894,-0.006014648
2025-11-23 04:43:00,-0.009928777,0.001662050,0.003784040
2025-11-23 04:43:10,-0.010063241,0.011450633,-0.004206401
2025-11-23 04:43:20,0.007231679,0.006265060,0.005258555
2025-11-23 04:43:30,-0.001722774,0.007782896,-0.009185491
2025-11-23 04:43:40,-0.002995425,0.001882418,-0.010089788
2025-11-23 04:43:50,-0.011742420,0.008935260,-0.013702038
2025-11-23 04:44:00,-0.001090787,0.005554087,0.001179240
2025-11-23 04:44:10,0.018882026,-0.022039810,-0.006856456
2025-11-23 04:44:20,0.001779839,0.000457974,-0.015146925
2025-11-23 04:44:30,-0.013808744,-0.003719046,0.008027837
2025-11-23 04:44:40,0.002504253,-0.005397895,-0.011511157
2025-11-23 04:44:50,-0.002212025,-0.003988384,-0.010797464
2025-11-23 04:45:00,0.002002303,0.003177016,-0.000858088
2025-11-23 04:45:10,-0.017488454,0.011364172,-0.008466504
2025-11-23 04:45:20,0.013774169,-0.003259881,-0.008610062
2025-11-23 04:45:30,0.004464300,0.015179356,-0.013914531
2025-11-23 04:45:40,0.009451876,-0.024328570,-0.001640647
2025-11-23 04:45:50,0.006769882,0.005374136,0.013575272
2025-11-23 04:46:00,-0.003433286,0.002088055,-0.008522167
2025-11-23 04:46:10,-0.000255381,-0.001610844,-0.005322621
2025-11-23 04:46:20,-0.003696404,-0.005947240,0.011867361
2025-11-23 04:46:30,-0.004147541,0.007066017,0.017125429
2025-11-23 04:46:40,0.004237122,-0.002791888,0.004341948
2025-11-23 04:46:50,0.003277068,0.011345058,-0.004609977
2025-11-23 04:47:00,-0.008226412,-0.007513179,0.003196800
2025-11-23 04:47:10,0.007798327,-0.015092606,-0.002716455
2025-11-23 04:47:20,0.021294425,-0.006679330,0.004537361
2025-11-23 04:47:30,0.005744674,-0.000879094,0.000504669
2025-11-23 04:47:40,-0.000077642,-0.002690554,0.007016725
2025-11-23 04:47:50,0.009531893,0.012326011,0.001699796
2025-11-23 04:48:00,-0.004664468,-0.010338352,0.010340538
2025-11-23 04:48:10,0.002680051,-0.004555037,0.012346756
2025-11-23 04:48:20,-0.004424674,-0.008776989,0.001757570
2025-11-23 04:48:30,0.020014536,-0.021303630,-0.005609281
2025-11-23 04:48:40,0.002230617,-0.003636560,-0.019894541
2025-11-23 04:48:50,-0.000562977,-0.002234576,0.014454803
2025-11-23 04:49:00,0.007830557,0.000036141,0.009578828
2025-11-23 04:49:10,-0.002064918,0.011088364,0.007882756
2025-11-23 04:49:20,0.004433320,0.006459479,0.008916802
2025-11-23 04:49:30,-0.012948206,0.005385636,-0.015593487
2025-11-23 04:49:40,-0.008784059,0.002517192,-0.010467841
2025-11-23 04:49:50,-0.007963545,-0.010289769,0.003081453
2025-11-23 04:50:00,-0.008940656,-0.017115369,0.003061842
2025-11-23 04:50:10,0.003280266,0.005133329,0.004264497
2025-11-23 04:50:20,0.019522274,0.001619112,-0.007550195
2025-11-23 04:50:30,0.008913699,-0.002913600,-0.002886166
2025-11-23 04:50:40,0.001339529,-0.027066849,0.008700554
2025-11-23 04:50:50,0.004842430,0.008696831,0.010350226
2025-11-23 04:51:00,0.000904055,0.009860098,0.008366723
2025-11-23 04:51:10,-0.002933524,0.008230018,0.020294402
2025-11-23 04:51:20,-0.005558744,-0.020011896,0.005225316
2025-11-23 04:51:30,0.013208231,0.005635607,0.004692454
2025-11-23 04:51:40,0.000691136,-0.004701433,0.006216391
2025-11-23 04:51:50,-0.003347946,-0.013167131,0.003845670
2025-11-23 04:52:00,0.002821767,0.016735064,0.002044056
2025-11-23 04:52:10,0.010726008,-0.011235221,0.008208294
2025-11-23 04:52:20,0.011321643,-0.012511142,0.002681840
2025-11-23 04:52:30,0.005638367,0.008661213,-0.006701058
2025-11-23 04:52:40,0.013843091,-0.002761529,-0.003160915
2025-11-23 04:52:50,0.015482125,0.006922859,-0.004961097
2025-11-23 04:53:00,-0.001024923,0.001478110,0.004343216
2025-11-23 04:53:10,-0.004023549,-0.011297658,-0.004965788
2025-11-23 04:53:20,-0.007117313,-0.003770321,-0.015081860
2025-11-23 04:53:30,0.002309638,0.004576937,-0.001220416
2025-11-23 04:53:40,-0.003230235,0.016659564,-0.004921560
2025-11-23 04:53:50,-0.005948121,0.003629676,0.011856406
2025-11-23 04:54:00,-0.006940109,-0.014568643,0.000992946
2025-11-23 04:54:10,-0.000410273,0.004017981,0.012456850
2025-11-23 04:54:20,0.011860363,0.003349180,0.001207554
2025-11-23 04:54:30,-0.010906154,0.014612269,-0.005500612
2025-11-23 04:54:40,-0.005546724,0.004209509,-0.015266814
2025-11-23 04:54:50,-0.008300543,-0.009091139,0.006227068
2025-11-23 04:55:00,0.004836135,-0.021587371,-0.001881909
2025-11-23 04:55:10,-0.008034767,0.008768365,-0.006388233
2025-11-23 04:55:20,0.005542001,0.001307065,-0.002615847
2025-11-23 04:55:30,-0.003772293,-0.007239289,-0.009623768
2025-11-23 04:55:40,-0.000512159,0.013010889,-0.010818400
2025-11-23 04:55:50,-0.023112204,0.008526764,0.000111572
2025-11-23 04:56:00,-0.009996105,0.018744402,-0.009083193
2025-11-23 04:56:10,-0.008219247,0.003695057,-0.005296365
2025-11-23 04:56:20,0.011223728,0.003773770,-0.001452959
2025-11-23 04:56:30,0.003617076,-0.012483009,0.006108982
2025-11-23 04:56:40,-0.010497934,0.008211381,-0.020721966
2025-11-23 04:56:50,-0.002308317,0.013059352,-0.004490759
2025-11-23 04:57:00,0.010359916,-0.009445785,-0.004281696
2025-11-23 04:57:10,-0.002733926,0.014195688,0.005317513
2025-11-23 04:57:20,0.003529933,-0.009003978,0.005140170
2025-11-23 04:57:30,-0.022936613,-0.006287521,0.001059442
2025-11-23 04:57:40,-0.014910690,0.009399445,0.008786394
2025-11-23 04:57:50,-0.003248949,0.001545439,-0.006657162
2025-11-23 04:58:00,0.004158794,-0.006683201,-0.005675234
2025-11-23 04:58:10,0.014713926,0.012109615,-0.001446737
2025-11-23 04:58:20,-0.000590781,0.010193251,-0.009863817
2025-11-23 04:58:30,0.011482345,0.005822971,-0.015948934
2025-11-23 04:58:40,-0.005097772,0.015751092,0.000998446
2025-11-23 04:58:50,-0.001404977,0.001579196,0.023036472
2025-11-23 04:59:00,0.010644065,0.012909250,-0.002393061
2025-11-23 04:59:10,-0.006160470,-0.009593576,-0.004063163
2025-11-23 04:59:20,-0.005713336,-0.006953930,0.005970701
2025-11-23 04:59:30,-0.008251812,-0.027622801,-0.012202485
2025-11-23 04:59:40,0.004814580,0.000211846,0.012442722
2025-11-23 04:59:50,-0.002378963,-0.001133813,0.003782146
2025-11-23 05:00:00,0.008313156,0.012212979,0.016317921
2025-11-23 05:00:10,-0.006234627,0.001844371,-0.002147617
2025-11-23 05:00:20,-0.003093464,0.019106671,0.006367141
2025-11-23 05:00:30,-0.002084901,0.012373848,0.016205345
2025-11-23 05:00:40,-0.018922931,0.004195178,0.004321129
2025-11-23 05:00:50,0.001186010,0.010765012,0.017892337
2025-11-23 05:01:00,-0.008761279,-0.006060130,-0.005631464
2025-11-23 05:01:10,-0.003296378,0.000427279,-0.009242810
2025-11-23 05:01:20,0.006067506,0.005325619,0.003493027
2025-11-23 05:01:30,-0.002636111,-0.003654173,0.002100685
2025-11-23 05:01:40,0.006010536,0.004421642,-0.003365926
2025-11-23 05:01:50,0.001173262,0.012935599,0.022169653
2025-11-23 05:02:00,-0.008701860,-0.000267486,0.007100653
2025-11-23 05:02:10,-0.010648775,-0.008160818,0.003569064
2025-11-23 05:02:20,-0.023257388,0.008849632,0.001701771
2025-11-23 05:02:30,-0.004602396,-0.009884668,0.003497034
2025-11-23 05:02:40,0.005482525,-0.005848781,-0.000479051
2025-11-23 05:02:50,0.012375408,-0.000636356,-0.010386977
2025-11-23 05:03:00,-0.004353870,-0.002977532,-0.009904983
2025-11-23 05:03:10,0.015476451,0.005317188,0.003120161
2025-11-23 05:03:20,-0.002927236,-0.004421570,0.010573931
2025-11-23 05:03:30,0.004035140,0.016827784,-0.013133212
2025-11-23 05:03:40,-0.008031175,-0.000439941,0.007205786
2025-11-23 05:03:50,-0.009299351,-0.008980588,-0.005087057
2025-11-23 05:04:00,0.003922917,-0.009961653,0.013261368
2025-11-23 05:04:10,-0.007894139,-0.001123650,0.007311622
2025-11-23 05:04:20,0.007486920,0.008155778,-0.002543006
2025-11-23 05:04:30,-0.017642952,-0.000463277,0.022373680
2025-11-23 05:04:40,-0.013566521,-0.000323510,-0.015671554
2025-11-23 05:04:50,-0.001932952,-0.004149210,-0.018692151
2025-11-23 05:05:00,-0.005210515,-0.008530136,-0.005525797
2025-11-23 05:05:10,0.004957523,-0.004633948,0.015221973
2025-11-23 05:05:20,0.003814597,-0.000116558,-0.010434586
2025-11-23 05:05:30,-0.010018729,-0.001212851,0.010180562
2025-11-23 05:05:40,0.002334728,-0.004203753,0.007979763
2025-11-23 05:05:50,0.008565157,0.007312670,0.007959608
2025-11-23 05:06:00,0.008706293,0.010771211,0.013956384
2025-11-23 05:06:10,0.007297464,-0.008572400,0.005137120
2025-11-23 05:06:20,0.024694239,0.009899018,-0.006790231
2025-11-23 05:06:30,-0.010197092,-0.019947240,0.007134108
2025-11-23 05:06:40,0.001834776,-0.005028186,0.009367628
2025-11-23 05:06:50,-0.002207167,0.004520360,0.000378202
2025-11-23 05:07:00,0.023883186,0.006213087,0.003037869
2025-11-23 05:07:10,-0.015883018,0.001811467,-0.002020234
2025-11-23 05:07:20,-0.007985131,0.015013702,-0.007029935
2025-11-23 05:07:30,-0.008770140,0.010728045,-0.000928504
2025-11-23 05:07:40,0.000189379,0.003128646,0.010737416
2025-11-23 05:07:50,0.016106649,-0.006318977,0.002113587
2025-11-23 05:08:00,0.002795246,0.004728377,-0.005220058
2025-11-23 05:08:10,0.012693565,0.012061454,0.013824056
2025-11-23 05:08:20,-0.025827215,-0.007386945,-0.004525863
2025-11-23 05:08:30,-0.007941717,-0.014767457,0.005262414
2025-11-23 05:08:40,0.002681595,0.006350769,0.005628732
2025-11-23 05:08:50,0.004002351,-0.007305686,0.002019857
2025-11-23 05:09:00,-0.000042200,-0.026511078,0.003297269
2025-11-23 05:09:10,-0.007217427,0.002289948,-0.022875043
2025-11-23 05:09:20,-0.007781778,0.002366564,0.012193379
2025-11-23 05:09:30,-0.013409455,0.000487829,-0.007500779
2025-11-23 05:09:40,-0.007359264,-0.003339389,0.003307619
2025-11-23 05:09:50,0.005617811,0.017882898,-0.012884695
2025-11-23 05:10:00,-0.001458338,0.023155098,-0.001277971
2025-11-23 05:10:10,0.008343999,-0.008800336,-0.006947862
2025-11-23 05:10:20,0.012913836,-0.007675197,-0.017635702
2025-11-23 05:10:30,-0.000365071,-0.014894612,-0.016894813
2025-11-23 05:10:40,-0.008059567,-0.001560258,0.001718694
2025-11-23 05:10:50,0.000596942,-0.004122957,0.001940168
2025-11-23 05:11:00,-0.017689316,0.011003480,-0.017869663
2025-11-23 05:11:10,0.003239033,0.003131443,0.009920706
2025-11-23 05:11:20,-0.012983030,-0.001261522,-0.009756645
2025-11-23 05:11:30,-0.000793286,-0.006554937,0.011894366
2025-11-23 05:11:40,-0.004392467,0.004714985,0.022466580
2025-11-23 05:11:50,-0.009043825,-0.008950763,0.010835956
2025-11-23 05:12:00,0.013673607,-0.001107295,-0.004638709
2025-11-23 05:12:10,0.007647869,-0.004639767,-0.009950762
2025-11-23 05:12:20,-0.006756931,-0.010108545,0.002299835
2025-11-23 05:12:30,0.012987321,0.002328841,0.007477949
2025-11-23 05:12:40,-0.007141129,-0.013940306,0.000339809
2025-11-23 05:12:50,0.000373775,-0.003572759,0.010911726
2025-11-23 05:13:00,-0.005873200,0.002189310,0.007807398
2025-11-23 05:13:10,-0.008341466,-0.015017543,0.002162545
2025-11-23 05:13:20,-0.022558029,-0.006310917,-0.004653845
2025-11-23 05:13:30,-0.007888791,-0.013403868,0.010915670
2025-11-23 05:13:40,0.007948583,0.009557889,0.018580061
2025-11-23 05:13:50,-0.009445585,-0.002528280,-0.001295549
2025-11-23 05:14:00,-0.009670678,0.001331814,-0.014300058
2025-11-23 05:14:10,-0.010236635,0.019487241,0.001619175
2025-11-23 05:14:20,-0.001069760,0.000946522,0.014286068
2025-11-23 05:14:30,0.011019541,0.010510010,0.012961987
2025-11-23 05:14:40,-0.011510255,-0.009859534,0.002209249
2025-11-23 05:14:50,-0.007312704,0.004916988,-0.014200412
2025-11-23 05:15:00,0.003510415,0.001363058,0.003479329
2025-11-23 05:15:10,-0.007941657,-0.000292773,0.005925039
2025-11-23 05:15:20,-0.003408220,0.008297430,0.006218951
2025-11-23 05:15:30,-0.006689358,-0.003940611,-0.014851363
2025-11-23 05:15:40,0.009665665,-0.000137116,-0.006211463
2025-11-23 05:15:50,-0.003315415,0.011078326,-0.016016504
2025-11-23 05:16:00,-0.019256779,-0.008487212,0.005500948
2025-11-23 05:16:10,0.003376579,0.000686326,-0.019097553
2025-11-23 05:16:20,-0.007807751,-0.010376089,0.002980311
2025-11-23 05:16:30,-0.006708740,0.007705231,-0.025119062
2025-11-23 05:16:40,-0.007755536,0.006948243,-0.002228450
2025-11-23 05:16:50,0.009116974,0.002280935,-0.001258265
2025-11-23 05:17:00,-0.006164372,-0.003740087,0.014516792
2025-11-23 05:17:10,0.004065036,-0.017495910,0.000152379
2025-11-23 05:17:20,-0.009152357,-0.008909930,0.011876956
2025-11-23 05:17:30,-0.004179347,-0.002601516,-0.003261039
2025-11-23 05:17:40,0.005877305,0.003645127,-0.019549209
2025-11-23 05:17:50,0.002411817,0.002369158,-0.017642447
2025-11-23 05:18:00,0.003008461,0.000777609,0.003590645
2025-11-23 05:18:10,-0.000555290,0.018035174,0.017066662
2025-11-23 05:18:20,0.007436408,-0.004516043,0.022415116
2025-11-23 05:18:30,-0.005753723,-0.008780923,0.002566734
2025-11-23 05:18:40,0.009492207,0.000575043,-0.007545664
2025-11-23 05:18:50,-0.011438792,0.008065577,-0.018723861
2025-11-23 05:19:00,-0.011767625,-0.003895804,-0.011212139
2025-11-23 05:19:10,-0.006602489,-0.006323929,0.021173462
2025-11-23 05:19:20,-0.002652318,0.000871200,0.007700294
2025-11-23 05:19:30,0.003258483,0.002868911,0.011723094
2025-11-23 05:19:40,0.003203191,-0.007666688,0.004649789
2025-11-23 05:19:50,0.005338273,0.002449918,0.011913355
2025-11-23 05:20:00,0.002652036,0.002418146,-0.021336378
2025-11-23 05:20:10,0.020807564,0.003866393,-0.001425456
2025-11-23 05:20:20,0.001859837,-0.000675336,-0.004335721
2025-11-23 05:20:30,-0.012659281,0.007856099,0.002176398
2025-11-23 05:20:40,-0.018882505,-0.007251100,-0.002792707
2025-11-23 05:20:50,-0.013152010,-0.005779846,0.001732706
2025-11-23 05:21:00,0.004511211,-0.001915052,-0.007133120
2025-11-23 05:21:10,0.000636372,-0.003915244,0.004610874
2025-11-23 05:21:20,-0.002514520,-0.006089478,-0.002446832
2025-11-23 05:21:30,0.010482057,-0.013610504,-0.002375058
2025-11-23 05:21:40,-0.003050657,-0.002846120,0.008303180
2025-11-23 05:21:50,-0.008291455,-0.005444231,-0.004101652
2025-11-23 05:22:00,0.011220859,0.015753238,-0.009604377
2025-11-23 05:22:10,-0.001232435,-0.001270829,-0.012278583
2025-11-23 05:22:20,0.001703242,-0.000380511,-0.007974540
2025-11-23 05:22:30,0.008605203,0.009677693,0.005919407
2025-11-23 05:22:40,0.008285975,-0.016459025,0.010997875
2025-11-23 05:22:50,0.009107584,-0.005918550,0.012197306
2025-11-23 05:23:00,0.000534771,-0.014304144,0.019475132
2025-11-23 05:23:10,-0.006587985,-0.008590969,-0.006044823
2025-11-23 05:23:20,0.010960466,-0.000702592,-0.003980952
2025-11-23 05:23:30,-0.010138666,-0.016534163,0.000144176
2025-11-23 05:23:40,0.010473459,0.004266408,-0.009241653
2025-11-23 05:23:50,-0.015104643,-0.010121753,0.018059068
2025-11-23 05:24:00,0.006201907,0.012654637,-0.005581279
2025-11-23 05:24:10,-0.000756159,-0.016709930,-0.008006654
2025-11-23 05:24:20,0.006220969,0.001137011,-0.007776580
2025-11-23 05:24:30,-0.019135570,0.004152524,0.004498189
2025-11-23 05:24:40,0.009627446,-0.007687640,0.005703135
2025-11-23 05:24:50,-0.001028959,-0.003120115,0.005053916
2025-11-23 05:25:00,0.022847248,-0.006835015,-0.000039544
2025-11-23 05:25:10,-0.004671085,0.006691258,0.001122832
2025-11-23 05:25:20,0.003581815,0.008186773,0.013059379
2025-11-23 05:25:30,-0.008413062,-0.014082115,-0.015017868
2025-11-23 05:25:40,-0.007421364,0.000402696,0.000783376
2025-11-23 05:25:50,0.006382471,0.011073688,-0.010005467
2025-11-23 05:26:00,-0.002255211,-0.018178713,0.007860998
2025-11-23 05:26:10,0.004083364,-0.005424357,0.017686175
2025-11-23 05:26:20,0.001152739,0.007893337,0.005747405
2025-11-23 05:26:30,0.006290678,-0.001519817,-0.006952920
2025-11-23 05:26:40,0.011369426,-0.005652331,0.006970702
2025-11-23 05:26:50,-0.008054905,0.001947367,-0.007908025
2025-11-23 05:27:00,0.011199629,0.008234675,-0.009816205
2025-11-23 05:27:10,-0.009878068,0.008633871,0.002512784
2025-11-23 05:27:20,-0.002145026,0.002346361,-0.000042230
2025-11-23 05:27:30,-0.010626021,-0.002531321,0.003103731
2025-11-23 05:27:40,-0.017507684,-0.000921393,0.007393799
2025-11-23 05:27:50,0.000543195,-0.000801628,-0.005478861
2025-11-23 05:28:00,0.022670339,0.002040426,-0.008706866
2025-11-23 05:28:10,0.006913964,0.001526637,0.007730897
2025-11-23 05:28:20,0.008028246,0.003721932,-0.004722573
2025-11-23 05:28:30,0.008901717,-0.000946522,0.022271825
2025-11-23 05:28:40,-0.015081167,-0.004458216,-0.011945211
2025-11-23 05:28:50,-0.009892770,0.009448464,-0.007857447
2025-11-23 05:29:00,0.005977752,-0.001440082,-0.007344272
2025-11-23 05:29:10,-0.015959131,-0.007856011,0.003971809
2025-11-23 05:29:20,-0.005314699,-0.001412599,0.008878768
2025-11-23 05:29:30,0.001929811,0.001736000,-0.006634666
2025-11-23 05:29:40,0.000386386,0.011222122,-0.012988615
2025-11-23 05:29:50,-0.014496271,0.004859430,-0.024968743
2025-11-23 05:30:00,-0.009619341,0.006018660,-0.000505988
2025-11-23 05:30:10,0.005316153,0.002590676,0.007333260
2025-11-23 05:30:20,0.000116123,0.001438496,0.004528200
2025-11-23 05:30:30,0.003924150,0.016879173,0.001675858
2025-11-23 05:30:40,-0.007466005,-0.007186246,-0.005919546
2025-11-23 05:30:50,-0.001500758,-0.012957159,-0.014941027
2025-11-23 05:31:00,-0.001641427,0.010842284,0.004865462
2025-11-23 05:31:10,0.006375578,0.008510448,-0.013990334
2025-11-23 05:31:20,0.006982654,0.006912723,0.000084602
2025-11-23 05:31:30,-0.007721396,0.008630264,0.009684194
2025-11-23 05:31:40,0.006483165,-0.000245823,-0.013250269
2025-11-23 05:31:50,-0.007233517,0.002657949,-0.001565171
2025-11-23 05:32:00,-0.016580137,0.003590230,0.000899569
2025-11-23 05:32:10,-0.001619018,0.001165787,-0.004433393
2025-11-23 05:32:20,-0.005140520,-0.010088492,-0.010587040
2025-11-23 05:32:30,-0.001959706,0.007118228,0.009632969
2025-11-23 05:32:40,-0.000491528,-0.011141155,0.001865239
2025-11-23 05:32:50,0.012224456,0.018589483,0.009408010
2025-11-23 05:33:00,-0.002018788,0.008145630,0.009206865
2025-11-23 05:33:10,0.010912691,-0.002648163,-0.002190149
2025-11-23 05:33:20,-0.015531642,-0.001977179,0.009206700
2025-11-23 05:33:30,-0.005137055,0.004985578,0.002322658
2025-11-23 05:33:40,-0.003267083,0.002377056,0.014559685
2025-11-23 05:33:50,-0.011062588,-0.021541268,0.012738241
2025-11-23 05:34:00,-0.017279966,-0.017816293,-0.001232780
2025-11-23 05:34:10,-0.003119544,-0.004125454,-0.008634108
2025-11-23 05:34:20,0.002933336,0.002464299,-0.010158926
2025-11-23 05:34:30,0.004848265,-0.026690215,0.011128695
2025-11-23 05:34:40,-0.001278608,-0.012193814,0.004718204
2025-11-23 05:34:50,0.016981535,0.003928125,0.001323927
2025-11-23 05:35:00,0.012709347,0.006086645,0.005124976
2025-11-23 05:35:10,-0.003191167,0.000569674,0.006169572
2025-11-23 05:35:20,0.007670417,0.002062953,-0.005271046
2025-11-23 05:35:30,-0.013190944,-0.006994320,0.012281863
2025-11-23 05:35:40,0.008026443,0.013237073,-0.003868211
2025-11-23 05:35:50,0.007050316,-0.003879776,0.000314380
2025-11-23 05:36:00,0.009235241,-0.010208293,-0.003419511
2025-11-23 05:36:10,0.001324439,0.005315398,-0.007899614
2025-11-23 05:36:20,-0.007208559,0.001245223,-0.008304214
2025-11-23 05:36:30,0.023493566,-0.009559664,0.013173623
2025-11-23 05:36:40,0.003276157,0.002340012,-0.015617160
2025-11-23 05:36:50,0.007794433,0.000227640,-0.005660894
2025-11-23 05:37:00,0.006954313,0.013423481,-0.004974246
2025-11-23 05:37:10,0.013002831,0.002177694,0.007915351
2025-11-23 05:37:20,-0.003391984,-0.004883661,0.012404501
2025-11-23 05:37:30,0.002329452,-0.014018876,-0.003229608
2025-11-23 05:37:40,0.025350959,-0.002084365,-0.013090450
2025-11-23 05:37:50,-0.005446188,-0.009699325,0.007356088
2025-11-23 05:38:00,0.003117217,0.035550661,0.003169956
2025-11-23 05:38:10,-0.019155862,-0.004196202,0.017639673
2025-11-23 05:38:20,0.007938214,0.000428185,-0.006294339
2025-11-23 05:38:30,-0.002274848,0.019050319,0.016534543
2025-11-23 05:38:40,0.006686898,-0.004861986,0.012266793
2025-11-23 05:38:50,-0.019886458,0.008882972,-0.002209371
2025-11-23 05:39:00,0.007840446,-0.010509070,-0.009253352
2025-11-23 05:39:10,-0.017500482,-0.010438161,-0.000767488
2025-11-23 05:39:20,-0.001820216,-0.012425611,0.002766386
2025-11-23 05:39:30,-0.004274879,0.025268590,-0.011787866
2025-11-23 05:39:40,-0.012841689,0.002795001,-0.024742158
2025-11-23 05:39:50,0.005892096,0.000515542,-0.003463501
2025-11-23 05:40:00,0.006899764,0.015798490,-0.011340293
2025-11-23 05:40:10,0.015087398,0.002409418,0.001201967
2025-11-23 05:40:20,0.002359718,-0.001691888,-0.001802995
2025-11-23 05:40:30,-0.012663411,-0.013020932,0.016782497
2025-11-23 05:40:40,0.008256307,-0.016030995,-0.001078212
2025-11-23 05:40:50,-0.004424271,0.014397814,-0.004622125
2025-11-23 05:41:00,0.005121267,0.016288870,0.002550595
2025-11-23 05:41:10,0.002146888,-0.007638826,-0.004639445
2025-11-23 05:41:20,0.016356235,-0.009802381,0.002738039
2025-11-23 05:41:30,-0.005732684,-0.006719395,0.009704437
2025-11-23 05:41:40,-0.008903540,0.000649616,0.011589752
2025-11-23 05:41:50,0.002964154,0.004103325,-0.000724725
2025-11-23 05:42:00,-0.015947644,-0.009230362,-0.013374733
2025-11-23 05:42:10,0.003239645,-0.012806449,0.003143049
2025-11-23 05:42:20,0.000688641,0.007632434,-0.015935054
2025-11-23 05:42:30,0.000945122,-0.006550892,-0.001725849
2025-11-23 05:42:40,-0.008048750,-0.012142003,-0.017165290
2025-11-23 05:42:50,0.004969498,0.023999203,-0.008856213
2025-11-23 05:43:00,0.019740557,0.013594710,-0.002937314
2025-11-23 05:43:10,-0.004939007,0.003584883,-0.013016629
2025-11-23 05:43:20,0.017256541,0.010307995,-0.014584745
2025-11-23 05:43:30,-0.002188094,-0.003509660,-0.003865894
2025-11-23 05:43:40,-0.008970939,0.009608213,-0.004839673
2025-11-23 05:43:50,0.003234537,-0.000568136,-0.001893990
2025-11-23 05:44:00,0.011776562,0.002453344,-0.009222084
2025-11-23 05:44:10,0.002470081,0.007153695,0.013031176
2025-11-23 05:44:20,0.007218871,-0.003795946,0.012292179
2025-11-23 05:44:30,-0.015803155,-0.017525243,0.003440182
2025-11-23 05:44:40,0.004920780,0.003536681,-0.022486684
2025-11-23 05:44:50,-0.003941345,-0.001776408,-0.012534541
2025-11-23 05:45:00,0.008714266,0.006190356,0.007599374
2025-11-23 05:45:10,0.011802030,-0.004171484,-0.013242142
2025-11-23 05:45:20,-0.005310588,0.010800495,-0.007304447
2025-11-23 05:45:30,0.016423231,0.006218245,-0.001538193
2025-11-23 05:45:40,0.005409238,-0.009531574,-0.014236516
2025-11-23 05:45:50,-0.002953673,-0.002561112,0.010836088
2025-11-23 05:46:00,0.006595662,0.000989665,0.002686032
2025-11-23 05:46:10,0.001613347,0.004629470,0.018990181
2025-11-23 05:46:20,-0.015940224,0.006845391,0.006704863
2025-11-23 05:46:30,-0.002979798,0.000753065,-0.002926241
2025-11-23 05:46:40,-0.007560623,-0.008558763,0.002324440
2025-11-23 05:46:50,0.003493454,-0.005470411,0.013805059
2025-11-23 05:47:00,-0.004827999,0.017335637,0.027598487
2025-11-23 05:47:10,-0.010400035,0.007155434,-0.000526026
2025-11-23 05:47:20,-0.008543571,-0.002843460,-0.006153396
2025-11-23 05:47:30,0.007363234,0.002825054,0.002832159
2025-11-23 05:47:40,-0.001180647,-0.002053592,0.000157411
2025-11-23 05:47:50,0.013977985,0.001457674,-0.014062072
2025-11-23 05:48:00,-0.010579968,0.013922856,-0.003036139
2025-11-23 05:48:10,-0.000427026,0.008741558,0.006212376
2025-11-23 05:48:20,0.018935010,0.013141910,-0.019461233
2025-11-23 05:48:30,-0.006550908,-0.011777466,0.007262646
2025-11-23 05:48:40,-0.010790257,0.003061169,0.000972572
2025-11-23 05:48:50,0.016064842,0.005673693,0.007217439
2025-11-23 05:49:00,-0.007903375,-0.006231302,-0.000701072
2025-11-23 05:49:10,-0.000737667,-0.000837639,0.007234196
2025-11-23 05:49:20,-0.009998198,-0.000114449,-0.011422684
2025-11-23 05:49:30,-0.009302031,0.012840082,0.010127314
2025-11-23 05:49:40,-0.013663151,0.006715785,-0.000736816
2025-11-23 05:49:50,0.010240553,-0.009288111,0.013486308
2025-11-23 05:50:00,-0.008389846,-0.009085304,0.020183551
2025-11-23 05:50:10,0.011073201,-0.000362089,-0.018602833
2025-11-23 05:50:20,-0.002793670,0.006689835,-0.014218539
2025-11-23 05:50:30,0.003088546,-0.006905249,0.008444948
2025-11-23 05:50:40,-0.001267590,0.008775952,0.004730449
2025-11-23 05:50:50,-0.007402900,0.015653883,-0.001265873
2025-11-23 05:51:00,0.015767189,0.023833793,0.007320450
2025-11-23 05:51:10,0.009204853,0.009605040,-0.008240139
2025-11-23 05:51:20,-0.002762766,0.008704492,-0.016848381
2025-11-23 05:51:30,0.005364522,0.004733574,-0.000633104
2025-11-23 05:51:40,-0.002501867,-0.017688322,0.006652443
2025-11-23 05:51:50,-0.001162324,0.005674794,-0.001554275
2025-11-23 05:52:00,-0.014641575,0.001767319,0.000600323
2025-11-23 05:52:10,-0.009578554,-0.014088833,-0.008094492
2025-11-23 05:52:20,-0.007904030,-0.006569290,0.000531717
2025-11-23 05:52:30,-0.003446325,0.005086857,0.003124897
2025-11-23 05:52:40,-0.013750217,-0.017194204,0.003880136
2025-11-23 05:52:50,0.021166503,-0.008403401,0.011622512
2025-11-23 05:53:00,0.016029236,-0.015819265,-0.006690487
2025-11-23 05:53:10,0.006434081,0.009298634,0.015251001
2025-11-23 05:53:20,-0.012360054,-0.002010923,-0.025316475
2025-11-23 05:53:30,0.008032277,-0.011815784,-0.003665985
2025-11-23 05:53:40,-0.006823174,-0.010365296,-0.010937905
2025-11-23 05:53:50,-0.004423385,-0.004258611,-0.010306107
2025-11-23 05:54:00,0.007207722,0.012809672,-0.019113362
2025-11-23 05:54:10,0.005222638,-0.015586258,-0.004373341
2025-11-23 05:54:20,0.001886996,-0.008385080,-0.014504962
2025-11-23 05:54:30,-0.004398861,0.002595029,-0.011681916
2025-11-23 05:54:40,-0.005164183,0.012943243,-0.001737515
2025-11-23 05:54:50,0.004092664,0.005854204,0.016184220
2025-11-23 05:55:00,0.004126223,0.000082465,-0.008302066
2025-11-23 05:55:10,-0.007752182,-0.009664354,0.012814647
2025-11-23 05:55:20,-0.005764417,0.008731271,-0.006552459
2025-11-23 05:55:30,-0.017668423,0.007240471,0.012495154
2025-11-23 05:55:40,0.006015205,-0.009074068,0.009688753
2025-11-23 05:55:50,-0.016743564,-0.011895378,0.001453413
2025-11-23 05:56:00,-0.010829797,-0.001562217,0.024532731
2025-11-23 05:56:10,-0.014349590,-0.004509704,0.009876169
2025-11-23 05:56:20,-0.003819766,0.006842007,-0.006082404
2025-11-23 05:56:30,0.009950620,-0.005855612,0.013935615
2025-11-23 05:56:40,-0.002584194,0.006877201,-0.001398343
2025-11-23 05:56:50,0.004534716,-0.011283677,-0.006704198
2025-11-23 05:57:00,-0.001911508,-0.002716564,-0.011461615
2025-11-23 05:57:10,-0.011131758,-0.007289774,-0.031200723
2025-11-23 05:57:20,0.001125904,0.018743688,0.007426304
2025-11-23 05:57:30,-0.019586980,0.001953744,-0.004021033
2025-11-23 05:57:40,0.002975541,-0.004681669,-0.012171668
2025-11-23 05:57:50,0.000295756,0.012753775,-0.006325123
2025-11-23 05:58:00,0.006905016,0.013016287,-0.019198919
2025-11-23 05:58:10,-0.014922381,0.008674591,0.013266792
2025-11-23 05:58:20,0.013463414,-0.003570275,-0.000750301
2025-11-23 05:58:30,0.011327308,-0.005232695,0.008662060
2025-11-23 05:58:40,-0.009744529,0.012824651,-0.008122657
2025-11-23 05:58:50,-0.012216694,-0.014761165,-0.023962894
2025-11-23 05:59:00,-0.008384306,-0.009408980,0.005569912
2025-11-23 05:59:10,-0.011595664,0.002470238,0.015109484
2025-11-23 05:59:20,-0.000030356,0.008128256,0.005187947
2025-11-23 05:59:30,0.005649560,-0.002913885,0.002866694
2025-11-23 05:59:40,-0.007749270,-0.003350100,-0.006731523
2025-11-23 05:59:50,-0.004659443,-0.015812318,0.018809023
2025-11-23 06:00:00,-0.005481585,0.021278005,0.008797566
2025-11-23 06:00:10,-0.027980475,0.003052485,0.015783099
2025-11-23 06:00:20,-0.005964357,-0.004696655,0.006075075
2025-11-23 06:00:30,0.017465800,-0.012626166,-0.003479795
2025-11-23 06:00:40,0.006497039,-0.005499229,0.001089086
2025-11-23 06:00:50,0.015585115,0.005592833,0.003015004
2025-11-23 06:01:00,0.005187306,0.016842281,-0.002403793
2025-11-23 06:01:10,0.004980339,0.000309777,0.004802768
2025-11-23 06:01:20,0.003716432,0.001011190,0.000057071
2025-11-23 06:01:30,-0.016084848,-0.006985641,-0.006769363
2025-11-23 06:01:40,-0.001231028,0.014892923,0.014997324
2025-11-23 06:01:50,0.012187866,-0.009458869,-0.002087578
2025-11-23 06:02:00,-0.008169514,-0.012503188,-0.007517495
2025-11-23 06:02:10,-0.009797473,0.001869584,-0.009302869
2025-11-23 06:02:20,-0.003490370,0.005999912,0.000475854
2025-11-23 06:02:30,-0.002062294,0.011136553,0.001280304
2025-11-23 06:02:40,0.010445709,-0.014738090,0.002682730
2025-11-23 06:02:50,-0.005208454,-0.015190084,0.011621055
2025-11-23 06:03:00,0.001405115,0.008158093,0.006936318
2025-11-23 06:03:10,-0.002568587,0.004013383,0.012811176
2025-11-23 06:03:20,-0.011710850,-0.006818615,0.002508221
2025-11-23 06:03:30,0.010715796,-0.011247419,0.004609095
2025-11-23 06:03:40,-0.009233258,-0.003179910,0.003577914
2025-11-23 06:03:50,-0.005099514,-0.008064065,0.011102526
2025-11-23 06:04:00,-0.007963848,-0.000241786,0.013239982
2025-11-23 06:04:10,0.024649369,-0.001765522,0.004531291
2025-11-23 06:04:20,0.010269478,0.000106139,-0.001781073
2025-11-23 06:04:30,0.007236200,-0.003338114,-0.010047952
2025-11-23 06:04:40,-0.014022065,0.006431143,0.000102215
2025-11-23 06:04:50,-0.011688045,0.012308695,-0.003277159
2025-11-23 06:05:00,-0.018922443,-0.007031859,-0.008305893
2025-11-23 06:05:10,0.001432736,-0.005242009,0.002518348
2025-11-23 06:05:20,0.025520529,-0.008973650,0.000240009
2025-11-23 06:05:30,-0.000829467,0.007963477,-0.003239815
2025-11-23 06:05:40,0.000719618,-0.000746058,0.001688526
2025-11-23 06:05:50,-0.003896949,-0.002790889,-0.016014621
2025-11-23 06:06:00,-0.001894011,0.004288049,-0.000751654
2025-11-23 06:06:10,-0.000079044,-0.008364565,-0.009322229
2025-11-23 06:06:20,0.013190098,0.008252581,0.019927128
2025-11-23 06:06:30,0.001792812,0.006885708,0.004782390
2025-11-23 06:06:40,-0.004139688,-0.002585645,-0.003676344
2025-11-23 06:06:50,-0.007676294,-0.010870817,-0.001498257
2025-11-23 06:07:00,0.006928797,0.000093495,-0.000590272
2025-11-23 06:07:10,-0.001605035,-0.002704616,-0.010730120
2025-11-23 06:07:20,-0.009688729,-0.004305169,-0.003488437
2025-11-23 06:07:30,0.012120749,-0.002813063,-0.009718128
2025-11-23 06:07:40,-0.010688260,0.012123626,-0.000130122
2025-11-23 06:07:50,0.018360761,-0.004193317,0.004150524
2025-11-23 06:08:00,0.011245936,0.010427600,-0.003827236
2025-11-23 06:08:10,0.012726075,-0.000085344,0.006882590
2025-11-23 06:08:20,0.004173469,0.012114179,-0.002918079
2025-11-23 06:08:30,0.003054269,0.002544725,-0.007842722
2025-11-23 06:08:40,0.001698421,-0.010417751,0.020980520
2025-11-23 06:08:50,0.003123831,-0.016008757,0.002694433
2025-11-23 06:09:00,0.024323265,-0.007364483,0.003324975
2025-11-23 06:09:10,-0.003039293,-0.004714100,-0.000128113
2025-11-23 06:09:20,0.005567010,0.017590751,0.019423721
2025-11-23 06:09:30,0.005650249,-0.002200618,0.018908138
2025-11-23 06:09:40,-0.004926372,0.002182423,0.003623582
2025-11-23 06:09:50,-0.019839257,0.009196763,0.014813479
2025-11-23 06:10:00,0.011888442,-0.008419932,0.000670058
2025-11-23 06:10:10,-0.006075015,-0.022269883,0.014196846
2025-11-23 06:10:20,0.003374850,-0.017919867,0.010959797
2025-11-23 06:10:30,-0.007926861,0.006004523,-0.013298761
2025-11-23 06:10:40,0.008756188,0.012529356,-0.002259877
2025-11-23 06:10:50,-0.000034878,0.004365904,-0.006441328
2025-11-23 06:11:00,-0.023857636,-0.011249955,-0.002385334
2025-11-23 06:11:10,0.012602557,0.003683942,0.006427283
2025-11-23 06:11:20,-0.012403536,0.011873827,-0.011654645
2025-11-23 06:11:30,0.017652442,-0.016124887,-0.032242450
2025-11-23 06:11:40,0.006190376,-0.017165595,-0.007116817
2025-11-23 06:11:50,0.001278350,0.016201459,0.003838305
2025-11-23 06:12:00,-0.000013959,0.003632669,-0.003950544
2025-11-23 06:12:10,0.011858296,0.019522175,-0.007352080
2025-11-23 06:12:20,-0.013476710,0.011473599,0.016247459
2025-11-23 06:12:30,-0.027981632,0.000553864,0.004482508
2025-11-23 06:12:40,-0.009376222,-0.014039429,0.008208954
2025-11-23 06:12:50,0.007151548,0.001846406,-0.010432759
2025-11-23 06:13:00,0.002606479,0.005717311,-0.006644834
2025-11-23 06:13:10,-0.019964768,0.023277217,-0.001072484
2025-11-23 06:13:20,-0.013117124,0.004786906,-0.008044404
2025-11-23 06:13:30,-0.006633103,0.013747858,-0.002242867
2025-11-23 06:13:40,0.006278196,-0.037294564,0.023679280
2025-11-23 06:13:50,-0.005876201,0.007796421,-0.004799288
2025-11-23 06:14:00,-0.007619754,-0.009889919,-0.014031410
2025-11-23 06:14:10,-0.008917871,0.023079830,0.006681403
2025-11-23 06:14:20,0.003621741,0.005286568,-0.013250533
2025-11-23 06:14:30,0.006752396,-0.001813765,-0.012058228
2025-11-23 06:14:40,-0.000623638,-0.000198884,0.001852691
2025-11-23 06:14:50,0.012867673,0.012167501,0.006639004
2025-11-23 06:15:00,0.013910570,-0.024173979,0.020677721
2025-11-23 06:15:10,-0.004618888,-0.011882486,-0.000031249
2025-11-23 06:15:20,-0.020545546,-0.012629694,-0.024806276
2025-11-23 06:15:30,0.012045611,-0.002797876,-0.011438431
2025-11-23 06:15:40,-0.002587042,-0.014787535,0.010347141
2025-11-23 06:15:50,-0.005096039,-0.014673585,-0.002962652
2025-11-23 06:16:00,0.012767073,-0.003707508,-0.000570712
2025-11-23 06:16:10,-0.003561656,0.005811982,-0.010547854
2025-11-23 06:16:20,-0.012276527,0.003870126,0.020106962
2025-11-23 06:16:30,0.021405643,0.000267565,-0.007676042
2025-11-23 06:16:40,-0.016165728,-0.001335744,-0.010260508
2025-11-23 06:16:50,-0.008025619,0.001866065,-0.010854420
2025-11-23 06:17:00,0.000120032,0.007987020,-0.004381903
2025-11-23 06:17:10,-0.014694652,-0.013224227,-0.016437316
2025-11-23 06:17:20,-0.009542575,-0.013478816,0.022104431
2025-11-23 06:17:30,0.004077785,-0.009314875,0.003513180
2025-11-23 06:17:40,-0.000752234,-0.004268693,-0.008842572
2025-11-23 06:17:50,0.006604470,0.000974956,0.012589175
2025-11-23 06:18:00,-0.023541032,-0.012822163,0.012611045
2025-11-23 06:18:10,0.007280550,0.010764026,-0.009436468
2025-11-23 06:18:20,0.030120848,0.013785416,-0.003951362
2025-11-23 06:18:30,-0.006417033,0.015846737,-0.000687639
2025-11-23 06:18:40,0.011264114,-0.005052899,0.014009178
2025-11-23 06:18:50,-0.000457316,-0.007470871,-0.014347093
2025-11-23 06:19:00,-0.008256957,0.007138315,0.005132890
2025-11-23 06:19:10,0.007643524,-0.000221468,0.000790717
2025-11-23 06:19:20,0.009133954,0.006345375,0.001060782
2025-11-23 06:19:30,-0.014236458,0.000102480,-0.002872677
2025-11-23 06:19:40,-0.020664512,-0.003840368,-0.010355652
2025-11-23 06:19:50,-0.003879607,-0.005156306,-0.014865055
2025-11-23 06:20:00,0.029336108,0.003862751,-0.006703116
2025-11-23 06:20:10,-0.004190840,0.018820186,-0.020204086
2025-11-23 06:20:20,-0.007207835,0.002488237,-0.000654517
2025-11-23 06:20:30,-0.003364353,-0.015076619,0.026145900
2025-11-23 06:20:40,-0.014359924,0.004019784,-0.006696246
2025-11-23 06:20:50,0.005001256,0.003803662,0.015078233
2025-11-23 06:21:00,-0.011489125,0.001650258,0.000068620
2025-11-23 06:21:10,0.004499229,0.001396318,-0.008917123
2025-11-23 06:21:20,-0.005107321,0.000050888,-0.002964012
2025-11-23 06:21:30,-0.018907331,-0.003034478,0.001824927
2025-11-23 06:21:40,-0.011394121,0.008600265,-0.000103778
2025-11-23 06:21:50,0.006539421,-0.008641560,0.003401847
2025-11-23 06:22:00,-0.011893973,0.002181164,-0.013225731
2025-11-23 06:22:10,0.010292997,0.010201143,0.010367386
2025-11-23 06:22:20,0.031591001,-0.015166612,0.007255783
2025-11-23 06:22:30,-0.003279565,-0.007715887,0.008188942
2025-11-23 06:22:40,0.000468515,-0.001170445,0.003241666
2025-11-23 06:22:50,0.018234728,-0.013803806,-0.009764134
2025-11-23 06:23:00,-0.001065175,0.006493379,-0.004778203
2025-11-23 06:23:10,-0.008480758,0.010373338,-0.000477947
2025-11-23 06:23:20,-0.000389151,-0.004122797,0.009210335
2025-11-23 06:23:30,-0.001144261,-0.003675779,-0.000171026
2025-11-23 06:23:40,0.017278965,0.015474287,0.011108109
2025-11-23 06:23:50,-0.027048526,-0.001426371,0.007118117
2025-11-23 06:24:00,-0.012144566,-0.005323417,-0.000314012
2025-11-23 06:24:10,0.007045514,-0.001386233,0.000230510
2025-11-23 06:24:20,0.016527138,0.006949934,-0.003587903
2025-11-23 06:24:30,0.000888334,-0.014920350,0.001151218
2025-11-23 06:24:40,-0.000373238,-0.017271943,-0.007790057
2025-11-23 06:24:50,-0.014899668,-0.007874127,-0.009089266
2025-11-23 06:25:00,-0.000245958,-0.009595364,-0.000088028
2025-11-23 06:25:10,0.012773147,0.003379875,0.010913972
2025-11-23 06:25:20,-0.000729459,0.001863749,0.010380132
2025-11-23 06:25:30,-0.003205284,0.017330733,0.004020590
2025-11-23 06:25:40,-0.007430099,0.021076201,-0.010658907
2025-11-23 06:25:50,-0.000456852,0.020970878,-0.026176835
2025-11-23 06:26:00,-0.011516773,-0.007632122,-0.011971302
2025-11-23 06:26:10,0.011010755,0.017240737,0.017220989
2025-11-23 06:26:20,0.009926490,-0.002696335,-0.004871278
2025-11-23 06:26:30,0.008636116,0.005767874,-0.002144247
2025-11-23 06:26:40,-0.013845264,-0.008679930,0.012633881
2025-11-23 06:26:50,-0.015383659,0.023409230,-0.032937230
2025-11-23 06:27:00,0.004864954,0.002915508,-0.002791366
2025-11-23 06:27:10,0.001759320,-0.003736705,-0.014283560
2025-11-23 06:27:20,-0.007318665,0.009008785,-0.015649914
2025-11-23 06:27:30,-0.007781497,0.004916217,0.003235875
2025-11-23 06:27:40,-0.002165571,0.006732993,0.007329512
2025-11-23 06:27:50,-0.002764464,0.013962329,-0.005976332
2025-11-23 06:28:00,0.018077092,0.002567263,0.008981726
2025-11-23 06:28:10,-0.017594228,-0.015076008,0.019505904
2025-11-23 06:28:20,-0.020992842,0.009581184,-0.009571279
2025-11-23 06:28:30,0.014102971,-0.002005410,-0.012085618
2025-11-23 06:28:40,-0.006158718,-0.004700489,-0.003344323
2025-11-23 06:28:50,-0.004463160,-0.019399830,0.001377058
2025-11-23 06:29:00,0.021661637,0.002668158,0.003053460
2025-11-23 06:29:10,0.000355440,0.004295871,-0.007573494
2025-11-23 06:29:20,-0.007059268,0.005134685,-0.001894363
2025-11-23 06:29:30,-0.000659751,0.008340004,0.002493449
2025-11-23 06:29:40,-0.028413680,-0.004715379,-0.003624986
2025-11-23 06:29:50,-0.000395712,-0.013266602,0.005027048
2025-11-23 06:30:00,-0.002925236,-0.014685754,-0.006357423
2025-11-23 06:30:10,0.022855602,0.011951425,0.006084939
2025-11-23 06:30:20,-0.007067738,0.001309307,-0.007678218
2025-11-23 06:30:30,-0.004405212,0.013250590,-0.012287380
2025-11-23 06:30:40,0.002569733,-0.005222267,0.009981934
2025-11-23 06:30:50,0.014411293,-0.008802028,-0.005411285
2025-11-23 06:31:00,0.000790334,-0.003307953,0.009364194
2025-11-23 06:31:10,0.006347665,0.007085766,-0.001835505
2025-11-23 06:31:20,0.004798006,-0.015945179,0.010391418
2025-11-23 06:31:30,-0.009990462,-0.009298121,0.001932216
2025-11-23 06:31:40,0.002959412,0.013118587,-0.007472934
2025-11-23 06:31:50,0.023808302,0.004540923,-0.004022212
2025-11-23 06:32:00,0.003698965,-0.000401894,-0.008070521
2025-11-23 06:32:10,-0.004768242,0.001791204,0.008036418
2025-11-23 06:32:20,-0.003248206,-0.001574769,-0.013475102
2025-11-23 06:32:30,0.007656361,0.002870797,-0.002787336
2025-11-23 06:32:40,0.005299702,-0.017908025,-0.014986777
2025-11-23 06:32:50,0.012801478,0.009931576,-0.011552754
2025-11-23 06:33:00,-0.014137591,-0.017501223,0.001326853
2025-11-23 06:33:10,0.001512498,0.004545135,-0.010583634
2025-11-23 06:33:20,0.020802674,-0.019324121,-0.022816519
2025-11-23 06:33:30,0.024455568,0.005280672,0.002572902
2025-11-23 06:33:40,0.015590627,0.005888343,-0.008320609
2025-11-23 06:33:50,0.000761929,-0.002424521,-0.003831749
2025-11-23 06:34:00,-0.006322502,0.003393805,0.027514942
2025-11-23 06:34:10,-0.013907374,-0.001607099,-0.001018772
2025-11-23 06:34:20,0.002441742,-0.003491931,-0.005255321
2025-11-23 06:34:30,0.000427000,-0.004799496,-0.007199026
2025-11-23 06:34:40,0.006587883,-0.000566098,0.027421732
2025-11-23 06:34:50,-0.003513392,0.003534385,-0.004497527
2025-11-23 06:35:00,-0.007525619,0.019083739,0.016151123
2025-11-23 06:35:10,0.009937760,0.000433738,-0.009591076
2025-11-23 06:35:20,0.004205868,-0.008385247,-0.005241677
2025-11-23 06:35:30,-0.006663767,-0.007072156,-0.011122005
2025-11-23 06:35:40,-0.001608943,0.007312720,0.010280348
2025-11-23 06:35:50,0.005411492,-0.018093249,-0.013786343
2025-11-23 06:36:00,-0.006221230,-0.007364788,0.019860242
2025-11-23 06:36:10,0.006538479,-0.011570799,-0.009846493
2025-11-23 06:36:20,0.009268413,0.003494325,-0.012821819
2025-11-23 06:36:30,-0.017458069,-0.013661743,-0.011613147
2025-11-23 06:36:40,-0.006405839,-0.001506424,-0.007109277
2025-11-23 06:36:50,-0.011174621,-0.005529759,0.007687045
2025-11-23 06:37:00,-0.004491837,0.019908561,0.000007611
2025-11-23 06:37:10,0.000363840,0.001085624,-0.006192531
2025-11-23 06:37:20,0.013394211,0.001604197,0.022261808
2025-11-23 06:37:30,0.001422165,-0.001130118,0.001475487
2025-11-23 06:37:40,-0.004380768,-0.005422678,0.007848640
2025-11-23 06:37:50,0.002432763,-0.005877763,-0.015612749
2025-11-23 06:38:00,-0.004570964,0.008408698,-0.024864634
2025-11-23 06:38:10,-0.009415342,-0.009105916,-0.002934682
2025-11-23 06:38:20,0.010414306,0.011417925,0.006997108
2025-11-23 06:38:30,0.003907421,-0.003152467,-0.024271065
2025-11-23 06:38:40,0.026114567,-0.015488469,-0.005817959
2025-11-23 06:38:50,-0.013206336,-0.002215925,-0.001080285
2025-11-23 06:39:00,-0.001154663,0.000895656,-0.005085368
2025-11-23 06:39:10,-0.018838953,0.001136820,0.003865133
2025-11-23 06:39:20,0.002654085,0.003401045,-0.004938895
2025-11-23 06:39:30,0.001397694,-0.011417795,0.013419133
2025-11-23 06:39:40,0.004405430,0.014347041,-0.001099230
2025-11-23 06:39:50,-0.005761923,0.000201858,0.002461278
2025-11-23 06:40:00,-0.002065217,-0.003767598,-0.005246878
2025-11-23 06:40:10,0.006251377,0.004334002,-0.010379209
2025-11-23 06:40:20,0.006935121,0.002199026,-0.002738494
2025-11-23 06:40:30,-0.009652014,0.012073856,-0.001677150
2025-11-23 06:40:40,-0.007349243,0.014059436,-0.001393949
2025-11-23 06:40:50,-0.012788186,0.003834545,0.018708299
2025-11-23 06:41:00,0.010013164,-0.009321471,-0.004669317
2025-11-23 06:41:10,-0.003640783,-0.001733211,-0.001173600
2025-11-23 06:41:20,-0.017256606,0.006898054,-0.006016872
2025-11-23 06:41:30,0.001803831,0.002594415,-0.002279297
2025-11-23 06:41:40,0.002267645,-0.007154356,0.009128701
2025-11-23 06:41:50,0.001376006,0.019397716,0.006181181
2025-11-23 06:42:00,-0.028593645,-0.007304453,0.007220507
2025-11-23 06:42:10,-0.001977734,-0.009846756,-0.001154843
2025-11-23 06:42:20,-0.012564643,-0.005259247,0.012530042
2025-11-23 06:42:30,-0.004192968,0.004355553,0.002716863
2025-11-23 06:42:40,-0.001641814,-0.005069405,-0.007830209
2025-11-23 06:42:50,-0.012430541,-0.010078099,0.003047156
2025-11-23 06:43:00,-0.010458100,0.005132357,-0.000829569
2025-11-23 06:43:10,-0.014951239,0.020449880,0.010386840
2025-11-23 06:43:20,0.008916822,-0.003338055,-0.008573686
2025-11-23 06:43:30,0.004148043,0.002831259,-0.017108490
2025-11-23 06:43:40,0.021514111,0.007856650,0.017344291
2025-11-23 06:43:50,-0.011022275,0.013272856,0.011285234
2025-11-23 06:44:00,-0.006530139,0.005484394,-0.001642193
2025-11-23 06:44:10,0.005371358,-0.002055482,0.001040897
2025-11-23 06:44:20,-0.006247621,0.007582826,-0.003190059
2025-11-23 06:44:30,0.012090211,-0.012724066,0.005189360
2025-11-23 06:44:40,0.013738330,0.000404304,-0.005106787
2025-11-23 06:44:50,-0.006644725,0.006892892,0.008018588
2025-11-23 06:45:00,0.011016085,0.003412241,-0.004373925
2025-11-23 06:45:10,0.019067586,-0.003528786,0.011878973
2025-11-23 06:45:20,0.006359328,0.011663043,-0.011044920
2025-11-23 06:45:30,-0.012908529,-0.006307073,-0.006000980
2025-11-23 06:45:40,0.005623578,0.000379301,0.007212607
2025-11-23 06:45:50,-0.016942277,0.021389762,-0.002392045
2025-11-23 06:46:00,-0.005597833,-0.006416068,0.020310121
2025-11-23 06:46:10,0.002164697,0.006079261,-0.009606764
2025-11-23 06:46:20,-0.004702754,0.000953502,0.010376148
2025-11-23 06:46:30,-0.001704831,-0.010950736,0.011459142
2025-11-23 06:46:40,0.005675272,0.004347365,-0.000715900
2025-11-23 06:46:50,0.001232522,-0.002291737,-0.023696342
2025-11-23 06:47:00,0.013998216,0.003712044,-0.001739563
2025-11-23 06:47:10,0.002379724,-0.002041356,0.008290087
2025-11-23 06:47:20,0.002614264,0.003633815,-0.010705592
2025-11-23 06:47:30,-0.007836427,-0.000052012,-0.005636131
2025-11-23 06:47:40,0.017367791,-0.010805803,0.006066464
2025-11-23 06:47:50,-0.001109815,0.003887544,-0.012037624
2025-11-23 06:48:00,-0.014081397,-0.003607920,0.003895325
2025-11-23 06:48:10,-0.012172504,-0.006343669,0.002244295
2025-11-23 06:48:20,-0.003654823,0.003301436,0.000235910
2025-11-23 06:48:30,-0.000605854,0.006704211,-0.013059381
2025-11-23 06:48:40,-0.004144783,0.004842018,0.010055577
2025-11-23 06:48:50,0.007703874,-0.001468677,0.004933146
2025-11-23 06:49:00,0.005563792,0.005852516,-0.005203356
2025-11-23 06:49:10,-0.010743733,0.009071590,0.026954778
2025-11-23 06:49:20,0.015240404,0.009933115,-0.011283398
2025-11-23 06:49:30,-0.014266513,-0.005549092,0.003282460
2025-11-23 06:49:40,-0.012822852,-0.021476125,0.000873571
2025-11-23 06:49:50,0.002465918,-0.001839547,-0.000666777
2025-11-23 06:50:00,-0.000050343,0.015256324,0.010217344
2025-11-23 06:50:10,0.004872912,-0.013332780,0.003794690
2025-11-23 06:50:20,0.015540377,-0.005542741,0.004902762
2025-11-23 06:50:30,-0.002669193,-0.010976229,-0.005512917
2025-11-23 06:50:40,0.011471214,-0.011253616,-0.005429560
2025-11-23 06:50:50,-0.011480824,0.008227134,-0.000845159
2025-11-23 06:51:00,0.004396897,-0.005928002,-0.010173994
2025-11-23 06:51:10,-0.004842829,0.000257073,-0.005179347
2025-11-23 06:51:20,-0.007035221,0.005187772,0.012082459
2025-11-23 06:51:30,0.008413146,-0.008349083,0.007294983
2025-11-23 06:51:40,0.017868983,-0.016791603,0.002077405
2025-11-23 06:51:50,0.000572591,0.011489580,0.010855855
2025-11-23 06:52:00,0.028606319,-0.025329781,-0.004090361
2025-11-23 06:52:10,-0.019710562,-0.014506584,-0.012511512
2025-11-23 06:52:20,0.006393392,-0.009555147,0.006412375
2025-11-23 06:52:30,-0.003325720,-0.022331380,-0.010250311
2025-11-23 06:52:40,0.006061998,-0.002451036,0.006904100
2025-11-23 06:52:50,0.007635263,0.000286518,0.015671541
2025-11-23 06:53:00,0.004705765,0.004876210,-0.012762162
2025-11-23 06:53:10,0.003258173,0.001929147,-0.004863136
2025-11-23 06:53:20,-0.008334356,0.010143892,0.004028146
2025-11-23 06:53:30,0.010564091,-0.011676056,0.006593824
2025-11-23 06:53:40,-0.014952804,-0.006585947,-0.018951164
2025-11-23 06:53:50,0.011774177,0.017982448,0.002640975
2025-11-23 06:54:00,-0.008361385,0.010948286,0.001755470
2025-11-23 06:54:10,0.014452142,-0.003522278,0.002984043
2025-11-23 06:54:20,0.007266335,0.010413041,0.000256317
2025-11-23 06:54:30,0.002453854,0.018207345,0.015715719
2025-11-23 06:54:40,-0.014029030,-0.014525230,-0.013596880
2025-11-23 06:54:50,0.002481354,0.007321320,-0.001881502
2025-11-23 06:55:00,0.001195789,-0.004978684,0.005207149
2025-11-23 06:55:10,0.003929313,-0.018826824,0.007058865
2025-11-23 06:55:20,-0.012456553,-0.011353301,0.005098093
2025-11-23 06:55:30,-0.017000535,0.002463564,-0.017136041
2025-11-23 06:55:40,0.001444353,-0.012514562,0.001242947
2025-11-23 06:55:50,-0.018196538,-0.013152290,0.007472524
2025-11-23 06:56:00,-0.005236495,-0.003128271,-0.006603831
2025-11-23 06:56:10,0.005620721,-0.003225355,-0.013261164
2025-11-23 06:56:20,0.009778936,-0.010712296,-0.009124243
2025-11-23 06:56:30,-0.002930172,0.002243015,-0.008263446
2025-11-23 06:56:40,0.006372293,0.009860436,-0.001652488
2025-11-23 06:56:50,-0.003115099,0.000146697,-0.011284311
2025-11-23 06:57:00,-0.006783924,-0.000342395,0.008230043
2025-11-23 06:57:10,0.006616324,0.007439190,-0.001474424
2025-11-23 06:57:20,-0.008648089,0.001099406,-0.008062008
2025-11-23 06:57:30,0.012043136,0.007984307,-0.003349205
2025-11-23 06:57:40,0.002612411,0.013352860,-0.003225170
2025-11-23 06:57:50,0.004977922,0.013144063,0.008275744
2025-11-23 06:58:00,-0.012403542,-0.006186213,0.017180478
2025-11-23 06:58:10,-0.001599298,-0.002751841,0.006107912
2025-11-23 06:58:20,0.019744115,-0.007993112,0.005576922
2025-11-23 06:58:30,-0.007279482,-0.000963670,-0.009275884
2025-11-23 06:58:40,-0.006324922,0.004432243,-0.009711174
2025-11-23 06:58:50,-0.006876632,0.012914825,-0.008328930
2025-11-23 06:59:00,0.002848099,0.007013603,0.007579713
2025-11-23 06:59:10,-0.004832980,-0.001841511,0.003263189
2025-11-23 06:59:20,-0.003617527,-0.000617286,0.012268715
2025-11-23 06:59:30,0.002171307,0.009647957,-0.013416735
2025-11-23 06:59:40,0.008519884,-0.003591368,-0.000468183
2025-11-23 06:59:50,0.005272314,-0.005535834,0.007044034
2025-11-23 07:00:00,0.004497393,-0.011559514,-0.013029154
2025-11-23 07:00:10,-0.001172622,-0.010504098,0.008226996
2025-11-23 07:00:20,-0.001729323,-0.003918826,-0.002842535
2025-11-23 07:00:30,-0.009889669,-0.006196585,0.010215242
2025-11-23 07:00:40,-0.012257766,-0.004248710,0.008364880
2025-11-23 07:00:50,0.006350719,0.001814342,0.005476686
2025-11-23 07:01:00,0.004857370,0.007788499,0.001246682
2025-11-23 07:01:10,0.006401615,-0.004395197,-0.003873485
2025-11-23 07:01:20,0.003658425,-0.011939122,0.008657486
2025-11-23 07:01:30,-0.003131814,0.015161312,-0.007966336
2025-11-23 07:01:40,-0.013787481,-0.003663021,-0.002908426
2025-11-23 07:01:50,-0.000814537,0.000278151,-0.011596647
2025-11-23 07:02:00,0.006883687,-0.001634030,-0.027335758
2025-11-23 07:02:10,-0.002527143,-0.021760280,-0.010789829
2025-11-23 07:02:20,-0.000450195,-0.016793858,0.000594245
2025-11-23 07:02:30,-0.020436396,0.004498927,-0.007771837
2025-11-23 07:02:40,0.001283239,-0.015469583,-0.001766352
2025-11-23 07:02:50,0.019467040,0.013894045,-0.013128838
2025-11-23 07:03:00,-0.014785333,-0.006210690,-0.015020484
2025-11-23 07:03:10,0.009217327,-0.007905810,0.012332268
2025-11-23 07:03:20,-0.017996084,-0.003962232,-0.016067018
2025-11-23 07:03:30,0.002759818,0.013430044,0.017217837
2025-11-23 07:03:40,-0.008913318,0.003922880,-0.007785531
2025-11-23 07:03:50,0.003248658,0.003955847,-0.007890275
2025-11-23 07:04:00,0.002142003,-0.004895760,0.014643685
2025-11-23 07:04:10,0.012888260,-0.000465586,-0.002106745
2025-11-23 07:04:20,-0.021796043,0.018464207,-0.003112695
2025-11-23 07:04:30,-0.006634832,0.025968334,-0.002869084
2025-11-23 07:04:40,0.011880878,0.000153473,0.014567444
2025-11-23 07:04:50,0.006225305,0.007552869,-0.016701761
2025-11-23 07:05:00,0.009663323,-0.014756131,0.009607054
2025-11-23 07:05:10,-0.004076344,0.002491374,0.007985843
2025-11-23 07:05:20,0.000802011,0.009017374,-0.001559926
2025-11-23 07:05:30,-0.006594257,0.007452564,-0.012744224
2025-11-23 07:05:40,0.019948765,-0.000791556,0.005552283
2025-11-23 07:05:50,-0.014450949,-0.027837751,0.005001613
2025-11-23 07:06:00,0.003864134,-0.003282809,0.002428331
2025-11-23 07:06:10,0.001223542,-0.006767876,0.007890821
2025-11-23 07:06:20,-0.000442989,0.002461067,-0.006947829
2025-11-23 07:06:30,-0.014005090,0.003575030,0.009131499
2025-11-23 07:06:40,0.010807075,-0.008274051,-0.015223977
2025-11-23 07:06:50,0.009034675,-0.003802920,-0.004719397
2025-11-23 07:07:00,0.006411045,-0.000108221,-0.013014293
2025-11-23 07:07:10,-0.017289936,-0.004440094,-0.007527493
2025-11-23 07:07:20,-0.007748777,0.004366613,-0.016561771
2025-11-23 07:07:30,0.001468319,-0.005879636,0.016997165
2025-11-23 07:07:40,0.007669965,-0.010858282,0.012494026
2025-11-23 07:07:50,0.004037071,-0.017192740,-0.014525865
2025-11-23 07:08:00,-0.010323600,-0.002468233,-0.004269726
2025-11-23 07:08:10,-0.004628939,0.002684766,-0.007057400
2025-11-23 07:08:20,-0.020320941,-0.011020756,0.005333477
2025-11-23 07:08:30,-0.005461369,0.010530961,0.008345138
2025-11-23 07:08:40,0.005264268,0.010545700,-0.009492046
2025-11-23 07:08:50,0.001093791,-0.007795072,-0.001901985
2025-11-23 07:09:00,0.004479993,0.013186225,0.001965392
2025-11-23 07:09:10,-0.013600471,0.021419650,-0.013145700
2025-11-23 07:09:20,0.008326021,-0.001268182,0.008676059
2025-11-23 07:09:30,0.006822502,0.011649008,0.004070364
2025-11-23 07:09:40,0.007848339,-0.012712947,0.001574134
2025-11-23 07:09:50,-0.011702146,-0.000348919,-0.000452346
2025-11-23 07:10:00,0.005223241,-0.012874795,0.001455019
2025-11-23 07:10:10,-0.020144817,0.003992668,0.005875822
2025-11-23 07:10:20,0.004390319,0.011128922,-0.012853814
2025-11-23 07:10:30,0.011170534,0.009663568,0.004739032
2025-11-23 07:10:40,-0.014013457,-0.005261014,-0.008526743
2025-11-23 07:10:50,0.005436793,-0.011553547,-0.012062405
2025-11-23 07:11:00,-0.014858733,0.007108070,0.010220576
2025-11-23 07:11:10,-0.008330477,-0.003394443,0.017428435
2025-11-23 07:11:20,-0.014386209,-0.004057781,-0.018176299
2025-11-23 07:11:30,-0.006018158,-0.000166142,0.010683140
2025-11-23 07:11:40,-0.008527246,0.008087901,-0.012227515
2025-11-23 07:11:50,-0.001379017,-0.004598298,0.006838260
2025-11-23 07:12:00,0.004205379,-0.005621393,-0.011369057
2025-11-23 07:12:10,-0.002014327,-0.002709626,-0.009027750
2025-11-23 07:12:20,0.001360352,-0.010714618,-0.003980906
2025-11-23 07:12:30,-0.001304288,0.005320142,-0.002501613
2025-11-23 07:12:40,-0.003029919,0.010529343,0.000103596
2025-11-23 07:12:50,0.000276116,0.010561626,-0.001939526
2025-11-23 07:13:00,0.011200193,0.013950988,-0.001905445
2025-11-23 07:13:10,-0.021606539,0.008507284,0.001954093
2025-11-23 07:13:20,-0.001201501,0.002589232,0.003279156
2025-11-23 07:13:30,-0.006227553,0.004476720,-0.014805983
2025-11-23 07:13:40,-0.012939630,-0.011375739,-0.007528224
2025-11-23 07:13:50,-0.019731113,-0.006091489,-0.003542982
2025-11-23 07:14:00,-0.001679886,-0.000922640,-0.010572650
2025-11-23 07:14:10,-0.004296359,0.000779721,0.004897708
2025-11-23 07:14:20,-0.009432850,0.002608838,0.005346248
2025-11-23 07:14:30,0.000070661,0.022701237,0.006161385
2025-11-23 07:14:40,-0.014674055,-0.000498711,-0.023517860
2025-11-23 07:14:50,-0.003931460,0.008888114,-0.008283940
2025-11-23 07:15:00,-0.002700248,-0.024881893,-0.014330568
2025-11-23 07:15:10,0.003559993,-0.000332210,0.000739477
2025-11-23 07:15:20,-0.002610577,-0.005677979,-0.005658437
2025-11-23 07:15:30,-0.012576252,0.010791954,-0.005532573
2025-11-23 07:15:40,0.007109472,-0.001704989,0.007601339
2025-11-23 07:15:50,0.007325373,-0.009991223,-0.001694992
2025-11-23 07:16:00,-0.006190654,-0.003730514,-0.003565958
2025-11-23 07:16:10,-0.011582309,-0.007948743,-0.005876738
2025-11-23 07:16:20,-0.003862516,-0.008502361,0.020543760
2025-11-23 07:16:30,0.006771734,-0.007042301,-0.001810793
2025-11-23 07:16:40,0.003393593,0.005946507,-0.011800565
2025-11-23 07:16:50,0.015860978,0.016870890,-0.014663952
2025-11-23 07:17:00,-0.010627757,0.028863746,-0.036947034
2025-11-23 07:17:10,-0.034626297,0.022361493,0.008363711
2025-11-23 07:17:20,-0.023355631,-0.021934871,-0.019443146
2025-11-23 07:17:30,0.053870303,-0.014692004,0.000445456
2025-11-23 07:17:40,0.003259788,0.025804143,0.023109077
2025-11-23 07:17:50,0.015348626,0.002792350,0.044402457
2025-11-23 07:18:00,-0.019613681,-0.013564387,0.004569735
2025-11-23 07:18:10,0.044667151,-0.021677701,-0.049084641
2025-11-23 07:18:20,0.001780523,-0.024351617,-0.045511461
2025-11-23 07:18:30,-0.008871967,-0.004451854,0.066904222
2025-11-23 07:18:40,-0.038379483,-0.002659426,-0.002625167
2025-11-23 07:18:50,-0.004183581,-0.003292593,0.033845950
2025-11-23 07:19:00,-0.070448445,-0.018616477,-0.022356130
2025-11-23 07:19:10,0.034949661,0.025379378,-0.022012388
2025-11-23 07:19:20,-0.053749038,-0.051964532,-0.037499965
2025-11-23 07:19:30,-0.045235743,-0.001939088,0.077477446
2025-11-23 07:19:40,-0.022056209,-0.013994546,0.041009426
2025-11-23 07:19:50,0.007721118,0.012873961,0.067864824
2025-11-23 07:20:00,-0.054862352,-0.021825066,0.045231325
2025-11-23 07:20:10,-0.029135235,-0.023115836,0.003823707
2025-11-23 07:20:20,0.043955289,0.031472630,-0.049921920
2025-11-23 07:20:30,0.008610208,0.043718892,0.035201342
2025-11-23 07:20:40,-0.018972211,-0.049294974,0.007766916
2025-11-23 07:20:50,0.008728245,0.005090194,0.033280550
2025-11-23 07:21:00,-0.086909751,0.022165712,0.013376723
2025-11-23 07:21:10,-0.101181309,-0.072115135,-0.023093284
2025-11-23 07:21:20,0.086310883,-0.009570023,0.151482686
2025-11-23 07:21:30,-0.018081633,0.033755866,0.015279233
2025-11-23 07:21:40,0.032770452,0.031850723,0.028434602
2025-11-23 07:21:50,-0.003103270,-0.077930245,-0.056553759
2025-11-23 07:22:00,-0.076475235,-0.053324827,-0.087322659
2025-11-23 07:22:10,0.007756939,0.015648317,-0.085364317
2025-11-23 07:22:20,0.010753020,0.011199494,-0.016728502
2025-11-23 07:22:30,0.107886770,0.043320043,-0.037058395
2025-11-23 07:22:40,-0.063954780,0.061754359,-0.070300868
2025-11-23 07:22:50,-0.072076144,-0.041408574,0.001301802
2025-11-23 07:23:00,-0.041366488,-0.048208120,-0.023227129
2025-11-23 07:23:10,-0.031901577,0.036969510,-0.046452118
2025-11-23 07:23:20,-0.083219513,0.054550298,-0.099688592
2025-11-23 07:23:30,0.074587157,-0.023655174,-0.073239405
2025-11-23 07:23:40,-0.016245994,0.027370543,0.021979945
2025-11-23 07:23:50,0.070935462,-0.034006178,-0.064071381
2025-11-23 07:24:00,-0.105010467,-0.000472471,0.023355246
2025-11-23 07:24:10,-0.000235436,-0.017811310,-0.051843872
2025-11-23 07:24:20,0.039823271,0.038270375,0.042652544
2025-11-23 07:24:30,-0.027323311,0.065887204,-0.046527516
2025-11-23 07:24:40,-0.025843006,0.018360616,-0.054495178
2025-11-23 07:24:50,0.018928416,-0.008566234,-0.028809229
2025-11-23 07:25:00,0.010388209,-0.000127407,0.133533035
2025-11-23 07:25:10,0.066646147,0.085425309,-0.006344957
2025-11-23 07:25:20,0.080519340,0.064211125,0.032833310
2025-11-23 07:25:30,0.002479926,0.043337126,-0.066975155
2025-11-23 07:25:40,-0.025359911,-0.060441861,0.002751787
2025-11-23 07:25:50,-0.059223328,-0.007470350,0.005133511
2025-11-23 07:26:00,0.060863227,-0.010334461,-0.056842637
2025-11-23 07:26:10,0.086696042,-0.077344554,-0.082471249
2025-11-23 07:26:20,-0.038752772,0.026741594,-0.006092769
2025-11-23 07:26:30,0.009598911,-0.019910399,-0.138658637
2025-11-23 07:26:40,-0.053483357,0.081479838,-0.145098234
2025-11-23 07:26:50,0.047880043,-0.036968492,-0.054542044
2025-11-23 07:27:00,0.035797064,-0.023048476,0.081907237
2025-11-23 07:27:10,0.081570315,0.041808810,0.014456642
2025-11-23 07:27:20,0.006290088,-0.012948710,-0.023993708
2025-11-23 07:27:30,0.074555786,0.015650160,-0.002594389
2025-11-23 07:27:40,-0.001639723,-0.080650471,0.075997838
2025-11-23 07:27:50,0.072279492,0.074217684,0.020204510
2025-11-23 07:28:00,-0.025080790,0.004253085,0.006001668
2025-11-23 07:28:10,-0.054040712,0.013863862,0.114321339
2025-11-23 07:28:20,0.067834119,0.061684766,-0.008557668
2025-11-23 07:28:30,0.003807954,0.015345683,0.016586068
2025-11-23 07:28:40,0.038394219,0.034789473,0.074536669
2025-11-23 07:28:50,0.035335299,0.001759375,-0.043445606
2025-11-23 07:29:00,0.033850581,0.039733863,-0.022508495
2025-11-23 07:29:10,0.006734039,0.042744315,0.008251276
2025-11-23 07:29:20,-0.075048053,-0.006922750,-0.059874214
2025-11-23 07:29:30,-0.051054152,-0.036344988,-0.087683201
2025-11-23 07:29:40,0.061526012,0.041213442,-0.009469398
2025-11-23 07:29:50,0.057142537,0.030230617,-0.007322232
2025-11-23 07:30:00,-0.015764414,0.018694119,0.023083005
2025-11-23 07:30:10,-0.018141490,0.115947832,-0.020752871
2025-11-23 07:30:20,0.039489799,-0.081165079,0.035951212
2025-11-23 07:30:30,0.002797809,0.169578143,0.033535021
2025-11-23 07:30:40,-0.050345423,0.155535591,-0.006569058
2025-11-23 07:30:50,-0.017439855,0.006134625,-0.044395479
2025-11-23 07:31:00,-0.013006572,0.103242229,0.013292387
2025-11-23 07:31:10,0.033233228,0.006398553,-0.039843999
2025-11-23 07:31:20,-0.010478799,-0.066505335,-0.011686089
2025-11-23 07:31:30,0.080263127,-0.027725117,0.007824378
2025-11-23 07:31:40,0.027890219,0.051892161,0.009800511
2025-11-23 07:31:50,0.030001861,-0.012846873,-0.080829090
2025-11-23 07:32:00,0.032743549,0.008311309,-0.064712191
2025-11-23 07:32:10,0.050466089,0.042369379,-0.028160702
2025-11-23 07:32:20,-0.090623737,0.034027385,-0.008863119
2025-11-23 07:32:30,0.036929440,0.110771865,-0.028806047
2025-11-23 07:32:40,-0.005708679,0.033140194,-0.042086737
2025-11-23 07:32:50,0.005273573,-0.055573517,-0.000802769
2025-11-23 07:33:00,-0.042517358,0.041350949,0.074570698
2025-11-23 07:33:10,-0.031558938,-0.022968636,-0.062053043
2025-11-23 07:33:20,0.039371259,-0.007015488,-0.049544997
2025-11-23 07:33:30,-0.053049297,-0.058324806,0.039050860
2025-11-23 07:33:40,-0.123938857,0.112194073,0.043760845
2025-11-23 07:33:50,-0.017309672,0.039537691,-0.019722952
2025-11-23 07:34:00,0.021852663,-0.069803111,-0.121960604
2025-11-23 07:34:10,0.039395966,0.062122046,-0.009088267
2025-11-23 07:34:20,-0.054246181,-0.064914490,-0.028509176
2025-11-23 07:34:30,0.018458613,0.028154144,-0.026704659
2025-11-23 07:34:40,0.058760362,-0.017432636,-0.093287574
2025-11-23 07:34:50,-0.056177944,-0.087721269,0.026850202
2025-11-23 07:35:00,-0.156799731,0.058455685,-0.048972179
2025-11-23 07:35:10,0.025697585,0.017738837,-0.011270809
2025-11-23 07:35:20,-0.054550199,-0.038853877,-0.060862889
2025-11-23 07:35:30,-0.026324704,0.004482077,0.004321790
2025-11-23 07:35:40,0.053147989,-0.026302239,-0.012941902
2025-11-23 07:35:50,-0.014701440,-0.037963420,0.008013667
2025-11-23 07:36:00,0.034633594,0.054063408,0.049405749
2025-11-23 07:36:10,0.033056573,-0.018463429,-0.011020908
2025-11-23 07:36:20,0.077657083,0.001349241,0.012931589
2025-11-23 07:36:30,0.089163478,0.034215943,0.013631552
2025-11-23 07:36:40,-0.054540331,-0.033353039,-0.015212285
2025-11-23 07:36:50,-0.040516811,0.042088750,0.071276763
2025-11-23 07:37:00,-0.025394701,0.033015769,-0.008866160
2025-11-23 07:37:10,-0.057470245,0.077429424,-0.009479321
2025-11-23 07:37:20,-0.018472550,-0.048500764,-0.003670322
2025-11-23 07:37:30,-0.073709858,0.032515983,0.045572864
2025-11-23 07:37:40,0.059785683,0.024592634,-0.031472927
2025-11-23 07:37:50,-0.053790852,0.012033616,0.016260809
2025-11-23 07:38:00,-0.065641601,-0.009626757,0.011148169
2025-11-23 07:38:10,0.061419007,-0.048208213,0.012166744
2025-11-23 07:38:20,-0.078287746,0.028347284,-0.090967584
2025-11-23 07:38:30,-0.059187192,0.036946281,0.048917592
2025-11-23 07:38:40,0.052011696,0.080185510,-0.042224242
2025-11-23 07:38:50,-0.059999710,0.012442165,0.008603818
2025-11-23 07:39:00,0.042504647,0.042058154,0.014233439
2025-11-23 07:39:10,0.015386194,-0.042584086,-0.080297663
2025-11-23 07:39:20,-0.093624966,0.005203730,-0.004843077
2025-11-23 07:39:30,0.058035863,0.039308239,-0.007488091
2025-11-23 07:39:40,0.011621221,0.014042073,-0.015779422
2025-11-23 07:39:50,-0.019254668,0.014106043,0.052727127
2025-11-23 07:40:00,0.050427683,0.017977530,0.004111103
2025-11-23 07:40:10,0.016548988,0.043317743,-0.062779711
2025-11-23 07:40:20,-0.011496895,-0.030775104,-0.050346591
2025-11-23 07:40:30,0.009809986,0.007161416,-0.047391442
2025-11-23 07:40:40,0.025422406,-0.018521088,-0.068824725
2025-11-23 07:40:50,0.034387462,-0.100045674,0.000220962
2025-11-23 07:41:00,-0.124880194,-0.014728600,0.059185914
2025-11-23 07:41:10,0.040688064,-0.040125030,0.018005546
2025-11-23 07:41:20,0.029949361,-0.013397528,0.056854990
2025-11-23 07:41:30,-0.048023347,0.060919952,-0.000242024
2025-11-23 07:41:40,0.005801887,0.010885671,0.029523139
2025-11-23 07:41:50,0.008355625,-0.021483716,0.018958029
2025-11-23 07:42:00,-0.009396668,0.083921022,0.049211049
2025-11-23 07:42:10,-0.043334889,-0.088783049,0.003083441
2025-11-23 07:42:20,-0.075166214,0.022183224,0.029130341
2025-11-23 07:42:30,0.042712367,-0.086382427,0.028538474
2025-11-23 07:42:40,-0.039416301,0.056869588,0.072482444
2025-11-23 07:42:50,0.098690353,0.058621822,0.010050533
2025-11-23 07:43:00,0.045359535,0.032799559,0.046303182
2025-11-23 07:43:10,-0.075366865,0.007735778,0.073910839
2025-11-23 07:43:20,-0.073000714,0.069124709,-0.045482669
2025-11-23 07:43:30,-0.010069794,-0.104203222,0.002198273
2025-11-23 07:43:40,0.067851696,0.026947764,0.045560392
2025-11-23 07:43:50,0.059118894,-0.020704655,0.084919734
2025-11-23 07:44:00,-0.045989083,0.063288127,-0.007497464
2025-11-23 07:44:10,-0.000193463,-0.056982637,-0.053321214
2025-11-23 07:44:20,0.089033259,0.122099895,-0.062283442
2025-11-23 07:44:30,-0.021486504,0.035270723,-0.018702984
2025-11-23 07:44:40,0.089583920,0.053439035,-0.073897908
2025-11-23 07:44:50,0.003909259,0.021694956,-0.051134609
2025-11-23 07:45:00,0.078840638,-0.046609800,0.063334603
2025-11-23 07:45:10,0.006027771,0.104096664,0.010244121
2025-11-23 07:45:20,-0.002925109,0.047248158,0.040031797
2025-11-23 07:45:30,0.036831181,-0.018783568,-0.012329813
2025-11-23 07:45:40,-0.023786224,-0.013920962,0.055506127
2025-11-23 07:45:50,-0.053328717,-0.023830551,-0.112292846
2025-11-23 07:46:00,0.015085934,-0.003192948,-0.038953513
2025-11-23 07:46:10,0.017193118,-0.026141606,0.028690619
2025-11-23 07:46:20,0.113781668,-0.027174522,-0.010100052
2025-11-23 07:46:30,-0.043710210,0.003598301,0.083941709
2025-11-23 07:46:40,0.012650161,0.034331743,0.008664261
2025-11-23 07:46:50,-0.003132216,-0.022993108,0.065175503
2025-11-23 07:47:00,-0.016694029,-0.061885306,-0.000796265
2025-11-23 07:47:10,-0.031767821,-0.098012230,0.039601650
2025-11-23 07:47:20,0.031881828,0.040677007,0.020447209
2025-11-23 07:47:30,0.042695451,0.009091605,0.038035900
2025-11-23 07:47:40,0.058402419,-0.111695468,-0.046869542
2025-11-23 07:47:50,0.124253260,0.035906414,-0.043050858
2025-11-23 07:48:00,-0.078107198,-0.023685041,0.064771185
2025-11-23 07:48:10,0.000523518,-0.048011089,0.040464850
2025-11-23 07:48:20,-0.068230148,0.076427680,-0.009232770
2025-11-23 07:48:30,0.014699194,0.123010728,-0.020589635
2025-11-23 07:48:40,0.024268864,-0.016683605,-0.003698029
2025-11-23 07:48:50,0.065758251,0.027291462,0.022259487
2025-11-23 07:49:00,0.022709588,0.017927897,-0.100535141
2025-11-23 07:49:10,0.003618879,0.027248186,0.037549411
2025-11-23 07:49:20,-0.003295545,-0.015486692,0.012392110
2025-11-23 07:49:30,-0.063677371,0.008922990,0.065316529
2025-11-23 07:49:40,-0.027272027,-0.101363452,-0.009718933
2025-11-23 07:49:50,0.024406281,0.015859972,0.036631292
2025-11-23 07:50:00,0.043912928,-0.043277526,-0.004375004
2025-11-23 07:50:10,-0.100022018,0.050425167,-0.026396053
2025-11-23 07:50:20,-0.058454319,0.019888897,0.037113532
2025-11-23 07:50:30,0.012166874,0.060313019,-0.032810907
2025-11-23 07:50:40,0.006225303,0.039238124,0.010780614
2025-11-23 07:50:50,0.036494610,0.027935117,-0.024632683
2025-11-23 07:51:00,0.057667945,-0.011258230,-0.010856777
2025-11-23 07:51:10,-0.116580675,0.053504021,0.029698553
2025-11-23 07:51:20,-0.070041811,0.077735329,0.028962399
2025-11-23 07:51:30,0.065713172,-0.065729640,0.003336167
2025-11-23 07:51:40,0.012451637,-0.045332882,0.044117249
2025-11-23 07:51:50,-0.006794064,0.037155021,0.071080276
2025-11-23 07:52:00,0.028519009,0.035754737,-0.154531488
2025-11-23 07:52:10,0.023024400,-0.027140430,0.020465107
2025-11-23 07:52:20,-0.090554676,-0.043265743,-0.034399034
2025-11-23 07:52:30,-0.019217827,0.000033658,0.082273239
2025-11-23 07:52:40,0.018531111,-0.000764906,-0.023906786
2025-11-23 07:52:50,-0.013113961,-0.020148133,0.004757527
2025-11-23 07:53:00,0.098223185,0.014636152,-0.032574926
2025-11-23 07:53:10,-0.031276952,-0.008822034,-0.076716500
2025-11-23 07:53:20,0.074882210,-0.009600602,0.055114064
2025-11-23 07:53:30,0.003807664,0.007631932,0.043199628
2025-11-23 07:53:40,0.003658398,-0.114212656,-0.054271234
2025-11-23 07:53:50,0.011941417,-0.112418593,-0.022515821
2025-11-23 07:54:00,0.083600055,-0.015616264,-0.039071396
2025-11-23 07:54:10,-0.000361298,0.051507479,0.016994934
2025-11-23 07:54:20,0.056057652,0.042213844,0.011502810
2025-11-23 07:54:30,-0.083592274,-0.084951523,-0.072379718
2025-11-23 07:54:40,-0.060352075,0.045294301,-0.087458336
2025-11-23 07:54:50,0.021994754,-0.060555050,0.068562108
2025-11-23 07:55:00,0.032791071,0.006417485,0.081461292
2025-11-23 07:55:10,0.043511995,0.008317476,-0.049516757
2025-11-23 07:55:20,-0.027423783,0.050112919,-0.001725231
2025-11-23 07:55:30,0.114684996,-0.002300006,0.048853489
2025-11-23 07:55:40,0.038582483,-0.009011138,0.042617794
2025-11-23 07:55:50,-0.014687445,-0.108166317,-0.007096578
2025-11-23 07:56:00,-0.018194508,0.015363308,0.060092904
2025-11-23 07:56:10,-0.086165667,-0.002086350,0.007728055
2025-11-23 07:56:20,0.047733767,-0.056196314,0.025424825
2025-11-23 07:56:30,-0.003177483,0.066987116,-0.073790545
2025-11-23 07:56:40,0.021112165,-0.023270314,-0.016276753
2025-11-23 07:56:50,-0.095139987,-0.038757000,0.045533174
2025-11-23 07:57:00,0.019765038,-0.035082090,0.019771918
2025-11-23 07:57:10,0.142863469,0.088738657,0.083914198
2025-11-23 07:57:20,-0.079980498,-0.035923658,0.021936270
2025-11-23 07:57:30,0.005419276,-0.039356186,0.055727827
2025-11-23 07:57:40,0.028502520,0.041471266,0.031684432
2025-11-23 07:57:50,0.020932767,-0.028345415,-0.087827059
2025-11-23 07:58:00,-0.023169598,-0.056406376,-0.037628003
2025-11-23 07:58:10,0.005303449,0.031158491,-0.025888565
2025-11-23 07:58:20,-0.004301103,0.050770792,-0.049801251
2025-11-23 07:58:30,-0.017532871,-0.056958848,0.089035802
2025-11-23 07:58:40,0.033958760,0.024124768,-0.010776601
2025-11-23 07:58:50,0.036050453,0.028177654,0.015393204
2025-11-23 07:59:00,0.028377655,-0.032109953,-0.009470752
2025-11-23 07:59:10,-0.054624786,-0.124769266,0.005049620
2025-11-23 07:59:20,-0.055205944,0.026849623,-0.013954826
2025-11-23 07:59:30,-0.038098486,0.025694369,-0.016714148
2025-11-23 07:59:40,0.001814649,0.099714195,0.055987050
2025-11-23 07:59:50,0.035313300,-0.001798094,-0.106095690
2025-11-23 08:00:00,-0.080393715,0.050040916,-0.026096788
2025-11-23 08:00:10,0.043033075,-0.078181872,0.003374595
2025-11-23 08:00:20,-0.026181666,0.089308769,-0.029515799
2025-11-23 08:00:30,-0.039761318,0.025356837,0.023000598
2025-11-23 08:00:40,0.041141577,-0.050567659,-0.061585092
2025-11-23 08:00:50,-0.013521091,-0.019384241,-0.121858856
2025-11-23 08:01:00,-0.006772445,0.002447905,-0.022614840
2025-11-23 08:01:10,0.120503130,0.045393458,0.034323921
2025-11-23 08:01:20,0.070784450,0.006119798,-0.012989482
2025-11-23 08:01:30,0.102260000,0.005028106,-0.060136931
2025-11-23 08:01:40,0.037760451,-0.080869430,-0.048752694
2025-11-23 08:01:50,0.018199320,-0.021590940,0.036388231
2025-11-23 08:02:00,0.056811111,-0.088628240,0.071195116
2025-11-23 08:02:10,0.048690631,-0.004204044,-0.044705004
2025-11-23 08:02:20,-0.049245536,0.001347081,0.016386724
2025-11-23 08:02:30,-0.010126448,0.083777301,0.058054182
2025-11-23 08:02:40,0.026267302,0.075328679,-0.025583955
2025-11-23 08:02:50,0.003953938,-0.042437275,0.091766857
2025-11-23 08:03:00,-0.049978829,0.067926467,0.036532046
2025-11-23 08:03:10,-0.057314081,-0.062643176,0.017254525
2025-11-23 08:03:20,-0.019170638,0.089850662,-0.109570662
2025-11-23 08:03:30,-0.000268646,0.016728110,-0.037476675
2025-11-23 08:03:40,0.055934369,-0.015541786,0.000851662
2025-11-23 08:03:50,0.129032801,0.000038797,-0.018746152
2025-11-23 08:04:00,0.021607947,0.055866366,-0.001028919
2025-11-23 08:04:10,0.037357819,0.057039240,0.050207800
2025-11-23 08:04:20,-0.046676923,-0.068371366,0.061572734
2025-11-23 08:04:30,-0.049694569,0.074978707,-0.079324408
2025-11-23 08:04:40,0.038232642,0.084308649,-0.076330730
2025-11-23 08:04:50,-0.028450198,-0.007920380,0.001155684
2025-11-23 08:05:00,0.076148400,-0.109048346,0.099412908
2025-11-23 08:05:10,-0.021621344,-0.028001718,0.022516087
2025-11-23 08:05:20,0.054993914,0.045105714,0.018414971
2025-11-23 08:05:30,-0.029251938,0.083149875,0.038024081
2025-11-23 08:05:40,0.002599431,0.027537968,-0.075018421
2025-11-23 08:05:50,0.102476857,-0.067528889,-0.002566610
2025-11-23 08:06:00,0.001096671,-0.012143921,-0.044555574
2025-11-23 08:06:10,0.014375699,0.028007891,-0.065511016
2025-11-23 08:06:20,0.046062105,0.040139057,0.093364982
2025-11-23 08:06:30,0.000439525,0.059380161,-0.038584118
2025-11-23 08:06:40,-0.090373774,-0.018671166,-0.015880797
2025-11-23 08:06:50,0.033814391,-0.070051322,0.023293587
2025-11-23 08:07:00,-0.013196184,-0.102637715,-0.040121079
2025-11-23 08:07:10,-0.050437225,0.035866492,-0.057862390
2025-11-23 08:07:20,0.031621330,-0.052360314,0.054438375
2025-11-23 08:07:30,-0.020285409,-0.002057564,0.037602989
2025-11-23 08:07:40,0.000784383,0.006809329,0.001031604
2025-11-23 08:07:50,-0.018459409,-0.021521993,-0.000388037
2025-11-23 08:08:00,0.049133521,-0.053361980,-0.069843514
2025-11-23 08:08:10,-0.025913403,0.000511069,-0.040339096
2025-11-23 08:08:20,0.059763736,0.001092356,-0.000271283
2025-11-23 08:08:30,0.022925120,-0.058590582,-0.013572981
2025-11-23 08:08:40,-0.072733513,-0.031290872,0.020519437
2025-11-23 08:08:50,0.004804836,0.028720803,-0.003913313
2025-11-23 08:09:00,0.012879538,-0.053176253,0.138251349
2025-11-23 08:09:10,-0.087692589,-0.062660830,0.030043429
2025-11-23 08:09:20,-0.049519046,0.046469488,0.041578317
2025-11-23 08:09:30,-0.005517133,0.116291909,0.013379982
2025-11-23 08:09:40,-0.063580638,-0.063018000,0.061994677
2025-11-23 08:09:50,0.028444393,0.014494654,0.034898228
2025-11-23 08:10:00,0.015536175,0.026006641,-0.005103043
2025-11-23 08:10:10,-0.009948602,0.009709119,0.027570778
2025-11-23 08:10:20,-0.032789419,-0.045917668,0.012267167
2025-11-23 08:10:30,-0.015252240,0.006414388,0.006548156
2025-11-23 08:10:40,0.024423698,0.023594211,-0.083591585
2025-11-23 08:10:50,-0.026437341,-0.073361450,0.007041323
2025-11-23 08:11:00,-0.053559286,-0.041071021,0.076953232
2025-11-23 08:11:10,-0.102921007,-0.074541288,0.069665274
2025-11-23 08:11:20,0.066475273,0.014427364,-0.054032647
2025-11-23 08:11:30,-0.040006445,-0.058959380,0.008728009
2025-11-23 08:11:40,-0.039359535,0.012070304,0.063507435
2025-11-23 08:11:50,0.150661337,0.016228589,-0.012543090
2025-11-23 08:12:00,0.042322393,0.025121739,0.049112589
2025-11-23 08:12:10,0.027512328,0.010070582,-0.079218477
2025-11-23 08:12:20,-0.034914417,0.024717836,0.022956885
2025-11-23 08:12:30,0.032318483,0.000924877,0.005186398
2025-11-23 08:12:40,0.031386113,-0.060803142,-0.052043602
2025-11-23 08:12:50,0.018077375,0.016403640,-0.009965033
2025-11-23 08:13:00,-0.003837353,-0.086840890,-0.014821542
2025-11-23 08:13:10,0.012179368,0.069837218,0.022370250
2025-11-23 08:13:20,-0.005828436,0.079990040,-0.022668922
2025-11-23 08:13:30,-0.018251629,-0.036781478,-0.010454760
2025-11-23 08:13:40,-0.060076075,0.023234674,0.023286726
2025-11-23 08:13:50,0.063002601,0.048896653,0.076773262
2025-11-23 08:14:00,0.011759869,0.001045767,0.017834948
2025-11-23 08:14:10,0.081720866,0.051408979,0.050504964
2025-11-23 08:14:20,-0.047652858,-0.007640592,0.015883297
2025-11-23 08:14:30,-0.010615245,-0.022613825,-0.051875316
2025-11-23 08:14:40,0.013477041,-0.118563288,-0.005976642
2025-11-23 08:14:50,0.021344131,-0.133706290,-0.022398007
2025-11-23 08:15:00,-0.051031891,0.053910494,0.038509097
2025-11-23 08:15:10,0.006523844,-0.012342634,-0.056668723
2025-11-23 08:15:20,-0.095014328,0.005772680,0.034498492
2025-11-23 08:15:30,-0.015389468,-0.007098041,0.050769111
2025-11-23 08:15:40,0.079103951,0.038926250,-0.051794428
2025-11-23 08:15:50,0.007597041,-0.051500699,0.020680715
2025-11-23 08:16:00,0.037267524,-0.024436007,0.013663106
2025-11-23 08:16:10,-0.000982828,-0.022371891,-0.070294017
2025-11-23 08:16:20,-0.009237522,-0.030399100,0.023248670
2025-11-23 08:16:30,-0.012058335,0.044695270,0.010720430
2025-11-23 08:16:40,0.057317888,0.013360524,-0.116325461
2025-11-23 08:16:50,0.075038310,0.023593738,0.090340698
2025-11-23 08:17:00,0.043953965,-0.014234638,0.113656798
2025-11-23 08:17:10,0.009940638,-0.035081781,0.027507519
2025-11-23 08:17:20,0.042737377,-0.115064829,-0.026862542
2025-11-23 08:17:30,-0.071887243,-0.060843517,-0.032331613
2025-11-23 08:17:40,0.044930757,-0.037173336,-0.009871646
2025-11-23 08:17:50,-0.020939000,0.009581412,-0.005613546
2025-11-23 08:18:00,0.019456642,0.004549783,-0.014440178
2025-11-23 08:18:10,0.050718016,0.004368770,-0.053622955
2025-11-23 08:18:20,-0.049802951,0.134018150,-0.097009912
2025-11-23 08:18:30,-0.092729751,0.084245357,-0.065495270
2025-11-23 08:18:40,0.038632545,-0.037940595,-0.062553269
2025-11-23 08:18:50,-0.025027751,0.055972743,-0.028196921
2025-11-23 08:19:00,-0.059322357,0.038742212,0.049764862
2025-11-23 08:19:10,0.062013092,0.037123426,-0.063053712
2025-11-23 08:19:20,0.053693887,0.107002669,-0.007082197
2025-11-23 08:19:30,0.014001568,0.045436350,0.002206843
2025-11-23 08:19:40,-0.023248448,0.087826255,0.116309481
2025-11-23 08:19:50,-0.007770056,-0.021317978,-0.025156341
2025-11-23 08:20:00,-0.035735408,0.015633430,-0.067839001
2025-11-23 08:20:10,-0.011890703,0.042306426,-0.021482755
2025-11-23 08:20:20,-0.033285335,0.031574176,-0.037465983
2025-11-23 08:20:30,0.053262926,0.088726410,-0.040982366
2025-11-23 08:20:40,0.036757005,0.004088889,-0.006176312
2025-11-23 08:20:50,-0.075832161,0.057837908,0.102181862
2025-11-23 08:21:00,-0.015733505,-0.048999554,0.001602750
2025-11-23 08:21:10,-0.021669736,0.045054945,-0.065707428
2025-11-23 08:21:20,-0.050292140,-0.001634779,-0.025496359
2025-11-23 08:21:30,0.014455154,-0.015806212,0.061153729
2025-11-23 08:21:40,0.020774137,-0.060595908,-0.045988047
2025-11-23 08:21:50,-0.116888982,-0.085445995,-0.038242450
2025-11-23 08:22:00,-0.026027324,0.013483047,0.063553245
2025-11-23 08:22:10,-0.013190919,-0.016028869,0.012193303
2025-11-23 08:22:20,-0.013583643,0.014885904,0.053052299
2025-11-23 08:22:30,-0.058638727,-0.007465818,0.101140308
2025-11-23 08:22:40,-0.084539504,-0.022280819,-0.026286971
2025-11-23 08:22:50,-0.111720315,0.038117976,-0.011341657
2025-11-23 08:23:00,-0.000391604,-0.132860944,-0.028228833
2025-11-23 08:23:10,-0.003807835,-0.014048988,-0.063868539
2025-11-23 08:23:20,-0.013146184,-0.042501338,-0.050257274
2025-11-23 08:23:30,-0.016104132,0.027451855,-0.021312359
2025-11-23 08:23:40,0.141748132,0.051740160,-0.041059885
2025-11-23 08:23:50,0.008572105,0.044047681,-0.025472165
2025-11-23 08:24:00,0.077786239,-0.043700377,-0.014916796
2025-11-23 08:24:10,0.017610609,-0.017097735,0.069569199
2025-11-23 08:24:20,-0.058042804,0.044344002,0.044271695
2025-11-23 08:24:30,-0.137237506,-0.006998474,0.076808204
2025-11-23 08:24:40,0.034197464,-0.045052198,0.028762665
2025-11-23 08:24:50,0.020387797,-0.020284220,-0.122224904
2025-11-23 08:25:00,0.096581499,-0.069393815,-0.010144089
2025-11-23 08:25:10,0.012161216,-0.043204215,0.003353453
2025-11-23 08:25:20,-0.030023849,-0.003789510,-0.058541041
2025-11-23 08:25:30,0.039345575,-0.009904838,-0.027433806
2025-11-23 08:25:40,-0.000574244,-0.124370159,-0.061265469
2025-11-23 08:25:50,0.023698716,-0.001805677,0.065975987
2025-11-23 08:26:00,0.029885753,0.029366222,-0.058188520
2025-11-23 08:26:10,0.019248067,-0.072394297,-0.090834987
2025-11-23 08:26:20,0.042525958,-0.039318700,-0.068320276
2025-11-23 08:26:30,-0.001427903,0.022362558,-0.054004009
2025-11-23 08:26:40,0.081565049,-0.006340010,0.004674357
2025-11-23 08:26:50,-0.025117128,0.018899059,-0.057101023
2025-11-23 08:27:00,0.053855888,-0.056352669,-0.072607668
2025-11-23 08:27:10,-0.052777410,-0.044914191,-0.041045938
2025-11-23 08:27:20,0.058681952,-0.064338544,-0.135449484
2025-11-23 08:27:30,-0.026526488,-0.036544619,-0.068913539
2025-11-23 08:27:40,0.051052467,0.032357591,-0.026158869
2025-11-23 08:27:50,-0.022306178,0.025360225,0.033018735
2025-11-23 08:28:00,-0.029273251,-0.043566131,-0.026643575
2025-11-23 08:28:10,-0.024943032,-0.025295947,-0.042714558
2025-11-23 08:28:20,0.002165782,0.014297367,-0.051339656
2025-11-23 08:28:30,0.006438367,0.017142043,-0.010584012
2025-11-23 08:28:40,0.008465216,0.041509846,0.027625238
2025-11-23 08:28:50,0.000716128,-0.079859919,-0.142912689
2025-11-23 08:29:00,0.041782478,-0.014546194,0.019753281
2025-11-23 08:29:10,0.065305289,-0.014588991,-0.016128259
2025-11-23 08:29:20,0.037862759,0.073816884,0.019015463
2025-11-23 08:29:30,-0.086752949,0.005185234,0.013826386
2025-11-23 08:29:40,-0.014290288,0.054560714,-0.051303440
2025-11-23 08:29:50,0.040362809,-0.058042391,-0.137469035
2025-11-23 08:30:00,0.058047135,0.049225897,-0.005281176
2025-11-23 08:30:10,0.061941362,-0.005934073,-0.024170495
2025-11-23 08:30:20,0.031057491,0.002465511,-0.012942377
2025-11-23 08:30:30,0.005523116,-0.048201152,0.026502377
2025-11-23 08:30:40,0.000548113,-0.010538344,0.034180506
2025-11-23 08:30:50,0.039562970,0.000742255,0.084336632
2025-11-23 08:31:00,-0.056765782,-0.118133041,0.012697814
2025-11-23 08:31:10,0.028664558,0.041213135,-0.023375484
2025-11-23 08:31:20,0.055133304,-0.049506613,0.015945718
2025-11-23 08:31:30,0.006456956,-0.065730245,0.047488827
2025-11-23 08:31:40,-0.060241589,-0.035074128,0.078737769
2025-11-23 08:31:50,-0.044212875,-0.041702502,0.024321266
2025-11-23 08:32:00,0.096442990,0.006329824,0.004813170
2025-11-23 08:32:10,-0.052151478,-0.015539160,-0.031887470
2025-11-23 08:32:20,0.037735945,-0.101267561,0.023230913
2025-11-23 08:32:30,-0.009595109,0.047221223,0.036422037
2025-11-23 08:32:40,-0.000641556,-0.039395158,0.021636120
2025-11-23 08:32:50,-0.000322263,0.037707260,0.033622598
2025-11-23 08:33:00,0.040746444,0.104950231,-0.048002001
2025-11-23 08:33:10,0.028025448,0.101786678,-0.027199990
2025-11-23 08:33:20,0.043519506,-0.030231143,-0.026522436
2025-11-23 08:33:30,-0.014589664,-0.012823185,0.027210237
2025-11-23 08:33:40,0.011785124,0.003631287,0.030656212
2025-11-23 08:33:50,-0.084483447,0.032293781,-0.083914785
2025-11-23 08:34:00,0.077715780,-0.050512197,-0.053634346
2025-11-23 08:34:10,-0.017136712,-0.011151690,-0.069112580
2025-11-23 08:34:20,0.010606976,0.031555652,-0.078082232
2025-11-23 08:34:30,-0.045873925,0.067038708,-0.016415587
2025-11-23 08:34:40,-0.038849949,0.004936359,0.084942410
2025-11-23 08:34:50,0.045150205,-0.019303178,0.034693348
2025-11-23 08:35:00,0.036478724,-0.064048164,-0.033963982
2025-11-23 08:35:10,-0.043964254,0.050121044,0.057982771
2025-11-23 08:35:20,0.019277352,-0.055065545,-0.055625008
2025-11-23 08:35:30,0.007958798,-0.002235848,-0.026515277
2025-11-23 08:35:40,-0.021692970,0.004409031,-0.020493064
2025-11-23 08:35:50,-0.008889912,0.028666502,0.027097944
2025-11-23 08:36:00,-0.101125823,0.018609710,-0.040694259
2025-11-23 08:36:10,0.025466140,-0.081456185,0.049910257
2025-11-23 08:36:20,0.017013941,0.045506280,-0.042881354
2025-11-23 08:36:30,-0.011214419,-0.021013479,0.062737322
2025-11-23 08:36:40,0.118406757,0.013521398,-0.071914774
2025-11-23 08:36:50,-0.075299895,0.018055757,0.047880491
2025-11-23 08:37:00,-0.014295567,-0.117602001,-0.067836085
2025-11-23 08:37:10,-0.023716018,-0.032977512,-0.004364899
2025-11-23 08:37:20,-0.036264150,0.116975752,-0.089095027
2025-11-23 08:37:30,-0.069760313,-0.027341634,-0.048077042
2025-11-23 08:37:40,-0.056658375,0.019017665,0.024397991
2025-11-23 08:37:50,-0.071526075,-0.009229995,0.022918103
2025-11-23 08:38:00,0.026454092,0.011600285,-0.084605791
2025-11-23 08:38:10,-0.014645580,-0.009354274,-0.041727022
2025-11-23 08:38:20,0.049614958,0.052493354,0.075824382
2025-11-23 08:38:30,-0.081242186,0.069726214,-0.103383453
2025-11-23 08:38:40,0.013058912,-0.130268034,0.020355234
2025-11-23 08:38:50,-0.032493526,-0.007688627,0.079089055
2025-11-23 08:39:00,0.005126508,0.029746605,0.056197350
2025-11-23 08:39:10,0.000487880,0.015836582,0.004727212
2025-11-23 08:39:20,0.018171238,0.022041496,0.079740092
2025-11-23 08:39:30,0.023602855,-0.005378867,0.045281298
2025-11-23 08:39:40,-0.048485566,0.020037438,-0.043126137
2025-11-23 08:39:50,-0.010879553,-0.002577643,-0.017307976
2025-11-23 08:40:00,-0.006238647,-0.008428422,0.046339904
2025-11-23 08:40:10,0.006665733,0.053461315,-0.001424219
2025-11-23 08:40:20,-0.015082148,-0.025521225,0.026374696
2025-11-23 08:40:30,0.030878270,0.010283051,0.095363024
2025-11-23 08:40:40,0.009930174,-0.084930220,-0.019560632
2025-11-23 08:40:50,-0.078674209,0.030723135,-0.019506552
2025-11-23 08:41:00,0.079008528,0.015860914,-0.001808559
2025-11-23 08:41:10,0.047354406,-0.060768819,0.050971577
2025-11-23 08:41:20,0.038984014,0.015050522,0.029468299
2025-11-23 08:41:30,-0.092854204,0.111783031,0.000407793
2025-11-23 08:41:40,0.000004837,-0.001232528,0.032487849
2025-11-23 08:41:50,0.014658070,-0.063383796,0.050747176
2025-11-23 08:42:00,-0.090687948,0.095249604,-0.028880637
2025-11-23 08:42:10,-0.079585059,-0.031800291,-0.025268487
2025-11-23 08:42:20,-0.043753985,0.029974637,-0.017991709
2025-11-23 08:42:30,-0.126591853,0.011697703,-0.019201634
2025-11-23 08:42:40,-0.060194365,-0.018975517,-0.059147899
2025-11-23 08:42:50,-0.004933301,0.019226822,0.062656661
2025-11-23 08:43:00,0.010374034,0.029260593,0.053662616
2025-11-23 08:43:10,0.029337811,-0.018147859,-0.096189181
2025-11-23 08:43:20,0.023962797,-0.004422698,0.052202385
2025-11-23 08:43:30,-0.126504029,0.003167936,-0.081119606
2025-11-23 08:43:40,-0.041168417,-0.078873343,0.049013730
2025-11-23 08:43:50,0.012014036,0.005083714,-0.063471549
2025-11-23 08:44:00,0.000775018,-0.032345320,0.058094588
2025-11-23 08:44:10,-0.065579607,-0.089199533,-0.028370200
2025-11-23 08:44:20,-0.004887199,-0.024869833,-0.065901074
2025-11-23 08:44:30,0.048229268,0.005878160,0.018575281
2025-11-23 08:44:40,0.084531633,-0.033134975,-0.053266881
2025-11-23 08:44:50,0.000896432,0.048205052,-0.104378757
2025-11-23 08:45:00,0.060461242,-0.049808949,-0.035970523
2025-11-23 08:45:10,0.010880092,0.062085759,0.090448258
2025-11-23 08:45:20,-0.028698229,-0.108904849,0.078891338
2025-11-23 08:45:30,0.026415718,0.057358261,-0.028356284
2025-11-23 08:45:40,0.067735721,0.008626992,-0.026480190
2025-11-23 08:45:50,0.000775038,-0.055729820,-0.090532247
2025-11-23 08:46:00,0.021596824,0.029962740,-0.042581114
2025-11-23 08:46:10,0.020403134,0.085041425,-0.003969341
2025-11-23 08:46:20,-0.005745749,-0.081549716,-0.033252452
2025-11-23 08:46:30,0.080765050,-0.005383786,-0.027232395
2025-11-23 08:46:40,0.037067802,-0.007539841,-0.008311560
2025-11-23 08:46:50,0.038708582,0.025008950,-0.117828814
2025-11-23 08:47:00,-0.019140336,0.068142340,-0.037812769
2025-11-23 08:47:10,-0.088425462,-0.006033522,0.028463058
2025-11-23 08:47:20,0.037576973,-0.060404856,-0.003986324
2025-11-23 08:47:30,0.053421511,0.006247870,0.014697974
2025-11-23 08:47:40,0.084569070,-0.061226060,-0.062976674
2025-11-23 08:47:50,-0.010957069,-0.020354089,0.013148050
2025-11-23 08:48:00,-0.091972833,-0.008683383,0.038047744
2025-11-23 08:48:10,-0.044585392,0.030082251,-0.068135777
2025-11-23 08:48:20,0.061915820,0.004862253,-0.165695640
2025-11-23 08:48:30,-0.135848992,0.052175408,-0.084601743
2025-11-23 08:48:40,-0.077304826,-0.004765872,0.104683210
2025-11-23 08:48:50,-0.061413217,0.083355447,-0.031248150
2025-11-23 08:49:00,0.042195302,0.063636673,-0.042911330
2025-11-23 08:49:10,-0.019613070,0.037717783,-0.009668433
2025-11-23 08:49:20,-0.026875530,0.049317532,0.059100285
2025-11-23 08:49:30,-0.054287715,0.014376069,-0.001087517
2025-11-23 08:49:40,0.006301482,0.000936504,0.000914776
2025-11-23 08:49:50,-0.083629547,0.081887871,0.029966700
2025-11-23 08:50:00,-0.012827696,-0.070461135,0.007051244
2025-11-23 08:50:10,0.069139992,0.032872854,-0.061536465
2025-11-23 08:50:20,-0.033405766,-0.076294660,0.003143070
2025-11-23 08:50:30,-0.047791201,0.032408424,-0.047135002
2025-11-23 08:50:40,0.037080196,-0.014061932,-0.032278576
2025-11-23 08:50:50,-0.020698124,0.076532381,-0.027286656
2025-11-23 08:51:00,0.000800972,-0.023179074,0.027989504
2025-11-23 08:51:10,0.009708049,0.113688025,-0.054650019
2025-11-23 08:51:20,0.050566235,-0.073847355,-0.036606605
2025-11-23 08:51:30,-0.039234071,-0.033932380,0.028723821
2025-11-23 08:51:40,0.020333224,-0.112285534,-0.045072898
2025-11-23 08:51:50,-0.006514583,-0.052500120,0.125534423
2025-11-23 08:52:00,-0.006264094,0.017473214,-0.000245407
2025-11-23 08:52:10,0.010870016,-0.014126223,0.022013859
2025-11-23 08:52:20,0.029999577,-0.012889356,0.078561440
2025-11-23 08:52:30,-0.035616014,0.053896808,0.032043417
2025-11-23 08:52:40,-0.053211207,-0.069244362,0.036476434
2025-11-23 08:52:50,-0.076168009,-0.003933547,-0.041671281
2025-11-23 08:53:00,0.014332477,0.069142804,0.059186739
2025-11-23 08:53:10,0.011332960,0.036090605,-0.044974095
2025-11-23 08:53:20,0.076421899,-0.030655048,-0.028344711
2025-11-23 08:53:30,0.007103439,-0.017058534,0.018664120
2025-11-23 08:53:40,-0.070420424,-0.039722348,0.041037998
2025-11-23 08:53:50,0.048972582,0.118820780,-0.019632096
2025-11-23 08:54:00,-0.044856185,0.029450984,-0.016564125
2025-11-23 08:54:10,0.038477820,0.001786571,0.046386349
2025-11-23 08:54:20,0.056959511,-0.005671679,0.040722805
2025-11-23 08:54:30,-0.101833672,0.006808246,0.080933047
2025-11-23 08:54:40,0.009174470,-0.006955835,-0.060283471
2025-11-23 08:54:50,-0.034273583,-0.032924275,-0.013557206
2025-11-23 08:55:00,0.103956664,-0.008276253,0.043256490
2025-11-23 08:55:10,0.001205649,0.015203502,-0.028904236
2025-11-23 08:55:20,-0.081730608,-0.011502468,0.013070821
2025-11-23 08:55:30,0.027669087,-0.019579062,-0.068601248
2025-11-23 08:55:40,0.053120073,-0.055597799,-0.016674037
2025-11-23 08:55:50,0.025298316,0.031435442,-0.011213226
2025-11-23 08:56:00,-0.004828200,-0.013407059,0.041264662
2025-11-23 08:56:10,0.040649309,0.004407006,-0.069826302
2025-11-23 08:56:20,-0.032143455,0.076147926,-0.029054857
2025-11-23 08:56:30,0.013868195,0.110193259,-0.079779923
2025-11-23 08:56:40,-0.038158172,-0.008809516,0.011375404
2025-11-23 08:56:50,0.066669290,0.049573605,-0.026685030
2025-11-23 08:57:00,0.061072917,0.071488147,-0.013895390
2025-11-23 08:57:10,-0.027221687,-0.106549592,0.054720710
2025-11-23 08:57:20,-0.018053235,0.013614189,0.082616415
2025-11-23 08:57:30,-0.095665468,-0.031367120,0.055390046
2025-11-23 08:57:40,-0.024219794,-0.053924241,0.078485469
2025-11-23 08:57:50,0.003446696,-0.079735371,-0.000427911
2025-11-23 08:58:00,0.024560205,-0.049177627,-0.048566292
2025-11-23 08:58:10,0.053289194,-0.053823949,0.013594834
2025-11-23 08:58:20,0.086135043,0.078378573,-0.082137209
2025-11-23 08:58:30,-0.034880557,0.048378093,0.072128280
2025-11-23 08:58:40,-0.001883019,0.035941085,-0.002892816
2025-11-23 08:58:50,-0.015564186,-0.011779836,0.016301844
2025-11-23 08:59:00,0.006886227,-0.005971845,-0.029799094
2025-11-23 08:59:10,-0.003145166,0.002537990,0.001293572
2025-11-23 08:59:20,0.030080386,0.001229273,-0.009810976
2025-11-23 08:59:30,0.017221024,0.077219221,0.009119555
2025-11-23 08:59:40,0.046848481,0.026801354,-0.039199859
2025-11-23 08:59:50,-0.017886890,0.018506038,-0.020135751
2025-11-23 09:00:00,0.050649887,0.037976148,0.059048299
2025-11-23 09:00:10,0.013002407,-0.074771161,0.000106221
2025-11-23 09:00:20,-0.006528189,0.125929540,0.043651231
2025-11-23 09:00:30,-0.064870209,-0.015818865,0.025754811
2025-11-23 09:00:40,-0.063200803,0.024605757,0.081916797
2025-11-23 09:00:50,-0.005372845,0.002124551,0.044066641
2025-11-23 09:01:00,-0.007344481,0.016117143,0.010011580
2025-11-23 09:01:10,0.092491014,0.010731586,-0.020997726
2025-11-23 09:01:20,0.024639012,-0.000574038,-0.067901126
2025-11-23 09:01:30,0.014015584,-0.002155348,-0.015664008
2025-11-23 09:01:40,-0.011966995,0.117932646,-0.038462339
2025-11-23 09:01:50,0.088826953,-0.096701904,0.058796930
2025-11-23 09:02:00,0.027636413,0.025262622,0.041587116
2025-11-23 09:02:10,0.011425250,0.011570052,-0.035392057
2025-11-23 09:02:20,0.089210916,-0.055497332,-0.064905944
2025-11-23 09:02:30,-0.017520376,-0.090752587,0.015428186
2025-11-23 09:02:40,-0.023801168,-0.035706816,0.072770476
2025-11-23 09:02:50,-0.032370511,0.026350640,-0.044029343
2025-11-23 09:03:00,-0.109090222,0.063864110,0.055168361
2025-11-23 09:03:10,-0.012000086,0.115652892,-0.017551325
2025-11-23 09:03:20,-0.099091801,-0.014751066,0.046491401
2025-11-23 09:03:30,0.005896562,0.000998931,-0.014665358
2025-11-23 09:03:40,-0.027181117,0.046400897,0.079116083
2025-11-23 09:03:50,0.005593294,-0.025558949,-0.014269377
2025-11-23 09:04:00,-0.006657330,-0.061206348,-0.072095143
2025-11-23 09:04:10,-0.075052725,0.067221526,-0.078153807
2025-11-23 09:04:20,0.013330853,-0.029978129,0.006689825
2025-11-23 09:04:30,0.021109230,0.069541385,-0.060844167
2025-11-23 09:04:40,-0.009758703,0.046168703,0.008319808
2025-11-23 09:04:50,0.085970388,-0.039654133,-0.010906147
2025-11-23 09:05:00,-0.016244464,-0.015990736,0.021032595
2025-11-23 09:05:10,0.029372295,0.012482881,-0.063119804
2025-11-23 09:05:20,0.060389344,-0.018296616,-0.069803742
2025-11-23 09:05:30,0.028520969,-0.052656407,0.041659781
2025-11-23 09:05:40,-0.001175126,0.062044387,0.013884691
2025-11-23 09:05:50,0.021169994,-0.001046867,-0.029231569
2025-11-23 09:06:00,0.009862537,0.040931857,-0.052059088
2025-11-23 09:06:10,0.090311444,-0.028621536,0.088650780
2025-11-23 09:06:20,-0.024415687,-0.059530305,-0.005912299
2025-11-23 09:06:30,-0.022708159,0.019498085,0.008349694
2025-11-23 09:06:40,0.027810496,0.014538921,0.032519949
2025-11-23 09:06:50,0.067743647,0.006699027,-0.011914859
2025-11-23 09:07:00,0.045876048,-0.019694441,-0.041432255
2025-11-23 09:07:10,-0.012386903,-0.026764114,0.074212270
2025-11-23 09:07:20,0.001247694,0.027781820,-0.042754584
2025-11-23 09:07:30,-0.073220720,-0.018673964,-0.031912411
2025-11-23 09:07:40,-0.033668159,0.082007723,-0.008533390
2025-11-23 09:07:50,-0.053014517,0.053592235,-0.084700183
2025-11-23 09:08:00,-0.079166632,0.022225212,0.058395391
2025-11-23 09:08:10,-0.004340559,0.020113828,0.052323043
2025-11-23 09:08:20,0.032977230,-0.024859311,0.019096641
2025-11-23 09:08:30,-0.050545341,-0.044573372,0.096852051
2025-11-23 09:08:40,0.015334768,0.056504059,-0.094498476
2025-11-23 09:08:50,0.013999897,-0.049981600,0.028819029
2025-11-23 09:09:00,0.045099177,-0.058540674,0.010959266
2025-11-23 09:09:10,0.052899822,-0.092308157,-0.012501975
2025-11-23 09:09:20,0.088183466,0.035661094,0.013700229
2025-11-23 09:09:30,-0.064929951,-0.039946170,0.050955924
2025-11-23 09:09:40,0.004101200,-0.028893643,-0.022347434
2025-11-23 09:09:50,0.035111794,-0.013731485,-0.072251254
2025-11-23 09:10:00,-0.028402621,-0.024533382,-0.020936735
2025-11-23 09:10:10,-0.034900900,0.047926693,0.000979493
2025-11-23 09:10:20,-0.021952953,-0.011123226,0.006154186
2025-11-23 09:10:30,0.000572731,0.022870685,0.009981704
2025-11-23 09:10:40,0.052817717,-0.155034255,0.002417752
2025-11-23 09:10:50,-0.016266179,0.105952857,-0.082428379
2025-11-23 09:11:00,0.008983635,0.030845493,0.043408843
2025-11-23 09:11:10,0.016124124,0.058086752,-0.094813214
2025-11-23 09:11:20,0.009634138,0.011687194,-0.094545518
2025-11-23 09:11:30,0.118279749,-0.088074496,-0.048371790
2025-11-23 09:11:40,-0.055458109,0.010784653,0.078013454
2025-11-23 09:11:50,-0.028450546,-0.021485932,-0.005199405
2025-11-23 09:12:00,-0.014156607,0.036942316,0.003372056
2025-11-23 09:12:10,-0.047916904,-0.064288287,0.034826994
2025-11-23 09:12:20,0.003164455,0.039448431,-0.031172343
2025-11-23 09:12:30,0.056845925,-0.012795145,0.037918869
2025-11-23 09:12:40,-0.038140198,-0.007280129,-0.023761559
2025-11-23 09:12:50,-0.026589535,0.004407602,0.005843409
2025-11-23 09:13:00,-0.116702580,0.029388828,0.017243155
2025-11-23 09:13:10,0.054529818,-0.043004029,-0.035018958
2025-11-23 09:13:20,-0.052851053,0.068454956,0.039558167
2025-11-23 09:13:30,0.073964696,-0.005924885,-0.025811371
2025-11-23 09:13:40,-0.011033541,0.046425832,0.052250603
2025-11-23 09:13:50,0.037612326,0.010895058,-0.039044681
2025-11-23 09:14:00,0.005724543,0.012071514,-0.017062242
2025-11-23 09:14:10,-0.055691839,-0.042329312,0.031436702
2025-11-23 09:14:20,-0.012347371,0.044791870,-0.051177372
2025-11-23 09:14:30,0.047703793,-0.019035247,-0.018604495
2025-11-23 09:14:40,-0.050219781,-0.007686989,0.054954005
2025-11-23 09:14:50,-0.009544315,-0.044721541,0.040758069
2025-11-23 09:15:00,0.100053057,-0.054905970,-0.018859714
2025-11-23 09:15:10,-0.131266786,-0.070681881,-0.114416224
2025-11-23 09:15:20,-0.017208170,0.034888308,0.064499992
2025-11-23 09:15:30,0.035463103,0.058374282,0.040956941
2025-11-23 09:15:40,-0.034635043,0.060835213,0.033588766
2025-11-23 09:15:50,-0.012663015,-0.041239578,-0.034587623
2025-11-23 09:16:00,0.001696565,-0.019626357,-0.117849520
2025-11-23 09:16:10,0.054262039,-0.071576086,-0.006313213
2025-11-23 09:16:20,0.015626430,-0.075294203,0.067662936
2025-11-23 09:16:30,-0.007130207,0.020185441,-0.089030551
2025-11-23 09:16:40,-0.066569796,0.064750442,-0.014905269
2025-11-23 09:16:50,0.011275519,0.050837285,-0.059616570
2025-11-23 09:17:00,-0.016518532,-0.012635019,0.011810663
2025-11-23 09:17:10,0.026754911,-0.037295514,0.060922055
2025-11-23 09:17:20,-0.053975153,0.026661389,0.018515737
2025-11-23 09:17:30,-0.010526201,-0.072603174,0.051513302
2025-11-23 09:17:40,-0.079856267,0.059129993,-0.045692032
2025-11-23 09:17:50,-0.031972687,-0.017087395,0.000201996
2025-11-23 09:18:00,0.098532297,-0.057492942,0.009489435
2025-11-23 09:18:10,0.046479044,-0.052047972,-0.028187926
2025-11-23 09:18:20,0.020952979,-0.097118232,0.049930125
2025-11-23 09:18:30,-0.088006001,0.052647566,0.067001976
2025-11-23 09:18:40,-0.002586378,-0.064641258,0.017763340
2025-11-23 09:18:50,0.009904221,-0.005659036,0.005661115
2025-11-23 09:19:00,0.080519928,0.006087329,-0.077348557
2025-11-23 09:19:10,-0.064607136,-0.033851567,0.001258227
2025-11-23 09:19:20,-0.018332225,0.017077643,-0.015799742
2025-11-23 09:19:30,0.003986016,0.042550465,0.056136801
2025-11-23 09:19:40,0.022740611,0.014389072,-0.031297584
2025-11-23 09:19:50,-0.048530805,-0.036900813,-0.008245395
2025-11-23 09:20:00,0.017885808,0.041714969,0.034856266
2025-11-23 09:20:10,0.031797252,0.042835353,-0.053911253
2025-11-23 09:20:20,0.016008741,-0.008604151,-0.054959853
2025-11-23 09:20:30,0.052056473,0.045203254,-0.060115174
2025-11-23 09:20:40,0.028466536,-0.080051001,-0.023172876
2025-11-23 09:20:50,-0.033467405,-0.053621577,-0.022294197
2025-11-23 09:21:00,-0.001560685,-0.102881834,-0.060475906
2025-11-23 09:21:10,-0.019210889,0.071833923,0.071130717
2025-11-23 09:21:20,-0.060602173,-0.021701729,0.004712290
2025-11-23 09:21:30,0.041900872,0.046751028,-0.038965108
2025-11-23 09:21:40,-0.052082131,0.026348486,-0.007885039
2025-11-23 09:21:50,-0.065902985,0.018188035,-0.038623068
2025-11-23 09:22:00,-0.070670285,-0.029849986,-0.028741495
2025-11-23 09:22:10,-0.136047161,-0.020411105,0.000266355
2025-11-23 09:22:20,-0.002858373,-0.001336439,0.065391064
2025-11-23 09:22:30,0.040869464,0.001917831,0.041445123
2025-11-23 09:22:40,0.004663111,-0.029292864,-0.031806997
2025-11-23 09:22:50,-0.032289736,-0.064489406,0.096918764
2025-11-23 09:23:00,-0.032617006,0.023100364,-0.017024477
2025-11-23 09:23:10,-0.048387305,0.006962779,0.045962648
2025-11-23 09:23:20,-0.062489943,-0.020750049,-0.041452820
2025-11-23 09:23:30,0.019956670,0.011245124,-0.044016446
2025-11-23 09:23:40,0.021025260,-0.033863633,0.058611356
2025-11-23 09:23:50,0.029922568,-0.009300046,0.007414970
2025-11-23 09:24:00,-0.019157537,-0.122726426,0.058559837
2025-11-23 09:24:10,-0.027753115,-0.026337620,0.006359507
2025-11-23 09:24:20,0.058874596,0.022493714,-0.065194097
2025-11-23 09:24:30,0.030965320,0.035391465,0.116371743
2025-11-23 09:24:40,0.024652924,0.203913744,-0.031406841
2025-11-23 09:24:50,0.023745981,0.021145917,0.006379111
2025-11-23 09:25:00,-0.012781332,0.036514035,0.042420716
2025-11-23 09:25:10,-0.050422677,0.065861719,0.079527510
2025-11-23 09:25:20,-0.065578239,0.046138198,-0.014410790
2025-11-23 09:25:30,0.097974281,0.075347762,0.030915730
2025-11-23 09:25:40,-0.039264403,-0.115678970,-0.035741993
2025-11-23 09:25:50,0.039081146,0.066201321,-0.085045577
2025-11-23 09:26:00,0.000424626,-0.010042170,-0.036730057
2025-11-23 09:26:10,0.049802496,-0.075279728,-0.018690736
2025-11-23 09:26:20,0.041188667,-0.034609064,-0.013083057
2025-11-23 09:26:30,-0.005449006,0.064502111,0.023847312
2025-11-23 09:26:40,0.071362894,0.027164540,0.071460853
2025-11-23 09:26:50,-0.023325291,-0.044856696,-0.033367436
2025-11-23 09:27:00,-0.046417632,0.014913182,-0.037354439
2025-11-23 09:27:10,0.052918822,-0.021288966,-0.063845075
2025-11-23 09:27:20,0.065526472,-0.037421200,-0.019676406
2025-11-23 09:27:30,-0.045571950,-0.023201849,0.015292062
2025-11-23 09:27:40,-0.105309806,-0.029109946,0.027757239
2025-11-23 09:27:50,0.056607087,0.018241739,0.050096842
2025-11-23 09:28:00,0.004626612,-0.052872015,0.051952166
2025-11-23 09:28:10,0.007802225,-0.004004735,0.016829088
2025-11-23 09:28:20,0.017738281,-0.010591207,-0.052193841
2025-11-23 09:28:30,0.001560944,0.124734297,-0.068557760
2025-11-23 09:28:40,0.068986274,-0.023670552,-0.046041417
2025-11-23 09:28:50,-0.044606232,0.002930113,0.058405202
2025-11-23 09:29:00,0.010200437,0.011980547,-0.022814879
2025-11-23 09:29:10,0.067858841,0.021718702,-0.044577593
2025-11-23 09:29:20,-0.045092401,-0.018829996,-0.050442790
2025-11-23 09:29:30,-0.025270261,0.016180837,0.037643257
2025-11-23 09:29:40,-0.022309239,0.002548116,-0.034479915
2025-11-23 09:29:50,-0.064274032,0.014490625,0.028885528
2025-11-23 09:30:00,-0.007617119,-0.063820083,0.047063346
2025-11-23 09:30:10,0.066354889,-0.085386326,-0.059898518
2025-11-23 09:30:20,-0.010389582,-0.033185573,-0.013303941
2025-11-23 09:30:30,-0.101410292,-0.011553103,0.048189836
2025-11-23 09:30:40,-0.050610170,-0.096038598,-0.019210423
2025-11-23 09:30:50,0.096394644,0.101187917,0.006041702
2025-11-23 09:31:00,-0.055560004,0.045565907,-0.032898006
2025-11-23 09:31:10,0.044076312,0.019401943,-0.000542654
2025-11-23 09:31:20,0.081721345,0.005687476,-0.010000103
2025-11-23 09:31:30,0.016021013,0.044092764,0.050364707
2025-11-23 09:31:40,-0.059820651,0.003453113,-0.052729593
2025-11-23 09:31:50,-0.006553227,-0.086016312,-0.071308386
2025-11-23 09:32:00,0.024663001,-0.010796756,-0.020149602
2025-11-23 09:32:10,0.073755868,-0.074186204,-0.006147392
2025-11-23 09:32:20,-0.041265665,-0.023540018,0.027391865
2025-11-23 09:32:30,0.025277409,0.039476271,0.030636960
2025-11-23 09:32:40,-0.075789805,0.022310182,0.003774416
2025-11-23 09:32:50,-0.066846923,0.061577428,0.049331232
2025-11-23 09:33:00,0.017525821,0.029021661,-0.025676122
2025-11-23 09:33:10,0.002820232,-0.080658359,0.005535551
2025-11-23 09:33:20,-0.052660881,-0.023342416,0.022972055
2025-11-23 09:33:30,-0.025826091,0.022527454,-0.053062168
2025-11-23 09:33:40,0.019334565,-0.052427360,0.042766767
2025-11-23 09:33:50,-0.053558782,0.003976953,0.040162420
2025-11-23 09:34:00,-0.005212244,-0.046614799,0.034408190
2025-11-23 09:34:10,-0.064765027,0.044312533,-0.028614958
2025-11-23 09:34:20,-0.074759442,-0.020695293,-0.016732154
2025-11-23 09:34:30,0.032482394,-0.007025807,0.015080060
2025-11-23 09:34:40,0.106580328,-0.035225955,-0.059089805
2025-11-23 09:34:50,-0.012611021,-0.021374370,0.004054678
2025-11-23 09:35:00,-0.030457025,-0.030223224,0.040929565
2025-11-23 09:35:10,-0.010051595,0.034087170,0.019992239
2025-11-23 09:35:20,0.042127451,0.005936301,-0.034113058
2025-11-23 09:35:30,-0.041016577,-0.134214894,0.089108401
2025-11-23 09:35:40,0.051617072,-0.067822481,0.049944577
2025-11-23 09:35:50,-0.001043078,0.059358329,-0.006251164
2025-11-23 09:36:00,-0.031992126,0.001001162,-0.017809731
2025-11-23 09:36:10,0.002667288,-0.013755246,-0.088295013
2025-11-23 09:36:20,0.068334941,-0.025621682,0.000289960
2025-11-23 09:36:30,0.072834692,-0.047147762,-0.041732172
2025-11-23 09:36:40,-0.051939101,-0.033253017,0.032774370
2025-11-23 09:36:50,0.049020441,0.103071060,-0.032810170
2025-11-23 09:37:00,0.007103924,-0.017825783,0.002769417
2025-11-23 09:37:10,-0.013221871,-0.025072620,0.058843381
2025-11-23 09:37:20,-0.004182465,0.072622711,-0.136480871
2025-11-23 09:37:30,-0.020407674,-0.074865032,0.013829739
2025-11-23 09:37:40,-0.046507825,-0.022304858,0.059859868
2025-11-23 09:37:50,-0.039771102,-0.050766179,-0.046606126
2025-11-23 09:38:00,-0.032005536,-0.070243189,0.063037249
2025-11-23 09:38:10,-0.065456396,0.032653244,-0.016641385
2025-11-23 09:38:20,-0.095424223,-0.028494126,-0.015107993
2025-11-23 09:38:30,0.005654056,0.004306828,-0.051591539
2025-11-23 09:38:40,0.022050193,-0.021412935,-0.065099306
2025-11-23 09:38:50,0.033079570,-0.054736277,0.037147279
2025-11-23 09:39:00,-0.023272948,-0.026507376,0.035774331
2025-11-23 09:39:10,-0.052667091,0.032947977,-0.019314688
2025-11-23 09:39:20,-0.035316747,-0.126450416,-0.005236136
2025-11-23 09:39:30,0.105475669,-0.082323530,-0.084147923
2025-11-23 09:39:40,0.094536511,0.022794949,-0.098333438
2025-11-23 09:39:50,-0.033381191,-0.050748044,0.017190654
2025-11-23 09:40:00,0.040018591,-0.049390240,-0.009268171
2025-11-23 09:40:10,-0.050330498,0.055107253,0.005961197
2025-11-23 09:40:20,0.001387315,0.026109733,0.019186089
2025-11-23 09:40:30,0.024827570,0.098370878,0.036962838
2025-11-23 09:40:40,-0.033296438,-0.036948981,-0.082243905
2025-11-23 09:40:50,0.074472928,-0.015729821,-0.075668819
2025-11-23 09:41:00,0.101888061,-0.029796756,-0.067414990
2025-11-23 09:41:10,0.006046399,0.066646170,-0.005202025
2025-11-23 09:41:20,0.091581194,0.025155366,0.005373019
2025-11-23 09:41:30,-0.030499766,0.011784359,-0.051076491
2025-11-23 09:41:40,0.061125317,-0.077682437,-0.008031509
2025-11-23 09:41:50,-0.022748280,-0.017924904,-0.048661075
2025-11-23 09:42:00,-0.033509367,-0.045035079,0.060439570
2025-11-23 09:42:10,-0.119517047,0.019593635,0.112496436
2025-11-23 09:42:20,0.049491850,-0.026985942,-0.016455333
2025-11-23 09:42:30,0.082582579,0.034026566,0.019814949
2025-11-23 09:42:40,0.056495689,0.056164801,-0.092654209
2025-11-23 09:42:50,0.029999047,0.018809813,0.034659178
2025-11-23 09:43:00,0.012838484,0.028829867,-0.036868695
2025-11-23 09:43:10,0.016840592,-0.012465288,0.078513170
2025-11-23 09:43:20,-0.038766336,-0.037623103,-0.014870837
2025-11-23 09:43:30,0.003622594,-0.075595884,0.001260744
2025-11-23 09:43:40,-0.013829217,0.072195695,0.002195199
2025-11-23 09:43:50,-0.053715264,-0.023652077,-0.079047058
2025-11-23 09:44:00,-1.331764633,0.258720633,-0.043546827
2025-11-23 09:44:10,-0.679254631,1.153455807,-1.058265056
2025-11-23 09:44:20,0.817852334,0.308987141,2.885597211
2025-11-23 09:44:30,1.101836634,-0.104533030,1.435729734
2025-11-23 09:44:40,-3.758724353,1.366319642,-1.843639204
2025-11-23 09:44:50,1.034626617,-1.164230030,-0.353849239
2025-11-23 09:45:00,-1.201604442,0.118115941,2.445559814
2025-11-23 09:45:10,2.720718014,-0.039716144,0.337908750
2025-11-23 09:45:20,0.498937851,1.217873919,-0.323923274
2025-11-23 09:45:30,-1.816568486,-0.215503218,-0.294464226
2025-11-23 09:45:40,-0.244638708,0.611351423,2.440950602
2025-11-23 09:45:50,-1.138477305,2.101686870,1.276437446
2025-11-23 09:46:00,1.913470905,-0.158840039,-0.120053325
2025-11-23 09:46:10,-1.066712260,-3.385583454,2.854841879
2025-11-23 09:46:20,3.086048757,0.983299884,0.022493199
2025-11-23 09:46:30,1.725038594,-0.063544275,-2.530645932
2025-11-23 09:46:40,0.501957149,-0.274942630,-1.948298859
2025-11-23 09:46:50,2.335009513,-2.029728354,-2.252943023
2025-11-23 09:47:00,-1.770202276,0.036621437,1.316444781
2025-11-23 09:47:10,-2.186631608,-1.582082903,0.286025424
2025-11-23 09:47:20,-0.428174283,0.704264771,-0.782864865
2025-11-23 09:47:30,-1.591619029,-2.027777511,-2.445265834
2025-11-23 09:47:40,0.571150798,1.368645775,-0.199136204
2025-11-23 09:47:50,-0.426013720,-0.921538821,-0.027369685
2025-11-23 09:48:00,-0.904834408,-1.894471165,2.142970358
2025-11-23 09:48:10,-0.253056029,2.638853601,1.092747478
2025-11-23 09:48:20,0.050676286,-1.398052960,2.907099596
2025-11-23 09:48:30,-2.583693818,1.407323106,-1.814311234
2025-11-23 09:48:40,-4.893448132,1.700953341,0.502663319
2025-11-23 09:48:50,0.376583107,-0.439772673,0.409813077
2025-11-23 09:49:00,-0.072066750,0.397679889,-1.394059910
2025-11-23 09:49:10,1.376696622,0.742369593,1.961879261
2025-11-23 09:49:20,-1.312904831,-1.179951017,1.700249380
2025-11-23 09:49:30,1.150972631,-2.277201103,-0.184045788
2025-11-23 09:49:40,-3.086831652,3.815306522,3.254317425
2025-11-23 09:49:50,0.318724179,0.206880805,-0.713880185
2025-11-23 09:50:00,1.182905637,1.659138868,-0.700149163
2025-11-23 09:50:10,-0.863255445,2.318769460,-1.327539096
2025-11-23 09:50:20,-0.557861063,-0.110059681,1.741674624
2025-11-23 09:50:30,0.014133220,0.892317006,-1.947728422
2025-11-23 09:50:40,0.629133508,1.527461843,1.108095426
2025-11-23 09:50:50,-1.011803185,-0.924659423,0.078631560
2025-11-23 09:51:00,-1.432981531,1.620630237,0.219380773
2025-11-23 09:51:10,4.389799640,-1.143247829,0.856361984
2025-11-23 09:51:20,0.471795425,2.137203734,2.477407278
2025-11-23 09:51:30,-1.533420207,-2.448600448,-0.131705511
2025-11-23 09:51:40,-2.917246053,1.274204652,0.804233813
2025-11-23 09:51:50,-0.367109607,-0.459101291,0.338791290
2025-11-23 09:52:00,1.708972111,1.302392887,-1.245935334
2025-11-23 09:52:10,1.183270425,1.246687424,1.964917588
2025-11-23 09:52:20,0.364083555,-0.444328903,2.544470989
2025-11-23 09:52:30,-1.578998452,0.016634558,-1.423493097
2025-11-23 09:52:40,3.584683101,2.871539689,-0.152078174
2025-11-23 09:52:50,-1.369949326,0.724738106,-3.373528160
2025-11-23 09:53:00,-1.078735479,-2.601494787,1.445856147
2025-11-23 09:53:10,0.033797989,3.264842275,-0.654260432
2025-11-23 09:53:20,1.561163581,2.260663629,-1.798811021
2025-11-23 09:53:30,-1.842827823,0.774508283,0.203312486
2025-11-23 09:53:40,-1.173449844,1.217030704,-0.252339607
2025-11-23 09:53:50,2.973725809,0.675973593,-0.780404086
2025-11-23 09:54:00,-1.930034294,-1.814358158,-1.054112944
2025-11-23 09:54:10,0.300211465,3.077515527,-0.823470173
2025-11-23 09:54:20,2.195707764,0.764239433,1.924226802
2025-11-23 09:54:30,-0.360433378,1.228242203,-2.091648173
2025-11-23 09:54:40,-2.427641842,-2.650388074,-1.169476277
2025-11-23 09:54:50,1.350572024,1.170598497,3.156032451
2025-11-23 09:55:00,-3.525056554,0.845030947,0.783878636
2025-11-23 09:55:10,1.336243302,0.369287871,0.553423091
2025-11-23 09:55:20,-1.771764621,0.917215995,-1.240071917
2025-11-23 09:55:30,0.715409064,-1.575148187,-0.634785546
2025-11-23 09:55:40,1.939892605,-1.296453162,-0.735142482
2025-11-23 09:55:50,-0.780934593,-0.579034909,-4.471316292
2025-11-23 09:56:00,-0.209671546,0.422566237,0.180259980
2025-11-23 09:56:10,1.836938155,0.613624606,-0.321824983
2025-11-23 09:56:20,-1.780079985,1.034998628,-1.379831046
2025-11-23 09:56:30,1.350058725,0.927280386,1.578371015
2025-11-23 09:56:40,1.128073995,-0.935110104,-2.610571654
2025-11-23 09:56:50,1.142478228,0.208899519,-0.983321174
2025-11-23 09:57:00,-1.264612568,0.380618149,-1.470500320
2025-11-23 09:57:10,-0.319152356,-2.374998498,1.153049213
2025-11-23 09:57:20,2.300227680,0.388953687,2.463270973
2025-11-23 09:57:30,0.350403554,-0.602738190,1.732894454
2025-11-23 09:57:40,1.853664279,-1.254157670,-2.845373528
2025-11-23 09:57:50,-0.563809913,0.130827896,0.976831800
2025-11-23 09:58:00,0.165329754,0.705660894,-3.447070357
2025-11-23 09:58:10,-1.615274718,-1.553498446,-0.380747504
2025-11-23 09:58:20,-0.333712273,2.265239317,-1.629949212
2025-11-23 09:58:30,-0.868619485,0.050391954,-1.517116960
2025-11-23 09:58:40,0.364713646,2.963419645,1.638580307
2025-11-23 09:58:50,-1.068925387,0.751995584,1.691174872
2025-11-23 09:59:00,-1.649407064,-0.958422326,1.093913699
2025-11-23 09:59:10,0.607307900,-2.297821678,1.921727814
2025-11-23 09:59:20,2.842867969,1.414213198,-1.745590167
2025-11-23 09:59:30,-0.131005366,1.046940393,-1.589042361
2025-11-23 09:59:40,-1.099240474,-0.217307639,-2.123480722
2025-11-23 09:59:50,-0.775840126,-0.350665649,-2.064414840
2025-11-23 10:00:00,-1.743395795,-1.020092637,-0.071400149
2025-11-23 10:00:10,-1.838168493,-1.998979738,-0.746797170
2025-11-23 10:00:20,1.604865011,0.806966979,-1.669424081
2025-11-23 10:00:30,-1.098614618,-0.405227757,-0.846877489
2025-11-23 10:00:40,1.136316334,2.062856154,1.006138413
2025-11-23 10:00:50,-1.469892881,1.284731681,3.007176249
2025-11-23 10:01:00,-0.017101696,-1.160426283,1.692638643
2025-11-23 10:01:10,0.621033270,0.299097654,1.142941714
2025-11-23 10:01:20,-1.847558801,-0.419469924,0.996345736
2025-11-23 10:01:30,0.292606983,1.518157767,0.367171584
2025-11-23 10:01:40,0.608174859,-0.418026249,-1.473108778
2025-11-23 10:01:50,0.618865495,-1.620184059,-0.512484827
2025-11-23 10:02:00,1.341769540,-0.681059021,-0.196057102
2025-11-23 10:02:10,-3.091926641,0.505007429,0.036925220
2025-11-23 10:02:20,-0.702223955,0.886482491,-0.777277506
2025-11-23 10:02:30,-0.691083192,2.590594894,0.005221766
2025-11-23 10:02:40,3.406256226,1.589298438,-0.665064049
2025-11-23 10:02:50,0.079395450,0.701432701,-1.631918521
2025-11-23 10:03:00,1.702634249,-1.120347976,-1.116454366
2025-11-23 10:03:10,1.351456752,1.937793637,0.440261729
2025-11-23 10:03:20,2.907844183,-2.193120794,1.556727133
2025-11-23 10:03:30,0.251686936,0.390178624,1.120827038
2025-11-23 10:03:40,0.657698140,-0.126489015,-1.355668708
2025-11-23 10:03:50,-0.594670022,0.167233215,-3.648393190
2025-11-23 10:04:00,1.462485333,-1.056648318,-1.876228083
2025-11-23 10:04:10,1.011900454,-0.706923628,0.822356316
2025-11-23 10:04:20,-0.854380100,0.896896548,1.055376067
2025-11-23 10:04:30,-0.029465855,-1.258724053,-2.761487898
2025-11-23 10:04:40,-2.144047408,-0.597456729,2.086781379
2025-11-23 10:04:50,-1.114358757,0.527903423,1.317552073
2025-11-23 10:05:00,1.939187289,1.601639573,-1.265642050
2025-11-23 10:05:10,4.407785297,-0.419135754,-0.735706724
2025-11-23 10:05:20,0.495303953,0.630073093,1.164090167
2025-11-23 10:05:30,-2.689918024,-0.254648193,-1.910313429
2025-11-23 10:05:40,-4.043089216,1.335640137,-2.702730805
2025-11-23 10:05:50,0.137619854,1.611742413,3.544327111
2025-11-23 10:06:00,1.807997272,0.648983823,0.856087642
2025-11-23 10:06:10,-0.987071302,-1.993390672,-0.681963652
2025-11-23 10:06:20,-0.439464889,-1.059992608,-1.213404719
2025-11-23 10:06:30,0.815087621,1.108539113,-0.858860876
2025-11-23 10:06:40,-0.425637331,-1.016557275,-0.832118303
2025-11-23 10:06:50,0.168950140,0.519056738,-3.060572205
2025-11-23 10:07:00,-0.479857176,0.808111197,-2.266459840
2025-11-23 10:07:10,-0.280428142,-2.866132383,2.181559805
2025-11-23 10:07:20,2.441610777,-1.739419055,0.721082500
2025-11-23 10:07:30,2.174980539,-2.887028263,1.633687208
2025-11-23 10:07:40,0.495322450,-0.887919289,2.076610786
2025-11-23 10:07:50,-1.699751671,-0.704001246,1.728217184
2025-11-23 10:08:00,-0.250589207,-0.974641933,-1.167715267
2025-11-23 10:08:10,1.643761841,-2.609716526,0.139263519
2025-11-23 10:08:20,-0.752170282,0.342273108,-1.233788502
2025-11-23 10:08:30,-2.106890860,1.224212014,-0.234633363
2025-11-23 10:08:40,1.044008533,-0.763904484,-0.531011680
2025-11-23 10:08:50,2.052142708,-1.282834230,0.253873118
2025-11-23 10:09:00,0.494034925,-0.935579716,-1.808638538
2025-11-23 10:09:10,2.274376731,-3.752896354,1.111325792
2025-11-23 10:09:20,0.059449477,-1.173659013,1.621697661
2025-11-23 10:09:30,-1.473283332,1.344450713,1.438785652
2025-11-23 10:09:40,-1.110551571,-0.696103352,1.412961629
2025-11-23 10:09:50,1.835716784,0.979577246,0.324333255
2025-11-23 10:10:00,0.392482095,0.150472865,1.756836057
2025-11-23 10:10:10,1.099808307,-0.063991656,-2.187189096
2025-11-23 10:10:20,0.923414498,-0.169998699,-0.386398731
2025-11-23 10:10:30,0.718992979,-2.622764315,-2.731364273
2025-11-23 10:10:40,1.217225165,-0.954344061,-1.022770646
2025-11-23 10:10:50,-2.417249422,1.201440340,0.659821783
2025-11-23 10:11:00,-1.926281819,0.838306450,1.556915881
2025-11-23 10:11:10,1.226614016,2.680189552,-2.346389423
2025-11-23 10:11:20,-0.141935763,0.144180367,2.157284532
2025-11-23 10:11:30,-1.222048378,0.156824607,-2.243507777
2025-11-23 10:11:40,-0.400808558,0.334621206,0.378249976
2025-11-23 10:11:50,-2.030727561,-1.796420531,0.499645055
2025-11-23 10:12:00,0.388765625,-0.358633487,-1.557202120
2025-11-23 10:12:10,1.783480075,-1.498633803,-0.348947283
2025-11-23 10:12:20,0.017882219,-0.672050213,1.061831067
2025-11-23 10:12:30,-0.355716873,1.100010906,0.532115093
2025-11-23 10:12:40,-0.083517300,-0.528335643,0.390246911
2025-11-23 10:12:50,2.131997609,-0.978189719,-0.149845975
2025-11-23 10:13:00,1.391270299,-0.132111440,-0.408955360
2025-11-23 10:13:10,1.408704007,-0.084181412,0.161931927
2025-11-23 10:13:20,-0.192239882,-1.044160104,-1.732232773
2025-11-23 10:13:30,-1.102708272,2.828450187,-2.873823221
2025-11-23 10:13:40,1.296014356,0.640524187,-1.207688221
2025-11-23 10:13:50,0.223911682,-1.056426016,-1.258763880
2025-11-23 10:14:00,2.271165057,0.409794879,-1.772780624
2025-11-23 10:14:10,1.736024937,-2.187160897,-1.416166488
2025-11-23 10:14:20,-1.594091211,0.362955165,0.489827183
2025-11-23 10:14:30,-0.414493542,1.229669186,0.630334325
2025-11-23 10:14:40,1.662242229,-1.466348299,-2.128141164
2025-11-23 10:14:50,-1.479741369,0.198857167,0.935350751
2025-11-23 10:15:00,-2.394634145,0.822126379,1.136715703
2025-11-23 10:15:10,0.806973602,0.509776715,-3.084660933
2025-11-23 10:15:20,-1.379356956,-0.091875415,-1.747675401
2025-11-23 10:15:30,-2.020664999,1.196643007,0.102302249
2025-11-23 10:15:40,0.439354972,1.621814323,1.453175785
2025-11-23 10:15:50,2.722189072,-0.307166349,-0.523794703
2025-11-23 10:16:00,-1.303399310,-3.393840776,-1.370912317
2025-11-23 10:16:10,-0.339359876,-1.096776702,0.601141610
2025-11-23 10:16:20,0.410581154,-2.043227408,0.035214745
2025-11-23 10:16:30,-2.101306117,-0.650657941,1.370371398
2025-11-23 10:16:40,-0.391649977,0.874082915,1.471012494
2025-11-23 10:16:50,-0.073846375,0.532633130,1.569686559
2025-11-23 10:17:00,0.929373941,-3.387244894,0.271609436
2025-11-23 10:17:10,0.895310799,-1.668390440,2.320273202
2025-11-23 10:17:20,1.273269531,0.354372407,-0.622258640
2025-11-23 10:17:30,-0.921845027,0.144826990,0.307816280
2025-11-23 10:17:40,-0.975891994,-1.389117981,-0.562481806
2025-11-23 10:17:50,-0.309361585,-1.536661105,0.500828466
2025-11-23 10:18:00,-0.576964146,2.889479175,-0.883001507
2025-11-23 10:18:10,1.032926443,-0.810131202,-0.353036648
2025-11-23 10:18:20,1.404711817,4.083249395,-0.948128777
2025-11-23 10:18:30,0.654373516,-2.957708733,1.011524283
2025-11-23 10:18:40,-0.247879723,-5.108437221,-0.110779111
2025-11-23 10:18:50,-1.021553170,-0.083451643,-2.278651264
2025-11-23 10:19:00,0.751197057,1.555121013,1.965369436
2025-11-23 10:19:10,-0.664603458,-1.645838238,0.291178461
2025-11-23 10:19:20,-2.275502682,-1.312924604,0.601599823
2025-11-23 10:19:30,2.680171063,0.767088053,0.372269531
2025-11-23 10:19:40,0.411721304,-1.396422996,1.002964011
2025-11-23 10:19:50,-1.080030744,0.023274171,0.791663584
2025-11-23 10:20:00,-0.213457769,-0.352386821,1.505460530
2025-11-23 10:20:10,2.788105453,-1.352282761,-0.287034550
2025-11-23 10:20:20,-0.310012003,0.844362255,2.808442234
2025-11-23 10:20:30,-0.028161838,3.285860023,-2.123423112
2025-11-23 10:20:40,2.314611182,1.037868809,-1.338253675
2025-11-23 10:20:50,1.281211255,-1.244235743,-1.461603235
2025-11-23 10:21:00,1.263632728,1.161594072,1.788282459
2025-11-23 10:21:10,-0.693577556,0.879950520,0.361421728
2025-11-23 10:21:20,-0.660135895,2.146986151,0.154910828
2025-11-23 10:21:30,0.824849596,-3.213447344,-1.719310584
2025-11-23 10:21:40,-1.837089996,-2.420522103,-2.028556532
2025-11-23 10:21:50,-0.097334059,1.535216528,0.978718420
2025-11-23 10:22:00,-3.017700997,0.352492104,0.242117749
2025-11-23 10:22:10,-1.134936699,2.489371369,-2.169748635
2025-11-23 10:22:20,2.730665775,-1.216931082,-0.954638856
2025-11-23 10:22:30,0.954204098,-0.533873432,0.212483981
2025-11-23 10:22:40,-1.344152560,-0.924645978,-1.436160725
2025-11-23 10:22:50,-1.373613636,1.797236959,-2.558147870
2025-11-23 10:23:00,-1.625542924,0.163935133,3.251609090
2025-11-23 10:23:10,0.155007651,2.153191911,1.343497179
2025-11-23 10:23:20,0.708267275,0.854703239,0.033436126
2025-11-23 10:23:30,0.000929042,0.320989846,1.299921330
2025-11-23 10:23:40,0.171820640,-1.408086958,1.699921174
2025-11-23 10:23:50,0.074323721,-0.156410050,1.378839222
2025-11-23 10:24:00,-2.204615667,0.317999604,-1.855024157
2025-11-23 10:24:10,-4.550736393,2.082071209,1.647185160
2025-11-23 10:24:20,-0.242294781,-1.301580422,1.620694600
2025-11-23 10:24:30,1.118399049,-1.084348078,-1.031695926
2025-11-23 10:24:40,-1.205619596,0.916829008,0.262729126
2025-11-23 10:24:50,-0.413448945,1.902785621,0.554961579
2025-11-23 10:25:00,0.042385194,-1.650320828,-1.513861850
2025-11-23 10:25:10,0.776772315,-1.216879890,-0.849251067
2025-11-23 10:25:20,-0.207281147,0.769962290,-1.428078962
2025-11-23 10:25:30,-0.130603270,-0.772950488,2.124830597
2025-11-23 10:25:40,0.056381668,0.662993890,-1.053194419
2025-11-23 10:25:50,-1.721548028,-2.388064550,-1.304737392
2025-11-23 10:26:00,0.499703305,-2.278518781,1.728256684
2025-11-23 10:26:10,0.032263746,1.941951816,-0.365826668
2025-11-23 10:26:20,-0.304025166,-1.773574294,0.897003550
2025-11-23 10:26:30,1.964338158,-1.328923673,3.150184583
2025-11-23 10:26:40,1.996273355,-1.393535123,-2.601570684
2025-11-23 10:26:50,2.575054478,-0.052033132,-3.025988510
2025-11-23 10:27:00,-0.976698866,-1.681224441,2.559126648
2025-11-23 10:27:10,1.504206914,0.270471331,-2.014221027
2025-11-23 10:27:20,0.188226580,-1.666665097,0.237747232
2025-11-23 10:27:30,-1.536420625,1.117966623,-0.146629932
2025-11-23 10:27:40,-0.457459342,2.022081597,1.180381104
2025-11-23 10:27:50,-2.062695453,1.586002835,-1.440223836
2025-11-23 10:28:00,-0.194957453,2.068382367,-0.487984212
2025-11-23 10:28:10,0.788245892,-0.911525566,1.820507182
2025-11-23 10:28:20,0.521555162,2.773930101,3.267582372
2025-11-23 10:28:30,-0.477731359,1.861762021,-0.243091580
2025-11-23 10:28:40,-0.648105656,0.328008595,1.539663563
2025-11-23 10:28:50,1.795150976,2.563940997,-0.485858622
2025-11-23 10:29:00,0.387340720,1.833797605,1.091615341
2025-11-23 10:29:10,0.271875931,-1.416640577,2.011762219
2025-11-23 10:29:20,-1.212035155,0.482655306,-0.548135308
2025-11-23 10:29:30,-1.419262557,-1.142621119,-1.240114387
2025-11-23 10:29:40,-1.081813447,0.765558973,0.010209389
2025-11-23 10:29:50,1.433606738,0.989769105,-1.824007459
2025-11-23 10:30:00,0.623372926,-0.836375697,0.234412587
2025-11-23 10:30:10,0.118825304,-1.326994259,0.955360387
2025-11-23 10:30:20,1.401500050,0.103691407,-0.353419482
2025-11-23 10:30:30,-0.029910051,0.843504155,-1.436888797
2025-11-23 10:30:40,-1.694502293,-1.528031235,1.884451884
2025-11-23 10:30:50,-2.264963254,-4.734164096,-0.141666443
2025-11-23 10:31:00,-1.914437928,2.917618786,0.278531519
2025-11-23 10:31:10,0.591157673,-3.327129024,-1.310709678
2025-11-23 10:31:20,3.084764664,-0.393297402,2.616993324
2025-11-23 10:31:30,-2.655583380,1.384475531,0.448928731
2025-11-23 10:31:40,-0.994709503,4.110326232,1.159436671
2025-11-23 10:31:50,-1.388971845,-0.061312888,0.327743374
2025-11-23 10:32:00,1.398050465,0.288711366,0.387102468
2025-11-23 10:32:10,-2.179919549,-0.280405478,3.843022170
2025-11-23 10:32:20,-2.581080966,-2.391829064,-1.654523298
2025-11-23 10:32:30,-1.082501686,0.869193314,0.971638281
2025-11-23 10:32:40,0.638989294,0.452395728,-0.294301543
2025-11-23 10:32:50,-0.023303874,-0.079388984,0.842541449
2025-11-23 10:33:00,0.619094990,0.757947594,-1.334556035
2025-11-23 10:33:10,-4.161413228,1.187197190,-1.836295623
2025-11-23 10:33:20,1.809137070,2.242181082,-2.432767605
2025-11-23 10:33:30,-0.003305464,-1.462998024,-1.635312667
2025-11-23 10:33:40,0.324092034,-1.766459060,1.870510910
2025-11-23 10:33:50,-3.395307166,1.398966455,-1.612976647
2025-11-23 10:34:00,1.150055776,2.205832454,-0.112894084
2025-11-23 10:34:10,1.740474007,1.485184509,2.048006168
2025-11-23 10:34:20,1.010517888,-1.228615422,-0.194053142
2025-11-23 10:34:30,-0.225417586,0.150244365,0.236353110
2025-11-23 10:34:40,0.678939870,0.036874433,-0.393589721
2025-11-23 10:34:50,1.499499509,-1.556979896,-1.428685444
2025-11-23 10:35:00,-2.265402416,-0.734709507,0.042605628
2025-11-23 10:35:10,-0.853504880,1.072735474,-0.047649507
2025-11-23 10:35:20,2.347351543,2.187681157,-0.440399534
2025-11-23 10:35:30,-0.130215707,-4.831039010,0.910792261
2025-11-23 10:35:40,-1.481798949,-3.594229458,0.531406090
2025-11-23 10:35:50,-2.513270688,-0.911032494,-2.341189941
2025-11-23 10:36:00,1.327049016,2.505997944,3.664671515
2025-11-23 10:36:10,1.321303212,-1.207241729,0.069185876
2025-11-23 10:36:20,-0.647050057,0.935582132,-0.207782142
2025-11-23 10:36:30,-0.909573878,1.262331259,2.568789176
2025-11-23 10:36:40,-1.806821982,-0.652864854,1.382469774
2025-11-23 10:36:50,4.574783228,2.284915754,-1.234552783
2025-11-23 10:37:00,-0.796524911,-0.536343857,2.527832948
2025-11-23 10:37:10,-1.323232969,-0.797838314,0.426119912
2025-11-23 10:37:20,3.502827745,-3.791899242,-1.946640603
2025-11-23 10:37:30,0.810359477,1.135912479,1.091238770
2025-11-23 10:37:40,-1.851069737,-0.076410199,1.401353602
2025-11-23 10:37:50,1.356890652,2.085206881,-0.159955419
2025-11-23 10:38:00,-0.935042572,-2.044894557,-0.072018664
2025-11-23 10:38:10,-0.402539907,-1.155847651,-0.366901277
2025-11-23 10:38:20,0.296524032,-0.603727070,0.819014344
2025-11-23 10:38:30,-0.409763749,1.715049449,-2.838282249
2025-11-23 10:38:40,-1.075072580,0.417907323,-0.487604671
2025-11-23 10:38:50,2.142221331,-1.330669510,1.312829273
2025-11-23 10:39:00,0.929873322,-2.766515496,-0.704249297
2025-11-23 10:39:10,1.156112118,0.306671802,-1.600137138
2025-11-23 10:39:20,0.424597090,0.929134127,0.874051356
2025-11-23 10:39:30,-2.447474889,-0.421674757,-0.068401254
2025-11-23 10:39:40,0.330083247,0.033757701,-0.133784586
2025-11-23 10:39:50,0.569111823,-0.217677740,1.751695535
2025-11-23 10:40:00,0.853237996,-0.947167133,3.296510296
2025-11-23 10:40:10,-0.383187483,0.975942651,0.144854742
2025-11-23 10:40:20,0.809696554,-1.629197119,0.989436421
2025-11-23 10:40:30,-1.624965842,-1.044270238,-0.315766569
2025-11-23 10:40:40,0.130613978,0.196802416,-2.207573708
2025-11-23 10:40:50,-2.350164303,-0.554576352,1.653320698
2025-11-23 10:41:00,-0.867965749,-1.626387894,-0.125526856
2025-11-23 10:41:10,-4.981821148,-0.579861760,1.674319924
2025-11-23 10:41:20,-0.178889044,-3.223512083,1.479355889
2025-11-23 10:41:30,-0.630309802,0.362991437,1.129957859
2025-11-23 10:41:40,-0.007758977,-0.087435359,0.129821560
2025-11-23 10:41:50,1.071845184,-1.033551494,-0.481879537
2025-11-23 10:42:00,-0.020048208,-0.100567523,-0.015719866
2025-11-23 10:42:10,0.059326889,0.072528809,-0.008802930
2025-11-23 10:42:20,-0.084196042,0.033787192,-0.031972587
2025-11-23 10:42:30,0.032098001,0.055003747,0.009405673
2025-11-23 10:42:40,0.078372696,-0.120722112,0.017628934
2025-11-23 10:42:50,-0.035725602,0.013441155,0.045369033
2025-11-23 10:43:00,0.035201614,0.090201584,0.027621556
2025-11-23 10:43:10,-0.075134813,0.068293955,-0.055043801
2025-11-23 10:43:20,-0.017680642,-0.041288650,0.001877685
2025-11-23 10:43:30,0.146000955,-0.052904713,-0.020881895
2025-11-23 10:43:40,-0.013006847,-0.074682978,0.023593028
2025-11-23 10:43:50,0.004864515,0.039003526,-0.014229684
2025-11-23 10:44:00,0.074313683,-0.022139267,-0.081062227
2025-11-23 10:44:10,0.064785189,-0.019313548,-0.156171828
2025-11-23 10:44:20,-0.060590548,0.008990385,-0.071516531
2025-11-23 10:44:30,0.038723445,0.065975579,-0.079011287
2025-11-23 10:44:40,-0.110564625,0.013559037,0.005779106
2025-11-23 10:44:50,0.124300926,0.050078363,-0.044161069
2025-11-23 10:45:00,-0.079763288,-0.066229491,-0.068392032
2025-11-23 10:45:10,-0.031261041,-0.019721213,0.031394115
2025-11-23 10:45:20,0.006632865,-0.005388915,-0.042031009
2025-11-23 10:45:30,0.022963489,-0.043808471,-0.010684688
2025-11-23 10:45:40,-0.096720580,0.052216980,0.063259130
2025-11-23 10:45:50,-0.000528830,-0.050353188,0.031228822
2025-11-23 10:46:00,-0.085604395,0.021299397,0.019753335
2025-11-23 10:46:10,0.054515092,0.000062548,0.003351514
2025-11-23 10:46:20,-0.038774404,-0.008699311,-0.003198091
2025-11-23 10:46:30,-0.029713390,0.060819571,0.037762199
2025-11-23 10:46:40,0.037760531,-0.094004530,0.030712804
2025-11-23 10:46:50,0.010916604,0.053477372,-0.037905666
2025-11-23 10:47:00,-0.062924273,-0.025642806,0.058674319
2025-11-23 10:47:10,-0.064336732,-0.021199257,-0.044647681
2025-11-23 10:47:20,-0.021539113,-0.027165246,-0.089901687
2025-11-23 10:47:30,0.037619078,-0.006671013,0.029838399
2025-11-23 10:47:40,-0.003534127,0.052891375,0.028420413
2025-11-23 10:47:50,-0.025335894,0.004757814,-0.085359012
2025-11-23 10:48:00,0.027809869,0.071496999,0.045989573
2025-11-23 10:48:10,0.027313719,-0.017457584,-0.061439071
2025-11-23 10:48:20,0.010614294,-0.039429986,-0.085247454
2025-11-23 10:48:30,0.044093127,0.072646480,-0.022431270
2025-11-23 10:48:40,-0.065162811,0.028043774,-0.058922868
2025-11-23 10:48:50,0.057823263,-0.071105994,-0.028428371
2025-11-23 10:49:00,0.018500046,-0.048300977,-0.045960435
2025-11-23 10:49:10,-0.003560388,0.035132875,-0.028137667
2025-11-23 10:49:20,-0.072808882,-0.069603925,-0.001073916
2025-11-23 10:49:30,-0.017410268,0.026872332,-0.003570483
2025-11-23 10:49:40,0.003894817,-0.076008515,0.000083951
2025-11-23 10:49:50,0.068238102,-0.087192579,-0.074524816
2025-11-23 10:50:00,0.028973919,0.027211418,-0.037783719
2025-11-23 10:50:10,-0.002725319,-0.010783785,-0.032388871
2025-11-23 10:50:20,0.018079759,-0.028885382,0.062348640
2025-11-23 10:50:30,-0.043225235,0.090569121,-0.027522777
2025-11-23 10:50:40,-0.061216645,0.032190688,-0.000111970
2025-11-23 10:50:50,-0.087517201,-0.024221674,0.011348785
2025-11-23 10:51:00,0.035596752,-0.025495422,0.047318722
2025-11-23 10:51:10,0.100264161,-0.115332978,0.016169033
2025-11-23 10:51:20,0.062313198,0.009890281,0.067161100
2025-11-23 10:51:30,-0.019297846,0.024746772,0.028781463
2025-11-23 10:51:40,-0.046911241,-0.011326615,0.079621464
2025-11-23 10:51:50,0.040670472,0.047241971,0.041556190
2025-11-23 10:52:00,-0.052895916,-0.045503793,0.049939540
2025-11-23 10:52:10,-0.022514480,-0.022585941,-0.025680954
2025-11-23 10:52:20,-0.039490283,-0.013129797,0.045398946
2025-11-23 10:52:30,0.004098077,0.071823009,-0.072471933
2025-11-23 10:52:40,0.024360968,-0.014329929,-0.046309359
2025-11-23 10:52:50,-0.051658381,-0.007229810,-0.034793347
2025-11-23 10:53:00,-0.042268144,0.006491674,0.061924875
2025-11-23 10:53:10,-0.056206042,-0.036917409,0.081288869
2025-11-23 10:53:20,0.083823154,0.047474640,-0.004202949
2025-11-23 10:53:30,-0.040147147,0.055312440,-0.002989620
2025-11-23 10:53:40,0.024811890,-0.047772141,0.039639471
2025-11-23 10:53:50,0.018496461,0.024095132,-0.124691795
2025-11-23 10:54:00,-0.093930885,-0.001116615,0.042729298
2025-11-23 10:54:10,-0.001726175,-0.030855887,0.143600380
2025-11-23 10:54:20,-0.001944942,0.030629337,-0.035988342
2025-11-23 10:54:30,0.035981341,0.003409210,0.011602077
2025-11-23 10:54:40,-0.011707202,-0.048752018,0.016657500
2025-11-23 10:54:50,-0.059722140,-0.004386039,-0.015607712
2025-11-23 10:55:00,0.094451580,-0.013888334,0.023305960
2025-11-23 10:55:10,-0.058483437,0.037285768,-0.066454204
2025-11-23 10:55:20,-0.013385102,-0.015448781,0.025438068
2025-11-23 10:55:30,0.111013745,-0.038855192,0.073401359
2025-11-23 10:55:40,-0.031338059,0.046842819,-0.039108703
2025-11-23 10:55:50,-0.012661371,-0.115941613,-0.039634229
2025-11-23 10:56:00,-0.045624145,-0.063259205,0.019005267
2025-11-23 10:56:10,-0.026396067,-0.122337014,-0.054911739
2025-11-23 10:56:20,0.000077481,0.006320742,-0.058918599
2025-11-23 10:56:30,0.074641250,0.062993946,0.074958550
2025-11-23 10:56:40,0.042651436,-0.001666605,0.074523387
2025-11-23 10:56:50,0.032066567,0.063797716,0.025715604
2025-11-23 10:57:00,-0.002568489,-0.132020497,0.090705064
2025-11-23 10:57:10,-0.094052930,-0.009676049,-0.078696976
2025-11-23 10:57:20,-0.015812585,0.024860425,-0.083102475
2025-11-23 10:57:30,-0.058572319,0.019187499,0.017552032
2025-11-23 10:57:40,-0.064183466,-0.106984056,0.053240528
2025-11-23 10:57:50,0.083389626,0.053859503,0.034121569
2025-11-23 10:58:00,-0.029695464,0.006068760,0.015687520
2025-11-23 10:58:10,-0.068613886,-0.033955225,-0.030795457
2025-11-23 10:58:20,-0.007459364,-0.020268289,-0.057824107
2025-11-23 10:58:30,0.117860607,-0.013171125,0.055286247
2025-11-23 10:58:40,-0.001121442,-0.072560843,-0.054414931
2025-11-23 10:58:50,0.091539472,0.075925688,0.025006711
2025-11-23 10:59:00,0.003635689,-0.054992806,-0.025009824
2025-11-23 10:59:10,0.059232228,-0.012098134,0.126317941
2025-11-23 10:59:20,0.047132305,-0.062714494,0.001623766
2025-11-23 10:59:30,-0.046562987,-0.016060871,-0.028452066
2025-11-23 10:59:40,0.009662366,-0.041580245,-0.000777379
2025-11-23 10:59:50,-0.058202323,0.029491199,-0.017365116
2025-11-23 11:00:00,-0.022372095,0.051885481,-0.020105475
2025-11-23 11:00:10,-0.028992690,0.006686567,0.019976482
2025-11-23 11:00:20,0.013254933,-0.053417462,0.066570123
2025-11-23 11:00:30,-0.036735105,-0.012442884,0.043816624
2025-11-23 11:00:40,0.035160818,0.062090052,0.029513420
2025-11-23 11:00:50,0.008456868,0.024296859,0.061195717
2025-11-23 11:01:00,0.043861237,0.016340886,-0.063428270
2025-11-23 11:01:10,0.006104744,-0.034364491,0.011271335
2025-11-23 11:01:20,0.028288501,0.049649132,-0.012615248
2025-11-23 11:01:30,-0.019287502,-0.050157250,-0.055853133
2025-11-23 11:01:40,-0.038111698,-0.062456765,0.016920531
2025-11-23 11:01:50,0.033465529,0.017743007,-0.002439645
2025-11-23 11:02:00,-0.019700868,-0.110456250,0.022812723
2025-11-23 11:02:10,-0.056610528,-0.034584533,-0.013301132
2025-11-23 11:02:20,-0.046691800,0.070296430,0.059474909
2025-11-23 11:02:30,0.078546140,0.053114399,-0.030403814
2025-11-23 11:02:40,0.008536280,-0.050427246,0.054544361
2025-11-23 11:02:50,-0.013110991,0.073833538,0.027031995
2025-11-23 11:03:00,-0.018235001,0.062497598,0.024174132
2025-11-23 11:03:10,0.080531677,-0.021104910,0.028802574
2025-11-23 11:03:20,0.028776386,-0.029431816,0.005578173
2025-11-23 11:03:30,0.040902364,-0.077240705,0.025248243
2025-11-23 11:03:40,-0.007036494,0.034046054,0.028621650
2025-11-23 11:03:50,-0.050229484,-0.059804775,0.021314187
2025-11-23 11:04:00,0.005149196,0.018181102,0.015350680
2025-11-23 11:04:10,-0.069721749,0.054938231,0.059988466
2025-11-23 11:04:20,0.037788742,-0.049870810,0.070791703
2025-11-23 11:04:30,-0.031602932,-0.005543194,0.005790561
2025-11-23 11:04:40,0.055078034,0.043068132,0.042005244
2025-11-23 11:04:50,-0.046856295,0.066821527,0.058074205
2025-11-23 11:05:00,0.038181615,-0.047368168,0.047618412
2025-11-23 11:05:10,-0.061074877,-0.003899130,0.013221755
2025-11-23 11:05:20,0.043619058,0.002263556,0.004804115
2025-11-23 11:05:30,-0.003977720,-0.067129410,0.050522215
2025-11-23 11:05:40,-0.009155317,-0.070182361,0.022407123
2025-11-23 11:05:50,-0.003069188,-0.020055004,0.018034157
2025-11-23 11:06:00,0.002403332,-0.040747159,-0.018637455
2025-11-23 11:06:10,0.056113958,-0.039600705,0.001488826
2025-11-23 11:06:20,0.034018123,-0.017591091,-0.055092597
2025-11-23 11:06:30,0.030481153,-0.052231236,-0.070755067
2025-11-23 11:06:40,0.016123067,0.015628151,-0.020404381
2025-11-23 11:06:50,0.033334862,-0.007422895,0.032291106
2025-11-23 11:07:00,-0.069893381,-0.022672142,-0.000064124
2025-11-23 11:07:10,-0.036161655,0.022251254,0.003711599
2025-11-23 11:07:20,0.028646343,-0.035520317,0.105833393
2025-11-23 11:07:30,0.028434940,-0.001554398,0.022009776
2025-11-23 11:07:40,0.001265208,0.042327435,-0.045896019
2025-11-23 11:07:50,-0.038834446,-0.010135418,0.055297412
2025-11-23 11:08:00,0.020705379,-0.016971689,-0.006615290
2025-11-23 11:08:10,-0.015873295,-0.009535147,0.006287917
2025-11-23 11:08:20,0.056425632,0.138300020,-0.020931892
2025-11-23 11:08:30,-0.058945244,-0.081329249,-0.062816587
2025-11-23 11:08:40,0.010307451,-0.068192603,0.094697979
2025-11-23 11:08:50,-0.001860726,-0.028665338,0.009236261
2025-11-23 11:09:00,0.057359960,-0.055384269,-0.005645550
2025-11-23 11:09:10,0.009462456,-0.117078473,-0.058457232
2025-11-23 11:09:20,0.035927352,-0.067428171,-0.036571485
2025-11-23 11:09:30,0.006618008,-0.017851213,0.047317100
2025-11-23 11:09:40,0.030490583,0.006199809,0.026330345
2025-11-23 11:09:50,0.009599114,0.064540769,0.048156991
2025-11-23 11:10:00,0.007358952,0.012851096,0.040833979
2025-11-23 11:10:10,0.013044945,-0.029253264,-0.025263582
2025-11-23 11:10:20,0.044125025,-0.016715774,0.076882210
2025-11-23 11:10:30,0.009674453,0.037521199,-0.013535906
2025-11-23 11:10:40,-0.022753593,-0.057436009,0.016262104
2025-11-23 11:10:50,-0.064441394,0.033860553,-0.067102570
2025-11-23 11:11:00,0.102421685,-0.003920154,-0.064974407
2025-11-23 11:11:10,-0.003640113,0.000671020,0.026789879
2025-11-23 11:11:20,0.033688583,-0.059529257,-0.018050088
2025-11-23 11:11:30,0.038885160,0.004444198,-0.054866603
2025-11-23 11:11:40,0.028997568,0.035609608,0.057460926
2025-11-23 11:11:50,0.020348461,-0.019289299,-0.064113657
2025-11-23 11:12:00,0.020437109,0.059931381,0.082769082
2025-11-23 11:12:10,-0.002763599,0.031646929,-0.032414243
2025-11-23 11:12:20,0.069270600,-0.082085355,-0.001737958
2025-11-23 11:12:30,0.049331930,0.015562987,-0.025503413
2025-11-23 11:12:40,0.036300817,0.061127093,-0.011057138
2025-11-23 11:12:50,0.000547793,0.046598437,-0.031874370
2025-11-23 11:13:00,-0.070503453,-0.036036392,-0.079588365
2025-11-23 11:13:10,0.071789533,-0.011603700,0.011538258
2025-11-23 11:13:20,0.009786751,0.041332549,-0.002095947
2025-11-23 11:13:30,-0.007129622,0.043294499,-0.016519753
2025-11-23 11:13:40,0.052949193,0.073167546,-0.011928281
2025-11-23 11:13:50,0.018939559,-0.013433459,-0.007082425
2025-11-23 11:14:00,-0.039467801,-0.015549816,0.000693859
2025-11-23 11:14:10,-0.042563012,0.055356971,-0.057617631
2025-11-23 11:14:20,-0.029550748,-0.011371092,-0.061355079
2025-11-23 11:14:30,-0.039851465,0.015952746,-0.098774053
2025-11-23 11:14:40,-0.081583891,-0.008547627,0.026835729
2025-11-23 11:14:50,0.036501861,0.027451012,-0.065688461
2025-11-23 11:15:00,-0.051098233,-0.070246889,-0.040579249
2025-11-23 11:15:10,-0.026221369,0.050735416,-0.029792262
2025-11-23 11:15:20,0.066087565,0.063846289,-0.037433153
2025-11-23 11:15:30,-0.003441192,-0.082440393,-0.032376901
2025-11-23 11:15:40,0.031012833,0.047728764,-0.002023499
2025-11-23 11:15:50,-0.030329305,-0.039167204,-0.015499141
2025-11-23 11:16:00,0.038095028,-0.076855147,-0.036646782
2025-11-23 11:16:10,0.104296074,-0.068510144,0.020649298
2025-11-23 11:16:20,0.021238125,0.007299161,-0.050672310
2025-11-23 11:16:30,-0.009921328,-0.066176315,0.042708676
2025-11-23 11:16:40,0.001160082,-0.053879599,-0.010388498
2025-11-23 11:16:50,-0.041317078,-0.021831213,0.063964745
2025-11-23 11:17:00,0.006230942,-0.021703793,0.079414807
2025-11-23 11:17:10,0.070825700,-0.067188901,0.094625786
2025-11-23 11:17:20,-0.028867683,-0.006920536,-0.041946655
2025-11-23 11:17:30,-0.020710115,-0.060401140,-0.006898671
2025-11-23 11:17:40,-0.032988841,0.037300656,-0.033504951
2025-11-23 11:17:50,0.034925535,-0.012763536,-0.056817228
2025-11-23 11:18:00,-0.023701489,-0.009122303,0.028409497
2025-11-23 11:18:10,-0.069118326,-0.008277125,0.000190271
2025-11-23 11:18:20,-0.031781061,-0.038796668,0.005327527
2025-11-23 11:18:30,-0.034427505,-0.063583529,-0.007574649
2025-11-23 11:18:40,-0.061042709,-0.025843941,-0.091813163
2025-11-23 11:18:50,-0.006709271,0.004218444,-0.016939865
2025-11-23 11:19:00,0.003402286,-0.022620280,0.041296040
2025-11-23 11:19:10,-0.109333836,-0.003344775,0.024291581
2025-11-23 11:19:20,0.002446244,-0.028917668,0.035169656
2025-11-23 11:19:30,-0.019627945,-0.028454994,0.002555645
2025-11-23 11:19:40,0.042912476,-0.066568978,-0.005956341
2025-11-23 11:19:50,0.018802417,-0.062277250,-0.051652703
2025-11-23 11:20:00,-0.090838387,-0.039975077,-0.030412554
2025-11-23 11:20:10,-0.037894576,0.041566983,0.012042550
2025-11-23 11:20:20,0.000252731,-0.043529386,0.054450111
2025-11-23 11:20:30,-0.031861425,-0.020045879,-0.047093607
2025-11-23 11:20:40,-0.031642992,-0.017293263,0.046554616
2025-11-23 11:20:50,-0.096789807,0.051114584,-0.004100178
2025-11-23 11:21:00,0.025751528,-0.025719142,-0.075115619
2025-11-23 11:21:10,-0.000171363,0.000570381,0.045153599
2025-11-23 11:21:20,0.007844487,0.065697253,0.142952250
2025-11-23 11:21:30,0.029901493,-0.042676562,-0.015113115
2025-11-23 11:21:40,0.017093400,-0.052740412,0.000103071
2025-11-23 11:21:50,-0.004558728,-0.041394747,0.017866670
2025-11-23 11:22:00,0.073064690,-0.025891968,-0.086883557
2025-11-23 11:22:10,0.056300489,-0.017131607,-0.025514283
2025-11-23 11:22:20,-0.001151982,0.061789631,0.019644572
2025-11-23 11:22:30,-0.037633341,-0.006879188,-0.055962978
2025-11-23 11:22:40,-0.010781327,0.024625434,-0.062469274
2025-11-23 11:22:50,-0.020749153,-0.077555424,0.036899275
2025-11-23 11:23:00,0.071024270,-0.012438715,0.070048820
2025-11-23 11:23:10,0.011209416,-0.043463046,0.020637335
2025-11-23 11:23:20,-0.053220460,0.032386939,0.008451795
2025-11-23 11:23:30,0.000661064,-0.007415874,-0.056064954
2025-11-23 11:23:40,0.065506841,-0.038794424,0.080724252
2025-11-23 11:23:50,0.020240253,0.098705074,0.005526744
2025-11-23 11:24:00,-0.084325387,-0.053035412,-0.030865498
2025-11-23 11:24:10,0.013928895,-0.013797595,0.025970776
2025-11-23 11:24:20,0.035350788,0.034051633,0.018215886
2025-11-23 11:24:30,0.093660582,-0.011793250,0.074702806
2025-11-23 11:24:40,0.009727298,0.041540482,0.071205625
2025-11-23 11:24:50,-0.035769586,-0.074501327,0.014517402
2025-11-23 11:25:00,0.003255120,-0.009228174,-0.046158544
2025-11-23 11:25:10,-0.021511360,0.044007589,-0.044767367
2025-11-23 11:25:20,-0.021089244,-0.007080414,0.007680039
2025-11-23 11:25:30,-0.003226651,-0.068107725,-0.011757265
2025-11-23 11:25:40,-0.033329797,0.002581856,0.044420420
2025-11-23 11:25:50,0.040712507,-0.086285316,-0.045330183
2025-11-23 11:26:00,0.048039138,-0.045016763,-0.038993276
2025-11-23 11:26:10,-0.035924156,0.027352256,-0.009151460
2025-11-23 11:26:20,0.031502733,0.032924024,0.012986834
2025-11-23 11:26:30,-0.004359115,-0.033376919,0.035710978
2025-11-23 11:26:40,0.049170825,0.021236989,-0.066967695
2025-11-23 11:26:50,-0.063471798,-0.000417465,0.080875548
2025-11-23 11:27:00,-0.061930050,-0.024350363,0.011616017
2025-11-23 11:27:10,-0.067608300,0.066294771,-0.021412567
2025-11-23 11:27:20,0.016154960,-0.002289003,-0.029718912
2025-11-23 11:27:30,-0.096770190,0.007136240,0.086773056
2025-11-23 11:27:40,0.097310392,0.054093760,0.000083814
2025-11-23 11:27:50,0.008693158,0.029744070,-0.020224779
2025-11-23 11:28:00,0.041116985,0.042954121,-0.076741676
2025-11-23 11:28:10,0.026471707,-0.013017626,-0.079993603
2025-11-23 11:28:20,-0.022406154,0.123794506,-0.022059120
2025-11-23 11:28:30,-0.028356233,0.089183113,0.004761642
2025-11-23 11:28:40,-0.115150533,0.050921683,-0.010170148
2025-11-23 11:28:50,0.061259880,-0.002998449,0.002542927
2025-11-23 11:29:00,0.021229640,-0.035966689,0.022457209
2025-11-23 11:29:10,0.088477526,-0.025864848,-0.030205628
2025-11-23 11:29:20,-0.049190248,0.100812086,0.073698906
2025-11-23 11:29:30,0.030614878,0.042537901,-0.025854066
2025-11-23 11:29:40,-0.031173755,0.097447890,0.016708122
2025-11-23 11:29:50,0.105209394,0.077259201,-0.006551222
2025-11-23 11:30:00,-0.046973272,0.091902025,-0.007021560
2025-11-23 11:30:10,0.004454699,0.043285087,0.108982379
2025-11-23 11:30:20,-0.063585060,-0.014260079,0.038833250
2025-11-23 11:30:30,-0.146448432,-0.024091501,0.064712311
2025-11-23 11:30:40,0.044912781,-0.090347965,-0.082103613
2025-11-23 11:30:50,-0.007815525,-0.117235621,-0.046261991
2025-11-23 11:31:00,0.007991560,0.070768233,0.002156142
2025-11-23 11:31:10,0.047549378,-0.089815421,-0.048740094
2025-11-23 11:31:20,0.062216437,-0.050553681,-0.027636572
2025-11-23 11:31:30,0.055147198,-0.033074836,-0.039121180
2025-11-23 11:31:40,0.023009838,0.055033167,-0.033479078
2025-11-23 11:31:50,-0.033923944,-0.013038276,-0.041746248
2025-11-23 11:32:00,0.027786789,-0.071487352,-0.063775500
2025-11-23 11:32:10,0.049431247,-0.035387918,0.028687639
2025-11-23 11:32:20,-0.014830627,0.006092674,0.023164907
2025-11-23 11:32:30,0.104284985,0.037825599,-0.056025688
2025-11-23 11:32:40,-0.033438763,-0.019038716,-0.016853446
2025-11-23 11:32:50,0.073875203,0.099990449,-0.028047011
2025-11-23 11:33:00,0.041935140,-0.054614778,0.093394322
2025-11-23 11:33:10,-0.019008628,0.004318632,-0.003360099
2025-11-23 11:33:20,0.053845845,-0.002640536,0.030498937
2025-11-23 11:33:30,-0.017983490,-0.051175610,-0.053795685
2025-11-23 11:33:40,0.015242343,-0.045975629,-0.036762412
2025-11-23 11:33:50,0.022783787,-0.036619455,0.024182131
2025-11-23 11:34:00,-0.007715031,-0.005488060,-0.041736533
2025-11-23 11:34:10,0.037170076,0.062191827,-0.022771375
2025-11-23 11:34:20,0.104207235,0.084176948,-0.001156520
2025-11-23 11:34:30,0.078279426,-0.009167645,0.031398945
2025-11-23 11:34:40,0.005913000,-0.016638487,0.032810843
2025-11-23 11:34:50,0.006023750,0.068179883,0.061639799
2025-11-23 11:35:00,0.046437874,-0.014443582,-0.022471413
2025-11-23 11:35:10,0.032744728,0.012073120,0.071848307
2025-11-23 11:35:20,-0.060878332,0.060083785,-0.056289076
2025-11-23 11:35:30,-0.059122983,0.007455601,-0.022761861
2025-11-23 11:35:40,0.025013737,-0.020843797,0.041140659
2025-11-23 11:35:50,-0.002563997,0.092243715,0.030948600
2025-11-23 11:36:00,0.004520732,0.008044898,0.022722444
2025-11-23 11:36:10,0.001719127,-0.019190233,0.181145395
2025-11-23 11:36:20,-0.036841712,-0.051391281,-0.007842744
2025-11-23 11:36:30,0.041544653,0.034313435,0.014824785
2025-11-23 11:36:40,-0.026921538,-0.017538854,0.012576639
2025-11-23 11:36:50,0.044941031,-0.032066353,-0.014650387
2025-11-23 11:37:00,0.051074284,0.027938130,0.104785873
2025-11-23 11:37:10,0.045579774,-0.031728407,0.006948100
2025-11-23 11:37:20,-0.090234748,-0.010071791,0.060686903
2025-11-23 11:37:30,-0.059485177,-0.030498116,-0.043041575
2025-11-23 11:37:40,0.043294612,-0.128916368,0.046760925
2025-11-23 11:37:50,0.010842010,-0.075458591,-0.031170881
2025-11-23 11:38:00,0.079012268,0.084133043,0.025026425
2025-11-23 11:38:10,0.008507897,0.081118570,0.110083276
2025-11-23 11:38:20,-0.052266955,0.074761132,-0.047028771
2025-11-23 11:38:30,0.022253029,-0.067276331,0.045327847
2025-11-23 11:38:40,0.000566693,0.061526611,-0.068083908
2025-11-23 11:38:50,-0.072208418,0.057545148,-0.038366933
2025-11-23 11:39:00,-0.044278603,0.063492960,0.019407833
2025-11-23 11:39:10,0.014154554,0.016649985,0.000632425
2025-11-23 11:39:20,-0.005750397,0.080162056,0.029555605
2025-11-23 11:39:30,0.067596561,-0.091216113,-0.024641251
2025-11-23 11:39:40,-0.020691186,0.023983179,0.035562420
2025-11-23 11:39:50,-0.099206677,0.082071426,0.013994802
2025-11-23 11:40:00,-0.050349044,-0.034643017,0.043166100
2025-11-23 11:40:10,-0.030522116,-0.032385395,0.110058122
2025-11-23 11:40:20,-0.038009542,-0.098930912,0.002887520
2025-11-23 11:40:30,0.056769490,-0.077937896,0.005908522
2025-11-23 11:40:40,-0.047559177,-0.006000509,0.053818199
2025-11-23 11:40:50,-0.060068050,0.020633824,-0.022333462
2025-11-23 11:41:00,-0.105786277,0.059149692,0.023636167
2025-11-23 11:41:10,0.016284611,0.032516221,-0.011521825
2025-11-23 11:41:20,0.017714358,0.069171014,0.004034849
2025-11-23 11:41:30,0.041393868,-0.030813574,-0.010954383
2025-11-23 11:41:40,0.039611195,-0.010919351,-0.020109261
2025-11-23 11:41:50,-0.053098126,0.057312484,-0.044013649
2025-11-23 11:42:00,0.018436862,-0.041050576,0.013276156
2025-11-23 11:42:10,-0.061892686,-0.048549857,0.018044471
2025-11-23 11:42:20,-0.014461996,-0.070075331,0.036792595
2025-11-23 11:42:30,-0.085615988,-0.026399538,-0.065138406
2025-11-23 11:42:40,-0.053002744,-0.005387852,-0.094941763
2025-11-23 11:42:50,0.009690565,0.023112212,-0.135703164
2025-11-23 11:43:00,-0.048508389,0.050455287,0.061771087
2025-11-23 11:43:10,0.061332664,-0.093648609,-0.004924040
2025-11-23 11:43:20,0.009107199,-0.043287803,-0.050527412
2025-11-23 11:43:30,0.030181231,0.087665993,0.056470266
2025-11-23 11:43:40,0.101968528,0.005721670,0.029147903
2025-11-23 11:43:50,0.089065733,-0.119737756,-0.031322099
2025-11-23 11:44:00,-0.029953966,0.001549277,0.003425155
2025-11-23 11:44:10,-0.084201488,-0.023017405,-0.013500716
2025-11-23 11:44:20,0.043631470,0.051267347,0.002144171
2025-11-23 11:44:30,0.020028467,0.076546783,-0.046982112
2025-11-23 11:44:40,-0.004929185,0.018465111,-0.005930945
2025-11-23 11:44:50,0.023422650,0.048667528,0.011805242
2025-11-23 11:45:00,0.041074116,0.013933666,-0.064657009
2025-11-23 11:45:10,0.021558690,0.033977644,0.010325995
2025-11-23 11:45:20,0.083643961,0.035798732,-0.021768554
2025-11-23 11:45:30,-0.014067237,0.018141594,0.068076589
2025-11-23 11:45:40,-0.040907102,-0.033454918,-0.000557197
2025-11-23 11:45:50,0.022491644,0.028583728,0.089659163
2025-11-23 11:46:00,0.029019045,-0.054713206,0.030278538
2025-11-23 11:46:10,0.015701801,0.059052505,0.004670845
2025-11-23 11:46:20,0.009951672,-0.001624099,-0.041688405
2025-11-23 11:46:30,0.044566802,0.032392840,0.034042019
2025-11-23 11:46:40,-0.001164780,0.088784756,0.003928513
2025-11-23 11:46:50,0.002035232,0.003748938,0.069073379
2025-11-23 11:47:00,0.008886790,0.035687915,-0.053354088
2025-11-23 11:47:10,0.029969216,-0.047047789,-0.051246460
2025-11-23 11:47:20,0.094076767,0.080554944,0.050864925
2025-11-23 11:47:30,-0.019503115,-0.078673067,0.003824524
2025-11-23 11:47:40,-0.027199700,0.016121167,0.092388829
2025-11-23 11:47:50,-0.060483225,-0.015972510,-0.078094443
2025-11-23 11:48:00,0.038421792,-0.043979961,-0.015173183
2025-11-23 11:48:10,-0.003836269,0.018422734,-0.017497269
2025-11-23 11:48:20,0.082488873,0.021655212,-0.025556767
2025-11-23 11:48:30,0.008296753,0.034000687,-0.081425261
2025-11-23 11:48:40,-0.045169075,-0.038687116,-0.010670015
2025-11-23 11:48:50,0.016272737,-0.019996748,-0.014241933
2025-11-23 11:49:00,0.024681491,-0.051114204,-0.034622313
2025-11-23 11:49:10,0.022037505,0.008568911,0.069074787
2025-11-23 11:49:20,-0.055389544,0.104744736,0.020764642
2025-11-23 11:49:30,0.007828294,0.014628972,0.001040082
2025-11-23 11:49:40,-0.052076615,0.023647314,-0.010652227
2025-11-23 11:49:50,0.010792928,-0.032043622,0.004927066
2025-11-23 11:50:00,0.027617861,0.045109873,-0.000396883
2025-11-23 11:50:10,-0.023547141,-0.007033390,0.036001454
2025-11-23 11:50:20,-0.099265498,0.049639084,-0.058321137
2025-11-23 11:50:30,-0.003565708,-0.026927651,0.014571066
2025-11-23 11:50:40,-0.038150500,0.055263184,-0.034182504
2025-11-23 11:50:50,0.036360649,-0.032165086,-0.032383226
2025-11-23 11:51:00,0.044315660,-0.051949323,-0.016242889
2025-11-23 11:51:10,0.047981839,-0.139128024,0.077309314
2025-11-23 11:51:20,0.022248818,0.039184626,-0.032234162
2025-11-23 11:51:30,0.078598469,0.023393213,0.053428677
2025-11-23 11:51:40,-0.034072325,-0.029928913,-0.042379955
2025-11-23 11:51:50,0.020585639,-0.000435170,0.028026485
2025-11-23 11:52:00,-0.086587343,-0.001523106,-0.015321652
2025-11-23 11:52:10,-0.036606235,-0.028501373,0.068495841
2025-11-23 11:52:20,0.014419630,-0.066434039,-0.015901349
2025-11-23 11:52:30,0.025232727,-0.044113646,-0.061797083
2025-11-23 11:52:40,-0.022261732,-0.003250838,-0.020942135
2025-11-23 11:52:50,-0.076981092,0.050089804,-0.007780913
2025-11-23 11:53:00,0.003204008,-0.009871882,0.048141540
2025-11-23 11:53:10,-0.019873686,0.043739604,0.103849694
2025-11-23 11:53:20,-0.070164148,-0.059802933,0.093355665
2025-11-23 11:53:30,-0.035872211,0.071649846,-0.031883192
2025-11-23 11:53:40,0.055477889,0.068076562,-0.002317839
2025-11-23 11:53:50,0.119937492,-0.018619446,0.015404277
2025-11-23 11:54:00,0.073776708,0.055588145,0.031476188
2025-11-23 11:54:10,-0.005220669,0.021518050,0.011144696
2025-11-23 11:54:20,0.010256858,0.102812224,0.077674337
2025-11-23 11:54:30,0.075707171,-0.027394850,-0.031656607
2025-11-23 11:54:40,0.010678703,0.026438645,-0.014533361
2025-11-23 11:54:50,-0.005562596,0.078410915,-0.051786001
2025-11-23 11:55:00,-0.078927716,0.086418822,-0.023371255
2025-11-23 11:55:10,-0.051681892,-0.015489921,0.033651725
2025-11-23 11:55:20,-0.013158231,-0.090052392,0.060367634
2025-11-23 11:55:30,-0.124289577,0.005025878,-0.047237234
2025-11-23 11:55:40,-0.035718852,0.023296507,-0.046834220
2025-11-23 11:55:50,0.072083868,-0.016451592,0.014173288
2025-11-23 11:56:00,-0.035055677,0.013826033,0.017198743
2025-11-23 11:56:10,0.026528187,-0.048946048,0.071288466
2025-11-23 11:56:20,-0.040743769,-0.069719463,-0.030124967
2025-11-23 11:56:30,-0.007604527,-0.041706750,0.039988789
2025-11-23 11:56:40,0.033742959,-0.013155204,-0.009409595
2025-11-23 11:56:50,-0.047647654,0.021695017,0.009261024
2025-11-23 11:57:00,-0.012359072,0.070283651,-0.100754532
2025-11-23 11:57:10,0.071725833,0.071971810,-0.020121012
2025-11-23 11:57:20,-0.040114781,-0.014819087,-0.035517967
2025-11-23 11:57:30,0.061629264,-0.113896204,-0.028067492
2025-11-23 11:57:40,0.085598651,0.014080541,0.083005564
2025-11-23 11:57:50,0.092949866,0.056776857,-0.011093721
2025-11-23 11:58:00,0.003415449,0.051330292,0.002450963
2025-11-23 11:58:10,-0.037599327,-0.005950100,-0.033769348
2025-11-23 11:58:20,-0.093125308,-0.018071194,0.043185956
2025-11-23 11:58:30,0.013535642,0.007946279,-0.062006264
2025-11-23 11:58:40,0.013068679,0.038401266,-0.052414107
2025-11-23 11:58:50,0.037461922,0.049110825,0.035691541
2025-11-23 11:59:00,0.025268770,0.017948480,-0.027621992
2025-11-23 11:59:10,0.001047191,0.013778626,-0.049914336
2025-11-23 11:59:20,0.000156171,0.010958400,-0.060864386
2025-11-23 11:59:30,-0.009943505,0.008462611,0.000973695
2025-11-23 11:59:40,0.024774443,-0.007150310,-0.107260811
2025-11-23 11:59:50,-0.005236536,-0.070466874,-0.029312065
2025-11-23 12:00:00,0.007816604,0.003900961,0.016155168
2025-11-23 12:00:10,0.035000184,0.045061905,0.056668339
2025-11-23 12:00:20,0.036282671,-0.048472913,0.014291883
2025-11-23 12:00:30,0.057576749,-0.035987029,-0.047788036
2025-11-23 12:00:40,-0.087214622,0.049860550,-0.064721890
2025-11-23 12:00:50,0.006833745,0.025886290,0.092027561
2025-11-23 12:01:00,-0.082060718,0.003925982,0.012152534
2025-11-23 12:01:10,0.076286914,0.014093976,0.055520822
2025-11-23 12:01:20,-0.018891191,-0.030186428,0.040544271
2025-11-23 12:01:30,-0.075596839,-0.052991024,0.028882751
2025-11-23 12:01:40,-0.037993082,-0.073919174,-0.018707841
2025-11-23 12:01:50,-0.042410556,-0.029224725,0.044055768
2025-11-23 12:02:00,-0.032891250,-0.064463086,0.110634984
2025-11-23 12:02:10,-0.005402998,0.054916863,0.047514375
2025-11-23 12:02:20,0.029421875,0.002999039,-0.041052232
2025-11-23 12:02:30,-0.027577279,-0.040903240,-0.018665992
2025-11-23 12:02:40,0.060791818,-0.008257024,-0.035689162
2025-11-23 12:02:50,-0.002860129,-0.037969340,-0.037271102
2025-11-23 12:03:00,0.084782609,0.019649261,0.057682492
2025-11-23 12:03:10,-0.052886900,-0.029462699,0.041587518
2025-11-23 12:03:20,0.045090093,-0.068342200,-0.024243156
2025-11-23 12:03:30,0.007316049,-0.120364571,-0.074579943
2025-11-23 12:03:40,-0.004066958,-0.043593151,0.001544782
2025-11-23 12:03:50,0.074564668,0.041850167,-0.069028716
2025-11-23 12:04:00,-0.068967073,0.022782399,-0.080245676
2025-11-23 12:04:10,-0.064932626,0.001590129,-0.045850360
2025-11-23 12:04:20,0.015891774,-0.028401924,-0.018176230
2025-11-23 12:04:30,0.054320865,-0.023871562,-0.041942719
2025-11-23 12:04:40,0.047575586,0.036371804,-0.010439199
2025-11-23 12:04:50,-0.054734257,-0.068580084,0.018555679
2025-11-23 12:05:00,0.007749845,-0.062907108,0.009722852
2025-11-23 12:05:10,-0.007076952,-0.000659531,0.075847734
2025-11-23 12:05:20,-0.016740367,0.040670982,-0.022673031
2025-11-23 12:05:30,0.040843594,-0.015482487,0.121194015
2025-11-23 12:05:40,-0.007199675,0.065681840,0.086137146
2025-11-23 12:05:50,0.037354907,0.064280746,-0.063964151
2025-11-23 12:06:00,0.027438499,0.050098835,0.060351614
2025-11-23 12:06:10,-0.021740205,0.024408970,0.033763122
2025-11-23 12:06:20,0.015321598,-0.018050752,-0.039616624
2025-11-23 12:06:30,-0.044374897,0.036381272,0.031378854
2025-11-23 12:06:40,0.057062355,-0.070555526,-0.025626262
2025-11-23 12:06:50,-0.061517690,0.006200752,-0.026787067
2025-11-23 12:07:00,0.057151359,0.005316657,-0.041335236
2025-11-23 12:07:10,-0.083630476,-0.081180761,0.066553081
2025-11-23 12:07:20,0.029737125,0.043691563,-0.070819005
2025-11-23 12:07:30,0.017495557,0.020702079,0.044985065
2025-11-23 12:07:40,-0.042908458,-0.065740270,0.008590732
2025-11-23 12:07:50,-0.002376619,0.037585606,0.006864339
2025-11-23 12:08:00,-0.047171544,0.017313164,0.059023513
2025-11-23 12:08:10,0.084975769,0.097618396,0.024194988
2025-11-23 12:08:20,0.114750126,0.099832479,0.037797725
2025-11-23 12:08:30,-0.006895829,-0.059266465,0.079108360
2025-11-23 12:08:40,-0.031176696,0.003105709,-0.005834343
2025-11-23 12:08:50,0.016831204,0.091797766,-0.011338512
2025-11-23 12:09:00,-0.009624880,-0.005941833,0.110562132
2025-11-23 12:09:10,0.009240630,0.057285325,0.039571656
2025-11-23 12:09:20,0.092377051,0.036441227,-0.061050078
2025-11-23 12:09:30,-0.019012986,-0.034617695,0.085494846
2025-11-23 12:09:40,-0.015742497,0.007881620,0.012181207
2025-11-23 12:09:50,0.064662578,0.089409714,-0.018451761
2025-11-23 12:10:00,0.016772562,-0.095942969,-0.032436951
2025-11-23 12:10:10,0.006243113,-0.001606316,-0.000647651
2025-11-23 12:10:20,-0.106671440,0.096921753,-0.031927688
2025-11-23 12:10:30,0.079756081,-0.047391794,-0.086883607
2025-11-23 12:10:40,0.012053451,0.004427127,-0.001021447
2025-11-23 12:10:50,0.005495132,-0.012225079,0.009839155
2025-11-23 12:11:00,-0.017080639,0.008182016,0.005453545
2025-11-23 12:11:10,0.099130395,0.016481544,-0.039891112
2025-11-23 12:11:20,0.065203294,-0.068942893,-0.084417037
2025-11-23 12:11:30,-0.042336366,-0.008551656,0.078767975
2025-11-23 12:11:40,-0.084599825,0.031534901,-0.036808842
2025-11-23 12:11:50,-0.018995818,0.050185577,-0.014849734
2025-11-23 12:12:00,0.034543226,0.018301206,-0.091283344
2025-11-23 12:12:10,-0.010760142,-0.098689203,-0.076681640
2025-11-23 12:12:20,-0.068522532,0.049060895,-0.042851949
2025-11-23 12:12:30,0.041411825,-0.060757722,-0.035436651
2025-11-23 12:12:40,-0.020165125,0.059841982,-0.009721817
2025-11-23 12:12:50,-0.019308601,0.103871288,-0.102627159
2025-11-23 12:13:00,0.022544143,0.076549265,0.019679397
2025-11-23 12:13:10,-0.009506749,-0.008240612,0.087791281
2025-11-23 12:13:20,0.055417868,0.033245819,0.036792819
2025-11-23 12:13:30,-0.053725642,-0.113037113,0.025959458
2025-11-23 12:13:40,-0.017778329,0.013087811,0.074812336
2025-11-23 12:13:50,-0.029022632,0.083468535,-0.084209871
2025-11-23 12:14:00,0.025996726,0.064423593,0.004417839
2025-11-23 12:14:10,0.017493264,-0.007380417,0.008877582
2025-11-23 12:14:20,0.139927878,-0.040471786,0.029052155
2025-11-23 12:14:30,-0.018751009,-0.020176922,-0.024216617
2025-11-23 12:14:40,0.021140838,-0.072925168,-0.016228671
2025-11-23 12:14:50,0.030803679,-0.037520037,-0.011316113
2025-11-23 12:15:00,0.033084660,0.054578055,0.045489181
2025-11-23 12:15:10,-0.035418218,0.059372257,0.002504886
2025-11-23 12:15:20,-0.034957185,-0.003367253,-0.105711574
2025-11-23 12:15:30,-0.029908697,-0.003643320,0.141347460
2025-11-23 12:15:40,-0.038779510,0.023400527,0.060297751
2025-11-23 12:15:50,-0.010499763,0.047844760,0.047971534
2025-11-23 12:16:00,0.006269087,0.042008906,-0.076904107
2025-11-23 12:16:10,-0.097178564,0.025491651,-0.021726363
2025-11-23 12:16:20,-0.050172284,0.047045937,0.052069416
2025-11-23 12:16:30,-0.045339284,-0.060575730,0.008261483
2025-11-23 12:16:40,-0.024259108,-0.021614192,-0.029040476
2025-11-23 12:16:50,0.031524323,0.020860899,0.004954075
2025-11-23 12:17:00,0.010997476,-0.051727422,-0.061198921
2025-11-23 12:17:10,0.009165197,0.072717771,-0.056839467
2025-11-23 12:17:20,-0.055717039,-0.005602065,0.050999456
2025-11-23 12:17:30,-0.071288102,0.000542214,0.086459435
2025-11-23 12:17:40,-0.054232103,0.140404489,0.051840907
2025-11-23 12:17:50,0.012077907,-0.029219210,-0.080461066
2025-11-23 12:18:00,0.012713423,-0.044417424,0.043380807
2025-11-23 12:18:10,-0.080216040,-0.080844858,0.011012228
2025-11-23 12:18:20,0.085342409,0.036234969,-0.031975855
2025-11-23 12:18:30,0.043767124,0.007094819,0.004990105
2025-11-23 12:18:40,0.018300909,-0.060444988,-0.063419120
2025-11-23 12:18:50,-0.055657510,0.002631373,-0.096489420
2025-11-23 12:19:00,-0.042419462,0.069768461,0.014868125
2025-11-23 12:19:10,0.042131316,-0.005359408,0.054987341
2025-11-23 12:19:20,-0.006071443,-0.074382058,-0.026470436
2025-11-23 12:19:30,0.044366768,0.016664395,0.008049333
2025-11-23 12:19:40,0.011526665,-0.025648986,-0.083043610
2025-11-23 12:19:50,0.052574284,0.034795756,-0.075514514
2025-11-23 12:20:00,0.021584927,-0.056099470,0.028782373
2025-11-23 12:20:10,-0.008708085,-0.004031209,-0.008945421
2025-11-23 12:20:20,0.066011434,0.030089223,0.015440656
2025-11-23 12:20:30,-0.022227543,-0.010817968,-0.019339701
2025-11-23 12:20:40,0.005264001,-0.095191683,-0.021211432
2025-11-23 12:20:50,0.009315212,0.029020114,0.008869274
2025-11-23 12:21:00,0.003692898,0.056606856,0.026743151
2025-11-23 12:21:10,-0.066836565,0.047226572,-0.054241145
2025-11-23 12:21:20,-0.045194017,-0.101966748,-0.017410753
2025-11-23 12:21:30,-0.096166908,-0.034851782,-0.010921660
2025-11-23 12:21:40,-0.035029474,-0.012361750,0.000781520
2025-11-23 12:21:50,-0.052255391,0.001721480,-0.034615382
2025-11-23 12:22:00,-0.007769454,-0.092998803,0.006686648
2025-11-23 12:22:10,-0.029761614,0.031150790,0.044337663
2025-11-23 12:22:20,0.073302747,0.054856624,-0.011921750
2025-11-23 12:22:30,0.008081710,-0.029744399,0.016483535
2025-11-23 12:22:40,0.046108051,-0.039581360,-0.072444960
2025-11-23 12:22:50,-0.013953390,-0.048545867,-0.069799088
2025-11-23 12:23:00,0.024090889,-0.038867489,0.026345604
2025-11-23 12:23:10,-0.047587575,-0.058993173,0.051262202
2025-11-23 12:23:20,0.007073743,-0.017404525,-0.103854336
2025-11-23 12:23:30,-0.071532472,0.014038008,0.087753288
2025-11-23 12:23:40,-0.030976098,-0.031118920,-0.039011026
2025-11-23 12:23:50,0.001346887,0.098550342,0.012748246
2025-11-23 12:24:00,0.016168496,-0.012500338,-0.024991369
2025-11-23 12:24:10,-0.058375584,-0.039084946,-0.015193179
2025-11-23 12:24:20,0.007308640,0.086403623,-0.084448615
2025-11-23 12:24:30,0.088524057,-0.061237330,0.063901677
2025-11-23 12:24:40,0.046867367,0.105055357,-0.072101400
2025-11-23 12:24:50,-0.016740831,0.126803644,0.047905324
2025-11-23 12:25:00,-0.009889643,0.022282897,-0.011150134
2025-11-23 12:25:10,-0.017683166,-0.000991986,-0.096052474
2025-11-23 12:25:20,-0.036344164,0.004930011,-0.027753679
2025-11-23 12:25:30,-0.061304413,0.056496219,-0.009022520
2025-11-23 12:25:40,-0.001334594,0.072177289,-0.078974340
2025-11-23 12:25:50,0.013179974,-0.058870801,-0.023366348
2025-11-23 12:26:00,-0.076003856,-0.066125360,0.006816247
2025-11-23 12:26:10,-0.005406260,0.006389765,0.082768069
2025-11-23 12:26:20,0.030068921,-0.008277062,-0.037383123
2025-11-23 12:26:30,0.029782293,0.041106482,-0.037227489
2025-11-23 12:26:40,-0.030219223,0.003211688,-0.033642404
2025-11-23 12:26:50,-0.023993934,0.000027488,-0.023273292
2025-11-23 12:27:00,0.002393475,0.002689059,-0.010388008
2025-11-23 12:27:10,-0.049954813,0.043826092,0.101879741
2025-11-23 12:27:20,0.034290790,0.044648169,-0.017662522
2025-11-23 12:27:30,0.030292339,-0.077659676,0.039232085
2025-11-23 12:27:40,0.004397843,-0.066149431,-0.038855722
2025-11-23 12:27:50,-0.099683781,-0.024509522,-0.017927834
2025-11-23 12:28:00,-0.021191525,0.044084976,0.057418379
2025-11-23 12:28:10,0.058873723,-0.027366429,-0.039418781
2025-11-23 12:28:20,-0.049064918,0.035012498,0.001372430
2025-11-23 12:28:30,-0.114915652,-0.042912495,-0.041212280
2025-11-23 12:28:40,0.107275230,-0.074896763,-0.008558921
2025-11-23 12:28:50,-0.068997792,0.020471970,0.052155929
2025-11-23 12:29:00,-0.012409227,-0.011886448,0.041220182
2025-11-23 12:29:10,0.055918093,0.054064355,-0.052865105
2025-11-23 12:29:20,0.046547468,0.059658259,-0.053388592
2025-11-23 12:29:30,-0.067604841,-0.047597640,-0.024618576
2025-11-23 12:29:40,-0.079481118,0.042806909,-0.082549838
2025-11-23 12:29:50,0.038571974,-0.007430999,0.079636994
2025-11-23 12:30:00,0.012908814,0.040278273,0.000913952
2025-11-23 12:30:10,-0.012536957,0.007942120,0.047826701
2025-11-23 12:30:20,-0.010967026,-0.050943216,-0.005658430
2025-11-23 12:30:30,-0.119034582,0.040846474,-0.068811926
2025-11-23 12:30:40,0.010328729,-0.037012655,-0.060677072
2025-11-23 12:30:50,0.092498217,0.039229168,0.010825625
2025-11-23 12:31:00,-0.053528699,-0.073948962,0.096557299
2025-11-23 12:31:10,0.041790277,-0.016821111,-0.013720216
2025-11-23 12:31:20,-0.056108490,0.031535731,-0.016880986
2025-11-23 12:31:30,0.009585170,-0.024885586,0.052567820
2025-11-23 12:31:40,0.052666315,0.048929332,0.059098649
2025-11-23 12:31:50,0.017801604,0.039265067,0.017849528
2025-11-23 12:32:00,-0.166653716,0.035347185,0.050779978
2025-11-23 12:32:10,-0.072322760,-0.051503788,-0.000563263
2025-11-23 12:32:20,-0.025398666,-0.044398658,-0.113324282
2025-11-23 12:32:30,-0.056749902,-0.033391263,0.013643540
2025-11-23 12:32:40,0.062156795,0.019694370,-0.029551516
2025-11-23 12:32:50,-0.094559311,-0.055177863,-0.037421142
2025-11-23 12:33:00,-0.039747519,0.056827223,-0.023411369
2025-11-23 12:33:10,-0.031781552,0.032152933,-0.036879905
2025-11-23 12:33:20,-0.055599897,0.002467806,0.066837802
2025-11-23 12:33:30,-0.036226349,0.042857459,0.012932175
2025-11-23 12:33:40,0.002440657,0.028790882,-0.002304421
2025-11-23 12:33:50,0.091048877,-0.038182780,-0.080763087
2025-11-23 12:34:00,-0.076428594,0.064120248,-0.057544220
2025-11-23 12:34:10,0.013310037,-0.070093914,0.010026821
2025-11-23 12:34:20,0.047081432,-0.032081640,0.005096113
2025-11-23 12:34:30,-0.008424639,0.008702575,-0.007184527
2025-11-23 12:34:40,0.044231515,0.004998850,0.035908055
2025-11-23 12:34:50,-0.010354534,0.017795088,-0.060831912
2025-11-23 12:35:00,-0.081655493,0.055022502,-0.000416075
2025-11-23 12:35:10,-0.021005220,0.050906311,0.003935877
2025-11-23 12:35:20,-0.038557610,0.012152578,0.069684688
2025-11-23 12:35:30,0.086361695,-0.019060336,0.056590179
2025-11-23 12:35:40,-0.013070557,0.019037867,0.011382360
2025-11-23 12:35:50,0.028950895,0.030023661,-0.037759232
2025-11-23 12:36:00,0.039314985,-0.011620213,-0.073757598
2025-11-23 12:36:10,-0.043423475,0.079198882,0.004669067
2025-11-23 12:36:20,0.091902626,0.044314705,-0.059511509
2025-11-23 12:36:30,-0.012868058,0.038660925,0.009752691
2025-11-23 12:36:40,-0.012282285,-0.094457900,0.058611647
2025-11-23 12:36:50,0.058988923,-0.044956725,0.010523043
2025-11-23 12:37:00,-0.065050455,0.023900287,-0.038163403
2025-11-23 12:37:10,-0.052895565,-0.040630324,0.024990202
2025-11-23 12:37:20,0.094136713,0.067130594,0.038708374
2025-11-23 12:37:30,-0.101805272,-0.079723854,0.001451289
2025-11-23 12:37:40,0.005095531,0.040681346,0.002669461
2025-11-23 12:37:50,0.043721396,-0.071403668,0.005181236
2025-11-23 12:38:00,0.044902016,-0.058092407,-0.013115766
2025-11-23 12:38:10,-0.078652455,-0.056433480,-0.064240946
2025-11-23 12:38:20,0.009411002,-0.024845749,-0.002825469
2025-11-23 12:38:30,0.021395152,-0.031575932,0.045136194
2025-11-23 12:38:40,-0.093483564,0.018112445,-0.068282108
2025-11-23 12:38:50,-0.014881750,0.001931644,0.013417207
2025-11-23 12:39:00,-0.046987389,0.024046279,0.014024915
2025-11-23 12:39:10,-0.007156214,-0.006542159,0.025766113
2025-11-23 12:39:20,0.000818377,0.011002941,-0.041524567
2025-11-23 12:39:30,0.011862684,0.073489701,0.013211075
2025-11-23 12:39:40,-0.056476030,0.066183297,-0.004251878
2025-11-23 12:39:50,0.054134240,0.002962696,0.068028962
2025-11-23 12:40:00,0.072914259,-0.020122795,0.114111485
2025-11-23 12:40:10,-0.006068410,-0.075803514,0.091944903
2025-11-23 12:40:20,0.041284596,0.024556185,-0.054987434
2025-11-23 12:40:30,0.076079689,0.032267484,0.045146931
2025-11-23 12:40:40,-0.004320564,-0.006475975,0.054571220
2025-11-23 12:40:50,-0.092669919,0.004490249,0.080938788
2025-11-23 12:41:00,0.038997369,0.078916798,0.011244497
2025-11-23 12:41:10,-0.031702499,0.042888660,-0.014091706
2025-11-23 12:41:20,0.041878320,-0.002300751,-0.006457403
2025-11-23 12:41:30,-0.019024440,0.077757215,-0.068225274
2025-11-23 12:41:40,0.045482506,0.018771906,0.036142074
2025-11-23 12:41:50,-0.042679374,0.026152165,0.033856821
2025-11-23 12:42:00,-0.019213537,-0.043496598,-0.079129585
2025-11-23 12:42:10,-0.059053626,0.001470712,0.063081267
2025-11-23 12:42:20,0.013566983,0.011488128,0.071974215
2025-11-23 12:42:30,0.054614379,-0.005098760,-0.094567976
2025-11-23 12:42:40,0.037401668,-0.022340429,0.034584018
2025-11-23 12:42:50,0.097589602,-0.002991997,-0.062434500
2025-11-23 12:43:00,-0.069538849,0.015525390,0.066719616
2025-11-23 12:43:10,0.011765783,0.043723306,0.022100620
2025-11-23 12:43:20,0.039580850,-0.084543133,-0.009508935
2025-11-23 12:43:30,0.062296322,0.134092685,0.067212226
2025-11-23 12:43:40,-0.031864766,0.039148058,-0.112433472
2025-11-23 12:43:50,0.041059344,0.035474180,0.053070599
2025-11-23 12:44:00,0.080928447,0.039033727,-0.081995500
2025-11-23 12:44:10,0.084044108,0.039023727,0.001062601
2025-11-23 12:44:20,-0.022972531,0.002026912,0.011846873
2025-11-23 12:44:30,-0.002111150,0.038742088,0.014097798
2025-11-23 12:44:40,-0.034890465,0.049224270,0.084264990
2025-11-23 12:44:50,-0.029748589,0.064767868,-0.007020786
2025-11-23 12:45:00,-0.011684373,-0.091337897,-0.039443068
2025-11-23 12:45:10,-0.016354029,0.087543919,0.005063869
2025-11-23 12:45:20,-0.028866484,0.086828600,-0.025416389
2025-11-23 12:45:30,0.072534974,0.008629437,0.014186988
2025-11-23 12:45:40,0.032503377,0.041381139,-0.019255234
2025-11-23 12:45:50,0.106947671,-0.041109710,0.035755585
2025-11-23 12:46:00,0.003459521,-0.035844620,0.028550874
2025-11-23 12:46:10,0.048570005,0.063576345,-0.031754490
2025-11-23 12:46:20,-0.035402939,0.014145465,0.004617041
2025-11-23 12:46:30,-0.055736202,-0.120717791,-0.004878386
2025-11-23 12:46:40,0.013605445,0.008919019,-0.025858348
2025-11-23 12:46:50,0.026384370,-0.043364821,0.097134238
2025-11-23 12:47:00,-0.080251171,0.018295121,0.044673250
2025-11-23 12:47:10,-0.039719718,0.047436901,0.068308092
2025-11-23 12:47:20,-0.089829690,0.072484114,-0.020736085
2025-11-23 12:47:30,-0.016730168,0.031733497,0.113310340
2025-11-23 12:47:40,0.125699992,0.016684219,0.059752538
2025-11-23 12:47:50,0.007789376,-0.042326598,0.034044357
2025-11-23 12:48:00,-0.011211559,0.025280815,-0.100946530
2025-11-23 12:48:10,0.011755441,-0.043573193,-0.064341037
2025-11-23 12:48:20,-0.006634783,-0.074840096,0.089451659
2025-11-23 12:48:30,-0.087378690,0.072848565,0.085310377
2025-11-23 12:48:40,-0.070489550,-0.001531495,0.005344044
2025-11-23 12:48:50,-0.078226350,0.019739832,0.046189451
2025-11-23 12:49:00,-0.087547708,-0.044585428,0.051616797
2025-11-23 12:49:10,0.069874655,-0.036666146,-0.005311853
2025-11-23 12:49:20,-0.056993876,0.015225996,-0.054953888
2025-11-23 12:49:30,0.068187991,0.104379346,0.050961376
2025-11-23 12:49:40,0.015105656,0.054633429,0.007986455
2025-11-23 12:49:50,-0.030910014,0.051403627,0.001596289
2025-11-23 12:50:00,0.046333575,-0.006939217,-0.089171263
2025-11-23 12:50:10,-0.040790393,0.042081289,-0.002182016
2025-11-23 12:50:20,0.024389151,-0.079492261,0.034298263
2025-11-23 12:50:30,0.037187443,0.007683801,-0.008757231
2025-11-23 12:50:40,-0.019801626,0.027068213,0.005652238
2025-11-23 12:50:50,0.001479474,0.006360348,-0.057766618
2025-11-23 12:51:00,-0.119822521,0.037902664,0.065068710
2025-11-23 12:51:10,-0.058944615,-0.039808024,-0.064627368
2025-11-23 12:51:20,0.025714219,0.040487188,0.028333992
2025-11-23 12:51:30,0.082600552,0.011853890,-0.008694156
2025-11-23 12:51:40,0.026146766,-0.026500904,-0.004509052
2025-11-23 12:51:50,-0.086463356,-0.034401300,-0.020031441
2025-11-23 12:52:00,-0.007674323,0.021259785,0.064837669
2025-11-23 12:52:10,0.029465214,0.091622098,-0.065499092
2025-11-23 12:52:20,-0.020251446,0.029881395,0.018315929
2025-11-23 12:52:30,0.060921878,0.031467408,0.082317763
2025-11-23 12:52:40,-0.071028095,-0.025600444,0.006303217
2025-11-23 12:52:50,-0.052340295,0.000286618,0.030967031
2025-11-23 12:53:00,-0.077589988,0.016457272,-0.056559404
2025-11-23 12:53:10,0.042957973,0.016459470,0.112125772
2025-11-23 12:53:20,0.030757705,0.028606791,0.036139734
2025-11-23 12:53:30,0.024674493,0.042307444,-0.074422788
2025-11-23 12:53:40,0.021416635,-0.055888645,-0.117375637
2025-11-23 12:53:50,0.007358529,-0.041611798,0.023983288
2025-11-23 12:54:00,0.031526983,-0.046204088,0.008944384
2025-11-23 12:54:10,0.011217300,0.042992735,-0.007022514
2025-11-23 12:54:20,0.032899938,-0.019991356,0.077928303
2025-11-23 12:54:30,-0.029237952,-0.058016980,0.047081924
2025-11-23 12:54:40,-0.061502231,0.016738359,0.050067272
2025-11-23 12:54:50,0.020480596,0.024608774,0.001886166
2025-11-23 12:55:00,0.002126969,-0.054575193,0.001605864
2025-11-23 12:55:10,-0.041010694,0.092400466,0.013783342
2025-11-23 12:55:20,0.066737747,-0.029905286,-0.077960320
2025-11-23 12:55:30,0.064096190,-0.002481256,-0.038415110
2025-11-23 12:55:40,0.043195810,0.006946735,0.028660732
2025-11-23 12:55:50,-0.022591809,0.029993898,0.097774180
2025-11-23 12:56:00,-0.023947930,-0.007202596,-0.017233878
2025-11-23 12:56:10,0.050739594,-0.006811898,-0.025642343
2025-11-23 12:56:20,0.050690816,-0.051898275,0.016869134
2025-11-23 12:56:30,0.006694528,0.032769054,0.046236710
2025-11-23 12:56:40,-0.036747850,-0.066529247,0.092933405
2025-11-23 12:56:50,-0.008641293,0.049485923,-0.001360616
2025-11-23 12:57:00,-0.096654609,-0.035247086,-0.094466854
2025-11-23 12:57:10,0.048230663,0.021582557,-0.005645539
2025-11-23 12:57:20,0.018122600,-0.101813743,-0.036297573
2025-11-23 12:57:30,-0.000407060,-0.006976711,0.021247160
2025-11-23 12:57:40,-0.026774549,0.044584274,0.043620242
2025-11-23 12:57:50,0.009156328,-0.094632804,0.130335577
2025-11-23 12:58:00,0.027090367,-0.049374225,0.043685970
2025-11-23 12:58:10,-0.025746907,0.010194406,0.022296726
2025-11-23 12:58:20,0.045674666,-0.052809858,0.078604540
2025-11-23 12:58:30,0.006227055,-0.020953697,-0.007780679
2025-11-23 12:58:40,-0.005742789,0.097370780,0.000080681
2025-11-23 12:58:50,0.004971155,-0.075959459,0.018734825
2025-11-23 12:59:00,0.086016736,-0.023264520,0.050204324
2025-11-23 12:59:10,0.066844580,-0.110175529,-0.057650800
2025-11-23 12:59:20,-0.077729995,-0.015132099,-0.042064218
2025-11-23 12:59:30,-0.005810849,-0.043031055,-0.074848399
2025-11-23 12:59:40,0.040535135,-0.122705618,-0.016134807
2025-11-23 12:59:50,-0.086659120,0.025841063,-0.026599452
2025-11-23 13:00:00,0.105935068,0.019105635,0.037219472
2025-11-23 13:00:10,0.058003438,-0.119382876,-0.003873079
2025-11-23 13:00:20,-0.051767233,0.056621084,-0.126924723
2025-11-23 13:00:30,-0.051202566,0.021641420,0.060744331
2025-11-23 13:00:40,0.033239095,-0.084546568,0.034022848
2025-11-23 13:00:50,0.000310172,-0.010817703,0.023876422
2025-11-23 13:01:00,0.010129504,-0.031742159,0.006075743
2025-11-23 13:01:10,-0.045590978,0.003535429,0.015796405
2025-11-23 13:01:20,0.011980047,-0.025110130,0.038716665
2025-11-23 13:01:30,-0.017929129,0.045999364,0.121929895
2025-11-23 13:01:40,0.005729708,0.017458890,-0.060570786
2025-11-23 13:01:50,0.002863457,-0.036270490,-0.032899633
2025-11-23 13:02:00,0.047789442,-0.011670883,-0.002231647
2025-11-23 13:02:10,0.030341544,-0.069315172,0.058110148
2025-11-23 13:02:20,0.054934571,0.034891850,-0.046318159
2025-11-23 13:02:30,-0.047335491,0.051806694,-0.061966758
2025-11-23 13:02:40,0.116815896,-0.025242304,-0.016554360
2025-11-23 13:02:50,0.076456427,0.067513424,0.017055367
2025-11-23 13:03:00,-0.049532072,0.032313394,-0.080568632
2025-11-23 13:03:10,-0.009945290,0.003262200,-0.016912572
2025-11-23 13:03:20,0.024943695,-0.069328449,0.053639794
2025-11-23 13:03:30,-0.052933240,-0.087241366,-0.067432814
2025-11-23 13:03:40,0.039327853,-0.009937876,-0.035554947
2025-11-23 13:03:50,-0.020765905,-0.006984381,-0.046160341
2025-11-23 13:04:00,0.039698974,0.029687409,0.013732581
2025-11-23 13:04:10,-0.035167928,0.058111873,-0.045611950
2025-11-23 13:04:20,0.033089593,0.041971322,0.050403113
2025-11-23 13:04:30,-0.021194768,0.060528516,0.038819722
2025-11-23 13:04:40,0.029404612,-0.041565384,0.014660579
2025-11-23 13:04:50,0.049365936,-0.017905424,0.030866892
2025-11-23 13:05:00,-0.051989997,-0.026555343,0.003252128
2025-11-23 13:05:10,0.083981037,-0.108308913,0.008423090
2025-11-23 13:05:20,-0.062890774,0.021775537,0.024400885
2025-11-23 13:05:30,-0.026319757,-0.059910696,0.015930285
2025-11-23 13:05:40,0.058770090,-0.042535365,-0.037519462
2025-11-23 13:05:50,0.035878639,0.003136235,0.071417221
2025-11-23 13:06:00,0.070816887,0.080598180,-0.058200857
2025-11-23 13:06:10,-0.054350740,0.052403333,0.007296497
2025-11-23 13:06:20,-0.027460181,0.009816223,-0.027261336
2025-11-23 13:06:30,0.005498365,0.084705626,0.044481874
2025-11-23 13:06:40,0.045656402,0.026124033,0.020953464
2025-11-23 13:06:50,-0.058399559,-0.012426294,-0.030650122
2025-11-23 13:07:00,-0.006832431,0.031429058,0.060865869
2025-11-23 13:07:10,0.051409493,0.075449804,0.059813483
2025-11-23 13:07:20,-0.007792495,0.052893197,-0.005506153
2025-11-23 13:07:30,0.040119481,0.042624346,-0.070033440
2025-11-23 13:07:40,0.026664613,0.083777416,0.063563003
2025-11-23 13:07:50,-0.001517471,-0.011283547,0.045597671
2025-11-23 13:08:00,0.013133612,-0.096522899,-0.002511170
2025-11-23 13:08:10,0.052501860,0.008271286,-0.004414458
2025-11-23 13:08:20,0.084767093,-0.054858981,0.040138892
2025-11-23 13:08:30,0.002503177,-0.032023504,-0.008065345
2025-11-23 13:08:40,0.052223935,-0.019405849,-0.079137614
2025-11-23 13:08:50,-0.042461810,0.146534320,-0.042537789
2025-11-23 13:09:00,-0.052742507,-0.134280449,-0.043340060
2025-11-23 13:09:10,-0.026672714,-0.006709642,-0.030673075
2025-11-23 13:09:20,0.125740250,-0.011400471,0.039672466
2025-11-23 13:09:30,-0.047283268,0.034619838,-0.012099641
2025-11-23 13:09:40,0.018997144,0.008906405,-0.062215297
2025-11-23 13:09:50,0.015559755,-0.089858673,0.006861069
2025-11-23 13:10:00,0.031215728,-0.039322741,0.042935093
2025-11-23 13:10:10,-0.069477748,0.046062273,-0.049492830
2025-11-23 13:10:20,0.008971564,0.048006997,0.106793201
2025-11-23 13:10:30,0.025599580,-0.002442484,0.009029248
2025-11-23 13:10:40,-0.009866412,-0.009697966,-0.006717834
2025-11-23 13:10:50,0.001435833,0.040397685,-0.030384220
2025-11-23 13:11:00,-0.015035846,0.033510128,-0.090870260
2025-11-23 13:11:10,-0.087378687,-0.057163052,0.041836272
2025-11-23 13:11:20,-0.018673207,-0.034460063,0.013026182
2025-11-23 13:11:30,0.025650902,-0.032283108,-0.006377114
2025-11-23 13:11:40,0.039445203,0.008699514,0.032418199
2025-11-23 13:11:50,0.032100130,-0.050691219,-0.008428777
2025-11-23 13:12:00,-0.000706971,0.010491679,0.008100689
2025-11-23 13:12:10,-0.068169503,0.026837555,-0.183152681
2025-11-23 13:12:20,-0.060193072,0.087049956,-0.018561783
2025-11-23 13:12:30,-0.051658041,-0.016214133,0.108907221
2025-11-23 13:12:40,-0.053853028,0.062336269,0.015578797
2025-11-23 13:12:50,-0.018311429,0.029972543,0.021716022
2025-11-23 13:13:00,0.052059758,0.104571642,-0.113114933
2025-11-23 13:13:10,0.022940506,0.034392391,-0.015761230
2025-11-23 13:13:20,0.031016944,0.003647764,-0.005537380
2025-11-23 13:13:30,-0.031173670,-0.020155417,0.028284544
2025-11-23 13:13:40,-0.083963973,0.022177836,0.091994966
2025-11-23 13:13:50,-0.049072729,0.055808725,-0.059332888
2025-11-23 13:14:00,-0.007789606,-0.018398897,-0.032288012
2025-11-23 13:14:10,-0.040492369,-0.018378816,-0.032739655
2025-11-23 13:14:20,0.071597199,0.021825552,0.036352952
2025-11-23 13:14:30,0.046588553,-0.010328963,0.028280329
2025-11-23 13:14:40,-0.085125396,-0.033981128,0.011847168
2025-11-23 13:14:50,-0.007463867,-0.052286897,-0.096767756
2025-11-23 13:15:00,0.049642198,-0.001686047,-0.074651664
2025-11-23 13:15:10,0.012839532,-0.040658918,-0.003431851
2025-11-23 13:15:20,-0.009888562,-0.065713110,-0.005030218
2025-11-23 13:15:30,-0.004388543,0.036710061,-0.080640088
2025-11-23 13:15:40,0.028877699,-0.081196081,0.005383411
2025-11-23 13:15:50,-0.011073381,-0.036259504,0.029245537
2025-11-23 13:16:00,-0.054391586,0.037692695,0.027242885
2025-11-23 13:16:10,-0.058534056,-0.075396844,0.008768060
2025-11-23 13:16:20,-0.046258234,0.001583308,0.059421915
2025-11-23 13:16:30,0.051406368,-0.004443538,-0.057307934
2025-11-23 13:16:40,0.055378799,-0.045071382,0.007180135
2025-11-23 13:16:50,0.044149113,-0.093701155,-0.072037798
2025-11-23 13:17:00,-0.038645612,0.101131938,-0.075728069
2025-11-23 13:17:10,0.050259198,-0.011658810,0.128066587
2025-11-23 13:17:20,0.063458498,-0.019801068,0.010195520
2025-11-23 13:17:30,-0.061774824,-0.072251390,-0.005068574
2025-11-23 13:17:40,0.009233112,-0.141594632,0.081937878
2025-11-23 13:17:50,-0.016119150,0.002198026,-0.059612603
2025-11-23 13:18:00,-0.024264359,0.039608133,-0.022448260
2025-11-23 13:18:10,-0.000417469,0.068972489,0.003922369
2025-11-23 13:18:20,0.051105537,-0.048236011,-0.027266982
2025-11-23 13:18:30,-0.041236499,-0.005479069,0.078851100
2025-11-23 13:18:40,0.041611760,0.063194980,0.040875633
2025-11-23 13:18:50,0.014613774,-0.047396167,-0.055027661
2025-11-23 13:19:00,-0.031032114,0.037400833,0.016047363
2025-11-23 13:19:10,0.009219627,-0.006178049,0.002301152
2025-11-23 13:19:20,0.009458359,0.008593896,-0.004965951
2025-11-23 13:19:30,0.057659510,0.015902101,0.008239579
2025-11-23 13:19:40,-0.027552551,0.072194673,0.011645137
2025-11-23 13:19:50,-0.048489098,-0.024466906,0.114556923
2025-11-23 13:20:00,-0.075496411,-0.090851620,-0.004695793
2025-11-23 13:20:10,0.035989415,0.058038964,0.031829621
2025-11-23 13:20:20,-0.043275867,0.020581637,0.047444066
2025-11-23 13:20:30,0.035551379,0.016443375,-0.085554449
2025-11-23 13:20:40,0.031563649,-0.069183435,-0.056272468
2025-11-23 13:20:50,0.041044141,0.022575802,-0.014631531
2025-11-23 13:21:00,0.045299773,-0.045857669,0.011713102
2025-11-23 13:21:10,-0.153625730,-0.039509478,0.021063958
2025-11-23 13:21:20,0.035007621,0.010390562,0.012759868
2025-11-23 13:21:30,-0.015995883,0.026506431,0.055713175
2025-11-23 13:21:40,0.052813471,-0.093881467,-0.081656327
2025-11-23 13:21:50,-0.046981226,-0.018909160,0.009478174
2025-11-23 13:22:00,-0.009843542,-0.000900173,-0.017742031
2025-11-23 13:22:10,0.000672385,0.015964667,0.097840854
2025-11-23 13:22:20,-0.087757263,0.027245783,0.019561989
2025-11-23 13:22:30,0.025061905,0.066600418,0.051835115
2025-11-23 13:22:40,0.037358598,0.068058668,0.070761348
2025-11-23 13:22:50,0.009219496,-0.043449631,-0.102561232
2025-11-23 13:23:00,-0.072205884,0.036975585,-0.039141196
2025-11-23 13:23:10,-0.006135116,0.024134088,-0.023926473
2025-11-23 13:23:20,-0.027549311,0.055813583,0.013345820
2025-11-23 13:23:30,-0.028023254,0.008872408,-0.042637452
2025-11-23 13:23:40,0.029043727,-0.004779747,-0.057179197
2025-11-23 13:23:50,0.004673230,0.028303614,-0.038566584
2025-11-23 13:24:00,-0.039783279,0.036279761,-0.006266486
2025-11-23 13:24:10,0.038297574,0.070986053,-0.041148516
2025-11-23 13:24:20,-0.072649689,0.036476882,0.041414093
2025-11-23 13:24:30,0.008499274,-0.014828269,0.015833306
2025-11-23 13:24:40,0.030348446,-0.031824907,0.026145437
2025-11-23 13:24:50,-0.008358414,-0.025703372,-0.002339041
2025-11-23 13:25:00,-0.001017155,0.092055670,-0.151999040
2025-11-23 13:25:10,0.031080600,-0.045572787,-0.034994376
2025-11-23 13:25:20,-0.064839780,0.044525158,0.021681328
2025-11-23 13:25:30,-0.023698319,0.148572670,-0.005278883
2025-11-23 13:25:40,-0.012663448,0.057723248,-0.095985342
2025-11-23 13:25:50,-0.142253996,0.002004228,-0.026884776
2025-11-23 13:26:00,0.402873111,0.034745578,0.194209599
2025-11-23 13:26:10,-0.099187662,-0.204229996,-0.029010055
2025-11-23 13:26:20,0.215017612,-0.113600059,0.076633075
2025-11-23 13:26:30,0.037164557,-0.111518956,-0.122181514
2025-11-23 13:26:40,-0.327925751,0.156929600,0.169349706
2025-11-23 13:26:50,-0.123426082,-0.252376966,0.041117720
2025-11-23 13:27:00,0.029199450,0.083778643,0.143372394
2025-11-23 13:27:10,-0.004950570,0.145895226,0.200790036
2025-11-23 13:27:20,-0.053101193,-0.034032053,0.045272657
2025-11-23 13:27:30,-0.016074762,-0.063311275,-0.103400915
2025-11-23 13:27:40,0.098712599,0.210357692,-0.188565655
2025-11-23 13:27:50,-0.094741104,-0.002804405,-0.149214947
2025-11-23 13:28:00,-0.179479068,-0.191511544,0.169738529
2025-11-23 13:28:10,0.023809058,-0.011451927,-0.147640816
2025-11-23 13:28:20,0.012678560,0.051696725,0.230034492
2025-11-23 13:28:30,-0.091468271,-0.373564770,0.325282569
2025-11-23 13:28:40,0.035598639,-0.014284025,0.018644334
2025-11-23 13:28:50,-0.105401880,0.173047074,-0.312374694
2025-11-23 13:29:00,-0.239198158,-0.238757086,0.154802652
2025-11-23 13:29:10,-0.049712159,-0.409383432,-0.176657098
2025-11-23 13:29:20,-0.239365302,-0.062768232,-0.012165672
2025-11-23 13:29:30,0.063064651,0.064198038,0.305079596
2025-11-23 13:29:40,-0.003317556,0.030626220,-0.117811687
2025-11-23 13:29:50,0.208491551,-0.090704648,0.359326281
2025-11-23 13:30:00,0.076109011,0.107070767,-0.281500306
2025-11-23 13:30:10,-0.278588954,-0.034727587,0.116679072
2025-11-23 13:30:20,-0.024163631,0.068901802,0.009679012
2025-11-23 13:30:30,0.063372015,0.149338428,0.036356252
2025-11-23 13:30:40,0.088376965,0.246837932,0.085171364
2025-11-23 13:30:50,-0.141979543,0.112106517,-0.064003478
2025-11-23 13:31:00,0.187583007,0.053725752,-0.154668941
2025-11-23 13:31:10,-0.007613709,0.262586021,0.129145472
2025-11-23 13:31:20,0.098459359,-0.261532921,0.012506173
2025-11-23 13:31:30,0.018844834,0.082654900,0.092296181
2025-11-23 13:31:40,0.006700854,0.205094923,-0.000365478
2025-11-23 13:31:50,0.034146096,-0.102678245,0.157229745
2025-11-23 13:32:00,0.073069056,0.065062387,0.163601598
2025-11-23 13:32:10,0.183740118,0.069709607,0.210041764
2025-11-23 13:32:20,0.060468424,-0.109639125,-0.043602851
2025-11-23 13:32:30,0.142077722,-0.042977739,-0.110985251
2025-11-23 13:32:40,0.014402388,0.128395836,-0.070331134
2025-11-23 13:32:50,-0.029691043,0.087969821,-0.137157509
2025-11-23 13:33:00,0.154432736,0.287529909,0.057764367
2025-11-23 13:33:10,-0.018357484,-0.188822548,-0.337955152
2025-11-23 13:33:20,-0.161481720,-0.131889759,0.257741759
2025-11-23 13:33:30,0.036808730,0.187922908,0.184534522
2025-11-23 13:33:40,0.302846778,0.117068691,0.071980140
2025-11-23 13:33:50,-0.072646427,0.032537669,-0.026363600
2025-11-23 13:34:00,-0.185412418,-0.067729451,0.175975726
2025-11-23 13:34:10,-0.313870469,-0.145906069,-0.325425331
2025-11-23 13:34:20,-0.150551298,-0.171546337,-0.116593072
2025-11-23 13:34:30,0.274590331,-0.088908494,0.147674140
2025-11-23 13:34:40,-0.031823568,0.075675157,0.090894502
2025-11-23 13:34:50,-0.361096838,-0.155150563,0.047038080
2025-11-23 13:35:00,0.112317359,-0.060256249,-0.127294771
2025-11-23 13:35:10,-0.045565647,-0.010388533,-0.026391439
2025-11-23 13:35:20,-0.197794497,-0.159957516,-0.024619213
2025-11-23 13:35:30,-0.159227591,0.146856503,0.274322984
2025-11-23 13:35:40,0.026901550,-0.031201487,0.022612952
2025-11-23 13:35:50,-0.253832916,0.289576930,0.076155799
2025-11-23 13:36:00,0.083986735,-0.111515776,-0.076226328
2025-11-23 13:36:10,0.087078595,-0.037624387,-0.143696464
2025-11-23 13:36:20,0.062851856,0.180167215,0.089667436
2025-11-23 13:36:30,-0.313693758,-0.220773676,0.019258395
2025-11-23 13:36:40,-0.000695506,-0.106847774,0.012935235
2025-11-23 13:36:50,0.159612188,-0.053759951,0.052748315
2025-11-23 13:37:00,0.110730488,0.020323531,-0.117716562
2025-11-23 13:37:10,0.112042093,0.280627371,-0.016760437
2025-11-23 13:37:20,0.313658194,-0.008386182,0.049217181
2025-11-23 13:37:30,0.207806177,-0.052992236,0.069973533
2025-11-23 13:37:40,-0.076427829,0.041655407,-0.030509647
2025-11-23 13:37:50,0.219263424,-0.151769213,-0.169861347
2025-11-23 13:38:00,0.000978719,0.217074584,0.020951787
2025-11-23 13:38:10,-0.065580501,0.143320214,-0.068067122
2025-11-23 13:38:20,-0.021924562,-0.109503871,0.048265388
2025-11-23 13:38:30,-0.094303861,-0.258218243,-0.056830537
2025-11-23 13:38:40,0.005603928,-0.010465807,-0.114064256
2025-11-23 13:38:50,0.011792228,0.214815858,-0.099990535
2025-11-23 13:39:00,-0.089753457,0.033345722,0.154028896
2025-11-23 13:39:10,-0.258374109,-0.153973044,0.276759043
2025-11-23 13:39:20,-0.044048432,0.168957445,-0.022693772
2025-11-23 13:39:30,-0.095500146,0.050273099,-0.137978642
2025-11-23 13:39:40,0.093118383,-0.185563139,0.008882628
2025-11-23 13:39:50,-0.042930851,-0.080243723,0.014840613
2025-11-23 13:40:00,0.138736792,0.070932936,0.091072622
2025-11-23 13:40:10,-0.119231629,-0.165687681,0.042308618
2025-11-23 13:40:20,0.290173293,-0.030222136,0.100772305
2025-11-23 13:40:30,-0.250032258,-0.084463140,0.050078414
2025-11-23 13:40:40,-0.060149715,0.132764182,0.058117223
2025-11-23 13:40:50,0.249658069,-0.098800561,0.079732499
2025-11-23 13:41:00,-0.078153128,-0.144408961,0.142737520
2025-11-23 13:41:10,0.283822789,-0.231156796,-0.144564299
2025-11-23 13:41:20,-0.019010611,0.240616326,-0.143070427
2025-11-23 13:41:30,0.117192098,-0.013089988,0.225803185
2025-11-23 13:41:40,-0.117468476,-0.241028130,-0.155547445
2025-11-23 13:41:50,-0.229296896,0.117148197,0.182168538
2025-11-23 13:42:00,0.240343129,-0.173966923,0.130168601
2025-11-23 13:42:10,0.231988347,0.240361483,-0.182601105
2025-11-23 13:42:20,0.162128135,0.001325448,-0.043768359
2025-11-23 13:42:30,-0.085419107,-0.140241969,0.048834890
2025-11-23 13:42:40,0.039762311,-0.193427720,-0.226497857
2025-11-23 13:42:50,-0.087059726,-0.119652104,0.200782067
2025-11-23 13:43:00,0.158687544,0.183352515,0.002689133
2025-11-23 13:43:10,-0.133357462,-0.246899100,0.140974065
2025-11-23 13:43:20,0.214784364,-0.079569989,0.123315543
2025-11-23 13:43:30,-0.039668224,0.111695134,0.045245330
2025-11-23 13:43:40,0.229984916,-0.044186153,-0.030323694
2025-11-23 13:43:50,0.042997125,0.162471732,0.050887578
2025-11-23 13:44:00,0.026813046,-0.094121431,0.154977536
2025-11-23 13:44:10,-0.054122672,-0.141084864,0.241846961
2025-11-23 13:44:20,0.100259462,0.127977269,-0.043637270
2025-11-23 13:44:30,-0.018684247,0.057611866,0.083034410
2025-11-23 13:44:40,0.035643342,0.083417291,0.085302614
2025-11-23 13:44:50,-0.221561388,-0.011104707,-0.061347491
2025-11-23 13:45:00,-0.073843828,-0.187066121,0.039949474
2025-11-23 13:45:10,0.170717205,-0.251491086,0.059629638
2025-11-23 13:45:20,-0.024595304,0.239164659,0.097004742
2025-11-23 13:45:30,0.266327688,-0.118247745,0.190110661
2025-11-23 13:45:40,0.232381675,-0.048674391,-0.009247030
2025-11-23 13:45:50,-0.212428407,-0.049256664,0.236582572
2025-11-23 13:46:00,0.030206109,0.317486941,-0.256139109
2025-11-23 13:46:10,-0.144947064,-0.142991502,0.127895671
2025-11-23 13:46:20,-0.086740592,0.189266640,0.247010338
2025-11-23 13:46:30,0.000669208,0.011469019,0.183614361
2025-11-23 13:46:40,-0.066103957,0.216346227,-0.032228149
2025-11-23 13:46:50,-0.140871649,-0.033696714,0.041145510
2025-11-23 13:47:00,-0.057236989,-0.074476067,0.126320404
2025-11-23 13:47:10,-0.130715795,0.080666658,0.176147757
2025-11-23 13:47:20,0.121997727,0.086734180,-0.074567742
2025-11-23 13:47:30,0.068143695,-0.053859054,-0.204116417
2025-11-23 13:47:40,0.195365112,0.388918516,0.029560552
2025-11-23 13:47:50,0.275044859,0.050929080,-0.047432336
2025-11-23 13:48:00,0.043871180,-0.024997493,-0.019688926
2025-11-23 13:48:10,-0.017134150,0.035578174,0.113126949
2025-11-23 13:48:20,0.053401279,0.121933344,0.012944501
2025-11-23 13:48:30,-0.091769132,0.167468482,-0.070403538
2025-11-23 13:48:40,0.343640886,0.373094562,0.053054400
2025-11-23 13:48:50,0.158785775,-0.249919259,-0.137550202
2025-11-23 13:49:00,0.351713714,-0.216896520,0.104930717
2025-11-23 13:49:10,-0.027608048,0.172790748,-0.036887045
2025-11-23 13:49:20,-0.084915795,-0.180820693,-0.064213798
2025-11-23 13:49:30,-0.073155196,-0.005679467,0.072802835
2025-11-23 13:49:40,-0.362201783,0.058844041,0.048523341
2025-11-23 13:49:50,0.237922694,-0.020917550,0.111250316
2025-11-23 13:50:00,-0.158063878,-0.429890254,0.091175399
2025-11-23 13:50:10,-0.257306567,-0.223633171,0.102670637
2025-11-23 13:50:20,0.003239350,0.051127993,-0.106140572
2025-11-23 13:50:30,0.034829478,0.169516165,0.258068844
2025-11-23 13:50:40,-0.116631163,0.159143907,0.028688477
2025-11-23 13:50:50,-0.255867865,-0.085179897,0.086362598
2025-11-23 13:51:00,-0.046682051,-0.033727551,0.157221648
2025-11-23 13:51:10,0.082317747,0.200133174,0.102627497
2025-11-23 13:51:20,-0.118362534,0.026159139,0.105278714
2025-11-23 13:51:30,0.021255882,-0.114105935,-0.150916013
2025-11-23 13:51:40,-0.067716633,-0.010011005,0.041805123
2025-11-23 13:51:50,0.119907044,-0.046960135,-0.158172435
2025-11-23 13:52:00,-0.012257583,0.118487622,0.161975221
2025-11-23 13:52:10,0.105562250,0.171310576,-0.028917140
2025-11-23 13:52:20,-0.030060129,0.293017988,-0.260451693
2025-11-23 13:52:30,-0.053199046,-0.074408062,0.189898236
2025-11-23 13:52:40,-0.020894271,0.125767991,-0.041420221
2025-11-23 13:52:50,-0.120639400,0.177784732,0.002135481
2025-11-23 13:53:00,-0.041183799,-0.183054591,0.272040880
2025-11-23 13:53:10,0.179759874,-0.159019041,-0.006805587
2025-11-23 13:53:20,0.109518946,-0.049653673,-0.250289105
2025-11-23 13:53:30,-0.123860133,0.139924482,0.009620086
2025-11-23 13:53:40,0.269753423,-0.045974000,0.028579235
2025-11-23 13:53:50,0.122700709,0.151927761,-0.123511265
2025-11-23 13:54:00,-0.081969869,-0.028199376,-0.228081407
2025-11-23 13:54:10,0.144545337,0.118517546,0.113835554
2025-11-23 13:54:20,-0.268769976,0.120316690,-0.000289052
2025-11-23 13:54:30,0.301336988,0.214373165,-0.075867009
2025-11-23 13:54:40,0.180975077,0.049637599,-0.247401836
2025-11-23 13:54:50,-0.039305572,0.244926196,-0.201831008
2025-11-23 13:55:00,0.078584704,-0.018104958,0.052706566
2025-11-23 13:55:10,-0.075963194,0.244120499,0.082849537
2025-11-23 13:55:20,0.094763452,0.042737932,0.242604487
2025-11-23 13:55:30,-0.128767468,0.140150116,0.214680075
2025-11-23 13:55:40,-0.053633802,0.246060782,-0.021959797
2025-11-23 13:55:50,0.387696470,-0.059344361,-0.290430515
2025-11-23 13:56:00,0.146446267,-0.075037094,0.171913534
2025-11-23 13:56:10,-0.178762875,0.053946728,-0.112557008
2025-11-23 13:56:20,-0.388357894,0.209134716,0.155834563
2025-11-23 13:56:30,-0.059288782,0.094038472,-0.016298541
2025-11-23 13:56:40,0.007045409,0.057444839,-0.073789392
2025-11-23 13:56:50,0.003463485,0.001354068,0.183203310
2025-11-23 13:57:00,-0.034187894,-0.011885730,0.075144552
2025-11-23 13:57:10,-0.204817289,-0.115773854,-0.154137036
2025-11-23 13:57:20,0.161468709,0.137315317,-0.083413259
2025-11-23 13:57:30,-0.047958491,0.018271157,-0.131653317
2025-11-23 13:57:40,0.223203389,0.221189474,0.002795183
2025-11-23 13:57:50,0.034552388,0.202284719,-0.075006656
2025-11-23 13:58:00,0.212725725,0.151176624,-0.152805793
2025-11-23 13:58:10,0.023695605,-0.234451346,0.034035623
2025-11-23 13:58:20,-0.200534532,0.006223818,-0.193424728
2025-11-23 13:58:30,-0.048835527,0.300139409,0.021345865
2025-11-23 13:58:40,0.013750399,0.226263540,0.002655878
2025-11-23 13:58:50,-0.051183918,-0.003193755,-0.052988269
2025-11-23 13:59:00,-0.005425278,0.360620320,-0.148252674
2025-11-23 13:59:10,0.076560655,-0.098845888,-0.080234939
2025-11-23 13:59:20,-0.089987498,0.056556927,-0.096798141
2025-11-23 13:59:30,0.150230839,0.073945852,-0.170312251
2025-11-23 13:59:40,-0.020993590,0.026884905,0.166709233
2025-11-23 13:59:50,0.013707271,0.031728927,0.022107214
2025-11-23 14:00:00,-0.003682821,-0.043682019,-0.083879501
2025-11-23 14:00:10,-0.333722464,0.183066833,0.186834369
2025-11-23 14:00:20,-0.151240356,-0.215981508,0.174129944
2025-11-23 14:00:30,-0.079864781,-0.042463571,0.259664156
2025-11-23 14:00:40,0.095617976,-0.301987632,-0.062374172
2025-11-23 14:00:50,0.002818171,0.165491503,0.154340395
2025-11-23 14:01:00,0.182583013,-0.009228973,0.066481245
2025-11-23 14:01:10,-0.102550395,0.064489092,0.070637264
2025-11-23 14:01:20,-0.301059926,0.049360074,0.260526068
2025-11-23 14:01:30,0.196530037,-0.030571711,0.075758202
2025-11-23 14:01:40,0.189777942,-0.006920631,-0.030402720
2025-11-23 14:01:50,0.196036646,0.184572357,-0.183998033
2025-11-23 14:02:00,-0.198649865,0.197884973,-0.073879671
2025-11-23 14:02:10,0.000814788,-0.049503825,-0.119239965
2025-11-23 14:02:20,0.125881886,-0.168696132,0.349309918
2025-11-23 14:02:30,-0.113673305,0.320692648,0.199908970
2025-11-23 14:02:40,-0.007198538,0.042386577,0.067491657
2025-11-23 14:02:50,-0.318165262,-0.060336608,-0.026299061
2025-11-23 14:03:00,-0.083720671,-0.148030863,-0.018463316
2025-11-23 14:03:10,0.102893516,0.195464983,-0.087747968
2025-11-23 14:03:20,0.229816506,-0.029914132,-0.087076068
2025-11-23 14:03:30,0.071210342,0.206143029,-0.180599538
2025-11-23 14:03:40,0.060098702,-0.039641962,-0.107148599
2025-11-23 14:03:50,-0.123589886,-0.101414948,-0.159985393
2025-11-23 14:04:00,-0.078767645,0.398145607,-0.166329477
2025-11-23 14:04:10,-0.061469547,0.034868846,-0.044400907
2025-11-23 14:04:20,-0.081629515,0.074436117,0.021672604
2025-11-23 14:04:30,0.028598641,-0.219571227,0.059499962
2025-11-23 14:04:40,-0.037886251,-0.047363468,-0.297768707
2025-11-23 14:04:50,-0.124723539,-0.040268245,0.040625627
2025-11-23 14:05:00,-0.094687253,0.169271916,-0.185682888
2025-11-23 14:05:10,-0.167253750,-0.021207477,-0.060633937
2025-11-23 14:05:20,-0.208774682,-0.090099621,-0.332259590
2025-11-23 14:05:30,-0.168378437,-0.081771597,-0.013550249
2025-11-23 14:05:40,-0.314216183,0.142585543,0.216130691
2025-11-23 14:05:50,0.033129516,-0.002333919,0.152987438
2025-11-23 14:06:00,-0.216937619,-0.034086370,-0.080961494
2025-11-23 14:06:10,0.179010774,0.129918989,-0.068762828
2025-11-23 14:06:20,-0.119875092,0.091753088,-0.050475804
2025-11-23 14:06:30,-0.093669849,0.272484005,0.129121078
2025-11-23 14:06:40,0.090788358,0.077450479,-0.189178298
2025-11-23 14:06:50,-0.033394923,0.128227746,0.107058729
2025-11-23 14:07:00,-0.139788909,0.028225624,0.032908124
2025-11-23 14:07:10,-0.046164825,0.272833449,-0.228170891
2025-11-23 14:07:20,0.208522672,0.110914439,0.197464295
2025-11-23 14:07:30,0.240395839,-0.202750579,0.089736845
2025-11-23 14:07:40,0.002354845,0.113851251,0.182657504
2025-11-23 14:07:50,0.034101815,-0.200402092,0.183102595
2025-11-23 14:08:00,0.186062347,-0.152850790,0.154159397
2025-11-23 14:08:10,0.143603838,-0.204863811,0.022310619
2025-11-23 14:08:20,0.031073295,0.062741658,-0.084259327
2025-11-23 14:08:30,-0.013000959,-0.165233576,-0.018152596
2025-11-23 14:08:40,-0.113447320,0.017663305,-0.267444673
2025-11-23 14:08:50,0.020720095,0.098920287,-0.188421457
2025-11-23 14:09:00,0.298611939,-0.066107884,-0.386430336
2025-11-23 14:09:10,0.157651395,-0.149436902,0.054442130
2025-11-23 14:09:20,0.071316465,-0.020885540,0.120602476
2025-11-23 14:09:30,0.047272478,0.268197934,0.193795053
2025-11-23 14:09:40,-0.184099263,0.008766904,0.138766751
2025-11-23 14:09:50,-0.031890980,0.018443275,0.037988549
2025-11-23 14:10:00,0.007541940,0.159073930,-0.123373672
2025-11-23 14:10:10,-0.233128170,-0.420200324,-0.140450281
2025-11-23 14:10:20,-0.110631681,0.063718902,-0.121335859
2025-11-23 14:10:30,0.069074465,0.244384032,0.067336317
2025-11-23 14:10:40,0.071343678,0.020408814,-0.131521512
2025-11-23 14:10:50,-0.134071880,-0.347310761,0.169919453
2025-11-23 14:11:00,-0.118252173,-0.065645908,-0.046061815
2025-11-23 14:11:10,-0.125157970,-0.309406971,-0.052872373
2025-11-23 14:11:20,0.076716595,-0.035922061,-0.026198941
2025-11-23 14:11:30,0.024284317,-0.025823659,-0.122016287
2025-11-23 14:11:40,-0.016521164,0.258129936,0.212702902
2025-11-23 14:11:50,0.085185213,-0.066391671,0.088710087
2025-11-23 14:12:00,0.180517832,-0.090386182,0.064387933
2025-11-23 14:12:10,0.114315981,-0.003009638,-0.079017521
2025-11-23 14:12:20,-0.097183721,-0.203925591,-0.110918774
2025-11-23 14:12:30,0.075617374,-0.052154784,0.108164098
2025-11-23 14:12:40,0.225434055,-0.284136904,0.170019224
2025-11-23 14:12:50,-0.000026983,0.039473504,-0.211832183
2025-11-23 14:13:00,0.075720466,0.145580634,-0.039696437
2025-11-23 14:13:10,-0.095263018,-0.190421381,-0.035711705
2025-11-23 14:13:20,0.152543875,0.015434461,0.065971902
2025-11-23 14:13:30,0.146654820,0.137670044,0.165362945
2025-11-23 14:13:40,-0.010848340,-0.288810133,0.050268489
2025-11-23 14:13:50,-0.067786046,-0.045048067,-0.034625523
2025-11-23 14:14:00,-0.008858625,-0.020688290,-0.058535362
2025-11-23 14:14:10,0.090468014,-0.016453593,0.032782423
2025-11-23 14:14:20,0.143142203,0.014349681,0.019924358
2025-11-23 14:14:30,0.266312827,0.186464011,-0.109097724
2025-11-23 14:14:40,-0.255884637,0.003161761,-0.046460111
2025-11-23 14:14:50,0.081613785,0.134105956,-0.025076980
2025-11-23 14:15:00,-0.133738630,0.093782223,-0.014388435
2025-11-23 14:15:10,-0.352803560,0.072466716,-0.002951593
2025-11-23 14:15:20,-0.031481752,0.041744982,0.129906118
2025-11-23 14:15:30,-0.143916302,-0.049068488,0.026133154
2025-11-23 14:15:40,0.132122383,0.239810073,0.035006310
2025-11-23 14:15:50,-0.247373919,-0.217353999,-0.135871022
2025-11-23 14:16:00,0.098523325,0.024077932,-0.102371350
2025-11-23 14:16:10,-0.078198157,0.153086093,-0.033893043
2025-11-23 14:16:20,0.182699138,-0.124877101,0.195689459
2025-11-23 14:16:30,0.254508278,0.101768560,0.077786177
2025-11-23 14:16:40,0.204605087,-0.067264927,-0.017995856
2025-11-23 14:16:50,-0.188917359,-0.425919781,0.052900074
2025-11-23 14:17:00,0.341845346,0.078132670,-0.161245354
2025-11-23 14:17:10,0.029526969,-0.240745895,-0.020023149
2025-11-23 14:17:20,-0.128219094,0.191031523,-0.215915719
2025-11-23 14:17:30,0.246638981,0.165272377,0.069486489
2025-11-23 14:17:40,-0.162420146,0.057538184,0.190541553
2025-11-23 14:17:50,0.174004119,-0.072087144,0.207841514
2025-11-23 14:18:00,0.081906108,-0.249797870,0.311859857
2025-11-23 14:18:10,-0.169803277,-0.181810239,0.074452760
2025-11-23 14:18:20,-0.095118480,0.098739764,0.240753111
2025-11-23 14:18:30,-0.068776554,0.167421861,0.030515912
2025-11-23 14:18:40,-0.095735889,0.229843369,0.352359659
2025-11-23 14:18:50,-0.132281610,0.198092264,0.053196306
2025-11-23 14:19:00,-0.213013552,-0.279657686,-0.228608233
2025-11-23 14:19:10,-0.136461940,-0.116633084,0.022562135
2025-11-23 14:19:20,0.340356433,-0.090442415,-0.268547263
2025-11-23 14:19:30,0.274300425,-0.011432721,0.018187283
2025-11-23 14:19:40,-0.028735557,-0.026467023,-0.219810618
2025-11-23 14:19:50,-0.226715541,0.154345712,0.022671171
2025-11-23 14:20:00,0.172730269,-0.072347354,0.096505414
2025-11-23 14:20:10,0.153884311,0.195633583,-0.005805716
2025-11-23 14:20:20,0.031412183,-0.004105663,0.283188935
2025-11-23 14:20:30,0.325463296,-0.034412295,0.002827586
2025-11-23 14:20:40,-0.007811564,-0.022154120,0.029969350
2025-11-23 14:20:50,-0.116587652,-0.054593223,0.080670814
2025-11-23 14:21:00,0.064073215,0.156640423,-0.110504743
2025-11-23 14:21:10,0.060995640,-0.058321198,-0.014393548
2025-11-23 14:21:20,0.096934986,0.155251081,0.086631142
2025-11-23 14:21:30,-0.070370708,0.146217357,0.089782427
2025-11-23 14:21:40,0.184204734,-0.189662215,0.069205832
2025-11-23 14:21:50,-0.043439423,-0.270170582,0.266153979
2025-11-23 14:22:00,0.228827062,-0.019879914,-0.038095333
2025-11-23 14:22:10,0.156893871,0.045820861,-0.024869357
2025-11-23 14:22:20,-0.075812739,-0.089965400,-0.029170769
2025-11-23 14:22:30,-0.057864926,0.012170499,-0.135307148
2025-11-23 14:22:40,-0.075627495,0.105885114,-0.122659313
2025-11-23 14:22:50,-0.111289113,0.033669892,0.087785623
2025-11-23 14:23:00,-0.076908209,0.025819755,-0.112371036
2025-11-23 14:23:10,-0.031974536,-0.074006592,-0.255929946
2025-11-23 14:23:20,0.176660210,-0.007595893,0.362201171
2025-11-23 14:23:30,-0.282961659,-0.137072443,0.219512091
2025-11-23 14:23:40,-0.131778496,-0.317416716,-0.069029474
2025-11-23 14:23:50,0.014887009,-0.001771011,0.025106542
2025-11-23 14:24:00,-0.028839273,0.113649963,0.119395591
2025-11-23 14:24:10,-0.086947165,-0.033327798,-0.020583343
2025-11-23 14:24:20,-0.110795233,0.086065200,0.160579005
2025-11-23 14:24:30,0.067371184,0.308416795,0.080403805
2025-11-23 14:24:40,-0.138889014,-0.378807965,0.196150583
2025-11-23 14:24:50,-0.121479657,0.233356138,-0.048646398
2025-11-23 14:25:00,0.047666488,-0.192820999,-0.176807704
2025-11-23 14:25:10,-0.226734262,0.069912685,-0.019278299
2025-11-23 14:25:20,-0.021565654,-0.193347888,0.028533213
2025-11-23 14:25:30,-0.133506833,0.186642186,0.143074939
2025-11-23 14:25:40,-0.087560139,-0.092979437,0.233845230
2025-11-23 14:25:50,0.204561428,0.071898610,0.104665366
2025-11-23 14:26:00,0.055243366,0.094763429,-0.175469070
2025-11-23 14:26:10,0.104961819,-0.201257738,0.089384269
2025-11-23 14:26:20,-0.004751568,0.092299994,0.265662217
2025-11-23 14:26:30,0.018999666,0.124888223,0.028866184
2025-11-23 14:26:40,-0.185831729,-0.028162809,-0.118261100
2025-11-23 14:26:50,-0.160985306,0.022600910,-0.055158611
2025-11-23 14:27:00,0.086026435,-0.172663064,-0.040239262
2025-11-23 14:27:10,-0.252872091,-0.056548928,0.163096442
2025-11-23 14:27:20,0.085243064,0.185670077,0.045375157
2025-11-23 14:27:30,-0.105291379,0.247122750,0.055731036
2025-11-23 14:27:40,0.193200511,0.086853414,0.161762966
2025-11-23 14:27:50,0.000780068,0.175269115,0.032047496
2025-11-23 14:28:00,0.242830279,-0.015677087,-0.143491210
2025-11-23 14:28:10,0.222233394,-0.101021550,0.165009044
2025-11-23 14:28:20,-0.024958240,0.209934449,0.212496351
2025-11-23 14:28:30,-0.074503005,-0.180287682,0.058546089
2025-11-23 14:28:40,-0.146577747,-0.164893637,-0.005192623
2025-11-23 14:28:50,0.037162722,0.087842079,0.013004916
2025-11-23 14:29:00,-0.051260443,-0.105261054,-0.009832450
2025-11-23 14:29:10,-0.122688329,-0.255372264,0.005491329
2025-11-23 14:29:20,-0.083514784,-0.240257820,-0.004829142
2025-11-23 14:29:30,-0.070043680,-0.080576984,-0.048429498
2025-11-23 14:29:40,-0.348377868,0.178231640,0.021160515
2025-11-23 14:29:50,-0.184698279,-0.040797604,-0.067503139
2025-11-23 14:30:00,-0.007933488,0.247837304,-0.147253955
2025-11-23 14:30:10,0.076687485,0.018599106,0.213472979
2025-11-23 14:30:20,0.046788336,-0.241043152,-0.202865933
2025-11-23 14:30:30,-0.179476358,0.041883077,0.014219658
2025-11-23 14:30:40,0.212544235,-0.156978667,-0.261409615
2025-11-23 14:30:50,0.249845886,-0.088786019,-0.083895908
2025-11-23 14:31:00,0.010344080,-0.094351306,0.141562978
2025-11-23 14:31:10,-0.268621863,0.021948390,0.045815497
2025-11-23 14:31:20,0.021461427,0.214924470,0.072851616
2025-11-23 14:31:30,0.194888386,0.005865953,-0.148142765
2025-11-23 14:31:40,-0.342606798,0.196612647,0.164711252
2025-11-23 14:31:50,0.124098730,-0.080156772,-0.112522980
2025-11-23 14:32:00,0.017407314,0.101696530,-0.037235861
2025-11-23 14:32:10,0.092514773,-0.052652058,0.093411693
2025-11-23 14:32:20,-0.058395063,-0.168421345,-0.276264288
2025-11-23 14:32:30,0.061782499,0.087441946,-0.093841342
2025-11-23 14:32:40,0.042175203,-0.311065879,0.018542035
2025-11-23 14:32:50,0.192876372,-0.003463021,-0.174890971
2025-11-23 14:33:00,-0.078500136,-0.204549874,-0.118855424
2025-11-23 14:33:10,-0.179597591,0.194023747,-0.231256295
2025-11-23 14:33:20,0.055093894,-0.024779477,-0.024076582
2025-11-23 14:33:30,0.206235343,-0.107533757,-0.100923760
2025-11-23 14:33:40,-0.069950557,0.077937580,0.004902722
2025-11-23 14:33:50,-0.075652386,0.077955601,-0.100701321
2025-11-23 14:34:00,0.028366603,0.104114528,0.120933411
2025-11-23 14:34:10,0.074257528,0.028487236,-0.151135509
2025-11-23 14:34:20,0.199381229,-0.334438317,-0.126912555
2025-11-23 14:34:30,0.024543914,-0.164398742,-0.093234178
2025-11-23 14:34:40,-0.103016342,0.187910942,0.130036851
2025-11-23 14:34:50,0.009072975,-0.035949557,0.030739685
2025-11-23 14:35:00,-0.211639839,0.052363711,-0.100454666
2025-11-23 14:35:10,-0.456201825,-0.125279450,-0.186018318
2025-11-23 14:35:20,0.109775192,-0.029800702,0.230048421
2025-11-23 14:35:30,-0.078503348,-0.169449288,-0.170165784
2025-11-23 14:35:40,0.067039585,-0.346358123,0.072530042
2025-11-23 14:35:50,-0.145666135,-0.047748924,0.020882605
2025-11-23 14:36:00,-0.116245524,0.028073415,-0.258079825
2025-11-23 14:36:10,-0.009885524,0.432273436,-0.037388868
2025-11-23 14:36:20,-0.109323599,0.126539737,-0.104652188
2025-11-23 14:36:30,0.218981110,-0.106363074,0.126563418
2025-11-23 14:36:40,0.056126021,0.196436523,-0.004058370
2025-11-23 14:36:50,0.204278194,0.108314900,0.114367178
2025-11-23 14:37:00,-0.051580194,0.013366184,-0.110812300
2025-11-23 14:37:10,-0.105786278,-0.235009591,-0.243969138
2025-11-23 14:37:20,-0.315998206,-0.026275796,-0.043096953
2025-11-23 14:37:30,-0.040076506,0.293956230,-0.010196862
2025-11-23 14:37:40,0.021391959,-0.050228754,0.174890165
2025-11-23 14:37:50,0.047775803,0.047031595,0.020681905
2025-11-23 14:38:00,0.305855800,0.222271719,0.278164303
2025-11-23 14:38:10,-0.026705432,0.420539316,0.177567190
2025-11-23 14:38:20,-0.216380961,-0.005557747,-0.012421329
2025-11-23 14:38:30,0.010461209,-0.066665577,0.000569200
2025-11-23 14:38:40,0.051960409,0.073448513,0.042774352
2025-11-23 14:38:50,-0.010565763,-0.028721684,-0.086012484
2025-11-23 14:39:00,0.041908491,0.024711584,0.373088600
2025-11-23 14:39:10,0.060821841,-0.013668953,0.074126564
2025-11-23 14:39:20,0.084768063,0.032639069,-0.178584116
2025-11-23 14:39:30,0.083268664,0.216609095,-0.066854258
2025-11-23 14:39:40,-0.002866691,-0.010090457,0.116897375
2025-11-23 14:39:50,-0.094509483,0.071862714,-0.122792495
2025-11-23 14:40:00,-0.059662343,0.153093759,-0.164324452
2025-11-23 14:40:10,-0.023663457,0.308329411,0.003915346
2025-11-23 14:40:20,0.055444306,-0.071556801,-0.178989051
2025-11-23 14:40:30,-0.161690077,0.138019645,0.015654221
2025-11-23 14:40:40,0.154703735,0.117541396,0.000340524
2025-11-23 14:40:50,-0.086084635,-0.121928720,0.069975968
2025-11-23 14:41:00,-0.191138262,-0.245250097,-0.139294080
2025-11-23 14:41:10,0.168919538,0.334455662,-0.094739593
2025-11-23 14:41:20,-0.132691228,-0.090245131,-0.025780475
2025-11-23 14:41:30,0.008445827,0.086959205,-0.159075110
2025-11-23 14:41:40,-0.196831522,-0.205444324,0.136058694
2025-11-23 14:41:50,0.068381301,-0.050492914,-0.058313594
2025-11-23 14:42:00,0.051113928,-0.060217755,-0.146593638
2025-11-23 14:42:10,0.119432036,0.096870787,0.048757393
2025-11-23 14:42:20,-0.014478918,-0.184603201,-0.219800167
2025-11-23 14:42:30,-0.002005182,-0.334660866,0.130328677
2025-11-23 14:42:40,0.127067716,-0.046514047,0.241929319
2025-11-23 14:42:50,-0.235853882,0.187137237,-0.025815078
2025-11-23 14:43:00,0.159860808,0.030566660,0.038165072
2025-11-23 14:43:10,0.084649452,-0.192910936,-0.121653574
2025-11-23 14:43:20,-0.203677695,0.166170199,-0.115824557
2025-11-23 14:43:30,0.042859626,-0.262087119,0.035360363
2025-11-23 14:43:40,-0.052509556,-0.011939893,0.041734337
2025-11-23 14:43:50,0.075570722,-0.127340946,0.181184182
2025-11-23 14:44:00,-0.034649441,0.099356893,-0.081479662
2025-11-23 14:44:10,-0.027340121,0.063222221,0.017213674
2025-11-23 14:44:20,-0.004998513,0.046776162,-0.106806371
2025-11-23 14:44:30,0.110231759,0.060660843,0.016342009
2025-11-23 14:44:40,0.090721401,-0.003145670,0.060345979
2025-11-23 14:44:50,0.021861772,0.163759830,-0.181943967
2025-11-23 14:45:00,-0.126135127,0.382948045,-0.075512507
2025-11-23 14:45:10,-0.020007271,0.141461273,-0.013736807
2025-11-23 14:45:20,-0.400840254,-0.273305642,-0.307771789
2025-11-23 14:45:30,-0.071796626,0.271522770,0.053487869
2025-11-23 14:45:40,0.020566818,0.230267933,-0.155008269
2025-11-23 14:45:50,0.081202385,-0.124604226,0.225057483
2025-11-23 14:46:00,-0.084954299,0.137657602,-0.085718513
2025-11-23 14:46:10,0.282548937,0.132596508,0.171042416
2025-11-23 14:46:20,0.098024652,-0.152516556,0.027007585
2025-11-23 14:46:30,0.195878502,-0.179749215,-0.004983448
2025-11-23 14:46:40,0.060427133,-0.333304998,-0.212986075
2025-11-23 14:46:50,0.245153108,-0.123084878,-0.207758431
2025-11-23 14:47:00,-0.096756016,0.099446145,0.083155655
2025-11-23 14:47:10,0.022993298,0.074635548,-0.246495129
2025-11-23 14:47:20,0.007447348,-0.203247651,0.240742652
2025-11-23 14:47:30,0.073361815,-0.252392109,0.187813343
2025-11-23 14:47:40,-0.012450232,-0.282591890,-0.164734783
2025-11-23 14:47:50,-0.093307109,-0.023285079,0.034296312
2025-11-23 14:48:00,0.103034714,-0.091602378,0.023003608
2025-11-23 14:48:10,-0.059969254,0.081486398,-0.126643466
2025-11-23 14:48:20,-0.030818458,-0.070896859,-0.091608298
2025-11-23 14:48:30,0.088252401,-0.259211487,0.076351218
2025-11-23 14:48:40,-0.104837512,-0.133057198,-0.076148702
2025-11-23 14:48:50,0.101597677,0.213648789,-0.086086410
2025-11-23 14:49:00,-0.112415013,-0.277165753,-0.092220268
2025-11-23 14:49:10,-0.058689020,-0.227201382,0.037772772
2025-11-23 14:49:20,0.066944286,-0.028260712,0.075277989
2025-11-23 14:49:30,-0.006362685,0.046537055,-0.041661224
2025-11-23 14:49:40,-0.193307224,0.144880970,0.054098752
2025-11-23 14:49:50,-0.169937609,0.199312697,0.079247800
2025-11-23 14:50:00,-0.075300393,0.142483382,-0.041921074
2025-11-23 14:50:10,0.243255072,0.159384884,-0.138364778
2025-11-23 14:50:20,-0.000922031,0.048993726,-0.106076694
2025-11-23 14:50:30,-0.028219831,-0.239969966,0.148906444
2025-11-23 14:50:40,-0.064605149,0.003391294,-0.143402144
2025-11-23 14:50:50,0.157522914,-0.073085354,0.112390934
2025-11-23 14:51:00,-0.017153237,0.225486504,-0.351186142
2025-11-23 14:51:10,-0.175088165,0.158105534,0.170589917
2025-11-23 14:51:20,-0.093050124,0.034887263,0.068377762
2025-11-23 14:51:30,-0.120430111,0.047929977,-0.097716908
2025-11-23 14:51:40,0.014922707,0.138423563,0.021766594
2025-11-23 14:51:50,0.310218566,0.005511466,-0.049228608
2025-11-23 14:52:00,0.069418103,-0.361210080,-0.030942167
2025-11-23 14:52:10,-0.170371789,-0.207281558,-0.033010793
2025-11-23 14:52:20,-0.116239050,-0.147020117,0.030682616
2025-11-23 14:52:30,0.155361208,0.180375869,-0.079929015
2025-11-23 14:52:40,0.111562317,0.166140092,0.016093935
2025-11-23 14:52:50,-0.140624495,-0.079807378,0.038075698
2025-11-23 14:53:00,-0.064094792,0.148383173,-0.020571867
2025-11-23 14:53:10,-0.337267015,0.218214978,0.228262753
2025-11-23 14:53:20,-0.100216122,0.083391317,0.120431424
2025-11-23 14:53:30,-0.157678311,-0.053691869,0.027192426
2025-11-23 14:53:40,-0.149495468,0.226778423,0.113694960
2025-11-23 14:53:50,0.064883243,0.270984790,-0.085232591
2025-11-23 14:54:00,0.296793687,-0.122720436,-0.044458350
2025-11-23 14:54:10,-0.391972838,-0.118276336,0.038208866
2025-11-23 14:54:20,-0.327006751,-0.019422631,-0.199714907
2025-11-23 14:54:30,-0.121991017,-0.101766897,0.119765858
2025-11-23 14:54:40,0.135791649,0.217850631,-0.084539557
2025-11-23 14:54:50,0.077504185,-0.483867139,0.330513960
2025-11-23 14:55:00,-0.045901647,0.460947514,0.002745879
2025-11-23 14:55:10,-0.100114183,-0.249061792,0.058737384
2025-11-23 14:55:20,0.122603654,0.056781047,0.103538546
2025-11-23 14:55:30,-0.243433789,-0.053755527,0.224574411
2025-11-23 14:55:40,-0.122668797,-0.328022745,-0.160911557
2025-11-23 14:55:50,0.040838742,0.014731984,-0.097422655
2025-11-23 14:56:00,-0.201204905,-0.167134875,-0.334048269
2025-11-23 14:56:10,0.158676551,0.031077574,0.281322893
2025-11-23 14:56:20,-0.282562845,0.071757943,-0.205399214
2025-11-23 14:56:30,-0.210917911,0.017024438,-0.093678464
2025-11-23 14:56:40,0.281451884,-0.176196039,-0.312921823
2025-11-23 14:56:50,-0.207252029,0.031112535,0.181397908
2025-11-23 14:57:00,0.116813909,-0.134724452,-0.029698157
2025-11-23 14:57:10,-0.099166046,-0.009665980,0.127874380
2025-11-23 14:57:20,0.080008829,-0.103219082,-0.103259507
2025-11-23 14:57:30,0.280347958,-0.266296739,-0.042045610
2025-11-23 14:57:40,0.009991242,-0.044214952,-0.000925850
2025-11-23 14:57:50,0.177833323,-0.344357032,0.071571105
2025-11-23 14:58:00,-0.172110998,-0.223172553,-0.065230480
2025-11-23 14:58:10,-0.000052237,0.183264898,-0.038628443
2025-11-23 14:58:20,0.033111684,-0.089847514,-0.139060373
2025-11-23 14:58:30,0.037098898,0.030318677,-0.248274709
2025-11-23 14:58:40,0.112312766,0.263051577,-0.082381745
2025-11-23 14:58:50,0.146332876,-0.273366392,-0.018408172
2025-11-23 14:59:00,0.105140497,-0.086052078,0.171553188
2025-11-23 14:59:10,-0.002399546,-0.006148223,0.119233824
2025-11-23 14:59:20,0.020468385,-0.060427567,-0.107493802
2025-11-23 14:59:30,0.104230403,0.024187924,0.030080826
2025-11-23 14:59:40,0.356273093,-0.124971302,0.320974756
2025-11-23 14:59:50,0.144960143,-0.095859723,0.019816072
2025-11-23 15:00:00,0.085916963,-0.247976516,0.165327925
2025-11-23 15:00:10,-0.180251087,0.126663245,-0.323491756
2025-11-23 15:00:20,-0.064824620,0.249344376,-0.035025272
2025-11-23 15:00:30,0.023333699,-0.117621182,-0.119358378
2025-11-23 15:00:40,0.041974771,-0.071729454,-0.145116454
2025-11-23 15:00:50,0.161560642,0.011037682,-0.007426032
2025-11-23 15:01:00,0.106037702,-0.197745651,0.319581233
2025-11-23 15:01:10,-0.171866375,-0.108577754,-0.050128033
2025-11-23 15:01:20,0.036325066,-0.095179270,0.066792359
2025-11-23 15:01:30,0.145961808,0.052582129,0.126134683
2025-11-23 15:01:40,0.279328359,-0.073299317,-0.254243069
2025-11-23 15:01:50,0.150059194,0.050710031,-0.117698642
2025-11-23 15:02:00,-0.112638202,0.012243563,-0.136516436
2025-11-23 15:02:10,-0.012362814,-0.035640933,-0.035553142
2025-11-23 15:02:20,-0.219514796,0.301010743,0.088140393
2025-11-23 15:02:30,-0.272805741,0.070239099,-0.220778382
2025-11-23 15:02:40,-0.028370969,0.009268692,0.059581437
2025-11-23 15:02:50,0.233180879,0.198431599,0.339956838
2025-11-23 15:03:00,-0.194016159,0.187852709,-0.116528364
2025-11-23 15:03:10,0.027435493,-0.291501447,0.022105062
2025-11-23 15:03:20,-0.156444517,0.027731991,0.132572093
2025-11-23 15:03:30,0.250549523,0.038707301,-0.072707167
2025-11-23 15:03:40,0.213210259,0.133678222,0.027394967
2025-11-23 15:03:50,-0.092634639,-0.198220147,-0.188135743
2025-11-23 15:04:00,-0.063863531,0.064201347,0.061042676
2025-11-23 15:04:10,-0.037761871,0.061914121,-0.365155753
2025-11-23 15:04:20,-0.106333197,-0.001458029,0.014509509
2025-11-23 15:04:30,0.088466734,-0.005167584,-0.128435109
2025-11-23 15:04:40,-0.219893749,0.031708767,0.022207603
2025-11-23 15:04:50,-0.062576312,-0.064855366,0.070669287
2025-11-23 15:05:00,0.000015011,0.045557085,-0.089415881
2025-11-23 15:05:10,-0.157009716,-0.241185358,-0.056750307
2025-11-23 15:05:20,-0.173383240,-0.048362484,0.046531678
2025-11-23 15:05:30,-0.040115082,-0.168953121,-0.051696300
2025-11-23 15:05:40,-0.066775575,0.040292554,-0.101871005
2025-11-23 15:05:50,-0.049247621,-0.128040712,0.075431351
2025-11-23 15:06:00,-0.016504324,-0.017011632,0.125148639
2025-11-23 15:06:10,0.021688744,0.096121523,0.107720276
2025-11-23 15:06:20,0.148910843,-0.210464538,0.027995632
2025-11-23 15:06:30,0.035662957,0.269778808,0.244714619
2025-11-23 15:06:40,-0.089809007,0.145172682,0.143149955
2025-11-23 15:06:50,0.003230392,0.095915688,-0.124874762
2025-11-23 15:07:00,-0.092436506,-0.042076523,0.149397554
2025-11-23 15:07:10,0.154857702,-0.011537423,0.193886093
2025-11-23 15:07:20,0.242893803,0.303803509,0.169770572
2025-11-23 15:07:30,0.358331567,-0.344797789,-0.032805900
2025-11-23 15:07:40,-0.180534156,-0.204751820,-0.201230293
2025-11-23 15:07:50,0.037807921,0.075446113,-0.102914271
2025-11-23 15:08:00,0.131655147,-0.165970516,-0.033157477
2025-11-23 15:08:10,0.203284941,0.103673673,-0.029646161
2025-11-23 15:08:20,0.330678092,-0.290459766,-0.148444769
2025-11-23 15:08:30,-0.096922987,-0.180665476,-0.001238364
2025-11-23 15:08:40,0.085228656,-0.098881152,-0.071541149
2025-11-23 15:08:50,0.080224825,-0.009804109,0.015212169
2025-11-23 15:09:00,0.089239247,0.216657985,-0.020853271
2025-11-23 15:09:10,0.253830684,0.082510704,-0.063609567
2025-11-23 15:09:20,0.510815714,0.150023390,-0.087116118
2025-11-23 15:09:30,0.004546205,-0.107557257,-0.012448288
2025-11-23 15:09:40,0.008782656,-0.043204497,0.170615873
2025-11-23 15:09:50,0.042724412,-0.139373413,0.096012780
2025-11-23 15:10:00,-0.080706672,-0.211605437,0.146272946
2025-11-23 15:10:10,-0.030708646,0.027350226,-0.112750632
2025-11-23 15:10:20,-0.043761800,0.171849632,-0.006303275
2025-11-23 15:10:30,0.115280880,0.133780976,0.093219517
2025-11-23 15:10:40,0.096096128,-0.160045128,0.110759549
2025-11-23 15:10:50,0.258238194,-0.115509578,0.055083790
2025-11-23 15:11:00,-0.058274129,-0.084947292,0.101399351
2025-11-23 15:11:10,-0.166265707,-0.120848881,-0.149063318
2025-11-23 15:11:20,-0.169917176,-0.004739624,-0.067520933
2025-11-23 15:11:30,-0.056084446,-0.066344264,0.068662272
2025-11-23 15:11:40,-0.054523639,-0.050792105,-0.079244843
2025-11-23 15:11:50,0.009080217,0.034430056,-0.048983191
2025-11-23 15:12:00,-0.142299790,0.103489821,0.112960129
2025-11-23 15:12:10,-0.252028253,-0.035036112,0.188664168
2025-11-23 15:12:20,0.207503087,-0.407551055,0.254168458
2025-11-23 15:12:30,0.092033740,0.053026779,-0.089608340
2025-11-23 15:12:40,-0.333648409,0.111352872,0.161523493
2025-11-23 15:12:50,0.023177907,0.145685584,0.147100935
2025-11-23 15:13:00,-0.134243477,-0.040740148,0.076790902
2025-11-23 15:13:10,0.003068018,-0.295683467,-0.218599732
2025-11-23 15:13:20,-0.117919183,0.007827058,0.111719180
2025-11-23 15:13:30,0.038851005,0.043396262,-0.034607873
2025-11-23 15:13:40,-0.137628687,0.092771518,0.033741459
2025-11-23 15:13:50,-0.072038291,0.042729612,-0.115831717
2025-11-23 15:14:00,-0.103895665,0.117874238,-0.110992620
2025-11-23 15:14:10,-0.050729564,-0.148363311,0.044881681
2025-11-23 15:14:20,-0.106479930,0.279729474,0.235872170
2025-11-23 15:14:30,-0.059373118,-0.198874534,0.040386205
2025-11-23 15:14:40,-0.168507228,0.179632782,-0.098938369
2025-11-23 15:14:50,0.015678634,-0.125940184,-0.119744311
2025-11-23 15:15:00,-0.035564330,0.138641519,0.233757480
2025-11-23 15:15:10,0.163794628,-0.053727579,-0.101092268
2025-11-23 15:15:20,-0.057877902,0.308652346,-0.009961110
2025-11-23 15:15:30,0.096428132,-0.041072180,0.019908783
2025-11-23 15:15:40,0.112250564,-0.173956622,-0.024841595
2025-11-23 15:15:50,-0.283473731,-0.156151836,0.039455966
2025-11-23 15:16:00,-0.222199544,-0.040475509,0.044803153
2025-11-23 15:16:10,0.004329047,-0.177989249,0.154890707
2025-11-23 15:16:20,-0.023896733,-0.329777632,-0.087473841
2025-11-23 15:16:30,-0.175428196,-0.053164155,0.035182366
2025-11-23 15:16:40,0.018009231,-0.194074808,0.143274329
2025-11-23 15:16:50,0.087940114,-0.078252137,0.002065547
2025-11-23 15:17:00,0.008944966,0.126436027,-0.084580770
2025-11-23 15:17:10,0.106271712,-0.097549603,0.041466103
2025-11-23 15:17:20,-0.075466116,-0.056469384,-0.130972814
2025-11-23 15:17:30,-0.087434429,0.285791097,0.161116081
2025-11-23 15:17:40,-0.139239438,-0.070253766,-0.171632363
2025-11-23 15:17:50,0.190802179,-0.055260761,-0.138651571
2025-11-23 15:18:00,-0.394827141,-0.039822981,-0.121905770
2025-11-23 15:18:10,-0.016495778,0.111521999,0.075265774
2025-11-23 15:18:20,0.119133071,-0.078301304,0.138864134
2025-11-23 15:18:30,0.181109393,-0.135680700,0.112604487
2025-11-23 15:18:40,-0.087985957,0.038259241,0.394139177
2025-11-23 15:18:50,0.055352591,0.034769693,0.212971379
2025-11-23 15:19:00,0.140010914,0.022956236,-0.095164239
2025-11-23 15:19:10,-0.103589877,0.249495399,0.023329419
2025-11-23 15:19:20,-0.171271914,-0.090686094,-0.067350038
2025-11-23 15:19:30,-0.182620459,-0.146849940,-0.171058238
2025-11-23 15:19:40,-0.057501745,0.019979966,0.018116107
