timestamp,x,y,z
2025-11-30 20:06:22,-8.989215612,-1.891502230,-3.228188469
2025-11-30 20:06:32,-9.337942186,-2.272032584,-2.673329034
2025-11-30 20:06:42,-4.854190648,-4.222691383,-7.365007838
2025-11-30 20:06:52,3.806824043,-7.568289488,-4.338518659
2025-11-30 20:07:02,9.017373692,0.477466919,-3.921988965
2025-11-30 20:07:12,9.611390520,-0.916559110,-1.388715682
2025-11-30 20:07:22,0.417398768,6.774550534,-7.096527621
2025-11-30 20:07:32,1.062518335,5.445431889,-7.981597681
2025-11-30 20:07:42,5.205111073,5.180741354,-6.186507356
2025-11-30 20:07:52,8.678378838,4.158995710,-2.286577975
2025-11-30 20:08:02,7.462828091,2.608488531,-6.026689786
2025-11-30 20:08:12,7.643917940,3.171251754,-5.305506627
2025-11-30 20:08:22,6.485615920,4.640499754,-5.976247975
2025-11-30 20:08:32,6.166388468,5.134086103,-5.863518448
2025-11-30 20:08:42,5.526408619,5.879351084,-5.439722202
2025-11-30 20:08:52,6.572289523,6.434962853,-4.171624845
2025-11-30 20:09:02,6.519198116,6.366288331,-2.734860408
2025-11-30 20:09:12,6.766064429,6.769082624,-2.356794417
2025-11-30 20:09:22,5.992759983,7.060384261,-2.811859565
2025-11-30 20:09:32,6.011063211,6.934677307,-3.775516216
2025-11-30 20:09:42,6.270684963,6.802312178,-3.131514804
2025-11-30 20:09:52,6.742700599,6.852560347,-1.558305484
2025-11-30 20:10:02,5.618016562,8.052475909,-2.531196241
2025-11-30 20:10:12,5.307965624,7.771648307,-3.036365423
2025-11-30 20:10:22,4.174973642,8.270517351,-2.947590887
2025-11-30 20:10:32,5.603965876,8.067158201,-1.696464882
2025-11-30 20:10:42,5.089387045,8.203927764,-1.866152984
2025-11-30 20:10:52,4.744669118,8.371607254,-1.530677573
2025-11-30 20:11:02,5.492172708,7.874034179,-2.143750372
2025-11-30 20:11:12,5.046099581,7.586953688,-3.406784793
2025-11-30 20:11:22,6.137140819,7.550410053,-2.455446596
2025-11-30 20:11:32,5.604041204,7.318827886,-3.317807406
2025-11-30 20:11:42,4.699922053,8.186736821,-2.985572942
2025-11-30 20:11:52,4.489082451,7.831425944,-3.744264832
2025-11-30 20:12:02,5.497449181,7.012129737,-4.249265208
2025-11-30 20:12:12,4.008072219,8.040105961,-4.347023157
2025-11-30 20:12:22,3.700108605,7.609626589,-5.138441677
2025-11-30 20:12:32,4.089434070,7.683255113,-5.074084690
2025-11-30 20:12:42,3.459823367,7.017360107,-6.173677764
2025-11-30 20:12:52,4.512511815,7.084344400,-5.260334483
2025-11-30 20:13:02,5.394796721,7.115615154,-4.384191407
2025-11-30 20:13:12,5.394890536,6.999166964,-4.380949518
2025-11-30 20:13:22,6.367073121,6.149106413,-4.156223891
2025-11-30 20:13:32,6.228832412,6.468550741,-4.145456543
2025-11-30 20:13:42,6.850902367,6.086870326,-3.585373737
2025-11-30 20:13:52,7.323911046,5.819702162,-2.976806760
2025-11-30 20:14:02,6.948596571,6.547408699,-2.977013561
2025-11-30 20:14:12,6.622041987,6.728404871,-2.059558812
2025-11-30 20:14:22,6.284028747,7.580448457,-1.172717798
2025-11-30 20:14:32,6.124144392,7.594737928,-1.406139864
2025-11-30 20:14:42,5.937901758,7.412623941,-1.758967808
2025-11-30 20:14:52,6.796086440,6.867205841,-2.654274911
2025-11-30 20:15:02,7.316007926,6.066195771,-2.765274581
2025-11-30 20:15:12,5.996914638,6.716994480,-3.290429286
2025-11-30 20:15:22,4.744653959,7.942786753,-3.201752596
2025-11-30 20:15:32,5.112213669,8.455328737,-2.782740552
2025-11-30 20:15:42,5.104786464,7.801290890,-2.714576818
2025-11-30 20:15:52,5.156884912,7.886841262,-2.627970662
2025-11-30 20:16:02,4.941517072,8.160073158,-3.018192620
2025-11-30 20:16:12,4.841529326,7.898481452,-3.118891010
2025-11-30 20:16:22,5.146593031,8.133214996,-2.664456560
2025-11-30 20:16:32,4.723475402,7.933255134,-3.088509569
2025-11-30 20:16:42,4.249611300,8.281692846,-3.143386182
2025-11-30 20:16:52,5.217343541,7.458139118,-3.297916896
2025-11-30 20:17:02,4.831941838,8.022335445,-2.370281415
2025-11-30 20:17:12,4.940247864,8.133073465,-1.808225558
2025-11-30 20:17:22,4.804096153,7.957229895,-2.817768929
2025-11-30 20:17:32,5.307603264,7.836106020,-3.027616631
2025-11-30 20:17:42,5.365713237,7.868680601,-1.355938045
2025-11-30 20:17:52,6.340846183,7.701528223,-1.438031340
2025-11-30 20:18:02,6.165386702,7.729851396,-1.251561033
2025-11-30 20:18:12,6.621416323,7.346254406,-1.796466024
2025-11-30 20:18:22,6.535421975,6.935747075,-1.547964722
2025-11-30 20:18:32,6.673599306,7.156271615,-1.953808839
2025-11-30 20:18:42,6.489408008,6.824190124,-2.490443935
2025-11-30 20:18:52,7.109344490,6.413524436,-2.313280960
2025-11-30 20:19:02,7.296136660,6.081244413,-1.954939884
2025-11-30 20:19:12,7.280784086,6.832263253,-1.524071222
2025-11-30 20:19:22,7.284402107,6.400138058,-1.517682495
2025-11-30 20:19:32,7.193924456,6.300953160,-1.700912289
2025-11-30 20:19:42,6.722149573,6.902365720,-1.763210359
2025-11-30 20:19:52,6.062023732,7.538110094,-1.928508102
2025-11-30 20:20:02,5.647621029,7.563249964,-1.744538964
2025-11-30 20:20:12,5.435718862,7.981736800,-2.455342342
2025-11-30 20:20:22,5.049204623,7.820174941,-2.302186867
2025-11-30 20:20:32,4.739104844,8.594902738,-1.851370950
2025-11-30 20:20:42,4.829791816,8.352415447,-0.847582756
2025-11-30 20:20:52,5.340270446,8.150616304,-1.534632658
2025-11-30 20:21:02,4.965921365,8.175049265,-1.541783919
2025-11-30 20:21:12,5.336981990,8.358447500,-1.473692310
2025-11-30 20:21:22,6.130237269,7.871880075,-0.982397275
2025-11-30 20:21:32,5.941721112,7.625937661,-0.922911910
2025-11-30 20:21:42,6.803226815,7.285168897,-0.630328048
2025-11-30 20:21:52,6.798984851,7.210459382,-0.009984214
2025-11-30 20:22:02,6.506224625,7.208088405,-0.336085826
2025-11-30 20:22:12,7.142982650,7.251345472,-0.561471011
2025-11-30 20:22:22,6.217063797,7.740212204,-0.787817929
2025-11-30 20:22:32,6.082156105,7.611620574,-0.995267117
2025-11-30 20:22:42,6.159739982,7.531956349,-1.069883453
2025-11-30 20:22:52,6.724071495,7.129312319,-1.493008501
2025-11-30 20:23:02,7.016798101,6.845582217,-1.567503855
2025-11-30 20:23:12,6.630607568,7.369256955,-1.541749182
2025-11-30 20:23:22,6.663618035,7.098941675,-1.326839027
2025-11-30 20:23:32,6.573833741,6.900574332,-1.240869423
2025-11-30 20:23:42,6.584013218,7.368840793,-0.777795393
2025-11-30 20:23:52,6.846880724,6.591945600,-1.028684204
2025-11-30 20:24:02,6.543169041,6.912694198,-2.058089032
2025-11-30 20:24:12,6.524042378,6.631699461,-2.158305514
2025-11-30 20:24:22,6.822810503,7.205340341,-1.081316801
2025-11-30 20:24:32,6.578236595,7.283128220,-0.149247954
2025-11-30 20:24:42,7.009746090,7.159879513,-0.742192128
2025-11-30 20:24:52,5.892150566,7.898267259,-0.773146851
2025-11-30 20:25:02,5.203086206,8.081628939,-1.559516053
2025-11-30 20:25:12,4.174739045,8.908341732,-1.368704950
2025-11-30 20:25:22,3.304199188,9.261281603,-0.442852917
2025-11-30 20:25:32,2.828022600,9.625831729,0.286969589
2025-11-30 20:25:42,3.140079491,9.324416715,-0.033316605
2025-11-30 20:25:52,3.266373616,9.175399167,0.287552649
2025-11-30 20:26:02,3.569043030,9.269040839,-1.365262214
2025-11-30 20:26:12,3.367140896,9.206306568,-0.948442573
2025-11-30 20:26:22,3.008450308,9.203454281,-0.555187956
2025-11-30 20:26:32,3.466276681,9.514422271,0.675780242
2025-11-30 20:26:42,4.352208064,8.801692818,0.127483805
2025-11-30 20:26:52,5.026609794,8.889758904,-0.032354311
2025-11-30 20:27:02,4.418610499,8.746617000,-0.653196321
2025-11-30 20:27:12,4.333189428,8.954127176,-0.128913739
2025-11-30 20:27:22,4.809337511,8.761755298,-0.600753468
2025-11-30 20:27:32,5.805427204,7.858987805,0.332381866
2025-11-30 20:27:42,5.581150259,8.233365260,0.621915882
2025-11-30 20:27:52,6.072679883,7.806926314,0.599648938
2025-11-30 20:28:02,5.296081435,8.228846291,0.650506284
2025-11-30 20:28:12,4.634886556,8.371714683,0.931114748
2025-11-30 20:28:22,4.404882106,8.781007041,0.628959332
2025-11-30 20:28:32,4.515830360,8.792881368,0.809010826
2025-11-30 20:28:42,3.489492393,9.065110417,1.733696886
2025-11-30 20:28:52,3.692457719,8.800710688,0.881667517
2025-11-30 20:29:02,2.804360037,9.701336032,0.949967378
2025-11-30 20:29:12,3.516720776,9.139510000,0.261485869
2025-11-30 20:29:22,3.514065288,9.190805252,-0.119629663
2025-11-30 20:29:32,3.349208167,9.048429921,-0.127533408
2025-11-30 20:29:42,3.729078906,9.347573627,0.393638931
2025-11-30 20:29:52,3.083180543,9.292307164,1.019418664
2025-11-30 20:30:02,2.814483312,9.492563939,0.698532552
2025-11-30 20:30:12,2.284904617,9.149697203,2.087853028
2025-11-30 20:30:22,1.094011452,9.835848181,2.573063893
2025-11-30 20:30:32,1.490097190,9.594086569,2.382724098
2025-11-30 20:30:42,1.024336462,9.308989404,2.904658312
2025-11-30 20:30:52,1.739365501,9.162483499,3.203226505
2025-11-30 20:31:02,1.355145674,9.500268327,2.429041266
2025-11-30 20:31:12,1.696081114,9.049460744,3.252447234
2025-11-30 20:31:22,1.404880005,9.124891405,3.412324747
2025-11-30 20:31:32,1.132375487,9.219594427,2.536300145
2025-11-30 20:31:42,0.844412069,9.371018426,3.209454095
2025-11-30 20:31:52,0.860198055,9.368145834,2.328641378
2025-11-30 20:32:02,0.724263395,9.337533154,1.780013121
2025-11-30 20:32:12,0.948492408,9.597117598,1.735154917
2025-11-30 20:32:22,0.565606131,9.984425498,1.567763709
2025-11-30 20:32:32,1.654838421,9.782393325,0.777274046
2025-11-30 20:32:42,1.350943891,9.500401710,0.915000269
2025-11-30 20:32:52,1.139423770,9.763822747,1.200701450
2025-11-30 20:33:02,0.380777688,9.859314748,1.557288824
2025-11-30 20:33:12,0.034210980,9.803852966,1.588865640
2025-11-30 20:33:22,0.291075050,9.678884544,2.082117426
2025-11-30 20:33:32,0.481653395,9.675416525,1.584869968
2025-11-30 20:33:42,0.828084254,9.915456878,1.702995169
2025-11-30 20:33:52,1.092226618,9.685649009,1.898529088
2025-11-30 20:34:02,0.808749997,9.795639208,2.044357456
2025-11-30 20:34:12,0.229116697,9.321273128,2.646446151
2025-11-30 20:34:22,-0.149115208,9.542069921,2.676825219
2025-11-30 20:34:32,-0.739674896,9.569526346,1.578304479
2025-11-30 20:34:42,-0.104816345,9.696870537,1.645464973
2025-11-30 20:34:52,0.268701501,9.709783384,0.894436277
2025-11-30 20:35:02,0.544647295,9.533428601,0.524220658
2025-11-30 20:35:12,0.747949426,9.742296357,0.861834544
2025-11-30 20:35:22,1.063680241,9.328007902,2.067385115
2025-11-30 20:35:32,0.286489076,9.165568668,3.469641297
2025-11-30 20:35:42,0.877382953,9.098141523,3.454042398
2025-11-30 20:35:52,1.663335444,8.720946846,3.661703678
2025-11-30 20:36:02,0.061735902,8.545735142,4.711571843
2025-11-30 20:36:12,1.296625773,8.994541429,3.627411771
2025-11-30 20:36:22,0.178883342,9.075350543,3.751374339
2025-11-30 20:36:32,0.518760481,9.016102067,3.966754752
2025-11-30 20:36:42,0.538244068,9.093828213,4.168140531
2025-11-30 20:36:52,1.120550633,8.862492645,4.172446505
2025-11-30 20:37:02,1.358260244,9.194807609,2.467751210
2025-11-30 20:37:12,1.295595140,9.714145948,1.525411847
2025-11-30 20:37:22,1.220359484,9.367318770,2.005505442
2025-11-30 20:37:32,0.760690066,9.188472352,2.393325915
2025-11-30 20:37:42,1.411365398,8.745262474,3.670383101
2025-11-30 20:37:52,1.990196275,8.584361720,4.119194199
2025-11-30 20:38:02,2.246237031,8.426650729,4.633956951
2025-11-30 20:38:12,1.930719579,8.673498105,4.238888036
2025-11-30 20:38:22,1.775142599,8.808027607,3.707648569
2025-11-30 20:38:32,1.974380387,9.192414821,3.305642347
2025-11-30 20:38:42,1.546400706,8.624321399,3.772679686
2025-11-30 20:38:52,1.651893832,9.163790873,3.330439865
2025-11-30 20:39:02,1.556473541,9.285498882,2.174017671
2025-11-30 20:39:12,2.115259561,9.492570871,2.244866313
2025-11-30 20:39:22,2.601715684,9.152952879,1.916951475
2025-11-30 20:39:32,2.912279148,9.287451466,2.445691170
2025-11-30 20:39:42,2.416381979,8.744881999,3.696597528
2025-11-30 20:39:52,3.383760058,8.752275388,3.342449632
2025-11-30 20:40:02,3.706238130,8.564608829,2.968634773
2025-11-30 20:40:12,3.379911872,8.413333050,3.910474804
2025-11-30 20:40:22,1.746235850,8.675431382,3.848748544
2025-11-30 20:40:32,1.914341412,8.947054741,3.328450120
2025-11-30 20:40:42,1.511373746,8.413541765,4.873559123
2025-11-30 20:40:52,1.745938634,8.363201833,4.530030211
2025-11-30 20:41:02,1.671175193,8.537415878,4.064265270
2025-11-30 20:41:12,2.440136580,8.625932784,3.941829170
2025-11-30 20:41:22,3.415005999,8.043509897,4.382803443
2025-11-30 20:41:32,2.932428859,8.033843312,4.385307231
2025-11-30 20:41:42,2.319848740,8.263098018,5.139865688
2025-11-30 20:41:52,0.645516305,9.226090356,3.585095697
2025-11-30 20:42:02,-0.530660781,9.436716652,2.213276849
2025-11-30 20:42:12,-0.006444248,9.341534628,3.025051296
2025-11-30 20:42:22,0.377053700,9.458216520,2.930878958
2025-11-30 20:42:32,0.011087631,8.219982567,5.374968664
2025-11-30 20:42:42,0.517972824,7.969312863,5.028736226
2025-11-30 20:42:52,1.449723104,8.395464847,4.976277870
2025-11-30 20:43:02,1.569441203,8.369115247,4.629265709
2025-11-30 20:43:12,2.550545914,8.849496826,3.856967685
2025-11-30 20:43:22,1.016747537,9.093893046,3.377223835
2025-11-30 20:43:32,0.810960170,9.032186155,2.924744200
2025-11-30 20:43:42,2.191597956,9.188078923,3.251101571
2025-11-30 20:43:52,2.743813541,8.941879508,2.706785095
2025-11-30 20:44:02,1.820729523,9.540253836,1.282732931
2025-11-30 20:44:12,3.471815960,9.231655300,1.653495969
2025-11-30 20:44:22,5.058098191,8.505994959,0.188111786
2025-11-30 20:44:32,4.065364830,8.598370830,1.230865065
2025-11-30 20:44:42,4.521599027,8.513137011,1.585795495
2025-11-30 20:44:52,4.370662219,8.770708959,0.828736234
2025-11-30 20:45:02,5.147341893,8.006964200,-0.265264037
2025-11-30 20:45:12,5.322355874,8.275450638,-1.575532604
2025-11-30 20:45:22,4.478935599,8.648653438,-0.836884506
2025-11-30 20:45:32,4.669862395,8.744560747,-1.558859481
2025-11-30 20:45:42,4.088067764,8.687646185,-0.442356888
2025-11-30 20:45:52,4.620595933,8.345245578,-0.023505016
2025-11-30 20:46:02,4.363309096,8.603472347,-0.810257884
2025-11-30 20:46:12,3.490198837,8.834653793,-1.795699356
2025-11-30 20:46:22,3.893206832,8.947173058,-0.776243346
2025-11-30 20:46:32,4.713310807,8.470452047,-0.876985474
2025-11-30 20:46:42,4.997700821,8.555729642,-0.901557866
2025-11-30 20:46:52,3.316499788,8.939997786,0.476835283
2025-11-30 20:47:02,3.215464814,9.043714364,0.676655882
2025-11-30 20:47:12,3.112324734,9.201173913,1.768602425
2025-11-30 20:47:22,4.056121500,8.814053473,0.975560462
2025-11-30 20:47:32,4.218825645,9.341391481,0.912583862
2025-11-30 20:47:42,4.717759782,8.285699840,1.505182694
2025-11-30 20:47:52,4.306550857,8.145786725,1.986670450
2025-11-30 20:48:02,4.473978493,8.460600636,2.379054528
2025-11-30 20:48:12,4.354016826,8.653682994,2.041203261
2025-11-30 20:48:22,4.651067318,8.363823012,2.365820859
2025-11-30 20:48:32,5.186633590,8.225565788,2.250274741
2025-11-30 20:48:42,5.808439554,7.692282210,2.219631224
2025-11-30 20:48:52,5.213661107,8.081703229,1.942749994
2025-11-30 20:49:02,5.502506488,7.963704093,1.710197310
2025-11-30 20:49:12,5.672020110,7.834346017,1.540676416
2025-11-30 20:49:22,5.004715496,8.085762613,2.479683188
2025-11-30 20:49:32,5.422971578,7.627803988,2.688699175
2025-11-30 20:49:42,5.501131828,7.405120496,2.676819914
2025-11-30 20:49:52,5.063262875,7.697248018,3.431644432
2025-11-30 20:50:02,5.249851706,7.614015478,3.753548861
2025-11-30 20:50:12,5.958630462,6.909458989,3.740449670
2025-11-30 20:50:22,5.925084060,7.198842792,2.431128921
2025-11-30 20:50:32,5.460870629,7.751484753,2.332752783
2025-11-30 20:50:42,4.939517122,7.961378764,1.959081371
2025-11-30 20:50:52,4.884185937,8.296054814,2.723204706
2025-11-30 20:51:02,4.854076534,7.972209250,2.550978077
2025-11-30 20:51:12,4.433427293,8.327101092,2.312088702
2025-11-30 20:51:22,4.802227511,8.036186251,3.059985905
2025-11-30 20:51:32,4.980735117,7.979666292,2.313106978
2025-11-30 20:51:42,5.150976797,7.799613224,2.193924289
2025-11-30 20:51:52,5.068239190,7.715131088,2.146134957
2025-11-30 20:52:02,5.164289613,7.821327284,2.988538330
2025-11-30 20:52:12,5.629219504,7.547211449,3.394626976
2025-11-30 20:52:22,5.020717277,7.936701334,3.357643110
2025-11-30 20:52:32,5.273516396,7.291567138,3.664075261
2025-11-30 20:52:42,4.695700503,7.421832609,3.919036224
2025-11-30 20:52:52,4.718238866,7.844252388,3.953817875
2025-11-30 20:53:02,4.497491048,7.653881512,4.527193470
2025-11-30 20:53:12,5.808493044,6.700237083,4.282842523
2025-11-30 20:53:22,5.417907699,7.113651011,4.076959842
2025-11-30 20:53:32,5.663512921,7.336274590,3.813875788
2025-11-30 20:53:42,5.438426907,6.809102384,4.267223125
2025-11-30 20:53:52,5.364268193,6.323380201,4.980641061
2025-11-30 20:54:02,5.332191115,6.844045843,4.705005466
2025-11-30 20:54:12,5.365712410,6.557079521,4.818055379
2025-11-30 20:54:22,4.625903197,6.942975152,5.122500058
2025-11-30 20:54:32,4.658132707,7.030943211,5.370709380
2025-11-30 20:54:42,4.429535934,7.403244485,5.072960439
2025-11-30 20:54:52,3.898440106,7.423197554,5.218619382
2025-11-30 20:55:02,4.852580286,7.007090597,4.597335915
2025-11-30 20:55:12,5.373119954,7.218199311,4.314876124
2025-11-30 20:55:22,5.360447665,7.365386942,4.052049663
2025-11-30 20:55:32,5.666233871,7.159338812,3.691521899
2025-11-30 20:55:42,5.009793200,7.530476780,3.402941686
2025-11-30 20:55:52,5.510272696,7.311854110,3.122720986
2025-11-30 20:56:02,5.719244214,7.384559190,3.234518088
2025-11-30 20:56:12,5.349941733,7.716503713,3.848146505
2025-11-30 20:56:22,4.644888764,7.552836221,3.981749326
2025-11-30 20:56:32,4.841802093,6.867054055,4.594808844
2025-11-30 20:56:42,5.281358870,6.869248545,5.142207698
2025-11-30 20:56:52,5.207019871,6.483837990,5.057707102
2025-11-30 20:57:02,5.640110451,6.348269033,5.221301634
2025-11-30 20:57:12,6.038572542,5.848433124,5.313371538
2025-11-30 20:57:22,5.756989828,5.905458221,5.511558790
2025-11-30 20:57:32,5.198476966,5.818935333,5.864354144
2025-11-30 20:57:42,4.819403981,5.717947205,6.378590079
2025-11-30 20:57:52,4.600640768,5.731603409,6.270154623
2025-11-30 20:58:02,4.942405745,5.831437806,6.175698671
2025-11-30 20:58:12,4.811526966,5.642790223,6.680575480
2025-11-30 20:58:22,4.877975883,5.829153587,6.572543625
2025-11-30 20:58:32,4.739598688,5.094029467,6.801288057
2025-11-30 20:58:42,4.499913324,5.197280127,6.764433525
2025-11-30 20:58:52,4.043944718,5.227325135,7.162519171
2025-11-30 20:59:02,4.490321781,5.056980658,7.228171743
2025-11-30 20:59:12,4.589092933,4.811133728,7.046342054
2025-11-30 20:59:22,4.748867003,4.777762496,7.418004629
2025-11-30 20:59:32,4.994785265,3.925661371,7.654821808
2025-11-30 20:59:42,4.875094453,3.314885787,7.598540728
2025-11-30 20:59:52,4.939772324,3.277757920,7.542058583
2025-11-30 21:00:02,4.620109877,3.305700547,7.659755976
2025-11-30 21:00:12,5.288648975,3.522280545,7.626297559
2025-11-30 21:00:22,5.108712808,3.498399526,7.602154110
2025-11-30 21:00:32,5.111930089,3.397419266,7.765013405
2025-11-30 21:00:42,5.222819508,2.986948048,7.739224115
2025-11-30 21:00:52,5.800391350,3.150096653,7.377745420
2025-11-30 21:01:02,5.814220350,3.282023715,7.181575053
2025-11-30 21:01:12,5.740643429,2.791293759,7.408249910
2025-11-30 21:01:22,5.488240061,2.426372649,7.632712734
2025-11-30 21:01:32,5.761654694,2.919259526,7.517401011
2025-11-30 21:01:42,5.998995941,2.657474421,7.387199413
2025-11-30 21:01:52,5.960394732,2.430278986,7.412090958
2025-11-30 21:02:02,5.940850170,1.671359248,7.390933604
2025-11-30 21:02:12,5.890931392,2.028247337,7.667970175
2025-11-30 21:02:22,5.200280052,-4.483749204,-6.601837727
2025-11-30 21:02:32,-8.398481646,3.768562183,-10.292692057
2025-11-30 21:02:42,-5.285135856,5.731636275,-7.134500332
2025-11-30 21:02:52,-8.675160980,6.526494450,-3.725148225
2025-11-30 21:03:02,-5.034467078,6.393414384,-7.170434158
2025-11-30 21:03:12,-3.950671228,5.730113606,-5.010473064
2025-11-30 21:03:22,-5.274871766,8.154989126,-1.597323915
2025-11-30 21:03:32,-7.009457622,3.751744542,-2.208647073
2025-11-30 21:03:42,-8.483560260,3.409474693,-3.776579969
2025-11-30 21:03:52,-9.072569750,-1.066751968,-2.930487163
2025-11-30 21:04:02,-8.493426639,-2.190399649,-4.038741560
2025-11-30 21:04:12,-8.249128626,-4.281463398,-1.236026008
2025-11-30 21:04:22,-8.777425353,-5.043024321,-5.554306836
2025-11-30 21:04:32,-6.242884411,-7.403067416,-5.940836649
2025-11-30 21:04:42,-5.215858963,-6.310737016,-4.675326574
2025-11-30 21:04:52,-6.168398746,-4.579864749,-5.972448250
2025-11-30 21:05:02,-9.564959913,-5.200520375,-3.177726145
2025-11-30 21:05:12,-7.801879084,-0.468715975,-5.375080997
2025-11-30 21:05:22,-9.894718125,0.635826154,-5.249888298
2025-11-30 21:05:32,-11.047984712,0.369912476,-5.312742658
2025-11-30 21:05:42,-9.627178970,3.000966123,-3.443238618
2025-11-30 21:05:52,-7.941222225,1.161689759,-5.939552438
2025-11-30 21:06:02,-6.090880722,4.376163383,-9.209335405
2025-11-30 21:06:12,-4.198928928,5.246582462,-6.919880929
2025-11-30 21:06:22,-3.210962514,1.895373970,-6.798282596
2025-11-30 21:06:32,-9.076465835,6.152816784,-1.452583471
2025-11-30 21:06:42,-9.167846506,4.329592443,-2.434821262
2025-11-30 21:06:52,-11.458417621,3.572908816,-5.359198715
2025-11-30 21:07:02,-8.336964539,4.035251042,2.377347703
2025-11-30 21:07:12,-10.571178370,2.611830827,-1.401731101
2025-11-30 21:07:22,-7.835389101,2.075440266,-3.222423720
2025-11-30 21:07:32,-7.397838332,0.893741554,-1.574662716
2025-11-30 21:07:42,-6.619345614,1.374595640,-2.244685301
2025-11-30 21:07:52,-10.539494974,3.968199995,-0.622336337
2025-11-30 21:08:02,-5.497876443,4.432754696,5.255625731
2025-11-30 21:08:12,-9.376029855,5.990569837,3.513370051
2025-11-30 21:08:22,-7.130335173,5.419747579,4.119563230
2025-11-30 21:08:32,-5.705540374,7.421551947,-0.621299951
2025-11-30 21:08:42,-4.498109776,4.848439607,5.379179965
2025-11-30 21:08:52,-5.700801508,3.914940058,6.882528812
2025-11-30 21:09:02,-6.037536151,6.138891867,5.279698724
2025-11-30 21:09:12,-9.357500558,4.116909401,2.881990620
2025-11-30 21:09:22,-9.104804852,5.413403447,7.380149484
2025-11-30 21:09:32,-7.469496280,4.282606534,4.884532226
2025-11-30 21:09:42,-5.803834065,5.225633988,2.989424581
2025-11-30 21:09:52,-5.763615184,6.920875744,4.123965479
2025-11-30 21:10:02,-7.038505476,7.062416892,3.343715026
2025-11-30 21:10:12,-4.093841384,7.251284471,7.780940858
2025-11-30 21:10:22,-5.273810444,3.366775613,4.881944425
2025-11-30 21:10:32,-3.471658152,5.039018376,8.477524802
2025-11-30 21:10:42,-5.906024292,4.561408110,4.845106794
2025-11-30 21:10:52,-10.297255137,5.325342787,5.300787900
2025-11-30 21:11:02,-7.001283990,6.414606558,2.595374730
2025-11-30 21:11:12,-6.833487549,4.850333813,2.408010878
2025-11-30 21:11:22,-9.184461384,3.895680084,1.119185480
2025-11-30 21:11:32,-8.274381303,5.228884361,-2.532241439
2025-11-30 21:11:42,-8.237713984,4.704821377,-0.168483438
2025-11-30 21:11:52,-8.169725748,7.601019938,0.351237148
2025-11-30 21:12:02,-8.140411001,5.181831054,-6.417989658
2025-11-30 21:12:12,-7.763650523,4.318959119,-1.464999016
2025-11-30 21:12:22,-5.591002334,7.816358074,-2.289552530
2025-11-30 21:12:32,-6.366646494,5.808247869,-1.630033408
2025-11-30 21:12:42,-8.276328423,6.535022069,0.241895679
2025-11-30 21:12:52,-6.157602808,4.913885882,0.852823727
2025-11-30 21:13:02,-5.551697932,8.770829050,-1.715811377
2025-11-30 21:13:12,-8.883057728,7.250760696,1.574248121
2025-11-30 21:13:22,-5.428497163,6.629312225,1.679523018
2025-11-30 21:13:32,-8.017299865,8.593963387,0.654174879
2025-11-30 21:13:42,-5.511570207,8.371264629,-0.005690713
2025-11-30 21:13:52,-5.041293980,7.408194274,1.996890216
2025-11-30 21:14:02,-2.962217355,7.105830814,5.015889573
2025-11-30 21:14:12,-7.357769800,7.582537682,1.996817782
2025-11-30 21:14:22,-5.044238653,7.496663277,4.211496000
2025-11-30 21:14:32,-4.846046787,7.161063258,0.862377319
2025-11-30 21:14:42,-5.767380991,9.227505266,0.858009373
2025-11-30 21:14:52,-3.577924088,6.013464499,2.026058958
2025-11-30 21:15:02,-3.263563750,7.427330122,2.691610773
2025-11-30 21:15:12,-6.723709915,7.829607994,1.903061699
2025-11-30 21:15:22,-5.398816791,9.091514790,2.536050469
2025-11-30 21:15:32,-3.178342039,7.185185445,0.735146448
2025-11-30 21:15:42,-6.496450671,5.580970830,0.610922007
2025-11-30 21:15:52,-6.615533109,9.855747021,-1.031521228
2025-11-30 21:16:02,-6.261577574,6.943011539,0.092708664
2025-11-30 21:16:12,-6.397379417,8.066135927,-1.260701402
2025-11-30 21:16:22,-6.028453701,6.620739190,-0.134136706
2025-11-30 21:16:32,-6.800198771,8.153056394,1.450743453
2025-11-30 21:16:42,-5.669102208,7.248082987,-3.556618970
2025-11-30 21:16:52,-8.145094387,5.185273052,-2.950007892
2025-11-30 21:17:02,-6.008394389,7.975763414,-4.813776625
2025-11-30 21:17:12,-8.059271186,5.839616328,-2.300585677
2025-11-30 21:17:22,-9.061929394,5.926059090,-2.640496791
2025-11-30 21:17:32,-8.611586861,4.356158056,-2.970684070
2025-11-30 21:17:42,-6.641817722,6.339004277,-2.944767761
2025-11-30 21:17:52,-8.349408659,4.769578320,-3.016323019
2025-11-30 21:18:02,-7.917978935,5.939743311,-3.623393167
2025-11-30 21:18:12,-8.579862203,3.521716422,-3.061181738
2025-11-30 21:18:22,-6.896875007,2.510097360,-2.286902565
2025-11-30 21:18:32,-8.314012501,5.994228810,-1.513592806
2025-11-30 21:18:42,-6.660290453,4.748765222,-3.524714243
2025-11-30 21:18:52,-6.533819534,6.019833644,-2.036561450
2025-11-30 21:19:02,-2.509725767,8.651725056,-2.616206544
2025-11-30 21:19:12,-7.767149016,10.033613650,-0.814677096
2025-11-30 21:19:22,-4.496301887,8.544776307,-2.443830611
2025-11-30 21:19:32,-4.427726272,8.730900543,-1.483464931
2025-11-30 21:19:42,-2.689881189,7.753698333,0.455574759
2025-11-30 21:19:52,-4.683111625,7.146984874,3.426521134
2025-11-30 21:20:02,-5.922854642,8.849872373,1.600005062
2025-11-30 21:20:12,-5.843041856,5.794061916,-0.315998099
2025-11-30 21:20:22,-5.762525701,8.572213551,0.702414428
2025-11-30 21:20:32,-5.540734736,8.058621991,0.121647352
2025-11-30 21:20:42,-8.729292379,9.525031519,-1.142287942
2025-11-30 21:20:52,-5.752597977,10.770015483,1.602861319
2025-11-30 21:21:02,-2.539881964,8.361265263,0.721915299
2025-11-30 21:21:12,-3.065033963,9.999789043,0.574074918
2025-11-30 21:21:22,-5.255222367,11.044428110,2.130469290
2025-11-30 21:21:32,-0.948774954,7.465829381,1.713638257
2025-11-30 21:21:42,-2.294859443,8.577051766,2.252552585
2025-11-30 21:21:52,-3.979685828,8.561994072,3.247860520
2025-11-30 21:22:02,-4.096692327,10.054932781,2.638101493
2025-11-30 21:22:12,-3.359951150,10.994916762,3.308206911
2025-11-30 21:22:22,-1.795290047,9.660289690,4.342313887
2025-11-30 21:22:32,-4.173231350,8.752614594,2.642652228
2025-11-30 21:22:42,-5.169946879,7.482332785,2.102718324
2025-11-30 21:22:52,-3.074685419,9.511459543,2.019719603
2025-11-30 21:23:02,-3.364435142,7.844461167,0.210676396
2025-11-30 21:23:12,-4.053188466,9.841710063,0.859748785
2025-11-30 21:23:22,-1.847359725,9.681828849,-0.072558433
2025-11-30 21:23:32,-2.497587911,8.028491530,4.059568582
2025-11-30 21:23:42,-3.406029931,7.620874478,2.463945216
2025-11-30 21:23:52,-3.369439555,9.688261647,1.756716251
2025-11-30 21:24:02,-6.040646627,6.593003339,1.292657949
2025-11-30 21:24:12,-5.438637842,10.002268364,4.079760559
2025-11-30 21:24:22,-4.631701180,7.766792650,1.195763967
2025-11-30 21:24:32,-4.370506823,9.521988782,2.405825733
2025-11-30 21:24:42,-2.847692343,8.398873263,3.268702379
2025-11-30 21:24:52,0.358346708,9.597399352,0.656199395
2025-11-30 21:25:02,-2.314160869,8.983963861,3.185862193
2025-11-30 21:25:12,-1.519829031,7.829484217,2.560326084
2025-11-30 21:25:22,-3.770331677,7.662975211,1.742057656
2025-11-30 21:25:32,-6.115394751,10.144140370,2.935122413
2025-11-30 21:25:42,-1.969260004,8.844715167,1.195970031
2025-11-30 21:25:52,-4.706984931,7.860940983,1.299857441
2025-11-30 21:26:02,-6.159477176,10.178236593,2.407774088
2025-11-30 21:26:12,-4.158035550,7.592916681,2.173059667
2025-11-30 21:26:22,-3.404834922,9.203413526,1.192519307
2025-11-30 21:26:32,-2.801880936,8.673961526,3.330106246
2025-11-30 21:26:42,-4.118547178,9.079998007,-2.014776478
2025-11-30 21:26:52,-5.045031003,8.821975192,1.303957023
2025-11-30 21:27:02,-5.208546520,8.769499477,-0.869394520
2025-11-30 21:27:12,-4.904460431,8.246810820,-0.401788199
2025-11-30 21:27:22,-4.076666243,8.193185944,-0.727565590
2025-11-30 21:27:32,-5.630269316,5.758107077,2.395731081
2025-11-30 21:27:42,-4.220643053,6.483740556,1.205160792
2025-11-30 21:27:52,-3.707637849,7.896139099,3.178196333
2025-11-30 21:28:02,-3.139728061,8.682446125,0.710493737
2025-11-30 21:28:12,-5.489899899,8.669443255,1.555888745
2025-11-30 21:28:22,-6.698407493,9.029680760,3.902767773
2025-11-30 21:28:32,-2.153902533,6.490635107,3.271168199
2025-11-30 21:28:42,-5.464995238,5.909126341,1.097899091
2025-11-30 21:28:52,-5.650524062,7.261955975,2.538581197
2025-11-30 21:29:02,-7.204573551,7.878697006,2.324652776
2025-11-30 21:29:12,-5.120552552,8.235638082,1.369351526
2025-11-30 21:29:22,-6.694459257,7.027194048,0.272888843
2025-11-30 21:29:32,-7.243132866,7.230640902,2.266178395
2025-11-30 21:29:42,-5.571606011,8.234900422,0.370453834
2025-11-30 21:29:52,-7.015088075,4.099728641,2.120356705
2025-11-30 21:30:02,-4.337330598,7.050985637,1.897822997
2025-11-30 21:30:12,-6.011307322,7.958158570,2.105512326
2025-11-30 21:30:22,-4.594651666,4.832110667,1.603440765
2025-11-30 21:30:32,-5.730401609,6.172984431,1.420150003
2025-11-30 21:30:42,-6.848478125,7.135303734,1.766311604
2025-11-30 21:30:52,-7.200048174,5.058940291,1.461252856
2025-11-30 21:31:02,-5.954032042,6.515350621,-0.497062219
2025-11-30 21:31:12,-9.053879863,4.983264470,1.807081680
2025-11-30 21:31:22,-5.599573587,9.530395761,2.345254794
2025-11-30 21:31:32,-6.883006194,8.269693185,0.320543152
2025-11-30 21:31:42,-4.560725236,7.451222327,0.714073738
2025-11-30 21:31:52,-5.144750266,8.333585614,0.803466373
2025-11-30 21:32:02,-4.782159109,7.868810072,-1.778856495
2025-11-30 21:32:12,-5.514526139,7.879526378,-0.074339976
2025-11-30 21:32:22,-3.446260873,9.415448406,1.748588914
2025-11-30 21:32:32,-7.339653960,9.784770497,-0.096391458
2025-11-30 21:32:42,-4.707692563,10.084128726,1.247131711
2025-11-30 21:32:52,-4.194296215,7.140759731,1.302090569
2025-11-30 21:33:02,-4.038167569,6.947509799,0.113505911
2025-11-30 21:33:12,-1.804260620,9.845551932,2.329670353
2025-11-30 21:33:22,-4.977357432,7.561785503,1.035804281
2025-11-30 21:33:32,-5.942332383,9.872416381,-0.235036872
2025-11-30 21:33:42,-6.230501061,9.629698076,1.779714986
2025-11-30 21:33:52,-6.287149060,8.947192279,2.318836732
2025-11-30 21:34:02,-5.785330299,10.385234614,0.721289649
2025-11-30 21:34:12,-4.256392309,8.089135542,1.739230206
2025-11-30 21:34:22,-3.879436499,9.664159731,-0.283507632
2025-11-30 21:34:32,-5.676731394,11.815346080,1.136937047
2025-11-30 21:34:42,-6.140306348,7.584323991,3.344560312
2025-11-30 21:34:52,-6.096194025,7.807317142,2.584417252
2025-11-30 21:35:02,-6.236063729,7.110263403,1.797467501
2025-11-30 21:35:12,-3.622656008,9.877771692,2.772237916
2025-11-30 21:35:22,-3.962179416,7.105180382,4.235691440
2025-11-30 21:35:32,-5.041172433,9.709872732,1.097073218
2025-11-30 21:35:42,-5.022510936,8.167493258,0.974089152
2025-11-30 21:35:52,-4.437891315,6.315734850,3.170486841
2025-11-30 21:36:02,-5.176614072,7.437290348,1.727038549
2025-11-30 21:36:12,-1.529922702,8.166843227,2.791053411
2025-11-30 21:36:22,-3.594751015,9.161129091,3.681505976
2025-11-30 21:36:32,-5.122205399,7.275306269,2.173412047
2025-11-30 21:36:42,-1.038227729,9.357116714,0.277653323
2025-11-30 21:36:52,-0.864641561,10.226777815,0.550857159
2025-11-30 21:37:02,-0.841385109,8.458324733,2.575498452
2025-11-30 21:37:12,-3.039332098,8.222457848,1.123894625
2025-11-30 21:37:22,-1.463855695,12.555404681,4.023570650
2025-11-30 21:37:32,-3.272192865,6.342500781,2.640417802
2025-11-30 21:37:42,-3.727015465,9.389638574,0.165028823
2025-11-30 21:37:52,-4.449271618,7.345814573,3.159437498
2025-11-30 21:38:02,-2.933773054,7.821734064,4.289903630
2025-11-30 21:38:12,-3.277248343,9.216512230,4.523821574
2025-11-30 21:38:22,-3.974645649,8.449791408,6.126303636
2025-11-30 21:38:32,-1.018555843,8.793285231,4.552752608
2025-11-30 21:38:42,-3.699200412,9.952723380,1.071632921
2025-11-30 21:38:52,-1.937163752,9.291942465,4.272848107
2025-11-30 21:39:02,-2.809539585,8.992203169,2.355776253
2025-11-30 21:39:12,-2.607457867,9.922901001,6.591232746
2025-11-30 21:39:22,-1.570560516,8.743909114,5.806781222
2025-11-30 21:39:32,-1.488012883,8.072072285,1.928938217
2025-11-30 21:39:42,-0.947006445,8.859346240,1.245310279
2025-11-30 21:39:52,-2.647302909,9.522662794,3.786758638
2025-11-30 21:40:02,0.081429458,8.256806873,2.426286992
2025-11-30 21:40:12,-1.221494976,9.589538308,2.281708660
2025-11-30 21:40:22,0.004180391,7.271280429,1.025813234
2025-11-30 21:40:32,-1.416409826,9.914921054,1.573641003
2025-11-30 21:40:42,1.532712658,8.132177483,3.111767441
2025-11-30 21:40:52,0.006427581,8.645909463,2.722515028
2025-11-30 21:41:02,-0.414829312,11.299328688,1.063907846
2025-11-30 21:41:12,-2.765606211,7.102154910,1.438327632
2025-11-30 21:41:22,-3.629331315,9.969575263,1.023032432
2025-11-30 21:41:32,1.217548224,8.376947472,2.648050231
2025-11-30 21:41:42,-2.216516119,8.922385721,4.692342066
2025-11-30 21:41:52,0.761121171,8.374091771,4.567444861
2025-11-30 21:42:02,-1.239010157,9.716139523,3.749176738
2025-11-30 21:42:12,0.334927760,8.799480967,4.034050662
2025-11-30 21:42:22,-3.271017373,7.185576062,4.925816871
2025-11-30 21:42:32,0.130614358,9.651010081,3.283842740
2025-11-30 21:42:42,-1.086568826,9.710599778,4.114928468
2025-11-30 21:42:52,-1.063426777,8.273571600,3.413695438
2025-11-30 21:43:02,-0.257364923,9.284292490,3.013960314
2025-11-30 21:43:12,-0.726603272,7.403949630,5.271771599
2025-11-30 21:43:22,-0.745529708,6.815338532,2.191354778
2025-11-30 21:43:32,-0.972379416,8.399474024,2.409311482
2025-11-30 21:43:42,-3.461104804,7.889186934,1.735184500
2025-11-30 21:43:52,-1.232293220,9.566326921,5.949688712
2025-11-30 21:44:02,-0.011670583,7.381912961,3.853411301
2025-11-30 21:44:12,-0.397883126,9.830248333,5.015597020
2025-11-30 21:44:22,-1.892487022,6.240348034,4.047344573
2025-11-30 21:44:32,-2.496424268,8.759336495,4.257330326
2025-11-30 21:44:42,-0.577188348,8.087733296,6.647473598
2025-11-30 21:44:52,-1.342888354,9.339339597,6.739046832
2025-11-30 21:45:02,-1.668376136,7.306203359,3.569042492
2025-11-30 21:45:12,-2.632176574,9.930275225,3.721723969
2025-11-30 21:45:22,-3.663525464,8.037710909,4.157630933
2025-11-30 21:45:32,-0.831096673,7.849040556,5.493293841
2025-11-30 21:45:42,-0.875755380,7.381753306,4.281648488
2025-11-30 21:45:52,-1.640830711,5.865780894,5.847551045
2025-11-30 21:46:02,-1.538290742,6.978868714,4.311023581
2025-11-30 21:46:12,-4.787325616,6.583137134,6.048456078
2025-11-30 21:46:22,-2.598352089,7.902999849,3.416285846
2025-11-30 21:46:32,-4.034935067,9.072273960,4.736367434
2025-11-30 21:46:42,-1.867356206,7.024307146,2.989905855
2025-11-30 21:46:52,-3.214174243,8.946904845,5.608713410
2025-11-30 21:47:02,-3.132375556,7.038989025,5.545057736
2025-11-30 21:47:12,-3.093969031,8.170172124,4.543205533
2025-11-30 21:47:22,-3.192764796,9.673313347,2.900213402
2025-11-30 21:47:32,-3.286752361,10.005845289,3.306787951
2025-11-30 21:47:42,-2.246361579,8.441125806,3.904812390
2025-11-30 21:47:52,-3.581273639,7.087213585,4.228720637
2025-11-30 21:48:02,-0.556163175,9.306966426,3.753933074
2025-11-30 21:48:12,-1.716808808,8.424913212,4.179408120
2025-11-30 21:48:22,-2.534551965,11.408636120,4.862916903
2025-11-30 21:48:32,-0.693570364,10.060473133,2.608828944
2025-11-30 21:48:42,-2.056023590,7.442416539,2.290911843
2025-11-30 21:48:52,-1.123991878,8.754840890,3.343913347
2025-11-30 21:49:02,-3.443497444,10.551483983,5.776382894
2025-11-30 21:49:12,-4.385731931,6.682096644,2.287307778
2025-11-30 21:49:22,-2.853475093,6.723272966,5.251298998
2025-11-30 21:49:32,-3.295341362,8.731269008,3.864962238
2025-11-30 21:49:42,-3.354583972,6.806377827,-0.611821430
2025-11-30 21:49:52,-3.016941095,9.866805283,4.077512103
2025-11-30 21:50:02,-2.225607083,7.976633637,3.245631794
2025-11-30 21:50:12,-0.264372282,8.974980590,0.740702965
2025-11-30 21:50:22,-1.874833548,7.485343538,1.971779849
2025-11-30 21:50:32,-0.857657422,8.985321748,2.977356511
2025-11-30 21:50:42,-4.021417952,8.607947846,4.480230752
2025-11-30 21:50:52,-2.653797566,8.888259256,1.272839835
2025-11-30 21:51:02,-4.403606671,8.781844781,2.663953790
2025-11-30 21:51:12,-4.626732904,9.491101654,2.346974111
2025-11-30 21:51:22,-1.226361792,7.830136377,3.480078051
2025-11-30 21:51:32,-2.610287539,9.401735682,2.667895101
2025-11-30 21:51:42,-3.847503060,9.819179080,1.469470997
2025-11-30 21:51:52,-3.271085707,11.309552841,1.710199540
2025-11-30 21:52:02,-1.634882911,8.989633131,2.513883357
2025-11-30 21:52:12,-2.585569828,10.417227642,2.411127455
2025-11-30 21:52:22,-2.390564388,9.868661882,2.677256133
2025-11-30 21:52:32,-0.368193357,8.150487448,-0.228135616
2025-11-30 21:52:42,-2.089050604,9.257708861,2.937605159
2025-11-30 21:52:52,-0.345804480,9.856521894,1.885996811
2025-11-30 21:53:02,0.698231840,9.888654599,4.433380316
2025-11-30 21:53:12,-3.272446359,7.405545053,3.790901867
2025-11-30 21:53:22,-0.430849903,9.081436084,2.979121592
2025-11-30 21:53:32,-3.544217974,9.630307659,4.745209861
2025-11-30 21:53:42,-2.568442523,7.029711213,4.286216991
2025-11-30 21:53:52,-1.179946055,8.121550331,2.209214472
2025-11-30 21:54:02,-1.476457968,8.528324226,1.744468428
2025-11-30 21:54:12,-0.483920145,8.128042318,6.518535387
2025-11-30 21:54:22,-3.238895789,9.208164145,3.984816646
2025-11-30 21:54:32,-3.335238874,6.140576557,4.468791297
2025-11-30 21:54:42,-1.114194027,9.109648362,2.757545902
2025-11-30 21:54:52,-2.397520792,7.957544526,3.551277766
2025-11-30 21:55:02,-2.144805556,6.831741281,4.950354560
2025-11-30 21:55:12,-2.563272521,7.764372496,6.611863682
2025-11-30 21:55:22,-1.490765821,10.729701606,6.027786128
2025-11-30 21:55:32,-1.663361350,8.271033811,2.624046254
2025-11-30 21:55:42,-6.676477542,8.987879972,3.285485793
2025-11-30 21:55:52,-5.286921324,7.426870312,4.051702620
2025-11-30 21:56:02,-3.840358886,8.294772039,4.183566370
2025-11-30 21:56:12,-3.691880106,8.930656554,3.838200578
2025-11-30 21:56:22,-5.765266113,8.339043188,2.339104514
2025-11-30 21:56:32,-6.148672266,9.735719039,2.869521456
2025-11-30 21:56:42,-4.170689167,8.303310130,6.494554014
2025-11-30 21:56:52,-2.665275902,8.082671619,4.434742274
2025-11-30 21:57:02,-3.101979114,7.540302108,4.324471328
2025-11-30 21:57:12,-4.672236468,8.645315973,3.489226431
2025-11-30 21:57:22,-2.718597900,8.901514756,1.368255710
2025-11-30 21:57:32,-4.238032966,9.112673844,3.153085939
2025-11-30 21:57:42,-5.321125046,6.546945239,3.153650153
2025-11-30 21:57:52,-6.285050653,11.103172907,3.547261063
2025-11-30 21:58:02,-2.825822779,9.233154311,2.038632042
2025-11-30 21:58:12,-5.425143500,8.666685342,4.280461113
2025-11-30 21:58:22,-7.171305614,8.910784668,5.836035436
2025-11-30 21:58:32,-4.042373078,7.658341582,4.870838340
2025-11-30 21:58:42,-5.436030215,7.013907524,2.271221203
2025-11-30 21:58:52,-3.846167383,7.330930899,2.573045412
2025-11-30 21:59:02,-4.026674504,6.431223566,2.838053848
2025-11-30 21:59:12,-2.875086493,6.637298793,2.375455958
2025-11-30 21:59:22,-3.350282882,7.474786810,2.101404316
2025-11-30 21:59:32,-4.595837121,9.921610072,3.717302510
2025-11-30 21:59:42,-2.333624460,7.624394544,3.552040116
2025-11-30 21:59:52,-2.627860157,7.720475917,2.903551551
2025-11-30 22:00:02,-3.585901314,9.957129062,4.200103914
2025-11-30 22:00:12,-3.863326120,7.407491050,2.023925283
2025-11-30 22:00:22,-6.229910009,7.135649430,0.625208502
2025-11-30 22:00:32,-2.834714918,7.652668876,1.383279871
2025-11-30 22:00:42,-4.719448776,5.849935779,2.091843765
2025-11-30 22:00:52,-4.030926594,9.165699893,2.171298963
2025-11-30 22:01:02,-4.075538432,9.519182332,2.280559196
2025-11-30 22:01:12,-1.704345770,9.183175791,2.630432901
2025-11-30 22:01:22,-4.299646054,8.103007295,3.162820468
2025-11-30 22:01:32,-3.495783786,6.766615518,1.427860490
2025-11-30 22:01:42,-5.256510222,9.057593395,2.234247512
2025-11-30 22:01:52,-5.590003432,9.379344859,-0.082155254
2025-11-30 22:02:02,-3.465517825,9.101696878,1.095695097
2025-11-30 22:02:12,-3.846854800,5.365825248,0.910917947
2025-11-30 22:02:22,-5.910133112,10.731083934,1.453251363
2025-11-30 22:02:32,-3.079375922,8.670770322,-1.300615369
2025-11-30 22:02:42,-6.108762150,7.310892725,-0.114131979
2025-11-30 22:02:52,-5.766228319,7.070910963,0.940997690
2025-11-30 22:03:02,-4.240943694,8.398395756,-0.108583412
2025-11-30 22:03:12,-4.299602275,8.003742539,-0.930893741
2025-11-30 22:03:22,-5.764326289,7.403410219,-1.439039268
2025-11-30 22:03:32,-5.622559530,9.574746634,-2.144071081
2025-11-30 22:03:42,-6.690274846,9.821323878,3.139388814
2025-11-30 22:03:52,-5.182675991,8.402498414,2.907234014
2025-11-30 22:04:02,-3.993644897,8.699797556,0.819219288
2025-11-30 22:04:12,-4.319680624,6.573791653,0.210129016
2025-11-30 22:04:22,-3.890135974,8.429582751,0.968221680
2025-11-30 22:04:32,-2.576979432,8.766263050,0.890947032
2025-11-30 22:04:42,-6.618418129,7.655075356,1.147537963
2025-11-30 22:04:52,-3.555327510,8.411405454,2.077763630
2025-11-30 22:05:02,-5.815954869,8.280054203,0.862178853
2025-11-30 22:05:12,-4.052035587,7.994616213,1.046832573
2025-11-30 22:05:22,-6.388016298,10.955125591,-0.098448950
2025-11-30 22:05:32,-4.144088630,7.768690866,-0.313527855
2025-11-30 22:05:42,-3.382524733,8.216434633,0.948917274
2025-11-30 22:05:52,-4.546635785,7.720348578,0.992176499
2025-11-30 22:06:02,-6.156678949,8.701515628,0.504079404
2025-11-30 22:06:12,-5.809261104,6.725670655,3.450854245
2025-11-30 22:06:22,-6.403233973,8.426557158,0.939166693
2025-11-30 22:06:32,-6.629725525,7.679483461,-0.230657189
2025-11-30 22:06:42,-5.860417151,8.154605141,-0.398874573
2025-11-30 22:06:52,-6.672341498,8.244274741,-0.950878347
2025-11-30 22:07:02,-4.928333957,8.183657840,-0.533449703
2025-11-30 22:07:12,-7.837863681,8.125101748,0.756943184
2025-11-30 22:07:22,-6.739150999,8.206498791,0.720942134
2025-11-30 22:07:32,-4.047946737,8.149457055,-1.270377891
2025-11-30 22:07:42,-5.404772565,7.478037024,-0.113064644
2025-11-30 22:07:52,-7.924874172,8.589662309,-1.112084954
2025-11-30 22:08:02,-4.989209893,7.786595026,0.910596348
2025-11-30 22:08:12,-6.584377063,6.318708891,1.011202661
2025-11-30 22:08:22,-7.751150080,6.736450729,0.009635480
2025-11-30 22:08:32,-7.718949510,7.567382117,2.227012990
2025-11-30 22:08:42,-7.260966642,7.254169662,-1.745249830
2025-11-30 22:08:52,-8.122467381,9.265532252,1.838875389
2025-11-30 22:09:02,-6.868386783,6.327177390,0.448774932
2025-11-30 22:09:12,-7.950813541,8.249189272,1.113256036
2025-11-30 22:09:22,-6.813522184,6.051382058,1.997404410
2025-11-30 22:09:32,-5.303919764,7.001777459,-0.153753485
2025-11-30 22:09:42,-6.580095061,5.000496839,0.136108832
2025-11-30 22:09:52,-5.133440542,6.834730218,0.199408232
2025-11-30 22:10:02,-6.251320796,8.398004677,1.631443367
2025-11-30 22:10:12,-5.144889749,5.821164435,-1.121509389
2025-11-30 22:10:22,-4.436134686,5.442690865,2.351291181
2025-11-30 22:10:32,-6.906714664,8.368387391,0.954303208
2025-11-30 22:10:42,-6.060418907,7.742657553,2.684716445
2025-11-30 22:10:52,-8.676603155,8.746439777,0.294039061
2025-11-30 22:11:02,-6.511293932,6.911526639,3.820136188
2025-11-30 22:11:12,-6.660174044,8.381006109,0.779499865
2025-11-30 22:11:22,-6.049794988,5.713317801,2.418933006
2025-11-30 22:11:32,-7.189414291,8.650391911,-0.762460928
2025-11-30 22:11:42,-5.823599065,10.440458120,0.478976239
2025-11-30 22:11:52,-5.270624552,10.024302174,1.039967040
2025-11-30 22:12:02,-6.070954744,7.370804396,2.313751737
2025-11-30 22:12:12,-7.958394355,7.667049726,1.052431790
2025-11-30 22:12:22,-4.293850487,7.409472922,-0.098569589
2025-11-30 22:12:32,-6.431380098,7.786299774,2.462282923
2025-11-30 22:12:42,-5.477580632,6.504611728,1.159693455
2025-11-30 22:12:52,-6.257043211,5.271206094,0.998291348
2025-11-30 22:13:02,-6.241245280,8.833839310,0.594578585
2025-11-30 22:13:12,-4.871628800,9.894388069,-0.659845209
2025-11-30 22:13:22,-5.212400286,8.767344740,0.334230172
2025-11-30 22:13:32,-3.395404628,9.050027380,-1.043122015
2025-11-30 22:13:42,-4.572062877,8.386612479,0.055422833
2025-11-30 22:13:52,-4.593241640,10.566700137,-1.218360350
2025-11-30 22:14:02,-5.283705807,8.565750069,0.539530856
2025-11-30 22:14:12,-3.083377228,8.708225030,0.647160386
2025-11-30 22:14:22,-3.633936837,7.562204536,-1.457703575
2025-11-30 22:14:32,-2.464733917,8.772674735,4.320751688
2025-11-30 22:14:42,-3.996819052,8.754915775,-1.587850959
2025-11-30 22:14:52,-4.603559229,8.872067141,-1.600533565
2025-11-30 22:15:02,-4.873878049,7.988507163,-0.842629540
2025-11-30 22:15:12,-4.346661358,8.410881633,-0.487766589
2025-11-30 22:15:22,-5.668836957,10.768785599,-1.366741009
2025-11-30 22:15:32,-3.638079401,10.481106421,0.127524145
2025-11-30 22:15:42,-5.823679237,8.340456870,-0.109260658
2025-11-30 22:15:52,-5.980029967,6.544256734,-0.649844098
2025-11-30 22:16:02,-4.042861855,8.441496015,1.835139585
2025-11-30 22:16:12,-5.284664825,7.599896219,1.033642075
2025-11-30 22:16:22,-6.925117111,7.131909221,0.501359881
2025-11-30 22:16:32,-4.809536200,8.789398192,0.874486026
2025-11-30 22:16:42,-5.075032928,11.007120647,-1.215936733
2025-11-30 22:16:52,-4.088811280,8.373174367,2.214257824
2025-11-30 22:17:02,-5.842824351,8.476426412,0.572721789
2025-11-30 22:17:12,-5.686932008,10.233422806,-1.102747202
2025-11-30 22:17:22,-4.981331863,10.160556755,0.746446457
2025-11-30 22:17:32,-5.294601005,7.395046318,-0.256277044
2025-11-30 22:17:42,-3.287118023,10.036241869,-1.546115888
2025-11-30 22:17:52,-5.338660247,9.142760330,0.346367166
2025-11-30 22:18:02,-4.264211008,8.934594696,-0.214435424
2025-11-30 22:18:12,-4.027135321,9.467915816,-0.107717281
2025-11-30 22:18:22,-3.815944378,6.370888099,-0.511110532
2025-11-30 22:18:32,-4.892758895,7.757560238,-2.539111024
2025-11-30 22:18:42,-5.152497186,8.280924539,-1.277373450
2025-11-30 22:18:52,-3.416995333,9.142479778,-0.834682926
2025-11-30 22:19:02,-5.725461804,7.502266918,-0.902672417
2025-11-30 22:19:12,-6.336181036,8.254462866,-1.006641540
2025-11-30 22:19:22,-6.384725582,8.077885525,-1.363751874
2025-11-30 22:19:32,-5.446115168,7.403219481,-0.894322140
2025-11-30 22:19:42,-5.645795435,7.029713384,0.734742292
2025-11-30 22:19:52,-2.827473446,9.969831656,0.074751438
2025-11-30 22:20:02,-5.452574535,9.615379175,-3.117665165
2025-11-30 22:20:12,-4.401593963,7.913764922,-2.548035659
2025-11-30 22:20:22,-5.994212499,9.048209130,-2.417864437
2025-11-30 22:20:32,-4.618814472,7.683011392,-2.260614806
2025-11-30 22:20:42,-4.320789126,9.295462835,-2.636975113
2025-11-30 22:20:52,-4.374675434,8.657900325,-1.274792254
2025-11-30 22:21:02,-4.032083595,9.977227007,-1.931330271
2025-11-30 22:21:12,-4.611086182,7.123078194,-2.034573578
2025-11-30 22:21:22,-5.343311908,8.628697361,-1.861640233
2025-11-30 22:21:32,-6.067607334,5.765398504,-1.101965189
2025-11-30 22:21:42,-4.080695663,6.491178413,-2.370345758
2025-11-30 22:21:52,-4.664536693,9.480622110,-2.747756064
2025-11-30 22:22:02,-5.157685062,7.794841858,-2.253135076
2025-11-30 22:22:12,-5.485501868,8.118788291,0.951174751
2025-11-30 22:22:22,-3.879403625,6.768093049,-2.151073122
2025-11-30 22:22:32,-5.682183070,8.364169630,1.503059077
2025-11-30 22:22:42,-4.918459170,7.086486766,-1.829481275
2025-11-30 22:22:52,-4.385888768,8.534048590,-0.812216287
2025-11-30 22:23:02,-3.705018201,8.339425007,-2.521182853
2025-11-30 22:23:12,-5.392395487,7.529680616,-2.064169097
2025-11-30 22:23:22,-5.315838697,7.253346978,-0.475845181
2025-11-30 22:23:32,-6.797876260,7.512886404,-3.218799751
2025-11-30 22:23:42,-5.512961065,7.586572339,-1.181307999
2025-11-30 22:23:52,-5.759122846,8.893076991,-0.777182533
2025-11-30 22:24:02,-4.077999438,7.943402052,-0.518229631
2025-11-30 22:24:12,-5.081828197,8.852937653,-0.951120221
2025-11-30 22:24:22,-5.062061113,7.427721346,0.681204856
2025-11-30 22:24:32,-4.167069896,9.319713668,0.171326762
2025-11-30 22:24:42,-5.359795369,7.331112365,-1.972787686
2025-11-30 22:24:52,-4.885354490,9.494757565,-0.413392893
2025-11-30 22:25:02,-6.735686048,8.567018273,-0.962847137
2025-11-30 22:25:12,-2.617943306,9.234003451,-0.089684763
2025-11-30 22:25:22,-2.724383204,8.521661697,-2.207867904
2025-11-30 22:25:32,-4.175754177,9.864268023,-0.774917106
2025-11-30 22:25:42,-4.455335135,7.796810799,-0.863688627
2025-11-30 22:25:52,-5.408305899,8.508302948,-1.327143048
2025-11-30 22:26:02,-5.144558353,9.204496814,-0.139957866
2025-11-30 22:26:12,-5.979015820,9.934895339,-1.920462214
2025-11-30 22:26:22,-3.141218990,7.610566042,-0.185348205
2025-11-30 22:26:32,-5.806091205,8.544913941,-0.932860880
2025-11-30 22:26:42,-5.440211084,9.009235881,-0.426709845
2025-11-30 22:26:52,-4.170076609,10.758152905,1.820529237
2025-11-30 22:27:02,-5.671874439,8.083044379,-1.014126013
2025-11-30 22:27:12,-4.089757931,9.810011712,-2.488982638
2025-11-30 22:27:22,-5.530644481,7.775700008,-1.650789872
2025-11-30 22:27:32,-5.859039413,6.645090643,2.131286734
2025-11-30 22:27:42,-6.849953823,8.504749040,0.306153591
2025-11-30 22:27:52,-4.260684617,7.035485166,-1.685811463
2025-11-30 22:28:02,-6.295962961,10.060215642,-1.458145567
2025-11-30 22:28:12,-5.043781639,9.587514107,-1.230912826
2025-11-30 22:28:22,-5.640868734,9.934107320,-2.387318885
2025-11-30 22:28:32,-6.741600089,7.532082526,0.217014061
2025-11-30 22:28:42,-6.638498460,5.364233241,0.010855489
2025-11-30 22:28:52,-8.041621631,7.755096132,-2.040951525
2025-11-30 22:29:02,-7.170972046,7.875263619,-0.828656126
2025-11-30 22:29:12,-5.367999603,7.662105886,-2.838532064
2025-11-30 22:29:22,-6.333665281,9.114021396,-3.246289551
2025-11-30 22:29:32,-3.771326147,5.575649758,-1.637018843
2025-11-30 22:29:42,-3.702085378,6.431898257,-0.937771897
2025-11-30 22:29:52,-8.734896241,7.061684044,1.510790941
2025-11-30 22:30:02,-4.130558001,6.564757341,-1.468233595
2025-11-30 22:30:12,-7.200130529,5.851717365,-2.674086862
2025-11-30 22:30:22,-5.536412514,5.840827414,1.411984241
2025-11-30 22:30:32,-7.553158260,6.649056714,0.069990212
2025-11-30 22:30:42,-6.715030979,6.561363647,2.168932841
2025-11-30 22:30:52,-6.743508627,6.074946257,0.186673139
2025-11-30 22:31:02,-7.161477816,8.550955011,0.472109852
2025-11-30 22:31:12,-4.186660044,6.487298222,1.751863980
2025-11-30 22:31:22,-6.487278769,6.847876922,0.863172702
2025-11-30 22:31:32,-4.851305611,7.367971888,0.192998617
2025-11-30 22:31:42,-4.137486460,6.751808335,0.484665222
2025-11-30 22:31:52,-7.144413385,5.915641017,-0.840591269
2025-11-30 22:32:02,-5.408643548,8.021204581,-0.172133311
2025-11-30 22:32:12,-7.454951181,7.021213347,1.313785318
2025-11-30 22:32:22,-4.743532687,-6.275852203,6.096586820
2025-11-30 22:32:32,-2.523098871,-7.150489775,5.865225785
2025-11-30 22:32:42,-5.604277826,-6.103726610,4.899589035
2025-11-30 22:32:52,3.307920771,-5.351020751,7.337677073
2025-11-30 22:33:02,-0.851206510,-9.518905427,2.484733457
2025-11-30 22:33:12,-1.803122835,-8.383979829,-5.009778082
2025-11-30 22:33:22,-6.412546643,3.799101329,-6.617712741
2025-11-30 22:33:32,0.030710004,2.843940261,-9.200849120
2025-11-30 22:33:42,2.980771404,1.266621601,-9.221484897
2025-11-30 22:33:52,5.053623243,3.435751235,-7.666692614
2025-11-30 22:34:02,5.202709102,2.301721955,-7.887316546
2025-11-30 22:34:12,4.586893766,3.387647780,-7.948564828
2025-11-30 22:34:22,5.480493554,-2.162200422,-7.879248513
2025-11-30 22:34:32,4.804495976,-2.908370441,-8.072256213
2025-11-30 22:34:42,3.316972062,-3.839257106,-8.262777697
2025-11-30 22:34:52,5.750186591,-5.036197401,-6.123470338
2025-11-30 22:35:02,7.594034094,-4.666928247,-4.411422171
2025-11-30 22:35:12,7.286386752,-6.405583267,-2.326127551
2025-11-30 22:35:22,8.503677360,-3.968804295,1.663751606
2025-11-30 22:35:32,8.363460856,-4.762104920,1.044961231
2025-11-30 22:35:42,7.483972871,-5.146454507,3.448246447
2025-11-30 22:35:52,8.790368272,-4.691984922,0.203822327
2025-11-30 22:36:02,8.196526854,-5.059631272,-1.837717607
2025-11-30 22:36:12,8.362765321,-5.085767040,0.243572234
2025-11-30 22:36:22,7.515651738,-5.272473556,-3.706627364
2025-11-30 22:36:32,8.100149439,-4.427512300,-3.406046391
2025-11-30 22:36:42,8.300065049,-3.318639466,-3.695390621
2025-11-30 22:36:52,8.063340133,-2.367559285,-4.696340378
2025-11-30 22:37:02,8.491606307,-1.800128019,-4.803205213
2025-11-30 22:37:12,9.328388827,-1.083211955,-3.007328621
2025-11-30 22:37:22,9.148445230,-0.426917712,-3.391231187
2025-11-30 22:37:32,9.313927452,-0.537802560,-3.105576087
2025-11-30 22:37:42,9.169428033,-1.227033682,-3.546691680
2025-11-30 22:37:52,8.825911617,-0.325287901,-4.554266118
2025-11-30 22:38:02,9.328828475,0.451509138,-3.109133925
2025-11-30 22:38:12,9.396768823,-0.059296121,-2.710162433
2025-11-30 22:38:22,9.757104163,0.430823568,-2.208422254
2025-11-30 22:38:32,9.425808606,1.077117647,-3.055748462
2025-11-30 22:38:42,8.902731359,0.355593433,-3.537051313
2025-11-30 22:38:52,9.496735726,-0.190320743,-3.063686229
2025-11-30 22:39:02,9.484896318,0.167098152,-1.437596375
2025-11-30 22:39:12,9.844360315,0.379971116,-1.608710422
2025-11-30 22:39:22,9.774830342,0.414147840,-0.670762322
2025-11-30 22:39:32,9.699637330,-1.333374897,-0.935861271
2025-11-30 22:39:42,9.692600936,-1.695515468,-0.648942002
2025-11-30 22:39:52,9.610610486,-1.409538259,0.639119745
2025-11-30 22:40:02,9.844225607,-0.661531188,0.665122385
2025-11-30 22:40:12,9.879139486,-0.228637838,0.851887571
2025-11-30 22:40:22,9.949757741,-0.874692184,0.181194756
2025-11-30 22:40:32,9.921261465,-0.861495363,-0.080924078
2025-11-30 22:40:42,9.807182857,-0.322423739,0.384396591
2025-11-30 22:40:52,9.706115992,-1.743576071,0.336522989
2025-11-30 22:41:02,9.728014806,-1.356346124,0.594198010
2025-11-30 22:41:12,9.643081281,-2.281175277,1.161980598
2025-11-30 22:41:22,9.568704514,-2.097054233,1.031454754
2025-11-30 22:41:32,9.464846551,-1.947700554,1.275494640
2025-11-30 22:41:42,9.329126708,-2.459437051,1.727460517
2025-11-30 22:41:52,9.856480111,-1.565792841,1.700249033
2025-11-30 22:42:02,9.448153978,-2.457946967,1.680836691
2025-11-30 22:42:12,9.440718287,-1.992285520,2.008201901
2025-11-30 22:42:22,9.262835409,-2.642867756,0.902076968
2025-11-30 22:42:32,9.127530451,-2.358640713,1.090745576
2025-11-30 22:42:42,9.242521813,-2.535914423,0.691823390
2025-11-30 22:42:52,9.163076796,-3.025796777,1.159089683
2025-11-30 22:43:02,9.308962926,-3.032273363,1.179554594
2025-11-30 22:43:12,9.308857255,-2.592628661,1.152455737
2025-11-30 22:43:22,9.205075098,-3.381366308,0.833498742
2025-11-30 22:43:32,9.280217287,-3.541902079,1.085089773
2025-11-30 22:43:42,9.241931820,-3.379886014,1.554556520
2025-11-30 22:43:52,9.072409551,-3.649246672,1.136324092
2025-11-30 22:44:02,8.738473675,-4.159471784,1.669542829
2025-11-30 22:44:12,8.982306641,-3.681957618,1.449739952
2025-11-30 22:44:22,9.153617107,-3.021417140,1.268332072
2025-11-30 22:44:32,9.216432682,-2.346961423,2.160179530
2025-11-30 22:44:42,9.473068374,-2.786578816,1.230161768
2025-11-30 22:44:52,8.506009175,-3.432789308,1.427234423
2025-11-30 22:45:02,8.819517785,-3.887261125,0.755261368
2025-11-30 22:45:12,9.155745409,-3.887311325,0.080930732
2025-11-30 22:45:22,8.814674942,-3.474204914,0.470077653
2025-11-30 22:45:32,9.058515665,-4.194187392,0.938061703
2025-11-30 22:45:42,8.538438695,-4.663398355,1.118189967
2025-11-30 22:45:52,8.735109337,-3.779733407,0.829198485
2025-11-30 22:46:02,8.824063352,-4.153119188,1.305203276
2025-11-30 22:46:12,8.776915792,-4.717589871,1.151705905
2025-11-30 22:46:22,8.341856722,-4.846446668,1.774497313
2025-11-30 22:46:32,7.992816506,-5.512857361,2.330472474
2025-11-30 22:46:42,7.797219815,-5.303007391,2.642566853
2025-11-30 22:46:52,8.407994706,-5.097630937,1.131345289
2025-11-30 22:47:02,8.097404492,-5.478327469,1.822526143
2025-11-30 22:47:12,7.716871021,-5.765740110,1.821633144
2025-11-30 22:47:22,7.853769891,-5.356346710,1.731323927
2025-11-30 22:47:32,7.794050651,-5.411360415,1.780870120
2025-11-30 22:47:42,8.467865106,-4.955885553,1.901274007
2025-11-30 22:47:52,8.155403222,-4.611257135,2.519987221
2025-11-30 22:48:02,8.560530379,-4.269234303,1.133459989
2025-11-30 22:48:12,8.447928642,-5.007668849,1.433753993
2025-11-30 22:48:22,8.779717342,-4.244174150,1.137432741
2025-11-30 22:48:32,8.711569119,-4.710762195,1.554176882
2025-11-30 22:48:42,8.395909937,-5.126515690,1.824720507
2025-11-30 22:48:52,8.427411747,-4.602720017,2.426846682
2025-11-30 22:49:02,8.169468641,-4.584553864,2.141019055
2025-11-30 22:49:12,8.809857727,-4.341731244,1.955886244
2025-11-30 22:49:22,8.290490916,-4.572994717,2.253067233
2025-11-30 22:49:32,8.406497228,-4.783756164,1.970731238
2025-11-30 22:49:42,8.309084143,-4.881836757,0.858388665
2025-11-30 22:49:52,8.358360669,-5.432578988,1.488323562
2025-11-30 22:50:02,8.428387210,-5.098097172,1.867747720
2025-11-30 22:50:12,8.094622852,-5.344747099,2.116459361
2025-11-30 22:50:22,7.981150862,-5.456242383,2.623329171
2025-11-30 22:50:32,7.959323850,-5.631975991,1.672640236
2025-11-30 22:50:42,8.300014912,-4.815364330,1.566268803
2025-11-30 22:50:52,8.690461033,-4.244364563,1.889501130
2025-11-30 22:51:02,8.699585795,-3.858339545,1.331027845
2025-11-30 22:51:12,8.725903970,-3.949570638,1.022356138
2025-11-30 22:51:22,8.695314565,-4.131421194,0.963436460
2025-11-30 22:51:32,8.869302046,-3.804475424,1.136492538
2025-11-30 22:51:42,8.912027267,-3.721894211,0.626261390
2025-11-30 22:51:52,9.434370696,-3.454860099,0.568126577
2025-11-30 22:52:02,9.324557342,-3.090019847,0.292835699
2025-11-30 22:52:12,9.138630984,-3.275356445,0.416141109
2025-11-30 22:52:22,9.453026543,-2.869464619,1.043592002
2025-11-30 22:52:32,9.335007504,-2.763641500,0.604852569
2025-11-30 22:52:42,9.333215886,-3.046101961,0.075002853
2025-11-30 22:52:52,9.456288116,-2.728420912,-0.114472916
2025-11-30 22:53:02,9.633171133,-3.180901307,0.381260611
2025-11-30 22:53:12,9.106105180,-3.179418468,0.001929446
2025-11-30 22:53:22,8.872341708,-3.600705991,0.349405621
2025-11-30 22:53:32,9.062718481,-3.900936641,0.122237806
2025-11-30 22:53:42,9.027102694,-3.881291128,0.776859968
2025-11-30 22:53:52,9.084925171,-3.948576304,0.148282430
2025-11-30 22:54:02,9.097482459,-3.601370340,-0.450734212
2025-11-30 22:54:12,8.990437998,-3.899201414,-0.613976929
2025-11-30 22:54:22,9.052315911,-3.380050082,-0.496594237
2025-11-30 22:54:32,9.245530160,-3.175377328,-0.127955579
2025-11-30 22:54:42,9.715739849,-2.887479921,-0.065739293
2025-11-30 22:54:52,9.408018083,-2.883685565,0.274332255
2025-11-30 22:55:02,9.463237921,-2.557412374,0.909372109
2025-11-30 22:55:12,9.213009285,-2.059818803,1.170495277
2025-11-30 22:55:22,9.138523023,-2.973297914,1.230657795
2025-11-30 22:55:32,9.279836476,-2.864255692,1.285665948
2025-11-30 22:55:42,9.119662640,-3.165647577,0.710128350
2025-11-30 22:55:52,9.289275887,-3.161936694,0.986548780
2025-11-30 22:56:02,9.069516777,-3.384519749,0.848813677
2025-11-30 22:56:12,9.306075845,-3.267329341,0.283698504
2025-11-30 22:56:22,9.116209238,-3.381699969,0.475059117
2025-11-30 22:56:32,9.511368490,-2.292707453,0.825063528
2025-11-30 22:56:42,9.667475222,-1.777111179,0.287070840
2025-11-30 22:56:52,9.680855420,-1.591825953,0.302230399
2025-11-30 22:57:02,9.334693019,-2.473712647,-0.083014775
2025-11-30 22:57:12,9.311571088,-2.637126044,0.788684321
2025-11-30 22:57:22,9.455870596,-2.457931194,0.477785837
2025-11-30 22:57:32,9.612361727,-2.450110512,0.009327584
2025-11-30 22:57:42,8.873840875,-3.371136281,0.348823490
2025-11-30 22:57:52,9.564230567,-3.177858173,-0.083245180
2025-11-30 22:58:02,9.045576176,-3.103500352,-0.513075897
2025-11-30 22:58:12,9.435315294,-3.620771557,-0.250728099
2025-11-30 22:58:22,9.318000364,-3.343893690,0.040624638
2025-11-30 22:58:32,9.103515066,-3.129976359,-0.614034293
2025-11-30 22:58:42,9.662820196,-2.793957879,-0.582677033
2025-11-30 22:58:52,9.138079582,-3.314308127,-0.441537955
2025-11-30 22:59:02,8.893785237,-3.345001345,-1.017649607
2025-11-30 22:59:12,9.509265814,-2.746733492,-0.543264578
2025-11-30 22:59:22,9.116954815,-2.941718798,-0.729538320
2025-11-30 22:59:32,8.924899718,-3.002441358,-0.463788601
2025-11-30 22:59:42,9.547403362,-3.015410470,-0.678347289
2025-11-30 22:59:52,9.326873036,-3.122600228,-0.823632752
2025-11-30 23:00:02,9.409770877,-2.994574347,-0.852810112
2025-11-30 23:00:12,9.222128994,-3.040592635,-1.397734491
2025-11-30 23:00:22,9.008679973,-3.495375798,-1.906694357
2025-11-30 23:00:32,9.017140702,-3.521991774,-1.694286975
2025-11-30 23:00:42,8.885343785,-3.909572294,-1.454498458
2025-11-30 23:00:52,9.033911316,-4.073277731,-1.229548226
2025-11-30 23:01:02,8.892798981,-3.933382187,-1.067734590
2025-11-30 23:01:12,9.362786504,-3.280521945,-1.698628503
2025-11-30 23:01:22,9.157546751,-2.997196652,-1.518807172
2025-11-30 23:01:32,8.922325791,-3.638052898,-1.937031930
2025-11-30 23:01:42,8.983853712,-3.478547723,-1.677082672
2025-11-30 23:01:52,9.153509461,-3.330850683,-1.405810983
2025-11-30 23:02:02,9.075144054,-3.275588083,-0.835874576
2025-11-30 23:02:12,8.948109982,-3.480040078,-1.458639428
2025-11-30 23:02:22,9.140882140,-3.148099866,-1.267958656
2025-11-30 23:02:32,8.619105355,-3.831187559,-1.333356342
2025-11-30 23:02:42,9.172496391,-3.166164253,-1.509180408
2025-11-30 23:02:52,9.250744355,-2.855758870,-1.082254422
2025-11-30 23:03:02,9.354043303,-2.994578247,-1.316627910
2025-11-30 23:03:12,9.019589585,-3.133102707,-1.408753421
2025-11-30 23:03:22,9.149812885,-2.998815308,-1.487894414
2025-11-30 23:03:32,9.135890476,-3.350472927,-2.180853766
2025-11-30 23:03:42,9.012035117,-2.995152835,-2.002886818
2025-11-30 23:03:52,9.122324236,-2.926216389,-1.970702787
2025-11-30 23:04:02,9.058023275,-3.291915125,-1.654442894
2025-11-30 23:04:12,8.900184658,-3.315878811,-1.702564816
2025-11-30 23:04:22,8.948287327,-3.813323580,-2.082712120
2025-11-30 23:04:32,8.961332941,-3.981186905,-1.379885621
2025-11-30 23:04:42,9.055663959,-3.797927440,-0.908595424
2025-11-30 23:04:52,9.084422328,-4.323401733,-0.486084604
2025-11-30 23:05:02,9.161260304,-3.822236983,-0.451296044
2025-11-30 23:05:12,9.159827234,-3.496020531,-0.780175687
2025-11-30 23:05:22,9.239923816,-3.258854124,-1.149916044
2025-11-30 23:05:32,8.878249407,-3.570603439,-1.504525248
2025-11-30 23:05:42,9.238870099,-3.731241649,-0.975436857
2025-11-30 23:05:52,9.367232326,-3.739453429,-0.901005361
2025-11-30 23:06:02,8.652381751,-3.645978742,-1.539015942
2025-11-30 23:06:12,8.814039468,-3.917801185,-1.556289074
2025-11-30 23:06:22,8.611649701,-4.270269512,-1.556808879
2025-11-30 23:06:32,8.536760027,-4.422472266,-1.263767219
2025-11-30 23:06:42,8.452013166,-4.465395788,-1.173833964
2025-11-30 23:06:52,8.623011900,-4.431290212,-1.152390977
2025-11-30 23:07:02,8.633666447,-4.402443250,-1.239777794
2025-11-30 23:07:12,8.380841104,-4.872160739,-1.607070540
2025-11-30 23:07:22,8.255811170,-4.891708026,-1.637692951
2025-11-30 23:07:32,8.548048105,-4.959945626,-1.601495417
2025-11-30 23:07:42,8.119306998,-4.671300018,-1.848002494
2025-11-30 23:07:52,8.196877962,-5.246708853,-2.227120659
2025-11-30 23:08:02,8.497066804,-4.374404106,-2.492385825
2025-11-30 23:08:12,8.273822724,-4.356721265,-2.684697031
2025-11-30 23:08:22,8.232126268,-4.551975377,-2.572158188
2025-11-30 23:08:32,8.385346818,-3.941419720,-2.634349922
2025-11-30 23:08:42,8.688048777,-3.754957079,-2.375861971
2025-11-30 23:08:52,8.678464274,-3.438171469,-2.772501915
2025-11-30 23:09:02,9.070587225,-3.265407040,-2.426820171
2025-11-30 23:09:12,8.853420033,-3.318399211,-2.812375684
2025-11-30 23:09:22,8.804042711,-3.173350109,-3.090033230
2025-11-30 23:09:32,9.056940021,-2.851509754,-2.503359505
2025-11-30 23:09:42,9.056344410,-3.184262564,-2.450668653
2025-11-30 23:09:52,8.949490922,-3.532956140,-2.604286054
2025-11-30 23:10:02,8.944172715,-3.423332268,-3.035042439
2025-11-30 23:10:12,8.935026204,-2.899326266,-3.051942414
2025-11-30 23:10:22,8.864291968,-3.265713651,-3.226713091
2025-11-30 23:10:32,8.817926367,-2.661187801,-3.465739531
2025-11-30 23:10:42,8.718118618,-2.894080190,-3.365342999
2025-11-30 23:10:52,9.076904101,-2.917096107,-3.341862619
2025-11-30 23:11:02,8.485845843,-3.092431032,-3.260458174
2025-11-30 23:11:12,8.952127068,-2.686417230,-3.876029403
2025-11-30 23:11:22,8.751588105,-1.720608182,-3.720205367
2025-11-30 23:11:32,8.506718651,-2.542842585,-3.682009292
2025-11-30 23:11:42,8.870288418,-2.359453670,-3.457249610
2025-11-30 23:11:52,8.562588378,-2.927297433,-3.792679203
2025-11-30 23:12:02,8.638131083,-3.096189828,-3.078447848
2025-11-30 23:12:12,8.733707467,-3.024113182,-3.270109364
2025-11-30 23:12:22,8.750740334,-3.322143022,-3.552305263
2025-11-30 23:12:32,7.984987559,-3.552533968,-3.579890261
2025-11-30 23:12:42,8.495794219,-3.571683894,-3.398458577
2025-11-30 23:12:52,8.745479297,-3.606084650,-3.280756737
2025-11-30 23:13:02,8.369411928,-3.550056729,-3.358617138
2025-11-30 23:13:12,8.193563276,-3.449081391,-3.982646054
2025-11-30 23:13:22,8.304454426,-3.104774960,-4.197619661
2025-11-30 23:13:32,8.323100602,-3.617827235,-3.744390546
2025-11-30 23:13:42,8.690647576,-3.040071170,-3.363227181
2025-11-30 23:14:00,3.458908611,-9.163967331,0.190344864
2025-11-30 23:14:10,5.196611517,-8.293275849,0.837234982
2025-11-30 23:14:20,8.791694686,-4.272661441,0.066412790
2025-11-30 23:14:30,9.645300243,-1.712736515,0.402031650
2025-11-30 23:14:40,9.791614731,-0.609184698,0.138783053
2025-11-30 23:14:50,9.566797473,-1.919693665,1.016139728
2025-11-30 23:15:00,9.800864284,0.543270399,-0.379284322
2025-11-30 23:15:10,9.766474907,0.373944134,0.807534371
2025-11-30 23:15:20,9.706916884,-0.420964688,1.627256409
2025-11-30 23:15:30,9.730448504,-0.167561545,1.145640937
2025-11-30 23:15:40,9.657360989,-0.592752647,1.619988845
2025-11-30 23:15:50,9.479710502,-1.426109565,1.899458263
2025-11-30 23:16:00,9.791368335,-0.616549684,0.663279232
2025-11-30 23:16:10,9.729854444,0.505612035,1.376315205
2025-11-30 23:16:20,9.583400692,-0.850354847,1.912173746
2025-11-30 23:16:30,9.753825585,0.836026817,0.456695071
2025-11-30 23:16:40,9.677832815,1.532339479,0.455189728
2025-11-30 23:16:50,9.719400019,1.099979364,0.823142972
2025-11-30 23:17:00,9.784516411,-0.366483436,0.176172952
2025-11-30 23:17:10,9.716096353,-0.192681897,-1.277900266
2025-11-30 23:17:20,9.681195813,0.015665761,-1.575086579
2025-11-30 23:17:30,9.372428109,0.764724780,-2.783249809
2025-11-30 23:17:40,9.385618042,1.474977552,-2.385764803
2025-11-30 23:17:50,9.533651769,1.996578739,-1.057860094
2025-11-30 23:18:00,9.539379123,2.070433061,-0.614951578
2025-11-30 23:18:10,9.682977326,1.181540425,1.313426475
2025-11-30 23:18:20,9.614022100,1.293107102,1.752385586
2025-11-30 23:18:30,9.359373847,2.043872266,2.113567941
2025-11-30 23:18:40,9.370803035,1.749932835,2.204420851
2025-11-30 23:18:50,9.509250266,1.658522890,1.739514307
2025-11-30 23:19:00,9.689343400,1.493826629,0.888603801
2025-11-30 23:19:10,9.411528252,2.724098480,0.451421761
2025-11-30 23:19:20,9.332548952,2.948414913,-0.576440812
2025-11-30 23:19:30,8.556874021,4.785501805,-0.306261331
2025-11-30 23:19:40,8.830868856,4.182802378,0.808353604
2025-11-30 23:19:50,8.965507915,3.675908916,1.469887734
2025-11-30 23:20:00,8.620165408,4.593062734,-0.514870628
2025-11-30 23:20:10,8.913784098,4.076710279,-0.503315380
2025-11-30 23:20:20,9.083996391,3.476973823,1.078496046
2025-11-30 23:20:30,8.969051795,3.807400797,1.457468689
2025-11-30 23:20:40,8.900256188,3.809388992,1.779227036
2025-11-30 23:20:50,8.406315677,4.440369765,2.410422721
2025-11-30 23:21:00,8.390323531,4.611561555,2.222863102
2025-11-30 23:21:10,8.397178297,4.111318451,2.932742470
2025-11-30 23:21:20,8.291185355,2.599323388,4.510732488
2025-11-30 23:21:30,8.039393230,2.268700088,5.132585339
2025-11-30 23:21:40,8.904343928,1.867461199,3.627261333
2025-11-30 23:21:50,9.218075887,1.469210386,2.988639790
2025-11-30 23:22:00,9.105141094,2.055780554,3.030739794
2025-11-30 23:22:10,9.250693961,1.879685104,2.647847287
2025-11-30 23:22:20,9.421096570,0.979875801,2.577115726
2025-11-30 23:22:30,9.108799966,0.425672893,3.685287102
2025-11-30 23:22:40,8.814722159,-0.861270773,4.158159367
2025-11-30 23:22:50,9.029949725,-1.005534212,3.774074270
2025-11-30 23:23:00,9.202206203,-0.330973170,3.434818208
2025-11-30 23:23:10,9.545400452,0.729237807,2.105220068
2025-11-30 23:23:20,9.314291178,2.074922339,2.310398469
2025-11-30 23:23:30,9.278735876,1.132040017,3.044004350
2025-11-30 23:23:40,9.579765839,0.901458301,1.858032324
2025-11-30 23:23:50,9.640448153,1.604339332,0.795203836
2025-11-30 23:24:00,9.355809418,2.419695389,1.734965685
2025-11-30 23:24:10,9.209601706,3.153195905,1.182725642
2025-11-30 23:24:20,9.373846431,2.381224335,1.675651019
2025-11-30 23:24:30,9.329103359,2.562906755,1.490125984
2025-11-30 23:24:40,9.611604097,1.899990799,0.518321839
2025-11-30 23:24:50,9.704714836,1.320660980,0.902819780
2025-11-30 23:25:00,9.774113757,0.372487455,-0.648833862
2025-11-30 23:25:10,9.756668599,0.473235036,-0.668352185
2025-11-30 23:25:20,9.716755820,0.883296038,-0.845569026
2025-11-30 23:25:30,9.749798743,0.520771954,-1.284951187
2025-11-30 23:25:40,9.773647501,0.618255137,-1.012590469
2025-11-30 23:25:50,9.774391509,0.070718376,-0.655387400
2025-11-30 23:26:00,9.604818391,-0.135404133,-2.126882395
2025-11-30 23:26:10,9.518837913,0.005490500,-2.367496635
2025-11-30 23:26:20,9.466645147,0.196421453,-2.533524070
2025-11-30 23:26:30,9.463668357,0.330632445,-2.646545363
2025-11-30 23:26:40,9.589559748,0.193689414,-2.228356528
2025-11-30 23:26:50,9.541958629,-0.347882928,-2.382403783
2025-11-30 23:27:00,9.514966500,-0.328950200,-2.371777886
2025-11-30 23:27:10,9.507558624,-1.476417891,-1.921716834
2025-11-30 23:27:20,9.214190518,-1.867185242,-2.928654669
2025-11-30 23:27:30,8.960187253,-3.168831463,-2.410039070
2025-11-30 23:27:40,8.916732559,-3.786043300,-1.834812839
2025-11-30 23:27:50,8.879362752,-3.640330644,-2.116841617
2025-11-30 23:28:00,8.797797315,-3.981683470,-2.135207169
2025-11-30 23:28:10,8.679029723,-4.088270154,-2.187054034
2025-11-30 23:28:20,8.805595961,-3.857052977,-2.077760531
2025-11-30 23:28:30,8.580128574,-4.431542616,-1.729542219
2025-11-30 23:28:40,8.733268194,-4.195317912,-1.722237228
2025-11-30 23:28:50,8.237699836,-5.013372043,-1.698845443
2025-11-30 23:29:00,8.016258266,-5.031964136,-2.607659524
2025-11-30 23:29:10,7.831357104,-5.379509310,-2.505147777
2025-11-30 23:29:20,7.939232852,-5.038641094,-2.823653795
2025-11-30 23:29:30,8.153302972,-4.741600739,-2.906256563
2025-11-30 23:29:40,8.560837376,-3.880065437,-2.870694505
2025-11-30 23:29:50,8.366792137,-4.369191892,-2.750863729
2025-11-30 23:30:00,8.281122493,-4.446963569,-2.773631308
2025-11-30 23:30:10,8.514118613,-3.884720410,-2.937399112
2025-11-30 23:30:20,8.619332926,-3.792551653,-2.671481066
2025-11-30 23:30:30,8.766008413,-2.825808092,-3.401402507
2025-11-30 23:30:40,8.570909985,-2.523244350,-3.991790157
2025-11-30 23:30:50,8.279155138,-2.896995952,-4.328298085
2025-11-30 23:31:00,8.566662745,-2.783972357,-3.984684574
2025-11-30 23:31:10,8.433106729,-2.588822837,-4.291325270
2025-11-30 23:31:20,8.537802192,-3.257438407,-3.631106141
2025-11-30 23:31:30,8.640748177,-3.185281515,-3.366913128
2025-11-30 23:31:40,8.684679560,-3.721027030,-2.450449228
2025-11-30 23:31:50,8.668767445,-4.118574694,-2.134748752
2025-11-30 23:32:00,8.888530100,-3.881385286,-1.448370400
2025-11-30 23:32:10,8.638673304,-4.414995774,-1.428125507
2025-11-30 23:32:20,8.396075130,-4.813710752,-1.464813433
2025-11-30 23:32:30,8.192301084,-5.290336863,-0.653932788
2025-11-30 23:32:40,8.361740998,-5.017988357,-0.771165425
2025-11-30 23:32:50,8.520849283,-4.879465859,-0.205449503
2025-11-30 23:33:00,8.420962471,-4.995277617,-0.520413646
2025-11-30 23:33:10,8.499724379,-4.874441117,-0.449460867
2025-11-30 23:33:20,8.362126404,-5.167778605,-0.075202933
2025-11-30 23:33:30,8.418138759,-5.022032645,-0.056084895
2025-11-30 23:33:40,8.293974265,-5.222947174,-0.336721389
2025-11-30 23:33:50,8.400475121,-5.035807769,-0.592191665
2025-11-30 23:34:00,8.063312419,-5.603999848,-0.317034452
2025-11-30 23:34:10,8.292560437,-5.189405847,-0.333275861
2025-11-30 23:34:20,8.299714928,-5.204331653,-0.711596234
2025-11-30 23:34:30,8.103445057,-5.504635246,-0.628712394
2025-11-30 23:34:40,8.292941214,-5.160238613,-0.514354072
2025-11-30 23:34:50,8.394131597,-4.899685518,-1.298726454
2025-11-30 23:35:00,8.175475944,-5.075084790,-1.857417260
2025-11-30 23:35:10,8.181389748,-5.043478545,-1.812878367
2025-11-30 23:35:20,8.194573820,-4.944796165,-2.364948325
2025-11-30 23:35:30,7.936617587,-5.194344462,-2.440973229
2025-11-30 23:35:40,7.811612565,-5.324756765,-2.513243100
2025-11-30 23:35:50,7.884819750,-5.470503992,-2.126089098
2025-11-30 23:36:00,8.223056723,-5.049990284,-1.865960789
2025-11-30 23:36:10,8.009019054,-5.425594348,-1.775256645
2025-11-30 23:36:20,7.869313335,-5.584990295,-1.596042457
2025-11-30 23:36:30,7.765591772,-5.799926785,-1.705001603
2025-11-30 23:36:40,7.740456183,-5.832763351,-1.525850765
2025-11-30 23:36:50,7.722082594,-5.890697961,-1.259172461
2025-11-30 23:37:00,7.781334330,-5.788941228,-1.194460233
2025-11-30 23:37:10,7.867842174,-5.764196967,-1.012604988
2025-11-30 23:37:20,7.836886607,-5.815731481,-1.134871907
2025-11-30 23:37:30,7.876927870,-5.734512723,-1.114138324
2025-11-30 23:37:40,7.573369358,-6.103984981,-1.317292026
2025-11-30 23:37:50,7.557724296,-6.090320549,-1.476224691
2025-11-30 23:38:00,7.545851469,-6.057752276,-1.629281514
2025-11-30 23:38:10,7.857194748,-5.757645951,-1.258863861
2025-11-30 23:38:20,7.659893482,-5.865272141,-1.792223194
2025-11-30 23:38:30,7.813036311,-5.794452949,-1.420588980
2025-11-30 23:38:40,7.679296140,-5.798451545,-2.014782097
2025-11-30 23:38:50,7.774136714,-5.570629824,-2.138318588
2025-11-30 23:39:00,7.488193149,-5.925223830,-2.347489528
2025-11-30 23:39:10,7.466152590,-5.748324706,-2.648261774
2025-11-30 23:39:20,7.388978985,-5.884036600,-2.701551073
2025-11-30 23:39:30,7.257158765,-5.844158272,-3.047037553
2025-11-30 23:39:40,7.038552842,-5.828915133,-3.409367900
2025-11-30 23:39:50,7.181448383,-5.572287105,-3.774305315
2025-11-30 23:40:00,7.017820978,-5.767455252,-3.678649642
2025-11-30 23:40:10,7.170731851,-5.641214923,-3.573097202
2025-11-30 23:40:20,7.134955402,-5.685898476,-3.530424699
2025-11-30 23:40:30,6.976788342,-5.649350676,-4.007596690
2025-11-30 23:40:40,6.821793801,-5.615198748,-4.286863335
2025-11-30 23:40:50,6.600537268,-5.762481410,-4.413329206
2025-11-30 23:41:00,6.549990683,-5.844592884,-4.441768151
2025-11-30 23:41:10,6.279542809,-6.114320942,-4.409882210
2025-11-30 23:41:20,6.126034589,-6.462268288,-4.099346813
2025-11-30 23:41:30,6.038008894,-6.403380963,-4.297777976
2025-11-30 23:41:40,5.665762057,-6.681627481,-4.379210263
2025-11-30 23:41:50,5.487945767,-6.310294327,-5.095479825
2025-11-30 23:42:00,5.729016440,-6.177921141,-5.033032267
2025-11-30 23:42:10,5.450924008,-6.183974620,-5.309569204
2025-11-30 23:42:20,5.056607279,-6.152654285,-5.738245939
2025-11-30 23:42:30,4.946668129,-6.164596876,-5.802963951
2025-11-30 23:42:40,5.131791494,-6.141462888,-5.651403419
2025-11-30 23:42:50,5.129976652,-6.212240188,-5.652680493
2025-11-30 23:43:00,5.502849760,-6.160897893,-5.279768829
2025-11-30 23:43:10,5.530617526,-5.991973158,-5.406595237
2025-11-30 23:43:20,5.740357164,-5.905360470,-5.341512477
2025-11-30 23:43:30,5.502178392,-6.131507467,-5.413642138
2025-11-30 23:43:40,5.585998586,-6.049997473,-5.382873118
2025-11-30 23:43:50,5.374612461,-6.114203975,-5.475618602
2025-11-30 23:44:00,5.585092388,-6.035840539,-5.380757942
2025-11-30 23:44:10,4.950796415,-6.448538998,-5.463358274
2025-11-30 23:44:20,5.104047218,-6.386731512,-5.416067838
2025-11-30 23:44:30,5.037902621,-6.163090387,-5.717382490
2025-11-30 23:44:40,5.037907951,-6.183336593,-5.693809039
2025-11-30 23:44:50,5.181037414,-5.950549393,-5.854288735
2025-11-30 23:45:00,4.872388972,-6.061246590,-5.950426765
2025-11-30 23:45:10,5.096068802,-6.090123192,-5.821820982
2025-11-30 23:45:20,4.883438061,-6.176407190,-5.837307417
2025-11-30 23:45:30,4.695568536,-6.249993140,-5.948807925
2025-11-30 23:45:40,4.719333737,-6.480030634,-5.699075425
2025-11-30 23:45:50,4.303497746,-6.541992145,-5.844482892
2025-11-30 23:46:00,4.231187278,-6.709497504,-5.760411009
2025-11-30 23:46:10,4.026310090,-6.494030688,-6.173593000
2025-11-30 23:46:20,4.175002940,-6.367315973,-6.219985910
2025-11-30 23:46:30,4.288529579,-6.328173189,-6.133646031
2025-11-30 23:46:40,4.297523691,-6.594428997,-5.849300024
2025-11-30 23:46:50,4.342812531,-6.767074232,-5.669925661
2025-11-30 23:47:00,4.348111279,-6.688736243,-5.724428732
2025-11-30 23:47:10,4.156992589,-7.060638327,-5.408091138
2025-11-30 23:47:20,4.096737833,-7.063011060,-5.430702134
2025-11-30 23:47:30,3.634586852,-7.089701414,-5.682672259
2025-11-30 23:47:40,3.471601297,-7.109781377,-5.841450314
2025-11-30 23:47:50,3.244976288,-7.335687366,-5.644774721
2025-11-30 23:48:00,3.683141911,-7.086184453,-5.661802345
2025-11-30 23:48:10,3.616154279,-7.297996249,-5.488496842
2025-11-30 23:48:20,3.517287801,-7.399479789,-5.387329514
2025-11-30 23:48:30,3.952099930,-7.329985322,-5.218659502
2025-11-30 23:48:40,3.929222629,-7.175663225,-5.363767827
2025-11-30 23:48:50,3.774922075,-7.300465599,-5.351017593
2025-11-30 23:49:00,3.984157769,-7.324314945,-5.089140250
2025-11-30 23:49:10,3.846238133,-7.438135015,-5.045158378
2025-11-30 23:49:20,3.836759138,-7.418036780,-5.143569976
2025-11-30 23:49:30,3.943373485,-7.233865154,-5.357215678
2025-11-30 23:49:40,3.770041074,-7.254813560,-5.471114216
2025-11-30 23:49:50,3.740055906,-7.286390147,-5.378107106
2025-11-30 23:50:00,3.794582936,-7.420825205,-5.195777980
2025-11-30 23:50:10,3.906999204,-7.532410193,-4.851157763
2025-11-30 23:50:20,3.926120597,-7.566460322,-4.821440793
2025-11-30 23:50:30,4.245065458,-7.354836389,-4.911117757
2025-11-30 23:50:40,4.095613993,-7.266183465,-5.213111482
2025-11-30 23:50:50,3.823056349,-7.439815525,-5.159307191
2025-11-30 23:51:00,3.993516434,-7.441484979,-4.967510543
2025-11-30 23:51:10,3.842607908,-7.524022031,-4.913860319
2025-11-30 23:51:20,3.994789736,-7.485933418,-4.922064125
2025-11-30 23:51:30,4.311343811,-7.207024955,-5.051283975
2025-11-30 23:51:40,4.593254457,-6.912962684,-5.235502097
2025-11-30 23:51:50,4.609338351,-6.898522644,-5.232069544
2025-11-30 23:52:00,4.708784539,-6.926351545,-5.182420385
2025-11-30 23:52:10,4.543860565,-6.858327622,-5.339033435
2025-11-30 23:52:20,4.289998963,-7.091322932,-5.292071489
2025-11-30 23:52:30,4.246192940,-6.755672215,-5.718288735
2025-11-30 23:52:40,3.970872431,-6.841035781,-5.847036437
2025-11-30 23:52:50,4.284841380,-6.709638662,-5.691346314
2025-11-30 23:53:00,4.154597992,-6.925447854,-5.517237512
2025-11-30 23:53:10,4.661747780,-6.911786549,-5.209500591
2025-11-30 23:53:20,4.242984489,-7.250250471,-5.027889731
2025-11-30 23:53:30,4.104274389,-7.318020625,-5.101204096
2025-11-30 23:53:40,4.488192793,-7.129918030,-5.079561703
2025-11-30 23:53:50,4.418876049,-7.151023073,-5.076642919
2025-11-30 23:54:00,3.926788995,-7.462119264,-5.022245850
2025-11-30 23:54:10,3.918207930,-7.278357931,-5.269493149
2025-11-30 23:54:20,3.999470020,-7.542458296,-4.812275627
2025-11-30 23:54:30,4.069628219,-7.432732352,-4.964178477
2025-11-30 23:54:40,4.273882532,-7.554781069,-4.536351429
2025-11-30 23:54:50,4.247190451,-7.531614374,-4.645842909
2025-11-30 23:55:00,4.367596201,-7.455970673,-4.597001227
2025-11-30 23:55:10,4.140307478,-7.705746547,-4.459060968
2025-11-30 23:55:20,3.655981526,-7.785964066,-4.664069414
2025-11-30 23:55:30,3.376333429,-7.917468363,-4.690882401
2025-11-30 23:55:40,3.375265435,-7.753914320,-4.980389953
2025-11-30 23:55:50,3.311620748,-7.761837396,-4.997078914
2025-11-30 23:56:00,3.239982424,-7.802115367,-4.962205933
2025-11-30 23:56:10,3.315792039,-7.773906583,-4.964967948
2025-11-30 23:56:20,3.446766399,-7.718855461,-5.000190408
2025-11-30 23:56:30,3.675346629,-7.679526747,-4.858238346
2025-11-30 23:56:40,3.791064687,-7.591820967,-4.940356051
2025-11-30 23:56:50,3.913285784,-7.448639991,-5.065753824
2025-11-30 23:57:00,4.291240199,-7.374721230,-4.799221041
2025-11-30 23:57:10,4.461417350,-7.272922567,-4.890613094
2025-11-30 23:57:20,4.554609432,-7.275102736,-4.778743478
2025-11-30 23:57:30,4.602293672,-7.174384370,-4.944831695
2025-11-30 23:57:40,4.524859806,-7.179598936,-4.927642417
2025-11-30 23:57:50,4.649940505,-6.992367938,-5.029583720
2025-11-30 23:58:00,4.563864290,-7.214048577,-4.870482502
2025-11-30 23:58:10,4.787683621,-7.115899343,-4.819779683
2025-11-30 23:58:20,4.913793848,-6.987836757,-4.847333634
2025-11-30 23:58:30,4.812399871,-6.947638286,-4.880749272
2025-11-30 23:58:40,5.169740267,-6.751158697,-4.891964769
2025-11-30 23:58:50,5.029719920,-6.627291672,-5.213141663
2025-11-30 23:59:00,5.193187214,-6.394128314,-5.300940991
2025-11-30 23:59:10,5.248692571,-6.253102111,-5.410201381
2025-11-30 23:59:20,5.165269239,-6.245921724,-5.548170137
2025-11-30 23:59:30,5.050631086,-6.161109736,-5.714159901
2025-11-30 23:59:40,5.336624047,-6.119416141,-5.580975594
2025-11-30 23:59:50,5.236727189,-6.065878755,-5.667718316
2025-12-01 00:00:00,5.252397365,-6.360916817,-5.329438724
2025-12-01 00:00:10,5.237693373,-6.180843790,-5.476500981
2025-12-01 00:00:20,5.244614044,-6.054508512,-5.610433504
2025-12-01 00:00:30,5.354828568,-5.927691662,-5.695184483
2025-12-01 00:00:40,5.410437764,-5.687886354,-5.839262202
2025-12-01 00:00:50,5.209982669,-6.085261332,-5.664077455
2025-12-01 00:01:00,5.445760733,-5.891297602,-5.707929980
2025-12-01 00:01:10,5.571783423,-5.702880585,-5.759847019
2025-12-01 00:01:20,5.429596993,-5.893992290,-5.707420021
2025-12-01 00:01:30,5.445379292,-5.573173554,-5.978721020
2025-12-01 00:01:40,5.212766114,-5.822089169,-5.905803562
2025-12-01 00:01:50,5.164695353,-5.746853772,-5.992902314
2025-12-01 00:02:00,5.422845124,-5.905387988,-5.700545892
2025-12-01 00:02:10,5.481552120,-5.926075984,-5.575273457
2025-12-01 00:02:20,5.382038883,-6.031937879,-5.558499072
2025-12-01 00:02:30,5.474120253,-5.997145074,-5.507281291
2025-12-01 00:02:40,5.776473100,-5.864235849,-5.333599152
2025-12-01 00:02:50,5.929217735,-5.838854746,-5.177712874
2025-12-01 00:03:00,5.524659531,-6.223372904,-5.194503332
2025-12-01 00:03:10,5.663629442,-6.265424458,-4.923726004
2025-12-01 00:03:20,5.303648237,-6.418546016,-5.142775235
2025-12-01 00:03:30,5.119357964,-6.580635488,-5.131951930
2025-12-01 00:03:40,4.988625925,-6.439606309,-5.421677328
2025-12-01 00:03:50,5.246775293,-6.309509004,-5.336888189
2025-12-01 00:04:00,5.332954182,-6.272838108,-5.351037184
2025-12-01 00:04:10,5.346770161,-6.047711586,-5.547611392
2025-12-01 00:04:20,5.483585177,-5.940965205,-5.603314717
2025-12-01 00:04:30,5.287599118,-5.689998773,-5.961728618
2025-12-01 00:04:40,5.330931024,-5.512956971,-6.116147341
2025-12-01 00:04:50,5.116838612,-5.408531801,-6.369166684
2025-12-01 00:05:00,5.061477643,-5.434194467,-6.406428615
2025-12-01 00:05:10,5.132852215,-5.568214525,-6.286449007
2025-12-01 00:05:20,5.003776455,-5.501358287,-6.379774950
2025-12-01 00:05:30,4.885616836,-5.753716067,-6.269844712
2025-12-01 00:05:40,4.890011572,-5.762692232,-6.239085653
2025-12-01 00:05:50,4.869656364,-5.748050580,-6.288828796
2025-12-01 00:06:00,4.763405094,-5.674063930,-6.449789159
2025-12-01 00:06:10,4.773133249,-5.651935293,-6.473350925
2025-12-01 00:06:20,4.737292574,-5.615173543,-6.468835972
2025-12-01 00:06:30,4.952755730,-5.500620159,-6.443319723
2025-12-01 00:06:40,4.714249877,-5.719797613,-6.382741207
2025-12-01 00:06:50,4.975626715,-5.903429184,-6.004941555
2025-12-01 00:07:00,5.097083308,-5.977932857,-5.826824065
2025-12-01 00:07:10,5.171265737,-6.041213041,-5.666659750
2025-12-01 00:07:20,5.137864935,-5.990741164,-5.855316400
2025-12-01 00:07:30,5.189794895,-5.965672502,-5.749669105
2025-12-01 00:07:40,5.289093085,-6.046894082,-5.616719912
2025-12-01 00:07:50,5.329064474,-6.137288554,-5.487466512
2025-12-01 00:08:00,5.253206434,-5.925174963,-5.833528528
2025-12-01 00:08:10,5.157872903,-6.048088451,-5.760031716
2025-12-01 00:08:20,5.149585853,-6.013330602,-5.828273528
2025-12-01 00:08:30,4.946110621,-6.306747972,-5.694441344
2025-12-01 00:08:40,4.888334824,-6.280541595,-5.704390443
2025-12-01 00:08:50,4.833098731,-6.584269436,-5.418164634
2025-12-01 00:09:00,4.878374981,-6.634853224,-5.360902001
2025-12-01 00:09:10,4.711117105,-6.710017930,-5.413960605
2025-12-01 00:09:20,4.594053518,-6.807352114,-5.343565930
2025-12-01 00:09:30,4.335996103,-6.784509696,-5.609451074
2025-12-01 00:09:40,4.394668773,-6.514932673,-5.938234977
2025-12-01 00:09:50,4.251808357,-6.410337495,-6.017325565
2025-12-01 00:10:00,4.259195043,-6.341913035,-6.110817888
2025-12-01 00:10:10,4.282327099,-6.307323178,-6.212315679
2025-12-01 00:10:20,4.504581456,-6.276999373,-6.052717545
2025-12-01 00:10:30,4.461116498,-6.470013920,-5.887488338
2025-12-01 00:10:40,4.503799309,-6.689562352,-5.605625666
2025-12-01 00:10:50,4.438941939,-6.737411104,-5.574569648
2025-12-01 00:11:00,4.407976702,-6.723080803,-5.616246987
2025-12-01 00:11:10,4.871108854,-6.395926584,-5.629187737
2025-12-01 00:11:20,4.633416605,-6.472072807,-5.777002024
2025-12-01 00:11:30,4.702592266,-6.114921008,-6.044495705
2025-12-01 00:11:40,4.524514243,-6.164537120,-6.139942697
2025-12-01 00:11:50,4.854074447,-5.999449448,-6.082063956
2025-12-01 00:12:00,5.060832006,-5.883726065,-5.974816115
2025-12-01 00:12:10,5.039315711,-5.889289287,-5.985447729
2025-12-01 00:12:20,5.052944676,-6.033441894,-5.919517068
2025-12-01 00:12:30,5.047033399,-5.870998008,-6.021072302
2025-12-01 00:12:40,5.260903099,-5.648238861,-6.026409028
2025-12-01 00:12:50,5.045477661,-5.604647402,-6.224532686
2025-12-01 00:13:00,5.289571503,-5.465964249,-6.264660749
2025-12-01 00:13:10,5.128101095,-5.460702124,-6.342701011
2025-12-01 00:13:20,5.396231775,-5.618291544,-5.947456190
2025-12-01 00:13:30,5.097245301,-5.672589895,-6.221904182
2025-12-01 00:13:40,5.031727193,-5.628052045,-6.301320695
2025-12-01 00:13:50,5.516678713,-5.344592232,-6.097680734
2025-12-01 00:14:00,5.394569079,-5.749119066,-5.815954999
2025-12-01 00:14:10,5.414448498,-5.648390940,-5.945099032
2025-12-01 00:14:20,5.061450669,-5.710592153,-6.135768667
2025-12-01 00:14:30,4.993824186,-5.688468753,-6.263403638
2025-12-01 00:14:40,5.073086848,-5.730985001,-6.168822289
2025-12-01 00:14:50,5.185941276,-5.636912056,-6.097124915
2025-12-01 00:15:00,5.608978617,-5.462116533,-5.956118674
2025-12-01 00:15:10,5.139529005,-5.726227413,-6.012521982
2025-12-01 00:15:20,4.725064163,-5.858171865,-6.331144689
2025-12-01 00:15:30,4.924159124,-5.953668859,-6.034221863
2025-12-01 00:15:40,4.812037824,-5.952475470,-6.087914919
2025-12-01 00:15:50,4.836857813,-6.046400899,-5.976701482
2025-12-01 00:16:00,4.488910827,-6.216444875,-6.132805302
2025-12-01 00:16:10,4.350894269,-6.357736796,-6.071705770
2025-12-01 00:16:20,4.451902287,-6.313106434,-6.030440767
2025-12-01 00:16:30,4.574363171,-6.353351100,-5.878010976
2025-12-01 00:16:40,4.426112263,-6.455921135,-5.901722972
2025-12-01 00:16:50,4.621877027,-6.497077964,-5.699116561
2025-12-01 00:17:00,4.185603377,-6.798321284,-5.697133278
2025-12-01 00:17:10,3.976623868,-7.036036192,-5.582001812
2025-12-01 00:17:20,4.108871571,-7.095839261,-5.360801429
2025-12-01 00:17:30,3.964055118,-6.943448381,-5.664955397
2025-12-01 00:17:40,3.668101542,-6.869818716,-5.921878819
2025-12-01 00:17:50,3.636920316,-6.757717905,-6.107469404
2025-12-01 00:18:00,3.875793732,-6.559241681,-6.242923368
2025-12-01 00:18:10,4.043779060,-6.557441037,-6.049572505
2025-12-01 00:18:20,4.182988474,-6.545362570,-5.970875248
2025-12-01 00:18:30,4.516167434,-6.265491033,-6.059808912
2025-12-01 00:18:40,4.799895951,-6.331077526,-5.785452886
2025-12-01 00:18:50,4.818147088,-6.157954944,-5.892633616
2025-12-01 00:19:00,4.989173092,-6.064099747,-5.842687537
2025-12-01 00:19:10,4.952565682,-6.149866424,-5.826300986
2025-12-01 00:19:20,4.965971165,-5.873981544,-6.115498537
2025-12-01 00:19:30,4.659118547,-5.690087185,-6.466796331
2025-12-01 00:19:40,4.486796773,-5.782470411,-6.486084635
2025-12-01 00:19:50,4.483309966,-5.581013186,-6.708801390
2025-12-01 00:20:00,4.458138437,-5.512202249,-6.771158364
2025-12-01 00:20:10,4.175103108,-5.935453741,-6.621414173
2025-12-01 00:20:20,4.322288711,-5.871234476,-6.548154239
2025-12-01 00:20:30,4.828092691,-5.607900122,-6.394323741
2025-12-01 00:20:40,4.770674107,-5.691336377,-6.461543670
2025-12-01 00:20:50,4.890408603,-5.635505193,-6.354559967
2025-12-01 00:21:00,4.619682495,-5.720161515,-6.529566087
2025-12-01 00:21:10,4.753503312,-5.660542032,-6.465317689
2025-12-01 00:21:20,4.792719211,-5.791299680,-6.388930330
2025-12-01 00:21:30,5.143379304,-5.694904570,-6.103816888
2025-12-01 00:21:40,4.702039251,-5.882660963,-6.270311650
2025-12-01 00:21:50,4.491125613,-5.900396793,-6.475612981
2025-12-01 00:22:00,4.667713173,-5.680339450,-6.533097337
2025-12-01 00:22:10,4.889480899,-5.291076955,-6.691318201
2025-12-01 00:22:20,5.018354066,-4.991622223,-6.782696401
2025-12-01 00:22:30,5.015690418,-5.206634567,-6.623376046
2025-12-01 00:22:40,4.760334159,-5.666058473,-6.497845160
2025-12-01 00:22:50,4.340341098,-5.873733211,-6.502282305
2025-12-01 00:23:00,4.274180198,-5.613989291,-6.791595605
2025-12-01 00:23:10,4.336010493,-5.712528428,-6.664943207
2025-12-01 00:23:20,4.376637618,-5.678795373,-6.706363225
2025-12-01 00:23:30,4.393098996,-5.367303571,-6.960251663
2025-12-01 00:23:40,4.213309192,-5.382464109,-7.070530816
2025-12-01 00:23:50,4.237131382,-5.423950951,-6.973115910
2025-12-01 00:24:00,4.442699881,-5.454748959,-6.843559823
2025-12-01 00:24:10,4.488366519,-5.636177331,-6.641949502
2025-12-01 00:24:20,4.781170611,-5.381756052,-6.681505207
2025-12-01 00:24:30,4.766276351,-5.538524738,-6.529273775
2025-12-01 00:24:40,4.377334818,-5.519633590,-6.805705645
2025-12-01 00:24:50,4.393597632,-5.370164220,-6.951820669
2025-12-01 00:25:00,4.526951485,-5.533389301,-6.690715363
2025-12-01 00:25:10,4.376744079,-5.584184434,-6.757188121
2025-12-01 00:25:20,4.124619885,-5.814957981,-6.681786415
2025-12-01 00:25:30,4.033005458,-5.573190003,-7.006523551
2025-12-01 00:25:40,4.157362658,-5.382175747,-7.058637414
2025-12-01 00:25:50,4.437036246,-5.272000998,-6.969066039
2025-12-01 00:26:00,4.679623621,-5.402034145,-6.731132630
2025-12-01 00:26:10,4.673499472,-5.395089562,-6.717233931
2025-12-01 00:26:20,4.629618152,-5.032949963,-7.022301619
2025-12-01 00:26:30,4.977944807,-5.152625229,-6.698669397
2025-12-01 00:26:40,5.025849988,-5.270447802,-6.545096843
2025-12-01 00:26:50,5.137321643,-5.209883936,-6.580120493
2025-12-01 00:27:00,5.177182344,-5.084959828,-6.554408291
2025-12-01 00:27:10,5.059209852,-5.107534956,-6.663818499
2025-12-01 00:27:20,4.825503248,-5.228970232,-6.747831957
2025-12-01 00:27:30,4.924800445,-4.723110931,-7.063135218
2025-12-01 00:27:40,4.793207153,-4.725688175,-7.131881775
2025-12-01 00:27:50,4.621027388,-4.867226087,-7.131270679
2025-12-01 00:28:00,4.929425919,-4.824548903,-6.986467657
2025-12-01 00:28:10,5.065581061,-4.920626535,-6.831430019
2025-12-01 00:28:20,4.973716833,-5.011159620,-6.818181051
2025-12-01 00:28:30,4.976624683,-5.177063844,-6.684844808
2025-12-01 00:28:40,4.419300175,-5.469571162,-6.826157386
2025-12-01 00:28:50,4.511636743,-5.919657700,-6.424372988
2025-12-01 00:29:00,4.634328455,-6.063675693,-6.206949090
2025-12-01 00:29:10,4.566633996,-6.241071172,-6.022074298
2025-12-01 00:29:20,4.502207163,-6.235901437,-6.071398505
2025-12-01 00:29:30,4.722060887,-6.335308208,-5.779724675
2025-12-01 00:29:40,4.315869280,-6.447729238,-6.040330440
2025-12-01 00:29:50,4.433087965,-6.481870121,-5.854873251
2025-12-01 00:30:00,4.211597900,-6.629811292,-5.855907309
2025-12-01 00:30:10,4.064321364,-6.634719336,-6.036003785
2025-12-01 00:30:20,3.998587793,-6.408034057,-6.284290179
2025-12-01 00:30:30,4.106524248,-6.383983047,-6.224275212
2025-12-01 00:30:40,3.856125055,-6.221273679,-6.520584911
2025-12-01 00:30:50,4.387917579,-5.934254474,-6.486477271
2025-12-01 00:31:00,4.383607674,-5.915774189,-6.560122310
2025-12-01 00:31:10,4.621031452,-5.839656770,-6.319336045
2025-12-01 00:31:20,4.430027988,-5.963492180,-6.284499078
2025-12-01 00:31:30,4.356807025,-5.900268258,-6.492146239
2025-12-01 00:31:40,4.671720895,-5.948644824,-6.268714989
2025-12-01 00:31:50,4.643667548,-5.962656400,-6.301190360
2025-12-01 00:32:00,4.372162434,-6.112346174,-6.286702689
2025-12-01 00:32:10,4.135310496,-6.359239042,-6.199498493
2025-12-01 00:32:20,4.420734635,-6.572767016,-5.842379956
2025-12-01 00:32:30,3.940319852,-6.965267560,-5.728741239
2025-12-01 00:32:40,3.837345908,-6.840809994,-5.931092550
2025-12-01 00:32:50,4.006458910,-6.909461417,-5.720357950
2025-12-01 00:33:00,3.954013749,-6.743904936,-5.948966859
2025-12-01 00:33:10,4.705459163,-6.212520979,-5.966696726
2025-12-01 00:33:20,4.890538190,-5.961569723,-6.074092323
2025-12-01 00:33:30,4.850134621,-5.879753282,-6.148880562
2025-12-01 00:33:40,4.473165729,-5.995821817,-6.331629328
2025-12-01 00:33:50,4.714320285,-5.939868107,-6.200639970
2025-12-01 00:34:00,4.753511856,-6.081879595,-6.029249624
2025-12-01 00:34:10,4.630374125,-5.975906839,-6.270565793
2025-12-01 00:34:20,4.361336431,-6.091808144,-6.357095670
2025-12-01 00:34:30,4.333835449,-6.427909583,-6.079858914
2025-12-01 00:34:40,4.556013074,-6.156517220,-6.113287097
2025-12-01 00:34:50,4.096261260,-6.478403247,-6.126605590
2025-12-01 00:35:00,4.148842586,-6.387270155,-6.164454678
2025-12-01 00:35:10,4.093221522,-6.447603268,-6.078105763
2025-12-01 00:35:20,4.164527199,-6.503741319,-6.111410781
2025-12-01 00:35:30,4.195676143,-6.450657188,-6.165263361
2025-12-01 00:35:40,3.841934072,-6.427758960,-6.286038073
2025-12-01 00:35:50,3.463809989,-6.513666321,-6.489606982
2025-12-01 00:36:00,3.523333326,-6.526309661,-6.414071213
2025-12-01 00:36:10,3.710807532,-6.358356065,-6.483569590
2025-12-01 00:36:20,3.885386400,-6.132846050,-6.592697592
2025-12-01 00:36:30,4.053919517,-6.049199502,-6.632185595
2025-12-01 00:36:40,3.778387863,-6.030786753,-6.770032607
2025-12-01 00:36:50,4.001462602,-6.241584942,-6.383389147
2025-12-01 00:37:00,3.861702294,-6.405108380,-6.342979003
2025-12-01 00:37:10,3.582125363,-6.467317990,-6.455131300
2025-12-01 00:37:20,3.647189201,-6.254016679,-6.605681047
2025-12-01 00:37:30,3.482625395,-6.332509524,-6.656675475
2025-12-01 00:37:40,3.766308326,-6.549383600,-6.261535663
2025-12-01 00:37:50,3.790713798,-6.375440398,-6.414402170
2025-12-01 00:38:00,3.860791184,-6.153245739,-6.562926988
2025-12-01 00:38:10,3.857185099,-6.322121468,-6.433913315
2025-12-01 00:38:20,3.971454826,-6.387169599,-6.258180618
2025-12-01 00:38:30,4.237536461,-6.316347173,-6.195152965
2025-12-01 00:38:40,4.338850729,-6.487130256,-5.950535971
2025-12-01 00:38:50,4.048146229,-6.564949516,-6.016068689
2025-12-01 00:39:00,3.946270456,-6.448778594,-6.206096220
2025-12-01 00:39:10,4.231309111,-6.171482596,-6.330655619
2025-12-01 00:39:20,4.076964105,-6.246560505,-6.333245906
2025-12-01 00:39:30,4.376516018,-6.051563518,-6.323944659
2025-12-01 00:39:40,4.475674795,-6.061157596,-6.267509400
2025-12-01 00:39:50,4.394907185,-5.815674017,-6.578965095
2025-12-01 00:40:00,4.422192243,-5.796987184,-6.584730935
2025-12-01 00:40:10,4.176362395,-6.069456845,-6.493539996
2025-12-01 00:40:20,4.407183004,-6.189014259,-6.219719281
2025-12-01 00:40:30,4.344824265,-6.176489994,-6.263724925
2025-12-01 00:40:40,4.565905000,-6.039266502,-6.239456272
2025-12-01 00:40:50,4.656153878,-5.974054922,-6.253489400
2025-12-01 00:41:00,4.471597482,-6.049164721,-6.344388507
2025-12-01 00:41:10,4.425307856,-5.965919471,-6.417764833
2025-12-01 00:41:20,4.368142937,-5.958801653,-6.431842444
2025-12-01 00:41:30,4.445523652,-5.880583484,-6.459935994
2025-12-01 00:41:40,4.316806285,-5.797527617,-6.605383334
2025-12-01 00:41:50,4.419453158,-5.756749141,-6.566395287
2025-12-01 00:42:00,4.485596522,-5.458855952,-6.814903888
2025-12-01 00:42:10,4.587474197,-5.445283406,-6.772107412
2025-12-01 00:42:20,4.866748572,-5.246575738,-6.746915750
2025-12-01 00:42:30,4.676656904,-5.284775161,-6.867866133
2025-12-01 00:42:40,4.647423961,-5.285850272,-6.773676051
2025-12-01 00:42:50,4.802170805,-5.138669796,-6.856596369
2025-12-01 00:43:00,4.687795228,-5.517379072,-6.593449107
2025-12-01 00:43:10,4.479204968,-5.747884003,-6.510587235
2025-12-01 00:43:20,4.653919497,-5.535161008,-6.581226891
2025-12-01 00:43:30,4.988085131,-5.621669359,-6.305717493
2025-12-01 00:43:40,4.955518539,-5.643421680,-6.299720120
2025-12-01 00:43:50,4.779859085,-5.742101693,-6.337077661
2025-12-01 00:44:00,4.766652546,-5.568965847,-6.623633906
2025-12-01 00:44:10,4.713492431,-5.448259226,-6.673278392
2025-12-01 00:44:20,4.857600439,-5.575272783,-6.437399780
2025-12-01 00:44:30,4.677118203,-5.644583037,-6.552462463
2025-12-01 00:44:40,4.736754986,-5.590267760,-6.536503831
2025-12-01 00:44:50,4.986232001,-5.634106035,-6.350880029
2025-12-01 00:45:00,5.107397751,-5.371416371,-6.411483581
2025-12-01 00:45:10,5.215326738,-5.284327878,-6.414987410
2025-12-01 00:45:20,5.277106916,-4.895097899,-6.663607456
2025-12-01 00:45:30,5.319203826,-5.135507828,-6.434189798
2025-12-01 00:45:40,5.261205121,-5.127689245,-6.479328556
2025-12-01 00:45:50,5.157439248,-5.189008705,-6.570218959
2025-12-01 00:46:00,5.378888493,-5.165113282,-6.334107854
2025-12-01 00:46:10,5.374332109,-5.309046263,-6.256791987
2025-12-01 00:46:20,5.351592463,-5.330573098,-6.245691672
2025-12-01 00:46:30,5.170222479,-5.685395862,-6.120422029
2025-12-01 00:46:40,5.209925898,-5.567720802,-6.178230503
2025-12-01 00:46:50,5.365476406,-5.449774151,-6.141111961
2025-12-01 00:47:00,5.440147458,-5.501449753,-6.034108068
2025-12-01 00:47:10,5.352855413,-5.261594475,-6.275187895
2025-12-01 00:47:20,5.523577322,-5.149258371,-6.245410026
2025-12-01 00:47:30,5.633148119,-5.197339915,-6.111732440
2025-12-01 00:47:40,5.782813349,-5.034482789,-6.104627996
2025-12-01 00:47:50,5.753246728,-5.130919277,-6.040363548
2025-12-01 00:48:00,5.746027743,-5.237858263,-6.003524766
2025-12-01 00:48:10,5.680116692,-5.338149256,-5.966153636
2025-12-01 00:48:20,5.675494542,-5.119621300,-6.159437633
2025-12-01 00:48:30,5.511278501,-5.131242354,-6.224653369
2025-12-01 00:48:40,5.531995299,-5.194286945,-6.252181420
2025-12-01 00:48:50,5.134504669,-5.431747521,-6.379051775
2025-12-01 00:49:00,5.235261708,-5.383215020,-6.340305926
2025-12-01 00:49:10,5.096839687,-5.482089496,-6.319276061
2025-12-01 00:49:20,5.118531769,-5.441560805,-6.321282736
2025-12-01 00:49:30,5.255714574,-5.539159698,-6.180647194
2025-12-01 00:49:40,5.138657952,-5.470103511,-6.322789219
2025-12-01 00:49:50,5.338986469,-5.580163695,-6.048177693
2025-12-01 00:50:00,5.121410592,-5.852866005,-6.018547143
2025-12-01 00:50:10,5.092010535,-6.020000529,-5.824774687
2025-12-01 00:50:20,5.434614149,-5.989094670,-5.516070294
2025-12-01 00:50:30,5.210832964,-5.978348359,-5.781337076
2025-12-01 00:50:40,4.977224975,-6.069348671,-5.835504357
2025-12-01 00:50:50,5.202316541,-6.099815880,-5.679845702
2025-12-01 00:51:00,5.019998194,-6.173141729,-5.717000980
2025-12-01 00:51:10,5.036941333,-6.347068264,-5.580342516
2025-12-01 00:51:20,5.149625922,-6.036530294,-5.760644345
2025-12-01 00:51:30,4.911147451,-6.274270147,-5.733160452
2025-12-01 00:51:40,4.964584827,-6.236294321,-5.753164819
2025-12-01 00:51:50,4.958742590,-6.236891212,-5.628129690
2025-12-01 00:52:00,5.091398032,-6.312086941,-5.516033451
2025-12-01 00:52:10,4.899049072,-6.335551986,-5.672217921
2025-12-01 00:52:20,4.998849963,-6.224993560,-5.686064826
2025-12-01 00:52:30,4.897985124,-6.322525100,-5.639418168
2025-12-01 00:52:40,4.761678499,-6.236826689,-5.874696069
2025-12-01 00:52:50,4.758852451,-6.381003347,-5.739924460
2025-12-01 00:53:00,4.854042779,-6.438108581,-5.646144569
2025-12-01 00:53:10,4.903484017,-6.461909635,-5.546347338
2025-12-01 00:53:20,4.800664945,-6.430704460,-5.579685534
2025-12-01 00:53:30,4.937257052,-6.356917213,-5.656646443
2025-12-01 00:53:40,4.844836820,-6.256406501,-5.849051671
2025-12-01 00:53:50,4.691240926,-6.298259068,-5.877545396
2025-12-01 00:54:00,4.652726780,-6.520758826,-5.732211254
2025-12-01 00:54:10,4.472365362,-6.306443734,-6.013791402
2025-12-01 00:54:20,4.552136601,-6.232189922,-6.043503854
2025-12-01 00:54:30,4.564125905,-6.334060809,-5.962924476
2025-12-01 00:54:40,4.561403710,-6.200002756,-6.026497963
2025-12-01 00:54:50,4.462498599,-6.305039204,-6.029236246
2025-12-01 00:55:00,4.492470552,-6.319912910,-5.969461544
2025-12-01 00:55:10,4.652073165,-6.024839709,-6.170731381
2025-12-01 00:55:20,4.607184527,-6.076661303,-6.156538796
2025-12-01 00:55:30,4.325336702,-6.267742745,-6.143424989
2025-12-01 00:55:40,4.479435618,-6.141342734,-6.221614955
2025-12-01 00:55:50,4.547024577,-6.169327749,-6.124820195
2025-12-01 00:56:00,4.655106333,-6.085674090,-6.139939801
2025-12-01 00:56:10,4.775264200,-5.788248320,-6.303024523
2025-12-01 00:56:20,4.864587666,-5.792210654,-6.239782782
2025-12-01 00:56:30,4.604219136,-5.759828031,-6.497333268
2025-12-01 00:56:40,4.603360000,-5.995335926,-6.288198021
2025-12-01 00:56:50,4.607212100,-5.960512783,-6.284165040
2025-12-01 00:57:00,4.348839339,-6.152159659,-6.258165107
2025-12-01 00:57:10,4.404291950,-6.093629887,-6.319494722
2025-12-01 00:57:20,4.536127788,-5.981188928,-6.313079076
2025-12-01 00:57:30,4.548791857,-5.939998892,-6.409137176
2025-12-01 00:57:40,4.383155796,-6.118473953,-6.280018458
2025-12-01 00:57:50,4.372615049,-6.167903610,-6.297085255
2025-12-01 00:58:00,4.335621878,-6.356202573,-6.123468919
2025-12-01 00:58:10,4.218320557,-6.602433546,-5.880402616
2025-12-01 00:58:20,4.591050667,-6.560583490,-5.706469706
2025-12-01 00:58:30,4.377618607,-6.583603021,-5.790702810
2025-12-01 00:58:40,4.468803614,-6.721039099,-5.589216935
2025-12-01 00:58:50,4.515573803,-6.705894668,-5.626918433
2025-12-01 00:59:00,4.297352772,-6.953532706,-5.403212823
2025-12-01 00:59:10,4.258561484,-7.080989527,-5.293271995
2025-12-01 00:59:20,4.354098758,-6.915770679,-5.418825532
2025-12-01 00:59:30,4.387361625,-6.878490836,-5.340749856
2025-12-01 00:59:40,4.352661829,-6.778643319,-5.582671371
2025-12-01 00:59:50,4.593240859,-6.766269810,-5.456552146
2025-12-01 01:00:00,4.473512345,-6.825858852,-5.492094772
2025-12-01 01:00:10,4.432761826,-6.884514670,-5.396030762
2025-12-01 01:00:20,4.418931070,-6.769916206,-5.531430536
2025-12-01 01:00:30,4.256049239,-7.006865307,-5.357214112
2025-12-01 01:00:40,4.389220527,-6.927635538,-5.367216980
2025-12-01 01:00:50,4.409241992,-6.880253936,-5.416023377
2025-12-01 01:01:00,4.486217827,-6.824424982,-5.438316472
2025-12-01 01:01:10,4.339262127,-6.980078826,-5.397155061
2025-12-01 01:01:20,4.212587737,-7.128182186,-5.223175250
2025-12-01 01:01:30,3.995879653,-7.250752372,-5.297237692
2025-12-01 01:01:40,4.011139493,-7.087615764,-5.456611584
2025-12-01 01:01:50,3.979114415,-7.069250494,-5.529352442
2025-12-01 01:02:00,4.062409740,-7.051943804,-5.494818860
2025-12-01 01:02:10,4.192945888,-6.969178611,-5.507048814
2025-12-01 01:02:20,4.172732446,-6.938790971,-5.557525611
2025-12-01 01:02:30,4.075062836,-7.026231825,-5.501020298
2025-12-01 01:02:40,4.065923926,-7.034673586,-5.502179199
2025-12-01 01:02:50,4.071534171,-7.118029564,-5.390684828
2025-12-01 01:03:00,4.165509356,-7.271925997,-5.135349408
2025-12-01 01:03:10,4.369807893,-7.094065573,-5.101201482
2025-12-01 01:03:20,4.443965132,-7.047869581,-5.197881465
2025-12-01 01:03:30,4.702288413,-7.046771248,-4.908078101
2025-12-01 01:03:40,4.784676545,-6.993878077,-4.889852270
2025-12-01 01:03:50,4.801070301,-7.009278712,-4.935113643
2025-12-01 01:04:00,4.531939343,-7.111076334,-5.062426504
2025-12-01 01:04:10,4.675503145,-6.996421596,-5.043971384
2025-12-01 01:04:20,4.589160518,-7.077868875,-5.002325126
2025-12-01 01:04:30,4.558255065,-7.119236778,-4.947094598
2025-12-01 01:04:40,4.756708296,-7.121873948,-4.729089814
2025-12-01 01:04:50,4.624299631,-7.085345631,-5.051932920
2025-12-01 01:05:00,4.496973171,-7.003027773,-5.154839344
2025-12-01 01:05:10,4.547621116,-6.868024954,-5.326188966
2025-12-01 01:05:20,4.533888707,-6.898891696,-5.304147218
2025-12-01 01:05:30,4.573013211,-6.908434719,-5.291599242
2025-12-01 01:05:40,4.676879404,-6.763609401,-5.339689233
2025-12-01 01:05:50,4.948904619,-6.598793628,-5.241696714
2025-12-01 01:06:00,5.103933312,-6.523083615,-5.181500711
2025-12-01 01:06:10,5.303915082,-6.385301981,-5.222357172
2025-12-01 01:06:20,5.095811120,-6.602215539,-5.097970003
2025-12-01 01:06:30,5.174143773,-6.605451674,-5.108378835
2025-12-01 01:06:40,5.088798501,-6.585131811,-5.171561042
2025-12-01 01:06:50,4.961195611,-6.586234706,-5.306862666
2025-12-01 01:07:00,4.923683313,-6.372791883,-5.536021434
2025-12-01 01:07:10,4.877994391,-6.434250191,-5.546965301
2025-12-01 01:07:20,4.925477112,-6.503867012,-5.419273507
2025-12-01 01:07:30,5.074566687,-6.613469203,-5.180264193
2025-12-01 01:07:40,4.801757677,-6.815391513,-5.106420930
2025-12-01 01:07:50,5.066558303,-6.574047685,-5.137881310
2025-12-01 01:08:00,5.137026166,-6.481186443,-5.201883270
2025-12-01 01:08:10,5.359412513,-6.305155686,-5.260870114
2025-12-01 01:08:20,5.340071102,-6.204036976,-5.426418148
2025-12-01 01:08:30,5.213234860,-6.139494611,-5.574329694
2025-12-01 01:08:40,5.046072354,-6.356006309,-5.483894749
2025-12-01 01:08:50,5.292796436,-6.434495245,-5.169641084
2025-12-01 01:09:00,5.286096479,-6.231735758,-5.453066500
2025-12-01 01:09:10,5.378516929,-6.255387423,-5.279633202
2025-12-01 01:09:20,5.250213477,-6.275324418,-5.324991353
2025-12-01 01:09:30,5.166169095,-6.281416759,-5.488725915
2025-12-01 01:09:40,4.925214471,-6.381603732,-5.649457673
2025-12-01 01:09:50,4.945602729,-6.267889755,-5.665304651
2025-12-01 01:10:00,4.657500822,-6.555136666,-5.609955032
2025-12-01 01:10:10,4.544740292,-6.623926722,-5.679100179
2025-12-01 01:10:20,4.525318502,-6.710420022,-5.600556811
2025-12-01 01:10:30,4.484027986,-6.666513356,-5.672941449
2025-12-01 01:10:40,4.637132086,-6.480896134,-5.710505005
2025-12-01 01:10:50,4.487149157,-6.490212001,-5.862626174
2025-12-01 01:11:00,4.579033198,-6.348144267,-5.874348356
2025-12-01 01:11:10,4.603464548,-6.398588980,-5.892475278
2025-12-01 01:11:20,4.585166213,-6.358719244,-5.902413598
2025-12-01 01:11:30,4.540666315,-6.548570302,-5.645457287
2025-12-01 01:11:40,5.054695943,-6.287022041,-5.598172720
2025-12-01 01:11:50,5.089007665,-6.309233659,-5.539334547
2025-12-01 01:12:00,5.273004223,-6.270892861,-5.391307293
2025-12-01 01:12:10,5.412010838,-6.359152359,-5.073958392
2025-12-01 01:12:20,5.304081798,-6.338105482,-5.247641114
2025-12-01 01:12:30,5.297139409,-6.243861565,-5.365905037
2025-12-01 01:12:40,5.272511644,-6.059649614,-5.588367893
2025-12-01 01:12:50,5.163538848,-6.177284394,-5.584638456
2025-12-01 01:13:00,5.149731828,-6.171878393,-5.637541553
2025-12-01 01:13:10,5.230194211,-6.111889107,-5.564437365
2025-12-01 01:13:20,5.273784188,-6.146621191,-5.477315914
2025-12-01 01:13:30,5.187669134,-6.266570492,-5.425559022
2025-12-01 01:13:40,5.018381978,-6.252019823,-5.611897668
2025-12-01 01:13:50,5.047814717,-6.246446500,-5.622515415
2025-12-01 01:14:00,4.984459575,-6.415345735,-5.484408265
2025-12-01 01:14:10,4.987417494,-6.561465746,-5.319355821
2025-12-01 01:14:20,4.906863908,-6.761169610,-5.113975321
2025-12-01 01:14:30,5.215780655,-6.811849936,-4.880801835
2025-12-01 01:14:40,5.195380857,-6.649422489,-4.983615980
2025-12-01 01:14:50,5.236811415,-6.622411008,-5.028030143
2025-12-01 01:15:00,5.151260393,-6.588924661,-5.162878922
2025-12-01 01:15:10,5.100151360,-6.483664175,-5.352749475
2025-12-01 01:15:20,5.073115412,-6.547087568,-5.220473841
2025-12-01 01:15:30,5.170664207,-6.473479250,-5.229432545
2025-12-01 01:15:40,5.220094926,-6.355067269,-5.316863094
2025-12-01 01:15:50,5.155911974,-6.388521998,-5.353449522
2025-12-01 01:16:00,5.127081028,-6.575799860,-5.162125498
2025-12-01 01:16:10,5.167951147,-6.642048210,-4.997220296
2025-12-01 01:16:20,5.074102260,-6.802173514,-4.842700597
2025-12-01 01:16:30,4.779145677,-6.879634100,-5.071476668
2025-12-01 01:16:40,4.742919110,-6.861925079,-5.165402493
2025-12-01 01:16:50,4.906862310,-6.704488907,-5.219335744
2025-12-01 01:17:00,4.952839473,-6.494204548,-5.486136714
2025-12-01 01:17:10,4.998346773,-6.459381348,-5.488537976
2025-12-01 01:17:20,4.863949843,-6.456973372,-5.489106371
2025-12-01 01:17:30,4.804086684,-6.477721715,-5.589182091
2025-12-01 01:17:40,4.830845465,-6.314585522,-5.670694745
2025-12-01 01:17:50,4.606366853,-6.336626870,-5.896179562
2025-12-01 01:18:00,4.496656084,-6.363914239,-5.924554071
2025-12-01 01:18:10,4.544217903,-6.312632550,-6.018514735
2025-12-01 01:18:20,4.479606640,-6.277607546,-6.063590767
2025-12-01 01:18:30,4.496910203,-5.977891353,-6.353939093
2025-12-01 01:18:40,4.569381387,-6.029870064,-6.244053547
2025-12-01 01:18:50,4.517870488,-6.051761476,-6.196522576
2025-12-01 01:19:00,4.541020866,-6.135817997,-6.142413205
2025-12-01 01:19:10,4.532684150,-6.293976204,-6.059383680
2025-12-01 01:19:20,4.328839073,-6.354180097,-6.075649914
2025-12-01 01:19:30,4.119446779,-6.360846920,-6.182037875
2025-12-01 01:19:40,4.413341606,-6.394928991,-6.007804248
2025-12-01 01:19:50,4.432072679,-6.521083500,-5.836022466
2025-12-01 01:20:00,4.281660664,-6.445026291,-6.024649303
2025-12-01 01:20:10,4.168635749,-6.351529287,-6.183282589
2025-12-01 01:20:20,4.260572966,-6.250895828,-6.263243870
2025-12-01 01:20:30,4.360312202,-6.149990558,-6.245982289
2025-12-01 01:20:40,4.475593585,-6.003324004,-6.353605003
2025-12-01 01:20:50,4.566111276,-5.852357157,-6.352072465
2025-12-01 01:21:00,4.708276610,-5.857566699,-6.294824871
2025-12-01 01:21:10,4.964964867,-5.780314703,-6.147877187
2025-12-01 01:21:20,4.820746527,-5.876013435,-6.219456737
2025-12-01 01:21:30,4.710794771,-5.871615882,-6.280959401
2025-12-01 01:21:40,4.955243466,-5.951641523,-6.033279492
2025-12-01 01:21:50,4.985158451,-5.904717629,-6.065215318
2025-12-01 01:22:00,4.979380584,-5.868086593,-6.147479739
2025-12-01 01:22:10,4.986136752,-5.797313387,-6.129194365
2025-12-01 01:22:20,4.818975595,-5.888341196,-6.208348732
2025-12-01 01:22:30,4.971013770,-5.663058340,-6.275351671
2025-12-01 01:22:40,5.005287860,-5.792556434,-6.098382043
2025-12-01 01:22:50,4.837925519,-5.886172573,-6.206178575
2025-12-01 01:23:00,4.941146269,-5.879149228,-6.133506087
2025-12-01 01:23:10,4.969338412,-5.576620261,-6.290552171
2025-12-01 01:23:20,4.912185217,-5.738195247,-6.297497347
2025-12-01 01:23:30,4.747522291,-5.713959307,-6.404852503
2025-12-01 01:23:40,4.754244048,-5.778322266,-6.355632174
2025-12-01 01:23:50,4.675481923,-5.681393423,-6.485829951
2025-12-01 01:24:00,4.541142015,-5.784837330,-6.478151514
2025-12-01 01:24:10,4.745289894,-5.706079163,-6.418914009
2025-12-01 01:24:20,4.548266781,-5.670227480,-6.571978010
2025-12-01 01:24:30,4.475358624,-5.839899006,-6.494788546
2025-12-01 01:24:40,4.489656635,-5.858005084,-6.453630249
2025-12-01 01:24:50,4.315178175,-6.005501272,-6.440508025
2025-12-01 01:25:00,4.266485128,-6.158759398,-6.307584219
2025-12-01 01:25:10,4.246351309,-6.138462039,-6.322620937
2025-12-01 01:25:20,4.219385505,-6.187178874,-6.375768668
2025-12-01 01:25:30,4.241429096,-6.173794245,-6.375020160
2025-12-01 01:25:40,4.122974404,-6.201883039,-6.445227731
2025-12-01 01:25:50,4.134094186,-6.113198665,-6.474886515
2025-12-01 01:26:00,4.183036092,-5.807161365,-6.700541030
2025-12-01 01:26:10,4.328899211,-5.754982216,-6.683756074
2025-12-01 01:26:20,4.110368658,-5.626217092,-6.882323911
2025-12-01 01:26:30,3.885037450,-5.709289083,-6.955785659
2025-12-01 01:26:40,3.878249496,-5.878502778,-6.840421930
2025-12-01 01:26:50,3.884464629,-5.813826006,-6.852708390
2025-12-01 01:27:00,4.002602648,-5.834324482,-6.807662035
2025-12-01 01:27:10,3.891875472,-5.954875747,-6.774394464
2025-12-01 01:27:20,4.043908214,-5.884924967,-6.756901856
2025-12-01 01:27:30,3.815211212,-5.823958511,-6.884211113
2025-12-01 01:27:40,3.649485379,-5.781892003,-7.045785819
2025-12-01 01:27:50,3.507714876,-5.829399928,-7.109062959
2025-12-01 01:28:00,3.400160129,-5.997613459,-7.002780811
2025-12-01 01:28:10,3.440930460,-5.861392916,-7.111444473
2025-12-01 01:28:20,3.479861133,-5.829246126,-7.102206647
2025-12-01 01:28:30,3.422225289,-5.753542584,-7.138392719
2025-12-01 01:28:40,3.433258705,-5.763416120,-7.165583391
2025-12-01 01:28:50,3.567676624,-5.806580696,-7.030449827
2025-12-01 01:29:00,3.641211486,-5.890872667,-6.889307583
2025-12-01 01:29:10,3.619979926,-5.696075012,-7.109417154
2025-12-01 01:29:20,3.286704606,-5.786902565,-7.243345173
2025-12-01 01:29:30,3.339435548,-5.769967769,-7.194841659
2025-12-01 01:29:40,3.310896344,-5.690689387,-7.201331696
2025-12-01 01:29:50,3.307719882,-5.785496831,-7.179528880
2025-12-01 01:30:00,3.507629385,-5.873836355,-7.065424092
2025-12-01 01:30:10,3.497353054,-5.778299424,-7.077521058
2025-12-01 01:30:20,3.186660707,-5.658886841,-7.376013422
2025-12-01 01:30:30,3.081903872,-5.611204440,-7.442552193
2025-12-01 01:30:40,3.020181205,-5.708385248,-7.385189044
2025-12-01 01:30:50,2.781294276,-5.782265578,-7.462572690
2025-12-01 01:31:00,2.765115820,-5.857700269,-7.346855519
2025-12-01 01:31:10,2.864427148,-5.995069973,-7.235442842
2025-12-01 01:31:20,2.959485692,-5.887375518,-7.247877456
2025-12-01 01:31:30,2.863269866,-6.033488719,-7.188978442
2025-12-01 01:31:40,2.847122662,-5.950050644,-7.335019227
2025-12-01 01:31:50,2.751329458,-5.937037718,-7.341920565
2025-12-01 01:32:00,2.523579561,-6.040062288,-7.296581606
2025-12-01 01:32:10,2.432800093,-5.962051912,-7.345993330
2025-12-01 01:32:20,2.548147734,-5.848335578,-7.450692906
2025-12-01 01:32:30,2.379977523,-5.826546341,-7.489735809
2025-12-01 01:32:40,2.457647250,-5.687943573,-7.604684684
2025-12-01 01:32:50,2.428696084,-5.723937007,-7.614019906
2025-12-01 01:33:00,2.446859617,-5.550489694,-7.746319974
2025-12-01 01:33:10,2.594611442,-5.473717965,-7.734806969
2025-12-01 01:33:20,2.495201985,-5.224163312,-7.868236767
2025-12-01 01:33:30,2.519061523,-5.211388562,-7.912768210
2025-12-01 01:33:40,2.699750467,-5.054662248,-7.918999108
2025-12-01 01:33:50,2.824836929,-4.940065711,-7.981074825
2025-12-01 01:34:00,2.899121586,-5.058230670,-7.869641141
2025-12-01 01:34:10,2.939023650,-4.925171636,-7.927228211
2025-12-01 01:34:20,2.883332346,-4.832074437,-8.036631514
2025-12-01 01:34:30,2.776615232,-4.741930291,-8.062493684
2025-12-01 01:34:40,2.771634453,-4.763686483,-8.110902031
2025-12-01 01:34:50,2.585964078,-4.554741950,-8.306191471
2025-12-01 01:35:00,2.553123889,-4.508803015,-8.336160153
2025-12-01 01:35:10,2.515528483,-4.446719366,-8.375585815
2025-12-01 01:35:20,2.440884954,-4.435499951,-8.418854438
2025-12-01 01:35:30,2.795205206,-4.494360048,-8.233018454
2025-12-01 01:35:40,2.877669898,-4.299661170,-8.292215726
2025-12-01 01:35:50,2.816745985,-4.171598563,-8.399741199
2025-12-01 01:36:00,2.806082472,-4.233569028,-8.383989915
2025-12-01 01:36:10,2.957088691,-4.189188464,-8.389145647
2025-12-01 01:36:20,2.927585687,-4.111917199,-8.413677863
2025-12-01 01:36:30,2.902517763,-4.022634405,-8.447802076
2025-12-01 01:36:40,3.023040062,-3.988129984,-8.450611660
2025-12-01 01:36:50,2.955289605,-4.103055386,-8.383398196
2025-12-01 01:37:00,2.736026279,-4.161657334,-8.443189370
2025-12-01 01:37:10,2.741708954,-4.119547000,-8.487337036
2025-12-01 01:37:20,2.585095627,-4.320835796,-8.429217176
2025-12-01 01:37:30,2.597219729,-4.231817541,-8.497242807
2025-12-01 01:37:40,2.715863837,-4.339207661,-8.353552189
2025-12-01 01:37:50,2.834872756,-4.269069105,-8.351906961
2025-12-01 01:38:00,2.864164393,-4.315200809,-8.316350386
2025-12-01 01:38:10,2.771686372,-4.596524219,-8.292662051
2025-12-01 01:38:20,2.944550867,-4.563323844,-8.206730479
2025-12-01 01:38:30,3.231493050,-4.661041277,-8.026809984
2025-12-01 01:38:40,3.233153477,-4.511514408,-8.065175605
2025-12-01 01:38:50,3.228254824,-4.663847977,-8.029140910
2025-12-01 01:39:00,2.976454742,-4.740317111,-8.021542057
2025-12-01 01:39:10,3.108263913,-4.971923568,-7.871583022
2025-12-01 01:39:20,2.953346280,-4.952226066,-7.924708900
2025-12-01 01:39:30,2.938065717,-5.161506599,-7.871192286
2025-12-01 01:39:40,2.774832272,-5.130069921,-7.840313749
2025-12-01 01:39:50,3.004234027,-5.004656000,-7.898923347
2025-12-01 01:40:00,2.954969059,-4.816312673,-7.998913970
2025-12-01 01:40:10,3.066840215,-4.640017603,-8.057997414
2025-12-01 01:40:20,3.231846791,-4.626677442,-8.031000430
2025-12-01 01:40:30,3.168751507,-4.435431282,-8.130028701
2025-12-01 01:40:40,3.203137884,-4.441473308,-8.114353309
2025-12-01 01:40:50,3.105115152,-4.410108018,-8.202891299
2025-12-01 01:41:00,3.082106957,-4.561415929,-8.137284549
2025-12-01 01:41:10,3.152279077,-4.361130833,-8.144251184
2025-12-01 01:41:20,3.373320572,-4.250671316,-8.191857390
2025-12-01 01:41:30,3.358688858,-4.325465908,-8.154430997
2025-12-01 01:41:40,3.121552752,-4.204290375,-8.312947909
2025-12-01 01:41:50,3.551546739,-4.267982431,-8.094788743
2025-12-01 01:42:00,3.895828140,-4.144295520,-8.065621203
2025-12-01 01:42:10,3.879276927,-4.027923325,-8.097251865
2025-12-01 01:42:20,3.711986544,-4.075900144,-8.109244056
2025-12-01 01:42:30,3.731691498,-4.114673666,-8.062046003
2025-12-01 01:42:40,3.851415093,-3.998636832,-8.114156838
2025-12-01 01:42:50,3.976855110,-3.881147877,-8.101432939
2025-12-01 01:43:00,4.100526209,-3.529782921,-8.176786351
2025-12-01 01:43:10,4.033592574,-3.457994348,-8.235566805
2025-12-01 01:43:20,4.042802472,-3.522957688,-8.268111017
2025-12-01 01:43:30,4.034178308,-3.496315955,-8.246971808
2025-12-01 01:43:40,3.892734106,-3.412335226,-8.330755928
2025-12-01 01:43:50,3.732737633,-3.440853884,-8.380575275
2025-12-01 01:44:00,3.828126859,-3.414680441,-8.330721100
2025-12-01 01:44:10,3.892795940,-3.522302731,-8.314762097
2025-12-01 01:44:20,3.847434510,-3.394059706,-8.362453539
2025-12-01 01:44:30,3.754572687,-3.394277568,-8.401431503
2025-12-01 01:44:40,3.557309004,-3.403122776,-8.480096317
2025-12-01 01:44:50,3.327206701,-3.380032967,-8.582538922
2025-12-01 01:45:00,3.493308752,-3.432491011,-8.503196340
2025-12-01 01:45:10,3.462791478,-3.346083690,-8.581241658
2025-12-01 01:45:20,3.326671750,-3.486155753,-8.550373261
2025-12-01 01:45:30,3.331892356,-3.171621026,-8.654767187
2025-12-01 01:45:40,3.467083869,-3.121984822,-8.650676698
2025-12-01 01:45:50,3.518869241,-3.230104507,-8.557076615
2025-12-01 01:46:00,3.718546779,-3.251231706,-8.464835205
2025-12-01 01:46:10,3.945852858,-2.932278761,-8.452884761
2025-12-01 01:46:20,4.074096714,-3.144159876,-8.335572259
2025-12-01 01:46:30,3.970429070,-3.136929842,-8.390144407
2025-12-01 01:46:40,4.014951098,-3.150408106,-8.364327962
2025-12-01 01:46:50,4.006695444,-3.153967110,-8.396444219
2025-12-01 01:47:00,4.006360493,-3.056657463,-8.432387565
2025-12-01 01:47:10,3.972237779,-2.984484061,-8.430687229
2025-12-01 01:47:20,3.825217216,-2.885094409,-8.579818395
2025-12-01 01:47:30,3.898445856,-2.837175787,-8.554874711
2025-12-01 01:47:40,3.866714384,-2.969809314,-8.539371040
2025-12-01 01:47:50,3.783193430,-2.912759994,-8.586250985
2025-12-01 01:48:00,3.749715745,-3.266810423,-8.507895805
2025-12-01 01:48:10,3.761207051,-3.315605360,-8.454129978
2025-12-01 01:48:20,3.647567197,-3.210669911,-8.528311038
2025-12-01 01:48:30,3.629390058,-3.263484049,-8.465601147
2025-12-01 01:48:40,3.749236871,-3.286075675,-8.446175638
2025-12-01 01:48:50,3.788511399,-2.942271137,-8.561579377
2025-12-01 01:49:00,3.780604658,-3.083318603,-8.537907008
2025-12-01 01:49:10,3.840452374,-3.167538897,-8.482949362
2025-12-01 01:49:20,3.930154386,-2.942419364,-8.485391696
2025-12-01 01:49:30,4.003953670,-3.019033933,-8.473652205
2025-12-01 01:49:40,3.890730908,-2.950554699,-8.518599973
2025-12-01 01:49:50,3.812766965,-2.874165536,-8.581671950
2025-12-01 01:50:00,3.708514312,-3.328760227,-8.431966747
2025-12-01 01:50:10,3.843247955,-3.354842352,-8.361011709
2025-12-01 01:50:20,3.866457872,-3.398272792,-8.332880568
2025-12-01 01:50:30,3.817813099,-3.549168018,-8.274510076
2025-12-01 01:50:40,3.734947033,-3.817471262,-8.228577629
2025-12-01 01:50:50,3.690375128,-3.877580751,-8.235929154
2025-12-01 01:51:00,3.597938168,-3.878634446,-8.236469843
2025-12-01 01:51:10,3.646960811,-3.821127860,-8.254800790
2025-12-01 01:51:20,3.657248768,-3.995836200,-8.185443833
2025-12-01 01:51:30,3.642977063,-4.170186298,-8.082481961
2025-12-01 01:51:40,3.589083738,-4.265640902,-8.097354897
2025-12-01 01:51:50,3.492541846,-4.414122036,-8.028730574
2025-12-01 01:52:00,3.380568207,-4.560809524,-7.996425312
2025-12-01 01:52:10,3.174085862,-4.591246958,-8.070173649
2025-12-01 01:52:20,3.152432475,-4.642903902,-8.048310028
2025-12-01 01:52:30,3.051835445,-4.582941041,-8.117428126
2025-12-01 01:52:40,3.242627234,-4.513110655,-8.087587216
2025-12-01 01:52:50,3.092399769,-4.519956367,-8.162052055
2025-12-01 01:53:00,3.090132297,-4.336075561,-8.196443151
2025-12-01 01:53:10,3.067089828,-4.596088474,-8.114281772
2025-12-01 01:53:20,3.103444404,-4.717537812,-8.023246555
2025-12-01 01:53:30,3.045678911,-4.946742733,-7.916773989
2025-12-01 01:53:40,3.054550427,-4.866286378,-7.955518143
2025-12-01 01:53:50,2.975919297,-4.676718469,-8.059347683
2025-12-01 01:54:00,3.173024640,-4.521457176,-8.121012840
2025-12-01 01:54:10,3.104234416,-4.597098918,-8.110759514
2025-12-01 01:54:20,2.993705615,-4.469584347,-8.169308500
2025-12-01 01:54:30,3.007112228,-4.588670866,-8.132657219
2025-12-01 01:54:40,3.135521694,-4.565605748,-8.053494316
2025-12-01 01:54:50,3.210969926,-4.274160631,-8.174809997
2025-12-01 01:55:00,3.325753681,-4.340194763,-8.160449136
2025-12-01 01:55:10,3.231647421,-4.137208179,-8.248590313
2025-12-01 01:55:20,3.062182042,-3.960118709,-8.448555206
2025-12-01 01:55:30,3.077415019,-3.968267847,-8.433965712
2025-12-01 01:55:40,2.909439619,-3.955994337,-8.508412412
2025-12-01 01:55:50,2.729022640,-4.101223764,-8.535343887
2025-12-01 01:56:00,2.518669481,-4.000914674,-8.548058820
2025-12-01 01:56:10,2.491825699,-4.055838951,-8.542831366
2025-12-01 01:56:20,2.386617813,-4.180566339,-8.522541652
2025-12-01 01:56:30,2.560668558,-4.036029900,-8.523504203
2025-12-01 01:56:40,2.494739939,-4.327530035,-8.438396105
2025-12-01 01:56:50,2.459530922,-4.204666829,-8.526953769
2025-12-01 01:57:00,2.320733464,-4.190961716,-8.579148433
2025-12-01 01:57:10,2.247764162,-4.091569849,-8.688515338
2025-12-01 01:57:20,2.131246977,-4.273492468,-8.589615799
2025-12-01 01:57:30,2.226405085,-4.324180930,-8.510799392
2025-12-01 01:57:40,2.223071037,-4.450044897,-8.455242515
2025-12-01 01:57:50,2.319090155,-4.482366494,-8.436902043
2025-12-01 01:58:00,2.300257569,-4.691578597,-8.271924255
2025-12-01 01:58:10,2.181062323,-4.768580624,-8.278369777
2025-12-01 01:58:20,1.938446774,-4.613079737,-8.407508087
2025-12-01 01:58:30,1.781247996,-4.697982107,-8.479779989
2025-12-01 01:58:40,1.877986053,-4.457199302,-8.497507601
2025-12-01 01:58:50,2.174703130,-4.518424107,-8.441576994
2025-12-01 01:59:00,2.069805544,-4.670866907,-8.355544624
2025-12-01 01:59:10,2.087100345,-4.642535335,-8.337223601
2025-12-01 01:59:20,1.999433338,-4.568688373,-8.446732817
2025-12-01 01:59:30,1.984779920,-4.389090058,-8.552077214
2025-12-01 01:59:40,1.919374589,-4.636456845,-8.457482877
2025-12-01 01:59:50,1.818886199,-4.544251012,-8.513446916
2025-12-01 02:00:00,1.693512772,-4.609673402,-8.467192560
2025-12-01 02:00:10,1.858499548,-4.550418825,-8.457090374
2025-12-01 02:00:20,1.507542941,-4.548578084,-8.560359591
2025-12-01 02:00:30,1.604017323,-4.533123099,-8.560292605
2025-12-01 02:00:40,1.602751845,-4.696927063,-8.460501651
2025-12-01 02:00:50,1.510880961,-4.545331218,-8.566976116
2025-12-01 02:01:00,1.453102364,-4.573358308,-8.583559736
2025-12-01 02:01:10,1.346614467,-4.482249135,-8.613698006
2025-12-01 02:01:20,1.372147490,-4.441888320,-8.641091078
2025-12-01 02:01:30,1.428395271,-4.745680819,-8.480322607
2025-12-01 02:01:40,1.412363819,-4.811248899,-8.429364098
2025-12-01 02:01:50,1.565959147,-4.894339456,-8.331643535
2025-12-01 02:02:00,1.706874451,-4.831185764,-8.392756872
2025-12-01 02:02:10,1.785086238,-4.591519757,-8.490828660
2025-12-01 02:02:20,1.733439380,-4.546058213,-8.466881732
2025-12-01 02:02:30,1.780237600,-4.659050995,-8.450106048
2025-12-01 02:02:40,1.839993358,-4.625362317,-8.451899281
2025-12-01 02:02:50,1.886246488,-4.701423063,-8.418770848
2025-12-01 02:03:00,1.810145705,-4.765592609,-8.401668908
2025-12-01 02:03:10,2.056848806,-4.513630106,-8.447754554
2025-12-01 02:03:20,2.239571466,-4.636887622,-8.329625270
2025-12-01 02:03:30,2.347946939,-4.635710470,-8.325961364
2025-12-01 02:03:40,2.557905284,-4.467094407,-8.364270165
2025-12-01 02:03:50,2.554378699,-4.323854802,-8.442552409
2025-12-01 02:04:00,2.600416888,-4.524267998,-8.300359436
2025-12-01 02:04:10,2.719047108,-4.513901290,-8.294627240
2025-12-01 02:04:20,2.696387111,-4.365063368,-8.328674465
2025-12-01 02:04:30,2.836558092,-4.462353454,-8.272888417
2025-12-01 02:04:40,2.685864242,-4.663426632,-8.196992512
2025-12-01 02:04:50,2.684502844,-4.516877592,-8.309847714
2025-12-01 02:05:00,2.935646179,-4.277173331,-8.313393136
2025-12-01 02:05:10,2.835316511,-4.383269659,-8.311811644
2025-12-01 02:05:20,2.830666692,-4.423832301,-8.301588543
2025-12-01 02:05:30,2.826597972,-4.445750889,-8.255210550
2025-12-01 02:05:40,2.664475338,-4.369470274,-8.345429627
2025-12-01 02:05:50,2.720642382,-4.275178343,-8.404313163
2025-12-01 02:06:00,2.798889894,-4.211097367,-8.394030189
2025-12-01 02:06:10,2.860304040,-4.429837986,-8.263494238
2025-12-01 02:06:20,3.045710089,-4.396088331,-8.211753833
2025-12-01 02:06:30,2.911679783,-4.313331742,-8.317082516
2025-12-01 02:06:40,2.601110172,-4.268799143,-8.427970416
2025-12-01 02:06:50,2.654178131,-4.166244234,-8.468728594
2025-12-01 02:07:00,2.710387188,-3.987737827,-8.598437460
2025-12-01 02:07:10,2.674523804,-4.163217982,-8.500971249
2025-12-01 02:07:20,2.371360879,-4.027834425,-8.593659652
2025-12-01 02:07:30,2.396575802,-4.114865423,-8.576858337
2025-12-01 02:07:40,2.418622437,-4.069882301,-8.589785659
2025-12-01 02:07:50,2.854292063,-4.061314230,-8.454243300
2025-12-01 02:08:00,2.979226680,-4.078829762,-8.427422681
2025-12-01 02:08:10,2.755160689,-3.894738160,-8.551865710
2025-12-01 02:08:20,2.674984313,-3.757279180,-8.637226416
2025-12-01 02:08:30,2.653774825,-3.987648248,-8.561006644
2025-12-01 02:08:40,2.806240303,-3.900178152,-8.568778409
2025-12-01 02:08:50,2.546843092,-3.857575390,-8.664046930
2025-12-01 02:09:00,2.771566005,-3.817709019,-8.579310500
2025-12-01 02:09:10,2.463841758,-3.751123325,-8.678306784
2025-12-01 02:09:20,2.660928243,-3.460738511,-8.833967351
2025-12-01 02:09:30,2.770878834,-3.231024827,-8.857230156
2025-12-01 02:09:40,2.698750243,-3.313828192,-8.859294784
2025-12-01 02:09:50,2.081273415,-3.230939385,-9.060564532
2025-12-01 02:10:00,1.811546107,-3.173831988,-9.078110350
2025-12-01 02:10:10,1.714351395,-3.018283210,-9.199885843
2025-12-01 02:10:20,1.743434515,-2.867647874,-9.214700291
2025-12-01 02:10:30,1.833068078,-2.851813944,-9.203611773
2025-12-01 02:10:40,1.576280839,-2.684357745,-9.294844566
2025-12-01 02:10:50,1.297721536,-2.419437698,-9.419702228
2025-12-01 02:11:00,1.077095636,-2.229301641,-9.508612781
2025-12-01 02:11:10,1.093174955,-2.415604646,-9.459697852
2025-12-01 02:11:20,1.096479377,-2.523278984,-9.399646172
2025-12-01 02:11:30,1.056403058,-2.762644581,-9.326223646
2025-12-01 02:11:40,0.765065125,-2.649154349,-9.463062926
2025-12-01 02:11:50,0.863630269,-2.724767630,-9.407390239
2025-12-01 02:12:00,0.890026785,-2.785252975,-9.376722678
2025-12-01 02:12:10,1.068973451,-2.638367262,-9.362320295
2025-12-01 02:12:20,0.694804003,-2.739670312,-9.383451373
2025-12-01 02:12:30,0.626397978,-2.778318988,-9.380084282
2025-12-01 02:12:40,0.573046305,-2.840250593,-9.338179555
2025-12-01 02:12:50,0.738404156,-2.760252946,-9.368458790
2025-12-01 02:13:00,0.725791772,-2.641558425,-9.471643792
2025-12-01 02:13:10,0.650121165,-2.491961373,-9.453712609
2025-12-01 02:13:20,0.728157766,-2.622308144,-9.436401427
2025-12-01 02:13:30,0.815914704,-2.536203729,-9.444206845
2025-12-01 02:13:40,0.939022688,-2.823416747,-9.325515007
2025-12-01 02:13:50,1.350617549,-2.996175940,-9.214043076
2025-12-01 02:14:00,1.305269671,-3.092596232,-9.209632327
2025-12-01 02:14:10,1.353419219,-3.061855644,-9.252810376
2025-12-01 02:14:20,1.402586886,-3.089395875,-9.218019093
2025-12-01 02:14:30,1.507088445,-3.054592872,-9.188437965
2025-12-01 02:14:40,1.236470102,-3.022904085,-9.272121741
2025-12-01 02:14:50,1.303007621,-3.025287088,-9.242926778
2025-12-01 02:15:00,1.006728552,-3.167573111,-9.254838541
2025-12-01 02:15:10,1.016128548,-3.102470095,-9.254239904
2025-12-01 02:15:20,0.756971831,-3.203641038,-9.220354968
2025-12-01 02:15:30,0.693251259,-3.431346124,-9.170162975
2025-12-01 02:15:40,0.520511597,-3.354390079,-9.169869118
2025-12-01 02:15:50,0.620985169,-3.648025616,-9.091768700
2025-12-01 02:16:00,0.847546733,-3.549852091,-9.159367619
2025-12-01 02:16:10,0.752405878,-3.763429455,-9.049352943
2025-12-01 02:16:20,0.908089589,-3.715393709,-9.036979019
2025-12-01 02:16:30,1.000789557,-3.691166895,-9.033891485
2025-12-01 02:16:40,0.799325406,-3.872674574,-8.990841511
2025-12-01 02:16:50,0.963519892,-3.711175999,-8.995087464
2025-12-01 02:17:00,1.071011480,-3.717848562,-9.007683080
2025-12-01 02:17:10,1.190516434,-3.574586496,-9.071951713
2025-12-01 02:17:20,1.306558157,-3.683842697,-9.008908416
2025-12-01 02:17:30,1.548173420,-3.568287125,-8.990005647
2025-12-01 02:17:40,1.546836469,-3.811023812,-8.934177291
2025-12-01 02:17:50,1.675645081,-4.074940897,-8.774463580
2025-12-01 02:18:00,1.552318162,-3.989050322,-8.820967888
2025-12-01 02:18:10,1.553981315,-4.034543665,-8.789872080
2025-12-01 02:18:20,1.529017146,-4.061145767,-8.810973795
2025-12-01 02:18:30,1.690016843,-3.962221769,-8.809221948
2025-12-01 02:18:40,1.780337813,-3.924015070,-8.827729366
2025-12-01 02:18:50,1.437587073,-3.746746608,-8.935486483
2025-12-01 02:19:00,1.540405411,-3.746050844,-8.958378057
2025-12-01 02:19:10,1.248891004,-3.874724917,-8.924120776
2025-12-01 02:19:20,1.540529199,-3.791357661,-8.941820314
2025-12-01 02:19:30,1.630481309,-3.855475350,-8.878377179
2025-12-01 02:19:40,1.681395224,-3.748218099,-8.937035766
2025-12-01 02:19:50,1.699650279,-3.689363650,-8.944575110
2025-12-01 02:20:00,1.686669064,-3.927033772,-8.787118092
2025-12-01 02:20:10,1.730853429,-3.886989060,-8.819538926
2025-12-01 02:20:20,1.792162374,-3.824825058,-8.853884681
2025-12-01 02:20:30,1.849136729,-3.917180006,-8.820169949
2025-12-01 02:20:40,1.878915825,-3.897276171,-8.777568934
2025-12-01 02:20:50,1.843543619,-3.971816114,-8.737608603
2025-12-01 02:21:00,1.978471250,-4.126477988,-8.688151477
2025-12-01 02:21:10,2.037564663,-4.010953221,-8.738363567
2025-12-01 02:21:20,2.231389661,-3.968862358,-8.710141048
2025-12-01 02:21:30,2.104242951,-4.150061462,-8.631098129
2025-12-01 02:21:40,2.050208518,-4.191317760,-8.596164262
2025-12-01 02:21:50,2.323631868,-4.244025533,-8.525494658
2025-12-01 02:22:00,2.408001608,-4.179180964,-8.557160048
2025-12-01 02:22:10,2.454279876,-4.335283947,-8.456181955
2025-12-01 02:22:20,2.154971111,-4.520263469,-8.464980127
2025-12-01 02:22:30,2.219978931,-4.258638202,-8.545161810
2025-12-01 02:22:40,2.065374662,-4.556640761,-8.460429663
2025-12-01 02:22:50,1.941491375,-4.532927146,-8.494819049
2025-12-01 02:23:00,2.014593380,-4.616954141,-8.464886793
2025-12-01 02:23:10,1.825412278,-4.739006913,-8.382158629
2025-12-01 02:23:20,1.697586472,-5.076106976,-8.234796689
2025-12-01 02:23:30,1.789912239,-4.930831462,-8.274232137
2025-12-01 02:23:40,1.850113438,-4.662591798,-8.399800160
2025-12-01 02:23:50,1.799153961,-4.548631340,-8.502516970
2025-12-01 02:24:00,1.897322130,-4.484761670,-8.482744015
2025-12-01 02:24:10,1.931233248,-4.522658230,-8.502084152
2025-12-01 02:24:20,1.760323086,-4.393891131,-8.629086226
2025-12-01 02:24:30,1.757681740,-4.573061958,-8.496915495
2025-12-01 02:24:40,1.747122526,-4.563423183,-8.456116665
2025-12-01 02:24:50,1.630549768,-4.196826317,-8.731616337
2025-12-01 02:25:00,1.611994562,-4.260490979,-8.666858788
2025-12-01 02:25:10,1.493236186,-4.416850579,-8.607024356
2025-12-01 02:25:20,1.576573742,-4.183119720,-8.706838286
2025-12-01 02:25:30,1.550375133,-4.290087154,-8.683308699
2025-12-01 02:25:40,1.863882839,-4.159420509,-8.691162244
2025-12-01 02:25:50,1.812713966,-3.938896297,-8.797067630
2025-12-01 02:26:00,1.498992601,-4.056191225,-8.808100081
2025-12-01 02:26:10,1.453949841,-4.071279712,-8.794310602
2025-12-01 02:26:20,1.542672437,-4.093939355,-8.832115590
2025-12-01 02:26:30,1.626478443,-4.132250990,-8.767128325
2025-12-01 02:26:40,1.732611844,-4.037614772,-8.726364455
2025-12-01 02:26:50,1.758620561,-4.196276512,-8.705798398
2025-12-01 02:27:00,1.740457655,-4.100518495,-8.740459253
2025-12-01 02:27:10,1.920239827,-3.848026629,-8.817624432
2025-12-01 02:27:20,1.592446560,-3.741080771,-8.933347265
2025-12-01 02:27:30,1.603722453,-3.928368166,-8.856850917
2025-12-01 02:27:40,1.608821380,-3.999533536,-8.797598893
2025-12-01 02:27:50,1.479238729,-4.001678230,-8.820601450
2025-12-01 02:28:00,1.425010237,-3.946737707,-8.871443875
2025-12-01 02:28:10,1.323628361,-4.143651137,-8.788931055
2025-12-01 02:28:20,1.178649681,-4.352413881,-8.778268189
2025-12-01 02:28:30,1.207232080,-4.092222586,-8.836824488
2025-12-01 02:28:40,1.400026357,-3.885346140,-8.898946969
2025-12-01 02:28:50,1.371147796,-4.113091216,-8.837937230
2025-12-01 02:29:00,1.265366756,-3.845520231,-8.920121511
2025-12-01 02:29:10,1.232817415,-3.815722187,-8.914879826
2025-12-01 02:29:20,1.179459903,-4.071683608,-8.824790420
2025-12-01 02:29:30,1.089471978,-4.295700838,-8.777718096
2025-12-01 02:29:40,0.977845463,-4.356858744,-8.755193459
2025-12-01 02:29:50,0.982960656,-4.232629939,-8.769361936
2025-12-01 02:30:00,0.953026846,-4.301853790,-8.751653231
2025-12-01 02:30:10,0.968440680,-4.364537479,-8.719052282
2025-12-01 02:30:20,0.829882750,-4.378316741,-8.731286141
2025-12-01 02:30:30,0.841762776,-4.525045887,-8.669903841
2025-12-01 02:30:40,1.046911693,-4.638896245,-8.586483430
2025-12-01 02:30:50,1.022739148,-4.633750696,-8.585535660
2025-12-01 02:31:00,1.326710410,-4.766008589,-8.462971122
2025-12-01 02:31:10,1.331987756,-4.807152685,-8.450608877
2025-12-01 02:31:20,1.438725804,-4.792664988,-8.434966825
2025-12-01 02:31:30,1.289558402,-4.750093766,-8.497942883
2025-12-01 02:31:40,1.446876902,-4.735413605,-8.471032053
2025-12-01 02:31:50,1.606772702,-4.723569486,-8.430409872
2025-12-01 02:32:00,1.700383688,-4.772070515,-8.402589870
2025-12-01 02:32:10,1.579030057,-4.851512204,-8.357915704
2025-12-01 02:32:20,1.778962457,-4.829963576,-8.346771688
2025-12-01 02:32:30,1.771564825,-4.946258980,-8.276148169
2025-12-01 02:32:40,1.657838204,-5.056074977,-8.196012373
2025-12-01 02:32:50,1.617957712,-5.169067145,-8.193831348
2025-12-01 02:33:00,1.821780896,-5.051780314,-8.230739032
2025-12-01 02:33:10,1.976479638,-4.992373730,-8.207598986
2025-12-01 02:33:20,1.864127805,-4.937417147,-8.255318153
2025-12-01 02:33:30,1.984461083,-5.108784364,-8.132523975
2025-12-01 02:33:40,1.967734423,-5.192013632,-8.093110253
2025-12-01 02:33:50,2.057589931,-5.256245497,-8.040891424
2025-12-01 02:34:00,2.041317772,-5.402009055,-7.957852303
2025-12-01 02:34:10,1.874124778,-5.458568649,-7.928298834
2025-12-01 02:34:20,1.991650474,-5.639755818,-7.777957049
2025-12-01 02:34:30,1.889852367,-5.511736437,-7.878893778
2025-12-01 02:34:40,1.720223385,-5.536727449,-7.886869820
2025-12-01 02:34:50,1.850299476,-5.531325839,-7.897741033
2025-12-01 02:35:00,1.678107657,-5.397807995,-8.003336862
2025-12-01 02:35:10,1.859871513,-5.409875908,-7.997301871
2025-12-01 02:35:20,1.927661517,-5.308415316,-8.026168036
2025-12-01 02:35:30,1.748569068,-5.510984331,-7.911123179
2025-12-01 02:35:40,1.745756591,-5.376867261,-8.031734608
2025-12-01 02:35:50,1.812899134,-5.477421563,-7.935580420
2025-12-01 02:36:00,1.797428202,-5.501462255,-7.938901123
2025-12-01 02:36:10,1.658521831,-5.480656874,-7.976890556
2025-12-01 02:36:20,1.666195752,-5.389357974,-8.015026787
2025-12-01 02:36:30,1.489566329,-5.303698113,-8.091064642
2025-12-01 02:36:40,1.668451587,-5.334287785,-8.063630426
2025-12-01 02:36:50,1.412230768,-5.356807574,-8.111691082
2025-12-01 02:37:00,1.479605369,-5.351716800,-8.096718667
2025-12-01 02:37:10,1.485945623,-5.342960398,-8.134898247
2025-12-01 02:37:20,1.427414761,-5.284968300,-8.128810055
2025-12-01 02:37:30,1.441007336,-5.603421944,-7.940671275
2025-12-01 02:37:40,1.230206515,-5.561732626,-7.996373821
2025-12-01 02:37:50,1.077684475,-5.438055565,-8.120359783
2025-12-01 02:38:00,1.262777435,-5.357986047,-8.135227479
2025-12-01 02:38:10,1.641114735,-5.317038135,-8.068651525
2025-12-01 02:38:20,1.811959043,-5.197320073,-8.160883656
2025-12-01 02:38:30,1.767346379,-5.074416604,-8.220290379
2025-12-01 02:38:40,1.753442960,-5.161523656,-8.139667755
2025-12-01 02:38:50,1.772987841,-5.092176908,-8.170585008
2025-12-01 02:39:00,1.888867452,-5.188182553,-8.084624705
2025-12-01 02:39:10,1.666093809,-5.301582376,-8.084528146
2025-12-01 02:39:20,1.850757345,-5.361377488,-8.003608857
2025-12-01 02:39:30,1.989636273,-5.386440628,-7.913520012
2025-12-01 02:39:40,2.025318927,-5.377053566,-7.946793246
2025-12-01 02:39:50,2.191488400,-5.624240266,-7.760302334
2025-12-01 02:40:00,2.299097945,-5.478054269,-7.791251564
2025-12-01 02:40:10,2.297234440,-5.370588220,-7.875870764
2025-12-01 02:40:20,2.460495553,-5.399501600,-7.775917450
2025-12-01 02:40:30,2.442894685,-5.281285627,-7.883265071
2025-12-01 02:40:40,2.533289264,-5.219977535,-7.920665080
2025-12-01 02:40:50,2.458136336,-5.170703875,-7.976001384
2025-12-01 02:41:00,2.271953426,-5.224211244,-8.018606914
2025-12-01 02:41:10,2.247633527,-5.313067092,-7.939477643
2025-12-01 02:41:20,2.258837394,-5.311216710,-7.959420066
2025-12-01 02:41:30,2.045315023,-5.227153603,-8.018951021
2025-12-01 02:41:40,2.118341022,-5.029486561,-8.182995102
2025-12-01 02:41:50,2.343374773,-4.972553183,-8.135711925
2025-12-01 02:42:00,2.346962736,-4.934125956,-8.141264118
2025-12-01 02:42:10,2.225010901,-5.011560232,-8.142989892
2025-12-01 02:42:20,2.282523040,-4.983763271,-8.152596063
2025-12-01 02:42:30,2.395263943,-5.155164903,-8.001600744
2025-12-01 02:42:40,2.389959623,-5.089365294,-8.041788558
2025-12-01 02:42:50,2.496221662,-5.223586380,-7.885028633
2025-12-01 02:43:00,2.544334436,-5.359072773,-7.812188851
2025-12-01 02:43:10,2.608921524,-5.356034780,-7.768154352
2025-12-01 02:43:20,2.487618272,-5.628270042,-7.659997710
2025-12-01 02:43:30,2.517066900,-5.640228164,-7.580500058
2025-12-01 02:43:40,2.303407255,-5.655720842,-7.692061695
2025-12-01 02:43:50,2.411680702,-5.615451340,-7.660721854
2025-12-01 02:44:00,2.679207728,-5.691122219,-7.554297922
2025-12-01 02:44:10,2.826442856,-5.507228409,-7.618145775
2025-12-01 02:44:20,2.626623590,-5.629661518,-7.591150957
2025-12-01 02:44:30,2.959216979,-5.524600993,-7.539749059
2025-12-01 02:44:40,2.888084570,-5.548245035,-7.559206447
2025-12-01 02:44:50,3.127608046,-5.226649047,-7.671471824
2025-12-01 02:45:00,3.159225992,-5.164627513,-7.741143938
2025-12-01 02:45:10,3.251497422,-5.274632430,-7.613632892
2025-12-01 02:45:20,2.996098186,-5.364517723,-7.638525034
2025-12-01 02:45:30,3.261918027,-5.256890838,-7.629337012
2025-12-01 02:45:40,3.296880060,-5.352365572,-7.539835269
2025-12-01 02:45:50,3.377482492,-5.262729686,-7.592812494
2025-12-01 02:46:00,3.477128910,-5.194847151,-7.540501139
2025-12-01 02:46:10,3.479898505,-5.342618456,-7.431482247
2025-12-01 02:46:20,3.452645629,-5.314259292,-7.505968156
2025-12-01 02:46:30,3.182107939,-5.225019291,-7.704211231
2025-12-01 02:46:40,2.901441636,-5.394050641,-7.658371501
2025-12-01 02:46:50,2.988633263,-5.204760048,-7.797743179
2025-12-01 02:47:00,2.931099563,-5.045976963,-7.860176620
2025-12-01 02:47:10,3.043747456,-5.133346812,-7.806058214
2025-12-01 02:47:20,3.265049141,-4.969298204,-7.770857117
2025-12-01 02:47:30,3.338915824,-5.041539319,-7.739640742
2025-12-01 02:47:40,3.345536978,-4.732728801,-7.941523167
2025-12-01 02:47:50,3.345696090,-4.622677618,-7.975237123
2025-12-01 02:48:00,3.391672129,-4.657045090,-7.939042300
2025-12-01 02:48:10,3.329488436,-4.899761528,-7.802836998
2025-12-01 02:48:20,3.403686787,-5.138818248,-7.645051108
2025-12-01 02:48:30,3.141925648,-4.913062883,-7.852793842
2025-12-01 02:48:40,3.078837841,-4.927610727,-7.879304670
2025-12-01 02:48:50,3.082210435,-4.964507250,-7.892470930
2025-12-01 02:49:00,3.153690150,-5.030907901,-7.792713067
2025-12-01 02:49:10,3.391457654,-5.081677601,-7.672122718
2025-12-01 02:49:20,3.219069629,-5.144380779,-7.679367636
2025-12-01 02:49:30,3.163049339,-5.235735677,-7.635409263
2025-12-01 02:49:40,3.336759050,-5.120591608,-7.691446452
2025-12-01 02:49:50,3.412163409,-5.021720429,-7.736050443
2025-12-01 02:50:00,3.388818343,-5.021945357,-7.759104576
2025-12-01 02:50:10,3.495895512,-5.145148292,-7.601592616
2025-12-01 02:50:20,3.577217345,-5.225935876,-7.505432853
2025-12-01 02:50:30,3.591213071,-5.424764047,-7.365946739
2025-12-01 02:50:40,3.700776326,-5.240857751,-7.405743898
2025-12-01 02:50:50,3.565898439,-5.323894668,-7.441440526
2025-12-01 02:51:00,3.664602343,-5.155402875,-7.502725554
2025-12-01 02:51:10,3.807149946,-5.083538864,-7.437956080
2025-12-01 02:51:20,4.009995103,-5.021450970,-7.391637292
2025-12-01 02:51:30,4.061789860,-4.969309795,-7.410368740
2025-12-01 02:51:40,4.052934309,-5.109704537,-7.313720179
2025-12-01 02:51:50,3.743819946,-5.093375349,-7.505535760
2025-12-01 02:52:00,3.750737605,-5.113074468,-7.468701356
2025-12-01 02:52:10,3.816796489,-5.032713974,-7.509756144
2025-12-01 02:52:20,3.898455461,-5.163050342,-7.392706751
2025-12-01 02:52:30,3.897600058,-5.235186825,-7.340955937
2025-12-01 02:52:40,3.887203131,-5.185830266,-7.337077359
2025-12-01 02:52:50,4.221667154,-5.101204541,-7.243677657
2025-12-01 02:53:00,4.330599969,-4.977145040,-7.234940071
2025-12-01 02:53:10,4.513559933,-5.246602537,-6.956400268
2025-12-01 02:53:20,4.456749735,-5.264218708,-6.969359693
2025-12-01 02:53:30,4.510230083,-5.234801975,-6.973284142
2025-12-01 02:53:40,4.345342192,-5.306495361,-7.047583820
2025-12-01 02:53:50,4.213458996,-5.401666052,-7.030411591
2025-12-01 02:54:00,4.352132033,-5.317957381,-6.995373009
2025-12-01 02:54:10,4.388854880,-5.424269479,-6.889153653
2025-12-01 02:54:20,4.319312438,-5.360350666,-7.011436796
2025-12-01 02:54:30,4.462531041,-5.373006631,-6.937714363
2025-12-01 02:54:40,4.512434834,-5.095140231,-7.060271596
2025-12-01 02:54:50,4.501794482,-5.096506309,-7.088374022
2025-12-01 02:55:00,4.655875283,-5.178789012,-6.851699904
2025-12-01 02:55:10,4.713761242,-5.289607746,-6.826490537
2025-12-01 02:55:20,4.715859218,-5.199024321,-6.859374973
2025-12-01 02:55:30,4.907404549,-5.193937199,-6.740710908
2025-12-01 02:55:40,4.832779330,-5.283215468,-6.755748997
2025-12-01 02:55:50,4.813004037,-5.331227027,-6.713728209
2025-12-01 02:56:00,4.642812555,-5.297202639,-6.835591096
2025-12-01 02:56:10,4.733698653,-5.253423926,-6.836706384
2025-12-01 02:56:20,4.744737644,-5.210746016,-6.849503981
2025-12-01 02:56:30,4.555183804,-5.293935078,-6.931568528
2025-12-01 02:56:40,4.679737393,-5.107472019,-6.981907404
2025-12-01 02:56:50,4.733431845,-5.237130908,-6.849259873
2025-12-01 02:57:00,4.392957177,-5.315605285,-7.013636467
2025-12-01 02:57:10,4.661348894,-5.353043334,-6.780524070
2025-12-01 02:57:20,4.656662741,-5.272630445,-6.809253258
2025-12-01 02:57:30,4.674170857,-5.306862040,-6.841612460
2025-12-01 02:57:40,4.816943502,-5.168540212,-6.888067625
2025-12-01 02:57:50,4.992770084,-5.038766957,-6.813624867
2025-12-01 02:58:00,4.750543500,-5.148851364,-6.902763078
2025-12-01 02:58:10,4.817849800,-5.182325885,-6.777129814
2025-12-01 02:58:20,4.745033545,-5.151912798,-6.885908417
2025-12-01 02:58:30,4.695697383,-5.120089731,-6.951851157
2025-12-01 02:58:40,4.715800519,-5.126950304,-6.867981483
2025-12-01 02:58:50,4.683408887,-5.067286328,-6.969653386
2025-12-01 02:59:00,4.754843445,-5.058809183,-6.939323205
2025-12-01 02:59:10,4.774366227,-5.165585465,-6.860112647
2025-12-01 02:59:20,4.710085312,-5.202611775,-6.891367939
2025-12-01 02:59:30,4.827896719,-4.967302801,-6.943645027
2025-12-01 02:59:40,4.749330050,-4.937111774,-7.071497815
2025-12-01 02:59:50,4.582547767,-4.844128664,-7.189954054
2025-12-01 03:00:00,4.443614567,-4.958282238,-7.165929329
2025-12-01 03:00:10,4.420095139,-4.960532904,-7.174071631
2025-12-01 03:00:20,4.442884690,-5.072739872,-7.124226561
2025-12-01 03:00:30,4.401234938,-5.012913554,-7.148015784
2025-12-01 03:00:40,4.479799373,-5.282534072,-6.984669042
2025-12-01 03:00:50,4.484729860,-5.024005527,-7.118458424
2025-12-01 03:01:00,4.543421830,-4.861345614,-7.196856123
2025-12-01 03:01:10,4.773522461,-4.686905139,-7.198947332
2025-12-01 03:01:20,4.901066148,-4.355223769,-7.308831568
2025-12-01 03:01:30,4.722023545,-4.318578090,-7.387861325
2025-12-01 03:01:40,4.736881938,-4.317376828,-7.418728323
2025-12-01 03:01:50,4.803345582,-4.549129526,-7.267239296
2025-12-01 03:02:00,4.597211912,-4.654494642,-7.304765092
2025-12-01 03:02:10,4.730309251,-4.619204869,-7.265801195
2025-12-01 03:02:20,4.743376966,-4.613090764,-7.212039182
2025-12-01 03:02:30,4.638502030,-4.718103091,-7.235210239
2025-12-01 03:02:40,4.898261614,-4.880520374,-6.972074120
2025-12-01 03:02:50,4.907895577,-4.791762879,-7.037054404
2025-12-01 03:03:00,4.874999146,-4.677848956,-7.119440602
2025-12-01 03:03:10,4.742808025,-4.872583856,-7.031895413
2025-12-01 03:03:20,4.848729394,-5.054938383,-6.911456996
2025-12-01 03:03:30,4.735719550,-4.998506292,-6.996097511
2025-12-01 03:03:40,4.823971755,-4.918690078,-6.972947908
2025-12-01 03:03:50,4.919473119,-4.739142085,-7.045394964
2025-12-01 03:04:00,4.983944353,-4.724241719,-7.042105203
2025-12-01 03:04:10,5.187977417,-4.722122189,-6.821504733
2025-12-01 03:04:20,5.092582916,-4.875531600,-6.871707982
2025-12-01 03:04:30,5.212279888,-4.875108098,-6.714089844
2025-12-01 03:04:40,5.161453703,-4.882910877,-6.805479006
2025-12-01 03:04:50,5.118906730,-4.735798427,-6.901405138
2025-12-01 03:05:00,4.946209954,-4.752933301,-6.982548919
2025-12-01 03:05:10,4.888881851,-4.819298454,-7.017231922
2025-12-01 03:05:20,4.951364241,-4.697669269,-7.015695753
2025-12-01 03:05:30,5.107815857,-4.631969334,-6.963749797
2025-12-01 03:05:40,5.213691943,-4.661991617,-6.926344763
2025-12-01 03:05:50,4.914922829,-4.802652335,-7.004592130
2025-12-01 03:06:00,5.081374457,-4.680285837,-6.954028668
2025-12-01 03:06:10,5.220539055,-4.596774705,-6.934832737
2025-12-01 03:06:20,5.196302560,-4.615837693,-6.884331914
2025-12-01 03:06:30,5.243994799,-4.605004325,-6.883211254
2025-12-01 03:06:40,5.218987910,-4.468297123,-6.996537151
2025-12-01 03:06:50,5.193278563,-4.394087761,-7.055942675
2025-12-01 03:07:00,5.347503958,-4.357953130,-6.953067015
2025-12-01 03:07:10,5.364681312,-4.403177951,-6.937247473
2025-12-01 03:07:20,5.308907331,-4.408039589,-6.918770305
2025-12-01 03:07:30,5.413984529,-4.528623368,-6.796388392
2025-12-01 03:07:40,5.497238992,-4.701062069,-6.640789133
2025-12-01 03:07:50,5.536081239,-4.635205868,-6.604783260
2025-12-01 03:08:00,5.546412703,-4.809201004,-6.549810662
2025-12-01 03:08:10,5.541473140,-4.814611329,-6.541300705
2025-12-01 03:08:20,5.582813552,-4.763814921,-6.496467326
2025-12-01 03:08:30,5.565714331,-4.965642194,-6.331901133
2025-12-01 03:08:40,5.489921763,-5.007582408,-6.366196402
2025-12-01 03:08:50,5.483567830,-5.192391011,-6.315839865
2025-12-01 03:09:00,5.505079088,-4.992115005,-6.403833326
2025-12-01 03:09:10,5.459580224,-5.139152497,-6.306202792
2025-12-01 03:09:20,5.556452022,-5.200601423,-6.199389831
2025-12-01 03:09:30,5.547730212,-5.185754138,-6.177391071
2025-12-01 03:09:40,5.600098702,-5.088510143,-6.268446910
2025-12-01 03:09:50,5.542814982,-5.026933391,-6.352460993
2025-12-01 03:10:00,5.457157020,-5.263890970,-6.235176449
2025-12-01 03:10:10,5.468490749,-5.171738731,-6.294452941
2025-12-01 03:10:20,5.284950959,-5.301453784,-6.346113179
2025-12-01 03:10:30,5.277167439,-5.239466901,-6.388889826
2025-12-01 03:10:40,5.212002060,-5.308666059,-6.428714830
2025-12-01 03:10:50,5.183400049,-5.381571589,-6.367072706
2025-12-01 03:11:00,5.076716336,-5.215774925,-6.539587315
2025-12-01 03:11:10,5.190375301,-4.907616464,-6.682245589
2025-12-01 03:11:20,5.008106134,-5.002531231,-6.804665053
2025-12-01 03:11:30,5.143810832,-4.979842704,-6.674098253
2025-12-01 03:11:40,5.110971350,-4.967185603,-6.762681074
2025-12-01 03:11:50,5.207204182,-4.912617379,-6.751946717
2025-12-01 03:12:00,5.154622085,-4.784459856,-6.846689840
2025-12-01 03:12:10,5.277590136,-4.739422661,-6.833303961
2025-12-01 03:12:20,5.308116004,-4.642034010,-6.809631963
2025-12-01 03:12:30,5.303723813,-4.767084004,-6.707791979
2025-12-01 03:12:40,5.457722377,-4.675321415,-6.721216759
2025-12-01 03:12:50,5.525641955,-4.557927565,-6.719250032
2025-12-01 03:13:00,5.656108290,-4.572482678,-6.614125444
2025-12-01 03:13:10,5.597901516,-4.605991598,-6.616084063
2025-12-01 03:13:20,5.654159913,-4.509587663,-6.601154394
2025-12-01 03:13:30,5.740105115,-4.584642658,-6.517644996
2025-12-01 03:13:40,5.733010532,-4.401978295,-6.622279231
2025-12-01 03:13:50,5.834382975,-4.421453185,-6.472044602
2025-12-01 03:14:00,5.658628098,-4.569378614,-6.579268927
2025-12-01 03:14:10,5.594147049,-4.829735520,-6.414099573
2025-12-01 03:14:20,5.697696929,-4.790272346,-6.353977018
2025-12-01 03:14:30,5.788983231,-4.786760236,-6.313164102
2025-12-01 03:14:40,5.709651373,-4.812876670,-6.433135357
2025-12-01 03:14:50,5.638975235,-4.739742605,-6.413542572
2025-12-01 03:15:00,5.499464565,-4.764184412,-6.584287685
2025-12-01 03:15:10,5.716707875,-4.643831164,-6.490424274
2025-12-01 03:15:20,5.799873255,-4.618132705,-6.400282054
2025-12-01 03:15:30,5.885451022,-4.585574187,-6.386920374
2025-12-01 03:15:40,5.876262118,-4.728941738,-6.281347531
2025-12-01 03:15:50,5.998634786,-4.635095090,-6.233471692
2025-12-01 03:16:00,5.842486783,-4.740223689,-6.264274540
2025-12-01 03:16:10,5.958122316,-4.768277865,-6.153558066
2025-12-01 03:16:20,5.893263177,-4.691590316,-6.242191845
2025-12-01 03:16:30,6.025315519,-4.699515223,-6.193246621
2025-12-01 03:16:40,6.102107133,-4.678533717,-6.134505907
2025-12-01 03:16:50,6.039518176,-4.589551933,-6.205628797
2025-12-01 03:17:00,6.023033362,-4.848138501,-6.086159950
2025-12-01 03:17:10,6.061950304,-4.705044960,-6.087749661
2025-12-01 03:17:20,6.182346313,-4.500273901,-6.131347334
2025-12-01 03:17:30,6.146129411,-4.332280652,-6.287578048
2025-12-01 03:17:40,6.073988544,-4.394394824,-6.354776995
2025-12-01 03:17:50,6.021780778,-4.355670220,-6.344023806
2025-12-01 03:18:00,6.347129768,-4.320641851,-6.127552531
2025-12-01 03:18:10,6.264280290,-4.586314255,-6.013224050
2025-12-01 03:18:20,6.249893034,-4.641706277,-5.961755812
2025-12-01 03:18:30,6.286152807,-4.511012798,-6.043719240
2025-12-01 03:18:40,6.193434567,-4.590137968,-6.091977985
2025-12-01 03:18:50,6.218329443,-4.433598775,-6.202754471
2025-12-01 03:19:00,6.157774078,-4.485491366,-6.198882851
2025-12-01 03:19:10,6.083718392,-4.486063217,-6.261161957
2025-12-01 03:19:20,6.081740826,-4.611796851,-6.180720984
2025-12-01 03:19:30,6.083727360,-4.501284127,-6.197078529
2025-12-01 03:19:40,6.132658894,-4.624519856,-6.146457008
2025-12-01 03:19:50,6.151892308,-4.368657939,-6.268387351
2025-12-01 03:20:00,6.201185578,-4.378198718,-6.247478010
2025-12-01 03:20:10,6.153702890,-4.311170633,-6.223098753
2025-12-01 03:20:20,6.380443651,-4.174949486,-6.198247234
2025-12-01 03:20:30,6.387621953,-4.186333325,-6.155885591
2025-12-01 03:20:40,6.388563500,-4.293793949,-6.060370294
2025-12-01 03:20:50,6.335538015,-4.349627115,-6.090803818
2025-12-01 03:21:00,6.439962878,-4.227631345,-6.056958944
2025-12-01 03:21:10,6.549938636,-4.080156833,-6.058703872
2025-12-01 03:21:20,6.417737570,-4.155283417,-6.099715907
2025-12-01 03:21:30,6.573923727,-3.900799599,-6.154572822
2025-12-01 03:21:40,6.565031375,-3.890959278,-6.164606234
2025-12-01 03:21:50,6.554228421,-3.866990290,-6.222002990
2025-12-01 03:22:00,6.424606183,-3.858960772,-6.346440423
2025-12-01 03:22:10,6.583824181,-3.612331354,-6.278887670
2025-12-01 03:22:20,6.567413068,-3.512154519,-6.386636057
2025-12-01 03:22:30,6.538281303,-3.683235720,-6.330430439
2025-12-01 03:22:40,6.629930049,-3.585760564,-6.327559574
2025-12-01 03:22:50,6.591083698,-3.431489605,-6.432124817
2025-12-01 03:23:00,6.561373179,-3.521177900,-6.354964363
2025-12-01 03:23:10,6.508452431,-3.602753825,-6.455715207
2025-12-01 03:23:20,6.419807180,-3.796569730,-6.375861896
2025-12-01 03:23:30,6.479281803,-3.697909177,-6.413354414
2025-12-01 03:23:40,6.486975705,-3.865280137,-6.305913589
2025-12-01 03:23:50,6.540023773,-3.954073124,-6.176334661
2025-12-01 03:24:00,6.532806148,-3.823756199,-6.272114814
2025-12-01 03:24:10,6.393543216,-3.783274610,-6.410852771
2025-12-01 03:24:20,6.410947126,-3.802312634,-6.355318303
2025-12-01 03:24:30,6.521179795,-3.701084790,-6.328400088
2025-12-01 03:24:40,6.598625337,-3.665388953,-6.217311005
2025-12-01 03:24:50,6.553086547,-3.659296595,-6.286076734
2025-12-01 03:25:00,6.662663980,-3.452211255,-6.300551250
2025-12-01 03:25:10,6.522978041,-3.512528538,-6.450538775
2025-12-01 03:25:20,6.514422398,-3.397410189,-6.465734555
2025-12-01 03:25:30,6.379915684,-3.297932237,-6.660632466
2025-12-01 03:25:40,6.408021152,-3.266283861,-6.699230768
2025-12-01 03:25:50,6.464149762,-3.170056310,-6.674957106
2025-12-01 03:26:00,6.484474501,-3.105594040,-6.683669656
2025-12-01 03:26:10,6.606874467,-2.947565020,-6.621002381
2025-12-01 03:26:20,6.570564352,-3.074410364,-6.626267536
2025-12-01 03:26:30,6.544982344,-3.094024177,-6.630526267
2025-12-01 03:26:40,6.619117175,-3.016910874,-6.585650350
2025-12-01 03:26:50,6.599910100,-2.994841095,-6.532420726
2025-12-01 03:27:00,6.618346952,-3.085590011,-6.554128144
2025-12-01 03:27:10,6.568832435,-2.974854191,-6.698709807
2025-12-01 03:27:20,6.626360516,-3.015821790,-6.550319726
2025-12-01 03:27:30,6.731890852,-3.097653157,-6.367109473
2025-12-01 03:27:40,6.691425989,-3.093704359,-6.518326311
2025-12-01 03:27:50,6.692852004,-2.944763536,-6.528604726
2025-12-01 03:28:00,6.676091815,-2.830085052,-6.555743422
2025-12-01 03:28:10,6.743237887,-2.953801506,-6.556206950
2025-12-01 03:28:20,6.776166740,-2.933891499,-6.421573735
2025-12-01 03:28:30,6.615435292,-2.967148840,-6.558393648
2025-12-01 03:28:40,6.593149141,-3.018602549,-6.617846667
2025-12-01 03:28:50,6.556065308,-3.019133872,-6.659555416
2025-12-01 03:29:00,6.656803064,-2.930060339,-6.588912145
2025-12-01 03:29:10,6.707536957,-3.159890673,-6.417211258
2025-12-01 03:29:20,6.725441134,-3.235502405,-6.352628464
2025-12-01 03:29:30,6.726654946,-3.193508621,-6.364371622
2025-12-01 03:29:40,6.740296008,-3.214637828,-6.316474741
2025-12-01 03:29:50,6.629364155,-3.106935590,-6.501022632
2025-12-01 03:30:00,6.660953511,-3.038458527,-6.488758669
2025-12-01 03:30:10,6.718145688,-3.000510290,-6.511646742
2025-12-01 03:30:20,6.710636314,-3.093583513,-6.454417624
2025-12-01 03:30:30,6.772808237,-3.098224332,-6.403539599
2025-12-01 03:30:40,6.762024054,-3.024909793,-6.476041646
2025-12-01 03:30:50,6.591896479,-3.017568575,-6.613147872
2025-12-01 03:31:00,6.654009196,-2.904333227,-6.574354545
2025-12-01 03:31:10,6.811513269,-2.779925043,-6.489921110
2025-12-01 03:31:20,6.738052061,-2.742831067,-6.592894147
2025-12-01 03:31:30,6.793958805,-2.708808618,-6.545796288
2025-12-01 03:31:40,6.726663111,-2.753650185,-6.555822116
2025-12-01 03:31:50,6.754672475,-2.775166177,-6.595529847
2025-12-01 03:32:00,6.743755598,-2.866960147,-6.576712231
2025-12-01 03:32:10,6.796709678,-2.680003524,-6.547037374
2025-12-01 03:32:20,6.667366570,-2.759056839,-6.645170974
2025-12-01 03:32:30,6.703738317,-2.799612712,-6.653937965
2025-12-01 03:32:40,6.708604122,-2.936542771,-6.535872950
2025-12-01 03:32:50,6.686252186,-3.028052134,-6.486162401
2025-12-01 03:33:00,6.596928120,-3.145029547,-6.469892462
2025-12-01 03:33:10,6.774547768,-3.025788815,-6.461824626
2025-12-01 03:33:20,6.771692533,-3.081441225,-6.410775198
2025-12-01 03:33:30,6.738948467,-2.973388137,-6.465825760
2025-12-01 03:33:40,6.710086534,-3.028820728,-6.486487051
2025-12-01 03:33:50,6.768704218,-3.125575679,-6.383801487
2025-12-01 03:34:00,6.764065400,-2.975294166,-6.510532539
2025-12-01 03:34:10,6.734630638,-3.005293150,-6.454354366
2025-12-01 03:34:20,6.724612638,-2.984575726,-6.489414608
2025-12-01 03:34:30,6.766633478,-2.937355057,-6.453012747
2025-12-01 03:34:40,6.765792615,-2.925133369,-6.484015356
2025-12-01 03:34:50,6.818100169,-2.852871836,-6.459414561
2025-12-01 03:35:00,6.774187216,-2.840966285,-6.503234309
2025-12-01 03:35:10,6.665468239,-2.887028666,-6.577115717
2025-12-01 03:35:20,6.564695531,-3.002712456,-6.591078048
2025-12-01 03:35:30,6.581509346,-3.061501640,-6.605144917
2025-12-01 03:35:40,6.682747967,-2.979368877,-6.535133804
2025-12-01 03:35:50,6.708480476,-3.015303496,-6.470637498
2025-12-01 03:36:00,6.717986989,-2.940875894,-6.489457969
2025-12-01 03:36:10,6.738253733,-2.894867052,-6.555449805
2025-12-01 03:36:20,6.768163848,-2.810574717,-6.577125993
2025-12-01 03:36:30,6.821252827,-2.840534934,-6.468093189
2025-12-01 03:36:40,6.712465974,-2.847464874,-6.543090593
2025-12-01 03:36:50,6.597195823,-2.763045160,-6.701436938
2025-12-01 03:37:00,6.654958365,-2.676122961,-6.715821022
2025-12-01 03:37:10,6.587883566,-2.692740217,-6.731016752
2025-12-01 03:37:20,6.718072761,-2.511678710,-6.698777458
2025-12-01 03:37:30,6.920287694,-2.582685575,-6.462606024
2025-12-01 03:37:40,6.973381552,-2.686641528,-6.398457162
2025-12-01 03:37:50,6.999587325,-2.564280770,-6.430883066
2025-12-01 03:38:00,6.852675207,-2.774152385,-6.441611134
2025-12-01 03:38:10,6.726451847,-2.852839716,-6.555015236
2025-12-01 03:38:20,6.627922295,-2.782658924,-6.673034102
2025-12-01 03:38:30,6.728907094,-2.622717856,-6.563767690
2025-12-01 03:38:40,6.683931777,-2.850774803,-6.555435592
2025-12-01 03:38:50,6.661218195,-2.720683125,-6.591763036
2025-12-01 03:39:00,6.689639261,-2.835385498,-6.620000714
2025-12-01 03:39:10,6.563965662,-2.985090112,-6.613091209
2025-12-01 03:39:20,6.662946501,-2.997635351,-6.552423567
2025-12-01 03:39:30,6.709408723,-3.138672054,-6.466550693
2025-12-01 03:39:40,6.756996501,-2.999675265,-6.454564057
2025-12-01 03:39:50,6.740401197,-2.972177982,-6.465669905
2025-12-01 03:40:00,6.672600542,-2.884773516,-6.546956160
2025-12-01 03:40:10,6.717344527,-3.036107381,-6.455688497
2025-12-01 03:40:20,6.846964021,-3.219647566,-6.242051898
2025-12-01 03:40:30,6.972706812,-2.998933279,-6.230779579
2025-12-01 03:40:40,6.985331144,-2.951974126,-6.235691530
2025-12-01 03:40:50,6.917139254,-2.825759818,-6.357359831
2025-12-01 03:41:00,6.852932461,-2.872904535,-6.443631811
2025-12-01 03:41:10,6.895535659,-3.017233469,-6.324519353
2025-12-01 03:41:20,6.846947159,-3.120268871,-6.271198780
2025-12-01 03:41:30,6.822827405,-3.196617501,-6.296495685
2025-12-01 03:41:40,6.616660830,-3.240370619,-6.446094584
2025-12-01 03:41:50,6.682588641,-3.139619305,-6.492598173
2025-12-01 03:42:00,6.664848359,-3.194501762,-6.429772259
2025-12-01 03:42:10,6.614562829,-3.307552226,-6.448937312
2025-12-01 03:42:20,6.512851583,-3.430305011,-6.457544356
2025-12-01 03:42:30,6.530198472,-3.607563253,-6.395769632
2025-12-01 03:42:40,6.554354250,-3.644535051,-6.313657288
2025-12-01 03:42:50,6.608860185,-3.764020908,-6.205018013
2025-12-01 03:43:00,6.601783850,-3.522266984,-6.326596320
2025-12-01 03:43:10,6.629773847,-3.478513013,-6.281368284
2025-12-01 03:43:20,6.698749118,-3.481064446,-6.237290419
2025-12-01 03:43:30,6.694336133,-3.470117768,-6.228406352
2025-12-01 03:43:40,6.756296293,-3.581590192,-6.178593771
2025-12-01 03:43:50,6.806325290,-3.578506366,-6.089885459
2025-12-01 03:44:00,6.625625985,-3.618827215,-6.277497359
2025-12-01 03:44:10,6.678097808,-3.585358496,-6.171841827
2025-12-01 03:44:20,6.682963665,-3.693645471,-6.158333003
2025-12-01 03:44:30,6.800709652,-3.710334144,-5.996874663
2025-12-01 03:44:40,7.080423522,-3.576905472,-5.819631206
2025-12-01 03:44:50,7.067253149,-3.649720723,-5.775326820
2025-12-01 03:45:00,7.042589884,-3.893779388,-5.618045193
2025-12-01 03:45:10,7.032163473,-4.091698936,-5.431719176
2025-12-01 03:45:20,6.983287647,-4.094064593,-5.518103364
2025-12-01 03:45:30,7.028130417,-4.160388802,-5.516987045
2025-12-01 03:45:40,7.042632963,-4.163642979,-5.464025701
2025-12-01 03:45:50,6.956402290,-4.115083664,-5.531457194
2025-12-01 03:46:00,6.808203171,-4.199229509,-5.648399029
2025-12-01 03:46:10,6.951828455,-4.133759848,-5.614462933
2025-12-01 03:46:20,7.055740153,-4.073668045,-5.467291165
2025-12-01 03:46:30,7.206595041,-3.880685921,-5.457324651
2025-12-01 03:46:40,7.309774498,-3.704322506,-5.407192169
2025-12-01 03:46:50,7.381962125,-3.680263496,-5.298033776
2025-12-01 03:47:00,7.514483732,-3.560169382,-5.206356830
2025-12-01 03:47:10,7.487733398,-3.703011959,-5.218991434
2025-12-01 03:47:20,7.585260011,-3.749001545,-4.932742127
2025-12-01 03:47:30,7.519574029,-3.917902465,-4.909359181
2025-12-01 03:47:40,7.633056679,-3.847520136,-4.866677154
2025-12-01 03:47:50,7.575904673,-3.928498984,-4.860042997
2025-12-01 03:48:00,7.502054404,-3.918604357,-4.951983874
2025-12-01 03:48:10,7.566778621,-3.986249433,-4.891643125
2025-12-01 03:48:20,7.594002578,-3.686571556,-5.014567490
2025-12-01 03:48:30,7.669047321,-3.737674327,-4.876920257
2025-12-01 03:48:40,7.649428702,-3.808160854,-4.716996276
2025-12-01 03:48:50,7.705786053,-3.795365975,-4.776669089
2025-12-01 03:49:00,7.583723052,-3.721104118,-4.941918444
2025-12-01 03:49:10,7.592984780,-3.829655227,-4.851166432
2025-12-01 03:49:20,7.575360663,-3.858295940,-4.929917334
2025-12-01 03:49:30,7.547131641,-3.828305484,-4.904259091
2025-12-01 03:49:40,7.440902292,-3.910347921,-5.078119898
2025-12-01 03:49:50,7.400925415,-3.916466992,-5.097008546
2025-12-01 03:50:00,7.384871073,-3.820489547,-5.171980668
2025-12-01 03:50:10,7.447433946,-3.757279398,-5.112473331
2025-12-01 03:50:20,7.490334347,-3.516643845,-5.188767504
2025-12-01 03:50:30,7.531485561,-3.562711488,-5.233378068
2025-12-01 03:50:40,7.418863653,-3.667800516,-5.265896149
2025-12-01 03:50:50,7.507200094,-3.689919261,-5.111931680
2025-12-01 03:51:00,7.497979013,-3.769937500,-5.049288905
2025-12-01 03:51:10,7.499095752,-3.782149487,-5.080650811
2025-12-01 03:51:20,7.519952056,-3.559693190,-5.185427398
2025-12-01 03:51:30,7.526231216,-3.711083124,-5.094543181
2025-12-01 03:51:40,7.487143480,-3.738389343,-5.103632574
2025-12-01 03:51:50,7.605637195,-3.596591699,-5.121297762
2025-12-01 03:52:00,7.493294879,-3.756544472,-5.067267252
2025-12-01 03:52:10,7.511388276,-3.735017597,-5.035430672
2025-12-01 03:52:20,7.495722693,-3.605629957,-5.184230320
2025-12-01 03:52:30,7.479363698,-3.738309030,-5.172082929
2025-12-01 03:52:40,7.511840288,-3.653870491,-5.163690057
2025-12-01 03:52:50,7.465489587,-3.667403978,-5.179742851
2025-12-01 03:53:00,7.400860795,-3.699372335,-5.320492656
2025-12-01 03:53:10,7.448080085,-3.583443470,-5.251315994
2025-12-01 03:53:20,7.485101796,-3.479712583,-5.286029310
2025-12-01 03:53:30,7.541193476,-3.571618626,-5.195061539
2025-12-01 03:53:40,7.431905702,-3.700901287,-5.145337598
2025-12-01 03:53:50,7.425140527,-3.726020317,-5.240730570
2025-12-01 03:54:00,7.429531165,-3.825066691,-5.152162216
2025-12-01 03:54:10,7.449447765,-3.772194823,-5.161065427
2025-12-01 03:54:20,7.407597404,-3.885786973,-5.150104032
2025-12-01 03:54:30,7.445357676,-3.936158957,-5.000682328
2025-12-01 03:54:40,7.413978348,-3.998666166,-4.988196086
2025-12-01 03:54:50,7.344778230,-4.022252618,-5.100290246
2025-12-01 03:55:00,7.355456787,-3.905340155,-5.176542694
2025-12-01 03:55:10,7.436483804,-3.862242515,-5.079901348
2025-12-01 03:55:20,7.522425927,-3.764715538,-5.099183256
2025-12-01 03:55:30,7.533146265,-3.644452842,-5.199680523
2025-12-01 03:55:40,7.562927874,-3.606812294,-5.126594787
2025-12-01 03:55:50,7.426699249,-3.557400118,-5.309545484
2025-12-01 03:56:00,7.567943913,-3.479496613,-5.187291532
2025-12-01 03:56:10,7.467163079,-3.526416462,-5.299353048
2025-12-01 03:56:20,7.397730234,-3.539963298,-5.380518035
2025-12-01 03:56:30,7.430910907,-3.542265144,-5.324633683
2025-12-01 03:56:40,7.300186754,-3.788193132,-5.362617350
2025-12-01 03:56:50,7.371183757,-3.798336370,-5.228547130
2025-12-01 03:57:00,7.462856980,-3.694860099,-5.212354715
2025-12-01 03:57:10,7.401051250,-3.678874781,-5.270250797
2025-12-01 03:57:20,7.490995206,-3.514805306,-5.282303223
2025-12-01 03:57:30,7.461871269,-3.580554053,-5.330842602
2025-12-01 03:57:40,7.418067616,-3.531664230,-5.435380252
2025-12-01 03:57:50,7.437934972,-3.612751391,-5.238611353
2025-12-01 03:58:00,7.443431629,-3.529536748,-5.340960642
2025-12-01 03:58:10,7.525288092,-3.574651758,-5.293970242
2025-12-01 03:58:20,7.510699765,-3.584423888,-5.171475652
2025-12-01 03:58:30,7.636258931,-3.593179269,-5.044282941
2025-12-01 03:58:40,7.585026637,-3.686008006,-5.005774939
2025-12-01 03:58:50,7.553260847,-3.694173301,-5.057889115
2025-12-01 03:59:00,7.592595713,-3.766361154,-4.944526793
2025-12-01 03:59:10,7.645294235,-3.768215101,-4.859625479
2025-12-01 03:59:20,7.675215769,-3.903604434,-4.689307742
2025-12-01 03:59:30,7.702116325,-3.873858267,-4.763781406
2025-12-01 03:59:40,7.614325025,-3.944055533,-4.795589517
2025-12-01 03:59:50,7.597434179,-3.829059021,-4.864482466
2025-12-01 04:00:00,7.635713068,-3.940861152,-4.813090515
2025-12-01 04:00:10,7.607839222,-3.799111807,-4.896498917
2025-12-01 04:00:20,7.451281768,-3.983051534,-4.994944431
2025-12-01 04:00:30,7.422342109,-3.911026397,-5.137990080
2025-12-01 04:00:40,7.397590968,-3.966645410,-5.104493016
2025-12-01 04:00:50,7.325925251,-3.843959909,-5.287098252
2025-12-01 04:01:00,7.323484240,-3.823328310,-5.300239549
2025-12-01 04:01:10,7.208677883,-3.845293804,-5.415423297
2025-12-01 04:01:20,7.267903114,-3.754402597,-5.404865760
2025-12-01 04:01:30,7.380987961,-3.777832258,-5.293292247
2025-12-01 04:01:40,7.379594997,-3.781951874,-5.309415342
2025-12-01 04:01:50,7.287823702,-4.001265555,-5.203943546
2025-12-01 04:02:00,7.300182073,-3.963084486,-5.249954591
2025-12-01 04:02:10,7.251169451,-3.919895444,-5.290458070
2025-12-01 04:02:20,7.238604372,-3.861804428,-5.369784543
2025-12-01 04:02:30,7.225641532,-3.743701597,-5.450960677
2025-12-01 04:02:40,7.198703058,-3.896477301,-5.400567508
2025-12-01 04:02:50,7.217394439,-4.066134388,-5.258022161
2025-12-01 04:03:00,7.239460111,-4.120578907,-5.166940014
2025-12-01 04:03:10,7.347998386,-4.136830487,-5.093386308
2025-12-01 04:03:20,7.268353418,-4.198201112,-5.065901533
2025-12-01 04:03:30,7.331984593,-4.110475845,-5.114783939
2025-12-01 04:03:40,7.339227668,-4.146781860,-5.045220808
2025-12-01 04:03:50,7.345416897,-4.055737765,-5.067743217
2025-12-01 04:04:00,7.413742454,-4.073763070,-5.044235157
2025-12-01 04:04:10,7.405334829,-4.000576270,-5.087839962
2025-12-01 04:04:20,7.403517945,-3.926259509,-5.041681638
2025-12-01 04:04:30,7.432650329,-3.898172957,-5.026949504
2025-12-01 04:04:40,7.376607416,-3.811970918,-5.163561152
2025-12-01 04:04:50,7.308869369,-3.990889691,-5.160514414
2025-12-01 04:05:00,7.484667634,-3.927598556,-4.923985244
2025-12-01 04:05:10,7.425286500,-3.899130920,-5.068419081
2025-12-01 04:05:20,7.368368132,-3.879607857,-5.196111242
2025-12-01 04:05:30,7.302102497,-3.974874026,-5.216811937
2025-12-01 04:05:40,7.290588393,-3.821885755,-5.302435091
2025-12-01 04:05:50,7.255286003,-3.979055329,-5.293072243
2025-12-01 04:06:00,7.234567884,-4.069642859,-5.206175671
2025-12-01 04:06:10,7.287054346,-4.163677949,-5.169089411
2025-12-01 04:06:20,7.193804960,-4.207921882,-5.165162413
2025-12-01 04:06:30,7.180215533,-4.105788297,-5.248193140
2025-12-01 04:06:40,7.207517528,-4.047374635,-5.258803743
2025-12-01 04:06:50,7.196825103,-4.066328471,-5.258663275
2025-12-01 04:07:00,7.072286653,-4.093080242,-5.350226257
2025-12-01 04:07:10,7.237130229,-4.052111933,-5.342600997
2025-12-01 04:07:20,7.145852227,-4.090489464,-5.302177209
2025-12-01 04:07:30,7.115612167,-4.075649575,-5.401384273
2025-12-01 04:07:40,7.085717733,-4.342059373,-5.232122791
2025-12-01 04:07:50,7.062925920,-4.409156448,-5.146734123
2025-12-01 04:08:00,7.058129501,-4.291892735,-5.247310852
2025-12-01 04:08:10,6.948600766,-4.385474549,-5.380161693
2025-12-01 04:08:20,6.886018218,-4.404139420,-5.432144908
2025-12-01 04:08:30,6.924188324,-4.359067134,-5.400048627
2025-12-01 04:08:40,7.101587893,-4.136616011,-5.401821467
2025-12-01 04:08:50,7.085877146,-4.032428984,-5.456406711
2025-12-01 04:09:00,7.020756383,-3.831732179,-5.694966539
2025-12-01 04:09:10,7.035415823,-4.017695843,-5.554188353
2025-12-01 04:09:20,7.107653806,-3.687892501,-5.646501000
2025-12-01 04:09:30,7.182205185,-3.619071925,-5.641944607
2025-12-01 04:09:40,7.175704428,-3.474728775,-5.709153126
2025-12-01 04:09:50,7.184355969,-3.567921395,-5.664099788
2025-12-01 04:10:00,7.309186751,-3.548846916,-5.511776781
2025-12-01 04:10:10,7.175659041,-3.619043107,-5.624907214
2025-12-01 04:10:20,7.249922325,-3.679366521,-5.518134191
2025-12-01 04:10:30,7.286877042,-3.702652302,-5.419522855
2025-12-01 04:10:40,7.414788838,-3.459500021,-5.447046497
2025-12-01 04:10:50,7.534242482,-3.326115887,-5.415739245
2025-12-01 04:11:00,7.390480510,-3.518498904,-5.417571888
2025-12-01 04:11:10,7.409966981,-3.395211028,-5.504082588
2025-12-01 04:11:20,7.379983826,-3.513951185,-5.333429831
2025-12-01 04:11:30,7.566765541,-3.543004231,-5.127426767
2025-12-01 04:11:40,7.496862054,-3.377968637,-5.337695257
2025-12-01 04:11:50,7.462831654,-3.487512034,-5.319642518
2025-12-01 04:12:00,7.537903176,-3.563772953,-5.198568917
2025-12-01 04:12:10,7.496160298,-3.698748502,-5.148459557
2025-12-01 04:12:20,7.580149043,-3.651925062,-4.993487618
2025-12-01 04:12:30,7.506606313,-3.679518756,-5.062949068
2025-12-01 04:12:40,7.519838318,-3.751387954,-5.059468794
2025-12-01 04:12:50,7.528140249,-3.635362652,-5.110714746
2025-12-01 04:13:00,7.490029745,-3.532060355,-5.238807007
2025-12-01 04:13:10,7.487401634,-3.792756754,-5.168992265
2025-12-01 04:13:20,7.380459933,-3.695550686,-5.249020700
2025-12-01 04:13:30,7.292439067,-3.834136908,-5.338315291
2025-12-01 04:13:40,7.417645110,-3.852007653,-5.141757108
2025-12-01 04:13:50,7.392292862,-3.854834779,-5.226622915
2025-12-01 04:14:00,7.357382185,-3.844161118,-5.244090198
2025-12-01 04:14:10,7.286253133,-3.858326508,-5.330937169
2025-12-01 04:14:20,7.413930013,-3.878777079,-5.157639144
2025-12-01 04:14:30,7.315587628,-3.950966945,-5.172165991
2025-12-01 04:14:40,7.005794712,-3.968024548,-5.596637199
2025-12-01 04:14:50,6.883120224,-4.109731308,-5.621658151
2025-12-01 04:15:00,6.884686680,-4.314894543,-5.537107179
2025-12-01 04:15:10,6.907282012,-4.430187608,-5.422295509
2025-12-01 04:15:20,6.913276935,-4.467313304,-5.337587692
2025-12-01 04:15:30,6.890558112,-4.537154414,-5.319995721
2025-12-01 04:15:40,6.748504726,-4.487996462,-5.476487687
2025-12-01 04:15:50,6.706878263,-4.558877617,-5.535965838
2025-12-01 04:16:00,6.846247329,-4.396192049,-5.440678757
2025-12-01 04:16:10,6.874303297,-4.276633589,-5.506832528
2025-12-01 04:16:20,6.877903337,-4.362832560,-5.508249137
2025-12-01 04:16:30,6.860457446,-4.406618851,-5.478168712
2025-12-01 04:16:40,6.763399069,-4.349965855,-5.608583166
2025-12-01 04:16:50,6.797930057,-4.251690276,-5.646376708
2025-12-01 04:17:00,6.790940348,-4.224578889,-5.650835823
2025-12-01 04:17:10,6.802573722,-4.072941156,-5.780470368
2025-12-01 04:17:20,6.615515026,-4.202973146,-5.860402758
2025-12-01 04:17:30,6.609358553,-4.342520172,-5.847649117
2025-12-01 04:17:40,6.514037900,-4.045993773,-6.094721713
2025-12-01 04:17:50,6.480438719,-3.921445636,-6.242163490
2025-12-01 04:18:00,6.437047792,-3.892180654,-6.338760300
2025-12-01 04:18:10,6.426677697,-3.711637144,-6.442183464
2025-12-01 04:18:20,6.279661437,-3.795217672,-6.517996346
2025-12-01 04:18:30,6.462989344,-3.868763917,-6.353420724
2025-12-01 04:18:40,6.348787696,-3.976514720,-6.297303008
2025-12-01 04:18:50,6.371451169,-3.873548542,-6.413534535
2025-12-01 04:19:00,6.373398570,-3.962173697,-6.313556736
2025-12-01 04:19:10,6.332335136,-4.073866933,-6.283808716
2025-12-01 04:19:20,6.319934372,-3.888979491,-6.390165230
2025-12-01 04:19:30,6.409559423,-3.716551480,-6.484354799
2025-12-01 04:19:40,6.527804013,-3.885608416,-6.211357839
2025-12-01 04:19:50,6.457171510,-4.014895295,-6.123114383
2025-12-01 04:20:00,6.513666140,-4.003243154,-6.113200906
2025-12-01 04:20:10,6.306660271,-4.259503489,-6.142990358
2025-12-01 04:20:20,6.379375229,-4.322251377,-6.053796952
2025-12-01 04:20:30,6.219660798,-4.275037246,-6.303492060
2025-12-01 04:20:40,6.165535536,-4.344902141,-6.268399262
2025-12-01 04:20:50,6.055955699,-4.566786718,-6.246945546
2025-12-01 04:21:00,6.040581698,-4.490255212,-6.298732947
2025-12-01 04:21:10,6.247716799,-4.646514531,-6.007343114
2025-12-01 04:21:20,6.154461682,-4.759904387,-5.993905402
2025-12-01 04:21:30,6.105655941,-4.728805278,-6.068682720
2025-12-01 04:21:40,5.920534962,-4.600373451,-6.287445669
2025-12-01 04:21:50,5.665403702,-4.921931527,-6.298003729
2025-12-01 04:22:00,5.652614428,-5.044570035,-6.257817984
2025-12-01 04:22:10,5.628686140,-5.049188731,-6.203941393
2025-12-01 04:22:20,5.519798506,-5.071685483,-6.375454906
2025-12-01 04:22:30,5.504056156,-5.001175437,-6.409158138
2025-12-01 04:22:40,5.403947548,-5.018310617,-6.406845648
2025-12-01 04:22:50,5.369693145,-5.053657935,-6.481042976
2025-12-01 04:23:00,5.266212046,-4.995906044,-6.579974606
2025-12-01 04:23:10,5.342408017,-5.003519055,-6.567216217
2025-12-01 04:23:20,5.273557389,-5.165695741,-6.450486112
2025-12-01 04:23:30,5.338024231,-5.120244192,-6.402271112
2025-12-01 04:23:40,5.263755268,-5.147773184,-6.485849864
2025-12-01 04:23:50,5.365529657,-5.242044944,-6.397214904
2025-12-01 04:24:00,5.172153089,-5.024182428,-6.671157223
2025-12-01 04:24:10,5.024058493,-4.840952441,-6.859030230
2025-12-01 04:24:20,5.117460745,-4.655581208,-6.952318905
2025-12-01 04:24:30,5.231220114,-4.667767878,-6.875483900
2025-12-01 04:24:40,5.125712411,-4.824760361,-6.857107630
2025-12-01 04:24:50,5.166002376,-4.891182966,-6.787560383
2025-12-01 04:25:00,5.149994620,-4.973995773,-6.769893414
2025-12-01 04:25:10,4.987512973,-4.953266369,-6.845587524
2025-12-01 04:25:20,5.137868402,-5.029385083,-6.706290032
2025-12-01 04:25:30,5.127424069,-4.916158981,-6.785974780
2025-12-01 04:25:40,5.131747034,-5.003298276,-6.707192057
2025-12-01 04:25:50,4.886804687,-4.931356193,-6.926012034
2025-12-01 04:26:00,5.046721178,-4.898434188,-6.830651100
2025-12-01 04:26:10,4.940030019,-4.882505400,-6.915546613
2025-12-01 04:26:20,4.793543773,-4.988665972,-6.954678002
2025-12-01 04:26:30,4.721774750,-5.073456764,-6.968146376
2025-12-01 04:26:40,4.737147887,-5.153977591,-6.887631462
2025-12-01 04:26:50,4.848982319,-5.002171821,-6.874449556
2025-12-01 04:27:00,4.868963881,-4.924887944,-6.956180865
2025-12-01 04:27:10,4.822700058,-4.849928285,-7.014433069
2025-12-01 04:27:20,4.789569422,-4.901365658,-7.015268792
2025-12-01 04:27:30,4.736323453,-4.915627431,-6.979470131
2025-12-01 04:27:40,4.794249113,-5.004906930,-6.957212857
2025-12-01 04:27:50,4.963705044,-4.847643665,-6.944499612
2025-12-01 04:28:00,4.982860315,-4.822797049,-6.947654765
2025-12-01 04:28:10,5.090646817,-4.780118482,-6.952928802
2025-12-01 04:28:20,5.178658275,-4.607793768,-6.968560516
2025-12-01 04:28:30,5.324492190,-4.558564832,-6.846563846
2025-12-01 04:28:40,5.414115276,-4.509214513,-6.850013161
2025-12-01 04:28:50,5.424991022,-4.312281485,-6.962808935
2025-12-01 04:29:00,5.381538300,-4.469112096,-6.903257675
2025-12-01 04:29:10,5.421725242,-4.667669239,-6.699467254
2025-12-01 04:29:20,5.415988158,-4.659607439,-6.681208807
2025-12-01 04:29:30,5.458458488,-4.744777143,-6.612817007
2025-12-01 04:29:40,5.507831654,-4.690026148,-6.657030988
2025-12-01 04:29:50,5.478973625,-4.680361302,-6.652258803
2025-12-01 04:30:00,5.574830025,-4.528732959,-6.669403458
2025-12-01 04:30:10,5.594417253,-4.470220697,-6.757724991
2025-12-01 04:30:20,5.771909073,-4.445830479,-6.526692677
2025-12-01 04:30:30,5.913814046,-4.446124198,-6.420491939
2025-12-01 04:30:40,5.899312084,-4.689002452,-6.296057681
2025-12-01 04:30:50,5.989252990,-4.651718762,-6.229873600
2025-12-01 04:31:00,6.031638090,-4.610139978,-6.258051265
2025-12-01 04:31:10,6.174246440,-4.553469757,-6.190130702
2025-12-01 04:31:20,6.197027199,-4.565338650,-6.072099127
2025-12-01 04:31:30,6.154467603,-4.524903579,-6.150607770
2025-12-01 04:31:40,6.375147966,-4.372837311,-5.984134993
2025-12-01 04:31:50,6.355985084,-4.379231604,-6.070292634
2025-12-01 04:32:00,6.348416051,-4.477762186,-5.974900160
2025-12-01 04:32:10,6.388226819,-4.460826015,-5.922715882
2025-12-01 04:32:20,6.317225052,-4.466843483,-6.021585442
2025-12-01 04:32:30,6.322143993,-4.395647647,-6.041688635
2025-12-01 04:32:40,6.440196811,-4.149199392,-6.098571068
2025-12-01 04:32:50,6.476891300,-4.113919713,-6.076821809
2025-12-01 04:33:00,6.530167224,-4.184986684,-5.997347133
2025-12-01 04:33:10,6.462709050,-4.158405909,-6.039303402
2025-12-01 04:33:20,6.356907326,-4.234005908,-6.170139017
2025-12-01 04:33:30,6.404727613,-4.039949405,-6.265809038
2025-12-01 04:33:40,6.284532745,-4.080492704,-6.364360154
2025-12-01 04:33:50,6.357289440,-4.035098214,-6.301822965
2025-12-01 04:34:00,6.340451880,-4.178169821,-6.241535053
2025-12-01 04:34:10,6.300309454,-4.154543895,-6.254536763
2025-12-01 04:34:20,6.426705354,-4.202174251,-6.100486583
2025-12-01 04:34:30,6.328771059,-4.359105709,-6.071308440
2025-12-01 04:34:40,6.442045214,-4.255636412,-6.068203770
2025-12-01 04:34:50,6.362191467,-4.345183330,-6.030014834
2025-12-01 04:35:00,6.281295575,-4.565390769,-6.009423734
2025-12-01 04:35:10,6.327865654,-4.351679895,-6.095314626
2025-12-01 04:35:20,6.350754672,-4.268869698,-6.126899659
2025-12-01 04:35:30,6.363762443,-4.351961154,-6.049594248
2025-12-01 04:35:40,6.472022886,-4.420135894,-5.941404254
2025-12-01 04:35:50,6.529384200,-4.413188676,-5.822025667
2025-12-01 04:36:00,6.531753329,-4.371428174,-5.878136999
2025-12-01 04:36:10,6.509728435,-4.356420813,-5.934601167
2025-12-01 04:36:20,6.344446626,-4.600140390,-5.873866404
2025-12-01 04:36:30,6.513110501,-4.492772598,-5.787493041
2025-12-01 04:36:40,6.599867319,-4.289320371,-5.873182848
2025-12-01 04:36:50,6.553333779,-4.180166900,-6.029714206
2025-12-01 04:37:00,6.451509215,-4.177866211,-6.108944744
2025-12-01 04:37:10,6.381540784,-4.225106845,-6.105926914
2025-12-01 04:37:20,6.292896870,-4.343074434,-6.115550533
2025-12-01 04:37:30,6.409442755,-4.525044479,-5.937740475
2025-12-01 04:37:40,6.436930963,-4.615327960,-5.827945522
2025-12-01 04:37:50,6.478183542,-4.529741197,-5.783537424
2025-12-01 04:38:00,6.323201516,-4.542274981,-5.971857935
2025-12-01 04:38:10,6.399077828,-4.441176208,-5.963326619
2025-12-01 04:38:20,6.370401980,-4.479298611,-5.993299327
2025-12-01 04:38:30,6.356879885,-4.569381030,-5.919488983
2025-12-01 04:38:40,6.506455293,-4.548072224,-5.773230976
2025-12-01 04:38:50,6.384110529,-4.561686474,-5.867642340
2025-12-01 04:39:00,6.425476034,-4.460411045,-5.881507404
2025-12-01 04:39:10,6.473622134,-4.357855836,-5.978160346
2025-12-01 04:39:20,6.489798329,-4.290117327,-6.011339474
2025-12-01 04:39:30,6.400792065,-4.334015059,-5.997064904
2025-12-01 04:39:40,6.599104753,-4.342878852,-5.822437973
2025-12-01 04:39:50,6.472273175,-4.169886408,-6.037916947
2025-12-01 04:40:00,6.596019187,-4.266118576,-5.900737789
2025-12-01 04:40:10,6.744870451,-4.223015715,-5.710333114
2025-12-01 04:40:20,6.905947070,-4.050487908,-5.611554294
2025-12-01 04:40:30,6.885559356,-4.076634698,-5.736837265
2025-12-01 04:40:40,6.881105936,-4.001551292,-5.706076111
2025-12-01 04:40:50,6.808379700,-4.175789749,-5.717451251
2025-12-01 04:41:00,6.801944366,-3.943044618,-5.839102514
2025-12-01 04:41:10,6.879327786,-4.058034558,-5.685545249
2025-12-01 04:41:20,6.977808214,-4.011875189,-5.619946472
2025-12-01 04:41:30,7.016635385,-4.021922060,-5.595303948
2025-12-01 04:41:40,7.060910835,-3.845710491,-5.590574122
2025-12-01 04:41:50,7.111253498,-3.810901324,-5.586170547
2025-12-01 04:42:00,7.038736366,-3.719261436,-5.708703628
2025-12-01 04:42:10,6.946205009,-3.544706193,-5.949465259
2025-12-01 04:42:20,7.040421964,-3.388000519,-5.953095343
2025-12-01 04:42:30,7.119983279,-3.282906577,-5.867159516
2025-12-01 04:42:40,7.002336344,-3.323189760,-5.937496225
2025-12-01 04:42:50,7.032568012,-3.220267519,-5.993488783
2025-12-01 04:43:00,7.074595442,-3.210671541,-5.989483634
2025-12-01 04:43:10,7.057301362,-3.251823959,-5.969806006
2025-12-01 04:43:20,7.017171662,-3.296133901,-5.968537219
2025-12-01 04:43:30,6.974143350,-3.367898092,-5.998738723
2025-12-01 04:43:40,6.900171095,-3.461570042,-6.035747571
2025-12-01 04:43:50,6.806195955,-3.457893522,-6.177787296
2025-12-01 04:44:00,6.625357861,-3.683214493,-6.215700246
2025-12-01 04:44:10,6.632157232,-3.801841614,-6.156035483
2025-12-01 04:44:20,6.681426379,-3.722378659,-6.095658757
2025-12-01 04:44:30,6.836250964,-3.616847418,-6.026119598
2025-12-01 04:44:40,6.784089651,-3.652260635,-6.084909086
2025-12-01 04:44:50,6.847409426,-3.700736499,-5.942380795
2025-12-01 04:45:00,6.722840043,-3.756600544,-6.087026471
2025-12-01 04:45:10,6.779326514,-3.681583942,-6.030278724
2025-12-01 04:45:20,6.742444844,-3.870926628,-5.986045328
2025-12-01 04:45:30,6.576239111,-3.811123092,-6.154986674
2025-12-01 04:45:40,6.438813002,-3.856840628,-6.277960164
2025-12-01 04:45:50,6.613767288,-3.788903062,-6.204841528
2025-12-01 04:46:00,6.521305226,-3.739822571,-6.253289703
2025-12-01 04:46:10,6.652282646,-3.593126920,-6.227879698
2025-12-01 04:46:20,6.585153025,-3.645607855,-6.274472077
2025-12-01 04:46:30,6.527236468,-3.607055547,-6.310260313
2025-12-01 04:46:40,6.562857300,-3.578171747,-6.381321872
2025-12-01 04:46:50,6.510411060,-3.714440159,-6.335514356
2025-12-01 04:47:00,6.575223204,-3.772519788,-6.250540770
2025-12-01 04:47:10,6.600958351,-3.737532849,-6.234605393
2025-12-01 04:47:20,6.631740248,-3.870606405,-6.130359123
2025-12-01 04:47:30,6.658591127,-3.845319614,-6.053832614
2025-12-01 04:47:40,6.829580702,-3.785237142,-6.007161370
2025-12-01 04:47:50,6.869940611,-3.699068199,-6.005087321
2025-12-01 04:48:00,6.984670122,-3.648934795,-5.858309459
2025-12-01 04:48:10,7.081031225,-3.594888159,-5.777348396
2025-12-01 04:48:20,7.053957261,-3.692086694,-5.760969368
2025-12-01 04:48:30,7.101675945,-3.550465413,-5.776030181
2025-12-01 04:48:40,6.991289392,-3.514393033,-5.958992328
2025-12-01 04:48:50,7.093660140,-3.522750468,-5.783181912
2025-12-01 04:49:00,7.095495664,-3.381126577,-5.913620437
2025-12-01 04:49:10,7.076306465,-3.166871782,-5.942213442
2025-12-01 04:49:20,7.112693035,-3.269210426,-5.909784400
2025-12-01 04:49:30,7.180696319,-3.151349294,-5.919588171
2025-12-01 04:49:40,7.012725075,-3.392929569,-5.903895916
2025-12-01 04:49:50,6.940397117,-3.596182149,-5.932033341
2025-12-01 04:50:00,6.959091607,-3.652664095,-5.918337828
2025-12-01 04:50:10,6.868147524,-3.836768733,-5.838213330
2025-12-01 04:50:20,6.902282306,-3.829488796,-5.816956532
2025-12-01 04:50:30,6.680666196,-4.017919107,-5.926370864
2025-12-01 04:50:40,6.736728097,-4.069158118,-5.855324666
2025-12-01 04:50:50,6.861217485,-4.115181851,-5.697678766
2025-12-01 04:51:00,6.559478448,-4.172331161,-6.019008266
2025-12-01 04:51:10,6.409317638,-4.309464515,-6.029136489
2025-12-01 04:51:20,6.367029663,-4.452018436,-6.023103097
2025-12-01 04:51:30,6.382565054,-4.384913290,-6.028462583
2025-12-01 04:51:40,6.301742702,-4.551158892,-5.981144731
2025-12-01 04:51:50,6.385405723,-4.521930228,-5.934120347
2025-12-01 04:52:00,6.318676970,-4.462408809,-6.053734289
2025-12-01 04:52:10,6.311948588,-4.489230670,-6.014319381
2025-12-01 04:52:20,6.519078045,-4.404326348,-5.847427063
2025-12-01 04:52:30,6.673169395,-4.242730372,-5.819020281
2025-12-01 04:52:40,6.573168132,-3.994985545,-6.080234916
2025-12-01 04:52:50,6.379843620,-4.042722393,-6.235013085
2025-12-01 04:53:00,6.586333587,-3.886514304,-6.164512221
2025-12-01 04:53:10,6.614808083,-3.745712731,-6.228316132
2025-12-01 04:53:20,6.852964112,-3.581283066,-6.002932384
2025-12-01 04:53:30,7.069937969,-3.667357922,-5.760620939
2025-12-01 04:53:40,6.937105045,-3.736657781,-5.835165150
2025-12-01 04:53:50,6.991932212,-3.793805532,-5.750512465
2025-12-01 04:54:00,6.924285755,-4.071085376,-5.711503878
2025-12-01 04:54:10,6.952046267,-3.954970034,-5.665598295
2025-12-01 04:54:20,6.857807751,-3.999744193,-5.762551363
2025-12-01 04:54:30,6.993348133,-4.087663108,-5.538085969
2025-12-01 04:54:40,6.842569642,-4.358829262,-5.508634493
2025-12-01 04:54:50,6.614748640,-4.812605517,-5.455604643
2025-12-01 04:55:00,6.591156945,-4.689367362,-5.551129441
2025-12-01 04:55:10,6.610476997,-4.546381986,-5.643677936
2025-12-01 04:55:20,6.756659345,-4.634519337,-5.404394207
2025-12-01 04:55:30,6.753097481,-4.747454701,-5.270290387
2025-12-01 04:55:40,6.688297610,-4.712501172,-5.360380496
2025-12-01 04:55:50,6.821899485,-4.725337932,-5.231667034
2025-12-01 04:56:00,6.609269128,-4.873570466,-5.288582168
2025-12-01 04:56:10,6.409720271,-5.171819320,-5.337821528
2025-12-01 04:56:20,6.353725748,-5.075897619,-5.522498178
2025-12-01 04:56:30,6.420398394,-4.941673776,-5.523985609
2025-12-01 04:56:40,6.245993434,-4.922463194,-5.738465147
2025-12-01 04:56:50,6.104861914,-4.972160382,-5.828792615
2025-12-01 04:57:00,6.196175018,-4.985246048,-5.786228394
2025-12-01 04:57:10,5.955056930,-5.079268901,-5.887728700
2025-12-01 04:57:20,6.136001240,-4.942369489,-5.823105717
2025-12-01 04:57:30,5.879286295,-4.875609446,-6.102847552
2025-12-01 04:57:40,5.840330469,-4.801976807,-6.243775324
2025-12-01 04:57:50,5.856104046,-4.832375477,-6.233035660
2025-12-01 04:58:00,6.059551927,-4.549747310,-6.246598493
2025-12-01 04:58:10,5.976030467,-4.735972389,-6.231743825
2025-12-01 04:58:20,6.274041375,-4.512885949,-6.027667194
2025-12-01 04:58:30,6.278530706,-4.625740091,-5.951297817
2025-12-01 04:58:40,6.218852502,-4.454358362,-6.176276072
2025-12-01 04:58:50,6.337351104,-4.438184115,-5.997709914
2025-12-01 04:59:00,6.209137358,-4.840480210,-5.852050636
2025-12-01 04:59:10,6.196147895,-4.672606734,-5.950501854
2025-12-01 04:59:20,5.872492995,-4.937950429,-6.079466882
2025-12-01 04:59:30,5.878834357,-5.071710958,-5.977882918
2025-12-01 04:59:40,5.955850444,-5.061879014,-5.975505626
2025-12-01 04:59:50,5.773773032,-5.246033700,-5.971349580
2025-12-01 05:00:00,5.930497845,-5.148407360,-5.859398197
2025-12-01 05:00:10,5.810252017,-5.188111960,-5.957320589
2025-12-01 05:00:20,5.756429387,-5.475978674,-5.765801933
2025-12-01 05:00:30,5.667552887,-5.500361061,-5.801792508
2025-12-01 05:00:40,5.667974027,-5.561888822,-5.726994979
2025-12-01 05:00:50,5.741855112,-5.756455609,-5.536385416
2025-12-01 05:01:00,5.706509849,-5.605935585,-5.706431527
2025-12-01 05:01:10,5.763653783,-5.661336976,-5.523953220
2025-12-01 05:01:20,5.995660994,-5.579794802,-5.448739676
2025-12-01 05:01:30,5.949754465,-5.483961796,-5.576148571
2025-12-01 05:01:40,5.981527862,-5.390623669,-5.592566498
2025-12-01 05:01:50,5.990587994,-5.503937511,-5.453222440
2025-12-01 05:02:00,6.031478053,-5.615721933,-5.348576461
2025-12-01 05:02:10,6.103430069,-5.675958888,-5.138493655
2025-12-01 05:02:20,6.005382351,-6.017579206,-4.880610496
2025-12-01 05:02:30,6.161627827,-5.975505080,-4.796953244
2025-12-01 05:02:40,6.113765826,-6.131859597,-4.630258094
2025-12-01 05:02:50,6.138779927,-6.146741694,-4.644033169
2025-12-01 05:03:00,5.958074448,-6.324181666,-4.573610365
2025-12-01 05:03:10,5.954188851,-6.119127619,-4.833585013
2025-12-01 05:03:20,5.937034083,-5.863784278,-5.145707271
2025-12-01 05:03:30,6.033928525,-5.985735475,-4.910272946
2025-12-01 05:03:40,5.973917299,-5.933131573,-5.045619632
2025-12-01 05:03:50,5.868266427,-5.812723567,-5.293977697
2025-12-01 05:04:00,5.850638629,-5.855095169,-5.253327041
2025-12-01 05:04:10,5.721085801,-5.866421474,-5.363141008
2025-12-01 05:04:20,5.902644672,-5.795387550,-5.316669595
2025-12-01 05:04:30,5.846790317,-5.825469555,-5.328339655
2025-12-01 05:04:40,5.939031252,-5.773070465,-5.203690423
2025-12-01 05:04:50,5.860191961,-5.618543273,-5.470447214
2025-12-01 05:05:00,5.865297921,-5.467408018,-5.607714777
2025-12-01 05:05:10,5.882874455,-5.444347873,-5.588074374
2025-12-01 05:05:20,5.859895969,-5.420116070,-5.691190947
2025-12-01 05:05:30,5.955603842,-5.429175147,-5.611525859
2025-12-01 05:05:40,6.006543121,-5.506033581,-5.461528939
2025-12-01 05:05:50,5.917913959,-5.413966122,-5.626477070
2025-12-01 05:06:00,6.003657281,-5.553630041,-5.376827150
2025-12-01 05:06:10,6.158551148,-5.431740022,-5.364963626
2025-12-01 05:06:20,6.039586722,-5.378614815,-5.557965291
2025-12-01 05:06:30,5.834091418,-5.601405002,-5.541698171
2025-12-01 05:06:40,5.793183087,-5.657584476,-5.539557851
2025-12-01 05:06:50,6.000514251,-5.537309351,-5.495005995
2025-12-01 05:07:00,6.034138666,-5.251095931,-5.574570933
2025-12-01 05:07:10,6.088393538,-5.531471828,-5.398825731
2025-12-01 05:07:20,6.207022524,-5.410873284,-5.344385237
2025-12-01 05:07:30,6.211425747,-5.479647739,-5.296840812
2025-12-01 05:07:40,6.054018513,-5.838032367,-5.054321512
2025-12-01 05:07:50,6.171386714,-5.473723770,-5.325850118
2025-12-01 05:08:00,6.138313108,-5.514343525,-5.294300515
2025-12-01 05:08:10,6.076594732,-5.579107166,-5.320271420
2025-12-01 05:08:20,6.103318666,-5.609994953,-5.215729458
2025-12-01 05:08:30,6.080169712,-5.607198087,-5.257239388
2025-12-01 05:08:40,5.883779675,-5.673996019,-5.474537337
2025-12-01 05:08:50,5.868627621,-5.618720759,-5.543120092
2025-12-01 05:09:00,5.895674169,-5.565830222,-5.466108322
2025-12-01 05:09:10,5.811335363,-5.660582299,-5.512976184
2025-12-01 05:09:20,5.665192450,-5.762510346,-5.566968268
2025-12-01 05:09:30,5.442220385,-5.939951531,-5.633088945
2025-12-01 05:09:40,5.467124660,-5.771476209,-5.693761178
2025-12-01 05:09:50,5.746593076,-5.623240392,-5.586181642
2025-12-01 05:10:00,5.895233726,-5.449049133,-5.641881712
2025-12-01 05:10:10,5.884332660,-5.318057598,-5.844537238
2025-12-01 05:10:20,5.849038705,-5.165434230,-5.926377483
2025-12-01 05:10:30,5.739445224,-5.240525573,-5.974153143
2025-12-01 05:10:40,5.838926044,-5.169244911,-5.960425341
2025-12-01 05:10:50,5.909485663,-4.920697859,-6.005249054
2025-12-01 05:11:00,6.004621005,-4.893781265,-6.040248118
2025-12-01 05:11:10,6.219859009,-4.719664446,-5.950986846
2025-12-01 05:11:20,6.162362202,-4.828058688,-5.952197612
2025-12-01 05:11:30,6.049637885,-4.768065420,-6.047012172
2025-12-01 05:11:40,6.118875859,-4.708373048,-6.098644252
2025-12-01 05:11:50,6.041461984,-4.596629921,-6.246260631
2025-12-01 05:12:00,6.057145995,-4.653454923,-6.101827928
2025-12-01 05:12:10,5.968104369,-4.775328092,-6.107914092
2025-12-01 05:12:20,5.776867713,-5.032187989,-6.158847321
2025-12-01 05:12:30,5.718861751,-5.088236144,-6.163750808
2025-12-01 05:12:40,5.741288188,-5.169542474,-6.021392126
2025-12-01 05:12:50,5.668309049,-5.318970736,-5.952209715
2025-12-01 05:13:00,5.511062668,-5.414467890,-6.026310182
2025-12-01 05:13:10,5.505610266,-5.259058684,-6.173470031
2025-12-01 05:13:20,5.649194390,-4.942645235,-6.289476537
2025-12-01 05:13:30,5.275260998,-4.937924136,-6.650332403
2025-12-01 05:13:40,5.437071978,-4.701559533,-6.636289676
2025-12-01 05:13:50,5.596771888,-4.707180899,-6.540357888
2025-12-01 05:14:00,5.591334401,-4.881271679,-6.401821513
2025-12-01 05:14:10,5.467344086,-4.749801063,-6.636400299
2025-12-01 05:14:20,5.255850776,-4.727851290,-6.799012875
2025-12-01 05:14:30,5.133904743,-5.033581276,-6.696347672
2025-12-01 05:14:40,4.833773822,-4.842539492,-7.061661342
2025-12-01 05:14:50,4.695981542,-4.640410054,-7.210031433
2025-12-01 05:15:00,4.765446844,-4.823240784,-7.107398529
2025-12-01 05:15:10,4.800787773,-4.633758257,-7.166295338
2025-12-01 05:15:20,4.736806954,-4.579165355,-7.229509126
2025-12-01 05:15:30,4.936992525,-4.795491296,-6.938161669
2025-12-01 05:15:40,5.020602788,-4.825972686,-6.932486456
2025-12-01 05:15:50,5.162288784,-4.935137929,-6.773750214
2025-12-01 05:16:00,5.150139387,-4.722529292,-6.883566953
2025-12-01 05:16:10,5.044186062,-4.981553391,-6.757845399
2025-12-01 05:16:20,4.689155077,-4.983528731,-7.026532766
2025-12-01 05:16:30,4.489058771,-5.207685701,-7.005262278
2025-12-01 05:16:40,4.467266641,-5.138419617,-7.080989850
2025-12-01 05:16:50,4.294226619,-4.866938593,-7.370064352
2025-12-01 05:17:00,4.093954383,-5.058242566,-7.331831236
2025-12-01 05:17:10,4.223023058,-5.202366735,-7.160383299
2025-12-01 05:17:20,4.172938930,-5.108503356,-7.262635957
2025-12-01 05:17:30,4.357827515,-4.939263159,-7.315683938
2025-12-01 05:17:40,4.330169016,-4.980517065,-7.311166056
2025-12-01 05:17:50,4.092657885,-5.181456775,-7.274140770
2025-12-01 05:18:00,4.071917548,-5.330500701,-7.113093622
2025-12-01 05:18:10,4.048902385,-5.277841466,-7.258303639
2025-12-01 05:18:20,3.706083089,-5.256346221,-7.391877533
2025-12-01 05:18:30,3.751134369,-5.144482320,-7.468813795
2025-12-01 05:18:40,3.301503015,-5.290443693,-7.555639743
2025-12-01 05:18:50,3.245207756,-5.196477829,-7.619694363
2025-12-01 05:19:00,3.634743568,-5.407644270,-7.304836239
2025-12-01 05:19:10,3.772473487,-5.408718649,-7.263777805
2025-12-01 05:19:20,3.647680747,-5.493717585,-7.199424059
2025-12-01 05:19:30,3.965177771,-5.622228212,-7.012609555
2025-12-01 05:19:40,4.203513380,-5.793984220,-6.732932528
2025-12-01 05:19:50,3.946762303,-5.841963875,-6.833076814
2025-12-01 05:20:00,4.116476274,-5.763031196,-6.833889900
2025-12-01 05:20:10,3.831047774,-6.104805380,-6.604791449
2025-12-01 05:20:20,3.698912639,-6.141626975,-6.658602151
2025-12-01 05:20:30,3.889401039,-6.207905114,-6.569765504
2025-12-01 05:20:40,3.833080762,-6.176219944,-6.597650430
2025-12-01 05:20:50,4.210070979,-5.943861849,-6.555588033
2025-12-01 05:21:00,3.768835309,-6.189178402,-6.623764844
2025-12-01 05:21:10,3.878223807,-5.832768940,-6.811953214
2025-12-01 05:21:20,3.696976116,-6.317873940,-6.595408628
2025-12-01 05:21:30,3.627796250,-6.359845572,-6.503604031
2025-12-01 05:21:40,3.777732689,-6.218756084,-6.579334573
2025-12-01 05:21:50,4.177650004,-6.097641598,-6.453948345
2025-12-01 05:22:00,4.117814357,-6.095273899,-6.493274652
2025-12-01 05:22:10,3.952517972,-6.017902667,-6.679339159
2025-12-01 05:22:20,4.000985570,-5.608817196,-6.947383497
2025-12-01 05:22:30,4.138038741,-5.796840246,-6.764634932
2025-12-01 05:22:40,4.090392956,-5.682760542,-6.851078598
2025-12-01 05:22:50,3.742893165,-5.855108670,-6.934714105
2025-12-01 05:23:00,3.323721080,-5.849000055,-7.134525286
2025-12-01 05:23:10,3.402406678,-5.735796578,-7.219761165
2025-12-01 05:23:20,3.477388805,-5.523403444,-7.358477068
2025-12-01 05:23:30,3.413311430,-5.301281264,-7.500410220
2025-12-01 05:23:40,3.715679367,-4.882451612,-7.607681881
2025-12-01 05:23:50,3.739291186,-4.862647122,-7.627467407
2025-12-01 05:24:00,3.538627491,-4.444806205,-7.982152769
2025-12-01 05:24:10,3.323866921,-4.721511769,-7.931254052
2025-12-01 05:24:20,3.584744400,-4.289736351,-8.020937845
2025-12-01 05:24:30,3.688624255,-4.023329287,-8.189509524
2025-12-01 05:24:40,3.598110952,-3.916224416,-8.213932363
2025-12-01 05:24:50,3.688946899,-3.837356923,-8.242877775
2025-12-01 05:25:00,3.386734960,-4.063516001,-8.261467454
2025-12-01 05:25:10,3.664896629,-4.134433569,-8.157557114
2025-12-01 05:25:20,3.734238424,-4.554419712,-7.854653713
2025-12-01 05:25:30,3.698422498,-4.569629817,-7.859380888
2025-12-01 05:25:40,3.689795912,-4.715879080,-7.742861299
2025-12-01 05:25:50,3.545151658,-4.661632743,-7.834093287
2025-12-01 05:26:00,3.417850071,-4.700808927,-7.916390112
2025-12-01 05:26:10,3.520386388,-4.281754491,-8.084557372
2025-12-01 05:26:20,3.820631223,-4.336134523,-7.854732610
2025-12-01 05:26:30,3.645681527,-4.413609155,-7.944888512
2025-12-01 05:26:40,3.583490818,-4.665561775,-7.836674728
2025-12-01 05:26:50,3.718616828,-4.421218091,-7.922409544
2025-12-01 05:27:00,3.834491330,-4.684298039,-7.732964702
2025-12-01 05:27:10,3.683815006,-4.733632378,-7.763804423
2025-12-01 05:27:20,4.039819312,-4.882533796,-7.489642960
2025-12-01 05:27:30,3.987238881,-4.778771970,-7.572315445
2025-12-01 05:27:40,4.083762864,-4.899084532,-7.430755107
2025-12-01 05:27:50,4.073549968,-5.040257640,-7.317777136
2025-12-01 05:28:00,3.716111895,-5.105444478,-7.516980083
2025-12-01 05:28:10,3.856037647,-5.247042879,-7.327769446
2025-12-01 05:28:20,4.250546739,-5.267788671,-7.132250458
2025-12-01 05:28:30,4.446592828,-5.522187688,-6.768912700
2025-12-01 05:28:40,4.305224080,-5.348217227,-7.000716445
2025-12-01 05:28:50,4.106617042,-5.126212915,-7.284004910
2025-12-01 05:29:00,3.844450206,-5.120116436,-7.452007221
2025-12-01 05:29:10,3.969747815,-4.798705851,-7.607063943
2025-12-01 05:29:20,4.001247258,-4.668917810,-7.634052557
2025-12-01 05:29:30,3.887932330,-4.598717562,-7.777894281
2025-12-01 05:29:40,3.905218878,-4.708177892,-7.694449056
2025-12-01 05:29:50,4.016350115,-4.800727761,-7.576976477
2025-12-01 05:30:00,4.314787165,-4.809172983,-7.354918606
2025-12-01 05:30:10,4.294449771,-5.105994123,-7.148729133
2025-12-01 05:30:20,4.431007060,-4.699522107,-7.357290346
2025-12-01 05:30:30,4.412989274,-4.690821151,-7.373516623
2025-12-01 05:30:40,3.923674615,-4.669508791,-7.656043739
2025-12-01 05:30:50,4.232541568,-4.518191270,-7.629743551
2025-12-01 05:31:00,4.108079853,-4.459251809,-7.745585602
2025-12-01 05:31:10,3.953257877,-4.562508425,-7.733079574
2025-12-01 05:31:20,3.809334280,-4.581807067,-7.786009566
2025-12-01 05:31:30,3.523595401,-4.646569555,-7.879437225
2025-12-01 05:31:40,3.373830964,-4.473058670,-8.084812270
2025-12-01 05:31:50,3.499276902,-4.309643304,-8.049945771
2025-12-01 05:32:00,3.601741175,-4.435398044,-7.986275427
2025-12-01 05:32:10,3.823255979,-4.420405446,-7.898565525
2025-12-01 05:32:20,3.786679946,-4.462761358,-7.858510056
2025-12-01 05:32:30,3.687097943,-4.459505107,-7.926747384
2025-12-01 05:32:40,3.795956672,-4.249075539,-7.999979555
2025-12-01 05:32:50,3.923144280,-4.320660564,-7.883216782
2025-12-01 05:33:00,3.806027570,-4.859381723,-7.613305467
2025-12-01 05:33:10,3.615816195,-4.483994212,-7.875016532
2025-12-01 05:33:20,3.403401206,-5.010402610,-7.668002914
2025-12-01 05:33:30,3.578057516,-5.000273587,-7.581812009
2025-12-01 05:33:40,3.274567496,-4.695618936,-8.002573147
2025-12-01 05:33:50,3.429147988,-4.849729783,-7.825407733
2025-12-01 05:34:00,3.481351032,-5.051204970,-7.686613116
2025-12-01 05:34:10,3.276367360,-5.092362261,-7.710152802
2025-12-01 05:34:20,3.198398802,-5.030896666,-7.784591396
2025-12-01 05:34:30,3.340571578,-5.133058814,-7.688561455
2025-12-01 05:34:40,3.132687197,-5.239569386,-7.702059921
2025-12-01 05:34:50,3.437306544,-5.164200306,-7.647092082
2025-12-01 05:35:00,3.282544994,-5.284363534,-7.592727331
2025-12-01 05:35:10,3.385374449,-5.360000492,-7.412822099
2025-12-01 05:35:20,3.792446237,-4.755713838,-7.695908989
2025-12-01 05:35:30,3.666922210,-5.174313334,-7.461256505
2025-12-01 05:35:40,3.595430603,-5.662843317,-7.148819373
2025-12-01 05:35:50,3.691144411,-5.957038674,-6.882874380
2025-12-01 05:36:00,4.146924077,-5.647159657,-6.892129048
2025-12-01 05:36:10,4.670484132,-5.764365256,-6.403993727
2025-12-01 05:36:20,4.853394471,-5.883821467,-6.180033903
2025-12-01 05:36:30,4.537777731,-5.913260334,-6.399023933
2025-12-01 05:36:40,4.784816446,-6.151700298,-5.985312415
2025-12-01 05:36:50,4.929198607,-5.788503492,-6.187392275
2025-12-01 05:37:00,4.935178155,-6.064545018,-5.951910265
2025-12-01 05:37:10,4.851097647,-6.162622821,-5.920867065
2025-12-01 05:37:20,4.460698371,-6.223245881,-6.085515831
2025-12-01 05:37:30,4.371922982,-6.395291385,-6.045981771
2025-12-01 05:37:40,4.978195165,-5.792436601,-6.207173618
2025-12-01 05:37:50,4.890048242,-5.762655344,-6.251064562
2025-12-01 05:38:00,4.765534976,-5.877227246,-6.288335265
2025-12-01 05:38:10,4.530420389,-6.148363823,-6.093608301
2025-12-01 05:38:20,4.273284469,-5.770984530,-6.710848511
2025-12-01 05:38:30,5.033941998,-5.561940159,-6.338515869
2025-12-01 05:38:40,5.063211657,-5.342713025,-6.530477329
2025-12-01 05:38:50,4.886435345,-5.729083942,-6.319381715
2025-12-01 05:39:00,4.873686442,-5.646182159,-6.387889632
2025-12-01 05:39:10,4.910010359,-5.208521426,-6.711692410
2025-12-01 05:39:20,5.170300903,-5.259599865,-6.512560372
2025-12-01 05:39:30,5.297636245,-5.319687308,-6.261633060
2025-12-01 05:39:40,5.315679410,-5.297698396,-6.284462383
2025-12-01 05:39:50,5.270758749,-5.004035359,-6.580247762
2025-12-01 05:40:00,5.359624143,-5.336231603,-6.239985230
2025-12-01 05:40:10,5.622083055,-5.515903343,-5.850802221
2025-12-01 05:40:20,5.650303527,-5.501853286,-5.795634657
2025-12-01 05:40:30,5.666212535,-5.548443897,-5.793261345
2025-12-01 05:40:40,5.537654638,-5.730770583,-5.712430796
2025-12-01 05:40:50,5.838122735,-5.263292018,-5.879699637
2025-12-01 05:41:00,6.033865126,-5.396343610,-5.528141160
2025-12-01 05:41:10,5.935144752,-5.176300903,-5.839712253
2025-12-01 05:41:20,5.984345027,-5.042643464,-5.938569505
2025-12-01 05:41:30,5.987024686,-5.168824384,-5.825561137
2025-12-01 05:41:40,6.261777131,-5.319859352,-5.426640260
2025-12-01 05:41:50,6.207369294,-5.408758152,-5.293108168
2025-12-01 05:42:00,6.219500600,-5.223815670,-5.533764026
2025-12-01 05:42:10,6.130784713,-5.022780853,-5.747699331
2025-12-01 05:42:20,5.912835501,-5.165417497,-5.864870887
2025-12-01 05:42:30,5.974272845,-5.043640168,-5.921315732
2025-12-01 05:42:40,5.970322954,-5.186389781,-5.736361465
2025-12-01 05:42:50,6.004292284,-4.937618367,-5.918857822
2025-12-01 05:43:00,5.995332020,-4.779376114,-6.115966988
2025-12-01 05:43:10,5.904712127,-5.018395314,-6.024629790
2025-12-01 05:43:20,5.852151687,-5.153924034,-5.932397459
2025-12-01 05:43:30,5.838534255,-4.959758559,-6.132868910
2025-12-01 05:43:40,5.777803070,-5.120160234,-6.021405834
2025-12-01 05:43:50,5.727656784,-5.430444633,-5.833838394
2025-12-01 05:44:00,5.647567180,-5.227504195,-6.099534101
2025-12-01 05:44:10,5.705891282,-5.455946232,-5.813920475
2025-12-01 05:44:20,5.599430015,-5.632799558,-5.718511758
2025-12-01 05:44:30,5.454790333,-5.367605627,-6.155474044
2025-12-01 05:44:40,5.505132266,-5.381687696,-6.147019015
2025-12-01 05:44:50,5.610593797,-5.182771204,-6.132784304
2025-12-01 05:45:00,5.573999311,-5.088732189,-6.294246513
2025-12-01 05:45:10,5.346930182,-5.047331636,-6.490717466
2025-12-01 05:45:20,5.217290627,-5.027822863,-6.627915672
2025-12-01 05:45:30,5.459153843,-5.019846841,-6.423050583
2025-12-01 05:45:40,5.271894140,-5.201923027,-6.466592869
2025-12-01 05:45:50,5.429530605,-5.061449896,-6.432284647
2025-12-01 05:46:00,5.040446930,-5.369498591,-6.469210632
2025-12-01 05:46:10,5.483949820,-5.286809853,-6.180459050
2025-12-01 05:46:20,5.652971748,-5.098477045,-6.209432187
2025-12-01 05:46:30,5.980243204,-4.576279510,-6.284897448
2025-12-01 05:46:40,6.027925116,-4.748339049,-6.182304537
2025-12-01 05:46:50,6.155611908,-4.563855333,-6.178763921
2025-12-01 05:47:00,6.057250211,-4.620498891,-6.150850081
2025-12-01 05:47:10,6.107463952,-4.518415684,-6.204372701
2025-12-01 05:47:20,6.003475268,-4.537515564,-6.270748331
2025-12-01 05:47:30,6.036911337,-4.571705027,-6.271282089
2025-12-01 05:47:40,6.154068632,-4.243110339,-6.337655893
2025-12-01 05:47:50,6.043514668,-4.532286145,-6.237543509
2025-12-01 05:48:00,6.439936085,-4.565706054,-5.793213980
2025-12-01 05:48:10,6.484943195,-4.616408912,-5.816767910
2025-12-01 05:48:20,6.346527981,-4.567358629,-5.977138550
2025-12-01 05:48:30,6.247417945,-4.828435502,-5.815931713
2025-12-01 05:48:40,6.303220475,-4.959346825,-5.631758408
2025-12-01 05:48:50,6.469107954,-4.855481506,-5.575329979
2025-12-01 05:49:00,6.491847583,-4.533464407,-5.696455160
2025-12-01 05:49:10,6.299908638,-4.486779673,-5.950143688
2025-12-01 05:49:20,6.540565874,-4.332058240,-5.876231185
2025-12-01 05:49:30,6.295883161,-4.526367132,-6.070951459
2025-12-01 05:49:40,6.466446620,-4.436987920,-5.937121751
2025-12-01 05:49:50,6.570952264,-4.339257042,-5.838712193
2025-12-01 05:50:00,6.510432323,-4.436876750,-5.837433827
2025-12-01 05:50:10,6.700950488,-4.227346750,-5.760354862
2025-12-01 05:50:20,6.628008836,-4.252238718,-5.800946429
2025-12-01 05:50:30,6.635234979,-4.135554432,-5.943259538
2025-12-01 05:50:40,6.767047681,-4.159892904,-5.742425849
2025-12-01 05:50:50,6.874309148,-4.137905746,-5.628834121
2025-12-01 05:51:00,6.916349518,-4.175932003,-5.584782644
2025-12-01 05:51:10,6.767377457,-4.471044067,-5.490819628
2025-12-01 05:51:20,6.540914344,-4.436158278,-5.778173286
2025-12-01 05:51:30,6.441379296,-4.429608811,-5.957945055
2025-12-01 05:51:40,6.469365212,-4.218957939,-6.027414503
2025-12-01 05:51:50,6.565324150,-4.102718776,-6.090147146
2025-12-01 05:52:00,6.605090376,-3.988230140,-6.032665942
2025-12-01 05:52:10,6.631825101,-3.788795082,-6.119062820
2025-12-01 05:52:20,6.449482189,-3.792851498,-6.341459542
2025-12-01 05:52:30,6.320598348,-3.660932657,-6.535755150
2025-12-01 05:52:40,6.270204789,-3.728478429,-6.535877848
2025-12-01 05:52:50,6.198517131,-3.928311896,-6.529318142
2025-12-01 05:53:00,5.905812147,-4.042814180,-6.651956164
2025-12-01 05:53:10,5.968570370,-4.036445861,-6.634575252
2025-12-01 05:53:20,5.667338352,-4.317984804,-6.667980804
2025-12-01 05:53:30,5.686488593,-4.343606828,-6.704466034
2025-12-01 05:53:40,5.738404762,-4.403684126,-6.613700106
2025-12-01 05:53:50,5.994389587,-4.379631791,-6.419374982
2025-12-01 05:54:00,6.179925302,-4.163041471,-6.355856561
2025-12-01 05:54:10,6.127541760,-4.333509916,-6.304500424
2025-12-01 05:54:20,6.267200483,-4.259314081,-6.198569214
2025-12-01 05:54:30,6.343852778,-4.158186459,-6.241140299
2025-12-01 05:54:40,6.334254596,-4.222234890,-6.203805824
2025-12-01 05:54:50,6.015431051,-4.456642898,-6.294130171
2025-12-01 05:55:00,6.091367757,-4.539403009,-6.200269879
2025-12-01 05:55:10,6.132956837,-4.538446132,-6.231393699
2025-12-01 05:55:20,6.033739124,-4.595573100,-6.196771025
2025-12-01 05:55:30,5.834808905,-4.942925523,-6.159495823
2025-12-01 05:55:40,5.627920629,-5.268881415,-6.068335644
2025-12-01 05:55:50,5.491695252,-5.217613284,-6.248349089
2025-12-01 05:56:00,5.347178819,-5.228070890,-6.341803106
2025-12-01 05:56:10,5.544649585,-5.108137135,-6.248556474
2025-12-01 05:56:20,5.316824226,-5.216029847,-6.354134428
2025-12-01 05:56:30,5.505011362,-4.850475898,-6.513091213
2025-12-01 05:56:40,5.332590670,-4.898338015,-6.604349419
2025-12-01 05:56:50,5.677625959,-4.621214847,-6.549391734
2025-12-01 05:57:00,5.487069470,-4.797396726,-6.538678932
2025-12-01 05:57:10,5.651622391,-4.561879340,-6.632220705
2025-12-01 05:57:20,5.546347402,-4.517050514,-6.744445135
2025-12-01 05:57:30,5.373859122,-4.468974113,-6.841376110
2025-12-01 05:57:40,5.011444224,-4.730667450,-6.984063289
2025-12-01 05:57:50,5.091370185,-4.555134625,-7.019224157
2025-12-01 05:58:00,5.254746385,-4.638242172,-6.863465794
2025-12-01 05:58:10,4.965994033,-4.854678428,-6.932824401
2025-12-01 05:58:20,5.009325724,-4.775815804,-6.954276490
2025-12-01 05:58:30,4.943927882,-4.682209411,-7.022958312
2025-12-01 05:58:40,4.911897350,-4.402367450,-7.258048387
2025-12-01 05:58:50,4.940862067,-4.455659187,-7.193799021
2025-12-01 05:59:00,4.994631937,-4.706348406,-7.034710132
2025-12-01 05:59:10,4.500645830,-4.623835862,-7.408434486
2025-12-01 05:59:20,4.381615149,-4.730381219,-7.375204684
2025-12-01 05:59:30,4.364786270,-4.568062647,-7.437353467
2025-12-01 05:59:40,4.529077592,-4.773747905,-7.268381058
2025-12-01 05:59:50,4.647740182,-4.764509543,-7.238302924
2025-12-01 06:00:00,4.848790262,-4.804327562,-7.031036719
2025-12-01 06:00:10,4.703707891,-4.838545238,-7.158269989
2025-12-01 06:00:20,4.798893443,-5.330747165,-6.685625523
2025-12-01 06:00:30,4.989826405,-5.437575003,-6.489242591
2025-12-01 06:00:40,5.103130245,-5.577132656,-6.275493633
2025-12-01 06:00:50,5.253314228,-5.827747608,-5.940404231
2025-12-01 06:01:00,5.338084293,-5.796092791,-5.825306908
2025-12-01 06:01:10,4.952494794,-6.132450414,-5.817288667
2025-12-01 06:01:20,4.818775769,-6.228898377,-5.849607715
2025-12-01 06:01:30,4.714631249,-5.993858569,-6.171869963
2025-12-01 06:01:40,4.775191356,-5.813552526,-6.296048487
2025-12-01 06:01:50,4.707185889,-5.917822310,-6.250549901
2025-12-01 06:02:00,4.434632976,-6.099942074,-6.273682749
2025-12-01 06:02:10,4.229992903,-6.121761784,-6.353232002
2025-12-01 06:02:20,4.375226649,-6.353440239,-6.091475284
2025-12-01 06:02:30,4.281090707,-6.495741127,-5.930445901
2025-12-01 06:02:40,4.340419766,-6.464088857,-5.978826959
2025-12-01 06:02:50,4.122002245,-6.638902462,-5.935689610
2025-12-01 06:03:00,4.470099426,-6.553529577,-5.774125265
2025-12-01 06:03:10,4.430574854,-6.307292277,-6.056216663
2025-12-01 06:03:20,4.376687866,-6.046136823,-6.318227587
2025-12-01 06:03:30,4.603292163,-6.182125964,-6.111993916
2025-12-01 06:03:40,4.586247017,-6.352303567,-5.942388394
2025-12-01 06:03:50,4.548978813,-6.395640927,-5.932097817
2025-12-01 06:04:00,4.270921531,-6.232484877,-6.282851257
2025-12-01 06:04:10,4.116169958,-6.443856794,-6.093780390
2025-12-01 06:04:20,4.185958691,-6.497384124,-6.057626459
2025-12-01 06:04:30,4.186335385,-6.522967608,-6.002030239
2025-12-01 06:04:40,4.118641291,-6.637631487,-5.940925388
2025-12-01 06:04:50,4.450930331,-6.340527634,-6.027950438
2025-12-01 06:05:00,4.475096576,-6.191783223,-6.178617809
2025-12-01 06:05:10,4.396536237,-5.948762889,-6.444511336
2025-12-01 06:05:20,4.306693644,-6.008615883,-6.440938221
2025-12-01 06:05:30,4.263975343,-6.103454213,-6.329281152
2025-12-01 06:05:40,4.148054556,-6.154103288,-6.438262859
2025-12-01 06:05:50,4.077899962,-6.122235027,-6.490335854
2025-12-01 06:06:00,4.000608311,-6.464484828,-6.237881949
2025-12-01 06:06:10,4.054680470,-6.327964768,-6.320998842
2025-12-01 06:06:20,4.196978771,-6.320768820,-6.233437575
2025-12-01 06:06:30,4.474747251,-5.999865357,-6.332624943
2025-12-01 06:06:40,4.524697846,-6.113178138,-6.216021732
2025-12-01 06:06:50,4.585632230,-5.986044173,-6.227229896
2025-12-01 06:07:00,4.358100186,-5.995110235,-6.429583430
2025-12-01 06:07:10,4.229471837,-6.355156790,-6.148248685
2025-12-01 06:07:20,4.182719531,-6.523715209,-6.046735501
2025-12-01 06:07:30,3.990357168,-6.400090598,-6.244426663
2025-12-01 06:07:40,4.119360682,-6.619907116,-5.971517264
2025-12-01 06:07:50,3.796609356,-6.961862928,-5.747338061
2025-12-01 06:08:00,3.978019037,-6.790800639,-5.786351938
2025-12-01 06:08:10,4.169669118,-6.764725220,-5.761797450
2025-12-01 06:08:20,4.241698743,-6.793878466,-5.584955840
2025-12-01 06:08:30,4.258769073,-6.946745410,-5.481803539
2025-12-01 06:08:40,4.056876152,-6.923388240,-5.599541526
2025-12-01 06:08:50,4.289573722,-6.932382918,-5.383942588
2025-12-01 06:09:00,4.263366898,-6.937256933,-5.462707873
2025-12-01 06:09:10,4.115182114,-6.899908269,-5.657823627
2025-12-01 06:09:20,3.954170036,-7.089848592,-5.530083380
2025-12-01 06:09:30,4.048183368,-6.746056918,-5.847715737
2025-12-01 06:09:40,3.816828245,-6.941795844,-5.726112876
2025-12-01 06:09:50,3.458450742,-6.922827712,-6.064845021
2025-12-01 06:10:00,3.569123844,-6.674411978,-6.214880035
2025-12-01 06:10:10,3.551785004,-6.535488868,-6.386939595
2025-12-01 06:10:20,3.416673792,-6.526281025,-6.444900182
2025-12-01 06:10:30,3.568193000,-6.450425867,-6.432484847
2025-12-01 06:10:40,3.467573892,-6.579978912,-6.348634811
2025-12-01 06:10:50,3.396347839,-6.673056960,-6.343483522
2025-12-01 06:11:00,3.240389606,-6.651619170,-6.454442823
2025-12-01 06:11:10,3.323484106,-6.664348073,-6.388524179
2025-12-01 06:11:20,3.323140958,-6.851623675,-6.171024683
2025-12-01 06:11:30,3.099653403,-7.125379148,-5.992035124
2025-12-01 06:11:40,3.037731711,-7.057580855,-6.124380462
2025-12-01 06:11:50,3.007177494,-7.124934811,-6.075525936
2025-12-01 06:12:00,3.217390210,-6.917181325,-6.177289150
2025-12-01 06:12:10,3.390183001,-6.432497077,-6.553862791
2025-12-01 06:12:20,3.038335790,-6.291751641,-6.850924256
2025-12-01 06:12:30,2.784222366,-6.289963780,-6.986270095
2025-12-01 06:12:40,2.523997430,-6.543121282,-6.876202823
2025-12-01 06:12:50,2.649546531,-6.595028421,-6.725177111
2025-12-01 06:13:00,2.765851810,-6.377065057,-6.969901041
2025-12-01 06:13:10,2.666940401,-6.218168830,-7.101131071
2025-12-01 06:13:20,2.540020916,-6.034375325,-7.269898962
2025-12-01 06:13:30,2.810214261,-6.023654634,-7.243802952
2025-12-01 06:13:40,2.564442365,-5.784787466,-7.497709805
2025-12-01 06:13:50,2.774570397,-5.686626313,-7.496615634
2025-12-01 06:14:00,2.997168984,-5.665111275,-7.450801423
2025-12-01 06:14:10,3.067917888,-5.549824450,-7.466698192
2025-12-01 06:14:20,2.946129622,-5.373933115,-7.689741572
2025-12-01 06:14:30,3.034826715,-5.395931281,-7.631642270
2025-12-01 06:14:40,3.374462225,-5.178905174,-7.619508750
2025-12-01 06:14:50,3.376196372,-4.928337035,-7.795406702
2025-12-01 06:15:00,3.443281684,-4.792773390,-7.797178358
2025-12-01 06:15:10,3.784030646,-4.631410080,-7.791298413
2025-12-01 06:15:20,3.554907065,-4.536067680,-7.907192024
2025-12-01 06:15:30,3.428016922,-4.584750718,-7.985488747
2025-12-01 06:15:40,3.389869972,-4.732155951,-7.912878748
2025-12-01 06:15:50,3.294174989,-4.612058967,-8.033601385
2025-12-01 06:16:00,3.089363562,-4.803672083,-7.991472108
2025-12-01 06:16:10,3.097711750,-4.536840078,-8.062010935
2025-12-01 06:16:20,2.829450216,-4.454448274,-8.267110917
2025-12-01 06:16:30,2.808779205,-4.382049219,-8.323369363
2025-12-01 06:16:40,3.084041576,-4.419150948,-8.174619426
2025-12-01 06:16:50,2.806024443,-4.458249750,-8.251451643
2025-12-01 06:17:00,3.025333198,-4.556639326,-8.148084676
2025-12-01 06:17:10,2.817503413,-4.831511118,-8.001218625
2025-12-01 06:17:20,2.723592305,-4.886468328,-8.005806023
2025-12-01 06:17:30,2.876961583,-4.850423688,-8.009480821
2025-12-01 06:17:40,2.883572070,-4.738814050,-8.092674322
2025-12-01 06:17:50,2.908580526,-5.170679637,-7.841557792
2025-12-01 06:18:00,2.744898637,-5.293641963,-7.786306926
2025-12-01 06:18:10,2.926022761,-5.450903565,-7.627218877
2025-12-01 06:18:20,2.853106956,-5.350030100,-7.653548905
2025-12-01 06:18:30,2.720924075,-5.539217807,-7.647102634
2025-12-01 06:18:40,2.845273461,-5.531883251,-7.549891284
2025-12-01 06:18:50,2.714747216,-5.463125330,-7.682743548
2025-12-01 06:19:00,2.703097881,-5.409735970,-7.739959404
2025-12-01 06:19:10,2.731833618,-5.566938611,-7.621034332
2025-12-01 06:19:20,2.738937192,-5.239337602,-7.796979884
2025-12-01 06:19:30,2.795780006,-5.407408839,-7.668341385
2025-12-01 06:19:40,2.885659791,-5.290204792,-7.691368411
2025-12-01 06:19:50,2.897506299,-5.198105340,-7.827584871
2025-12-01 06:20:00,2.722415450,-5.094237900,-7.911637609
2025-12-01 06:20:10,2.582696352,-5.047318572,-8.028024487
2025-12-01 06:20:20,2.613601479,-4.928771852,-8.063405379
2025-12-01 06:20:30,2.591250399,-4.888503114,-8.107115617
2025-12-01 06:20:40,2.494803655,-4.985583434,-8.077324200
2025-12-01 06:20:50,2.369813893,-5.048998213,-8.066182330
2025-12-01 06:21:00,2.371824213,-4.967991170,-8.110205547
2025-12-01 06:21:10,2.341581052,-4.955908141,-8.139203467
2025-12-01 06:21:20,2.733624545,-4.609155564,-8.181645727
2025-12-01 06:21:30,2.775185076,-4.598819872,-8.190029405
2025-12-01 06:21:40,2.573584124,-4.541724797,-8.327342160
2025-12-01 06:21:50,2.397178658,-4.776359992,-8.223620632
2025-12-01 06:22:00,2.185685415,-4.971300202,-8.170859632
2025-12-01 06:22:10,1.869469144,-4.917306318,-8.243545479
2025-12-01 06:22:20,1.725347394,-4.833935589,-8.360880633
2025-12-01 06:22:30,1.800870638,-4.916259694,-8.280627663
2025-12-01 06:22:40,2.017889684,-4.689171711,-8.415213697
2025-12-01 06:22:50,2.098457385,-4.676040646,-8.347810586
2025-12-01 06:23:00,2.005594046,-4.444808063,-8.495023851
2025-12-01 06:23:10,2.151303889,-4.222526645,-8.562716733
2025-12-01 06:23:20,1.968595556,-4.445395123,-8.513166998
2025-12-01 06:23:30,1.864711430,-4.555164547,-8.462419404
2025-12-01 06:23:40,1.482897274,-4.344484032,-8.703016150
2025-12-01 06:23:50,1.510536844,-4.509444119,-8.559159998
2025-12-01 06:24:00,1.202874160,-4.479880807,-8.611322805
2025-12-01 06:24:10,1.167960862,-4.778825334,-8.508056473
2025-12-01 06:24:20,1.061035490,-4.782200215,-8.488735758
2025-12-01 06:24:30,1.277487008,-4.819207047,-8.436313614
2025-12-01 06:24:40,1.523238789,-4.947996532,-8.332599037
2025-12-01 06:24:50,1.667381827,-5.115582560,-8.200698716
2025-12-01 06:25:00,1.736157019,-5.051666336,-8.225677247
2025-12-01 06:25:10,1.594469588,-5.214939282,-8.167539180
2025-12-01 06:25:20,1.819463757,-5.106432930,-8.164825094
2025-12-01 06:25:30,1.883452162,-4.995837169,-8.242965483
2025-12-01 06:25:40,2.037778098,-5.220422070,-8.063932116
2025-12-01 06:25:50,1.779253191,-5.220248947,-8.129125725
2025-12-01 06:26:00,1.699426179,-5.039571146,-8.250623614
2025-12-01 06:26:10,1.740132788,-4.977595473,-8.288064741
2025-12-01 06:26:20,1.859060724,-5.440270069,-7.982277186
2025-12-01 06:26:30,1.974375690,-5.201613476,-8.114266593
2025-12-01 06:26:40,1.783172538,-5.161531649,-8.172359238
2025-12-01 06:26:50,1.423303188,-5.090812797,-8.254492832
2025-12-01 06:27:00,1.457831157,-5.277805842,-8.103567826
2025-12-01 06:27:10,1.333803502,-5.248100693,-8.208996337
2025-12-01 06:27:20,1.184593428,-5.280950592,-8.166672722
2025-12-01 06:27:30,1.398715847,-4.867903287,-8.384979810
2025-12-01 06:27:40,1.409243604,-4.870666724,-8.404270595
2025-12-01 06:27:50,1.509758390,-4.758893508,-8.448095091
2025-12-01 06:28:00,1.569926725,-4.739738292,-8.407940744
2025-12-01 06:28:10,1.274080492,-4.774965147,-8.465403936
2025-12-01 06:28:20,1.149456278,-4.889684192,-8.459133922
2025-12-01 06:28:30,1.253769466,-5.395044869,-8.096508287
2025-12-01 06:28:40,1.357336851,-5.488205276,-8.014658615
2025-12-01 06:28:50,1.236945756,-5.791509391,-7.795271102
2025-12-01 06:29:00,1.749189135,-5.613731488,-7.815916355
2025-12-01 06:29:10,2.028294064,-5.520088380,-7.827160486
2025-12-01 06:29:20,2.178136248,-5.629949109,-7.749573631
2025-12-01 06:29:30,2.105713283,-5.605190174,-7.784268848
2025-12-01 06:29:40,2.234813458,-5.681421694,-7.735419446
2025-12-01 06:29:50,2.224515729,-5.656949038,-7.660058280
2025-12-01 06:30:00,1.667393164,-5.668336872,-7.830684658
2025-12-01 06:30:10,2.033658459,-5.393241242,-7.916572963
2025-12-01 06:30:20,1.668534128,-5.311643908,-8.091000415
2025-12-01 06:30:30,1.862625232,-5.613148586,-7.852800150
2025-12-01 06:30:40,1.720644255,-5.605365247,-7.860190489
2025-12-01 06:30:50,1.980623211,-5.427125114,-7.909885112
2025-12-01 06:31:00,2.213307379,-5.321470404,-7.945040326
2025-12-01 06:31:10,2.405913459,-5.194696572,-7.925712890
2025-12-01 06:31:20,2.709065789,-5.175088359,-7.832587802
2025-12-01 06:31:30,2.512435387,-5.492434402,-7.734542294
2025-12-01 06:31:40,2.370098143,-5.544736504,-7.735932645
2025-12-01 06:31:50,1.999956569,-5.311909795,-7.994395097
2025-12-01 06:32:00,1.959824908,-5.487311926,-7.935937780
2025-12-01 06:32:10,1.882096286,-5.145281574,-8.102484583
2025-12-01 06:32:20,1.885164245,-5.146729916,-8.147862628
2025-12-01 06:32:30,1.774223722,-4.775021020,-8.373290940
2025-12-01 06:32:40,2.147373771,-4.752880966,-8.336781439
2025-12-01 06:32:50,2.125660993,-4.741111266,-8.370628461
2025-12-01 06:33:00,2.052721503,-4.967538025,-8.198158161
2025-12-01 06:33:10,1.876740573,-4.679505759,-8.425384761
2025-12-01 06:33:20,2.002202670,-4.581754701,-8.471622262
2025-12-01 06:33:30,1.915267041,-4.527392743,-8.453599359
2025-12-01 06:33:40,1.779515895,-4.117863180,-8.732514459
2025-12-01 06:33:50,1.990238348,-4.198107752,-8.657855382
2025-12-01 06:34:00,1.884385958,-4.035573520,-8.742616658
2025-12-01 06:34:10,1.871331117,-4.478476640,-8.498186207
2025-12-01 06:34:20,1.653655531,-4.626158904,-8.500882399
2025-12-01 06:34:30,1.684679127,-4.372541679,-8.622769611
2025-12-01 06:34:40,1.720697797,-4.286769023,-8.616990975
2025-12-01 06:34:50,1.587183428,-4.144033697,-8.775717245
2025-12-01 06:35:00,1.613670397,-4.144434086,-8.764737691
2025-12-01 06:35:10,1.614142460,-4.282453910,-8.658894709
2025-12-01 06:35:20,1.519363918,-4.278564272,-8.716664583
2025-12-01 06:35:30,1.524306997,-4.260560538,-8.715276818
2025-12-01 06:35:40,1.209961953,-4.220604078,-8.741837997
2025-12-01 06:35:50,1.036048541,-3.645043945,-9.004997781
2025-12-01 06:36:00,0.774708563,-3.325060489,-9.215454229
2025-12-01 06:36:10,0.627704206,-2.983354884,-9.311016203
2025-12-01 06:36:20,0.428697920,-2.796617747,-9.402091206
2025-12-01 06:36:30,0.370998001,-2.854285492,-9.400246218
2025-12-01 06:36:40,0.274310184,-2.960294588,-9.389130660
2025-12-01 06:36:50,0.263584241,-2.946989733,-9.386845503
2025-12-01 06:37:00,0.339453242,-3.177842582,-9.298975670
2025-12-01 06:37:10,0.509427079,-2.891701670,-9.368925042
2025-12-01 06:37:20,0.142183871,-2.599342553,-9.458853625
2025-12-01 06:37:30,0.243784146,-2.343484657,-9.489982452
2025-12-01 06:37:40,0.254574679,-2.157626331,-9.570144103
2025-12-01 06:37:50,0.649076688,-1.910280344,-9.573541164
2025-12-01 06:38:00,0.629627462,-1.932841500,-9.598504051
2025-12-01 06:38:10,0.634547389,-1.910547444,-9.600830467
2025-12-01 06:38:20,0.576705994,-1.721008009,-9.628096606
2025-12-01 06:38:30,0.790028742,-1.628520125,-9.613648689
2025-12-01 06:38:40,1.045943935,-1.746802754,-9.596389284
2025-12-01 06:38:50,1.396633209,-1.626112309,-9.570112972
2025-12-01 06:39:00,1.211994991,-1.425276543,-9.648700489
2025-12-01 06:39:10,1.312609977,-1.607487855,-9.554734169
2025-12-01 06:39:20,1.136905241,-1.455568987,-9.626771987
2025-12-01 06:39:30,1.286048732,-1.702933360,-9.584796166
2025-12-01 06:39:40,1.263414752,-1.422601915,-9.634801919
2025-12-01 06:39:50,0.958456021,-1.492601584,-9.653559131
2025-12-01 06:40:00,1.075914249,-1.585540823,-9.612750298
2025-12-01 06:40:10,1.356072120,-1.754352216,-9.526822084
2025-12-01 06:40:20,1.482441360,-1.730654759,-9.591614136
2025-12-01 06:40:30,1.455402886,-1.717985649,-9.548951867
2025-12-01 06:40:40,1.477187546,-1.855378295,-9.527439372
2025-12-01 06:40:50,1.234687542,-1.719668402,-9.581215564
2025-12-01 06:41:00,1.102294179,-1.668745823,-9.614657335
2025-12-01 06:41:10,0.944061454,-1.765957759,-9.610388884
2025-12-01 06:41:20,1.107566149,-1.783102450,-9.583156510
2025-12-01 06:41:30,1.248737056,-1.716239176,-9.584514984
2025-12-01 06:41:40,1.351788696,-1.576778262,-9.581529569
2025-12-01 06:41:50,1.475171075,-1.799496322,-9.554466234
2025-12-01 06:42:00,1.577058529,-1.951245659,-9.507512080
2025-12-01 06:42:10,1.700653041,-2.036407430,-9.471653575
2025-12-01 06:42:20,1.889219597,-1.856480591,-9.474593707
2025-12-01 06:42:30,1.854011405,-1.623028805,-9.487778039
2025-12-01 06:42:40,1.962309826,-1.692575551,-9.473710104
2025-12-01 06:42:50,2.074444863,-1.781257108,-9.389305930
2025-12-01 06:43:00,2.128855842,-1.619498857,-9.434367218
2025-12-01 06:43:10,2.048520937,-1.261955207,-9.505150378
2025-12-01 06:43:20,2.120814954,-1.043651569,-9.559309207
2025-12-01 06:43:30,2.052745799,-1.222761119,-9.535504163
2025-12-01 06:43:40,2.028545378,-1.247792710,-9.506738425
2025-12-01 06:43:50,2.266998303,-0.946960376,-9.516826912
2025-12-01 06:44:00,2.215278963,-0.800777331,-9.518022037
2025-12-01 06:44:10,2.432572336,-0.571376116,-9.489759998
2025-12-01 06:44:20,2.353049597,-0.529856803,-9.494752257
2025-12-01 06:44:30,2.401916133,-0.651685070,-9.501595317
2025-12-01 06:44:40,2.501951719,-0.809397752,-9.467065815
2025-12-01 06:44:50,2.406869410,-0.830981487,-9.479033402
2025-12-01 06:45:00,2.124780307,-0.860182406,-9.524252496
2025-12-01 06:45:10,2.089709682,-0.773994990,-9.523832402
2025-12-01 06:45:20,1.751954452,-0.703024172,-9.624491548
2025-12-01 06:45:30,1.735531841,-0.454337217,-9.676026869
2025-12-01 06:45:40,1.739264086,-0.372678714,-9.648062144
2025-12-01 06:45:50,1.718531282,-0.368947636,-9.659825211
2025-12-01 06:46:00,1.548988356,-0.394651822,-9.686709998
2025-12-01 06:46:10,1.795459970,-0.273811524,-9.622810501
2025-12-01 06:46:20,1.626212012,-0.316104468,-9.693338486
2025-12-01 06:46:30,1.544722069,-0.287695938,-9.684495087
2025-12-01 06:46:40,1.525123925,-0.327830020,-9.687055413
2025-12-01 06:46:50,1.394309912,-0.395012060,-9.725894410
2025-12-01 06:47:00,1.268108462,-0.359974665,-9.713323453
2025-12-01 06:47:10,0.936325065,-0.409813039,-9.774971844
2025-12-01 06:47:20,1.254242264,-0.492384701,-9.733515180
2025-12-01 06:47:30,0.897326909,-0.706343240,-9.696632842
2025-12-01 06:47:40,0.632993676,-0.784707809,-9.723707126
2025-12-01 06:47:50,0.724591873,-0.758167300,-9.756626390
2025-12-01 06:48:00,0.725144338,-0.632704088,-9.737322916
2025-12-01 06:48:10,0.591462056,-0.306828882,-9.777785027
2025-12-01 06:48:20,0.757073296,-0.284595591,-9.769618914
2025-12-01 06:48:30,0.852257563,-0.242608778,-9.820682521
2025-12-01 06:48:40,0.887435166,-0.279138209,-9.771134394
2025-12-01 06:48:50,1.042196424,-0.353392225,-9.705727912
2025-12-01 06:49:00,1.112163803,-0.485430357,-9.751816466
2025-12-01 06:49:10,1.461584824,-0.515383467,-9.686972595
2025-12-01 06:49:20,1.593608597,-0.710790422,-9.667985724
2025-12-01 06:49:30,1.761079654,-0.562722663,-9.641590787
2025-12-01 06:49:40,1.611329788,-0.616166690,-9.648820587
2025-12-01 06:49:50,1.880563652,-0.414932101,-9.647238300
2025-12-01 06:50:00,1.907167205,-0.279644570,-9.621334208
2025-12-01 06:50:10,1.553305565,-0.431488857,-9.627846488
2025-12-01 06:50:20,1.465867381,-0.264731670,-9.693233541
2025-12-01 06:50:30,1.379484376,-0.304128751,-9.687532579
2025-12-01 06:50:40,1.476823270,-0.346727356,-9.698549376
2025-12-01 06:50:50,1.368510650,-0.489356419,-9.710924927
2025-12-01 06:51:00,1.230773069,-0.661726555,-9.694849895
2025-12-01 06:51:10,0.915620891,-0.557082751,-9.742021519
2025-12-01 06:51:20,0.926960448,-0.343927020,-9.768260490
2025-12-01 06:51:30,1.280600238,0.007051175,-9.727955608
2025-12-01 06:51:40,1.139509117,-0.065543566,-9.755600595
2025-12-01 06:51:50,1.154581349,-0.037282866,-9.751271672
2025-12-01 06:52:00,1.203603900,-0.158565625,-9.729619787
2025-12-01 06:52:10,0.927562545,-0.487830545,-9.715738828
2025-12-01 06:52:20,1.051210256,-0.657518570,-9.758988681
2025-12-01 06:52:30,1.165810061,-0.242433507,-9.699881018
2025-12-01 06:52:40,1.098724282,-0.159291517,-9.730786901
2025-12-01 06:52:50,0.907402100,0.017128662,-9.782293176
2025-12-01 06:53:00,0.989475791,-0.069818243,-9.809718744
2025-12-01 06:53:10,1.271571490,-0.169470817,-9.708221406
2025-12-01 06:53:20,1.352170199,-0.024727805,-9.694977384
2025-12-01 06:53:30,1.148536145,-0.019991033,-9.719554060
2025-12-01 06:53:40,1.106859424,0.022757161,-9.760427979
2025-12-01 06:53:50,1.095698253,0.262530540,-9.766596985
2025-12-01 06:54:00,0.908676330,0.507899993,-9.763643362
2025-12-01 06:54:10,0.683294139,0.410632451,-9.782921763
2025-12-01 06:54:20,0.593948761,0.736469650,-9.759766676
2025-12-01 06:54:30,0.782388162,0.560893915,-9.789947156
2025-12-01 06:54:40,1.004384007,0.782444832,-9.706992347
2025-12-01 06:54:50,0.959711271,0.939813227,-9.713482264
2025-12-01 06:55:00,0.755327107,0.873318154,-9.745735386
2025-12-01 06:55:10,0.759952490,0.951064757,-9.770487979
2025-12-01 06:55:20,0.813273335,0.944930688,-9.729098233
2025-12-01 06:55:30,0.770758966,0.770536298,-9.758955342
2025-12-01 06:55:40,0.667533627,0.699732176,-9.746126486
2025-12-01 06:55:50,0.549241252,0.855403747,-9.771143502
2025-12-01 06:56:00,0.437088120,1.058588286,-9.755751791
2025-12-01 06:56:10,0.466005827,1.148874580,-9.696315658
2025-12-01 06:56:20,0.485242594,1.208689208,-9.724450897
2025-12-01 06:56:30,0.305189559,1.210890219,-9.720993299
2025-12-01 06:56:40,0.679341494,1.219837590,-9.682595005
2025-12-01 06:56:50,0.318633539,1.118981948,-9.749655081
2025-12-01 06:57:00,0.132881603,1.273829186,-9.727521955
2025-12-01 06:57:10,0.231598586,1.185621851,-9.724096249
2025-12-01 06:57:20,0.281045918,1.130051720,-9.752069413
2025-12-01 06:57:30,0.487527144,1.293521647,-9.729668224
2025-12-01 06:57:40,0.334028178,1.148615819,-9.735803457
2025-12-01 06:57:50,0.121879101,1.010671902,-9.792404622
2025-12-01 06:58:00,0.200603060,1.044432964,-9.743338723
2025-12-01 06:58:10,0.347115190,0.965152507,-9.778370988
2025-12-01 06:58:20,0.452838235,1.049712096,-9.733291850
2025-12-01 06:58:30,0.576949186,0.555422368,-9.748381979
2025-12-01 06:58:40,0.397339788,0.449759196,-9.809628326
2025-12-01 06:58:50,0.605991358,0.424638419,-9.795575605
2025-12-01 06:59:00,0.807403295,0.283712249,-9.779882697
2025-12-01 06:59:10,0.558927311,0.130821918,-9.813424826
2025-12-01 06:59:20,0.526299537,0.059728977,-9.775340292
2025-12-01 06:59:30,0.485005194,0.065704484,-9.805538198
2025-12-01 06:59:40,0.506203107,0.192745914,-9.793346697
2025-12-01 06:59:50,0.360641146,0.113466770,-9.800156529
2025-12-01 07:00:00,0.230540759,-0.099752764,-9.851255934
2025-12-01 07:00:10,0.045616788,-0.388389088,-9.813724265
2025-12-01 07:00:20,0.251520005,-0.625074481,-9.772934230
2025-12-01 07:00:30,-0.051295557,-0.520020399,-9.787193833
2025-12-01 07:00:40,-0.177966306,-0.399068827,-9.795034856
2025-12-01 07:00:50,-0.083112747,-0.468957473,-9.799229721
2025-12-01 07:01:00,-0.174074126,-0.421753618,-9.818780567
2025-12-01 07:01:10,0.194209244,-0.407862687,-9.777993544
2025-12-01 07:01:20,0.218136785,-0.247489343,-9.811714588
2025-12-01 07:01:30,0.096255603,-0.192881737,-9.790091534
2025-12-01 07:01:40,0.109304423,-0.114059337,-9.826893061
2025-12-01 07:01:50,0.052982858,-0.267192239,-9.791082847
2025-12-01 07:02:00,0.032845108,-0.258776947,-9.809847401
2025-12-01 07:02:10,0.217208120,-0.239213773,-9.820649167
2025-12-01 07:02:20,-0.023780890,-0.470082806,-9.773277466
2025-12-01 07:02:30,0.162970417,-0.398207408,-9.800166997
2025-12-01 07:02:40,-0.210591559,-0.530827643,-9.798964713
2025-12-01 07:02:50,-0.056464561,-0.607986759,-9.766922083
2025-12-01 07:03:00,0.264982840,-0.274306300,-9.813469556
2025-12-01 07:03:10,0.272264879,-0.366504182,-9.792732518
2025-12-01 07:03:20,0.479596590,-0.273434088,-9.833515170
2025-12-01 07:03:30,0.397554312,-0.222165607,-9.810322926
2025-12-01 07:03:40,0.436294767,-0.234352579,-9.802261843
2025-12-01 07:03:50,0.532340493,-0.293767436,-9.805955266
2025-12-01 07:04:00,0.619548233,-0.272079895,-9.810253963
2025-12-01 07:04:10,0.970463418,-0.152881285,-9.757846909
2025-12-01 07:04:20,0.902505121,0.067318911,-9.742646965
2025-12-01 07:04:30,1.000204973,-0.105790995,-9.745165183
2025-12-01 07:04:40,1.307992228,-0.115794370,-9.753314926
2025-12-01 07:04:50,1.344659119,-0.191135254,-9.727959207
2025-12-01 07:05:00,1.275208727,-0.189871004,-9.720861083
2025-12-01 07:05:10,1.223851747,-0.184552891,-9.698986806
2025-12-01 07:05:20,1.311613748,0.060997873,-9.738442593
2025-12-01 07:05:30,1.215617496,0.382316458,-9.742341590
2025-12-01 07:05:40,1.003068040,0.379119225,-9.755261662
2025-12-01 07:05:50,1.128202679,0.399064959,-9.729687820
2025-12-01 07:06:00,1.172398041,0.394315728,-9.712198854
2025-12-01 07:06:10,1.036549584,0.271160429,-9.741769833
2025-12-01 07:06:20,0.772170238,0.302271560,-9.765585781
2025-12-01 07:06:30,0.976625958,0.234893489,-9.734775673
2025-12-01 07:06:40,0.812795631,0.218086126,-9.754934663
2025-12-01 07:06:50,0.700749628,0.302251229,-9.788421460
2025-12-01 07:07:00,0.547052931,0.466551330,-9.788801152
2025-12-01 07:07:10,0.680737397,0.449021874,-9.826292097
2025-12-01 07:07:20,0.677907235,0.652440237,-9.797740388
2025-12-01 07:07:30,0.519357015,0.672684387,-9.776029413
2025-12-01 07:07:40,0.734921505,0.640524290,-9.755128130
2025-12-01 07:07:50,0.551480901,0.694009765,-9.782305687
2025-12-01 07:08:00,0.449185413,0.846320553,-9.750664960
2025-12-01 07:08:10,0.274303198,0.777321930,-9.765675066
2025-12-01 07:08:20,0.313261559,0.821716829,-9.773705180
2025-12-01 07:08:30,0.470275656,0.670483120,-9.761270357
2025-12-01 07:08:40,0.437463582,0.773540461,-9.788024457
2025-12-01 07:08:50,0.548893858,0.764047222,-9.753136102
2025-12-01 07:09:00,0.361269680,0.592671795,-9.774427022
2025-12-01 07:09:10,0.503731692,0.638081774,-9.749968377
2025-12-01 07:09:20,0.506208440,0.339179256,-9.803300657
2025-12-01 07:09:30,0.428704738,0.721201058,-9.785808664
2025-12-01 07:09:40,0.698113067,1.172150964,-9.738014389
2025-12-01 07:09:50,0.630206028,1.389945526,-9.694159081
2025-12-01 07:10:00,0.572522667,1.447059959,-9.684235679
2025-12-01 07:10:10,0.898931348,1.333930244,-9.696222753
2025-12-01 07:10:20,1.168226620,1.285716950,-9.674554938
2025-12-01 07:10:30,1.210937533,1.598879829,-9.625238320
2025-12-01 07:10:40,1.072904326,1.635433366,-9.612083537
2025-12-01 07:10:50,0.947916329,1.549601313,-9.599839953
2025-12-01 07:11:00,0.931335644,1.377807697,-9.685079954
2025-12-01 07:11:10,0.895602787,1.460847838,-9.669461851
2025-12-01 07:11:20,0.732251737,1.585529905,-9.647750836
2025-12-01 07:11:30,0.506137321,1.449062332,-9.689561391
2025-12-01 07:11:40,0.456068322,1.450749194,-9.690323332
2025-12-01 07:11:50,0.257079554,1.271534154,-9.690484335
2025-12-01 07:12:00,0.265893633,1.200585893,-9.721643000
2025-12-01 07:12:10,0.306485687,1.504853688,-9.732075060
2025-12-01 07:12:20,0.248336689,1.308504345,-9.708715568
2025-12-01 07:12:30,0.292688763,1.274058476,-9.712344511
2025-12-01 07:12:40,0.502754235,0.965490355,-9.748550314
2025-12-01 07:12:50,0.187597901,0.982859040,-9.769700545
2025-12-01 07:13:00,0.442750288,0.800970028,-9.724855567
2025-12-01 07:13:10,0.465548657,0.649086067,-9.790253503
2025-12-01 07:13:20,0.604427740,0.798502558,-9.764396312
2025-12-01 07:13:30,0.659747627,0.719668624,-9.762307587
2025-12-01 07:13:40,0.811936238,0.756708311,-9.765506474
2025-12-01 07:13:50,0.961507480,0.780890528,-9.744220332
2025-12-01 07:14:00,0.978697894,1.041760766,-9.691118227
2025-12-01 07:14:10,1.042646514,1.124929948,-9.702473282
2025-12-01 07:14:20,1.298594309,0.901465547,-9.685143559
2025-12-01 07:14:30,1.268181436,0.916016952,-9.656539669
2025-12-01 07:14:40,1.506261010,1.159091800,-9.626706065
2025-12-01 07:14:50,1.394487316,0.959102611,-9.630536798
2025-12-01 07:15:00,1.307667677,1.127598440,-9.680071950
2025-12-01 07:15:10,1.258805831,0.983442365,-9.692355791
2025-12-01 07:15:20,1.183557796,1.042899296,-9.701398678
2025-12-01 07:15:30,1.159969482,0.901901459,-9.712279939
2025-12-01 07:15:40,1.123738570,0.713157555,-9.729418319
2025-12-01 07:15:50,1.111917202,0.669466924,-9.713702041
2025-12-01 07:16:00,0.701519795,0.979611103,-9.732463973
2025-12-01 07:16:10,0.597655615,0.990364738,-9.731133976
2025-12-01 07:16:20,0.495467831,0.983580527,-9.745649627
2025-12-01 07:16:30,0.744234690,0.929823199,-9.705529528
2025-12-01 07:16:40,0.740822032,0.850569102,-9.724086340
2025-12-01 07:16:50,0.805440671,0.565713004,-9.781737581
2025-12-01 07:17:00,0.825035790,0.620679229,-9.753134865
2025-12-01 07:17:10,0.896245797,0.423070023,-9.765443016
2025-12-01 07:17:20,0.492822716,0.369950361,-9.780007077
2025-12-01 07:17:30,0.230089109,0.273853253,-9.777043303
2025-12-01 07:17:40,0.294728550,0.553972521,-9.837054410
2025-12-01 07:17:50,0.265995051,0.608567713,-9.773603803
2025-12-01 07:18:00,0.026956858,0.311397565,-9.800197153
2025-12-01 07:18:10,-0.066901813,0.463884865,-9.809231373
2025-12-01 07:18:20,0.232091898,0.440205647,-9.768984671
2025-12-01 07:18:30,0.187727564,0.434693319,-9.830998210
2025-12-01 07:18:40,-0.017051414,0.198779842,-9.804551393
2025-12-01 07:18:50,-0.094070363,0.233833793,-9.811070109
2025-12-01 07:19:00,-0.377721887,0.077256845,-9.817770966
2025-12-01 07:19:10,-0.462146755,-0.141338339,-9.776769326
2025-12-01 07:19:20,-0.423413855,-0.096108943,-9.780526286
2025-12-01 07:19:30,-0.464327193,-0.221395863,-9.784291435
2025-12-01 07:19:40,-0.656782475,-0.387723537,-9.803001939
2025-12-01 07:19:50,-0.514037709,-0.465432998,-9.786175880
2025-12-01 07:20:00,-0.355229761,-0.421059327,-9.826543923
2025-12-01 07:20:10,-0.519812209,-0.604158899,-9.750508797
2025-12-01 07:20:20,-0.726545286,-0.696800044,-9.742537243
2025-12-01 07:20:30,-0.825676181,-0.653967846,-9.742721041
2025-12-01 07:20:40,-0.850939363,-0.623161814,-9.769611390
2025-12-01 07:20:50,-0.651924853,-0.370524265,-9.770931006
2025-12-01 07:21:00,-0.612060047,-0.257225555,-9.802711877
2025-12-01 07:21:10,-0.644927619,-0.415827800,-9.775261099
2025-12-01 07:21:20,-0.683769740,-0.182869289,-9.777527211
2025-12-01 07:21:30,-0.537391231,-0.201646118,-9.819875142
2025-12-01 07:21:40,-0.629787960,0.050182560,-9.815202546
2025-12-01 07:21:50,-0.500955729,-0.007625207,-9.802470767
2025-12-01 07:22:00,-0.550421096,-0.007472075,-9.823086971
2025-12-01 07:22:10,-0.538735788,-0.108545947,-9.801184135
2025-12-01 07:22:20,-0.551245659,-0.289389244,-9.774941971
2025-12-01 07:22:30,-0.406369993,-0.216770466,-9.759230537
2025-12-01 07:22:40,-0.328624576,-0.395586658,-9.795225293
2025-12-01 07:22:50,-0.404573924,-0.230665766,-9.804739369
2025-12-01 07:23:00,-0.478622225,-0.265509952,-9.775787576
2025-12-01 07:23:10,-0.590202780,-0.174122875,-9.802029208
2025-12-01 07:23:20,-0.555945801,-0.233889507,-9.769740641
2025-12-01 07:23:30,-0.377629429,0.007783862,-9.815732554
2025-12-01 07:23:40,-0.578892644,0.142877627,-9.801192323
2025-12-01 07:23:50,-0.892088477,0.246838753,-9.793806775
2025-12-01 07:24:00,-0.760248799,0.162426322,-9.770102991
2025-12-01 07:24:10,-0.625300387,0.051890781,-9.787676840
2025-12-01 07:24:20,-0.784923096,-0.022042141,-9.770722870
2025-12-01 07:24:30,-1.107188341,0.012729578,-9.728388068
2025-12-01 07:24:40,-1.260055176,-0.163725606,-9.721390185
2025-12-01 07:24:50,-1.365431920,-0.005622385,-9.705963523
2025-12-01 07:25:00,-1.536478772,-0.025727573,-9.661527244
2025-12-01 07:25:10,-1.306286769,0.074499837,-9.694427830
2025-12-01 07:25:20,-1.104128471,0.134379291,-9.729136309
2025-12-01 07:25:30,-1.181031164,-0.073621361,-9.733955393
2025-12-01 07:25:40,-1.638498893,-0.211753043,-9.665724957
2025-12-01 07:25:50,-1.611236650,-0.294543043,-9.642669324
2025-12-01 07:26:00,-1.991701146,-0.094740486,-9.590716849
2025-12-01 07:26:10,-1.937539490,0.209852625,-9.629971149
2025-12-01 07:26:20,-1.990833960,0.194321997,-9.610373711
2025-12-01 07:26:30,-1.950108163,0.234687473,-9.604505060
2025-12-01 07:26:40,-1.955038886,0.338276377,-9.596528701
2025-12-01 07:26:50,-1.925375383,0.282107892,-9.634474095
2025-12-01 07:27:00,-1.978789141,0.188013770,-9.588051414
2025-12-01 07:27:10,-2.055059707,0.167336540,-9.577821407
2025-12-01 07:27:20,-1.617176158,0.206559297,-9.637255567
2025-12-01 07:27:30,-1.614055002,0.324581978,-9.656496104
2025-12-01 07:27:40,-1.663939576,0.488262607,-9.644766548
2025-12-01 07:27:50,-1.478494347,0.397158568,-9.701715198
2025-12-01 07:28:00,-1.447530622,0.140162591,-9.715698826
2025-12-01 07:28:10,-1.767086656,0.374918371,-9.635398418
2025-12-01 07:28:20,-1.712568737,0.068065875,-9.620240257
2025-12-01 07:28:30,-1.755328555,-0.107422001,-9.674116175
2025-12-01 07:28:40,-1.571896827,-0.193464264,-9.684199967
2025-12-01 07:28:50,-1.689448626,0.137472399,-9.691023728
2025-12-01 07:29:00,-1.590842842,0.041813587,-9.671301500
2025-12-01 07:29:10,-1.326761972,0.277700842,-9.701573617
2025-12-01 07:29:20,-1.559618970,0.168503608,-9.677963221
2025-12-01 07:29:30,-1.612837767,0.129923410,-9.684351957
2025-12-01 07:29:40,-1.630896340,0.124592657,-9.651330010
2025-12-01 07:29:50,-1.841489100,0.142364291,-9.622360797
2025-12-01 07:30:00,-1.832083009,0.044353572,-9.659864244
2025-12-01 07:30:10,-1.977857334,-0.118233320,-9.602238964
2025-12-01 07:30:20,-2.162066943,-0.202354206,-9.560836873
2025-12-01 07:30:30,-2.113125373,-0.272647274,-9.534197819
2025-12-01 07:30:40,-2.246611017,-0.208626055,-9.570686637
2025-12-01 07:30:50,-2.204545089,-0.491897798,-9.609278108
2025-12-01 07:31:00,-2.093368124,-0.284133952,-9.592178659
2025-12-01 07:31:10,-2.032034481,-0.133432441,-9.595213747
2025-12-01 07:31:20,-2.010173310,-0.215226289,-9.622907880
2025-12-01 07:31:30,-1.903240715,-0.372380709,-9.587283302
2025-12-01 07:31:40,-1.906885146,-0.494356141,-9.594814478
2025-12-01 07:31:50,-1.671386021,-0.417856279,-9.666557986
2025-12-01 07:32:00,-1.900525198,-0.648770851,-9.593126357
2025-12-01 07:32:10,-1.702572401,-0.500602174,-9.644066933
2025-12-01 07:32:20,-1.768116788,-0.459529886,-9.610016701
2025-12-01 07:32:30,-1.492574376,-0.585179472,-9.668488724
2025-12-01 07:32:40,-1.610528995,-0.584089231,-9.664050006
2025-12-01 07:32:50,-1.620292389,-0.511995090,-9.666034319
2025-12-01 07:33:00,-1.443247281,-0.302429362,-9.733764238
2025-12-01 07:33:10,-1.462624371,-0.552343865,-9.673320598
2025-12-01 07:33:20,-1.422859369,-0.368596563,-9.645484045
2025-12-01 07:33:30,-1.445175986,-0.095461294,-9.716328449
2025-12-01 07:33:40,-1.533701661,-0.139421931,-9.685435664
2025-12-01 07:33:50,-1.536133475,-0.082434021,-9.720031033
2025-12-01 07:34:00,-1.732981883,-0.155741026,-9.670837208
2025-12-01 07:34:10,-1.878027711,-0.008754357,-9.612790670
2025-12-01 07:34:20,-1.746174457,-0.166744404,-9.642632218
2025-12-01 07:34:30,-1.732962741,-0.074415734,-9.680292116
2025-12-01 07:34:40,-1.976299629,-0.177149617,-9.623668737
2025-12-01 07:34:50,-2.016844713,0.032938661,-9.601192789
2025-12-01 07:35:00,-2.083436154,-0.091851827,-9.556121054
2025-12-01 07:35:10,-2.006210366,-0.116800618,-9.584590788
2025-12-01 07:35:20,-1.957975483,-0.145655426,-9.613449481
2025-12-01 07:35:30,-2.020051232,-0.013598314,-9.597911842
2025-12-01 07:35:40,-2.044268128,-0.082008109,-9.628914219
2025-12-01 07:35:50,-1.962025404,-0.048001602,-9.623514132
2025-12-01 07:36:00,-1.940141981,-0.185179087,-9.608513991
2025-12-01 07:36:10,-1.979948860,-0.339900270,-9.608521552
2025-12-01 07:36:20,-2.047086211,-0.466632932,-9.562455113
2025-12-01 07:36:30,-2.086987419,-0.340593623,-9.566158215
2025-12-01 07:36:40,-2.237004820,-0.255319296,-9.539979393
2025-12-01 07:36:50,-2.242310711,-0.200192035,-9.583740751
2025-12-01 07:37:00,-2.320220017,-0.249520859,-9.551996829
2025-12-01 07:37:10,-2.368256636,-0.158276830,-9.515423118
2025-12-01 07:37:20,-2.392668677,-0.101748244,-9.496505689
2025-12-01 07:37:30,-2.533225230,-0.214168936,-9.502700234
2025-12-01 07:37:40,-2.578532804,-0.367166933,-9.475415022
2025-12-01 07:37:50,-2.602074695,-0.467180000,-9.462644365
2025-12-01 07:38:00,-2.602151008,-0.554545170,-9.455347415
2025-12-01 07:38:10,-2.522302385,-0.607167145,-9.429387701
2025-12-01 07:38:20,-2.537131648,-0.418857294,-9.474380282
2025-12-01 07:38:30,-2.757424690,-0.520727501,-9.386495358
2025-12-01 07:38:40,-2.697436949,-0.540466974,-9.418446415
2025-12-01 07:38:50,-2.647507618,-0.220662485,-9.419545490
2025-12-01 07:39:00,-2.721896752,-0.231388116,-9.394138743
2025-12-01 07:39:10,-2.613081983,-0.217014645,-9.468488614
2025-12-01 07:39:20,-2.612645462,-0.315513256,-9.477582835
2025-12-01 07:39:30,-2.471485602,-0.437310597,-9.462078771
2025-12-01 07:39:40,-2.388859409,-0.588356734,-9.455953182
2025-12-01 07:39:50,-2.220152474,-0.497890642,-9.537129462
2025-12-01 07:40:00,-2.285363807,-0.597391183,-9.540630583
2025-12-01 07:40:10,-2.280778431,-0.441992865,-9.525296696
2025-12-01 07:40:20,-2.144552157,-0.395783796,-9.562861238
2025-12-01 07:40:30,-2.261102902,-0.307291579,-9.516413630
2025-12-01 07:40:40,-2.260503502,-0.363333407,-9.529099906
2025-12-01 07:40:50,-2.176922048,-0.355434938,-9.563873270
2025-12-01 07:41:00,-2.109589714,-0.335293080,-9.533158833
2025-12-01 07:41:10,-2.258588015,-0.542936138,-9.511850765
2025-12-01 07:41:20,-2.176753574,-0.484736919,-9.574901948
2025-12-01 07:41:30,-2.200530803,-0.359035906,-9.564958893
2025-12-01 07:41:40,-2.495590016,-0.518243899,-9.477423925
2025-12-01 07:41:50,-2.295490427,-0.617716168,-9.534864737
2025-12-01 07:42:00,-2.368458988,-0.593697642,-9.497577902
2025-12-01 07:42:10,-2.465048816,-0.437646906,-9.510184636
2025-12-01 07:42:20,-2.501072007,-0.552295307,-9.487611758
2025-12-01 07:42:30,-2.517727816,-0.446905475,-9.497097861
2025-12-01 07:42:40,-2.591063419,-0.509676908,-9.438301055
2025-12-01 07:42:50,-2.710678175,-0.521935632,-9.416267148
2025-12-01 07:43:00,-2.739353661,-0.483548409,-9.407845602
2025-12-01 07:43:10,-2.700445222,-0.276504624,-9.397582542
2025-12-01 07:43:20,-2.530240687,-0.227086879,-9.450926119
2025-12-01 07:43:30,-2.417115029,-0.202698706,-9.468171765
2025-12-01 07:43:40,-2.553503597,-0.367350634,-9.449119408
2025-12-01 07:43:50,-2.640216186,-0.250426525,-9.440738608
2025-12-01 07:44:00,-2.601367986,-0.203309285,-9.461808701
2025-12-01 07:44:10,-2.500078107,-0.333211788,-9.488492438
2025-12-01 07:44:20,-2.286387219,-0.167732214,-9.533108042
2025-12-01 07:44:30,-2.213412272,-0.065101207,-9.543635825
2025-12-01 07:44:40,-2.208711852,-0.075866099,-9.584436460
2025-12-01 07:44:50,-2.272845375,0.107953461,-9.549106152
2025-12-01 07:45:00,-2.076913601,0.129014950,-9.579140417
2025-12-01 07:45:10,-2.183228409,0.074092570,-9.583466812
2025-12-01 07:45:20,-2.280992146,0.237302708,-9.567346890
2025-12-01 07:45:30,-2.173313612,0.298851878,-9.578564783
2025-12-01 07:45:40,-2.056752997,0.262235334,-9.579426004
2025-12-01 07:45:50,-1.895879105,0.124201164,-9.634206774
2025-12-01 07:46:00,-1.865204900,0.056055754,-9.652728536
2025-12-01 07:46:10,-1.811790431,-0.016143238,-9.609178902
2025-12-01 07:46:20,-1.688781592,-0.190321684,-9.659654688
2025-12-01 07:46:30,-1.680998004,-0.079977666,-9.682197729
2025-12-01 07:46:40,-1.516623529,-0.029129490,-9.681895898
2025-12-01 07:46:50,-1.540548495,0.041882265,-9.691333397
2025-12-01 07:47:00,-1.415027619,0.030662587,-9.717221811
2025-12-01 07:47:10,-1.367552313,-0.060940998,-9.720362318
2025-12-01 07:47:20,-1.383743238,-0.104260426,-9.687010056
2025-12-01 07:47:30,-1.405496835,-0.102370411,-9.711304661
2025-12-01 07:47:40,-1.512910164,-0.113164525,-9.690088898
2025-12-01 07:47:50,-1.415092658,-0.145383294,-9.700332170
2025-12-01 07:48:00,-1.353892953,-0.255700348,-9.729307664
2025-12-01 07:48:10,-1.429003940,-0.266617960,-9.707357583
2025-12-01 07:48:20,-1.554188408,-0.282449745,-9.654471699
2025-12-01 07:48:30,-1.347064735,-0.424319028,-9.696095815
2025-12-01 07:48:40,-1.355804022,-0.264463193,-9.730025025
2025-12-01 07:48:50,-1.363364291,-0.394256608,-9.722650290
2025-12-01 07:49:00,-1.333768253,-0.596495184,-9.741643672
2025-12-01 07:49:10,-1.444655208,-0.595828118,-9.676934570
2025-12-01 07:49:20,-1.426922960,-0.698857021,-9.653526044
2025-12-01 07:49:30,-1.410602728,-0.653676697,-9.677427012
2025-12-01 07:49:40,-1.353906031,-0.619683535,-9.699474272
2025-12-01 07:49:50,-1.259076469,-0.631646655,-9.719205870
2025-12-01 07:50:00,-1.462087437,-0.709227935,-9.673952507
2025-12-01 07:50:10,-1.660979353,-0.756873532,-9.637598942
2025-12-01 07:50:20,-1.682022105,-0.919921666,-9.656301002
2025-12-01 07:50:30,-1.916236533,-0.886587578,-9.567521305
2025-12-01 07:50:40,-1.982344666,-1.011386718,-9.538127002
2025-12-01 07:50:50,-2.100014872,-1.167175278,-9.492666977
2025-12-01 07:51:00,-2.125820668,-0.955479066,-9.550552108
2025-12-01 07:51:10,-2.240345449,-1.036050106,-9.461632949
2025-12-01 07:51:20,-2.027782066,-0.977368317,-9.556042990
2025-12-01 07:51:30,-1.960818988,-0.997364923,-9.552014298
2025-12-01 07:51:40,-2.014215444,-1.002032380,-9.543845821
2025-12-01 07:51:50,-2.027570680,-0.976712860,-9.529225840
2025-12-01 07:52:00,-1.985337517,-1.026275509,-9.528447051
2025-12-01 07:52:10,-1.946781626,-1.061019561,-9.558352025
2025-12-01 07:52:20,-2.070318761,-0.990454564,-9.560103026
2025-12-01 07:52:30,-2.014063123,-0.966102090,-9.514510571
2025-12-01 07:52:40,-1.929713784,-1.046926053,-9.567375742
2025-12-01 07:52:50,-1.826339072,-0.918930933,-9.583709528
2025-12-01 07:53:00,-1.918337375,-0.677770841,-9.591573766
2025-12-01 07:53:10,-2.174633324,-0.750369835,-9.492545250
2025-12-01 07:53:20,-2.375100421,-0.639658905,-9.517272125
2025-12-01 07:53:30,-2.052718834,-0.743003183,-9.542372317
2025-12-01 07:53:40,-1.835163513,-0.775432012,-9.599899467
2025-12-01 07:53:50,-2.015475477,-0.494059407,-9.594228233
2025-12-01 07:54:00,8.296378173,-1.591126993,-4.841014339
2025-12-01 07:54:10,5.373122403,0.678989426,-7.909466676
2025-12-01 07:54:20,7.366290529,-4.094160043,-5.450643673
2025-12-01 07:54:30,2.454922650,-6.989321932,-6.323980857
2025-12-01 07:54:40,3.059591378,-7.280450616,-6.053423951
2025-12-01 07:54:50,2.806227293,-5.173586403,-7.849218416
2025-12-01 07:55:00,3.691344769,-6.091279716,-6.933356564
2025-12-01 07:55:10,1.928819249,-7.846526037,-5.727134787
2025-12-01 07:55:20,1.845971364,-6.502400570,-7.109523501
2025-12-01 07:55:30,1.013619780,-5.975301906,-7.747028200
2025-12-01 07:55:40,1.396789491,-6.823438322,-6.724021084
2025-12-01 07:55:50,-0.980404704,-6.311614319,-7.490311616
2025-12-01 07:56:00,0.542654341,-5.760985263,-7.881668945
2025-12-01 07:56:10,1.216037468,-8.221545946,-5.740592532
2025-12-01 07:56:20,5.271222256,-7.701332009,-3.260114828
2025-12-01 07:56:30,4.182048028,-8.326916864,-3.129964265
2025-12-01 07:56:40,6.180336096,-7.523788226,-0.965783400
2025-12-01 07:56:50,5.698235716,-7.837723473,-0.215150188
2025-12-01 07:57:00,6.114577710,-7.814143499,0.825824982
2025-12-01 07:57:10,4.949107826,-8.391855295,-0.729812653
2025-12-01 07:57:20,3.598357055,-9.105261102,-1.622817838
2025-12-01 07:57:30,-0.298556219,-9.694071107,-2.148516009
2025-12-01 07:57:40,-0.280938016,-9.699894985,-2.359108206
2025-12-01 07:57:50,0.284147909,-9.548972124,-2.119713975
2025-12-01 07:58:00,1.290890239,-8.777752990,-4.143010635
2025-12-01 07:58:10,-0.718012767,-8.913677314,-3.805483892
2025-12-01 07:58:20,0.796196312,-9.771511406,2.204218415
2025-12-01 07:58:30,-1.753706895,-9.010843986,3.625776336
2025-12-01 07:58:40,0.557573994,-9.152510410,3.726194495
2025-12-01 07:58:50,-1.865298828,-8.399041255,4.541350753
2025-12-01 07:59:00,-3.021144970,-7.683157855,5.401675774
2025-12-01 07:59:10,-2.696350832,-7.820077074,5.382385196
2025-12-01 07:59:20,-3.727332327,-8.216610526,3.647786768
2025-12-01 07:59:30,-3.763798543,-8.329610443,3.222856014
2025-12-01 07:59:40,-4.664080254,-7.412417158,4.286310075
2025-12-01 07:59:50,-3.569756063,-8.331978137,4.080616328
2025-12-01 08:00:00,-3.271328464,-8.653468992,3.010593830
2025-12-01 08:00:10,-4.728673912,-7.709623845,3.804967595
2025-12-01 08:00:20,-3.315435202,-7.873343548,4.981990133
2025-12-01 08:00:30,-3.399232374,-7.748784475,4.955811773
2025-12-01 08:00:40,-2.562221072,-8.703243260,3.851432844
2025-12-01 08:00:50,-2.831825725,-9.036331095,2.856315816
2025-12-01 08:01:00,-1.850389600,-9.021242263,3.345524909
2025-12-01 08:01:10,-0.811267045,-9.234474943,3.752725561
2025-12-01 08:01:20,-1.630770133,-8.815371613,3.459339503
2025-12-01 08:01:30,-1.248229534,-9.104704601,2.187890208
2025-12-01 08:01:40,-0.860227850,-8.990279336,3.539454043
2025-12-01 08:01:50,-0.445327546,-9.663260530,2.452834223
2025-12-01 08:02:00,1.238612603,-9.324306900,3.117936585
2025-12-01 08:02:10,1.420075090,-9.128516831,3.449698404
2025-12-01 08:02:20,0.753386191,-9.526513973,2.561146651
2025-12-01 08:02:30,-0.311101385,-9.054625321,3.117552780
2025-12-01 08:02:40,-0.061561992,-9.251000946,3.225694605
2025-12-01 08:02:50,-0.035457737,-9.502946406,2.155879129
2025-12-01 08:03:00,-0.220088511,-9.816179428,0.902783808
2025-12-01 08:03:10,-1.498368375,-9.596865337,0.118472862
2025-12-01 08:03:20,-1.000746770,-9.775838962,-0.279696324
2025-12-01 08:03:30,-1.791793378,-9.736769522,-1.627917729
2025-12-01 08:03:40,-2.067179004,-9.505695644,-1.368392956
2025-12-01 08:03:50,-2.774781492,-9.427857736,-1.252397512
2025-12-01 08:04:00,-1.278670627,-9.412225865,-2.545708602
2025-12-01 08:04:10,-1.122465597,-9.568159589,-1.528963715
2025-12-01 08:04:20,-3.691861849,-8.673691295,-1.663638154
2025-12-01 08:04:30,-3.005727258,-9.264668574,-1.241915753
2025-12-01 08:04:40,-4.537125005,-8.488183149,-1.442452167
2025-12-01 08:04:50,-4.905118505,-8.324334713,-1.272813106
2025-12-01 08:05:00,-4.345643501,-8.843745678,-1.357170196
2025-12-01 08:05:10,-3.142905063,-9.620677377,-0.305486790
2025-12-01 08:05:20,-3.277662268,-9.165593164,-2.016345437
2025-12-01 08:05:30,-2.463294322,-9.419505853,-1.641431662
2025-12-01 08:05:40,-4.122924460,-8.796429116,-1.590465850
2025-12-01 08:05:50,-4.824578482,-8.418558600,-0.169902429
2025-12-01 08:06:00,-4.660798119,-8.505716206,0.614505467
2025-12-01 08:06:10,-5.094410901,-8.685466002,0.091223587
2025-12-01 08:06:20,-3.783105579,-8.818501795,-0.525504779
2025-12-01 08:06:30,-4.839200237,-8.539442469,-0.733650871
2025-12-01 08:06:40,-4.966374980,-8.393835493,0.287096126
2025-12-01 08:06:50,-4.774751042,-8.340555004,-1.304994872
2025-12-01 08:07:00,-4.557023215,-8.186576021,-1.975404098
2025-12-01 08:07:10,-4.674101224,-8.636436262,0.827500185
2025-12-01 08:07:20,-3.675570871,-9.123315877,0.042073907
2025-12-01 08:07:30,-3.952956325,-8.527640746,-2.208842033
2025-12-01 08:07:40,-4.842180981,-8.601137112,-1.545610678
2025-12-01 08:07:50,-4.500621931,-8.873509989,-1.122100125
2025-12-01 08:08:00,-3.625962347,-8.805982610,-1.320883648
2025-12-01 08:08:10,-3.859449595,-8.797536748,-1.969220569
2025-12-01 08:08:20,-3.174690632,-9.267482379,-1.974854498
2025-12-01 08:08:30,-2.000304263,-9.107982946,-3.080496613
2025-12-01 08:08:40,-1.597248963,-9.177883375,-2.582346317
2025-12-01 08:08:50,-1.135142584,-9.284714606,-2.298001644
2025-12-01 08:09:00,-1.181308545,-9.362688624,-1.545757368
2025-12-01 08:09:10,-0.857122251,-9.793097330,-1.430069178
2025-12-01 08:09:20,0.422394945,-9.355070698,-0.749975013
2025-12-01 08:09:30,-0.880366931,-9.715466383,-0.886682198
2025-12-01 08:09:40,0.391712803,-9.691897414,-1.915939311
2025-12-01 08:09:50,-0.429753318,-9.415040750,-1.485500376
2025-12-01 08:10:00,0.824167704,-9.558819864,-2.399035181
2025-12-01 08:10:10,1.536042529,-9.713253424,-1.096677024
2025-12-01 08:10:20,0.335025661,-10.086883509,-0.972461068
2025-12-01 08:10:30,0.130112877,-9.608970889,-1.032270737
2025-12-01 08:10:40,1.022679204,-9.528736865,-1.970153529
2025-12-01 08:10:50,0.892141231,-9.236103945,-2.891794675
2025-12-01 08:11:00,1.025557692,-9.515270209,-1.822546324
2025-12-01 08:11:10,1.705137767,-9.420828506,-1.418428502
2025-12-01 08:11:20,1.880419283,-9.607252693,-1.334689434
2025-12-01 08:11:30,0.481251301,-9.897676361,-0.545344950
2025-12-01 08:11:40,0.367384062,-9.409101511,-1.707012057
2025-12-01 08:11:50,0.812352926,-9.730735696,-1.609568833
2025-12-01 08:12:00,1.216851701,-9.789930323,-1.602125631
2025-12-01 08:12:10,2.404599656,-9.123239891,-1.946112849
2025-12-01 08:12:20,2.331643757,-8.970234679,-2.093162324
2025-12-01 08:12:30,2.883580881,-9.329984041,-1.007949131
2025-12-01 08:12:40,2.579625162,-9.463468104,-1.042558917
2025-12-01 08:12:50,3.968577687,-9.081499278,-1.409180054
2025-12-01 08:13:00,4.434036180,-8.813415561,-1.562745567
2025-12-01 08:13:10,4.767050181,-8.320452680,-2.232666560
2025-12-01 08:13:20,4.844584429,-7.624984442,-3.168204345
2025-12-01 08:13:30,4.871177835,-7.991443859,-3.453535538
2025-12-01 08:13:40,3.110997763,-8.624865565,-3.910047564
2025-12-01 08:13:50,2.083967486,-9.323313705,-2.840592460
2025-12-01 08:14:00,3.528771100,-9.218068562,-2.360540101
2025-12-01 08:14:10,3.144025115,-9.101485980,-1.704088225
2025-12-01 08:14:20,2.207659175,-9.473445887,-1.746310601
2025-12-01 08:14:30,3.326611741,-9.222188923,-0.838079530
2025-12-01 08:14:40,2.312066046,-9.222284355,-2.773782795
2025-12-01 08:14:50,2.465676699,-9.240233811,-2.083893811
2025-12-01 08:15:00,2.733313011,-9.180123528,-2.530231569
2025-12-01 08:15:10,1.703103527,-8.693499339,-4.530561173
2025-12-01 08:15:20,1.754223015,-8.604372596,-4.917795436
2025-12-01 08:15:30,1.615645963,-7.906237180,-5.643209286
2025-12-01 08:15:40,1.580808273,-7.326145961,-5.963647526
2025-12-01 08:15:50,1.403322931,-7.455764304,-6.065481112
2025-12-01 08:16:00,1.083232787,-7.400200980,-6.466140374
2025-12-01 08:16:10,0.188094481,-7.820544566,-5.868262132
2025-12-01 08:16:20,-0.363247771,-7.775813966,-5.587856728
2025-12-01 08:16:30,0.259480029,-8.408965467,-5.323922555
2025-12-01 08:16:40,0.738421406,-8.370344863,-4.725333117
2025-12-01 08:16:50,1.048200191,-9.099767344,-3.822075633
2025-12-01 08:17:00,-0.216915873,-8.860202100,-4.331282815
2025-12-01 08:17:10,0.328321645,-8.309860062,-5.265194984
2025-12-01 08:17:20,1.180840765,-8.641123882,-4.872874272
2025-12-01 08:17:30,1.025654701,-9.037632306,-3.575542385
2025-12-01 08:17:40,1.487673234,-9.477389277,-2.815812703
2025-12-01 08:17:50,2.081226113,-9.419977731,-2.788878478
2025-12-01 08:18:00,1.511623558,-9.531349772,-2.159597030
2025-12-01 08:18:10,1.391630933,-9.379885663,-2.754160877
2025-12-01 08:18:20,2.516381807,-9.088542362,-2.753683841
2025-12-01 08:18:30,1.839215647,-9.342331697,-2.536555866
2025-12-01 08:18:40,2.627226524,-9.178596940,-2.280319094
2025-12-01 08:18:50,2.824309304,-9.479157881,-2.720137162
2025-12-01 08:19:00,2.264578080,-9.116131085,-3.362793230
2025-12-01 08:19:10,2.395073291,-8.359759741,-4.550606674
2025-12-01 08:19:20,2.070679327,-8.373861418,-4.270788278
2025-12-01 08:19:30,2.244303917,-8.216962878,-5.432608459
2025-12-01 08:19:40,2.150240341,-6.756070435,-6.660984739
2025-12-01 08:19:50,2.046532932,-6.730726796,-6.612795746
2025-12-01 08:20:00,1.833970221,-6.469607547,-6.986984875
2025-12-01 08:20:10,0.881362541,-6.274835371,-7.478369995
2025-12-01 08:20:20,0.651314619,-7.194787810,-6.418525421
2025-12-01 08:20:30,0.750828178,-6.546711421,-6.850526669
2025-12-01 08:20:40,1.135945011,-6.220159668,-7.800095939
2025-12-01 08:20:50,1.855761507,-6.336159358,-7.204188685
2025-12-01 08:21:00,1.665738880,-6.823142639,-6.849184541
2025-12-01 08:21:10,2.379482420,-6.216988313,-7.266639217
2025-12-01 08:21:20,2.611596805,-6.398035249,-7.008114917
2025-12-01 08:21:30,3.062510411,-5.702828159,-7.423994095
2025-12-01 08:21:40,2.840698390,-5.919900577,-6.941992259
2025-12-01 08:21:50,2.552854314,-6.592683450,-6.797504443
2025-12-01 08:22:00,2.625429181,-6.491603381,-6.916139653
2025-12-01 08:22:10,1.264690178,-6.161506603,-7.556253914
2025-12-01 08:22:20,1.322643169,-5.622515171,-8.080394494
2025-12-01 08:22:30,1.540201842,-4.381383432,-9.029508903
2025-12-01 08:22:40,1.578159946,-3.854575126,-8.815977312
2025-12-01 08:22:50,1.722281856,-4.797986536,-8.726331790
2025-12-01 08:23:00,1.388350796,-4.065293900,-8.554249212
2025-12-01 08:23:10,1.056342737,-4.327841139,-8.882038122
2025-12-01 08:23:20,1.140200589,-4.481079214,-8.872457117
2025-12-01 08:23:30,1.411087318,-3.699780639,-8.956847599
2025-12-01 08:23:40,1.956893936,-3.985512518,-8.924281369
2025-12-01 08:23:50,3.187348862,-3.218653491,-8.818470221
2025-12-01 08:24:00,3.717211827,-3.214623443,-8.679447118
2025-12-01 08:24:10,3.905241986,-2.486038408,-8.444556389
2025-12-01 08:24:20,4.173652276,-2.088400656,-8.310197780
2025-12-01 08:24:30,4.383362778,-1.715494997,-8.630864390
2025-12-01 08:24:40,4.097452359,-1.629404850,-8.712242349
2025-12-01 08:24:50,3.918539210,-0.649657126,-9.244311522
2025-12-01 08:25:00,3.755045629,-0.826350905,-8.823699375
2025-12-01 08:25:10,3.190464745,-0.934244480,-9.354594616
2025-12-01 08:25:20,2.799940384,-0.947916440,-9.282084061
2025-12-01 08:25:30,2.850979084,-0.912396857,-9.060611718
2025-12-01 08:25:40,2.355882057,-0.390887922,-9.635776738
2025-12-01 08:25:50,3.135460442,-0.786540673,-9.018570819
2025-12-01 08:26:00,3.158530934,-0.511023849,-9.476714843
2025-12-01 08:26:10,2.949668015,-0.201121610,-9.433831948
2025-12-01 08:26:20,3.104236927,0.336658899,-9.448841909
2025-12-01 08:26:30,2.934012258,0.179838852,-9.377219252
2025-12-01 08:26:40,2.803401097,-0.047296625,-9.361041985
2025-12-01 08:26:50,2.563254486,-1.156761130,-9.550343525
2025-12-01 08:27:00,3.358059669,-1.017420124,-9.359636576
2025-12-01 08:27:10,2.885437796,-1.012927853,-9.385534156
2025-12-01 08:27:20,3.012323418,-1.412920229,-9.279992351
2025-12-01 08:27:30,2.670331069,-1.747032652,-9.421859488
2025-12-01 08:27:40,2.611202975,-1.290071038,-9.188532473
2025-12-01 08:27:50,2.758530790,-1.204570601,-9.609114037
2025-12-01 08:28:00,2.475825553,-1.088916667,-9.394542278
2025-12-01 08:28:10,2.400660909,-1.384358517,-9.200743738
2025-12-01 08:28:20,3.050437706,-1.898495365,-9.404890284
2025-12-01 08:28:30,3.127696527,-1.381579683,-8.975426751
2025-12-01 08:28:40,3.002326228,-1.946025656,-9.260142016
2025-12-01 08:28:50,2.823335038,-1.525430852,-8.966214727
2025-12-01 08:29:00,2.843878668,-1.479894880,-9.163236466
2025-12-01 08:29:10,3.124550292,-1.740609215,-9.050843622
2025-12-01 08:29:20,2.838886926,-2.084276470,-9.223581446
2025-12-01 08:29:30,2.897833579,-2.262804608,-9.067887075
2025-12-01 08:29:40,3.407455768,-1.931469300,-8.920519139
2025-12-01 08:29:50,3.442823393,-2.226652523,-9.048379014
2025-12-01 08:30:00,3.331770692,-1.955157622,-8.918360108
2025-12-01 08:30:10,3.585416593,-1.908361408,-8.715919335
2025-12-01 08:30:20,3.791100748,-1.790584633,-8.766102715
2025-12-01 08:30:30,3.258275195,-1.981567411,-8.706456728
2025-12-01 08:30:40,3.415009754,-2.170250416,-8.826473832
2025-12-01 08:30:50,3.166454702,-1.892236054,-9.342223332
2025-12-01 08:31:00,3.345294972,-1.852531397,-9.012323360
2025-12-01 08:31:10,3.159344386,-2.069376642,-9.163552238
2025-12-01 08:31:20,3.094962824,-2.144315778,-8.750665797
2025-12-01 08:31:30,3.460064165,-1.978088350,-9.061030858
2025-12-01 08:31:40,3.412877986,-2.029148513,-8.796305007
2025-12-01 08:31:50,3.323508678,-2.198615550,-9.083782612
2025-12-01 08:32:00,3.574013821,-2.084415279,-9.191694461
2025-12-01 08:32:10,3.888775484,-2.012237852,-8.864754700
2025-12-01 08:32:20,3.671295128,-2.307225834,-8.543263130
2025-12-01 08:32:30,3.285683374,-2.483901838,-9.180386679
2025-12-01 08:32:40,3.194064514,-2.633218391,-8.862971552
2025-12-01 08:32:50,2.582280949,-2.113303577,-9.070884899
2025-12-01 08:33:00,2.878758174,-2.187607792,-9.188189087
2025-12-01 08:33:10,3.022434683,-2.099116025,-9.081596508
2025-12-01 08:33:20,3.448645662,-2.119819747,-8.848590495
2025-12-01 08:33:30,3.487223590,-2.429893986,-9.118293471
2025-12-01 08:33:40,3.619563238,-2.245614821,-8.830663152
2025-12-01 08:33:50,3.518258096,-2.678258829,-8.789995420
2025-12-01 08:34:00,3.241435939,-1.996573650,-8.727253859
2025-12-01 08:34:10,3.382663417,-2.358702491,-8.835208654
2025-12-01 08:34:20,3.230685740,-2.101475597,-9.143195876
2025-12-01 08:34:30,3.925547349,-2.008816112,-9.270846304
2025-12-01 08:34:40,4.171336879,-2.093674276,-8.631391422
2025-12-01 08:34:50,4.163408150,-2.111388606,-8.299297927
2025-12-01 08:35:00,3.725160807,-2.206461370,-8.568913195
2025-12-01 08:35:10,3.798972252,-1.792571779,-9.013381957
2025-12-01 08:35:20,3.494156280,-1.868438628,-8.927688552
2025-12-01 08:35:30,3.841789873,-2.083596910,-8.569267880
2025-12-01 08:35:40,4.179504310,-2.579142810,-8.524929617
2025-12-01 08:35:50,3.974031704,-2.501601044,-8.495663103
2025-12-01 08:36:00,3.521269620,-2.669528726,-8.584218748
2025-12-01 08:36:10,3.469285341,-2.087331848,-8.621580343
2025-12-01 08:36:20,3.105215811,-1.333573041,-9.040718986
2025-12-01 08:36:30,3.190523863,-1.646039738,-9.008074680
2025-12-01 08:36:40,3.312674689,-0.992395269,-9.327736767
2025-12-01 08:36:50,2.720266318,-1.147538618,-9.131064980
2025-12-01 08:37:00,2.618136586,-1.375702844,-9.406947210
2025-12-01 08:37:10,2.420005137,-0.907287024,-9.585958840
2025-12-01 08:37:20,1.754993933,-1.195219746,-9.525315661
2025-12-01 08:37:30,1.447847243,-1.913914840,-9.513040715
2025-12-01 08:37:40,1.742409998,-1.713563360,-9.484038914
2025-12-01 08:37:50,1.303558950,-1.416631412,-9.694799874
2025-12-01 08:38:00,0.905879945,-1.316419912,-9.688000961
2025-12-01 08:38:10,1.069437064,-1.207814683,-9.782880035
2025-12-01 08:38:20,1.013172078,-1.367014167,-9.560905926
2025-12-01 08:38:30,1.048379109,-1.363327775,-9.673823843
2025-12-01 08:38:40,1.187005713,-1.465403916,-9.678849958
2025-12-01 08:38:50,1.153835261,-1.042540967,-9.582486861
2025-12-01 08:39:00,1.257699124,-1.447626599,-9.782651758
2025-12-01 08:39:10,1.138446282,-1.708775731,-9.686904296
2025-12-01 08:39:20,0.814692957,-1.570568121,-9.729907642
2025-12-01 08:39:30,1.068274361,-0.907113624,-9.771041283
2025-12-01 08:39:40,1.456912030,-1.125571210,-9.544748412
2025-12-01 08:39:50,1.153663364,-1.035058787,-9.724439370
2025-12-01 08:40:00,0.963808691,-0.234460268,-9.668664143
2025-12-01 08:40:10,0.726827645,-0.255879063,-9.522964450
2025-12-01 08:40:20,0.000887459,0.052481795,-9.825729493
2025-12-01 08:40:30,-0.198669133,-0.421116413,-9.985739001
2025-12-01 08:40:40,0.355184987,0.035377124,-9.962493412
2025-12-01 08:40:50,-0.393261197,-0.079245717,-9.853974781
2025-12-01 08:41:00,0.164803552,-0.505159167,-9.958187876
2025-12-01 08:41:10,0.304406804,-0.589424138,-9.838365066
2025-12-01 08:41:20,-0.030907656,-0.575001192,-9.690310743
2025-12-01 08:41:30,-0.634447155,-0.662131993,-9.806899040
2025-12-01 08:41:40,-0.435898400,-0.560967874,-9.811224058
2025-12-01 08:41:50,-0.538969939,-0.634893266,-9.677943250
2025-12-01 08:42:00,-0.557102028,-0.409837984,-9.841242101
2025-12-01 08:42:10,-0.532618711,0.005938195,-9.756634084
2025-12-01 08:42:20,-1.186807502,-0.173380806,-9.854126792
2025-12-01 08:42:30,-1.416487326,-0.195867590,-9.724042792
2025-12-01 08:42:40,-1.303028811,-0.040236972,-9.787462574
2025-12-01 08:42:50,-1.570400940,0.075445286,-9.709140545
2025-12-01 08:43:00,-1.293502110,0.637803708,-9.550020490
2025-12-01 08:43:10,-1.514222600,0.866174914,-9.675537032
2025-12-01 08:43:20,-2.299773604,0.535228354,-9.769807587
2025-12-01 08:43:30,-1.830730750,0.417745964,-9.519407235
2025-12-01 08:43:40,-2.209719201,0.454636740,-9.150366942
2025-12-01 08:43:50,-2.124967625,0.395741915,-9.461331878
2025-12-01 08:44:00,-2.728274541,1.293381659,-9.581736439
2025-12-01 08:44:10,-2.648085540,1.041598797,-9.510573786
2025-12-01 08:44:20,-2.958964249,1.524455982,-9.250200417
2025-12-01 08:44:30,-3.465534348,0.910872781,-9.452628412
2025-12-01 08:44:40,-3.325671792,0.902404531,-9.483446000
2025-12-01 08:44:50,-2.963183433,1.206156989,-9.147439775
2025-12-01 08:45:00,-3.491423759,0.995470956,-9.034727273
2025-12-01 08:45:10,-3.720497053,0.730029663,-8.947622097
2025-12-01 08:45:20,-3.927302342,0.478719006,-9.146938744
2025-12-01 08:45:30,-3.326584029,0.458900887,-9.166011706
2025-12-01 08:45:40,-3.563382952,0.230153086,-9.151277299
2025-12-01 08:45:50,-3.377904222,-0.087884855,-9.228169164
2025-12-01 08:46:00,-3.352614277,-0.082220123,-9.242293388
2025-12-01 08:46:10,-3.162920864,0.559629419,-9.204017375
2025-12-01 08:46:20,-3.281377749,0.541857822,-9.381678971
2025-12-01 08:46:30,-3.101171539,0.316943700,-9.438680230
2025-12-01 08:46:40,-2.855453181,-0.219674270,-9.255563613
2025-12-01 08:46:50,-2.587815140,-0.542519816,-9.644819854
2025-12-01 08:47:00,-2.786149125,-0.903127647,-9.430634945
2025-12-01 08:47:10,-3.082944866,-0.935369700,-9.361050833
2025-12-01 08:47:20,-2.548369442,-0.808647730,-9.502284083
2025-12-01 08:47:30,-2.414488897,-0.383171790,-9.561367736
2025-12-01 08:47:40,-2.846471142,-1.076088189,-9.079695821
2025-12-01 08:47:50,-2.688922618,-0.911473336,-9.426900662
2025-12-01 08:48:00,-2.813783136,-0.943089854,-9.395343698
2025-12-01 08:48:10,-3.077514483,-0.872518780,-9.303556498
2025-12-01 08:48:20,-2.777881923,-0.564042351,-9.598550439
2025-12-01 08:48:30,-3.052365441,-0.848196006,-9.577215614
2025-12-01 08:48:40,-2.654286587,-0.491784363,-9.426416005
2025-12-01 08:48:50,-3.016461139,-0.279691951,-9.246589474
2025-12-01 08:49:00,-2.879782279,-0.358276350,-9.158458330
2025-12-01 08:49:10,-3.076229226,0.397522658,-9.389185158
2025-12-01 08:49:20,-3.215808507,-0.480474451,-9.398692889
2025-12-01 08:49:30,-2.699948435,0.074461319,-9.496477081
2025-12-01 08:49:40,-2.623992726,-0.510473431,-9.475911481
2025-12-01 08:49:50,-2.508370172,0.108999601,-9.291535122
2025-12-01 08:50:00,-2.719252325,-0.302319167,-9.325533748
2025-12-01 08:50:10,-2.477015635,-0.108976466,-9.505696955
2025-12-01 08:50:20,-2.939325579,-0.256743895,-9.578828266
2025-12-01 08:50:30,-2.924656868,0.125719003,-9.070827557
2025-12-01 08:50:40,-2.673435563,0.230950621,-9.225766837
2025-12-01 08:50:50,-2.984864752,0.637625810,-9.178024229
2025-12-01 08:51:00,-2.638392781,0.818923624,-9.410086479
2025-12-01 08:51:10,-3.012767002,0.979637614,-9.399948719
2025-12-01 08:51:20,-3.082404762,0.639765859,-9.261714044
2025-12-01 08:51:30,-3.230033303,1.162883608,-9.405768586
2025-12-01 08:51:40,-3.051079953,1.273127482,-9.058056209
2025-12-01 08:51:50,-3.661506091,1.332245173,-8.769007736
2025-12-01 08:52:00,-3.298108319,1.150526006,-8.767368408
2025-12-01 08:52:10,-3.624410310,1.659949549,-8.651783812
2025-12-01 08:52:20,-3.540414935,1.796660790,-8.927556178
2025-12-01 08:52:30,-3.343706920,1.533360191,-8.999080195
2025-12-01 08:52:40,-3.401173807,1.560313355,-8.925598538
2025-12-01 08:52:50,-3.568941865,1.544408638,-9.051448238
2025-12-01 08:53:00,-3.648730177,1.368110815,-9.195883450
2025-12-01 08:53:10,-3.471463558,1.474862352,-9.080136802
2025-12-01 08:53:20,-3.586446840,1.640601991,-9.103949717
2025-12-01 08:53:30,-3.464270448,1.451743196,-9.086131334
2025-12-01 08:53:40,-3.571012666,0.903575447,-8.810020804
2025-12-01 08:53:50,-4.143232749,1.103416384,-9.185641578
2025-12-01 08:54:00,-4.266418839,1.291784625,-8.676656022
2025-12-01 08:54:10,-4.150056026,1.935264011,-8.385007960
2025-12-01 08:54:20,-4.537533173,2.129797284,-8.655883154
2025-12-01 08:54:30,-4.673810671,2.202593838,-8.580761877
2025-12-01 08:54:40,-4.630391980,2.344542830,-8.216959359
2025-12-01 08:54:50,-5.125681483,1.832224933,-8.372802770
2025-12-01 08:55:00,-5.042042460,1.747945037,-7.870378686
2025-12-01 08:55:10,-5.278034517,1.167704609,-8.090813500
2025-12-01 08:55:20,-4.939929163,1.056932400,-8.347655309
2025-12-01 08:55:30,-5.067440631,1.553657313,-8.406715109
2025-12-01 08:55:40,-4.976014191,1.106432565,-8.569178882
2025-12-01 08:55:50,-4.882163497,1.486945050,-8.458808475
2025-12-01 08:56:00,-5.205347296,0.941057071,-8.459191116
2025-12-01 08:56:10,-5.270486510,1.024827888,-8.501043587
2025-12-01 08:56:20,-5.182976863,1.173719141,-8.409792641
2025-12-01 08:56:30,-4.981606048,1.212032486,-8.332044526
2025-12-01 08:56:40,-5.500669498,1.303663332,-7.994143163
2025-12-01 08:56:50,-5.172554135,1.198817647,-8.096341823
2025-12-01 08:57:00,-5.153077233,1.298203626,-8.423953095
2025-12-01 08:57:10,-5.074322844,1.431987863,-8.197488117
2025-12-01 08:57:20,-5.057674696,1.452486864,-8.069067149
2025-12-01 08:57:30,-5.072610673,1.271775516,-8.413573222
2025-12-01 08:57:40,-4.900047832,1.711737344,-8.487679214
2025-12-01 08:57:50,-5.097939781,1.596046079,-8.189869176
2025-12-01 08:58:00,-5.060731227,1.481286528,-7.749127070
2025-12-01 08:58:10,-4.924891318,1.182991414,-8.211467882
2025-12-01 08:58:20,-5.635464191,1.092507161,-7.951198904
2025-12-01 08:58:30,-5.545757860,0.856518843,-8.089111158
2025-12-01 08:58:40,-5.740327151,1.044020151,-7.980207707
2025-12-01 08:58:50,-6.133195292,0.554673183,-7.724947285
2025-12-01 08:59:00,-6.277939347,1.213916792,-7.352885958
2025-12-01 08:59:10,-5.887464538,1.346528813,-7.575272100
2025-12-01 08:59:20,-6.357829534,1.628068101,-7.529840726
2025-12-01 08:59:30,-6.376746697,1.576243559,-7.379342536
2025-12-01 08:59:40,-5.936724358,1.656013224,-7.658610769
2025-12-01 08:59:50,-6.062572084,0.997003826,-7.462509086
2025-12-01 09:00:00,-5.674582176,0.866026685,-7.694911618
2025-12-01 09:00:10,-5.894393726,0.943065561,-7.974767604
2025-12-01 09:00:20,-5.723755151,0.753586993,-7.958937231
2025-12-01 09:00:30,-5.753419315,0.519190894,-7.960287917
2025-12-01 09:00:40,-5.519286538,0.649063198,-7.680188395
2025-12-01 09:00:50,-5.614264084,1.137633354,-7.762800919
2025-12-01 09:01:00,-5.843405741,1.752172423,-7.384442831
2025-12-01 09:01:10,-6.307615562,1.399158294,-7.728046779
2025-12-01 09:01:20,-5.971745284,1.249659353,-7.807464468
2025-12-01 09:01:30,-5.906936477,0.981715405,-7.516696375
2025-12-01 09:01:40,-5.740805342,1.051814478,-8.016393528
2025-12-01 09:01:50,-5.594135700,1.009329819,-7.862923915
2025-12-01 09:02:00,-5.753895051,1.012911007,-7.889206599
2025-12-01 09:02:10,-5.067615540,1.371853460,-8.403244069
2025-12-01 09:02:20,-5.732560353,1.016394096,-8.313059270
2025-12-01 09:02:30,-5.215050620,0.933647226,-8.227374070
2025-12-01 09:02:40,-5.171497839,1.065009166,-8.293285829
2025-12-01 09:02:50,-5.585263302,0.759436302,-8.380353339
2025-12-01 09:03:00,-5.345127811,0.964260891,-8.010304553
2025-12-01 09:03:10,-5.440027848,0.664695308,-7.975357200
2025-12-01 09:03:20,-6.103336243,0.909429361,-7.808883557
2025-12-01 09:03:30,-5.740092821,0.690057211,-8.038099692
2025-12-01 09:03:40,-5.522102800,0.193531769,-8.064799577
2025-12-01 09:03:50,-5.564151253,0.255113339,-7.967728013
2025-12-01 09:04:00,-5.830278529,-0.291835186,-7.646088761
2025-12-01 09:04:10,-5.891651650,-0.300922219,-8.226284403
2025-12-01 09:04:20,-5.436004784,-0.407466673,-8.312926913
2025-12-01 09:04:30,-5.925729197,-0.690494201,-8.104275422
2025-12-01 09:04:40,-5.916120563,-0.076046971,-7.712727753
2025-12-01 09:04:50,-5.830919093,-0.408841066,-7.743276731
2025-12-01 09:05:00,-5.637251988,-0.136681536,-7.869627064
2025-12-01 09:05:10,-5.436910524,0.247516256,-8.137552057
2025-12-01 09:05:20,-5.187776647,0.327718876,-8.199130157
2025-12-01 09:05:30,-5.279466430,0.146277808,-8.336268518
2025-12-01 09:05:40,-5.093975271,0.300230216,-8.378414902
2025-12-01 09:05:50,-5.365414162,0.227674728,-8.257689627
2025-12-01 09:06:00,-4.847918810,0.491663822,-8.506684173
2025-12-01 09:06:10,-5.319951475,0.712075636,-8.337188537
2025-12-01 09:06:20,-5.105616037,0.412638383,-8.529159804
2025-12-01 09:06:30,-4.881202556,0.135736584,-8.513842723
2025-12-01 09:06:40,-4.799035872,0.502943438,-8.544925095
2025-12-01 09:06:50,-5.015164840,0.154492696,-8.362466546
2025-12-01 09:07:00,-5.299445951,0.003359310,-8.594192705
2025-12-01 09:07:10,-5.411372480,0.031054821,-8.316921399
2025-12-01 09:07:20,-5.077637352,0.326232708,-8.351062559
2025-12-01 09:07:30,-5.231960657,0.229632675,-8.549049527
2025-12-01 09:07:40,-5.099811983,0.411334047,-8.358710302
2025-12-01 09:07:50,-4.598762582,0.187125121,-8.759369240
2025-12-01 09:08:00,-4.669455295,0.063117197,-8.455377400
2025-12-01 09:08:10,-4.355445219,0.047029808,-8.796672138
2025-12-01 09:08:20,-4.335725761,0.183707244,-9.102575815
2025-12-01 09:08:30,-3.840346279,0.460187349,-9.277405639
2025-12-01 09:08:40,-4.309212865,0.208280929,-8.506441697
2025-12-01 09:08:50,-3.980450568,0.123015837,-8.998688403
2025-12-01 09:09:00,-4.146469379,0.245666894,-8.871765101
2025-12-01 09:09:10,-4.256361414,0.375683098,-8.604610019
2025-12-01 09:09:20,-4.771854753,0.480749640,-8.484962069
2025-12-01 09:09:30,-4.331289999,0.302049334,-9.092706184
2025-12-01 09:09:40,-4.519749198,0.279009083,-8.836939783
2025-12-01 09:09:50,-4.443179059,0.257309111,-8.638771822
2025-12-01 09:10:00,-4.525505967,0.305847156,-9.092405687
2025-12-01 09:10:10,-3.900397180,0.505168844,-8.852065519
2025-12-01 09:10:20,-4.260206138,0.387759366,-8.489044594
2025-12-01 09:10:30,-4.775147783,0.896442369,-8.382289432
2025-12-01 09:10:40,-5.302694324,0.554801401,-8.381623131
2025-12-01 09:10:50,-5.291744777,0.630403302,-8.490107539
2025-12-01 09:11:00,-4.911063594,0.688572578,-8.459151184
2025-12-01 09:11:10,-5.385628122,0.745594496,-8.463312324
2025-12-01 09:11:20,-5.249679678,0.890975283,-8.186069225
2025-12-01 09:11:30,-5.429135439,0.639309546,-8.104658652
2025-12-01 09:11:40,-5.071520338,0.798497024,-8.349673325
2025-12-01 09:11:50,-5.008742571,0.698147205,-8.373927080
2025-12-01 09:12:00,-4.879897731,0.755372765,-8.638762295
2025-12-01 09:12:10,-4.790447242,0.404364437,-8.419966362
2025-12-01 09:12:20,-5.040053922,0.841231839,-8.319743193
2025-12-01 09:12:30,-5.010113954,1.192145849,-8.295071854
2025-12-01 09:12:40,-5.456048258,0.555549006,-8.267551226
2025-12-01 09:12:50,-5.623220830,0.589802879,-8.052728972
2025-12-01 09:13:00,-5.497200627,0.608467668,-8.073678749
2025-12-01 09:13:10,-5.606023097,0.526779426,-8.212874819
2025-12-01 09:13:20,-5.122388462,0.784136289,-8.185632475
2025-12-01 09:13:30,-5.186612784,0.535220682,-8.032781974
2025-12-01 09:13:40,-5.118613725,0.090216851,-8.160904255
2025-12-01 09:13:50,-5.351156752,0.116524966,-8.259963398
2025-12-01 09:14:00,-5.778065526,0.038742188,-7.957238414
2025-12-01 09:14:10,-5.265274071,-0.206786918,-8.293717228
2025-12-01 09:14:20,-5.237856724,0.264354693,-8.193469215
2025-12-01 09:14:30,-5.612627328,0.183484573,-8.337178521
2025-12-01 09:14:40,-5.244739644,0.021669218,-8.278832340
2025-12-01 09:14:50,-5.345433292,-0.466286577,-8.447781026
2025-12-01 09:15:00,-5.278857959,-0.251872159,-8.203688148
2025-12-01 09:15:10,-5.098114685,-0.019769116,-7.912508097
2025-12-01 09:15:20,-4.841294500,-0.029952498,-8.735105834
2025-12-01 09:15:30,-4.551165568,0.278832377,-8.404802819
2025-12-01 09:15:40,-4.936415017,-0.044793323,-8.331088089
2025-12-01 09:15:50,-4.946970473,0.244935890,-8.454549168
2025-12-01 09:16:00,-4.522410987,0.165014074,-8.600165925
2025-12-01 09:16:10,-4.851351691,0.080047423,-8.515126213
2025-12-01 09:16:20,-4.803310755,0.015999931,-8.551397468
2025-12-01 09:16:30,-5.056346541,0.207970691,-8.252392576
2025-12-01 09:16:40,-4.885822469,-0.066752334,-8.240640568
2025-12-01 09:16:50,-4.917807519,0.122985585,-8.541258013
2025-12-01 09:17:00,-4.366492449,0.030441468,-8.817783613
2025-12-01 09:17:10,-4.632672913,0.086590323,-8.574705610
2025-12-01 09:17:20,-4.296121754,0.240383873,-8.622960724
2025-12-01 09:17:30,-4.509495216,0.292292607,-8.750890094
2025-12-01 09:17:40,-4.102910865,0.457527801,-8.493615638
2025-12-01 09:17:50,-4.031651236,0.806393375,-8.847669195
2025-12-01 09:18:00,-3.575233965,0.982210040,-9.426743018
2025-12-01 09:18:10,-3.973807224,0.548333908,-8.936681311
2025-12-01 09:18:20,-3.486404300,0.853351749,-9.280433186
2025-12-01 09:18:30,-3.074637478,0.657049703,-9.275197372
2025-12-01 09:18:40,-3.092929256,0.314914591,-9.237768140
2025-12-01 09:18:50,-3.457490357,0.407861949,-9.367970927
2025-12-01 09:19:00,-3.110156168,-0.041900552,-9.641573594
2025-12-01 09:19:10,-2.854237620,0.222139489,-9.684400514
2025-12-01 09:19:20,-3.079716417,-0.025120966,-9.029993632
2025-12-01 09:19:30,-2.753157646,0.199828154,-9.536042614
2025-12-01 09:19:40,-2.744031283,-0.073893496,-8.982905846
2025-12-01 09:19:50,-2.887083573,0.063734653,-9.248580188
2025-12-01 09:20:00,-2.628098346,0.149917748,-9.389207966
2025-12-01 09:20:10,-2.907958893,0.095206328,-9.405856650
2025-12-01 09:20:20,-3.219229829,-0.073746089,-9.177282181
2025-12-01 09:20:30,-3.198725657,0.071468125,-9.461856646
2025-12-01 09:20:40,-2.913049074,0.480106266,-9.600363738
2025-12-01 09:20:50,-2.914757182,0.433089413,-9.463182270
2025-12-01 09:21:00,-2.965461447,0.507914414,-9.283730875
2025-12-01 09:21:10,-3.024541515,0.226624558,-9.106127913
2025-12-01 09:21:20,-3.576905927,0.623890800,-9.029480722
2025-12-01 09:21:30,-3.264110352,0.311514045,-9.236508420
2025-12-01 09:21:40,-3.040718349,0.309068153,-9.370490784
2025-12-01 09:21:50,-3.395875136,0.284077745,-9.224227767
2025-12-01 09:22:00,-3.248285254,0.405028068,-9.148583691
2025-12-01 09:22:10,-3.704220283,0.264250327,-9.271445125
2025-12-01 09:22:20,-3.901658946,0.406914780,-9.261358758
2025-12-01 09:22:30,-4.376834820,1.076367910,-8.895118628
2025-12-01 09:22:40,-4.881264573,1.007043124,-8.846463277
2025-12-01 09:22:50,-4.332461225,0.577529812,-8.571802583
2025-12-01 09:23:00,-4.191307951,1.052115574,-8.487840653
2025-12-01 09:23:10,-4.716390881,1.059458318,-8.790662867
2025-12-01 09:23:20,-4.768566498,1.013697430,-8.424089241
2025-12-01 09:23:30,-4.629276811,0.797555714,-8.666960656
2025-12-01 09:23:40,-4.944854227,1.219085444,-8.411330973
2025-12-01 09:23:50,-4.676660139,1.495155514,-8.535652771
2025-12-01 09:24:00,-4.055852568,1.585931055,-8.768766300
2025-12-01 09:24:10,-4.355085522,1.697931960,-8.555245915
2025-12-01 09:24:20,-4.355262228,1.864437483,-8.686276897
2025-12-01 09:24:30,-4.535553096,1.184741196,-8.472478928
2025-12-01 09:24:40,-3.986760882,1.236320627,-8.808622964
2025-12-01 09:24:50,-4.132002721,1.065538340,-8.844043374
2025-12-01 09:25:00,-4.091247338,1.167329549,-9.036169221
2025-12-01 09:25:10,-4.224062779,1.559910028,-8.899282953
2025-12-01 09:25:20,-4.253933839,1.077107889,-8.626620286
2025-12-01 09:25:30,-4.225572812,0.867669783,-8.810665592
2025-12-01 09:25:40,-4.214714790,0.643181695,-8.727867649
2025-12-01 09:25:50,-4.433770229,0.823126478,-8.670811636
2025-12-01 09:26:00,-3.659662929,0.419539245,-8.834977487
2025-12-01 09:26:10,-3.892305249,0.539969706,-9.106106791
2025-12-01 09:26:20,-4.157079610,0.348301740,-9.224160171
2025-12-01 09:26:30,-3.805598881,0.105216394,-9.011885167
2025-12-01 09:26:40,-3.602077403,-0.007694153,-8.903129585
2025-12-01 09:26:50,-3.098346043,0.092795604,-9.230092986
2025-12-01 09:27:00,-3.252171500,0.494373968,-9.112978899
2025-12-01 09:27:10,-3.368369842,0.564750911,-9.150962232
2025-12-01 09:27:20,-3.681962704,0.166083414,-9.202695451
2025-12-01 09:27:30,-3.897134148,0.105293186,-8.784075912
2025-12-01 09:27:40,-3.067592754,0.246395403,-9.179668179
2025-12-01 09:27:50,-2.883839242,0.241563791,-9.236573165
2025-12-01 09:28:00,-3.141690307,0.507877382,-9.022104297
2025-12-01 09:28:10,-3.054193286,0.937602257,-9.094261638
2025-12-01 09:28:20,-2.863625993,0.840110179,-9.577313506
2025-12-01 09:28:30,-2.530110927,0.149078810,-9.543036937
2025-12-01 09:28:40,-2.670199554,0.465659353,-9.508357081
2025-12-01 09:28:50,-2.063747413,0.260114794,-9.546173016
2025-12-01 09:29:00,-2.187245175,0.317121610,-9.606627932
2025-12-01 09:29:10,-2.513825163,-0.276412622,-9.640222090
2025-12-01 09:29:20,-2.260231497,0.126892914,-9.405397828
2025-12-01 09:29:30,-2.267229775,-0.043005518,-9.516490704
2025-12-01 09:29:40,-2.665379946,0.081103707,-9.446509021
2025-12-01 09:29:50,-2.459394328,0.304982403,-9.532204015
2025-12-01 09:30:00,-2.735826835,0.513832384,-9.468232317
2025-12-01 09:30:10,-2.524086214,0.922889818,-9.308493226
2025-12-01 09:30:20,-2.404848056,0.896710169,-9.689503867
2025-12-01 09:30:30,-2.445608064,0.587716138,-9.375351251
2025-12-01 09:30:40,-2.593506767,0.572602420,-9.361163671
2025-12-01 09:30:50,-2.219932473,0.388971196,-9.740680597
2025-12-01 09:31:00,-1.970787200,0.682171293,-9.706274029
2025-12-01 09:31:10,-1.833299212,0.907525983,-9.365418238
2025-12-01 09:31:20,-2.200198097,0.612158854,-9.546333411
2025-12-01 09:31:30,-2.332174809,1.093779540,-9.370793871
2025-12-01 09:31:40,-2.055056025,0.932179901,-9.333412923
2025-12-01 09:31:50,-2.743965975,0.906197397,-9.549761369
2025-12-01 09:32:00,-2.513135787,1.094541555,-9.303780965
2025-12-01 09:32:10,-2.150811268,1.601376148,-9.338716743
2025-12-01 09:32:20,-2.180659238,1.289149131,-9.498861889
2025-12-01 09:32:30,-2.201369763,1.428887111,-9.637235243
2025-12-01 09:32:40,-2.251053234,1.384708376,-9.242760085
2025-12-01 09:32:50,-2.698910836,1.247559651,-9.321665691
2025-12-01 09:33:00,-2.379201648,1.388387564,-9.317492191
2025-12-01 09:33:10,-2.444747613,1.120770757,-9.584833429
2025-12-01 09:33:20,-2.314771342,0.811730024,-9.608394912
2025-12-01 09:33:30,-2.478535676,0.872554474,-9.464123970
2025-12-01 09:33:40,-2.069638030,0.659151889,-9.513830252
2025-12-01 09:33:50,-2.042068469,0.661882867,-9.421315543
2025-12-01 09:34:00,-1.967317594,0.911436861,-9.548972146
2025-12-01 09:34:10,-1.861335430,0.809363238,-9.468708025
2025-12-01 09:34:20,-1.815219517,1.205270965,-9.485277290
2025-12-01 09:34:30,-2.312525444,0.721785172,-9.604809382
2025-12-01 09:34:40,-1.908805354,0.632546440,-9.639122939
2025-12-01 09:34:50,-1.838032368,0.772880935,-9.671505979
2025-12-01 09:35:00,-1.695555300,0.677585608,-9.797606457
2025-12-01 09:35:10,-1.738828526,0.718455219,-9.428272713
2025-12-01 09:35:20,-2.151014671,0.884113956,-9.531313330
2025-12-01 09:35:30,-2.236946489,0.689926654,-9.419543705
2025-12-01 09:35:40,-2.075356070,1.024885701,-9.671830986
2025-12-01 09:35:50,-2.095997790,0.270864428,-9.480181940
2025-12-01 09:36:00,-2.326673581,0.312579809,-9.450263928
2025-12-01 09:36:10,-1.771141423,0.162080562,-9.572986537
2025-12-01 09:36:20,-2.139423596,0.364491454,-9.334117892
2025-12-01 09:36:30,-2.346374309,0.295026522,-9.689176173
2025-12-01 09:36:40,-2.867851991,0.662361280,-9.290197639
2025-12-01 09:36:50,-2.612094555,0.549564030,-9.574193792
2025-12-01 09:37:00,-3.242196743,0.517475673,-9.293197303
2025-12-01 09:37:10,-3.216144621,0.223348851,-9.283575709
2025-12-01 09:37:20,-2.899482334,0.104497936,-9.407218609
2025-12-01 09:37:30,-2.413716356,0.357171687,-9.357271969
2025-12-01 09:37:40,-2.549747250,0.271082239,-9.844029258
2025-12-01 09:37:50,-2.836857070,0.239598766,-9.394373385
2025-12-01 09:38:00,-2.486790264,0.280431891,-9.463872399
2025-12-01 09:38:10,-2.771963737,0.384837824,-9.348283934
2025-12-01 09:38:20,-2.542271345,0.454075053,-9.490583548
2025-12-01 09:38:30,-2.549386557,0.403686096,-9.476212188
2025-12-01 09:38:40,-2.148419154,0.202696484,-9.575244265
2025-12-01 09:38:50,-2.692159432,0.168237342,-9.369159743
2025-12-01 09:39:00,-2.476782325,0.248399009,-9.749129453
2025-12-01 09:39:10,-2.742898507,0.195820419,-9.400134279
2025-12-01 09:39:20,-2.684378700,0.211599217,-9.385281897
2025-12-01 09:39:30,-2.718350409,0.794508873,-9.295675907
2025-12-01 09:39:40,-2.410676173,0.423233517,-9.387197045
2025-12-01 09:39:50,-2.486252093,0.616340436,-9.678391237
2025-12-01 09:40:00,-2.363755897,0.631824786,-9.141753129
2025-12-01 09:40:10,-2.312363383,0.492324224,-9.654829506
2025-12-01 09:40:20,-2.759643091,0.700754899,-9.833864748
2025-12-01 09:40:30,-2.769865041,0.817230184,-9.439351019
2025-12-01 09:40:40,-2.541491203,0.592275666,-9.224383612
2025-12-01 09:40:50,-2.728980491,0.644220000,-9.542632053
2025-12-01 09:41:00,-3.136514707,0.889785137,-9.223274396
2025-12-01 09:41:10,-3.013170065,0.783591348,-9.005982047
2025-12-01 09:41:20,-2.914366857,1.146880823,-9.114144344
2025-12-01 09:41:30,-3.045555468,0.891794378,-9.321790190
2025-12-01 09:41:40,-3.022136816,1.257347453,-9.070076979
2025-12-01 09:41:50,-2.734338295,1.487146229,-8.949433813
2025-12-01 09:42:00,-2.560844567,1.502175315,-9.287843116
2025-12-01 09:42:10,-2.851937728,1.934485737,-9.350463898
2025-12-01 09:42:20,-3.283277138,1.856392136,-9.194800713
2025-12-01 09:42:30,-3.577739341,1.584378344,-8.645910109
2025-12-01 09:42:40,-3.155876417,1.647482306,-9.182325362
2025-12-01 09:42:50,-3.490785315,1.579232682,-8.873816974
2025-12-01 09:43:00,-3.530196656,1.806847138,-8.852831418
2025-12-01 09:43:10,-3.571902544,2.113969878,-9.220881185
2025-12-01 09:43:20,-2.934273704,1.584667862,-9.062872373
2025-12-01 09:43:30,-3.108824744,1.655272598,-9.346283696
2025-12-01 09:43:40,-2.917261622,1.724762202,-9.129890802
2025-12-01 09:43:50,-3.068151702,1.391555605,-9.282201272
2025-12-01 09:44:00,-2.961884558,1.650316391,-9.247767584
2025-12-01 09:44:10,-2.074770091,1.136158164,-9.299868842
2025-12-01 09:44:20,-2.558638270,1.550394846,-9.254855938
2025-12-01 09:44:30,-2.620116725,1.570724114,-9.351672660
2025-12-01 09:44:40,-2.411521160,1.468740288,-9.366032606
2025-12-01 09:44:50,-2.735577558,1.474796384,-9.142402827
2025-12-01 09:45:00,-2.476198785,1.436445999,-9.338280997
2025-12-01 09:45:10,-2.991642363,0.766068565,-9.225480339
2025-12-01 09:45:20,-2.836642319,1.066011103,-9.282961221
2025-12-01 09:45:30,-2.325631646,1.215595304,-9.628680759
2025-12-01 09:45:40,-2.338269067,1.041691274,-9.309631185
2025-12-01 09:45:50,-2.307686707,1.041893502,-9.602910774
2025-12-01 09:46:00,-2.329965235,1.143238943,-9.479291306
2025-12-01 09:46:10,-2.572002227,1.243887705,-9.162999830
2025-12-01 09:46:20,-2.817792117,0.903601492,-9.560507903
2025-12-01 09:46:30,-3.071152675,1.161270138,-9.134002487
2025-12-01 09:46:40,-3.150230119,0.660859532,-9.418802839
2025-12-01 09:46:50,-3.275180098,0.631640405,-9.415223522
2025-12-01 09:47:00,-3.648082638,0.468905720,-8.867008838
2025-12-01 09:47:10,-3.426813654,0.815966831,-9.191945496
2025-12-01 09:47:20,-3.732460494,0.588920309,-9.155436073
2025-12-01 09:47:30,-3.563264235,0.677644593,-9.193081585
2025-12-01 09:47:40,-3.042578219,0.514069931,-9.096521335
2025-12-01 09:47:50,-3.374746314,0.396954513,-9.066428414
2025-12-01 09:48:00,-3.127668716,0.656163204,-9.151273640
2025-12-01 09:48:10,-3.539927577,0.367354653,-9.173746634
2025-12-01 09:48:20,-3.861438417,0.344464267,-8.660922434
2025-12-01 09:48:30,-3.251257965,0.405123519,-9.011483984
2025-12-01 09:48:40,-3.454216298,0.597423407,-8.954687853
2025-12-01 09:48:50,-3.424626905,-0.007933686,-9.068473577
2025-12-01 09:49:00,-3.703898331,0.671614252,-9.239060867
2025-12-01 09:49:10,-3.431238713,0.629500322,-9.217014821
2025-12-01 09:49:20,-3.322264313,0.656328777,-9.234839980
2025-12-01 09:49:30,-2.894829836,0.788120043,-9.208160085
2025-12-01 09:49:40,-2.899584820,0.768918277,-9.168217802
2025-12-01 09:49:50,-3.282488011,0.962807163,-9.373598419
2025-12-01 09:50:00,-2.842858299,0.517727047,-9.267884765
2025-12-01 09:50:10,-2.826242169,0.805353052,-9.516761242
2025-12-01 09:50:20,-2.433921147,0.921783929,-9.227489168
2025-12-01 09:50:30,-2.383931715,0.898632222,-9.605017777
2025-12-01 09:50:40,-1.876274980,0.616580887,-9.376108284
2025-12-01 09:50:50,-2.505933864,1.057702092,-9.396276699
2025-12-01 09:51:00,-2.422831183,1.121743508,-9.475281115
2025-12-01 09:51:10,-2.821954542,0.694899662,-9.206145404
2025-12-01 09:51:20,-2.800249463,0.964375047,-9.407507958
2025-12-01 09:51:30,-2.406504070,0.612832178,-9.609475851
2025-12-01 09:51:40,-1.951743190,0.743108806,-9.471421131
2025-12-01 09:51:50,-2.445070963,0.853193443,-9.616194157
2025-12-01 09:52:00,-2.228283106,0.892294494,-9.474870899
2025-12-01 09:52:10,-1.748619518,0.773890194,-9.828355706
2025-12-01 09:52:20,-1.557933074,1.071948611,-9.756173459
2025-12-01 09:52:30,-2.073876886,0.628006356,-9.582433009
2025-12-01 09:52:40,-2.232484169,0.719175616,-9.647856615
2025-12-01 09:52:50,-1.859135082,0.607976828,-9.856612546
2025-12-01 09:53:00,-2.235265619,0.457298454,-9.462721678
2025-12-01 09:53:10,-2.149244422,0.838818298,-9.428699987
2025-12-01 09:53:20,-2.300360699,0.928668244,-9.697680402
2025-12-01 09:53:30,-2.024697842,0.453597999,-9.574125738
2025-12-01 09:53:40,-1.987523501,1.223217976,-9.735319952
2025-12-01 09:53:50,-1.463313233,1.164198518,-9.523244545
2025-12-01 09:54:00,-1.643287087,1.104542327,-9.647996062
2025-12-01 09:54:10,-1.982455669,0.663115164,-9.611312712
2025-12-01 09:54:20,-1.754431967,0.628801932,-9.615815668
2025-12-01 09:54:30,-1.658543776,1.243585693,-9.488962810
2025-12-01 09:54:40,-1.245142615,1.150384731,-9.469768503
2025-12-01 09:54:50,-1.276268609,1.449998051,-9.672018450
2025-12-01 09:55:00,-1.131784569,0.858641197,-9.775060697
2025-12-01 09:55:10,-1.003097210,0.949083254,-9.679612428
2025-12-01 09:55:20,-0.699267902,0.525234832,-9.566696005
2025-12-01 09:55:30,-0.822778207,0.451041021,-9.752387046
2025-12-01 09:55:40,-0.315588345,0.833529441,-9.663859654
2025-12-01 09:55:50,-0.254639304,0.961676072,-9.854446049
2025-12-01 09:56:00,-0.228438927,0.970812252,-9.714605015
2025-12-01 09:56:10,-0.170870168,1.047877690,-9.815859797
2025-12-01 09:56:20,-0.305250215,1.210929311,-9.843390423
2025-12-01 09:56:30,0.163502089,1.201347089,-9.768305143
2025-12-01 09:56:40,0.274533441,1.172416833,-9.622006271
2025-12-01 09:56:50,-0.216782403,0.770054911,-9.963602915
2025-12-01 09:57:00,-0.024264076,0.952443240,-9.598160961
2025-12-01 09:57:10,0.350839488,1.686216121,-9.763029740
2025-12-01 09:57:20,-0.123638208,1.643314561,-9.731238942
2025-12-01 09:57:30,0.124861016,1.493869062,-9.541278216
2025-12-01 09:57:40,-0.059629388,0.821520414,-9.713749660
2025-12-01 09:57:50,0.056212800,1.133764447,-9.861295532
2025-12-01 09:58:00,0.254621507,1.438063538,-9.557641333
2025-12-01 09:58:10,0.377239611,1.412396711,-9.777257399
2025-12-01 09:58:20,0.466775007,1.456112638,-9.728504346
2025-12-01 09:58:30,0.313269499,1.601112832,-9.642098598
2025-12-01 09:58:40,-0.037973534,1.265549863,-9.710086971
2025-12-01 09:58:50,0.267743450,1.019418736,-9.858153085
2025-12-01 09:59:00,0.439914823,0.655532386,-9.691020969
2025-12-01 09:59:10,0.624515900,0.834417365,-9.656667641
2025-12-01 09:59:20,0.612549897,0.618907670,-9.536141516
2025-12-01 09:59:30,0.582627996,0.547467369,-9.651044174
2025-12-01 09:59:40,0.499040861,0.306976917,-9.687137435
2025-12-01 09:59:50,0.330929251,0.498263203,-9.681019116
2025-12-01 10:00:00,0.920128176,0.289996324,-9.874777874
2025-12-01 10:00:10,0.725142763,0.015108200,-9.952823110
2025-12-01 10:00:20,0.725159130,0.398701243,-10.021078263
2025-12-01 10:00:30,1.177997966,0.289107209,-10.046136462
2025-12-01 10:00:40,0.964661940,0.030194487,-9.710092127
2025-12-01 10:00:50,1.038298742,0.221353306,-9.714350630
2025-12-01 10:01:00,0.947666989,-0.190504562,-9.810907945
2025-12-01 10:01:10,0.837886546,-0.285667992,-9.764961499
2025-12-01 10:01:20,0.804155702,-0.112515666,-9.899527293
2025-12-01 10:01:30,0.792024243,-0.302299105,-9.864131626
2025-12-01 10:01:40,0.852587059,-0.281773558,-10.058680069
2025-12-01 10:01:50,0.559822348,-0.176467048,-9.738858795
2025-12-01 10:02:00,0.720872273,-0.327724162,-9.711694174
2025-12-01 10:02:10,1.063969863,-0.531148869,-9.649951568
2025-12-01 10:02:20,0.946634171,-0.727360013,-9.824108798
2025-12-01 10:02:30,0.925691500,-0.643853653,-9.790457512
2025-12-01 10:02:40,1.029522462,-1.225516467,-9.656476966
2025-12-01 10:02:50,0.996988892,-1.092063871,-9.788236537
2025-12-01 10:03:00,1.360475246,-1.398125503,-9.726573272
2025-12-01 10:03:10,1.367022554,-1.591709003,-9.492452943
2025-12-01 10:03:20,1.618218721,-1.592550837,-9.728919121
2025-12-01 10:03:30,1.876133692,-2.339653150,-9.319080355
2025-12-01 10:03:40,2.207450018,-1.979744129,-9.346191461
2025-12-01 10:03:50,2.259023219,-2.759723968,-9.074905560
2025-12-01 10:04:00,2.454818300,-2.320931563,-9.093788379
2025-12-01 10:04:10,2.794428754,-2.899169808,-8.934449294
2025-12-01 10:04:20,3.456831581,-2.747976845,-8.681971828
2025-12-01 10:04:30,3.214347578,-2.946759427,-8.780448138
2025-12-01 10:04:40,3.517602873,-2.904646692,-8.835656016
2025-12-01 10:04:50,3.607666121,-3.239411451,-8.728348754
2025-12-01 10:05:00,3.237488745,-2.772671483,-8.839160293
2025-12-01 10:05:10,3.475590513,-2.581307854,-9.021219280
2025-12-01 10:05:20,3.538427660,-2.272153693,-8.778604250
2025-12-01 10:05:30,3.778670149,-2.204806405,-8.684966135
2025-12-01 10:05:40,3.441261104,-1.958601447,-8.812716529
2025-12-01 10:05:50,3.770032912,-1.879160001,-8.878351612
2025-12-01 10:06:00,3.770023006,-1.999639632,-8.918754632
2025-12-01 10:06:10,3.509152182,-1.744300371,-8.966420436
2025-12-01 10:06:20,3.902167019,-1.930666692,-8.857903798
2025-12-01 10:06:30,3.465935234,-1.870404570,-8.882843570
2025-12-01 10:06:40,3.686537530,-1.879308895,-8.729742521
2025-12-01 10:06:50,3.544546841,-2.125012276,-8.979873284
2025-12-01 10:07:00,3.014166214,-2.196850950,-8.893563857
2025-12-01 10:07:10,3.275261160,-1.762157604,-9.130962741
2025-12-01 10:07:20,3.568242065,-1.724821213,-9.018714019
2025-12-01 10:07:30,3.245734233,-1.900404828,-9.130098575
2025-12-01 10:07:40,3.597999598,-2.030803994,-8.965081157
2025-12-01 10:07:50,3.483221572,-1.984982388,-9.079593977
2025-12-01 10:08:00,3.758387403,-1.656890149,-8.708471445
2025-12-01 10:08:10,4.040304996,-1.833148316,-8.934835947
2025-12-01 10:08:20,4.122151540,-1.846699493,-8.469075482
2025-12-01 10:08:30,4.473470938,-1.626415944,-8.560222563
2025-12-01 10:08:40,4.648639202,-1.362909965,-8.572569187
2025-12-01 10:08:50,4.300319459,-1.401515787,-8.800703184
2025-12-01 10:09:00,4.269210656,-1.357091390,-8.801813449
2025-12-01 10:09:10,4.472784697,-0.877713434,-8.630076597
2025-12-01 10:09:20,3.699409886,-0.906524051,-9.111229258
2025-12-01 10:09:30,3.711866468,-1.103223746,-8.857500008
2025-12-01 10:09:40,3.899647373,-1.024660484,-8.980256033
2025-12-01 10:09:50,3.464342272,-1.122284075,-8.996576736
2025-12-01 10:10:00,3.511322674,-1.082333398,-9.260249967
2025-12-01 10:10:10,2.487186033,-1.153004401,-9.455184624
2025-12-01 10:10:20,2.769244611,-1.379117127,-9.317768295
2025-12-01 10:10:30,2.918243896,-0.590816162,-9.266395711
2025-12-01 10:10:40,2.897543748,-0.510511972,-9.542006073
2025-12-01 10:10:50,2.715923890,-0.521633566,-9.383892508
2025-12-01 10:11:00,2.503547506,-0.798854411,-9.645636995
2025-12-01 10:11:10,3.150918165,-0.795563777,-9.371838753
2025-12-01 10:11:20,2.828858906,-1.139818320,-9.088335364
2025-12-01 10:11:30,3.017182553,-0.691017343,-9.195890568
2025-12-01 10:11:40,3.239786774,-0.996784843,-9.422021690
2025-12-01 10:11:50,2.792130531,0.055085682,-9.449100491
2025-12-01 10:12:00,3.660504919,0.018709268,-9.191029587
2025-12-01 10:12:10,3.517565662,0.380956758,-9.257920147
2025-12-01 10:12:20,3.844317540,-0.075775393,-9.225401574
2025-12-01 10:12:30,3.264034811,0.198093703,-9.276615578
2025-12-01 10:12:40,3.494654207,0.078029121,-9.273493369
2025-12-01 10:12:50,3.594966308,0.040587537,-9.202112116
2025-12-01 10:13:00,4.039722280,0.010964785,-9.054527869
2025-12-01 10:13:10,4.132683715,0.159103602,-9.124698260
2025-12-01 10:13:20,3.724099256,0.121743638,-8.872783941
2025-12-01 10:13:30,3.813959639,0.069342197,-8.987255203
2025-12-01 10:13:40,3.996964889,0.178222757,-9.178742015
2025-12-01 10:13:50,3.488926738,0.134444159,-9.097528959
2025-12-01 10:14:00,3.164392671,0.555445697,-9.216667401
2025-12-01 10:14:10,3.444379253,0.519143176,-9.185882829
2025-12-01 10:14:20,3.421050930,0.382606323,-9.202300172
2025-12-01 10:14:30,3.711836287,0.407547497,-9.003222494
2025-12-01 10:14:40,2.774355602,0.259347364,-9.098373947
2025-12-01 10:14:50,2.954323160,0.363323915,-9.619142477
2025-12-01 10:15:00,3.159452737,0.444511411,-9.201267230
2025-12-01 10:15:10,3.246422623,0.193365494,-9.123342972
2025-12-01 10:15:20,3.576494763,0.030818645,-9.145332220
2025-12-01 10:15:30,3.371587330,0.287141453,-9.145145367
2025-12-01 10:15:40,3.311167893,0.346238887,-9.072248168
2025-12-01 10:15:50,3.447990005,0.187001535,-9.106577949
2025-12-01 10:16:00,9.942148032,-0.598562987,0.562208419
2025-12-01 10:16:10,9.588412256,1.356328863,0.533329635
2025-12-01 10:16:20,9.099358372,-3.780152012,-0.846658282
2025-12-01 10:16:30,6.664107939,-5.373446330,-4.869956119
2025-12-01 10:16:40,7.509549384,-3.306462123,-5.136430519
2025-12-01 10:16:50,6.038515704,-4.962072570,-5.488438178
2025-12-01 10:17:00,8.236732469,-4.190223565,-3.531557726
2025-12-01 10:17:10,7.126303381,-6.741598423,-0.238889523
2025-12-01 10:17:20,8.133614548,-5.416173638,0.777294569
2025-12-01 10:17:30,5.907102526,-7.269930847,3.164237131
2025-12-01 10:17:40,5.574100193,-5.923552239,5.611544829
2025-12-01 10:17:50,4.975486011,-4.913828511,7.026244943
2025-12-01 10:18:00,1.923064583,-7.039675946,6.651740551
2025-12-01 10:18:10,3.466503497,-5.737933077,7.235673220
2025-12-01 10:18:20,6.080616233,-7.526426990,0.965502475
2025-12-01 10:18:30,7.451710047,-5.665660706,2.634400402
2025-12-01 10:18:40,8.567448893,-4.384831482,1.137777659
2025-12-01 10:18:50,6.089915484,-7.597953073,0.155366796
2025-12-01 10:19:00,5.508697850,-8.262570518,0.333845495
2025-12-01 10:19:10,5.049157401,-8.314715073,0.900345323
2025-12-01 10:19:20,8.371584936,-4.516768972,2.377117993
2025-12-01 10:19:30,9.880371291,-2.087679490,-0.428934895
2025-12-01 10:19:40,6.814427881,5.208018159,-4.705084041
2025-12-01 10:19:50,1.129895861,-6.252746611,7.721057420
2025-12-01 10:20:00,0.344107462,-9.694791128,0.258114316
2025-12-01 10:20:10,-3.075045776,-9.402578851,0.331223605
2025-12-01 10:20:20,-4.008629089,-9.017965066,0.887923067
2025-12-01 10:20:30,-5.593186538,-7.248568626,-2.964559394
2025-12-01 10:20:40,-5.846296796,-7.105291942,-3.364628846
2025-12-01 10:20:50,-7.351866270,-6.312649652,-1.706865868
2025-12-01 10:21:00,-7.641733953,-6.057738524,-1.349682364
2025-12-01 10:21:10,-8.484863684,-4.837181608,-1.340489209
2025-12-01 10:21:20,-8.735103872,-4.076998221,-1.780461550
2025-12-01 10:21:30,-8.125155486,-5.281617039,0.427788536
2025-12-01 10:21:40,-7.166169429,-6.445723069,2.932261415
2025-12-01 10:21:50,-4.961220704,-6.507973919,4.859705557
2025-12-01 10:22:00,-5.090537087,-8.034894105,2.111695874
2025-12-01 10:22:10,-6.792685816,-5.419370181,4.784622576
2025-12-01 10:22:20,-6.029700151,-6.365521979,4.730761628
2025-12-01 10:22:30,0.492724455,-7.235621562,6.306052923
2025-12-01 10:22:40,1.289381748,-4.415150966,8.802100936
2025-12-01 10:22:50,-0.632981402,-2.953822364,9.470751945
2025-12-01 10:23:00,-4.539516512,-7.876529828,3.698853302
2025-12-01 10:23:10,-7.424110174,-6.083283437,2.187177584
2025-12-01 10:23:20,-4.362417735,-8.444746773,-0.500117574
2025-12-01 10:23:30,-6.342531563,-7.647666216,-0.219523718
2025-12-01 10:23:40,-7.809663363,-5.700150536,-2.233140103
2025-12-01 10:23:50,-7.187835095,-6.394421740,-1.951364912
2025-12-01 10:24:00,-7.320889927,-6.419698000,-0.899645465
2025-12-01 10:24:10,-7.579617712,-6.232134786,-1.976989994
2025-12-01 10:24:20,-8.349583594,-5.140078951,-2.567364979
2025-12-01 10:24:30,-7.129053800,-6.281700810,-2.681674000
2025-12-01 10:24:40,-6.845214701,-6.155330345,-3.573495722
2025-12-01 10:24:50,-7.547307052,-5.646625654,-2.084645135
2025-12-01 10:25:00,-8.429958143,-2.876620726,-3.784631429
2025-12-01 10:25:10,-8.199561401,-4.911996845,-2.155375532
2025-12-01 10:25:20,-8.361431682,-4.441411476,-2.891405095
2025-12-01 10:25:30,-7.713824148,-3.881065598,-4.054608330
2025-12-01 10:25:40,-7.802745451,-5.638050714,-1.141623431
2025-12-01 10:25:50,-7.614393855,-5.629457964,-1.885870924
2025-12-01 10:26:00,-7.813432256,-5.798937252,-1.366136398
2025-12-01 10:26:10,-8.040687511,-5.795012266,-1.183043102
2025-12-01 10:26:20,-7.389244662,-6.501330692,0.002558635
2025-12-01 10:26:30,-7.262533428,-6.567418112,0.296504084
2025-12-01 10:26:40,-7.862868787,-5.672724070,0.333174443
2025-12-01 10:26:50,-6.877685807,-6.927835905,-0.329751813
2025-12-01 10:27:00,-6.525226931,-6.928384955,0.291050705
2025-12-01 10:27:10,-7.290892227,-6.617450333,-1.004428362
2025-12-01 10:27:20,-7.600830109,-6.889392888,0.714929798
2025-12-01 10:27:30,-6.737862417,-7.045116561,-0.334691402
2025-12-01 10:27:40,-5.979881240,-7.697007821,-0.048249712
2025-12-01 10:27:50,-5.514623703,-7.804558100,-1.909225382
2025-12-01 10:28:00,-4.869384399,-8.142874790,-1.575178635
2025-12-01 10:28:10,-6.026657146,-7.603194028,0.527570646
2025-12-01 10:28:20,-6.106668765,-7.771607138,0.226450952
2025-12-01 10:28:30,-5.704735482,-7.821752853,0.813533963
2025-12-01 10:28:40,-5.374460329,-8.078063025,1.384050865
2025-12-01 10:28:50,-6.136287007,-7.896607827,1.095565335
2025-12-01 10:29:00,-5.431578186,-8.194013806,0.523288615
2025-12-01 10:29:10,-6.794263464,-7.166782495,0.735814728
2025-12-01 10:29:20,-6.370643141,-7.247264600,1.769416358
2025-12-01 10:29:30,-5.674704839,-7.833181081,2.309925214
2025-12-01 10:29:40,-5.825387737,-7.497737935,0.854924553
2025-12-01 10:29:50,-5.281184342,-8.405885104,0.619544994
2025-12-01 10:30:00,-4.026016524,-8.936814963,0.274679383
2025-12-01 10:30:10,-4.781365377,-8.337807484,0.208074252
2025-12-01 10:30:20,-4.272814283,-8.777057073,-0.264558838
2025-12-01 10:30:30,-4.523812236,-8.584097081,1.242207785
2025-12-01 10:30:40,-5.342121173,-7.805631320,1.808578967
2025-12-01 10:30:50,-4.131539685,-8.766710779,0.682586767
2025-12-01 10:31:00,-5.587000523,-7.929495073,1.541908831
2025-12-01 10:31:10,-6.080584826,-7.192527102,2.564849318
2025-12-01 10:31:20,-5.501036907,-8.203675487,1.854111703
2025-12-01 10:31:30,-5.172952710,-8.214077039,1.672199769
2025-12-01 10:31:40,-5.095781006,-8.146786661,1.664730913
2025-12-01 10:31:50,-5.064159427,-8.005140588,1.604802751
2025-12-01 10:32:00,-4.510319431,-8.454337325,2.295481380
2025-12-01 10:32:10,-4.865139818,-8.281424096,1.494942992
2025-12-01 10:32:20,-4.456536241,-8.686376926,0.648090535
2025-12-01 10:32:30,-3.483410658,-9.184772261,1.352766781
2025-12-01 10:32:40,-2.653354342,-9.329606174,1.281609615
2025-12-01 10:32:50,-3.395605814,-8.896892827,1.435988984
2025-12-01 10:33:00,-4.434318172,-8.622515827,0.297691374
2025-12-01 10:33:10,-4.056791766,-8.695779902,-1.551254337
2025-12-01 10:33:20,-4.080396443,-8.695981027,-1.767553962
2025-12-01 10:33:30,-3.249164651,-8.822308169,-2.151583003
2025-12-01 10:33:40,-2.926218376,-8.975241743,-3.169466282
2025-12-01 10:33:50,-1.665174776,-8.693392415,-3.315095594
2025-12-01 10:34:00,-1.824262342,-9.706783935,-2.086027696
2025-12-01 10:34:10,-2.056712644,-9.119849576,-2.206548275
2025-12-01 10:34:20,-1.354798273,-9.330758079,-2.645791236
2025-12-01 10:34:30,-1.793843501,-9.538267019,-2.473989367
2025-12-01 10:34:40,-0.221985662,-8.965126879,-3.744474467
2025-12-01 10:34:50,-0.802615950,-8.791087769,-4.504484704
2025-12-01 10:35:00,-0.078112228,-8.362693099,-4.959977620
2025-12-01 10:35:10,0.726525756,-8.510575958,-4.592220354
2025-12-01 10:35:20,0.915530440,-8.195494296,-5.240602111
2025-12-01 10:35:30,0.757185255,-8.653396343,-5.109488497
2025-12-01 10:35:40,0.995997223,-8.889386705,-4.462888036
2025-12-01 10:35:50,2.637898796,-8.000129040,-5.184677690
2025-12-01 10:36:00,1.988998537,-7.989726824,-5.176690242
2025-12-01 10:36:10,1.262752303,-7.755770791,-5.495336257
2025-12-01 10:36:20,0.579419868,-7.929812882,-5.993503987
2025-12-01 10:36:30,-0.290836857,-7.176376174,-6.592082025
2025-12-01 10:36:40,0.749504618,-7.278620081,-6.551249117
2025-12-01 10:36:50,-0.368820278,-7.152551858,-6.665635128
2025-12-01 10:37:00,0.719002797,-6.800982229,-7.269885428
2025-12-01 10:37:10,0.167512913,-6.646683743,-7.450402470
2025-12-01 10:37:20,0.051109247,-6.967995932,-7.042853454
2025-12-01 10:37:30,-0.478323325,-7.389199984,-6.725925899
2025-12-01 10:37:40,0.335045678,-6.692921462,-6.884658680
2025-12-01 10:37:50,0.432643618,-6.251954449,-7.310509505
2025-12-01 10:38:00,0.831167695,-5.989866646,-7.669363869
2025-12-01 10:38:10,0.497480175,-5.549368575,-8.106789245
2025-12-01 10:38:20,0.157184716,-5.865835741,-7.546395153
2025-12-01 10:38:30,0.144249215,-6.224067645,-7.655619178
2025-12-01 10:38:40,-0.110583207,-6.433440974,-7.338266542
2025-12-01 10:38:50,1.018565000,-6.950606247,-6.895855107
2025-12-01 10:39:00,0.827332391,-6.663794958,-7.124071987
2025-12-01 10:39:10,0.201333668,-7.205912386,-6.485496543
2025-12-01 10:39:20,0.001402875,-7.591693533,-6.516051991
2025-12-01 10:39:30,0.290148817,-7.101945303,-6.639404407
2025-12-01 10:39:40,0.701615499,-7.130453416,-6.719589922
2025-12-01 10:39:50,1.090936820,-6.587956656,-7.047425144
2025-12-01 10:40:00,1.430742328,-6.942906949,-6.617456321
2025-12-01 10:40:10,0.873500846,-7.698953498,-5.782089414
2025-12-01 10:40:20,0.659073053,-7.417705219,-5.692162733
2025-12-01 10:40:30,0.454176005,-8.040398123,-5.751662996
2025-12-01 10:40:40,0.608184889,-8.435885161,-5.246457220
2025-12-01 10:40:50,1.545600529,-7.327290147,-6.117569040
2025-12-01 10:41:00,2.023992430,-7.515302811,-5.504561323
2025-12-01 10:41:10,3.162050564,-8.156752701,-4.264600029
2025-12-01 10:41:20,1.783450954,-9.237343741,-2.357929080
2025-12-01 10:41:30,2.483970948,-8.769108582,-2.725882867
2025-12-01 10:41:40,0.911468598,-8.952766408,-3.141529639
2025-12-01 10:41:50,1.465678491,-9.251913783,-3.122709268
2025-12-01 10:42:00,2.106915766,-9.086244978,-2.709637109
2025-12-01 10:42:10,1.092296764,-9.403356687,-2.176455418
2025-12-01 10:42:20,1.699187800,-8.114813539,-4.803384495
2025-12-01 10:42:30,1.343230060,-8.015657903,-5.798107779
2025-12-01 10:42:40,0.919943928,-7.683404206,-6.050584075
2025-12-01 10:42:50,-0.124142963,-7.654306236,-6.077779839
2025-12-01 10:43:00,-0.161868926,-7.149419725,-7.042232410
2025-12-01 10:43:10,-0.415703067,-7.499633202,-6.377518168
2025-12-01 10:43:20,-0.059905964,-8.116100173,-5.869313854
2025-12-01 10:43:30,-0.906249724,-6.873772057,-6.795754660
2025-12-01 10:43:40,-1.426409350,-6.923705690,-6.606466723
2025-12-01 10:43:50,-3.431201538,-7.630203812,-5.183255231
2025-12-01 10:44:00,-2.646317304,-6.132368197,-7.145532986
2025-12-01 10:44:10,-3.517264933,-4.467090383,-7.728604837
2025-12-01 10:44:20,-3.882756545,-4.015386008,-7.752945534
2025-12-01 10:44:30,-3.755311113,-1.694221757,-8.708442375
2025-12-01 10:44:40,-2.656144537,-1.405554952,-9.550337210
2025-12-01 10:44:50,-2.186327748,-2.684703326,-9.064977079
2025-12-01 10:45:00,-3.378215247,-3.418817344,-8.725797858
2025-12-01 10:45:10,-2.721838155,-3.294745333,-8.804939622
2025-12-01 10:45:20,-4.315007702,-4.310914235,-7.970212719
2025-12-01 10:45:30,-4.107950089,-4.367255388,-7.472213084
2025-12-01 10:45:40,-4.198085104,-3.852796205,-7.901415071
2025-12-01 10:45:50,-3.881077233,-3.996849001,-7.753814775
2025-12-01 10:46:00,-3.957692631,-4.464974853,-7.992212721
2025-12-01 10:46:10,-4.843244550,-3.664257989,-7.862206046
2025-12-01 10:46:20,-5.900400108,-3.909302872,-6.987135022
2025-12-01 10:46:30,-6.322895301,-3.371163669,-6.750157675
2025-12-01 10:46:40,-6.514077229,-2.233147570,-6.859554681
2025-12-01 10:46:50,-5.901000607,-2.568456899,-7.450796892
2025-12-01 10:47:00,-4.863638761,-2.386364108,-8.132752063
2025-12-01 10:47:10,-4.126791040,-1.867529589,-8.454733400
2025-12-01 10:47:20,-3.618018609,-2.599283249,-8.805520133
2025-12-01 10:47:30,-2.363297501,-2.964877257,-8.946008661
2025-12-01 10:47:40,-2.017737305,-3.424176037,-8.748107284
2025-12-01 10:47:50,-1.891214617,-3.748724450,-9.002155227
2025-12-01 10:48:00,-1.321410894,-3.688924718,-8.931622792
2025-12-01 10:48:10,-1.107752596,-3.939134198,-8.839710031
2025-12-01 10:48:20,-0.394453856,-4.093985219,-8.888601307
2025-12-01 10:48:30,-0.085502102,-3.565693367,-8.986883942
2025-12-01 10:48:40,0.620264138,-5.176528986,-8.454435500
2025-12-01 10:48:50,0.468356865,-4.895416386,-8.459058381
2025-12-01 10:49:00,1.222110873,-5.645797471,-8.392027152
2025-12-01 10:49:10,0.068550179,-4.128845225,-8.702395187
2025-12-01 10:49:20,1.020212881,-5.427209936,-8.120952369
2025-12-01 10:49:30,1.427476229,-5.836939129,-7.725769593
2025-12-01 10:49:40,1.673136101,-5.944940268,-7.732045167
2025-12-01 10:49:50,2.425470673,-6.078275456,-7.429166902
2025-12-01 10:50:00,2.994388666,-6.196186030,-6.952794949
2025-12-01 10:50:10,2.218723704,-6.853610717,-6.745126158
2025-12-01 10:50:20,1.551777575,-6.912627246,-6.803055055
2025-12-01 10:50:30,2.237660772,-7.259639952,-6.279925650
2025-12-01 10:50:40,2.536695414,-6.994713539,-6.153739333
2025-12-01 10:50:50,3.520250285,-6.825297482,-6.097776268
2025-12-01 10:51:00,3.269650445,-7.690177755,-5.295076259
2025-12-01 10:51:10,2.124759218,-7.862001714,-5.809195659
2025-12-01 10:51:20,1.612088300,-7.665104498,-5.999784617
2025-12-01 10:51:30,0.911628801,-8.567233786,-5.024484570
2025-12-01 10:51:40,0.728612217,-8.401744532,-5.194093708
2025-12-01 10:51:50,0.388913563,-8.218305305,-5.065316446
2025-12-01 10:52:00,0.019370386,-8.274082756,-4.805353346
2025-12-01 10:52:10,0.327249281,-8.441364749,-4.941885302
2025-12-01 10:52:20,1.231011936,-8.033565901,-5.863371270
2025-12-01 10:52:30,0.470364799,-8.282391077,-4.649258251
2025-12-01 10:52:40,-0.391143153,-8.810034865,-4.644790592
2025-12-01 10:52:50,-0.652729196,-8.517583379,-5.033711553
2025-12-01 10:53:00,-0.561218143,-7.908251273,-5.671534649
2025-12-01 10:53:10,-1.319343495,-8.194535894,-5.417598083
2025-12-01 10:53:20,-1.701057035,-8.083112638,-5.303038948
2025-12-01 10:53:30,-1.254239981,-7.922824512,-5.325559224
2025-12-01 10:53:40,-1.548312369,-8.034909294,-5.546436661
2025-12-01 10:53:50,-1.867334544,-6.753784899,-6.740352293
2025-12-01 10:54:00,-2.652538077,-7.303752843,-6.078326965
2025-12-01 10:54:10,-1.618520164,-8.058104379,-4.857068326
2025-12-01 10:54:20,-0.745202616,-7.965338394,-5.400869908
2025-12-01 10:54:30,-1.949808489,-7.579808875,-5.973261983
2025-12-01 10:54:40,-2.417415860,-7.821759433,-5.666501377
2025-12-01 10:54:50,-2.641135266,-7.572758142,-5.427502047
2025-12-01 10:55:00,-3.185068739,-7.425086976,-5.854464892
2025-12-01 10:55:10,-3.567089567,-6.825019769,-5.963478673
2025-12-01 10:55:20,-2.947608552,-6.900764472,-5.808200504
2025-12-01 10:55:30,-2.026559869,-7.323053835,-6.254272395
2025-12-01 10:55:40,-1.667750502,-7.043257498,-6.547925908
2025-12-01 10:55:50,-0.980525757,-6.818430333,-6.605924240
2025-12-01 10:56:00,-0.835797442,-7.893302915,-5.629846164
2025-12-01 10:56:10,0.904109142,-8.319743073,-5.448811255
2025-12-01 10:56:20,-0.282873469,-7.413690256,-6.371745224
2025-12-01 10:56:30,0.560413957,-6.920131462,-7.426145063
2025-12-01 10:56:40,0.412653699,-6.164827228,-7.689349188
2025-12-01 10:56:50,1.637552630,-5.242774079,-7.841227558
2025-12-01 10:57:00,2.269481870,-6.233743932,-7.684260773
2025-12-01 10:57:10,1.530304261,-6.385015024,-7.325357496
2025-12-01 10:57:20,1.599358909,-5.017883484,-8.148426402
2025-12-01 10:57:30,0.807864031,-5.444465677,-8.254359027
2025-12-01 10:57:40,0.357883919,-4.150246600,-8.818013751
2025-12-01 10:57:50,0.935419719,-5.119196685,-8.204887749
2025-12-01 10:58:00,0.504289460,-5.320397967,-8.219222123
2025-12-01 10:58:10,0.429583637,-3.695286974,-8.989166232
2025-12-01 10:58:20,0.816930157,-4.872424859,-8.638849733
2025-12-01 10:58:30,1.144170966,-4.445267053,-8.724020826
2025-12-01 10:58:40,0.520944882,-4.192899526,-8.910212258
2025-12-01 10:58:50,0.370859482,-4.358214257,-8.798621379
2025-12-01 10:59:00,0.781154488,-4.499492415,-8.698487749
2025-12-01 10:59:10,0.503927535,-4.660322628,-8.918553683
2025-12-01 10:59:20,1.074045830,-4.833636601,-8.528475669
2025-12-01 10:59:30,0.710335901,-4.174993417,-8.880398530
2025-12-01 10:59:40,0.235484653,-5.852660971,-7.986629965
2025-12-01 10:59:50,-1.130837534,-6.121961156,-7.924030799
2025-12-01 11:00:00,1.019303811,-5.425310554,-7.745982199
2025-12-01 11:00:10,1.071814234,-5.412231052,-8.223410864
2025-12-01 11:00:20,1.025666293,-5.405587553,-7.992601415
2025-12-01 11:00:30,-1.618378893,-4.556968447,-8.581886414
2025-12-01 11:00:40,-2.977696931,-4.574992153,-8.176829183
2025-12-01 11:00:50,-2.898963519,-4.656976789,-7.894285947
2025-12-01 11:01:00,-3.492407318,-4.388716388,-8.065961620
2025-12-01 11:01:10,-4.199798982,-3.807715891,-8.121708147
2025-12-01 11:01:20,-4.952522833,-3.396905656,-7.696191239
2025-12-01 11:01:30,-3.619298954,-4.040176316,-7.928386028
2025-12-01 11:01:40,-4.828623211,-3.339994619,-8.020798763
2025-12-01 11:01:50,-4.984541189,-2.301329370,-7.857019547
2025-12-01 11:02:00,-4.441610852,-2.058909926,-8.591039051
2025-12-01 11:02:10,-6.319539623,-1.580754527,-7.336244554
2025-12-01 11:02:20,-4.489267052,-3.608270329,-7.917372586
2025-12-01 11:02:30,-5.940515329,-2.673080694,-7.274579475
2025-12-01 11:02:40,-5.229877506,-2.722371501,-7.880074944
2025-12-01 11:02:50,-1.449082426,-1.727004077,-9.395949222
2025-12-01 11:03:00,-2.839690023,-1.344597372,-9.175931143
2025-12-01 11:03:10,-1.935666848,-1.071284539,-9.297342894
2025-12-01 11:03:20,-2.801881521,0.303995217,-9.663170497
2025-12-01 11:03:30,-1.368628801,-0.931293673,-9.394016178
2025-12-01 11:03:40,-1.754053276,0.123733845,-9.752862664
2025-12-01 11:03:50,-3.530997221,1.563866652,-9.098741587
2025-12-01 11:04:00,-2.649063502,2.185367504,-9.156744184
2025-12-01 11:04:10,-2.788400408,1.976001339,-9.222111621
2025-12-01 11:04:20,-1.797717951,0.641908982,-9.586865373
2025-12-01 11:04:30,-2.207423152,-0.297692520,-9.595210778
2025-12-01 11:04:40,-3.361771243,0.425693015,-9.361777863
2025-12-01 11:04:50,-3.897040866,0.106602906,-9.174194181
2025-12-01 11:05:00,-3.659735589,-0.238326486,-9.099342356
2025-12-01 11:05:10,-3.906414198,0.446392069,-8.944002743
2025-12-01 11:05:20,-3.155044434,-0.900463045,-9.225372072
2025-12-01 11:05:30,-3.694161696,0.389162120,-8.734152926
2025-12-01 11:05:40,-3.969434701,1.617928585,-9.166737669
2025-12-01 11:05:50,-2.970557427,0.461856151,-9.468294993
2025-12-01 11:06:00,-0.052062250,1.648224231,-9.669454493
2025-12-01 11:06:10,-0.204031104,0.742609936,-9.966513847
2025-12-01 11:06:20,2.253165982,0.159851592,-9.697231121
2025-12-01 11:06:30,3.624820175,-1.784464569,-8.826427235
2025-12-01 11:06:40,5.059033786,-1.756069587,-8.334924861
2025-12-01 11:06:50,4.280594394,-3.063321688,-8.085837875
2025-12-01 11:07:00,2.197700871,-2.728708509,-9.258867628
2025-12-01 11:07:10,2.146126421,-1.333981571,-9.400157900
2025-12-01 11:07:20,3.062899559,-2.688701234,-9.235795493
2025-12-01 11:07:30,2.405259843,-3.277265843,-8.798582598
2025-12-01 11:07:40,3.559853105,-3.571002738,-8.505893459
2025-12-01 11:07:50,4.164294890,-4.164452457,-7.946342609
2025-12-01 11:08:00,4.006719840,-4.140453656,-8.189595471
2025-12-01 11:08:10,3.509328306,-3.738813567,-8.567452056
2025-12-01 11:08:20,2.772415991,-4.127131251,-8.439634439
2025-12-01 11:08:30,2.415211557,-3.770373493,-8.962941185
2025-12-01 11:08:40,2.916046018,-4.238505477,-8.272525051
2025-12-01 11:08:50,2.468314684,-4.112693045,-8.683053121
2025-12-01 11:09:00,3.161195452,-2.671083997,-8.711657094
2025-12-01 11:09:10,2.798948495,-1.229810843,-9.196130068
2025-12-01 11:09:20,2.121344033,-1.627956746,-9.482336627
2025-12-01 11:09:30,2.175601324,-1.287903563,-9.551617003
2025-12-01 11:09:40,1.910732398,-1.534560640,-9.421860560
2025-12-01 11:09:50,2.054329125,-0.736047949,-9.715172112
2025-12-01 11:10:00,1.124833783,-0.489222113,-9.585643492
2025-12-01 11:10:10,1.502270132,0.012221737,-9.875999091
2025-12-01 11:10:20,1.527650818,-0.023924370,-9.441316722
2025-12-01 11:10:30,1.874632707,0.166293025,-9.369602815
2025-12-01 11:10:40,0.790227273,0.444098581,-9.452761797
2025-12-01 11:10:50,1.223284062,-0.317107432,-9.739526243
2025-12-01 11:11:00,0.620332411,-0.788243236,-9.728449138
2025-12-01 11:11:10,-0.497464413,-0.847476264,-9.891569628
2025-12-01 11:11:20,-0.542745263,-1.107227977,-9.671051245
2025-12-01 11:11:30,0.441945003,-0.894602027,-9.537576551
2025-12-01 11:11:40,0.114249568,-1.021767834,-9.869224682
2025-12-01 11:11:50,0.534200755,0.457414919,-9.703480909
2025-12-01 11:12:00,0.086836146,0.834010516,-9.998719520
2025-12-01 11:12:10,-0.349023879,1.106853259,-9.478030942
2025-12-01 11:12:20,-1.024710811,0.990449451,-9.865224231
2025-12-01 11:12:30,-1.087403572,2.064272106,-9.663050989
2025-12-01 11:12:40,-0.979211606,2.058175050,-9.311158664
2025-12-01 11:12:50,-1.273180048,2.697460596,-9.389569582
2025-12-01 11:13:00,-0.702144720,1.787052373,-9.754515745
2025-12-01 11:13:10,-1.401461216,1.846236578,-9.506793694
2025-12-01 11:13:20,-1.360591298,2.282500870,-9.009884036
2025-12-01 11:13:30,-1.061030124,3.426452695,-9.204500834
2025-12-01 11:13:40,-1.197881881,2.924335330,-9.263925519
2025-12-01 11:13:50,-2.192746841,2.763169157,-9.257820163
2025-12-01 11:14:00,-2.646072430,1.955312294,-9.636266687
2025-12-01 11:14:10,-2.151983632,1.431503579,-9.697674377
2025-12-01 11:14:20,-2.138866909,1.428947913,-9.727825831
2025-12-01 11:14:30,-1.892686837,1.531757422,-9.404053308
2025-12-01 11:14:40,-1.227273541,2.395484160,-9.331591400
2025-12-01 11:14:50,-1.462355574,2.150552526,-9.586768490
2025-12-01 11:15:00,-2.152172307,1.700528352,-9.333355142
2025-12-01 11:15:10,-1.360762765,2.513335070,-9.125806721
2025-12-01 11:15:20,-1.499457081,1.892497244,-9.612612000
2025-12-01 11:15:30,-1.349188506,1.546945164,-9.798475483
2025-12-01 11:15:40,-2.300381153,0.848598373,-9.731462973
2025-12-01 11:15:50,-2.563528849,1.447124140,-9.382292188
2025-12-01 11:16:00,-3.057151700,2.000261449,-9.167693524
2025-12-01 11:16:10,-2.323852575,1.621437939,-9.775888917
2025-12-01 11:16:20,-2.890111765,1.201718088,-9.207525950
2025-12-01 11:16:30,-2.846024632,0.742243971,-9.212224291
2025-12-01 11:16:40,-3.662498739,1.299639331,-9.088211807
2025-12-01 11:16:50,-4.225900957,0.316452056,-8.748341559
2025-12-01 11:17:00,-4.096269422,0.022194619,-8.947656438
2025-12-01 11:17:10,-3.438478066,0.098997602,-9.138619266
2025-12-01 11:17:20,-3.409411640,0.161138072,-9.113018432
2025-12-01 11:17:30,-3.785610394,1.671547119,-8.685349405
2025-12-01 11:17:40,-4.000202725,2.263664454,-8.856489381
2025-12-01 11:17:50,-3.960130222,2.858849948,-8.748664509
2025-12-01 11:18:00,-4.978546040,3.136607808,-7.984253027
2025-12-01 11:18:10,-5.184992931,2.836387163,-7.592380991
2025-12-01 11:18:20,-4.686709201,3.853744943,-7.792816321
2025-12-01 11:18:30,-4.910262022,3.796339769,-7.391694377
2025-12-01 11:18:40,-5.501289614,2.509991350,-7.622541006
2025-12-01 11:18:50,-5.814878831,2.977137117,-6.846885269
2025-12-01 11:19:00,-5.933997453,3.487669347,-6.768617349
2025-12-01 11:19:10,-6.056764429,3.893686975,-6.578048124
2025-12-01 11:19:20,-5.485689953,4.533876054,-6.223464073
2025-12-01 11:19:30,-5.493482369,5.596502577,-5.904416572
2025-12-01 11:19:40,-5.009118930,6.223754852,-5.875780755
2025-12-01 11:19:50,-5.141665450,5.802990144,-6.264558406
2025-12-01 11:20:00,-4.656098497,6.418429606,-5.706840178
2025-12-01 11:20:10,-4.356968799,6.608115276,-5.488107608
2025-12-01 11:20:20,-5.188895713,5.792896268,-6.050919366
2025-12-01 11:20:30,-5.770668872,5.261667826,-6.101505030
2025-12-01 11:20:40,-6.640173958,5.026702289,-5.374694361
2025-12-01 11:20:50,-6.828976982,4.729004057,-5.268266771
2025-12-01 11:21:00,-6.755199371,5.096872692,-4.746165011
2025-12-01 11:21:10,-6.625581853,5.410881193,-4.631609173
2025-12-01 11:21:20,-6.415536684,6.337966370,-4.121871418
2025-12-01 11:21:30,-6.455812704,6.058574067,-4.158014468
2025-12-01 11:21:40,-6.952575318,5.713265717,-4.534403326
2025-12-01 11:21:50,-6.767268702,5.270952169,-4.611191477
2025-12-01 11:22:00,-7.034266380,5.693397134,-4.231959900
2025-12-01 11:22:10,-5.777074844,6.503805524,-3.932821095
2025-12-01 11:22:20,-5.862078198,6.816415648,-3.416820305
2025-12-01 11:22:30,-6.433888735,6.165873273,-4.263169998
2025-12-01 11:22:40,-6.070991269,6.725817001,-3.534747539
2025-12-01 11:22:50,-6.477485856,6.562329388,-3.343969401
2025-12-01 11:23:00,-6.050773853,6.678133252,-3.834177378
2025-12-01 11:23:10,-5.440580024,6.995684596,-4.206014921
2025-12-01 11:23:20,-4.858523717,7.800847337,-3.772023870
2025-12-01 11:23:30,-4.691284788,7.606828793,-3.729373841
2025-12-01 11:23:40,-4.412362301,8.110693316,-3.630337311
2025-12-01 11:23:50,-3.866879137,8.603480638,-2.425985044
2025-12-01 11:24:00,-2.768315909,9.137992563,-3.004104113
2025-12-01 11:24:10,-3.257031188,8.442745551,-3.601952125
2025-12-01 11:24:20,-3.151829709,8.287626749,-3.692611984
2025-12-01 11:24:30,-2.723009322,8.629335457,-3.816380332
2025-12-01 11:24:40,-3.531097179,8.841426798,-2.427570079
2025-12-01 11:24:50,-3.925810746,8.948437017,-2.164497070
2025-12-01 11:25:00,-2.428181031,9.025806717,-2.582458378
2025-12-01 11:25:10,-2.531876734,9.204630861,-1.687925701
2025-12-01 11:25:20,-2.720235751,9.391220344,-1.156685100
2025-12-01 11:25:30,-2.864627004,9.574924719,-1.118889452
2025-12-01 11:25:40,-2.903061272,9.426065981,-1.431231451
2025-12-01 11:25:50,-1.279883691,9.752023149,-1.614460140
2025-12-01 11:26:00,-2.210798320,9.366968749,-1.072698949
2025-12-01 11:26:10,-2.206314925,9.526977737,-1.104331184
2025-12-01 11:26:20,-2.950398170,9.476637375,-0.650344461
2025-12-01 11:26:30,-2.912353793,9.062984746,-1.822170362
2025-12-01 11:26:40,-1.834377211,9.173481368,-2.156904792
2025-12-01 11:26:50,-1.204505445,9.541631649,-1.462787741
2025-12-01 11:27:00,-1.153446636,9.277084206,-1.161771772
2025-12-01 11:27:10,-2.156015077,9.559778362,-0.759986984
2025-12-01 11:27:20,-2.606219539,9.162454113,-1.772760758
2025-12-01 11:27:30,-2.999093404,9.136272922,-1.118822792
2025-12-01 11:27:40,-2.836848692,9.489452833,-0.519164279
2025-12-01 11:27:50,-2.644464710,9.271719420,-0.502856522
2025-12-01 11:28:00,-2.027074464,9.341517549,-0.878763427
2025-12-01 11:28:10,-0.540148802,9.428260780,-0.311727580
2025-12-01 11:28:20,-0.179849699,9.816950372,-0.863043402
2025-12-01 11:28:30,-0.417186518,9.704373069,-1.325902643
2025-12-01 11:28:40,-0.599006749,9.672830454,-1.868192945
2025-12-01 11:28:50,-0.844806412,9.238370698,-2.355422099
2025-12-01 11:29:00,-1.252765038,8.805255782,-3.144119072
2025-12-01 11:29:10,-1.398320859,9.238954985,-3.151329852
2025-12-01 11:29:20,-1.735830131,9.283229875,-3.130044567
2025-12-01 11:29:30,-1.549841362,9.436070641,-2.736355592
2025-12-01 11:29:40,-2.118694291,9.433722140,-2.309324613
2025-12-01 11:29:50,-1.202018932,9.714447411,-1.158789469
2025-12-01 11:30:00,-1.809035736,9.475616463,-1.562935783
2025-12-01 11:30:10,-2.222242246,9.425677355,-2.386011659
2025-12-01 11:30:20,-2.388403720,8.887198755,-2.676591942
2025-12-01 11:30:30,-1.246859837,9.266731169,-3.015078979
2025-12-01 11:30:40,-1.267215778,9.072577837,-3.061641540
2025-12-01 11:30:50,-1.525619669,8.923260333,-3.039210656
2025-12-01 11:31:00,-2.076967119,9.100760337,-3.328845234
2025-12-01 11:31:10,-1.632789253,8.802172740,-4.001999684
2025-12-01 11:31:20,-1.634935598,9.171296420,-3.030349053
2025-12-01 11:31:30,-2.031825397,8.978753630,-2.846817417
2025-12-01 11:31:40,-1.390288073,9.137030741,-3.036934846
2025-12-01 11:31:50,-1.905952096,9.188612159,-3.349795285
2025-12-01 11:32:00,-2.585780019,8.961764419,-3.109749431
2025-12-01 11:32:10,-2.956642599,8.888760461,-2.639590087
2025-12-01 11:32:20,-3.236853737,9.010005261,-2.788843591
2025-12-01 11:32:30,-2.948377802,9.039282375,-2.432272833
2025-12-01 11:32:40,-2.396987517,9.585335643,-2.209739394
2025-12-01 11:32:50,-2.826550897,8.837035875,-2.192308306
2025-12-01 11:33:00,-2.710124804,8.971469512,-2.056297917
2025-12-01 11:33:10,-3.018780996,9.075847447,-2.251178510
2025-12-01 11:33:20,-2.337165542,9.492616702,-1.961242974
2025-12-01 11:33:30,-2.647226353,9.271910288,-1.581670155
2025-12-01 11:33:40,-2.805576149,9.461654942,-1.731425045
2025-12-01 11:33:50,-3.257070641,8.889052330,-2.019368423
2025-12-01 11:34:00,-3.621623907,8.935664584,-1.876423617
2025-12-01 11:34:10,-4.004699510,8.681328044,-1.435858422
2025-12-01 11:34:20,-4.138757231,8.657351733,-1.727749670
2025-12-01 11:34:30,-3.705576571,8.758227675,-1.326824651
2025-12-01 11:34:40,-3.468604345,9.392860259,-1.388073838
2025-12-01 11:34:50,-2.639419545,9.098387344,-1.341113961
2025-12-01 11:35:00,-3.603920951,9.005717617,-1.324724229
2025-12-01 11:35:10,-3.084592854,9.067322174,-1.463872242
2025-12-01 11:35:20,-2.715908820,9.377959397,-1.048941884
2025-12-01 11:35:30,-2.676984776,9.299062860,-1.005707030
2025-12-01 11:35:40,-2.618587172,9.354960369,-0.473465899
2025-12-01 11:35:50,-3.174930816,8.941279526,-0.793107115
2025-12-01 11:36:00,-2.985669219,9.195167075,-0.500719245
2025-12-01 11:36:10,-3.653459771,9.414638727,-0.232553313
2025-12-01 11:36:20,-3.190089586,9.260981833,-0.381760384
2025-12-01 11:36:30,-3.212234261,9.278960653,-0.200173475
2025-12-01 11:36:40,-4.068509180,9.053354751,-0.561107016
2025-12-01 11:36:50,-3.805462007,8.926853926,-0.304443771
2025-12-01 11:37:00,-3.841433039,8.825701049,-0.600230343
2025-12-01 11:37:10,-3.928467474,8.849556476,-0.085718449
2025-12-01 11:37:20,-4.434592923,9.005261711,-0.376714787
2025-12-01 11:37:30,-4.494280351,8.525496933,-1.232849168
2025-12-01 11:37:40,-4.724420789,8.550020185,-1.138609839
2025-12-01 11:37:50,-4.092209912,9.090009043,-1.057868599
2025-12-01 11:38:00,-3.910916692,8.681081865,-1.420660909
2025-12-01 11:38:10,-4.172904201,8.566154814,-1.419772754
2025-12-01 11:38:20,-4.480335329,8.842525989,-1.830054037
2025-12-01 11:38:30,-4.310655927,8.407204847,-1.329854380
2025-12-01 11:38:40,-4.716806966,9.060273043,-1.548009590
2025-12-01 11:38:50,-3.822028993,8.645470836,-1.796582108
2025-12-01 11:39:00,-3.807713958,8.644552614,-1.996753044
2025-12-01 11:39:10,-3.505235046,9.034641057,-2.221404150
2025-12-01 11:39:20,-3.560497078,9.080276828,-1.869736242
2025-12-01 11:39:30,-3.209681925,8.977352097,-2.569076983
2025-12-01 11:39:40,-3.378377496,9.159230875,-2.330285135
2025-12-01 11:39:50,-2.570086476,9.225073545,-2.491495284
2025-12-01 11:40:00,-3.096258605,9.097872060,-2.457696323
2025-12-01 11:40:10,-2.304768546,9.020970960,-2.317558252
2025-12-01 11:40:20,-2.406153132,9.029271890,-2.876184397
2025-12-01 11:40:30,-1.736686071,9.107425664,-2.909778517
2025-12-01 11:40:40,-2.165143367,9.057206376,-2.422274950
2025-12-01 11:40:50,-2.298537525,9.294385148,-2.410042844
2025-12-01 11:41:00,-2.549414215,9.068645620,-2.257877491
2025-12-01 11:41:10,-2.416199079,9.256023346,-2.751066316
2025-12-01 11:41:20,-2.646178852,9.015542626,-2.753635837
2025-12-01 11:41:30,-2.571274600,8.987172953,-3.295665295
2025-12-01 11:41:40,-2.628281401,8.710693297,-3.450036812
2025-12-01 11:41:50,-2.760308369,8.554202707,-3.414200520
2025-12-01 11:42:00,-3.009489143,8.758606023,-3.429935655
2025-12-01 11:42:10,-2.372193009,8.429563250,-3.663551759
2025-12-01 11:42:20,-1.751940091,8.826830036,-3.538480163
2025-12-01 11:42:30,-2.221818309,8.897318073,-3.418316055
2025-12-01 11:42:40,-1.557543723,9.001740954,-3.265768015
2025-12-01 11:42:50,-1.425632646,9.191242464,-3.076916965
2025-12-01 11:43:00,-1.682276233,9.069715976,-3.067875064
2025-12-01 11:43:10,-1.681394464,9.240952898,-3.259562633
2025-12-01 11:43:20,-1.446716593,9.143406452,-3.443784541
2025-12-01 11:43:30,-1.056385359,9.179298200,-3.740812410
2025-12-01 11:43:40,-0.720909468,8.878047124,-4.063376193
2025-12-01 11:43:50,-0.580350259,8.610106596,-4.308366935
2025-12-01 11:44:00,-1.001432033,8.373832647,-4.742917932
2025-12-01 11:44:10,-1.437899046,8.283695353,-4.941263646
2025-12-01 11:44:20,-1.096025235,8.080620080,-5.063181566
2025-12-01 11:44:30,-1.507605573,8.885335130,-4.622239055
2025-12-01 11:44:40,-1.247489875,8.125137650,-5.321928887
2025-12-01 11:44:50,-1.706998387,8.336453341,-5.128542034
2025-12-01 11:45:00,-1.601063575,8.463444081,-4.862927746
2025-12-01 11:45:10,-1.654179327,8.286587334,-5.198990050
2025-12-01 11:45:20,-1.607984540,8.062372522,-5.509363916
2025-12-01 11:45:30,-1.249124629,8.282475153,-5.455485301
2025-12-01 11:45:40,-1.603087272,7.852592711,-5.340143703
2025-12-01 11:45:50,-1.619158101,7.817631837,-5.537925605
2025-12-01 11:46:00,-1.558913611,7.917758382,-5.318586640
2025-12-01 11:46:10,-1.391462031,7.745441364,-5.780744837
2025-12-01 11:46:20,-1.318089095,7.959231756,-5.726804476
2025-12-01 11:46:30,-0.905728061,8.150313212,-5.401432258
2025-12-01 11:46:40,-0.760537762,7.950871540,-5.617361175
2025-12-01 11:46:50,-0.369512918,7.670343471,-5.603988686
2025-12-01 11:47:00,-0.102488882,8.131037048,-5.409947030
2025-12-01 11:47:10,-0.512451377,8.336450033,-5.052707319
2025-12-01 11:47:20,-0.445291937,8.399620790,-5.755347785
2025-12-01 11:47:30,-0.991652730,8.324207766,-4.991824427
2025-12-01 11:47:40,-1.042899056,8.097333219,-5.266521528
2025-12-01 11:47:50,-1.371358409,8.063292150,-5.529091648
2025-12-01 11:48:00,-1.202300461,8.580014475,-4.703223538
2025-12-01 11:48:10,-0.577950568,8.336109005,-5.029089677
2025-12-01 11:48:20,-0.568381362,8.497816643,-5.310428293
2025-12-01 11:48:30,-0.894082454,8.133189467,-5.821423556
2025-12-01 11:48:40,-1.440353157,8.077282910,-5.205073906
2025-12-01 11:48:50,-1.602468201,7.854823733,-5.669879958
2025-12-01 11:49:00,-1.292728815,7.528711166,-5.779921573
2025-12-01 11:49:10,-1.102488817,7.770206404,-5.755305922
2025-12-01 11:49:20,-1.133005566,7.929008157,-5.978148103
2025-12-01 11:49:30,-1.191707908,7.602175849,-6.193586884
2025-12-01 11:49:40,-0.769339896,7.954862037,-5.581347068
2025-12-01 11:49:50,-0.982883902,7.986984677,-5.783589372
2025-12-01 11:50:00,-1.000460758,7.885409826,-5.282576677
2025-12-01 11:50:10,-1.587483057,8.109620820,-5.492563792
2025-12-01 11:50:20,-0.939139094,7.745725811,-5.394544698
2025-12-01 11:50:30,-0.892643267,8.085225773,-5.469237958
2025-12-01 11:50:40,-0.852025116,8.126897052,-5.466318092
2025-12-01 11:50:50,-0.697994540,7.700422019,-5.931107414
2025-12-01 11:51:00,-1.830708204,7.683364227,-5.795775161
2025-12-01 11:51:10,-1.959616557,7.797980589,-6.019347054
2025-12-01 11:51:20,-1.983533847,7.384597482,-6.104294748
2025-12-01 11:51:30,-2.073804978,7.364916748,-6.102479636
2025-12-01 11:51:40,-2.382443573,7.329045065,-5.997322525
2025-12-01 11:51:50,-1.687548540,6.738394501,-6.426457678
2025-12-01 11:52:00,-1.827976315,7.126826945,-6.729761425
2025-12-01 11:52:10,-2.011184678,6.906301639,-6.410838845
2025-12-01 11:52:20,-2.627092558,6.613418629,-6.816748923
2025-12-01 11:52:30,-2.835797357,6.730516937,-6.487324440
2025-12-01 11:52:40,-2.473389081,6.592622728,-6.715768072
2025-12-01 11:52:50,-2.878382822,6.684410185,-6.516400338
2025-12-01 11:53:00,-2.977050349,6.857095788,-6.206886604
2025-12-01 11:53:10,-3.195258422,7.184487044,-6.007701892
2025-12-01 11:53:20,-2.840371311,7.244981731,-6.102017215
2025-12-01 11:53:30,-2.369036276,7.728879012,-5.517061080
2025-12-01 11:53:40,-3.117756975,8.109777263,-4.837335632
2025-12-01 11:53:50,-3.818369889,7.314091497,-5.483659631
2025-12-01 11:54:00,-3.107294121,7.900165054,-4.729702720
2025-12-01 11:54:10,-3.675518890,7.559839831,-4.677302554
2025-12-01 11:54:20,-3.689354126,7.377468570,-4.940808976
2025-12-01 11:54:30,-3.619819336,7.195073152,-5.676248738
2025-12-01 11:54:40,-3.017534515,7.646848350,-5.692810604
2025-12-01 11:54:50,-2.818453790,7.341725888,-5.845812244
2025-12-01 11:55:00,-2.512991201,7.446532475,-5.971493607
2025-12-01 11:55:10,-2.237625926,7.530965019,-5.875136668
2025-12-01 11:55:20,-2.144877400,7.757402747,-5.551314991
2025-12-01 11:55:30,-2.396543978,7.892359971,-5.527884772
2025-12-01 11:55:40,-2.748188343,7.837299658,-5.372176461
2025-12-01 11:55:50,-2.307689881,8.026478730,-4.972752265
2025-12-01 11:56:00,-2.512166923,8.007761480,-5.138055857
2025-12-01 11:56:10,-2.531151100,8.142548297,-4.435095380
2025-12-01 11:56:20,-3.051936447,7.908595351,-4.934985409
2025-12-01 11:56:30,-2.867347389,8.024317518,-5.191518772
2025-12-01 11:56:40,-2.465037095,8.107757344,-4.452390757
2025-12-01 11:56:50,-2.789621866,8.215164977,-4.095242233
2025-12-01 11:57:00,-3.086626462,8.191643970,-4.582605215
2025-12-01 11:57:10,-2.856746134,7.858632037,-4.604247582
2025-12-01 11:57:20,-2.924462780,8.239036901,-4.674213492
2025-12-01 11:57:30,-2.771565447,8.252298175,-4.697826135
2025-12-01 11:57:40,-3.212086616,7.743627326,-5.067666070
2025-12-01 11:57:50,-2.936543598,7.746499749,-4.853639892
2025-12-01 11:58:00,-2.534173132,8.016328504,-4.867738141
2025-12-01 11:58:10,-3.072925304,7.879373150,-5.077456260
2025-12-01 11:58:20,-2.855581004,7.764414756,-5.486936887
2025-12-01 11:58:30,-2.715793759,7.853107872,-5.348131981
2025-12-01 11:58:40,-2.761448774,7.963336862,-5.108692679
2025-12-01 11:58:50,-2.514500772,8.006751968,-4.896370469
2025-12-01 11:59:00,-2.692960663,7.932778388,-4.888809537
2025-12-01 11:59:10,-2.241275785,8.054426669,-4.755694649
2025-12-01 11:59:20,-2.799446956,8.092982127,-5.142718541
2025-12-01 11:59:30,-2.315738532,7.953983819,-5.386374484
2025-12-01 11:59:40,-2.379218695,7.921378901,-5.283301086
2025-12-01 11:59:50,-2.763572644,7.734551121,-5.368162912
2025-12-01 12:00:00,-2.629210778,7.733213226,-5.195465760
2025-12-01 12:00:10,-3.026732858,7.863595557,-5.356831662
2025-12-01 12:00:20,-2.905650930,7.687570626,-5.224871307
2025-12-01 12:00:30,-3.054760085,7.823341247,-5.099653959
2025-12-01 12:00:40,-2.912449656,7.825678738,-4.635573138
2025-12-01 12:00:50,-2.954302498,8.157228188,-4.430767705
2025-12-01 12:01:00,-2.983647837,8.335694504,-4.477567454
2025-12-01 12:01:10,-3.104710713,8.529153477,-4.526908342
2025-12-01 12:01:20,-2.852191407,8.222117309,-4.390592781
2025-12-01 12:01:30,-2.862092847,8.181683845,-4.639530064
2025-12-01 12:01:40,-2.757340303,8.332389014,-4.734688810
2025-12-01 12:01:50,-2.477813364,8.438143623,-4.300186109
2025-12-01 12:02:00,-2.614470185,8.039969531,-4.843120916
2025-12-01 12:02:10,-2.687536618,8.217896192,-4.788945935
2025-12-01 12:02:20,-1.978870879,8.021226290,-5.276377241
2025-12-01 12:02:30,-0.995600413,8.408111650,-5.326877051
2025-12-01 12:02:40,-1.469372440,8.119615953,-5.810728429
2025-12-01 12:02:50,-1.427755577,7.576159933,-5.905451144
2025-12-01 12:03:00,-0.763855763,8.108184969,-5.445733473
2025-12-01 12:03:10,-0.652199827,8.096493039,-5.973087063
2025-12-01 12:03:20,-0.832502959,8.188963391,-5.859153598
2025-12-01 12:03:30,-0.771346918,8.241373273,-5.542937209
2025-12-01 12:03:40,-0.546958706,8.257372806,-5.860630982
2025-12-01 12:03:50,-0.314685976,7.959041842,-5.523866648
2025-12-01 12:04:00,-0.525059178,7.976403275,-5.448331209
2025-12-01 12:04:10,-0.660217589,8.025947523,-5.832777163
2025-12-01 12:04:20,-0.820551750,8.058363045,-5.674707010
2025-12-01 12:04:30,-1.232224155,7.783673905,-5.673844783
2025-12-01 12:04:40,-1.931090287,8.021152608,-5.538685468
2025-12-01 12:04:50,-1.763407158,7.825514158,-5.723585447
2025-12-01 12:05:00,-1.637941895,7.701613062,-5.585139185
2025-12-01 12:05:10,-1.366046889,8.226154102,-5.594134142
2025-12-01 12:05:20,-1.290830913,8.125239934,-5.338950660
2025-12-01 12:05:30,-1.419380093,7.543595764,-5.837679538
2025-12-01 12:05:40,-0.626882277,8.052640379,-5.588905378
2025-12-01 12:05:50,-0.805020028,8.315777339,-5.338669093
2025-12-01 12:06:00,-0.474561864,7.797888637,-5.675079664
2025-12-01 12:06:10,-0.101614795,7.824348216,-5.626907202
2025-12-01 12:06:20,-0.787592150,7.924083922,-5.637592773
2025-12-01 12:06:30,-0.461117609,8.079879657,-5.865376879
2025-12-01 12:06:40,-0.749907112,8.132361496,-5.229115257
2025-12-01 12:06:50,-0.589109228,7.784084598,-6.136258282
2025-12-01 12:07:00,-0.454108641,7.859738204,-5.984055483
2025-12-01 12:07:10,-0.886717985,7.859394241,-5.434364493
2025-12-01 12:07:20,-0.891730360,8.145731531,-4.615174358
2025-12-01 12:07:30,-0.953773522,8.635509290,-4.459396476
2025-12-01 12:07:40,-1.062899063,8.710646016,-4.670902902
2025-12-01 12:07:50,-0.776862042,8.221052272,-4.938495177
2025-12-01 12:08:00,-0.209398893,8.600425048,-4.841698141
2025-12-01 12:08:10,-0.080831753,9.034486002,-4.811693996
2025-12-01 12:08:20,0.151462445,8.298013184,-5.156967979
2025-12-01 12:08:30,0.030102196,8.086362211,-5.728095287
2025-12-01 12:08:40,0.423414034,7.941412832,-5.517614300
2025-12-01 12:08:50,-0.169652487,8.202651146,-5.432574326
2025-12-01 12:09:00,0.119523025,7.965569250,-5.573229300
2025-12-01 12:09:10,-0.016678606,7.929588440,-5.654820355
2025-12-01 12:09:20,-0.027742480,7.719874242,-6.094187167
2025-12-01 12:09:30,0.615165230,7.873983329,-5.935712655
2025-12-01 12:09:40,-0.264229981,7.356157050,-6.266620864
2025-12-01 12:09:50,0.043055384,7.783549435,-5.788485055
2025-12-01 12:10:00,-0.421821571,7.775223806,-5.932756340
2025-12-01 12:10:10,0.491424755,7.845695008,-6.358190251
2025-12-01 12:10:20,0.283377972,7.237593009,-6.301011310
2025-12-01 12:10:30,0.779195271,7.934336857,-5.853811561
2025-12-01 12:10:40,-0.465541910,7.471536399,-5.889003524
2025-12-01 12:10:50,-0.670899143,7.281715597,-6.168610848
2025-12-01 12:11:00,-0.650155349,7.494253726,-6.279033540
2025-12-01 12:11:10,-0.513626054,7.941954207,-5.748901503
2025-12-01 12:11:20,-0.645136762,7.566234471,-5.922355132
2025-12-01 12:11:30,-0.528726614,7.708494155,-6.001140838
2025-12-01 12:11:40,-0.453363745,7.432274361,-6.295401956
2025-12-01 12:11:50,0.195089397,7.659616804,-6.381416366
2025-12-01 12:12:00,0.531788164,7.549459568,-6.247556868
2025-12-01 12:12:10,0.065022935,7.735333523,-6.147575914
2025-12-01 12:12:20,-0.334598748,7.357541286,-6.812623861
2025-12-01 12:12:30,-0.181808973,7.318528015,-6.304618374
2025-12-01 12:12:40,0.458239978,6.882781980,-6.952150215
2025-12-01 12:12:50,0.408042446,6.829715432,-6.914952695
2025-12-01 12:13:00,0.608432094,7.231639456,-6.774300033
2025-12-01 12:13:10,0.712347135,7.066169951,-6.836929155
2025-12-01 12:13:20,0.864506322,7.520702730,-6.570025862
2025-12-01 12:13:30,1.434780528,7.512231289,-6.092310892
2025-12-01 12:13:40,1.477424885,7.214057453,-6.375701669
2025-12-01 12:13:50,2.089824813,7.493601183,-5.900108025
2025-12-01 12:14:00,2.376872191,7.235381028,-6.429664393
2025-12-01 12:14:10,3.304660754,6.773131239,-6.001827428
2025-12-01 12:14:20,3.724541537,6.618882894,-6.251780307
2025-12-01 12:14:30,4.350261026,6.575452312,-6.073635568
2025-12-01 12:14:40,3.702204274,7.174965149,-5.593377704
2025-12-01 12:14:50,3.812341286,7.154564226,-5.812846521
2025-12-01 12:15:00,3.526509220,7.035553850,-5.424267157
2025-12-01 12:15:10,3.225627260,7.189205230,-5.554872805
2025-12-01 12:15:20,3.782006876,7.427821582,-5.251624430
2025-12-01 12:15:30,3.549344398,7.281812415,-5.132344339
2025-12-01 12:15:40,3.578953240,8.035888433,-4.482397782
2025-12-01 12:15:50,3.948155399,7.709462964,-4.840925715
2025-12-01 12:16:00,3.244029794,7.849376580,-4.533984245
2025-12-01 12:16:10,3.734509970,7.281509768,-5.130544580
2025-12-01 12:16:20,4.604769110,7.240787209,-4.946898106
2025-12-01 12:16:30,4.344754541,6.885859589,-5.600774131
2025-12-01 12:16:40,4.428022777,6.660517934,-5.299102933
2025-12-01 12:16:50,4.544999957,6.528709429,-6.100771936
2025-12-01 12:17:00,4.126410880,6.205666613,-6.485963127
2025-12-01 12:17:10,4.224586008,6.498358930,-6.273021392
2025-12-01 12:17:20,3.660470746,6.371500072,-6.178818774
2025-12-01 12:17:30,3.778626519,7.000176645,-6.225069101
2025-12-01 12:17:40,4.356401309,6.090968793,-6.526593694
2025-12-01 12:17:50,3.748263965,6.581499874,-6.507032636
2025-12-01 12:18:00,3.176031544,6.130198029,-7.214444150
2025-12-01 12:18:10,3.401054711,5.664115387,-7.341679257
2025-12-01 12:18:20,3.009503932,4.567647667,-7.899059981
2025-12-01 12:18:30,3.013585053,4.667009152,-8.128657831
2025-12-01 12:18:40,3.292013698,4.362446060,-7.970856889
2025-12-01 12:18:50,2.774677142,4.571762601,-8.414138325
2025-12-01 12:19:00,2.353595696,4.581232390,-8.370400231
2025-12-01 12:19:10,2.698831850,4.658364267,-8.177117530
2025-12-01 12:19:20,2.863755508,4.514694960,-8.355726811
2025-12-01 12:19:30,2.634570692,5.482616573,-7.899697831
2025-12-01 12:19:40,2.826613524,4.946968988,-7.907463294
2025-12-01 12:19:50,2.591205754,4.840857689,-8.215242798
2025-12-01 12:20:00,1.925637806,5.463475116,-7.932092676
2025-12-01 12:20:10,1.644000758,4.819404595,-8.376998536
2025-12-01 12:20:20,1.482274177,4.758831505,-8.620481620
2025-12-01 12:20:30,1.818504949,4.745637565,-8.485705844
2025-12-01 12:20:40,3.143017389,4.392118610,-8.400312613
2025-12-01 12:20:50,3.755465483,3.694116826,-8.527888906
2025-12-01 12:21:00,3.935858557,3.038674141,-8.503795964
2025-12-01 12:21:10,4.058942807,2.806146050,-8.685041502
2025-12-01 12:21:20,4.554994999,2.757604494,-8.266674395
2025-12-01 12:21:30,4.620233733,2.873040738,-8.111920493
2025-12-01 12:21:40,4.256539576,3.141935518,-8.178131161
2025-12-01 12:21:50,4.350976116,2.567095200,-8.305717749
2025-12-01 12:22:00,4.515133930,2.359371721,-8.481802212
2025-12-01 12:22:10,4.765548927,2.244250908,-8.153797833
2025-12-01 12:22:20,5.046194163,2.065929297,-8.114858832
2025-12-01 12:22:30,5.394045908,2.306657930,-8.033405416
2025-12-01 12:22:40,5.566567881,1.209345181,-7.799798454
2025-12-01 12:22:50,5.401613786,1.742184622,-8.183319297
2025-12-01 12:23:00,5.645896298,1.341774188,-8.097463929
2025-12-01 12:23:10,4.999816912,2.113127100,-7.972598880
2025-12-01 12:23:20,5.758059863,2.238284755,-8.021298098
2025-12-01 12:23:30,5.248096147,2.061186328,-8.009444525
2025-12-01 12:23:40,5.226767057,2.185727193,-8.220667339
2025-12-01 12:23:50,4.912439071,2.395401046,-8.452159333
2025-12-01 12:24:00,4.715667189,2.264986515,-8.523414272
2025-12-01 12:24:10,4.731761648,1.648252339,-8.522235400
2025-12-01 12:24:20,4.971255443,1.770523253,-8.415147631
2025-12-01 12:24:30,4.611665236,2.344386628,-8.091062221
2025-12-01 12:24:40,4.761457888,2.152848457,-8.291231371
2025-12-01 12:24:50,4.579837208,1.180144864,-8.254794942
2025-12-01 12:25:00,4.275591634,1.788219483,-8.362228271
2025-12-01 12:25:10,4.295810832,2.325627821,-8.762108281
2025-12-01 12:25:20,3.774133068,2.362498071,-8.527889370
2025-12-01 12:25:30,3.878515826,3.367857915,-8.255979078
2025-12-01 12:25:40,4.606640992,3.769832504,-7.451566904
2025-12-01 12:25:50,4.871213071,4.533075246,-6.950800805
2025-12-01 12:26:00,4.803882196,5.043214941,-6.794163891
2025-12-01 12:26:10,4.604465315,4.966101339,-7.421437955
2025-12-01 12:26:20,3.890825827,4.968390887,-7.469864064
2025-12-01 12:26:30,4.479346826,4.784829337,-6.807352489
2025-12-01 12:26:40,4.603374214,5.110125114,-7.304243468
2025-12-01 12:26:50,4.252309688,5.312979241,-7.031572648
2025-12-01 12:27:00,4.358376909,5.736809168,-6.607660362
2025-12-01 12:27:10,4.549572046,5.286236531,-6.915098110
2025-12-01 12:27:20,4.754371865,4.941852445,-7.071889953
2025-12-01 12:27:30,4.918943557,4.978460455,-7.135416970
2025-12-01 12:27:40,5.249759082,4.972555513,-7.144220241
2025-12-01 12:27:50,5.564165889,4.578694426,-6.789483770
2025-12-01 12:28:00,5.395876040,4.356650397,-6.950039726
2025-12-01 12:28:10,5.217821655,4.165616533,-6.775123531
2025-12-01 12:28:20,5.370635000,4.282812458,-7.266013289
2025-12-01 12:28:30,5.047502984,3.865616623,-7.616079353
2025-12-01 12:28:40,5.434841704,3.519651199,-7.330247832
2025-12-01 12:28:50,5.081422557,3.848865384,-7.588078443
2025-12-01 12:29:00,5.229541610,3.554034836,-7.467891384
2025-12-01 12:29:10,5.420642885,3.529612534,-7.266746742
2025-12-01 12:29:20,4.787505101,4.005892676,-7.509898716
2025-12-01 12:29:30,4.649928802,3.766273309,-7.765985908
2025-12-01 12:29:40,4.923116743,3.943696009,-7.402760625
2025-12-01 12:29:50,4.502074660,4.306356586,-7.516769300
2025-12-01 12:30:00,4.449697133,4.239155711,-7.731699647
2025-12-01 12:30:10,4.451139437,5.136811148,-7.119317642
2025-12-01 12:30:20,3.916165998,5.437270921,-7.247250096
2025-12-01 12:30:30,4.220162078,5.279517142,-7.131215903
2025-12-01 12:30:40,3.324427533,5.259909016,-7.691390787
2025-12-01 12:30:50,2.794623624,5.092056531,-7.695814097
2025-12-01 12:31:00,2.827899551,5.671866466,-7.845786521
2025-12-01 12:31:10,3.324805258,6.045154962,-6.922091528
2025-12-01 12:31:20,3.232806801,5.944959280,-6.865742139
2025-12-01 12:31:30,2.924584704,6.375175090,-6.908769325
2025-12-01 12:31:40,3.016958412,6.519922358,-6.763343388
2025-12-01 12:31:50,2.713965011,6.946599299,-6.427424568
2025-12-01 12:32:00,2.916136548,6.325706083,-7.014072033
2025-12-01 12:32:10,2.487566707,6.170644017,-7.314551859
2025-12-01 12:32:20,2.084743605,6.490379711,-6.902303041
2025-12-01 12:32:30,1.802149367,6.272334462,-7.192287089
2025-12-01 12:32:40,1.248416921,6.991417509,-6.921654852
2025-12-01 12:32:50,0.957211812,6.819192946,-6.741315010
2025-12-01 12:33:00,1.099946623,7.041422484,-6.943648421
2025-12-01 12:33:10,0.984597218,6.779202240,-6.532904544
2025-12-01 12:33:20,0.686372140,7.086996223,-6.614051549
2025-12-01 12:33:30,0.546396507,7.173751915,-6.225684221
2025-12-01 12:33:40,1.003413437,7.124936422,-6.846396729
2025-12-01 12:33:50,1.041231488,6.729979097,-7.152953981
2025-12-01 12:34:00,-5.163999011,-2.354547491,7.806590695
2025-12-01 12:34:10,-2.170390035,0.966918857,9.542940387
2025-12-01 12:34:20,-1.725318354,7.208027100,6.762870006
2025-12-01 12:34:30,-0.109290477,6.202533080,7.556756372
2025-12-01 12:34:40,-2.297647574,4.677805483,8.456399136
2025-12-01 12:34:50,-0.897451200,6.679605468,7.053874047
2025-12-01 12:35:00,-4.369583339,3.588451553,8.168382643
2025-12-01 12:35:10,0.386052010,3.234367598,9.441488470
2025-12-01 12:35:20,-2.400000700,7.523672858,5.539813318
2025-12-01 12:35:30,1.698411663,9.151794460,2.920362116
2025-12-01 12:35:40,3.015529404,9.162806534,0.168360026
2025-12-01 12:35:50,-8.399731922,3.709912738,3.646868330
2025-12-01 12:36:00,-6.575950725,7.120302925,0.253572461
2025-12-01 12:36:10,3.453253754,9.122042510,1.320714930
2025-12-01 12:36:20,3.059649959,9.353567429,-1.230676186
2025-12-01 12:36:30,-0.644820070,9.287745741,2.732228914
2025-12-01 12:36:40,-0.367032925,9.576780236,3.138557893
2025-12-01 12:36:50,-2.250027815,8.827866931,4.053777064
2025-12-01 12:37:00,0.157630105,9.699874425,1.972599901
2025-12-01 12:37:10,2.576786577,9.182473883,0.585824551
2025-12-01 12:37:20,6.474539460,7.252623851,0.227786425
2025-12-01 12:37:30,8.488037473,4.777792258,-0.284857411
2025-12-01 12:37:40,7.415256966,6.249274345,-0.412688716
2025-12-01 12:37:50,8.855917039,4.292827953,0.501341332
2025-12-01 12:38:00,8.959909731,2.636552323,-3.215036992
2025-12-01 12:38:10,9.358585325,1.177071389,-2.341688533
2025-12-01 12:38:20,8.728395943,2.685634167,-3.367640651
2025-12-01 12:38:30,8.637819650,2.631397184,-4.189312228
2025-12-01 12:38:40,8.689335619,2.046261744,-4.281724084
2025-12-01 12:38:50,7.901342965,2.457878826,-5.145429661
2025-12-01 12:39:00,6.798938015,1.269217100,-6.590051182
2025-12-01 12:39:10,6.320314650,1.378538277,-7.704979094
2025-12-01 12:39:20,5.462635311,3.541289342,-7.323087437
2025-12-01 12:39:30,5.119560845,3.848337469,-8.037691973
2025-12-01 12:39:40,4.741506504,2.777833649,-8.204032381
2025-12-01 12:39:50,4.987925738,2.934318778,-7.977592280
2025-12-01 12:40:00,4.213088188,3.419974543,-8.380645850
2025-12-01 12:40:10,5.014210158,4.927814605,-6.779865887
2025-12-01 12:40:20,4.946325046,4.603973936,-6.946723221
2025-12-01 12:40:30,4.611698470,5.437193279,-6.289389674
2025-12-01 12:40:40,4.023121033,6.233133480,-6.670419958
2025-12-01 12:40:50,4.470794607,5.696707939,-6.546358813
2025-12-01 12:41:00,3.973096773,6.439742443,-6.024192479
2025-12-01 12:41:10,4.402360401,6.582911155,-5.903994188
2025-12-01 12:41:20,4.788879024,6.330471340,-6.169336406
2025-12-01 12:41:30,4.881607382,5.211078722,-6.205636024
2025-12-01 12:41:40,5.296764967,4.652244488,-6.575765098
2025-12-01 12:41:50,4.518374216,4.371813523,-7.207366115
2025-12-01 12:42:00,4.047043072,4.912936792,-7.743360876
2025-12-01 12:42:10,3.630311488,5.591166838,-7.188419024
2025-12-01 12:42:20,3.011066713,5.697862380,-7.346856417
2025-12-01 12:42:30,2.531044086,5.982370040,-7.194568190
2025-12-01 12:42:40,2.693532274,5.966767836,-7.235927502
2025-12-01 12:42:50,2.315129455,5.934283145,-7.619076218
2025-12-01 12:43:00,1.649645640,6.111156079,-7.340029838
2025-12-01 12:43:10,1.551919064,6.791916435,-7.371135966
2025-12-01 12:43:20,1.300380189,6.600423316,-7.413088642
2025-12-01 12:43:30,1.355190760,6.589569340,-7.274657483
2025-12-01 12:43:40,1.874810095,6.837294436,-6.643713664
2025-12-01 12:43:50,2.566967860,6.550751267,-7.049961643
2025-12-01 12:44:00,3.383240486,5.306220953,-7.357858865
2025-12-01 12:44:10,3.945989181,5.671285269,-6.784675731
2025-12-01 12:44:20,4.872486236,4.880991992,-6.939656107
2025-12-01 12:44:30,4.874236145,5.308249281,-6.651404946
2025-12-01 12:44:40,4.763076638,4.987351214,-6.977219736
2025-12-01 12:44:50,5.443159333,4.297383749,-6.876243504
2025-12-01 12:45:00,4.838938651,4.775589665,-6.762777740
2025-12-01 12:45:10,4.676026241,5.519746101,-6.637877063
2025-12-01 12:45:20,5.097919440,4.972018725,-6.704149315
2025-12-01 12:45:30,4.778267708,4.731047597,-7.058602742
2025-12-01 12:45:40,5.256407982,5.318614269,-6.504948041
2025-12-01 12:45:50,5.136832238,6.041119734,-5.527307935
2025-12-01 12:46:00,5.571852546,5.275016112,-5.852462303
2025-12-01 12:46:10,5.193176483,5.597659853,-6.115518117
2025-12-01 12:46:20,5.309841996,5.984044240,-5.915482856
2025-12-01 12:46:30,4.685986002,5.914419955,-6.327691466
2025-12-01 12:46:40,5.431025155,5.069633723,-6.418645888
2025-12-01 12:46:50,5.293293441,4.808724885,-6.662857486
2025-12-01 12:47:00,5.794588627,4.910472572,-6.432723049
2025-12-01 12:47:10,5.878643724,4.864249346,-6.063434119
2025-12-01 12:47:20,6.249414720,5.224028817,-5.540101574
2025-12-01 12:47:30,6.127205796,5.167357347,-5.638320765
2025-12-01 12:47:40,6.742237679,4.071091580,-5.809653043
2025-12-01 12:47:50,6.440180193,4.294923341,-5.914836097
2025-12-01 12:48:00,6.315446317,4.200800922,-6.317739283
2025-12-01 12:48:10,5.902203966,3.811491245,-6.966555614
2025-12-01 12:48:20,6.171038829,3.653569601,-6.543276504
2025-12-01 12:48:30,6.307869121,3.727838484,-6.603527941
2025-12-01 12:48:40,5.450903117,4.134284349,-6.959119712
2025-12-01 12:48:50,5.341769376,3.574925982,-7.565299139
2025-12-01 12:49:00,5.037875828,3.130545776,-7.812743554
2025-12-01 12:49:10,4.358387658,3.001914464,-8.027454609
2025-12-01 12:49:20,4.904127830,3.468603083,-7.638071851
2025-12-01 12:49:30,5.771387288,3.653299886,-7.128042412
2025-12-01 12:49:40,5.697632386,3.779782162,-6.991053475
2025-12-01 12:49:50,6.300635537,3.537140611,-6.152113937
2025-12-01 12:50:00,6.836731818,3.561170493,-6.639475709
2025-12-01 12:50:10,6.239274833,4.098665906,-6.356839726
2025-12-01 12:50:20,4.928676192,5.067086938,-6.637274636
2025-12-01 12:50:30,4.833396728,6.032108231,-6.517197883
2025-12-01 12:50:40,4.933920188,5.965211471,-6.104724981
2025-12-01 12:50:50,4.863466600,6.709386829,-5.411507011
2025-12-01 12:51:00,4.231857460,5.627446001,-6.632716347
2025-12-01 12:51:10,4.038317875,6.223408793,-6.146574030
2025-12-01 12:51:20,5.526341568,6.779205582,-5.005772594
2025-12-01 12:51:30,5.709972982,5.825677345,-5.415617430
2025-12-01 12:51:40,5.831373179,4.997389147,-6.048182348
2025-12-01 12:51:50,6.363198957,5.279665863,-5.075417641
2025-12-01 12:52:00,5.554878227,6.751860445,-4.152650948
2025-12-01 12:52:10,6.306568724,6.528445475,-3.569354758
2025-12-01 12:52:20,6.053403651,6.128629129,-4.292746763
2025-12-01 12:52:30,6.120337644,6.342433570,-3.753147082
2025-12-01 12:52:40,7.115196659,6.393152935,-3.012823286
2025-12-01 12:52:50,7.341955744,5.600728321,-3.207858314
2025-12-01 12:53:00,8.289616033,4.506235203,-2.900969208
2025-12-01 12:53:10,8.785388880,3.892931581,-2.104190858
2025-12-01 12:53:20,8.762424935,4.484703201,-1.442132682
2025-12-01 12:53:30,8.211773389,4.939833345,-0.049025953
2025-12-01 12:53:40,8.610615660,4.596046342,1.368055391
2025-12-01 12:53:50,8.880867943,4.323675457,0.576017167
2025-12-01 12:54:00,8.051745181,5.616104277,1.253626608
2025-12-01 12:54:10,7.799721047,5.327152680,1.330618788
2025-12-01 12:54:20,8.200709181,5.235438775,1.169891254
2025-12-01 12:54:30,7.870858973,5.394113780,0.145089435
2025-12-01 12:54:40,8.178973947,5.818621404,-0.430359760
2025-12-01 12:54:50,7.684383017,6.440204023,-0.414204845
2025-12-01 12:55:00,7.836355581,6.039886997,-0.699937854
2025-12-01 12:55:10,7.816956882,6.403260552,0.084281471
2025-12-01 12:55:20,7.758604312,5.778771748,-0.283413521
2025-12-01 12:55:30,7.748679588,5.810696873,0.037427316
2025-12-01 12:55:40,7.669910505,6.104664032,-1.188526881
2025-12-01 12:55:50,8.160660736,5.283219847,-1.235623095
2025-12-01 12:56:00,8.394651989,4.899653597,-0.356070969
2025-12-01 12:56:10,8.832806207,4.313255751,-0.431845442
2025-12-01 12:56:20,8.749594857,4.375953280,-0.287329643
2025-12-01 12:56:30,8.764292575,3.866506497,-0.573371283
2025-12-01 12:56:40,9.271214472,3.104003898,-1.112306671
2025-12-01 12:56:50,9.353460403,2.842931897,-0.915136737
2025-12-01 12:57:00,9.310454464,2.968535106,-0.898500728
2025-12-01 12:57:10,9.078783471,3.644547624,-1.301377432
2025-12-01 12:57:20,8.876486816,4.249972192,-1.217517149
2025-12-01 12:57:30,8.335927021,4.596129610,-1.201591122
2025-12-01 12:57:40,8.149089517,4.468894525,-1.739780470
2025-12-01 12:57:50,8.374873664,4.989269246,-1.549105974
2025-12-01 12:58:00,8.056739667,4.856167651,-1.279717992
2025-12-01 12:58:10,8.478926153,4.946502490,-1.589225057
2025-12-01 12:58:20,8.104500169,4.745731258,-1.530921231
2025-12-01 12:58:30,8.469918420,4.971260456,-1.790335186
2025-12-01 12:58:40,8.260647609,4.980829390,-1.402790833
2025-12-01 12:58:50,8.251108317,5.392029756,-1.264051600
2025-12-01 12:59:00,8.224384182,5.353243161,-1.407090457
2025-12-01 12:59:10,7.921277637,5.730358405,-1.136600431
2025-12-01 12:59:20,8.136166967,5.623498623,-0.977537384
2025-12-01 12:59:30,8.320423854,5.375194550,-0.582321723
2025-12-01 12:59:40,8.432392918,5.313849249,-0.259888270
2025-12-01 12:59:50,8.181390581,5.466990838,0.275678163
2025-12-01 13:00:00,8.482105397,4.477395374,0.459759610
2025-12-01 13:00:10,8.219129459,5.188339227,1.210343808
2025-12-01 13:00:20,8.596387615,4.712184772,1.075820566
2025-12-01 13:00:30,8.680856783,4.015586290,1.950396060
2025-12-01 13:00:40,8.803591614,3.775514396,1.786241042
2025-12-01 13:00:50,8.988696635,2.683686703,1.916067148
2025-12-01 13:01:00,8.893641098,2.972451920,2.411998599
2025-12-01 13:01:10,9.038211885,2.858779106,2.182884493
2025-12-01 13:01:20,8.728173204,3.220500743,2.383836004
2025-12-01 13:01:30,8.554560153,3.483627117,2.930758879
2025-12-01 13:01:40,8.690710224,3.464937177,2.907381860
2025-12-01 13:01:50,8.576221267,3.766891685,3.025167831
2025-12-01 13:02:00,8.545186067,4.275453780,2.283154747
2025-12-01 13:02:10,8.672617946,3.764747313,2.375228627
2025-12-01 13:02:20,8.590089624,3.913159229,2.158334030
2025-12-01 13:02:30,8.576663993,4.308779477,1.746905222
2025-12-01 13:02:40,8.749381147,3.920071665,2.573724024
2025-12-01 13:02:50,8.706333954,3.933325766,2.722128905
2025-12-01 13:03:00,8.480118919,4.537272175,2.796361052
2025-12-01 13:03:10,8.245336550,4.584289146,2.870035037
2025-12-01 13:03:20,8.448434087,4.534079096,2.427447155
2025-12-01 13:03:30,8.184307770,4.572220499,2.178318190
2025-12-01 13:03:40,8.333579611,4.530055779,2.156749235
2025-12-01 13:03:50,8.361949750,4.467227565,1.790938539
2025-12-01 13:04:00,8.331527370,4.556293267,2.346510467
2025-12-01 13:04:10,8.366188267,4.457471632,2.310483845
2025-12-01 13:04:20,8.532469091,4.158499425,3.125652402
2025-12-01 13:04:30,7.940784644,3.642242170,4.010176698
2025-12-01 13:04:40,8.465286032,3.496850252,3.954546146
2025-12-01 13:04:50,8.471990007,3.246214855,4.135008339
2025-12-01 13:05:00,8.363610937,3.460079948,3.480858806
2025-12-01 13:05:10,8.719061760,2.915045781,3.037695040
2025-12-01 13:05:20,8.804985404,2.559713983,2.806996437
2025-12-01 13:05:30,9.248636324,2.136457699,2.580080023
2025-12-01 13:05:40,9.256163997,2.679966769,2.103696529
2025-12-01 13:05:50,8.978964867,3.009307748,2.134232234
2025-12-01 13:06:00,9.094887990,2.697396208,2.081404859
2025-12-01 13:06:10,8.955303637,2.708114515,2.364853209
2025-12-01 13:06:20,9.469629531,2.575060878,2.048571677
2025-12-01 13:06:30,9.008498740,3.076785680,2.257408905
2025-12-01 13:06:40,9.194228634,2.922203711,1.173702611
2025-12-01 13:06:50,9.389153819,2.318633528,1.320022140
2025-12-01 13:07:00,9.239614080,2.404655969,1.472361034
2025-12-01 13:07:10,9.647973194,1.859830128,1.479919066
2025-12-01 13:07:20,9.457260695,1.920178114,1.553578726
2025-12-01 13:07:30,9.715127147,1.444245048,1.547860661
2025-12-01 13:07:40,9.623225706,1.627652716,1.584606387
2025-12-01 13:07:50,9.481800094,2.204140607,0.981171925
2025-12-01 13:08:00,9.664710583,1.738614121,0.575867959
2025-12-01 13:08:10,9.631743613,1.866801778,0.590213587
2025-12-01 13:08:20,9.407353169,1.590758385,0.458925034
2025-12-01 13:08:30,9.496170199,1.214799471,0.589897382
2025-12-01 13:08:40,9.936285857,1.228851804,-0.048136636
2025-12-01 13:08:50,9.637937624,1.010400962,-0.413154258
2025-12-01 13:09:00,9.517470198,0.475821905,-0.438357847
2025-12-01 13:09:10,9.855150616,0.797993707,-0.256523658
2025-12-01 13:09:20,9.591279157,0.602956506,-0.244259082
2025-12-01 13:09:30,9.829444276,0.267700672,0.120269656
2025-12-01 13:09:40,9.701751805,0.786744379,0.221355018
2025-12-01 13:09:50,9.636266143,0.199593075,0.896708439
2025-12-01 13:10:00,9.695606633,0.417519692,1.242250195
2025-12-01 13:10:10,9.903785890,0.576066996,-0.320288206
2025-12-01 13:10:20,9.568550651,0.719862188,-0.592562342
2025-12-01 13:10:30,9.805701549,0.991262711,0.084135721
2025-12-01 13:10:40,9.630632807,0.810076733,-0.274102064
2025-12-01 13:10:50,9.730183619,0.815092188,0.423822070
2025-12-01 13:11:00,9.428128110,0.914287970,1.246617283
2025-12-01 13:11:10,9.758837408,1.863766370,0.890606952
2025-12-01 13:11:20,9.730789896,1.055343458,1.270726941
2025-12-01 13:11:30,9.646808400,1.558017180,1.518782592
2025-12-01 13:11:40,9.674602032,0.936849877,1.210328020
2025-12-01 13:11:50,9.441287656,0.644526352,1.471888165
2025-12-01 13:12:00,9.527453871,0.346170903,1.573496870
2025-12-01 13:12:10,9.510357836,0.788976374,1.327443221
2025-12-01 13:12:20,9.464413870,1.674808688,1.240976938
2025-12-01 13:12:30,9.222491298,2.136143137,1.883906065
2025-12-01 13:12:40,9.173195237,2.834403626,2.228484223
2025-12-01 13:12:50,9.519044855,1.973448975,1.985398265
2025-12-01 13:13:00,9.411246606,0.903851945,2.820380365
2025-12-01 13:13:10,9.500150290,0.186553181,2.867042885
2025-12-01 13:13:20,9.321438625,0.235951136,2.887962602
2025-12-01 13:13:30,9.283677774,0.255659900,2.664073646
2025-12-01 13:13:40,9.363587593,-0.460840802,2.817783629
2025-12-01 13:13:50,8.954021908,0.438138628,3.401377690
2025-12-01 13:14:00,9.388910543,-0.107596291,3.046619539
2025-12-01 13:14:10,9.345501294,-0.602347674,2.357433078
2025-12-01 13:14:20,9.386397428,-0.021833821,2.379150880
2025-12-01 13:14:30,9.180502592,-0.225309676,3.150654317
2025-12-01 13:14:40,9.344145241,0.202036371,3.404196728
2025-12-01 13:14:50,9.040731195,-0.128329838,3.058706497
2025-12-01 13:15:00,9.392369039,-0.625401665,2.270987663
2025-12-01 13:15:10,9.186802974,-1.188521547,2.626983942
2025-12-01 13:15:20,9.201849852,-0.997474866,2.909805520
2025-12-01 13:15:30,9.520814479,-1.231578544,2.186038097
2025-12-01 13:15:40,9.379390565,-0.569843738,2.685796930
2025-12-01 13:15:50,9.420749001,-1.237068533,2.503549537
2025-12-01 13:16:00,9.444720838,-1.915786852,2.315092716
2025-12-01 13:16:10,9.370725399,-1.361701359,1.431407525
2025-12-01 13:16:20,9.335648944,-1.858345946,1.726712780
2025-12-01 13:16:30,9.391827521,-1.838917135,2.495121127
2025-12-01 13:16:40,9.343972089,-1.000724138,2.244068898
2025-12-01 13:16:50,9.280643529,-1.250518811,2.717463235
2025-12-01 13:17:00,9.785363901,-1.258150831,2.050397319
2025-12-01 13:17:10,9.162401296,-0.722116641,2.756407181
2025-12-01 13:17:20,9.245190344,-0.944792202,3.163719046
2025-12-01 13:17:30,9.172336399,-1.598880499,3.038150224
2025-12-01 13:17:40,8.689360572,-1.377275034,3.858951858
2025-12-01 13:17:50,9.432000007,-1.622702180,3.146784401
2025-12-01 13:18:00,9.228227125,-1.630321195,3.087592761
2025-12-01 13:18:10,9.367432628,-1.599266816,3.341804518
2025-12-01 13:18:20,9.096657987,-1.196554300,3.163123262
2025-12-01 13:18:30,9.413636900,-1.248784782,2.676717255
2025-12-01 13:18:40,9.253079352,-2.309155879,1.952550688
2025-12-01 13:18:50,8.947325728,-2.570391601,2.468594336
2025-12-01 13:19:00,1.364159979,-1.735490800,6.921437378
2025-12-01 13:19:10,9.684001534,-3.635903946,3.503825206
2025-12-01 13:19:20,10.618188556,-3.413243310,4.256377521
2025-12-01 13:19:30,4.971551375,-3.672753042,2.904303403
2025-12-01 13:19:40,6.918868937,-4.418432120,5.400104681
2025-12-01 13:19:50,5.781929105,-4.566703928,7.766361068
2025-12-01 13:20:00,4.515103508,1.543030090,8.905022243
2025-12-01 13:20:10,8.801381973,-0.171951390,5.161716896
2025-12-01 13:20:20,8.745930934,3.793968859,1.119346196
2025-12-01 13:20:30,6.895371447,2.664997275,5.430484325
2025-12-01 13:20:40,-8.627316008,4.289000825,0.849664351
2025-12-01 13:20:50,-8.857611997,0.307352959,-2.272130754
2025-12-01 13:21:00,-8.461016064,-5.758711126,-3.427714904
2025-12-01 13:21:10,-8.737216558,-3.509193865,-4.202371695
2025-12-01 13:21:20,-4.604019187,0.747007123,-7.316803045
2025-12-01 13:21:30,-9.347762345,-1.057009684,-6.542097603
2025-12-01 13:21:40,-10.409646176,0.124697613,-1.885381865
2025-12-01 13:21:50,-7.043990001,7.205558014,-2.653063207
2025-12-01 13:22:00,-6.677255736,3.618521806,-2.617369852
2025-12-01 13:22:10,-6.607436807,7.978650828,-5.507248818
2025-12-01 13:22:20,2.592604337,7.926761390,-5.921918050
2025-12-01 13:22:30,6.641419932,6.290958029,-1.911868620
2025-12-01 13:22:40,0.969519956,6.016487836,-8.412988897
2025-12-01 13:22:50,2.317837740,5.000629816,-9.698939793
2025-12-01 13:23:00,1.917944574,7.635122707,-6.426430981
2025-12-01 13:23:10,-9.946984036,1.548977278,1.229034131
2025-12-01 13:23:20,-0.666943922,8.032095903,7.012906960
2025-12-01 13:23:30,0.024586105,6.988056364,2.696930779
2025-12-01 13:23:40,1.532356727,8.374610413,5.095514221
2025-12-01 13:23:50,2.588148683,7.736684446,0.480747879
2025-12-01 13:24:00,7.812335427,4.370136789,4.360084347
2025-12-01 13:24:10,5.146227749,7.063733720,-0.536518900
2025-12-01 13:24:20,5.345953001,9.709158919,0.194193856
2025-12-01 13:24:30,5.944025789,8.460673988,-2.157916022
2025-12-01 13:24:40,3.260091047,8.776991286,-2.124009808
2025-12-01 13:24:50,2.124974392,8.771105461,-2.174594403
2025-12-01 13:25:00,5.848720993,8.992840740,-3.355412690
2025-12-01 13:25:10,6.399768616,8.269655885,-3.699863760
2025-12-01 13:25:20,4.472721800,8.055964401,-1.588650147
2025-12-01 13:25:30,4.625719894,5.783856569,-3.455471463
2025-12-01 13:25:40,7.058011224,8.358399630,-3.558802254
2025-12-01 13:25:50,8.308788666,6.523246175,-2.251811115
2025-12-01 13:26:00,6.126238459,7.245870252,-4.501082405
2025-12-01 13:26:10,8.897819109,3.653043386,-6.363447731
2025-12-01 13:26:20,6.173799375,5.814836329,-4.898862440
2025-12-01 13:26:30,6.842704938,6.433238620,-1.657604595
2025-12-01 13:26:40,7.082803492,4.602184112,-5.043715560
2025-12-01 13:26:50,8.381325309,6.286566947,-1.878486097
2025-12-01 13:27:00,8.612217653,5.605776144,-2.393542002
2025-12-01 13:27:10,5.631017101,6.767575066,-3.051411341
2025-12-01 13:27:20,6.689362459,6.954413665,-4.759637831
2025-12-01 13:27:30,3.940136191,4.940582684,-7.746687058
2025-12-01 13:27:40,4.586116570,5.279402779,-5.109095186
2025-12-01 13:27:50,7.308375491,5.515904111,-3.786916913
2025-12-01 13:28:00,5.532619531,5.000101806,-4.754406826
2025-12-01 13:28:10,7.937558230,6.643888437,-5.217433203
2025-12-01 13:28:20,1.331457178,3.519630329,-3.212113835
2025-12-01 13:28:30,8.059253415,7.766759586,-3.475776012
2025-12-01 13:28:40,6.349057483,5.663828326,0.024719130
2025-12-01 13:28:50,5.806533622,5.074353956,-4.257873355
2025-12-01 13:29:00,7.416666406,5.639923827,0.733542053
2025-12-01 13:29:10,6.165943389,4.775901875,1.391814661
2025-12-01 13:29:20,6.957495716,4.966049016,1.239857899
2025-12-01 13:29:30,7.647796886,6.718309791,-1.651309191
2025-12-01 13:29:40,8.515067549,3.265096452,0.135691876
2025-12-01 13:29:50,7.446835758,6.337272203,0.013405471
2025-12-01 13:30:00,7.440481860,4.505744804,-0.531362220
2025-12-01 13:30:10,8.200843140,4.418874298,0.641167767
2025-12-01 13:30:20,6.740520286,7.266275413,0.503168092
2025-12-01 13:30:30,7.909100612,6.837820403,-0.785818785
2025-12-01 13:30:40,7.496407622,6.749379391,0.321477556
2025-12-01 13:30:50,7.002644185,6.839308313,0.074378404
2025-12-01 13:31:00,9.041171471,4.122268664,1.542213964
2025-12-01 13:31:10,6.655769645,3.961397807,-1.308570120
2025-12-01 13:31:20,7.592218450,2.708791127,1.996720592
2025-12-01 13:31:30,9.411812099,6.584997403,0.827086002
2025-12-01 13:31:40,7.313129478,6.536547074,4.597113826
2025-12-01 13:31:50,7.220140633,4.275383432,1.135319724
2025-12-01 13:32:00,6.483479459,3.548803238,-1.321561925
2025-12-01 13:32:10,8.615619667,5.618550326,4.112498293
2025-12-01 13:32:20,8.564955172,3.745243517,1.868559178
2025-12-01 13:32:30,9.462009951,6.790602932,0.049009001
2025-12-01 13:32:40,8.550616747,5.801693500,0.306364314
2025-12-01 13:32:50,7.215149397,4.096887712,2.190752404
2025-12-01 13:33:00,8.519390735,7.211558683,1.579171586
2025-12-01 13:33:10,7.326631452,3.869922741,0.994896470
2025-12-01 13:33:20,9.236975667,3.906602077,-0.116334219
2025-12-01 13:33:30,7.875881282,3.650656085,0.083597956
2025-12-01 13:33:40,11.062076791,0.584729179,-3.478141825
2025-12-01 13:33:50,7.753270567,4.499021493,-1.363728977
2025-12-01 13:34:00,10.311697601,2.925735222,-3.633030192
2025-12-01 13:34:10,7.761311685,2.837818229,-1.595955490
2025-12-01 13:34:20,8.663422449,2.797066437,-2.664451599
2025-12-01 13:34:30,10.172345730,3.448741475,-1.181880292
2025-12-01 13:34:40,11.435136440,5.518515372,-2.394360435
2025-12-01 13:34:50,9.285223474,1.824822277,-3.464787941
2025-12-01 13:35:00,8.189000206,2.914543366,-2.849585323
2025-12-01 13:35:10,11.554643481,3.869541542,-4.135475368
2025-12-01 13:35:20,9.634970832,4.872360198,-4.492816437
2025-12-01 13:35:30,8.186108741,2.363950838,-2.019501117
2025-12-01 13:35:40,10.194542714,-0.040206688,-4.097137344
2025-12-01 13:35:50,8.107908723,2.018379803,-1.184049063
2025-12-01 13:36:00,7.841086370,1.263454415,-0.298557766
2025-12-01 13:36:10,6.998658110,3.768105345,-2.497848883
2025-12-01 13:36:20,7.885170688,1.055553695,-3.211130171
2025-12-01 13:36:30,9.259759375,1.727288227,-2.650023543
2025-12-01 13:36:40,11.068808586,0.595015787,-3.922204284
2025-12-01 13:36:50,10.464069719,0.836158981,-3.272498037
2025-12-01 13:37:00,8.940679710,0.976458366,-3.600425409
2025-12-01 13:37:10,10.229565735,2.454234618,-4.844692138
2025-12-01 13:37:20,10.018808834,0.684057727,-2.546703514
2025-12-01 13:37:30,9.338328676,1.649878084,-0.981359182
2025-12-01 13:37:40,9.078899796,2.147861565,-4.114484125
2025-12-01 13:37:50,10.620533518,0.852280974,-4.732666809
2025-12-01 13:38:00,7.957051803,3.037916759,-2.993431078
2025-12-01 13:38:10,8.789834620,2.226392524,-4.422682559
2025-12-01 13:38:20,8.080674917,-0.536072098,-4.896154762
2025-12-01 13:38:30,10.805629191,0.701905591,-4.659832019
2025-12-01 13:38:40,7.321120153,2.028955708,-3.733789504
2025-12-01 13:38:50,8.722930105,2.834254085,-4.125116130
2025-12-01 13:39:00,8.314338334,0.069986028,-2.997625790
2025-12-01 13:39:10,9.104932929,-1.077501615,-4.832593831
2025-12-01 13:39:20,9.239042272,1.648050988,-4.615189125
2025-12-01 13:39:30,9.445939536,2.108187802,-6.012867254
2025-12-01 13:39:40,9.855815311,-0.279649300,-4.145355941
2025-12-01 13:39:50,7.502200219,1.786291462,-4.166424942
2025-12-01 13:40:00,7.853333571,1.746495697,-7.314997418
2025-12-01 13:40:10,8.825447362,1.069797903,-6.398359102
2025-12-01 13:40:20,6.927241668,2.062729254,-5.745594642
2025-12-01 13:40:30,10.083769768,0.912813656,-5.617802229
2025-12-01 13:40:40,8.854291696,1.343921213,-4.975856983
2025-12-01 13:40:50,8.178180538,1.086916200,-6.393092853
2025-12-01 13:41:00,7.239685928,-0.241599232,-4.512168189
2025-12-01 13:41:10,6.456049540,1.371339767,-5.310420769
2025-12-01 13:41:20,9.737213396,0.774017178,-7.253677372
2025-12-01 13:41:30,8.233483547,1.313805241,-5.790838855
2025-12-01 13:41:40,9.012179198,-0.002103497,-5.363821901
2025-12-01 13:41:50,7.007943028,-0.237445685,-4.138313177
2025-12-01 13:42:00,6.821756613,1.904838512,-6.179549670
2025-12-01 13:42:10,8.223829717,2.703652303,-4.727265843
2025-12-01 13:42:20,8.810312996,1.998010525,-3.915033011
2025-12-01 13:42:30,9.850670678,0.869519393,-2.936957094
2025-12-01 13:42:40,7.261449025,-1.445620372,-4.899697128
2025-12-01 13:42:50,8.231021759,1.828872729,-5.452842288
2025-12-01 13:43:00,9.800943669,-0.643758187,-4.920002446
2025-12-01 13:43:10,8.239279015,0.137304816,-6.082717675
2025-12-01 13:43:20,7.633044098,1.706547284,-7.048077496
2025-12-01 13:43:30,8.943537213,3.446010556,-4.784599397
2025-12-01 13:43:40,7.502489271,-1.344820062,-4.691660822
2025-12-01 13:43:50,8.597165379,1.560551588,-4.797552935
2025-12-01 13:44:00,8.127787090,2.350936047,-4.035991758
2025-12-01 13:44:10,8.320402142,1.773821514,-2.927924667
2025-12-01 13:44:20,9.331164325,3.598384839,-3.373441860
2025-12-01 13:44:30,10.056033327,1.240881446,-3.700855156
2025-12-01 13:44:40,10.292869455,1.845454595,-3.125341086
2025-12-01 13:44:50,9.016880446,2.339099745,-6.188630268
2025-12-01 13:45:00,10.999069843,2.624113465,-1.495133378
2025-12-01 13:45:10,9.535154662,1.859441532,-2.575611987
2025-12-01 13:45:20,8.359257371,1.406337589,-3.102481795
2025-12-01 13:45:30,10.405590253,1.504699831,-4.094430833
2025-12-01 13:45:40,8.560021761,1.223975064,-3.723306552
2025-12-01 13:45:50,8.488710087,1.625846819,-4.363285723
2025-12-01 13:46:00,7.348439755,0.542454270,-4.257854051
2025-12-01 13:46:10,8.993239848,0.961787629,-3.957466584
2025-12-01 13:46:20,8.001068287,4.556092986,-2.633494443
2025-12-01 13:46:30,8.631792107,1.708599100,-5.555471701
2025-12-01 13:46:40,6.345247206,2.615311035,-4.875394830
2025-12-01 13:46:50,9.650695175,2.470801187,-6.939685726
2025-12-01 13:47:00,9.682831427,2.459240192,-4.420261737
2025-12-01 13:47:10,6.962583461,2.102572434,-5.861467766
2025-12-01 13:47:20,7.770069320,1.583064117,-2.432733554
2025-12-01 13:47:30,9.224333208,4.019350754,-3.923647325
2025-12-01 13:47:40,10.755601511,4.009117214,-4.553115837
2025-12-01 13:47:50,8.840506400,2.003577358,-4.074300455
2025-12-01 13:48:00,8.423352683,2.535671248,-4.572290506
2025-12-01 13:48:10,7.413239044,1.228920796,-5.973291477
2025-12-01 13:48:20,8.005027295,0.227021484,-5.479920275
2025-12-01 13:48:30,9.862869523,1.958484556,-6.471443423
2025-12-01 13:48:40,6.647971847,1.873985790,-4.320615508
2025-12-01 13:48:50,7.186363672,3.654570823,-5.058610871
2025-12-01 13:49:00,6.554630864,3.992700042,-4.903755386
2025-12-01 13:49:10,9.864108485,4.809351670,-6.863372790
2025-12-01 13:49:20,8.135122122,3.786286293,-3.549729740
2025-12-01 13:49:30,7.272745674,3.054184083,-6.452116598
2025-12-01 13:49:40,9.001026124,1.259366329,-5.600377241
2025-12-01 13:49:50,6.997516728,3.762932274,-4.454849604
2025-12-01 13:50:00,9.083481751,1.375713900,-7.032589814
2025-12-01 13:50:10,8.449993243,3.054548259,-6.226133046
2025-12-01 13:50:20,7.288901137,3.405518324,-6.620735037
2025-12-01 13:50:30,9.261288181,2.066346085,-3.729023491
2025-12-01 13:50:40,7.758715294,4.049257213,-4.931959960
2025-12-01 13:50:50,9.762115113,3.812024302,-5.225151166
2025-12-01 13:51:00,8.715441518,3.002415294,-3.051648352
2025-12-01 13:51:10,8.407870066,4.843717427,-2.471295668
2025-12-01 13:51:20,8.152239239,3.825240096,-3.247962365
2025-12-01 13:51:30,8.406485945,2.271577857,-4.278696923
2025-12-01 13:51:40,7.780117542,2.969844391,-3.897367027
2025-12-01 13:51:50,8.949715493,4.351710141,-4.389646353
2025-12-01 13:52:00,-3.813640180,-8.597259729,-2.699404179
2025-12-01 13:52:10,-5.595155767,-5.124096833,6.120918199
2025-12-01 13:52:20,-4.935168042,-7.991661199,-2.648640376
2025-12-01 13:52:30,3.239606944,-8.923160754,2.660931375
2025-12-01 13:52:40,0.804351891,-9.351026066,-1.272062382
2025-12-01 13:52:50,-2.379726825,-9.244367307,-2.414340608
2025-12-01 13:53:00,-1.942259957,-9.285838115,-2.975238870
2025-12-01 13:53:10,0.255377162,-7.902968811,-5.458834701
2025-12-01 13:53:20,-1.548827214,-8.301660381,-5.278005902
2025-12-01 13:53:30,-0.724244831,-9.438118213,1.750800369
2025-12-01 13:53:40,0.797699803,-8.661083766,4.117867729
2025-12-01 13:53:50,-1.812700678,-9.553800526,1.312607651
2025-12-01 13:54:00,0.857848983,-9.136367322,3.481695908
2025-12-01 13:54:10,4.023798256,-8.052280549,3.728807776
2025-12-01 13:54:20,0.948495707,-7.496824641,6.064142512
2025-12-01 13:54:30,-4.447414545,-8.609886098,1.953002768
2025-12-01 13:54:40,-1.643946426,-9.653513125,-0.194873362
2025-12-01 13:54:50,3.259541736,-7.414523378,5.599126759
2025-12-01 13:55:00,-0.925217416,-7.665233748,6.017857597
2025-12-01 13:55:10,2.294266114,-7.484192308,6.187015472
2025-12-01 13:55:20,3.360082445,-5.779770403,6.730585177
2025-12-01 13:55:30,3.928859203,-7.322780308,5.068210012
2025-12-01 13:55:40,3.890504351,-7.851393439,4.859468680
2025-12-01 13:55:50,1.745691245,-8.183379384,5.036168465
2025-12-01 13:56:00,0.880931275,-8.713916129,4.075661583
2025-12-01 13:56:10,1.659500229,-8.339102510,4.484339673
2025-12-01 13:56:20,0.138003864,-8.684429887,4.443763127
2025-12-01 13:56:30,-0.140393596,-8.295936196,5.236691329
2025-12-01 13:56:40,-1.084288822,-8.925168481,4.189079157
2025-12-01 13:56:50,-0.227785357,-8.173167727,5.141547504
2025-12-01 13:57:00,-1.981866318,-8.329884532,5.291597575
2025-12-01 13:57:10,-2.452360165,-8.673921907,4.276980755
2025-12-01 13:57:20,-2.061568045,-8.035815299,5.112998992
2025-12-01 13:57:30,-1.785491149,-7.848598314,5.525008626
2025-12-01 13:57:40,-1.216053311,-8.220861969,5.308263503
2025-12-01 13:57:50,-1.423841467,-8.144681676,5.100863781
2025-12-01 13:58:00,-1.046832408,-8.878039361,4.062536854
2025-12-01 13:58:10,-1.011715740,-8.971456269,3.439834020
2025-12-01 13:58:20,-1.313657337,-8.793690406,4.176630011
2025-12-01 13:58:30,-0.284802511,-9.379541107,2.908242469
2025-12-01 13:58:40,0.940314305,-8.459255647,4.447872353
2025-12-01 13:58:50,1.816271289,-8.557398717,4.761971702
2025-12-01 13:59:00,0.572341374,-8.253918142,4.976971632
2025-12-01 13:59:10,1.339040078,-8.268089014,4.868747682
2025-12-01 13:59:20,1.292069327,-7.596615832,5.867283602
2025-12-01 13:59:30,0.854009634,-6.846405496,6.860199231
2025-12-01 13:59:40,0.238720824,-6.689526167,7.348492681
2025-12-01 13:59:50,1.268902921,-7.218581928,6.486069391
2025-12-01 14:00:00,1.041485968,-6.756050617,6.881853710
2025-12-01 14:00:10,1.497481825,-6.404135697,7.008572790
2025-12-01 14:00:20,0.827817164,-6.471785350,7.317792043
2025-12-01 14:00:30,0.988625305,-6.020447055,7.645282332
2025-12-01 14:00:40,1.469335339,-5.808282777,7.623573099
2025-12-01 14:00:50,2.235104894,-5.780733712,7.700164840
2025-12-01 14:01:00,3.448011560,-5.124678823,7.511864795
2025-12-01 14:01:10,2.322314945,-6.354811665,6.474711288
2025-12-01 14:01:20,2.206445507,-7.044914014,6.644897433
2025-12-01 14:01:30,1.334523900,-6.915621792,6.766147940
2025-12-01 14:01:40,2.450568946,-5.774354484,7.768671622
2025-12-01 14:01:50,2.231917655,-6.363815771,7.166181152
2025-12-01 14:02:00,1.204141787,-5.992732680,7.671259444
2025-12-01 14:02:10,-0.024314811,-6.328611365,7.477754943
2025-12-01 14:02:20,0.332185138,-6.605451099,6.889810149
2025-12-01 14:02:30,0.377262119,-7.688386867,5.565576215
2025-12-01 14:02:40,1.567008416,-8.191728006,5.596819533
2025-12-01 14:02:50,2.034017955,-7.645812880,5.861953991
2025-12-01 14:03:00,0.507159785,-7.595755039,5.876868183
2025-12-01 14:03:10,0.153499937,-7.181207446,6.534581819
2025-12-01 14:03:20,-0.015096767,-7.618947895,6.076527782
2025-12-01 14:03:30,0.489117006,-8.551192511,4.413026675
2025-12-01 14:03:40,0.352979173,-9.032636085,3.733910230
2025-12-01 14:03:50,4.085269924,-8.323624973,2.595581677
2025-12-01 14:04:00,4.761947014,-6.816130801,4.740300744
2025-12-01 14:04:10,4.056638868,-7.040424768,5.274600758
2025-12-01 14:04:20,4.890169135,-7.420136559,4.607539022
2025-12-01 14:04:30,4.366734636,-7.597457440,4.632778275
2025-12-01 14:04:40,5.353141265,-7.327798174,4.175968990
2025-12-01 14:04:50,6.099973224,-6.084355735,5.071189926
2025-12-01 14:05:00,5.473011422,-6.982969967,5.110567834
2025-12-01 14:05:10,6.264354098,-6.515700629,3.227803486
2025-12-01 14:05:20,7.061472462,-6.228525682,2.889334181
2025-12-01 14:05:30,6.831876474,-4.936083440,4.974610030
2025-12-01 14:05:40,6.092439465,-5.590648730,5.312153023
2025-12-01 14:05:50,6.305941677,-4.731859183,5.882463498
2025-12-01 14:06:00,6.553306891,-4.484009901,5.604067700
2025-12-01 14:06:10,7.495606104,-4.374438517,4.554130424
2025-12-01 14:06:20,7.662063225,-4.806146718,3.441302457
2025-12-01 14:06:30,8.043456868,-5.008393997,3.049666462
2025-12-01 14:06:40,8.928369923,-3.243835314,2.612638796
2025-12-01 14:06:50,8.984700535,-3.175656114,1.243473438
2025-12-01 14:07:00,9.519631055,-1.180043244,2.593897111
2025-12-01 14:07:10,9.452803395,-1.409614069,2.657332017
2025-12-01 14:07:20,8.883983360,-2.378506847,2.752535233
2025-12-01 14:07:30,9.081987855,-2.713655114,2.524559955
2025-12-01 14:07:40,9.077773956,-3.504046456,1.789726042
2025-12-01 14:07:50,9.438627295,-2.469608003,0.691210160
2025-12-01 14:08:00,9.379390014,-2.826855650,1.413491415
2025-12-01 14:08:10,9.314983795,-2.495643080,1.327528508
2025-12-01 14:08:20,9.149291835,-2.656618415,2.138326774
2025-12-01 14:08:30,9.388074358,-3.146834869,1.580283634
2025-12-01 14:08:40,9.497914207,-1.994277538,2.300229374
2025-12-01 14:08:50,9.565846401,-2.451871953,1.898487604
2025-12-01 14:09:00,9.458099161,-1.963812328,1.193900080
2025-12-01 14:09:10,9.564078700,-2.121050949,1.756910421
2025-12-01 14:09:20,9.056279214,-2.118114848,1.956731098
2025-12-01 14:09:30,9.406677321,-2.074815985,2.233807291
2025-12-01 14:09:40,9.285072409,-2.404236281,2.780767673
2025-12-01 14:09:50,9.129525191,-2.093836651,1.946115684
2025-12-01 14:10:00,9.239394731,-0.874305911,3.199912970
2025-12-01 14:10:10,9.257938793,-0.029871690,2.688488714
2025-12-01 14:10:20,9.459804200,-0.665607131,2.778096131
2025-12-01 14:10:30,8.886086053,-1.112425603,3.319978755
2025-12-01 14:10:40,9.229355758,-1.584382230,3.697279712
2025-12-01 14:10:50,8.943157208,-1.307099372,3.749275224
2025-12-01 14:11:00,8.581378056,-1.826136131,4.176889920
2025-12-01 14:11:10,8.498821953,-2.514030820,4.519912786
2025-12-01 14:11:20,8.470444196,-2.324809559,4.346017335
2025-12-01 14:11:30,8.146024376,-1.735516008,5.137835880
2025-12-01 14:11:40,8.371008393,-1.769645555,4.964027121
2025-12-01 14:11:50,7.954374649,-1.589784393,5.691487978
2025-12-01 14:12:00,7.801873416,-0.957800558,5.555258334
2025-12-01 14:12:10,7.792393454,-1.617093051,5.524823055
2025-12-01 14:12:20,7.924642063,-1.259562196,5.836320227
2025-12-01 14:12:30,6.969748805,-0.327153007,6.747023284
2025-12-01 14:12:40,7.656544273,-1.571460589,6.237327287
2025-12-01 14:12:50,8.108129857,-1.548723547,5.886087075
2025-12-01 14:13:00,8.084223092,-1.310245010,5.786048246
2025-12-01 14:13:10,7.697553334,-1.775831022,5.679552555
2025-12-01 14:13:20,7.371387051,-1.974893132,6.093522256
2025-12-01 14:13:30,6.830019264,-2.401592750,6.220402534
2025-12-01 14:13:40,7.031579540,-1.775129459,6.521426138
2025-12-01 14:13:50,6.657636832,-3.289160552,6.534033453
2025-12-01 14:14:00,6.324025226,-2.857292686,6.977967150
2025-12-01 14:14:10,5.849690202,-2.397002093,7.406248585
2025-12-01 14:14:20,6.504407323,-2.354383602,6.976059964
2025-12-01 14:14:30,6.767046026,-1.722785030,7.124968058
2025-12-01 14:14:40,6.811278698,-1.272574965,7.266712718
2025-12-01 14:14:50,7.185072596,-1.585875974,6.386255330
2025-12-01 14:15:00,7.571856026,-1.042347545,5.748981905
2025-12-01 14:15:10,7.939879112,-1.610590102,5.451127891
2025-12-01 14:15:20,7.794193516,-1.761871495,5.733872599
2025-12-01 14:15:30,7.823678269,-1.412010469,5.689583728
2025-12-01 14:15:40,8.091739102,-1.128939177,5.319961596
2025-12-01 14:15:50,7.854831571,-1.152172908,5.297795093
2025-12-01 14:16:00,8.622678887,-0.788775240,4.590316015
2025-12-01 14:16:10,8.478816153,-1.367830839,4.295970263
2025-12-01 14:16:20,8.999309920,-1.157877112,4.009014466
2025-12-01 14:16:30,8.793852409,-1.244182450,4.016032893
2025-12-01 14:16:40,9.086203541,-1.659220295,3.250946273
2025-12-01 14:16:50,9.274783619,-2.324015367,2.183627852
2025-12-01 14:17:00,9.581057015,-1.256960770,2.071822782
2025-12-01 14:17:10,9.381180533,-1.744275289,2.271320944
2025-12-01 14:17:20,9.709381400,-1.103558905,2.344660235
2025-12-01 14:17:30,9.632344443,-0.295607096,1.368250211
2025-12-01 14:17:40,9.740527702,0.794052956,1.559419623
2025-12-01 14:17:50,9.596761789,0.594187876,1.918135433
2025-12-01 14:18:00,9.834544641,-0.365195918,1.959171892
2025-12-01 14:18:10,9.973500527,0.508239138,-0.104575577
2025-12-01 14:18:20,9.606445637,0.528065073,-0.945586730
2025-12-01 14:18:30,9.602909238,0.924853030,-1.950237408
2025-12-01 14:18:40,9.598111370,-0.372454141,-1.846036874
2025-12-01 14:18:50,9.315021935,0.282670786,-2.271456663
2025-12-01 14:19:00,9.130030109,0.546114236,-3.060117293
2025-12-01 14:19:10,8.842775633,-0.024270098,-4.010405853
2025-12-01 14:19:20,8.751550414,0.641412045,-4.116607519
2025-12-01 14:19:30,8.786833065,-0.279790815,-4.266347605
2025-12-01 14:19:40,8.608000016,-0.768335278,-4.693109702
2025-12-01 14:19:50,8.535941798,-0.584349232,-4.609377107
2025-12-01 14:20:00,8.838543901,-1.095420435,-4.023614600
2025-12-01 14:20:10,9.094900224,-1.502117008,-3.181835114
2025-12-01 14:20:20,9.104309905,-0.851335596,-3.067125440
2025-12-01 14:20:30,8.647327501,-1.662482381,-4.168784684
2025-12-01 14:20:40,8.459529860,-1.533955942,-4.261936641
2025-12-01 14:20:50,8.866202674,-1.964233027,-3.549258199
2025-12-01 14:21:00,8.339354562,-1.855558343,-4.194891477
2025-12-01 14:21:10,8.851238463,-1.922413494,-3.409677557
2025-12-01 14:21:20,8.548107316,-3.271099853,-4.079697676
2025-12-01 14:21:30,9.214028411,-2.728676386,-2.790015540
2025-12-01 14:21:40,9.130350646,-2.504906065,-2.907887370
2025-12-01 14:21:50,8.828395362,-2.674053006,-3.186369495
2025-12-01 14:22:00,8.890903486,-2.105184842,-3.833755435
2025-12-01 14:22:10,9.091704355,-2.314048063,-2.644612938
2025-12-01 14:22:20,9.019355559,-2.935574517,-3.134632906
2025-12-01 14:22:30,8.770178207,-2.760296023,-3.352267047
2025-12-01 14:22:40,8.501584365,-3.090488791,-3.928106282
2025-12-01 14:22:50,8.179024181,-2.655928396,-4.257642578
2025-12-01 14:23:00,8.278296492,-2.172403055,-4.429522499
2025-12-01 14:23:10,8.213732553,-2.200514063,-4.636943126
2025-12-01 14:23:20,8.303570726,-2.766869213,-4.218633737
2025-12-01 14:23:30,8.501940978,-4.046536552,-3.618129218
2025-12-01 14:23:40,8.105312378,-4.666686514,-3.092803897
2025-12-01 14:23:50,8.192819716,-4.134380161,-3.296776564
2025-12-01 14:24:00,8.136585281,-4.186737105,-3.220840857
2025-12-01 14:24:10,8.170187347,-4.357264517,-2.835543740
2025-12-01 14:24:20,8.373164997,-4.481448546,-3.153397052
2025-12-01 14:24:30,8.098014984,-4.130850776,-3.713022937
2025-12-01 14:24:40,7.712653826,-4.288561424,-3.622068022
2025-12-01 14:24:50,8.178987814,-4.048836823,-3.563230725
2025-12-01 14:25:00,8.282467322,-3.794463019,-3.896189965
2025-12-01 14:25:10,8.660088130,-4.228527098,-3.112477619
2025-12-01 14:25:20,8.346230367,-4.450315584,-2.956038674
2025-12-01 14:25:30,8.749905024,-3.703465412,-3.281624671
2025-12-01 14:25:40,8.244157800,-3.338099724,-2.999597405
2025-12-01 14:25:50,8.737818489,-3.282775245,-2.361069155
2025-12-01 14:26:00,8.935514136,-2.671383949,-3.285593032
2025-12-01 14:26:10,8.843491304,-2.321441266,-3.106357259
2025-12-01 14:26:20,8.879351334,-2.564618418,-3.050247317
2025-12-01 14:26:30,8.544427213,-3.548364648,-3.702407102
2025-12-01 14:26:40,8.275928776,-3.756028034,-3.880918824
2025-12-01 14:26:50,7.701424008,-4.117276295,-4.618505217
2025-12-01 14:27:00,7.897121204,-4.499075775,-3.723265329
2025-12-01 14:27:10,7.528310764,-3.957569403,-4.230810461
2025-12-01 14:27:20,7.893898266,-4.648921270,-3.324888082
2025-12-01 14:27:30,8.510307866,-4.277295187,-3.267998296
2025-12-01 14:27:40,8.190259377,-4.470986629,-2.846081532
2025-12-01 14:27:50,8.152565646,-4.826147100,-2.816105470
2025-12-01 14:28:00,8.262093219,-4.193603060,-2.680953316
2025-12-01 14:28:10,8.031607867,-5.320007783,-2.901819572
2025-12-01 14:28:20,8.226683427,-5.390621154,-1.447880117
2025-12-01 14:28:30,8.233721004,-5.289270240,-1.078285828
2025-12-01 14:28:40,8.251748315,-5.126195804,-0.828334871
2025-12-01 14:28:50,7.790977539,-5.883756581,-0.190681849
2025-12-01 14:29:00,7.908378487,-5.892698003,-0.227056591
2025-12-01 14:29:10,7.077083367,-7.047006019,-0.465977615
2025-12-01 14:29:20,7.600347592,-6.412238149,-0.524346276
2025-12-01 14:29:30,7.449309727,-6.169515844,-1.874065657
2025-12-01 14:29:40,7.552000398,-6.106131629,-1.700460905
2025-12-01 14:29:50,7.425632018,-6.204087704,-1.027770683
2025-12-01 14:30:00,7.587660070,-6.032966344,-1.374547349
2025-12-01 14:30:10,8.102542740,-5.608564617,-1.201318748
2025-12-01 14:30:20,8.148366252,-5.434638687,-0.916070450
2025-12-01 14:30:30,8.027997485,-5.293622518,-0.867093351
2025-12-01 14:30:40,7.747950579,-6.073077345,-0.225200013
2025-12-01 14:30:50,6.370795729,-7.164281454,0.220628844
2025-12-01 14:31:00,6.589559725,-7.208670007,0.568294721
2025-12-01 14:31:10,6.212459963,-7.640031101,-0.183177622
2025-12-01 14:31:20,5.638186953,-8.004962508,0.196592780
2025-12-01 14:31:30,5.590551261,-7.930462153,-1.024867372
2025-12-01 14:31:40,6.105184118,-7.854669555,-1.462081185
2025-12-01 14:31:50,5.571563642,-7.812182765,-1.811981908
2025-12-01 14:32:00,5.451007568,-8.232234877,-1.599844134
2025-12-01 14:32:10,4.688702733,-8.473730481,-0.301896127
2025-12-01 14:32:20,4.722358351,-8.468498827,0.421127393
2025-12-01 14:32:30,4.438015379,-8.524854897,1.567401257
2025-12-01 14:32:40,4.102493834,-8.840301337,1.908727607
2025-12-01 14:32:50,3.957215355,-8.538224339,2.424675812
2025-12-01 14:33:00,4.078861216,-8.507590490,2.350594585
2025-12-01 14:33:10,4.158873141,-8.751723247,2.067824726
2025-12-01 14:33:20,2.786954625,-9.048667049,2.870014137
2025-12-01 14:33:30,1.890554314,-9.088505891,3.449759825
2025-12-01 14:33:40,1.258277216,-9.117536921,4.156924035
2025-12-01 14:33:50,0.583251750,-8.731626089,4.131258658
2025-12-01 14:34:00,0.105411068,-8.603378585,4.375368935
2025-12-01 14:34:10,0.462917588,-8.830135212,4.540518116
2025-12-01 14:34:20,0.878903382,-8.866433924,3.944997386
2025-12-01 14:34:30,0.940319519,-8.915197710,4.158029661
2025-12-01 14:34:40,2.040262956,-8.825724073,4.300312983
2025-12-01 14:34:50,1.858019800,-8.442386662,4.924693722
2025-12-01 14:35:00,0.468757914,-8.005408010,5.519313293
2025-12-01 14:35:10,-0.379579646,-7.678876437,5.983209360
2025-12-01 14:35:20,0.108095438,-7.928169998,6.427330199
2025-12-01 14:35:30,-0.774565729,-7.174381650,6.672365006
2025-12-01 14:35:40,-0.207548529,-6.952511260,7.023490811
2025-12-01 14:35:50,0.225710075,-6.994580220,6.994547918
2025-12-01 14:36:00,0.511387008,-6.785522316,6.762710200
2025-12-01 14:36:10,0.674951573,-6.714379369,7.510599500
2025-12-01 14:36:20,1.302881030,-6.666922167,7.490032250
2025-12-01 14:36:30,1.507896649,-7.077825503,6.664492476
2025-12-01 14:36:40,1.770116494,-6.990495718,6.369753139
2025-12-01 14:36:50,1.938594835,-7.612909051,6.228015390
2025-12-01 14:37:00,1.610728040,-7.445699358,6.244424342
2025-12-01 14:37:10,1.164356795,-7.236851207,6.291797615
2025-12-01 14:37:20,1.070690040,-7.858534283,5.799600298
2025-12-01 14:37:30,-0.413615784,-8.087844064,5.600609883
2025-12-01 14:37:40,0.423143634,-8.211072429,5.496249270
2025-12-01 14:37:50,1.814265230,-7.417235994,6.293168903
2025-12-01 14:38:00,2.273351140,-7.063863997,6.420893976
2025-12-01 14:38:10,1.998100212,-7.820832839,5.714648972
2025-12-01 14:38:20,1.190051761,-7.704159172,5.807338806
2025-12-01 14:38:30,0.754588997,-7.874058728,5.903146006
2025-12-01 14:38:40,1.136254688,-7.759035724,5.482474592
2025-12-01 14:38:50,1.206006465,-8.055344118,5.352284431
2025-12-01 14:39:00,0.949046448,-8.019608516,5.713047708
2025-12-01 14:39:10,-0.526172085,-8.136173840,5.442157714
2025-12-01 14:39:20,0.121748114,-8.470901752,5.169749591
2025-12-01 14:39:30,0.576077465,-8.575063364,5.221863968
2025-12-01 14:39:40,-0.406919983,-8.477279152,4.915928809
2025-12-01 14:39:50,0.287680115,-8.749503983,4.668105665
2025-12-01 14:40:00,0.533302983,-8.831699497,4.556375824
2025-12-01 14:40:10,-0.175281017,-8.557489348,5.210756295
2025-12-01 14:40:20,-0.846657578,-8.310676557,5.149113071
2025-12-01 14:40:30,-1.262421879,-8.358260019,5.046166524
2025-12-01 14:40:40,-0.435454821,-8.136412216,5.455837781
2025-12-01 14:40:50,-0.540791605,-7.793371045,5.670289561
2025-12-01 14:41:00,-0.936908352,-7.911583835,5.868225353
2025-12-01 14:41:10,-0.355550035,-8.208630374,5.717984447
2025-12-01 14:41:20,0.076764535,-7.838298231,5.334674112
2025-12-01 14:41:30,0.190573533,-8.668587041,5.394661877
2025-12-01 14:41:40,0.288054501,-8.421565657,4.888545951
2025-12-01 14:41:50,-0.810050914,-8.902616085,4.159606416
2025-12-01 14:42:00,-0.981295607,-8.829786938,4.243531046
2025-12-01 14:42:10,-0.658020113,-8.694955012,4.725110830
2025-12-01 14:42:20,-0.061793346,-8.255672506,5.538581791
2025-12-01 14:42:30,-0.054498561,-8.486384335,5.053945259
2025-12-01 14:42:40,-0.134432291,-8.339137468,5.301949937
2025-12-01 14:42:50,-0.778201323,-7.627186129,6.116637986
2025-12-01 14:43:00,-0.124620525,-7.594414486,6.406501440
2025-12-01 14:43:10,0.564669241,-6.875631564,6.601169479
2025-12-01 14:43:20,-0.041014892,-6.783343695,6.994051506
2025-12-01 14:43:30,0.696385469,-7.102293872,6.948817483
2025-12-01 14:43:40,1.120830423,-6.782128858,7.051539754
2025-12-01 14:43:50,1.270234403,-6.992070883,6.683848160
2025-12-01 14:44:00,1.411691032,-5.928497393,7.562416056
2025-12-01 14:44:10,0.885709449,-6.411928135,7.363471613
2025-12-01 14:44:20,0.835615023,-5.978387399,7.845487235
2025-12-01 14:44:30,-0.545753241,-6.725493849,7.627342510
2025-12-01 14:44:40,-0.548724352,-6.173801853,7.730391357
2025-12-01 14:44:50,-0.677419341,-6.115326391,7.647837737
2025-12-01 14:45:00,-0.680793495,-5.953783011,7.928421032
2025-12-01 14:45:10,0.003009444,-6.298351815,7.513551130
2025-12-01 14:45:20,-0.317447066,-5.657274653,7.772278694
2025-12-01 14:45:30,-0.660725757,-5.791511999,7.903317175
2025-12-01 14:45:40,-1.376604867,-6.597515237,7.613802840
2025-12-01 14:45:50,-0.708015852,-7.157821255,6.695819171
2025-12-01 14:46:00,-0.792175370,-6.871400148,6.801137399
2025-12-01 14:46:10,-0.923304742,-6.765498266,7.073384751
2025-12-01 14:46:20,-0.637245586,-6.930740265,6.932098249
2025-12-01 14:46:30,-0.675656825,-6.901178353,6.862905191
2025-12-01 14:46:40,-1.238080358,-6.596295559,7.323597310
2025-12-01 14:46:50,-0.819912574,-6.709356789,6.525336493
2025-12-01 14:47:00,-0.528289218,-6.829416908,6.776523604
2025-12-01 14:47:10,-0.645070557,-7.007121309,6.686517395
2025-12-01 14:47:20,-0.827211734,-6.644719397,6.971141712
2025-12-01 14:47:30,0.048398723,-6.838281012,7.084267056
2025-12-01 14:47:40,-0.079536856,-7.280232384,6.313229188
2025-12-01 14:47:50,0.066786126,-7.353997247,6.975998112
2025-12-01 14:48:00,-0.394988913,-7.288874040,6.812311056
2025-12-01 14:48:10,-0.257611571,-6.832737925,6.742675626
2025-12-01 14:48:20,-0.354885548,-7.017076008,6.636291978
2025-12-01 14:48:30,-0.843840819,-6.856902210,6.999797714
2025-12-01 14:48:40,-0.476514133,-7.059531039,6.963077467
2025-12-01 14:48:50,-0.523466229,-6.325321400,7.328784059
2025-12-01 14:49:00,-0.562465540,-6.903609005,6.887951434
2025-12-01 14:49:10,-0.913368547,-6.988344706,6.790523818
2025-12-01 14:49:20,-1.037015314,-7.031141498,6.381502118
2025-12-01 14:49:30,-1.310551045,-6.866670268,6.968518881
2025-12-01 14:49:40,-1.317258041,-7.256824760,6.773152629
2025-12-01 14:49:50,-1.537640793,-7.226066907,6.606670932
2025-12-01 14:50:00,-1.569808789,-6.831386769,6.848967394
2025-12-01 14:50:10,-1.950184013,-6.337731143,7.181300383
2025-12-01 14:50:20,-1.760515175,-6.689945630,7.047962698
2025-12-01 14:50:30,-1.888560815,-6.603025348,6.976211188
2025-12-01 14:50:40,-1.940201656,-6.571584029,7.001809199
2025-12-01 14:50:50,-1.591088946,-6.636317159,6.698300176
2025-12-01 14:51:00,-2.428675606,-6.057213901,7.236866860
2025-12-01 14:51:10,-2.460165857,-6.307017977,7.082408895
2025-12-01 14:51:20,-1.974648047,-6.401115526,7.150366088
2025-12-01 14:51:30,-2.342202800,-6.369143219,7.006462563
2025-12-01 14:51:40,-2.475937542,-6.367190599,6.857751685
2025-12-01 14:51:50,-2.128804062,-6.538213981,6.958333309
2025-12-01 14:52:00,-2.043297513,-6.426653971,7.135174105
2025-12-01 14:52:10,-1.675133735,-6.202681179,7.075883630
2025-12-01 14:52:20,-1.992047067,-6.556167375,7.014033105
2025-12-01 14:52:30,-2.045305077,-6.395650078,7.142214002
2025-12-01 14:52:40,-2.027702324,-6.410468516,6.875386944
2025-12-01 14:52:50,-2.693899197,-6.036791179,7.015989481
2025-12-01 14:53:00,-2.588205087,-6.154298506,7.069489312
2025-12-01 14:53:10,-2.737127912,-6.022547800,6.962079360
2025-12-01 14:53:20,-2.459719912,-5.804883572,7.358047799
2025-12-01 14:53:30,-2.404859583,-5.690334490,7.757439791
2025-12-01 14:53:40,-2.213671406,-5.370370952,7.587674722
2025-12-01 14:53:50,-2.335104532,-5.072944104,8.308324454
2025-12-01 14:54:00,-2.492960772,-5.168499714,7.956294920
2025-12-01 14:54:10,-2.848588651,-5.486332328,7.811722469
2025-12-01 14:54:20,-3.153530798,-5.099740090,7.630335703
2025-12-01 14:54:30,-3.342050541,-4.643002566,7.927597159
2025-12-01 14:54:40,-3.426287526,-4.743567364,7.650666853
2025-12-01 14:54:50,-3.722271140,-4.444288131,8.058991132
2025-12-01 14:55:00,-3.220873162,-4.343245137,8.158065878
2025-12-01 14:55:10,-3.686228828,-4.151250682,8.111120812
2025-12-01 14:55:20,-3.430041244,-3.716439152,8.407979273
2025-12-01 14:55:30,-3.478684253,-3.748899442,8.667719320
2025-12-01 14:55:40,-3.308244630,-4.055333145,8.151079743
2025-12-01 14:55:50,-3.596431501,-4.177155975,8.046067523
2025-12-01 14:56:00,-3.307441961,-3.830980721,8.323821211
2025-12-01 14:56:10,-3.698685791,-3.849397234,8.237149920
2025-12-01 14:56:20,-3.058711398,-4.024514143,8.328435651
2025-12-01 14:56:30,-3.666361736,-4.148733160,7.924371762
2025-12-01 14:56:40,-3.958049211,-4.063218586,7.905394821
2025-12-01 14:56:50,-3.730641114,-4.149538270,7.949599320
2025-12-01 14:57:00,-3.762125864,-4.642757747,7.712212681
2025-12-01 14:57:10,-4.152576805,-4.553101416,7.847431312
2025-12-01 14:57:20,-4.205931300,-4.595114655,7.600423792
2025-12-01 14:57:30,-4.007694474,-4.246030316,7.929685546
2025-12-01 14:57:40,-3.806136181,-4.202444397,8.097991888
2025-12-01 14:57:50,-4.043235641,-4.342824039,7.936003138
2025-12-01 14:58:00,-4.122106539,-4.246173697,8.057021948
2025-12-01 14:58:10,-4.531099317,-3.885649343,8.055150493
2025-12-01 14:58:20,-4.285975016,-3.995339051,7.797639339
2025-12-01 14:58:30,-4.510748402,-3.242176771,8.089845623
2025-12-01 14:58:40,-4.237966870,-3.579777420,8.100042351
2025-12-01 14:58:50,-4.056006558,-3.157821020,8.299914019
2025-12-01 14:59:00,-4.278188231,-3.471399402,8.201304959
2025-12-01 14:59:10,-4.348243448,-3.103265855,8.148016960
2025-12-01 14:59:20,-4.838361686,-2.823569475,7.951660507
2025-12-01 14:59:30,-5.595040614,-2.529812628,7.485298658
2025-12-01 14:59:40,-5.085595539,-2.859849377,7.826385209
2025-12-01 14:59:50,-5.433026091,-2.736911195,7.615232099
2025-12-01 15:00:00,-5.173487074,-2.984577941,7.816991284
2025-12-01 15:00:10,-6.007904554,-3.099433782,7.141303951
2025-12-01 15:00:20,-6.528474494,-2.776530079,7.074458453
2025-12-01 15:00:30,-6.253698709,-2.784739957,6.690930641
2025-12-01 15:00:40,-6.350350200,-3.446667766,6.819115927
2025-12-01 15:00:50,-6.284367348,-3.365490492,6.484613456
2025-12-01 15:01:00,-6.124335071,-3.282287570,6.583965086
2025-12-01 15:01:10,-6.222740457,-2.797204713,7.165746735
2025-12-01 15:01:20,-6.321687462,-2.610685306,6.970128527
2025-12-01 15:01:30,-6.059825299,-3.041612690,7.081297997
2025-12-01 15:01:40,-6.131216519,-3.585222569,6.916316141
2025-12-01 15:01:50,-5.759588243,-3.151140547,7.253836969
2025-12-01 15:02:00,-5.811660973,-3.444850835,7.008324837
2025-12-01 15:02:10,-5.829416009,-4.113824595,6.688178430
2025-12-01 15:02:20,-6.252911298,-3.198457630,6.816757809
2025-12-01 15:02:30,-6.658506959,-2.656135257,6.778804688
2025-12-01 15:02:40,-6.619308849,-2.753636281,6.796381350
2025-12-01 15:02:50,-6.674058564,-2.794531967,6.751196110
2025-12-01 15:03:00,-6.476443166,-2.841467711,6.736882252
2025-12-01 15:03:10,-6.536605820,-3.320517084,6.463187520
2025-12-01 15:03:20,-6.347233405,-3.220284403,6.380840520
2025-12-01 15:03:30,-6.739417565,-3.449493505,6.465705405
2025-12-01 15:03:40,-6.830996697,-3.570261339,6.383749166
2025-12-01 15:03:50,-6.614769917,-3.327508256,6.368636649
2025-12-01 15:04:00,-6.661433549,-3.198298730,6.431540446
2025-12-01 15:04:10,-6.847774493,-2.677433373,6.741675847
2025-12-01 15:04:20,-6.439811430,-3.026416089,6.378014457
2025-12-01 15:04:30,-6.453295160,-3.194820906,6.688128988
2025-12-01 15:04:40,-6.914620101,-2.786550093,6.435040736
2025-12-01 15:04:50,-6.539075901,-3.127711321,6.370851558
2025-12-01 15:05:00,-6.937901592,-2.977110428,6.537398115
2025-12-01 15:05:10,-6.985489836,-2.994090727,6.132920362
2025-12-01 15:05:20,-7.301004349,-2.514100140,6.151977978
2025-12-01 15:05:30,-6.912440510,-2.897724254,6.168941484
2025-12-01 15:05:40,-6.734607890,-3.033212249,6.469881337
2025-12-01 15:05:50,-6.647497118,-2.950360333,6.540014797
2025-12-01 15:06:00,-6.395237066,-3.076248386,6.939090785
2025-12-01 15:06:10,-6.651788134,-2.544876370,6.817146558
2025-12-01 15:06:20,-6.496268936,-2.986415740,6.934903098
2025-12-01 15:06:30,-6.501891776,-2.994414781,6.531643567
2025-12-01 15:06:40,-6.388996531,-2.853093367,6.642238148
2025-12-01 15:06:50,-6.426967568,-3.245890814,6.834541338
2025-12-01 15:07:00,-6.097662743,-2.891707068,6.964815474
2025-12-01 15:07:10,-5.976233220,-2.760102482,7.199890361
2025-12-01 15:07:20,-6.042768167,-2.896312982,7.499373533
2025-12-01 15:07:30,-6.151326466,-2.618698487,7.046503206
2025-12-01 15:07:40,-6.421516199,-2.493511748,7.290297652
2025-12-01 15:07:50,-6.245164249,-1.921977560,7.254448026
2025-12-01 15:08:00,-6.360334872,-2.332636520,7.328103848
2025-12-01 15:08:10,-5.760950549,-2.185936112,7.772458854
2025-12-01 15:08:20,-6.104253483,-2.367377265,7.433790439
2025-12-01 15:08:30,-6.247397216,-2.470663027,7.256716182
2025-12-01 15:08:40,-6.174682149,-2.155397254,7.478271312
2025-12-01 15:08:50,-5.877236120,-1.865678755,7.465684638
2025-12-01 15:09:00,-5.914998336,-2.287203083,6.986203190
2025-12-01 15:09:10,-5.869819218,-2.315846988,7.763880402
2025-12-01 15:09:20,-6.059308217,-1.853638777,7.560766200
2025-12-01 15:09:30,-5.944469085,-2.362392970,7.552342448
2025-12-01 15:09:40,-5.749309719,-2.881028244,7.325282075
2025-12-01 15:09:50,-5.872288686,-2.659662492,7.536992715
2025-12-01 15:10:00,-5.777352997,-3.398174685,7.218894971
2025-12-01 15:10:10,-5.306295103,-2.887794198,7.773910912
2025-12-01 15:10:20,-5.838443975,-3.196175684,7.293670333
2025-12-01 15:10:30,-5.111391800,-3.939729385,7.382597486
2025-12-01 15:10:40,-4.570739267,-4.349750009,7.178654227
2025-12-01 15:10:50,-4.453389980,-4.320944112,7.303135983
2025-12-01 15:11:00,-4.503976886,-4.621486154,7.137089624
2025-12-01 15:11:10,-5.052251861,-4.757707041,6.982380433
2025-12-01 15:11:20,-4.646276995,-4.871832927,7.270954426
2025-12-01 15:11:30,-4.450318940,-4.918581966,7.279717501
2025-12-01 15:11:40,-5.091095053,-4.566724749,7.182060875
2025-12-01 15:11:50,-4.705966856,-4.433084821,7.244901971
2025-12-01 15:12:00,-4.995861191,-4.604449977,7.201260444
2025-12-01 15:12:10,-4.824588612,-4.513684681,7.245930770
2025-12-01 15:12:20,-4.366397531,-4.429215311,7.622657880
2025-12-01 15:12:30,-4.574441584,-4.235465617,7.599203250
2025-12-01 15:12:40,-4.399425485,-3.993081496,7.676701265
2025-12-01 15:12:50,-4.905800284,-3.542872657,7.828370394
2025-12-01 15:13:00,-4.848134147,-3.366700950,7.841035389
2025-12-01 15:13:10,-4.878838543,-3.363834711,8.064718365
2025-12-01 15:13:20,-4.372226090,-3.758623375,7.701276805
2025-12-01 15:13:30,-4.004785111,-3.456223691,8.235368609
2025-12-01 15:13:40,-4.296711333,-3.723653780,8.301095745
2025-12-01 15:13:50,-4.217719751,-3.661493047,8.136354943
2025-12-01 15:14:00,-4.256765463,-3.720416733,7.631467792
2025-12-01 15:14:10,-5.326423630,-4.051837716,7.459487967
2025-12-01 15:14:20,-5.037000937,-3.671977911,7.360788089
2025-12-01 15:14:30,-5.128961654,-3.690434861,7.623906686
2025-12-01 15:14:40,-4.991340740,-3.669558108,8.077487486
2025-12-01 15:14:50,-4.862620539,-3.360356118,7.755247626
2025-12-01 15:15:00,-4.944289937,-3.159488695,7.815406682
2025-12-01 15:15:10,-4.802793842,-3.130310955,7.910370797
2025-12-01 15:15:20,-4.254278769,-2.972401702,8.183310566
2025-12-01 15:15:30,-4.863034946,-3.002505935,7.694997314
2025-12-01 15:15:40,-4.501397195,-2.923726495,7.890782556
2025-12-01 15:15:50,-4.324829568,-3.093366657,8.111592760
2025-12-01 15:16:00,-4.513114393,-3.210919470,8.129364645
2025-12-01 15:16:10,-4.498965710,-2.913866497,8.141510567
2025-12-01 15:16:20,-4.724628925,-3.378514306,7.842558223
2025-12-01 15:16:30,-4.398231989,-2.997363463,8.050315314
2025-12-01 15:16:40,-4.569391662,-2.726235496,8.380954557
2025-12-01 15:16:50,-4.303422771,-2.897821782,8.320282240
2025-12-01 15:17:00,-4.395075185,-2.813643805,8.343804227
2025-12-01 15:17:10,-4.550426992,-3.081462178,8.049881674
2025-12-01 15:17:20,-4.221061652,-3.725335410,8.035963506
2025-12-01 15:17:30,-4.205512054,-3.797921022,8.023678079
2025-12-01 15:17:40,-4.177897916,-4.021378142,7.922917420
2025-12-01 15:17:50,-4.612737675,-3.819268918,8.007048170
2025-12-01 15:18:00,-4.897196559,-3.983185432,7.523749751
2025-12-01 15:18:10,-4.357998926,-3.929171313,7.648966013
2025-12-01 15:18:20,-4.469272836,-4.276708893,7.419438087
2025-12-01 15:18:30,-4.825233369,-4.959204673,7.303913732
2025-12-01 15:18:40,-5.050913435,-4.997619342,6.780087514
2025-12-01 15:18:50,-4.935325746,-4.813694108,6.965564933
2025-12-01 15:19:00,-5.320141187,-4.561893817,6.892660397
2025-12-01 15:19:10,-5.254038876,-5.191555560,6.848043727
2025-12-01 15:19:20,-4.922750308,-5.162453994,6.835891094
2025-12-01 15:19:30,-4.982945571,-4.805135063,6.718656525
2025-12-01 15:19:40,-4.883422135,-5.016432901,6.643263447
2025-12-01 15:19:50,-5.447956052,-4.601784306,6.749222463
2025-12-01 15:20:00,-5.495302242,-4.477731269,6.652707081
2025-12-01 15:20:10,-5.570009367,-4.503559508,6.964014292
2025-12-01 15:20:20,-5.323089021,-4.852868286,6.646347045
2025-12-01 15:20:30,-5.075071353,-4.661316648,7.038749389
2025-12-01 15:20:40,-5.144281115,-4.480665208,6.754920355
2025-12-01 15:20:50,-5.098699601,-5.089175818,6.755761086
2025-12-01 15:21:00,-5.148446366,-5.131066343,6.755950865
2025-12-01 15:21:10,-5.256031913,-4.850291691,6.912245616
2025-12-01 15:21:20,-5.023888036,-4.610638314,6.887407767
2025-12-01 15:21:30,-5.165362503,-4.898295397,6.721801498
2025-12-01 15:21:40,-5.551900708,-5.067926455,6.396249919
2025-12-01 15:21:50,-5.804071323,-4.638416811,6.559247719
2025-12-01 15:22:00,-5.573845919,-4.989431253,6.225795039
2025-12-01 15:22:10,-5.911386999,-4.636857970,6.259866625
2025-12-01 15:22:20,-5.983531714,-4.332905903,6.334937455
2025-12-01 15:22:30,-6.403046711,-4.542046041,6.458548912
2025-12-01 15:22:40,-5.781930761,-4.578649801,6.701304405
2025-12-01 15:22:50,-5.583985124,-4.693811669,6.217313834
2025-12-01 15:23:00,-5.664551846,-4.772669125,6.306723280
2025-12-01 15:23:10,-5.504550870,-5.156675785,6.181294797
2025-12-01 15:23:20,-5.846484586,-4.970468665,5.863302493
2025-12-01 15:23:30,-5.883114673,-5.117479734,5.891842974
2025-12-01 15:23:40,-5.741892074,-5.572845053,5.802263422
2025-12-01 15:23:50,-5.334009980,-5.280449322,5.970466498
2025-12-01 15:24:00,-5.525020363,-5.108962444,6.164530135
2025-12-01 15:24:10,-5.237857089,-5.199848160,6.388755734
2025-12-01 15:24:20,-5.045047345,-5.324044331,6.294207833
2025-12-01 15:24:30,-4.931855567,-5.978346770,5.959763805
2025-12-01 15:24:40,-5.317967939,-5.773287265,6.182753191
2025-12-01 15:24:50,-5.251767770,-5.604067778,6.211519530
2025-12-01 15:25:00,-5.634348967,-5.619093077,6.064819812
2025-12-01 15:25:10,-5.789828365,-5.227362015,5.843295217
2025-12-01 15:25:20,-5.620624585,-5.083205957,5.999572822
2025-12-01 15:25:30,-5.696927998,-5.458146169,5.862097408
2025-12-01 15:25:40,-6.192657413,-5.002127794,5.701446630
2025-12-01 15:25:50,-6.133750613,-4.751023625,5.579722414
2025-12-01 15:26:00,-5.938396907,-4.830203149,5.945689843
2025-12-01 15:26:10,-6.007940586,-4.744525721,5.745928872
2025-12-01 15:26:20,-6.280659878,-4.771899710,5.615330413
2025-12-01 15:26:30,-6.282716603,-5.020728047,5.447003773
2025-12-01 15:26:40,-6.206346649,-5.447231629,5.180458383
2025-12-01 15:26:50,-6.627977086,-4.989742539,5.418582260
2025-12-01 15:27:00,-6.458880319,-5.311558048,5.167423464
2025-12-01 15:27:10,-6.029742184,-5.304563177,5.294696184
2025-12-01 15:27:20,-6.481821553,-5.649339753,5.153119477
2025-12-01 15:27:30,-6.522442819,-5.811192533,4.668738153
2025-12-01 15:27:40,-6.365838381,-5.577198400,5.234465917
2025-12-01 15:27:50,-6.176280890,-5.493060557,5.188652336
2025-12-01 15:28:00,-6.656797467,-5.280449141,4.889403281
2025-12-01 15:28:10,-6.933261896,-5.213169035,4.660177796
2025-12-01 15:28:20,-6.420585316,-5.313386315,5.089968059
2025-12-01 15:28:30,-6.627264623,-4.954319319,4.789258986
2025-12-01 15:28:40,-7.157962457,-5.046414371,4.836638741
2025-12-01 15:28:50,-6.781096893,-5.225994507,4.647050689
2025-12-01 15:29:00,-6.970523902,-4.779285443,5.147671925
2025-12-01 15:29:10,-7.147145889,-4.898851391,4.961263978
2025-12-01 15:29:20,-7.171176947,-4.891265549,4.925615179
2025-12-01 15:29:30,-6.796224196,-4.689459807,5.130096749
2025-12-01 15:29:40,-6.768079174,-4.866624416,5.222359773
2025-12-01 15:29:50,-7.317632230,-4.733252094,4.971885209
2025-12-01 15:30:00,-6.935895035,-5.163240115,4.846626308
2025-12-01 15:30:10,-7.291954549,-4.820938229,4.430330875
2025-12-01 15:30:20,-7.528093924,-5.074319747,3.991697776
2025-12-01 15:30:30,-7.396920723,-5.182859586,3.923940487
2025-12-01 15:30:40,-7.209838561,-4.955032252,4.092254773
2025-12-01 15:30:50,-6.984974370,-5.051942911,4.509289060
2025-12-01 15:31:00,-7.104398156,-5.315475668,4.503028432
2025-12-01 15:31:10,-6.594916647,-5.659784961,4.849858339
2025-12-01 15:31:20,-6.665724623,-5.421133084,4.788492647
2025-12-01 15:31:30,-6.584494945,-5.092034208,5.093205816
2025-12-01 15:31:40,-6.557895624,-4.971090444,4.957567139
2025-12-01 15:31:50,-6.645509911,-5.115288637,5.010797183
2025-12-01 15:32:00,-6.381472704,-5.118063717,5.069492650
2025-12-01 15:32:10,-7.253990657,-4.347219283,4.667357009
2025-12-01 15:32:20,-7.391705131,-4.564137734,4.709688059
2025-12-01 15:32:30,-7.330928790,-4.420459135,4.595391521
2025-12-01 15:32:40,-6.928545855,-4.973556551,4.413042862
2025-12-01 15:32:50,-7.129514298,-5.299687609,4.784405307
2025-12-01 15:33:00,-7.157778859,-4.995179800,4.705132296
2025-12-01 15:33:10,-7.072140795,-4.892747776,5.049963755
2025-12-01 15:33:20,-6.977598504,-4.874488968,4.689659735
2025-12-01 15:33:30,-6.823867575,-4.931493017,4.852370364
2025-12-01 15:33:40,-7.003247470,-5.283473448,4.619099314
2025-12-01 15:33:50,-6.880249572,-5.321740665,4.694700070
2025-12-01 15:34:00,-7.403615555,-4.906819841,4.109863593
2025-12-01 15:34:10,-7.039667198,-4.766142865,4.707744503
2025-12-01 15:34:20,-7.258219100,-4.459985371,4.536107362
2025-12-01 15:34:30,-7.262611197,-4.766592611,4.569343735
2025-12-01 15:34:40,-6.903424012,-4.708668677,4.855055936
2025-12-01 15:34:50,-6.826951371,-4.744198572,5.151336303
2025-12-01 15:35:00,-6.835808449,-5.278073981,4.581981647
2025-12-01 15:35:10,-7.412784022,-4.240127829,5.097778900
2025-12-01 15:35:20,-7.381000224,-4.061257441,4.484702999
2025-12-01 15:35:30,-7.261709082,-4.200313165,5.078524781
2025-12-01 15:35:40,-7.180161149,-4.064232546,5.336846759
2025-12-01 15:35:50,-7.026155079,-4.405794057,5.693573221
2025-12-01 15:36:00,-6.757284693,-4.043676762,5.588062981
2025-12-01 15:36:10,-6.738319736,-3.747138635,6.042340364
2025-12-01 15:36:20,-6.391043573,-3.749558197,6.277806605
2025-12-01 15:36:30,-6.566844335,-3.723365057,6.120537238
2025-12-01 15:36:40,-6.126131335,-4.149666593,6.686675316
2025-12-01 15:36:50,-6.397343684,-3.960551279,6.175478899
2025-12-01 15:37:00,-6.301936754,-3.268434199,6.891672002
2025-12-01 15:37:10,-6.572910876,-3.744959400,6.439685680
2025-12-01 15:37:20,-6.239413319,-4.166903778,6.104576764
2025-12-01 15:37:30,-6.514330300,-4.411080304,5.743905253
2025-12-01 15:37:40,-6.539896418,-4.281265158,6.020965397
2025-12-01 15:37:50,-6.867157424,-4.233111847,6.169783943
2025-12-01 15:38:00,-6.496712046,-3.939557433,6.090680549
2025-12-01 15:38:10,-6.602271524,-3.897693725,5.986232988
2025-12-01 15:38:20,-6.431548132,-4.139541965,6.048010426
2025-12-01 15:38:30,-6.731255017,-4.314674743,6.088721619
2025-12-01 15:38:40,-6.575057577,-4.310842073,5.787647903
2025-12-01 15:38:50,-6.600332070,-3.991447182,6.019918470
2025-12-01 15:39:00,-6.896562043,-3.909456246,5.905395442
2025-12-01 15:39:10,-6.645286629,-4.073421178,5.926391410
2025-12-01 15:39:20,-7.134999931,-4.391066340,5.399075561
2025-12-01 15:39:30,-7.097258533,-4.141351798,5.196095304
2025-12-01 15:39:40,-7.062572858,-4.250433672,5.278625492
2025-12-01 15:39:50,-7.009499164,-4.135646350,5.802634858
2025-12-01 15:40:00,-6.924500408,-4.422003964,5.719550308
2025-12-01 15:40:10,-6.811657411,-4.534146380,5.367811706
2025-12-01 15:40:20,-7.013515283,-4.296030026,5.559797195
2025-12-01 15:40:30,-7.228724745,-4.109026203,5.254632090
2025-12-01 15:40:40,-7.282850565,-4.026424336,5.608789738
2025-12-01 15:40:50,-6.928912321,-4.130491700,5.611797997
2025-12-01 15:41:00,-6.753721449,-4.378391432,5.997541919
2025-12-01 15:41:10,-6.276982085,-4.073708904,6.158990402
2025-12-01 15:41:20,-6.358765143,-4.125886472,5.947434096
2025-12-01 15:41:30,-6.545786438,-3.688266836,6.193600529
2025-12-01 15:41:40,-6.389780880,-4.026112778,6.428956342
2025-12-01 15:41:50,-5.743460619,-4.308912152,6.270209558
2025-12-01 15:42:00,-6.112570269,-4.161538804,6.188425050
2025-12-01 15:42:10,-6.012856084,-4.689391015,6.482449751
2025-12-01 15:42:20,-6.388259091,-4.475712751,6.025540561
2025-12-01 15:42:30,-6.020845672,-4.679637796,6.041415717
2025-12-01 15:42:40,-6.373726447,-4.408801628,6.058288592
2025-12-01 15:42:50,-6.395071966,-4.266311023,5.882021603
2025-12-01 15:43:00,-6.691154771,-3.989179026,6.028475678
2025-12-01 15:43:10,-6.494193772,-3.830563073,5.797176343
2025-12-01 15:43:20,-6.789126203,-3.507875778,6.109936526
2025-12-01 15:43:30,-6.366762656,-3.676754016,5.644260333
2025-12-01 15:43:40,-6.898461988,-4.333584493,5.722181075
2025-12-01 15:43:50,-6.920019871,-4.173165876,5.632356375
2025-12-01 15:44:00,-6.211454834,-4.322967650,6.252879451
2025-12-01 15:44:10,-6.100985430,-4.254463049,6.387571989
2025-12-01 15:44:20,-6.126203638,-4.222140309,6.091630917
2025-12-01 15:44:30,-6.540744072,-4.127891108,6.171546035
2025-12-01 15:44:40,-6.017426816,-4.517715730,6.424911926
2025-12-01 15:44:50,-5.863959926,-4.102528899,6.259066976
2025-12-01 15:45:00,-5.816622806,-4.347910286,6.599997521
2025-12-01 15:45:10,-6.027597296,-3.742745210,6.546038123
2025-12-01 15:45:20,-5.676491528,-4.228402827,6.530417597
2025-12-01 15:45:30,-5.984925521,-4.198334429,6.309924668
2025-12-01 15:45:40,-6.096567116,-4.261177757,6.485554817
2025-12-01 15:45:50,-5.982526320,-4.265970307,6.880568537
2025-12-01 15:46:00,-5.481102053,-4.565146887,6.381448078
2025-12-01 15:46:10,-6.048479655,-4.687323880,6.090019743
2025-12-01 15:46:20,-5.614512845,-5.008650796,6.145196372
2025-12-01 15:46:30,-5.763346064,-4.722860375,6.337584438
2025-12-01 15:46:40,-6.106003379,-4.817381081,6.167401849
2025-12-01 15:46:50,-5.963228266,-4.274437595,6.022110524
2025-12-01 15:47:00,-6.217095620,-4.344861319,6.416774752
2025-12-01 15:47:10,-6.191383313,-4.513112382,6.230312696
2025-12-01 15:47:20,-6.012433077,-4.116983301,6.225181377
2025-12-01 15:47:30,-6.403039935,-3.729521338,6.620089494
2025-12-01 15:47:40,-6.545663523,-3.297929732,6.462407533
2025-12-01 15:47:50,-6.447614832,-3.237136525,6.671239637
2025-12-01 15:48:00,-6.234223330,-3.779100312,6.600051944
2025-12-01 15:48:10,-6.416593210,-4.215352929,6.453147236
2025-12-01 15:48:20,-6.692914640,-3.966720588,6.217005891
2025-12-01 15:48:30,-6.560998843,-3.952260048,5.969378330
2025-12-01 15:48:40,-6.936976624,-4.121864780,5.521515636
2025-12-01 15:48:50,-6.860433436,-4.196541765,5.609038622
2025-12-01 15:49:00,-7.114005986,-4.516485947,5.220095701
2025-12-01 15:49:10,-6.821031657,-4.573181493,5.434730409
2025-12-01 15:49:20,-6.919007564,-4.736695335,4.730415073
2025-12-01 15:49:30,-6.677683156,-4.679746147,5.308291288
2025-12-01 15:49:40,-7.064845613,-4.956326483,5.116587775
2025-12-01 15:49:50,-7.087070055,-4.757364675,5.111622431
2025-12-01 15:50:00,-7.166178972,-4.678440780,4.727085359
2025-12-01 15:50:10,-7.379339209,-4.235038654,4.968454048
2025-12-01 15:50:20,-7.076720085,-4.445842797,4.934634359
2025-12-01 15:50:30,-7.154970335,-4.372169078,4.935592948
2025-12-01 15:50:40,-7.042275954,-4.529488293,4.986254185
2025-12-01 15:50:50,-7.089552644,-4.732962941,5.295286108
2025-12-01 15:51:00,-6.511852609,-4.849358909,5.262824240
2025-12-01 15:51:10,-6.743762941,-4.915916765,5.048574088
2025-12-01 15:51:20,-6.377812389,-5.590814477,5.139852275
2025-12-01 15:51:30,-6.017293492,-5.901659968,4.940070488
2025-12-01 15:51:40,-5.733829097,-6.085913848,5.065552815
2025-12-01 15:51:50,-5.968224167,-6.376237407,4.694445996
2025-12-01 15:52:00,-5.303543968,-6.410404815,5.085078122
2025-12-01 15:52:10,-5.010433429,-6.873106982,4.671872242
2025-12-01 15:52:20,-5.364839724,-6.436870164,5.135363367
2025-12-01 15:52:30,-5.708041942,-6.304540361,5.028662995
2025-12-01 15:52:40,-5.675378645,-6.033954500,4.914715436
2025-12-01 15:52:50,-5.627261891,-5.873396326,5.072850372
2025-12-01 15:53:00,-5.537548780,-6.076920366,5.323642092
2025-12-01 15:53:10,-4.861035860,-6.403554995,5.569768555
2025-12-01 15:53:20,-4.675950835,-6.205342715,5.943045182
2025-12-01 15:53:30,-4.902154219,-6.153887087,6.109748522
2025-12-01 15:53:40,-4.804168064,-6.221485541,5.795619853
2025-12-01 15:53:50,-4.835656494,-5.942119837,5.844649791
2025-12-01 15:54:00,-4.148432708,-6.663333321,5.759116237
2025-12-01 15:54:10,-4.028265830,-6.703848422,5.698156445
2025-12-01 15:54:20,-4.841386549,-6.438857339,5.677889353
2025-12-01 15:54:30,-4.570488231,-6.412978814,5.931426202
2025-12-01 15:54:40,-4.409595886,-6.259006647,6.208060728
2025-12-01 15:54:50,-4.415933966,-6.646909227,6.074261873
2025-12-01 15:55:00,-3.846466142,-6.770767611,5.805068590
2025-12-01 15:55:10,-4.614311837,-6.126035589,6.256995519
2025-12-01 15:55:20,-4.931711427,-6.366602140,5.752340943
2025-12-01 15:55:30,-5.408631738,-6.198675422,5.276817026
2025-12-01 15:55:40,-4.831540808,-6.140293232,5.965503715
2025-12-01 15:55:50,-5.174810639,-6.266546369,5.250636857
2025-12-01 15:56:00,-5.358939323,-5.831975247,5.529508722
2025-12-01 15:56:10,-5.654262540,-5.986228144,5.362106011
2025-12-01 15:56:20,-6.137180040,-6.109083008,4.795000334
2025-12-01 15:56:30,-6.455048511,-5.763672610,4.813395119
2025-12-01 15:56:40,-6.056332098,-6.288052645,4.898876308
2025-12-01 15:56:50,-6.382323782,-6.208493909,4.135408481
2025-12-01 15:57:00,-6.780568387,-6.063887409,4.527525056
2025-12-01 15:57:10,-5.969489036,-6.388826093,3.907221928
2025-12-01 15:57:20,-6.202879501,-6.570596823,4.299397659
2025-12-01 15:57:30,-6.454886003,-6.256737945,3.470693390
2025-12-01 15:57:40,-6.473707688,-6.004661266,3.869651589
2025-12-01 15:57:50,-6.925457555,-5.726070959,3.725734177
2025-12-01 15:58:00,-6.709854003,-5.705281718,4.381992480
2025-12-01 15:58:10,-6.602462186,-5.716530651,4.553558786
2025-12-01 15:58:20,-6.222454366,-6.130232790,4.527996751
2025-12-01 15:58:30,-5.708678776,-6.041130801,4.770256654
2025-12-01 15:58:40,-5.530822473,-6.360627247,4.814817629
2025-12-01 15:58:50,-5.389164383,-6.648621923,4.959007411
2025-12-01 15:59:00,-4.980459224,-7.000969448,4.611055753
2025-12-01 15:59:10,-5.210357377,-6.358628022,4.562685074
2025-12-01 15:59:20,-5.188797936,-6.595725894,5.160687924
2025-12-01 15:59:30,-4.676716910,-6.572790471,5.111119322
2025-12-01 15:59:40,-4.615660694,-6.468266867,5.774201677
2025-12-01 15:59:50,-4.652610476,-6.314883333,5.963206626
2025-12-01 16:00:00,-4.634656166,-6.173394560,5.895089215
2025-12-01 16:00:10,-4.418500337,-5.886544614,6.487170074
2025-12-01 16:00:20,-4.927618837,-5.709822361,6.392982934
2025-12-01 16:00:30,-5.196756887,-6.147756549,6.075920140
2025-12-01 16:00:40,-5.247166947,-5.428011321,6.170329443
2025-12-01 16:00:50,-5.763278529,-5.513827898,5.890378728
2025-12-01 16:01:00,-5.645734254,-5.415136286,5.870119608
2025-12-01 16:01:10,-5.873402624,-4.919597017,6.012837232
2025-12-01 16:01:20,-5.323373238,-4.985347811,6.459951462
2025-12-01 16:01:30,-5.126728592,-5.220007986,6.540027891
2025-12-01 16:01:40,-4.917928109,-5.598644554,6.632811696
2025-12-01 16:01:50,-5.096654799,-5.200552836,6.546946005
2025-12-01 16:02:00,-4.694340189,-5.250979240,6.912655369
2025-12-01 16:02:10,-4.391851220,-4.675711605,6.964945875
2025-12-01 16:02:20,-4.260112884,-5.054303060,7.125658204
2025-12-01 16:02:30,-3.943674332,-5.263778952,7.315560737
2025-12-01 16:02:40,-4.106897863,-4.781222392,7.653358710
2025-12-01 16:02:50,-4.380814421,-4.315190258,7.614277636
2025-12-01 16:03:00,-3.428352688,-4.689025427,7.807766811
2025-12-01 16:03:10,-3.722047260,-4.929464209,7.604013823
2025-12-01 16:03:20,-3.640876418,-4.951827140,7.516682083
2025-12-01 16:03:30,-3.558782324,-5.414712463,7.414405560
2025-12-01 16:03:40,-3.491211016,-5.246296196,7.416120239
2025-12-01 16:03:50,-3.520583738,-5.280677126,7.166563950
2025-12-01 16:04:00,-3.062352882,-5.545232508,7.356271584
2025-12-01 16:04:10,-3.581919380,-5.574661715,6.884448448
2025-12-01 16:04:20,-3.376712020,-6.094055977,6.968249692
2025-12-01 16:04:30,-4.135133897,-5.650777553,6.925241582
2025-12-01 16:04:40,-3.403238996,-5.300206949,7.126523366
2025-12-01 16:04:50,-3.813209035,-5.467352504,6.872004037
2025-12-01 16:05:00,-3.387275570,-5.590432548,7.403647264
2025-12-01 16:05:10,-3.099213390,-5.380028737,7.410989137
2025-12-01 16:05:20,-2.900739566,-5.398058269,7.590554679
2025-12-01 16:05:30,-3.303099348,-5.433376133,7.392993844
2025-12-01 16:05:40,-3.029737368,-5.314749195,7.372846561
2025-12-01 16:05:50,-3.872072708,-5.175705446,7.250214617
2025-12-01 16:06:00,-3.632648026,-5.484362932,7.300661749
2025-12-01 16:06:10,-3.440933088,-5.242425551,7.597829156
2025-12-01 16:06:20,-3.534935438,-5.269314773,7.500287296
2025-12-01 16:06:30,-4.199531674,-4.550518306,7.428445486
2025-12-01 16:06:40,-4.158006510,-4.705705485,7.725649880
2025-12-01 16:06:50,-4.577507505,-4.265266716,7.414496182
2025-12-01 16:07:00,-4.008269952,-4.001891056,8.011853094
2025-12-01 16:07:10,-3.842005651,-3.776202737,8.135134509
2025-12-01 16:07:20,-3.704703672,-3.970844384,8.101877373
2025-12-01 16:07:30,-3.822368723,-4.181319845,7.940011604
2025-12-01 16:07:40,-4.063983624,-3.558273225,8.072500397
2025-12-01 16:07:50,-3.956270479,-3.559415796,8.483540772
2025-12-01 16:08:00,-4.711199091,-2.937524388,8.070167339
2025-12-01 16:08:10,-4.904893762,-2.902204434,8.248847628
2025-12-01 16:08:20,-4.699671184,-2.537772064,8.421396110
2025-12-01 16:08:30,-4.603304644,-2.737764222,8.230979224
2025-12-01 16:08:40,-4.488976369,-2.835048893,7.951702363
2025-12-01 16:08:50,-4.553327687,-3.320560665,8.257277906
2025-12-01 16:09:00,-4.047345351,-3.391394327,8.227542320
2025-12-01 16:09:10,-4.248722513,-3.394885990,8.099005587
2025-12-01 16:09:20,-4.558518104,-3.322892388,7.932738373
2025-12-01 16:09:30,-4.566430063,-3.145892603,8.299522716
2025-12-01 16:09:40,-3.958633960,-3.556826838,8.049841037
2025-12-01 16:09:50,-3.665999664,-3.149443751,8.393278013
2025-12-01 16:10:00,-4.138665613,-3.709617787,8.281753457
2025-12-01 16:10:10,-3.903606866,-3.822669674,7.947149603
2025-12-01 16:10:20,-4.356096010,-4.217084136,7.687612763
2025-12-01 16:10:30,-4.236627835,-4.327096673,7.779024267
2025-12-01 16:10:40,-4.425953496,-4.027684129,7.944662877
2025-12-01 16:10:50,-4.713952647,-4.191304468,7.660691491
2025-12-01 16:11:00,-4.903793827,-4.163865283,7.780072788
2025-12-01 16:11:10,-5.338243697,-3.895365662,7.695255480
2025-12-01 16:11:20,-5.425304135,-4.026660084,7.399037746
2025-12-01 16:11:30,-5.163056836,-4.175254078,7.370654711
2025-12-01 16:11:40,-5.124674508,-4.289969141,7.167953480
2025-12-01 16:11:50,-4.898161900,-4.357185304,7.337763573
2025-12-01 16:12:00,-4.852753233,-4.478760509,7.208587379
2025-12-01 16:12:10,-4.544140539,-4.664694189,7.061292067
2025-12-01 16:12:20,-4.314579332,-5.302370608,7.000281124
2025-12-01 16:12:30,-4.207318675,-5.179655203,7.056592493
2025-12-01 16:12:40,-4.576503692,-4.734986444,6.917599001
2025-12-01 16:12:50,-5.535161514,-4.103048688,6.966046872
2025-12-01 16:13:00,-5.633616457,-4.321472828,6.887226793
2025-12-01 16:13:10,-5.607905166,-4.209409193,6.731657717
2025-12-01 16:13:20,-6.001047965,-4.230797673,6.857218643
2025-12-01 16:13:30,-6.207210499,-4.299308841,6.085124639
2025-12-01 16:13:40,-6.530458447,-4.339316825,5.933714857
2025-12-01 16:13:50,-5.802866238,-4.473956848,6.053587125
2025-12-01 16:14:00,-6.235915359,-4.349971018,5.961846141
2025-12-01 16:14:10,-6.067467525,-4.559882549,6.128764170
2025-12-01 16:14:20,-6.055550350,-3.898822591,6.874024897
2025-12-01 16:14:30,-6.439524141,-4.013473250,6.524544172
2025-12-01 16:14:40,-6.501787686,-3.554947616,6.329594484
2025-12-01 16:14:50,-7.039850054,-3.687748675,5.894672338
2025-12-01 16:15:00,-6.705122496,-3.633416169,6.341369726
2025-12-01 16:15:10,-6.119788700,-4.076444851,6.619233144
2025-12-01 16:15:20,-6.278847794,-3.665273684,6.531924901
2025-12-01 16:15:30,-6.763959725,-3.627627747,6.136317305
2025-12-01 16:15:40,-6.930198506,-3.646685111,6.010669804
2025-12-01 16:15:50,-6.624564764,-3.748646216,6.425436614
2025-12-01 16:16:00,-6.045767832,-3.627136474,6.488522772
2025-12-01 16:16:10,-6.339478249,-3.633361588,6.743728559
2025-12-01 16:16:20,-6.183446807,-3.763290131,6.690194677
2025-12-01 16:16:30,-5.839956331,-3.525443128,7.308303428
2025-12-01 16:16:40,-5.693248726,-4.183914404,6.865023063
2025-12-01 16:16:50,-6.422345562,-3.735025553,6.970963598
2025-12-01 16:17:00,-6.516503789,-3.918543974,6.438605021
2025-12-01 16:17:10,-6.417940805,-3.813318868,6.454586292
2025-12-01 16:17:20,-5.964600905,-3.734338591,6.819608289
2025-12-01 16:17:30,-5.824816958,-2.835410050,7.375239822
2025-12-01 16:17:40,-5.994917516,-2.716182552,7.386945221
2025-12-01 16:17:50,-5.889938742,-2.550882739,7.313869369
2025-12-01 16:18:00,-6.351579039,-2.740828708,7.153357858
2025-12-01 16:18:10,-6.260729497,-2.974441122,6.924749421
2025-12-01 16:18:20,-6.312954447,-2.627439155,7.049579385
2025-12-01 16:18:30,-6.784558599,-2.088859681,7.120317431
2025-12-01 16:18:40,-6.612520513,-2.400050704,6.874210321
2025-12-01 16:18:50,-6.493502989,-2.671061528,6.846724776
2025-12-01 16:19:00,-6.376064245,-3.121360318,6.945717425
2025-12-01 16:19:10,-6.241912159,-2.937385492,6.830043585
2025-12-01 16:19:20,-6.128589784,-2.799329649,6.838660580
2025-12-01 16:19:30,-5.873544269,-2.728079048,7.295153709
2025-12-01 16:19:40,-6.225101305,-2.205980436,7.518472228
2025-12-01 16:19:50,-5.977548768,-2.331177872,7.307822159
2025-12-01 16:20:00,-5.762742717,-2.526791856,7.430372617
2025-12-01 16:20:10,-5.622262450,-2.343079764,7.794330443
2025-12-01 16:20:20,-5.603965842,-2.202659010,7.692260415
2025-12-01 16:20:30,-5.449804374,-2.428330401,7.674837745
2025-12-01 16:20:40,-6.032101853,-2.580133925,7.464374855
2025-12-01 16:20:50,-5.435838745,-2.693748055,7.526547554
2025-12-01 16:21:00,-5.778797253,-2.646908838,7.808973283
2025-12-01 16:21:10,-5.926120371,-2.442147883,7.874544857
2025-12-01 16:21:20,-5.743926193,-2.393191896,7.573076820
2025-12-01 16:21:30,-5.604131328,-2.710085960,7.122394988
2025-12-01 16:21:40,-6.029754921,-2.392986700,7.503942236
2025-12-01 16:21:50,-5.942416864,-2.595308932,7.593956754
2025-12-01 16:22:00,-5.787724308,-2.910702290,7.418372307
2025-12-01 16:22:10,-5.783045138,-2.795173813,7.671827549
2025-12-01 16:22:20,-5.382809001,-2.678260324,7.934217714
2025-12-01 16:22:30,-5.131876377,-2.617364079,7.980887906
2025-12-01 16:22:40,-5.354190617,-2.648301371,7.567296052
2025-12-01 16:22:50,-5.516715435,-2.491801734,7.834654239
2025-12-01 16:23:00,-5.158387961,-2.613149634,7.869983882
2025-12-01 16:23:10,-5.491771730,-2.431542559,7.841165905
2025-12-01 16:23:20,-5.486944762,-2.482609389,7.430738341
2025-12-01 16:23:30,-5.755496692,-2.389868370,7.625190536
2025-12-01 16:23:40,-5.550611951,-2.551600882,8.015730413
2025-12-01 16:23:50,-5.561572165,-2.062140890,8.031578950
2025-12-01 16:24:00,-5.165522203,-1.598434833,8.126135441
2025-12-01 16:24:10,-5.007491904,-1.779825188,7.988604182
2025-12-01 16:24:20,-4.924956368,-1.784180760,8.385609342
2025-12-01 16:24:30,-4.955075413,-2.127599271,8.420328210
2025-12-01 16:24:40,-5.044765577,-1.758210263,8.263072331
2025-12-01 16:24:50,-5.017801161,-1.786845739,8.435026536
2025-12-01 16:25:00,-5.172043426,-1.669060658,8.362759244
2025-12-01 16:25:10,-5.022935368,-1.345362453,8.593272750
2025-12-01 16:25:20,-4.772620951,-1.322401005,8.482885032
2025-12-01 16:25:30,-4.975281822,-1.357731654,8.420441508
2025-12-01 16:25:40,-4.672038207,-0.954099972,8.683601542
2025-12-01 16:25:50,-4.647028216,-1.710480575,8.258006156
2025-12-01 16:26:00,-4.830164917,-1.925795511,8.505458673
2025-12-01 16:26:10,-4.569669184,-2.003401890,8.266073045
2025-12-01 16:26:20,-4.788528426,-2.248601932,8.323537479
2025-12-01 16:26:30,-4.625064696,-2.143657525,8.358299351
2025-12-01 16:26:40,-5.005531994,-1.956208306,8.357586517
2025-12-01 16:26:50,-5.137521313,-2.277852077,8.320480390
2025-12-01 16:27:00,-4.856895699,-2.411201239,8.261259978
2025-12-01 16:27:10,-4.812527479,-2.265441972,8.443841863
2025-12-01 16:27:20,-4.617806598,-2.406495622,8.223829266
2025-12-01 16:27:30,-4.593227953,-1.818388992,8.531316151
2025-12-01 16:27:40,-4.568488356,-1.535484383,8.644169006
2025-12-01 16:27:50,-4.746913186,-1.421169872,8.403262956
2025-12-01 16:28:00,-4.718362848,-1.773517849,8.315900967
2025-12-01 16:28:10,-4.717858777,-1.462683503,8.531351540
2025-12-01 16:28:20,-4.673197662,-2.058208575,8.499061377
2025-12-01 16:28:30,-4.421105479,-2.135956015,8.495851215
2025-12-01 16:28:40,-4.164828788,-2.533284025,8.661192076
2025-12-01 16:28:50,-4.034511913,-3.122490416,8.619784854
2025-12-01 16:29:00,-3.563497503,-3.421500636,8.449802036
2025-12-01 16:29:10,-3.877388980,-3.462824506,8.066119511
2025-12-01 16:29:20,-3.910281784,-3.676058360,8.064341352
2025-12-01 16:29:30,-3.451847579,-4.081914686,7.938441369
2025-12-01 16:29:40,-3.494508939,-4.033040734,8.092594123
2025-12-01 16:29:50,-3.906035034,-4.177352142,8.260281056
2025-12-01 16:30:00,-3.688144503,-4.634465821,7.552441934
2025-12-01 16:30:10,-3.753530685,-4.874384532,7.657310730
2025-12-01 16:30:20,-4.168587024,-4.262980359,7.795432333
2025-12-01 16:30:30,-3.978062461,-4.190956825,8.067570156
2025-12-01 16:30:40,-3.874019829,-4.341811034,7.821293362
2025-12-01 16:30:50,-3.755244580,-4.582814660,7.678331149
2025-12-01 16:31:00,-3.416291180,-4.568442922,7.718682475
2025-12-01 16:31:10,-3.450781572,-4.857005118,7.701886633
2025-12-01 16:31:20,-3.535317037,-4.842249228,7.562006636
2025-12-01 16:31:30,-3.567039054,-4.894574176,7.496264237
2025-12-01 16:31:40,-4.325830511,-4.957116975,7.379951300
2025-12-01 16:31:50,-3.702743779,-5.135019892,7.676480838
2025-12-01 16:32:00,1.411224066,-7.683408595,6.551798055
2025-12-01 16:32:10,-4.977842357,-2.105365828,8.014695573
2025-12-01 16:32:20,-8.459350186,-1.456504878,5.209599798
2025-12-01 16:32:30,-6.703398099,-6.569157888,0.843664412
2025-12-01 16:32:40,-5.310382794,-7.798953324,1.476045450
2025-12-01 16:32:50,-6.065285185,-6.603878772,3.473985925
2025-12-01 16:33:00,-1.416201362,-8.935880793,3.408578069
2025-12-01 16:33:10,1.229615368,-7.265090601,6.143166583
2025-12-01 16:33:20,-1.152817130,-7.614166364,5.789040732
2025-12-01 16:33:30,3.815783974,-7.826927084,4.924495195
2025-12-01 16:33:40,4.315432620,-7.136484790,4.843399855
2025-12-01 16:33:50,7.667163453,-5.911073976,3.973605059
2025-12-01 16:34:00,5.087066055,-5.004774592,6.535521985
2025-12-01 16:34:10,4.875001600,-3.457716900,8.596250122
2025-12-01 16:34:20,3.465545761,-2.983442020,8.076381901
2025-12-01 16:34:30,3.516520630,-4.779153054,7.443184376
2025-12-01 16:34:40,2.054604256,-5.427092907,8.007029303
2025-12-01 16:34:50,-1.251839745,-4.324970491,8.139154693
2025-12-01 16:35:00,-3.654391683,-5.632649162,6.443253679
2025-12-01 16:35:10,-2.997127043,-5.697583831,7.983111911
2025-12-01 16:35:20,-4.065520185,-5.314321687,7.763357108
2025-12-01 16:35:30,-4.701224151,-5.084954377,7.126204263
2025-12-01 16:35:40,-4.411894647,-5.025958024,7.251892016
2025-12-01 16:35:50,-3.129366103,-6.964392806,6.939785070
2025-12-01 16:36:00,-4.172087928,-5.794074370,7.039780381
2025-12-01 16:36:10,-1.985738801,-6.306462580,6.808329880
2025-12-01 16:36:20,0.856159466,-6.526019625,7.391236575
2025-12-01 16:36:30,-0.381352308,-6.571996197,7.240093523
2025-12-01 16:36:40,-0.007767725,-7.017778364,7.981552896
2025-12-01 16:36:50,-0.436035777,-6.809394541,6.636187536
2025-12-01 16:37:00,0.721147673,-5.938668416,7.493460809
2025-12-01 16:37:10,-0.746160593,-7.018569716,7.148878848
2025-12-01 16:37:20,-0.212816925,-8.037260642,6.366662607
2025-12-01 16:37:30,-1.371307273,-8.046088611,5.479271931
2025-12-01 16:37:40,-0.603527515,-7.512828519,5.987313287
2025-12-01 16:37:50,0.086470508,-7.290514049,6.169293667
2025-12-01 16:38:00,0.196903520,-8.327180505,5.643520782
2025-12-01 16:38:10,0.583851975,-8.149705901,5.713614260
2025-12-01 16:38:20,-0.087457840,-8.972427574,5.168369513
2025-12-01 16:38:30,-0.733819468,-8.387886319,5.202703074
2025-12-01 16:38:40,-0.361410799,-8.126762487,3.865455161
2025-12-01 16:38:50,-1.000905136,-8.456186876,4.382666387
2025-12-01 16:39:00,-1.782733657,-8.247586964,4.541908879
2025-12-01 16:39:10,-1.652626576,-7.570893271,4.989632273
2025-12-01 16:39:20,-2.223561431,-7.671679888,5.542026999
2025-12-01 16:39:30,-2.230295975,-6.877152340,6.032129089
2025-12-01 16:39:40,-3.282954519,-8.089053830,6.058321993
2025-12-01 16:39:50,-2.219836219,-8.153565984,5.568958673
2025-12-01 16:40:00,-2.935965045,-6.785683605,6.782735489
2025-12-01 16:40:10,-3.108942411,-7.063701305,5.607048951
2025-12-01 16:40:20,-3.757261599,-6.682280720,6.043852029
2025-12-01 16:40:30,-2.585281345,-7.054814023,5.854673981
2025-12-01 16:40:40,-3.567532142,-8.778708560,5.540971952
2025-12-01 16:40:50,-3.393369421,-8.197152167,5.283658124
2025-12-01 16:41:00,-4.301377135,-7.905663825,5.378290854
2025-12-01 16:41:10,-3.856652529,-8.228296518,4.137572378
2025-12-01 16:41:20,-3.776027382,-7.857272879,5.274962255
2025-12-01 16:41:30,-3.735156443,-8.195496389,4.553773456
2025-12-01 16:41:40,-3.518827708,-8.190217826,4.340066614
2025-12-01 16:41:50,-4.167076687,-8.125192693,3.975807604
2025-12-01 16:42:00,-4.695484370,-7.920815335,4.734815325
2025-12-01 16:42:10,-4.581176369,-7.486569527,4.786893362
2025-12-01 16:42:20,-4.504930852,-8.051115117,5.342174729
2025-12-01 16:42:30,-4.984760257,-7.616456863,4.148010078
2025-12-01 16:42:40,-4.713376538,-7.174709790,4.362108640
2025-12-01 16:42:50,-5.204200190,-6.499321412,4.631053745
2025-12-01 16:43:00,-5.772433077,-6.339167022,4.935112752
2025-12-01 16:43:10,-5.529698017,-6.787303416,5.078530838
2025-12-01 16:43:20,-5.979928557,-6.245133023,5.274333754
2025-12-01 16:43:30,-5.674926846,-6.037312941,5.060234980
2025-12-01 16:43:40,-7.036233859,-4.757087731,4.860807583
2025-12-01 16:43:50,-6.595393508,-5.847214066,5.151139625
2025-12-01 16:44:00,-6.441596739,-5.205579650,5.075850340
2025-12-01 16:44:10,-6.838587516,-4.278332249,4.746308407
2025-12-01 16:44:20,-6.949873117,-5.509984510,5.823671123
2025-12-01 16:44:30,-7.330354795,-4.967737821,4.658497864
2025-12-01 16:44:40,-6.462152819,-5.942937770,5.219578460
2025-12-01 16:44:50,-6.185543493,-6.188573805,5.734099180
2025-12-01 16:45:00,-6.052513055,-5.492053867,4.931327418
2025-12-01 16:45:10,-5.519011465,-5.082771591,4.970490725
2025-12-01 16:45:20,-5.529551374,-5.627237088,5.743333781
2025-12-01 16:45:30,-5.089080486,-5.245920514,5.632436639
2025-12-01 16:45:40,-5.151128043,-4.739969685,6.256171422
2025-12-01 16:45:50,-4.239093691,-5.267531400,7.287536988
2025-12-01 16:46:00,-4.903568727,-5.292323338,6.690479071
2025-12-01 16:46:10,-4.706226417,-5.622919077,6.549905301
2025-12-01 16:46:20,-4.114277018,-4.927890942,6.650594847
2025-12-01 16:46:30,-5.659262596,-5.483311361,6.286133357
2025-12-01 16:46:40,-4.067157804,-5.661158710,6.731224555
2025-12-01 16:46:50,-4.472060515,-4.827313276,7.352424005
2025-12-01 16:47:00,-3.614130614,-5.256965035,7.447743397
2025-12-01 16:47:10,-4.479784021,-5.397720464,7.038349692
2025-12-01 16:47:20,-3.402447694,-5.909782541,7.546279110
2025-12-01 16:47:30,-3.606484214,-7.053852541,6.088840846
2025-12-01 16:47:40,-4.019205882,-6.046374225,6.130533686
2025-12-01 16:47:50,-3.288325997,-7.031729023,6.276839968
2025-12-01 16:48:00,-2.742801447,-7.029659552,5.472917228
2025-12-01 16:48:10,-2.939581443,-7.697139618,5.736954738
2025-12-01 16:48:20,-2.972704731,-6.420421025,6.851479198
2025-12-01 16:48:30,-1.704536754,-6.324012943,7.080593393
2025-12-01 16:48:40,-1.669270838,-5.295301057,7.221691239
2025-12-01 16:48:50,-2.766101465,-6.851740250,6.860692496
2025-12-01 16:49:00,-3.108577154,-6.274624165,7.305489211
2025-12-01 16:49:10,-1.528190781,-6.385371088,7.058082632
2025-12-01 16:49:20,-3.131098995,-7.053143107,7.052197160
2025-12-01 16:49:30,-3.004788315,-7.628216036,5.454344666
2025-12-01 16:49:40,-3.822763499,-7.424366243,5.348855303
2025-12-01 16:49:50,-2.511625009,-7.904502676,5.376618567
2025-12-01 16:50:00,-3.308434457,-7.804354324,5.092810128
2025-12-01 16:50:10,-3.798658449,-6.695789218,6.134037532
2025-12-01 16:50:20,-4.719083676,-6.844575053,6.164243953
2025-12-01 16:50:30,-4.299784281,-6.682777145,5.963640725
2025-12-01 16:50:40,-3.778843484,-6.390420250,6.050028954
2025-12-01 16:50:50,-5.140580228,-5.886958141,6.065634051
2025-12-01 16:51:00,-4.219238701,-6.376920116,5.269109930
2025-12-01 16:51:10,-3.710489490,-6.385778420,6.465551393
2025-12-01 16:51:20,-2.548065805,-5.423445028,7.357154586
2025-12-01 16:51:30,-1.547333391,-4.432783591,7.917699337
2025-12-01 16:51:40,-3.388395374,-3.706449530,9.798745379
2025-12-01 16:51:50,-1.182212611,-4.170917146,8.823246511
2025-12-01 16:52:00,-2.240659929,-2.441049488,9.571818599
2025-12-01 16:52:10,-1.895267879,-3.099498734,9.251520259
2025-12-01 16:52:20,-2.093178672,-2.281271281,9.099468286
2025-12-01 16:52:30,-1.356303299,-2.544868668,9.170058280
2025-12-01 16:52:40,-1.955392498,-3.204691860,9.352360602
2025-12-01 16:52:50,-0.549301084,-3.895715808,8.416851443
2025-12-01 16:53:00,-1.143321081,-3.685756522,8.889452430
2025-12-01 16:53:10,0.310270599,-4.469483724,8.465969903
2025-12-01 16:53:20,-1.482648781,-4.260354666,8.481408563
2025-12-01 16:53:30,-0.896720315,-5.203969095,8.812604400
2025-12-01 16:53:40,-2.100352546,-2.186175446,9.560109447
2025-12-01 16:53:50,-2.424211520,-0.592114664,9.330632330
2025-12-01 16:54:00,-2.035842848,0.578646334,8.837678000
2025-12-01 16:54:10,-1.084149220,-0.040418686,9.715985773
2025-12-01 16:54:20,-2.758980102,-2.122848523,9.381218207
2025-12-01 16:54:30,-1.345247165,-1.068599146,9.356060992
2025-12-01 16:54:40,-1.139125407,0.605018688,9.682493949
2025-12-01 16:54:50,-3.673096338,-0.164813733,9.287693361
2025-12-01 16:55:00,-2.149165127,1.447136238,9.969197778
2025-12-01 16:55:10,-2.300081272,0.586007886,9.324338754
2025-12-01 16:55:20,-2.174425334,0.718021281,9.349236767
2025-12-01 16:55:30,-1.572182327,1.969157948,10.125901236
2025-12-01 16:55:40,-1.653757982,1.463256885,9.760711920
2025-12-01 16:55:50,-1.999246997,1.739952988,9.531724867
2025-12-01 16:56:00,-2.907312160,1.657129958,8.762228879
2025-12-01 16:56:10,-3.127699028,2.956550045,8.820040436
2025-12-01 16:56:20,-2.276928498,3.438472617,8.152409941
2025-12-01 16:56:30,-1.680788121,2.981199367,8.923420646
2025-12-01 16:56:40,-2.094631123,1.835386977,9.648908553
2025-12-01 16:56:50,-2.262605203,1.736517220,9.512952247
2025-12-01 16:57:00,-3.233340427,1.746471802,8.832114971
2025-12-01 16:57:10,-3.905890577,1.698897374,9.087587647
2025-12-01 16:57:20,-4.673541892,0.336675691,8.665747316
2025-12-01 16:57:30,-3.233689171,1.209212696,9.237975598
2025-12-01 16:57:40,-2.434225549,0.081983879,9.131121999
2025-12-01 16:57:50,-2.658342035,0.030690260,8.781473767
2025-12-01 16:58:00,-3.260351381,1.004617360,8.798694245
2025-12-01 16:58:10,-3.119674654,1.752564461,8.872444946
2025-12-01 16:58:20,-2.768126246,2.435870094,9.060027757
2025-12-01 16:58:30,-2.739720347,2.736584035,8.677662733
2025-12-01 16:58:40,-3.340361952,2.837727362,7.700186059
2025-12-01 16:58:50,-3.063025266,3.001624456,8.162751245
2025-12-01 16:59:00,-2.467817217,3.088090167,9.016037653
2025-12-01 16:59:10,-1.215692792,3.569969453,9.375077700
2025-12-01 16:59:20,-1.330970970,2.721249550,9.086626170
2025-12-01 16:59:30,-1.327465540,3.601500531,9.575642619
2025-12-01 16:59:40,-2.715446349,3.797575670,9.107432937
2025-12-01 16:59:50,-1.068098374,4.901696278,7.761720156
2025-12-01 17:00:00,-1.490034998,4.028566406,9.218501928
2025-12-01 17:00:10,-1.223220263,3.561622952,9.221955654
2025-12-01 17:00:20,0.274418570,3.977534647,8.941426835
2025-12-01 17:00:30,-1.523414729,3.326128487,9.361189705
2025-12-01 17:00:40,-1.435918860,4.159713323,8.876292125
2025-12-01 17:00:50,-1.373433045,3.076186545,9.451639537
2025-12-01 17:01:00,-1.054290210,2.399175576,9.161913501
2025-12-01 17:01:10,-1.387621599,3.125451670,9.486120002
2025-12-01 17:01:20,-0.463689056,2.645948005,9.402415912
2025-12-01 17:01:30,-2.085869257,1.576379849,9.597639835
2025-12-01 17:01:40,-1.527585481,1.202326645,10.001865475
2025-12-01 17:01:50,-2.458728213,0.565709099,9.180352584
2025-12-01 17:02:00,-0.746379806,-0.548445102,10.171090309
2025-12-01 17:02:10,-1.261735485,-0.234625961,10.574174078
2025-12-01 17:02:20,-0.321253927,-0.525556235,10.475429590
2025-12-01 17:02:30,-0.585827637,-1.004606066,9.572044192
2025-12-01 17:02:40,-0.526981253,-0.001547223,9.782100535
2025-12-01 17:02:50,-1.036258049,-0.232560503,10.073854824
2025-12-01 17:03:00,-0.950561298,0.521090140,9.877129542
2025-12-01 17:03:10,-0.452006832,0.966326232,9.528206450
2025-12-01 17:03:20,-0.074492890,1.484341163,9.874189289
2025-12-01 17:03:30,0.489925843,0.718661464,9.581946009
2025-12-01 17:03:40,1.110667690,0.512226388,10.046050703
2025-12-01 17:03:50,1.035165841,1.917370798,9.214066810
2025-12-01 17:04:00,1.610866779,1.333808116,10.100738124
2025-12-01 17:04:10,1.743261781,0.782491571,9.469096573
2025-12-01 17:04:20,1.513001343,2.300959765,9.492123048
2025-12-01 17:04:30,3.088706812,1.282649554,9.258751783
2025-12-01 17:04:40,1.536004728,1.707679567,10.040609374
2025-12-01 17:04:50,1.945041949,1.200688965,9.296590520
2025-12-01 17:05:00,1.854311948,1.394348076,9.787383064
2025-12-01 17:05:10,1.482498415,0.266312156,9.541919139
2025-12-01 17:05:20,2.144943678,0.855876216,9.366941599
2025-12-01 17:05:30,1.822707153,-0.411281138,9.749735206
2025-12-01 17:05:40,1.382276376,1.168116234,10.200515373
2025-12-01 17:05:50,1.578757382,0.713817983,9.416064910
2025-12-01 17:06:00,2.245127793,0.249852187,9.867295709
2025-12-01 17:06:10,2.390402219,1.357000798,9.129869512
2025-12-01 17:06:20,2.506216039,1.331131730,9.306024346
2025-12-01 17:06:30,2.454659351,2.524906684,8.813465191
2025-12-01 17:06:40,1.690203979,2.172581407,8.982062973
2025-12-01 17:06:50,3.019916076,0.781997204,9.567741529
2025-12-01 17:07:00,2.688013995,2.131124629,9.218433905
2025-12-01 17:07:10,1.556838983,3.023308360,9.672159904
2025-12-01 17:07:20,2.233405638,1.950762524,9.703255608
2025-12-01 17:07:30,1.804210832,2.963563112,9.838271691
2025-12-01 17:07:40,2.266034948,1.935217341,9.234105173
2025-12-01 17:07:50,1.301053086,2.934961746,9.458700652
2025-12-01 17:08:00,1.231642423,2.727813321,8.882504583
2025-12-01 17:08:10,1.590380957,2.332345230,9.295081697
2025-12-01 17:08:20,2.645595667,1.104113312,9.622611355
2025-12-01 17:08:30,2.330451858,1.044992200,9.689681108
2025-12-01 17:08:40,1.566319806,0.821725941,9.480721087
2025-12-01 17:08:50,2.871057119,0.528333392,8.759050379
2025-12-01 17:09:00,3.272384547,0.590375037,8.893429143
2025-12-01 17:09:10,2.035095268,-0.989630318,9.776759200
2025-12-01 17:09:20,1.959962395,-0.182768330,9.478431315
2025-12-01 17:09:30,1.767478375,0.219844234,9.690641062
2025-12-01 17:09:40,1.756469782,0.096460288,9.607237978
2025-12-01 17:09:50,2.339068774,0.590664935,9.698699847
2025-12-01 17:10:00,1.853938649,-0.849094651,9.485377844
2025-12-01 17:10:10,2.106811553,-1.565534808,9.362339024
2025-12-01 17:10:20,2.071502278,-1.795548625,8.664772017
2025-12-01 17:10:30,1.027616123,-2.099535543,10.373041174
2025-12-01 17:10:40,-0.370819821,-0.007158779,9.492448474
2025-12-01 17:10:50,-1.107965856,-0.523953016,10.149348039
2025-12-01 17:11:00,-1.503990782,-0.196094869,9.628313762
2025-12-01 17:11:10,-1.983015434,0.003168458,10.102835294
2025-12-01 17:11:20,-2.138642983,-0.003338617,9.374296050
2025-12-01 17:11:30,-1.291773710,-1.969203477,9.508738145
2025-12-01 17:11:40,-0.254261117,-0.604352589,9.681576576
2025-12-01 17:11:50,0.354027500,-1.555129247,10.060091910
2025-12-01 17:12:00,-1.213025265,-1.249614833,10.303933471
2025-12-01 17:12:10,-0.040735229,-1.012088330,9.579506061
2025-12-01 17:12:20,-0.989819033,-1.507068024,9.683304250
2025-12-01 17:12:30,-0.873434755,-2.112223178,9.667624932
2025-12-01 17:12:40,-0.562257506,-1.438714584,9.508702428
2025-12-01 17:12:50,-0.547058858,-2.351201644,9.222197390
2025-12-01 17:13:00,0.038248108,-3.206009244,9.012879897
2025-12-01 17:13:10,-1.495923888,-2.867264174,9.738113197
2025-12-01 17:13:20,-1.304658714,-3.164513224,9.382988007
2025-12-01 17:13:30,-1.236109771,-3.213931246,8.854538454
2025-12-01 17:13:40,-1.131559215,-3.645901441,9.483009426
2025-12-01 17:13:50,-1.244130239,-3.136792735,9.759249122
2025-12-01 17:14:00,-1.422946212,-2.392524522,9.775946019
2025-12-01 17:14:10,0.021807783,-2.476217694,9.432759793
2025-12-01 17:14:20,-0.535532096,-2.302299723,9.437959705
2025-12-01 17:14:30,-0.960985765,-2.182612080,8.938700006
2025-12-01 17:14:40,-0.718878450,-3.769243804,9.726410201
2025-12-01 17:14:50,-0.475803138,-2.568746736,9.915685179
2025-12-01 17:15:00,-0.317191596,-3.410491094,9.024654731
2025-12-01 17:15:10,-0.222953156,-2.572629215,9.843952831
2025-12-01 17:15:20,-0.478005345,-2.225725150,9.521092249
2025-12-01 17:15:30,0.472935848,-2.465208765,9.272221880
2025-12-01 17:15:40,-0.092657062,-3.463615512,9.830518436
2025-12-01 17:15:50,-0.311573998,-3.992267037,9.404852905
2025-12-01 17:16:00,0.026306264,-3.420438288,9.202277561
2025-12-01 17:16:10,-0.744262297,-4.349974380,8.418367559
2025-12-01 17:16:20,0.420598855,-4.925395781,8.652089758
2025-12-01 17:16:30,-0.133722371,-4.389845984,8.481251463
2025-12-01 17:16:40,-0.524539143,-5.132099144,8.383064514
2025-12-01 17:16:50,0.281082114,-5.124555170,8.795579942
2025-12-01 17:17:00,0.026321439,-5.084353873,8.426175538
2025-12-01 17:17:10,-0.673220794,-4.340841847,8.812251455
2025-12-01 17:17:20,0.161752468,-4.961148934,8.854062375
2025-12-01 17:17:30,-0.747666104,-4.696048257,8.257499898
2025-12-01 17:17:40,-0.914948764,-4.304144233,8.743806118
2025-12-01 17:17:50,-1.723204432,-4.985117460,8.637575716
2025-12-01 17:18:00,-2.041987107,-4.867053880,7.944747283
2025-12-01 17:18:10,-2.067139698,-4.347298330,8.581504213
2025-12-01 17:18:20,-1.870588450,-4.916506945,8.546698771
2025-12-01 17:18:30,-1.693485190,-5.310769849,7.760164270
2025-12-01 17:18:40,-1.722588094,-5.456033697,8.414777056
2025-12-01 17:18:50,-0.760800011,-5.829970526,7.558921951
2025-12-01 17:19:00,-2.039499978,-5.785451634,7.731530294
2025-12-01 17:19:10,-1.913390943,-5.815584393,7.676953251
2025-12-01 17:19:20,-1.479578948,-6.271256896,7.958412845
2025-12-01 17:19:30,-1.463869914,-5.916615847,7.727710827
2025-12-01 17:19:40,-1.074657767,-5.649218364,7.833208406
2025-12-01 17:19:50,-1.023914512,-6.376697911,7.121323380
2025-12-01 17:20:00,-0.513250591,-6.402087831,6.955253271
2025-12-01 17:20:10,-0.670762750,-6.048235391,7.335959273
2025-12-01 17:20:20,-0.698073360,-5.589528073,7.863484429
2025-12-01 17:20:30,-1.716469050,-5.636226613,7.815216562
2025-12-01 17:20:40,-1.699365883,-5.531311502,8.170986564
2025-12-01 17:20:50,-1.214125717,-5.254716820,7.238440728
2025-12-01 17:21:00,-2.162744456,-5.119516359,7.977162434
2025-12-01 17:21:10,-0.650100690,-6.287652045,7.434795854
2025-12-01 17:21:20,-1.461210498,-6.052230285,8.352161932
2025-12-01 17:21:30,-1.260999490,-5.986431914,6.991500091
2025-12-01 17:21:40,-0.743456232,-6.620683733,7.393865182
2025-12-01 17:21:50,-1.412156632,-6.520691491,7.458845698
2025-12-01 17:22:00,-1.172328092,-6.654706230,8.081984149
2025-12-01 17:22:10,-0.635531764,-6.628344489,7.821440724
2025-12-01 17:22:20,-0.377974363,-6.366656022,7.215143206
2025-12-01 17:22:30,-0.221653838,-5.886321815,7.482039486
2025-12-01 17:22:40,0.018803329,-6.035043900,7.486730691
2025-12-01 17:22:50,0.264687829,-5.851041202,7.750945181
2025-12-01 17:23:00,-0.466343798,-6.681850398,7.912776729
2025-12-01 17:23:10,-0.249178888,-6.511339468,7.381478385
2025-12-01 17:23:20,-0.733995079,-6.733562034,7.453673370
2025-12-01 17:23:30,-0.909247062,-7.026403435,6.614706620
2025-12-01 17:23:40,-0.895784566,-7.308276329,6.902214949
2025-12-01 17:23:50,-0.920940606,-7.310029065,6.570118121
2025-12-01 17:24:00,-1.303831483,-6.525359584,7.322915257
2025-12-01 17:24:10,-1.300525456,-6.938025365,6.876265795
2025-12-01 17:24:20,-0.785316553,-6.327171533,7.010633939
2025-12-01 17:24:30,-0.990990288,-6.259474509,6.469195152
2025-12-01 17:24:40,-0.994081757,-6.855116610,7.278157764
2025-12-01 17:24:50,-1.302118500,-7.719693578,6.373922384
2025-12-01 17:25:00,-1.919381693,-6.881269757,6.788980287
2025-12-01 17:25:10,-1.541589064,-6.656570443,6.603865227
2025-12-01 17:25:20,-1.840019830,-7.641442711,5.685740453
2025-12-01 17:25:30,-0.883933157,-7.196956764,6.575689722
2025-12-01 17:25:40,-1.624438417,-7.422069787,6.030575628
2025-12-01 17:25:50,-0.568191131,-7.046430271,6.373034803
2025-12-01 17:26:00,-1.617841548,-7.724075684,6.359994303
2025-12-01 17:26:10,-1.067488699,-6.917582860,6.667193775
2025-12-01 17:26:20,-0.995511939,-7.261196000,6.575098260
2025-12-01 17:26:30,-0.487649781,-6.509143155,6.880700515
2025-12-01 17:26:40,-0.243612800,-7.235008286,7.276617032
2025-12-01 17:26:50,-0.429300470,-6.724922364,7.123042166
2025-12-01 17:27:00,-0.974670291,-7.458387965,6.169353084
2025-12-01 17:27:10,-0.150549790,-7.746067677,5.166278364
2025-12-01 17:27:20,-0.559396467,-7.030754674,6.157985561
2025-12-01 17:27:30,-0.305465070,-7.818253478,5.794077056
2025-12-01 17:27:40,-0.870497398,-7.811503582,5.195814013
2025-12-01 17:27:50,-1.434403475,-8.033286365,5.449998798
2025-12-01 17:28:00,-0.693570198,-7.829393546,5.345674587
2025-12-01 17:28:10,-1.393999894,-8.369835931,6.336741254
2025-12-01 17:28:20,-1.944337961,-7.110962629,6.267043858
2025-12-01 17:28:30,-1.216835119,-6.170522530,7.168813206
2025-12-01 17:28:40,-0.919540651,-6.417800404,7.543134768
2025-12-01 17:28:50,-1.421365824,-6.867017129,6.922039371
2025-12-01 17:29:00,-1.740670930,-6.699536644,7.049628265
2025-12-01 17:29:10,-1.538699450,-6.943182986,6.042824370
2025-12-01 17:29:20,-1.628826570,-7.226115548,6.376864669
2025-12-01 17:29:30,-2.447507228,-6.947219490,6.051606809
2025-12-01 17:29:40,-1.982351593,-7.012361481,6.593068345
2025-12-01 17:29:50,-2.312008602,-7.030753493,6.703828103
2025-12-01 17:30:00,-1.965240720,-6.890165455,7.072305204
2025-12-01 17:30:10,-1.671404760,-7.413489865,7.362508826
2025-12-01 17:30:20,-1.227825551,-6.037190669,6.767228809
2025-12-01 17:30:30,-1.717761859,-6.651756178,6.833638221
2025-12-01 17:30:40,-2.067740311,-5.809803640,7.130786538
2025-12-01 17:30:50,-2.125010070,-5.729824119,7.199195909
2025-12-01 17:31:00,-2.134849600,-5.808495479,7.541342673
2025-12-01 17:31:10,-2.555050259,-5.772312161,7.738304733
2025-12-01 17:31:20,-2.439839717,-5.736880446,7.460050202
2025-12-01 17:31:30,-3.060486614,-5.095094659,7.360997612
2025-12-01 17:31:40,-2.672805549,-5.432742100,8.172694469
2025-12-01 17:31:50,-3.006114552,-5.262207876,7.577302661
2025-12-01 17:32:00,-2.152197962,-4.956059919,7.887607948
2025-12-01 17:32:10,-3.242106572,-4.251771699,7.896055449
2025-12-01 17:32:20,-3.307031654,-4.867766895,7.661564059
2025-12-01 17:32:30,-2.776624043,-4.638091742,8.182054115
2025-12-01 17:32:40,-2.435691204,-4.337629432,8.309363108
2025-12-01 17:32:50,-2.978853172,-4.153185965,8.237823659
2025-12-01 17:33:00,-3.334006737,-5.227622841,8.457318481
2025-12-01 17:33:10,-3.420655403,-5.476900926,7.595024075
2025-12-01 17:33:20,-2.285344919,-6.526299715,7.191154692
2025-12-01 17:33:30,-2.021982533,-6.929347007,6.108887950
2025-12-01 17:33:40,-1.573827821,-7.208290443,6.614192916
2025-12-01 17:33:50,-1.816157148,-6.269390962,6.258469172
2025-12-01 17:34:00,-2.648056396,-6.992702922,6.603833227
2025-12-01 17:34:10,-2.624527790,-7.017578969,6.397953896
2025-12-01 17:34:20,-2.463382355,-6.841841721,5.770603459
2025-12-01 17:34:30,-1.847012764,-8.002382408,5.899589601
2025-12-01 17:34:40,-1.746222140,-6.814837571,6.342002060
2025-12-01 17:34:50,-1.810800071,-8.219881990,6.635907777
2025-12-01 17:35:00,-1.618591843,-7.678299924,6.303695392
2025-12-01 17:35:10,-2.620240081,-7.098663784,5.875723406
2025-12-01 17:35:20,-1.819984596,-6.997660992,6.516039974
2025-12-01 17:35:30,-1.668515788,-6.958471877,6.238082539
2025-12-01 17:35:40,-1.414002694,-6.413908937,6.924866616
2025-12-01 17:35:50,-0.981898073,-5.916625904,7.069300208
2025-12-01 17:36:00,-1.627379610,-5.842543527,7.319608228
2025-12-01 17:36:10,-1.824794220,-6.371420105,7.045620493
2025-12-01 17:36:20,-1.346504459,-5.973963886,7.518495231
2025-12-01 17:36:30,-1.194726753,-6.708041820,7.569098727
2025-12-01 17:36:40,0.172072328,-6.109733559,8.052773281
2025-12-01 17:36:50,-0.530780121,-6.385654643,7.461052586
2025-12-01 17:37:00,1.023655464,-6.421963358,7.048280823
2025-12-01 17:37:10,0.471936157,-7.027379674,7.899849297
2025-12-01 17:37:20,0.998148845,-7.309371053,7.128471240
2025-12-01 17:37:30,0.618611653,-6.913460042,6.587580986
2025-12-01 17:37:40,1.129475092,-6.511790511,6.686009597
2025-12-01 17:37:50,0.754587067,-6.340674723,7.053747579
2025-12-01 17:38:00,0.614599974,-7.143087987,6.909111511
2025-12-01 17:38:10,0.032572362,-6.896702429,6.683036212
2025-12-01 17:38:20,-0.404748253,-7.041030104,6.303430791
2025-12-01 17:38:30,-0.034515802,-7.195965485,6.338371291
2025-12-01 17:38:40,-1.050334149,-7.236581593,6.433777625
2025-12-01 17:38:50,-0.478785747,-7.435444949,6.992978576
2025-12-01 17:39:00,-0.542122519,-7.597190033,7.330562798
2025-12-01 17:39:10,-0.543189552,-6.304924647,6.957243945
2025-12-01 17:39:20,-1.410814879,-7.598519016,6.887546404
2025-12-01 17:39:30,-1.007226913,-7.445643181,5.974961637
2025-12-01 17:39:40,0.073733674,-7.726985922,5.515888702
2025-12-01 17:39:50,-1.045379793,-8.382891489,5.578215615
2025-12-01 17:40:00,-1.118193745,-7.841137910,5.837001692
2025-12-01 17:40:10,-0.974095716,-7.103516470,6.064249123
2025-12-01 17:40:20,-1.359226812,-7.365274024,6.491016699
2025-12-01 17:40:30,-0.186664254,-7.286179821,7.107077769
2025-12-01 17:40:40,-1.050683087,-7.737470994,5.987017315
2025-12-01 17:40:50,-0.025653956,-7.945585499,5.589993889
2025-12-01 17:41:00,-0.251375487,-8.656459878,4.896190426
2025-12-01 17:41:10,-0.478864845,-9.008269763,5.185993160
2025-12-01 17:41:20,-1.129835453,-8.587816492,5.827451159
2025-12-01 17:41:30,-0.558902647,-7.584679847,6.659290493
2025-12-01 17:41:40,-0.375941773,-6.701888656,7.183006295
2025-12-01 17:41:50,-0.141574856,-7.537086829,6.205984955
2025-12-01 17:42:00,0.031919993,-7.131661372,6.449552966
2025-12-01 17:42:10,-0.142325884,-7.374151695,5.623497063
2025-12-01 17:42:20,-0.151637516,-8.053705245,6.187071121
2025-12-01 17:42:30,0.008819214,-7.725639141,6.538218534
2025-12-01 17:42:40,-0.008208432,-6.549784958,6.372662680
2025-12-01 17:42:50,-0.500051996,-8.009713642,5.601643154
2025-12-01 17:43:00,0.086247329,-7.048544822,5.868008235
2025-12-01 17:43:10,-0.109702797,-7.040845215,6.357964251
2025-12-01 17:43:20,-0.648442029,-7.146208319,6.297149786
2025-12-01 17:43:30,-0.390023502,-8.021597142,5.276824621
2025-12-01 17:43:40,0.472010996,-8.525324788,5.643995526
2025-12-01 17:43:50,0.559765320,-8.246482940,6.052458725
2025-12-01 17:44:00,-0.101494950,-7.848248956,5.513787551
2025-12-01 17:44:10,-0.654891071,-8.050693079,4.381048240
2025-12-01 17:44:20,-0.894977742,-8.515274948,4.778305972
2025-12-01 17:44:30,-1.135575728,-8.661484887,5.059271484
2025-12-01 17:44:40,-0.771262813,-8.315779219,5.198415664
2025-12-01 17:44:50,-1.710710181,-7.819134147,5.456858641
2025-12-01 17:45:00,-1.378416324,-8.125108305,5.190874359
2025-12-01 17:45:10,-1.439758677,-8.536515393,4.777614814
2025-12-01 17:45:20,-2.331164088,-8.287528893,5.227290195
2025-12-01 17:45:30,-2.918158785,-8.881059837,4.832875202
2025-12-01 17:45:40,-2.417294028,-8.657687985,4.777720738
2025-12-01 17:45:50,-1.463661170,-8.459436453,4.639873913
2025-12-01 17:46:00,-1.942175400,-8.426387474,4.364676555
2025-12-01 17:46:10,-2.002783205,-8.727800152,4.683986902
2025-12-01 17:46:20,-2.014577247,-8.818020268,4.183217198
2025-12-01 17:46:30,-1.742438551,-8.146786078,4.687467985
2025-12-01 17:46:40,-1.711654701,-8.549405134,5.442199122
2025-12-01 17:46:50,-1.798182356,-8.493086749,5.643740517
2025-12-01 17:47:00,-1.706918805,-7.962908074,4.837378336
2025-12-01 17:47:10,-1.270898499,-8.139772452,5.857908165
2025-12-01 17:47:20,-1.296832871,-8.399052348,5.231737940
2025-12-01 17:47:30,-1.601340724,-8.466759566,5.928507592
2025-12-01 17:47:40,-1.782798843,-8.049670329,5.777476991
2025-12-01 17:47:50,-2.430848024,-7.707853534,5.613149329
2025-12-01 17:48:00,-1.692536648,-7.821482496,5.655539495
2025-12-01 17:48:10,-2.163248277,-8.730302919,5.419194126
2025-12-01 17:48:20,-2.458171264,-8.092525233,5.395463526
2025-12-01 17:48:30,-2.417146238,-8.228323284,5.027745927
2025-12-01 17:48:40,-2.061045877,-7.598136408,6.045346211
2025-12-01 17:48:50,-2.333170916,-7.279101188,6.423821104
2025-12-01 17:49:00,-2.495988629,-7.527936079,6.084605568
2025-12-01 17:49:10,-3.425090072,-6.905584181,5.971923854
2025-12-01 17:49:20,-2.740883758,-7.198787491,5.458287967
2025-12-01 17:49:30,-3.210672679,-7.612265756,5.408424127
2025-12-01 17:49:40,-3.797372197,-7.651459967,5.439206805
2025-12-01 17:49:50,-2.611898026,-7.672944613,5.083503514
2025-12-01 17:50:00,-2.664444991,-7.183813236,5.845840220
2025-12-01 17:50:10,-2.053875299,-7.180696932,5.898496170
2025-12-01 17:50:20,-2.262211589,-6.941699608,5.889305687
2025-12-01 17:50:30,-1.980264178,-6.764553161,6.226387816
2025-12-01 17:50:40,-2.347179934,-6.825388660,6.695559686
2025-12-01 17:50:50,-2.658120874,-6.839161948,6.620326998
2025-12-01 17:51:00,-2.577967234,-7.077300241,6.298416500
2025-12-01 17:51:10,-2.798236282,-7.876742151,6.244834746
2025-12-01 17:51:20,-2.200571322,-7.458089561,6.203128435
2025-12-01 17:51:30,-3.930046680,-6.756447874,5.820129994
2025-12-01 17:51:40,-2.836410258,-6.802655521,5.428852947
2025-12-01 17:51:50,-3.453442852,-6.993676123,6.018851938
2025-12-01 17:52:00,-4.357746441,-6.787474410,5.184036141
2025-12-01 17:52:10,-4.394396742,-6.538926461,5.374241278
2025-12-01 17:52:20,-3.641613974,-6.735959353,5.224839896
2025-12-01 17:52:30,-3.929898446,-7.050516395,5.408483756
2025-12-01 17:52:40,-2.714724020,-7.500764534,5.220554397
2025-12-01 17:52:50,-3.450740896,-6.808359569,4.844732955
2025-12-01 17:53:00,-3.153617181,-7.286497929,5.145035648
2025-12-01 17:53:10,-3.777104702,-7.590869492,4.933184038
2025-12-01 17:53:20,-4.188926096,-7.002088029,4.955649406
2025-12-01 17:53:30,-3.035025751,-7.971194549,5.397684684
2025-12-01 17:53:40,-2.728356168,-7.336817378,5.320802992
2025-12-01 17:53:50,-2.422063297,-8.267252450,4.507524153
2025-12-01 17:54:00,-2.455228830,-7.890055132,4.788278195
2025-12-01 17:54:10,-1.798250635,-8.697623237,4.171211010
2025-12-01 17:54:20,-2.693900450,-8.949940131,4.426831860
2025-12-01 17:54:30,-2.574810391,-9.092167626,4.345640776
2025-12-01 17:54:40,-1.994176527,-8.836559058,4.413500060
2025-12-01 17:54:50,-2.130623903,-8.612531930,3.934464045
2025-12-01 17:55:00,-2.178675043,-8.540906392,4.735547187
2025-12-01 17:55:10,-2.854767916,-8.424941404,4.323901910
2025-12-01 17:55:20,-2.738479459,-8.056623220,4.967973474
2025-12-01 17:55:30,-3.016280900,-8.045021671,4.275362267
2025-12-01 17:55:40,-2.721738754,-8.054516615,3.946241681
2025-12-01 17:55:50,-1.986577522,-8.606101514,3.904710502
2025-12-01 17:56:00,-1.883981746,-7.902955804,4.165827364
2025-12-01 17:56:10,-2.614679737,-9.188801335,3.078188598
2025-12-01 17:56:20,-2.867810254,-8.597976207,2.902776702
2025-12-01 17:56:30,-2.687804845,-8.736525387,2.965307840
2025-12-01 17:56:40,-2.750462178,-8.663202458,3.375381868
2025-12-01 17:56:50,-3.477278854,-8.491718008,3.054298391
2025-12-01 17:57:00,-3.026334064,-8.985992908,4.163667218
2025-12-01 17:57:10,-1.471295178,-8.405384460,3.290929808
2025-12-01 17:57:20,-1.367817480,-8.459391814,3.346179757
2025-12-01 17:57:30,-0.422857318,-9.642151498,2.272561580
2025-12-01 17:57:40,-0.849769160,-9.231062567,2.649022740
2025-12-01 17:57:50,-1.083639471,-9.481517744,2.774872860
2025-12-01 17:58:00,-2.570800051,-9.233548440,2.247690095
2025-12-01 17:58:10,-1.789305270,-9.832766465,1.408233371
2025-12-01 17:58:20,-1.492014276,-9.291773476,1.924385936
2025-12-01 17:58:30,-1.223609476,-9.539707576,1.258524483
2025-12-01 17:58:40,-2.431087238,-9.357394758,1.083516740
2025-12-01 17:58:50,-1.622087989,-9.301027919,0.562403676
2025-12-01 17:59:00,-2.457993920,-9.026234387,0.211790820
2025-12-01 17:59:10,-1.846052014,-9.654834226,0.323454278
2025-12-01 17:59:20,-1.924076402,-9.707318949,0.069884469
2025-12-01 17:59:30,-2.570872063,-9.502315243,-0.201764079
2025-12-01 17:59:40,-1.544701846,-9.780791533,0.221009253
2025-12-01 17:59:50,-2.039886159,-9.043765570,-0.243255635
2025-12-01 18:00:00,-2.612688047,-9.471891186,-0.607862224
2025-12-01 18:00:10,-2.802988202,-9.470789640,-0.671377236
2025-12-01 18:00:20,-2.613194021,-9.814182077,-0.231509739
2025-12-01 18:00:30,-1.781093943,-9.894045711,-0.833920777
2025-12-01 18:00:40,-2.225539975,-9.395150855,-0.584299760
2025-12-01 18:00:50,-2.349106418,-10.160766932,-1.400009661
2025-12-01 18:01:00,-2.333005058,-9.870078406,-1.529344376
2025-12-01 18:01:10,-2.157472875,-9.283382264,-1.181479224
2025-12-01 18:01:20,-1.924467608,-9.314812902,-0.980079288
2025-12-01 18:01:30,-2.494708413,-8.840948879,-1.316984827
2025-12-01 18:01:40,-3.021913855,-8.966824361,-1.321463389
2025-12-01 18:01:50,-3.686027598,-8.546344348,-1.174628466
2025-12-01 18:02:00,-3.174195066,-9.180313724,-0.185512443
2025-12-01 18:02:10,-2.901831801,-8.689301643,0.198923815
2025-12-01 18:02:20,-3.417862778,-8.827760659,-0.185082626
2025-12-01 18:02:30,-4.655266480,-8.795425537,0.258898941
2025-12-01 18:02:40,-4.681343430,-8.488554627,-0.452672850
2025-12-01 18:02:50,-4.429096443,-8.501326234,-0.552950393
2025-12-01 18:03:00,-4.553876307,-8.992292167,-0.253001956
2025-12-01 18:03:10,-4.601816285,-8.888373157,-0.691509194
2025-12-01 18:03:20,-5.471667459,-8.948158502,-0.458499821
2025-12-01 18:03:30,-5.256172744,-8.539555678,-0.113973085
2025-12-01 18:03:40,-4.568908179,-8.328185257,-0.296422374
2025-12-01 18:03:50,-4.951087945,-8.785740334,-0.250149278
2025-12-01 18:04:00,-4.121923079,-8.464544199,-0.499326606
2025-12-01 18:04:10,-3.826861077,-9.068356863,-0.147790275
2025-12-01 18:04:20,-3.842459588,-9.720937462,0.047342512
2025-12-01 18:04:30,-3.228419957,-9.356244596,0.535705228
2025-12-01 18:04:40,-3.759516953,-8.853421281,0.569345897
2025-12-01 18:04:50,-3.591685459,-9.343546688,0.026031159
2025-12-01 18:05:00,-3.081242131,-8.867213809,-0.799431326
2025-12-01 18:05:10,-3.220075268,-9.476310478,-0.236709109
2025-12-01 18:05:20,-3.230269582,-9.447295658,0.572111927
2025-12-01 18:05:30,-2.997181823,-9.518924062,-0.405249901
2025-12-01 18:05:40,-2.449293283,-9.816752136,-0.032445689
2025-12-01 18:05:50,-2.445257894,-9.432994312,-0.162675779
2025-12-01 18:06:00,-2.781270134,-9.512013400,-0.592418492
2025-12-01 18:06:10,-3.050207566,-8.917455166,-1.502858290
2025-12-01 18:06:20,-3.111777366,-10.354396723,-0.167275423
2025-12-01 18:06:30,-3.662147393,-8.304602224,0.387703941
2025-12-01 18:06:40,-3.872165927,-8.637303666,-0.771352701
2025-12-01 18:06:50,-3.913194032,-9.350596181,0.071256745
2025-12-01 18:07:00,-4.891307872,-8.951072715,-0.183676274
2025-12-01 18:07:10,-4.604255702,-8.071567384,0.511966897
2025-12-01 18:07:20,-4.856330118,-8.482657581,-0.111463259
2025-12-01 18:07:30,-4.239451962,-9.020963484,0.987723917
2025-12-01 18:07:40,-4.336821250,-9.391143539,1.242077626
2025-12-01 18:07:50,-4.671563436,-8.676818450,0.708927020
2025-12-01 18:08:00,-4.751015569,-8.568424270,1.086775471
2025-12-01 18:08:10,-4.772263306,-8.035134732,0.187349861
2025-12-01 18:08:20,-4.061429708,-8.500221117,-0.105037467
2025-12-01 18:08:30,-4.734543527,-9.001909622,-0.059552218
2025-12-01 18:08:40,-4.629172354,-8.860447605,-0.133123866
2025-12-01 18:08:50,-4.394483121,-9.079748794,0.071189556
2025-12-01 18:09:00,-3.500116858,-8.320887522,0.447452342
2025-12-01 18:09:10,-4.276432882,-9.487916715,0.699666789
2025-12-01 18:09:20,-3.957429010,-9.155207867,0.337361310
2025-12-01 18:09:30,-4.172251042,-8.478803060,0.465740790
2025-12-01 18:09:40,-4.308984325,-8.497116710,1.312062956
2025-12-01 18:09:50,-4.956344019,-8.959163750,-0.271779156
2025-12-01 18:10:00,-5.084773298,-8.801452956,0.300118078
2025-12-01 18:10:10,-5.014580579,-8.584483507,0.516241324
2025-12-01 18:10:20,-4.910683338,-8.081898885,0.659266927
2025-12-01 18:10:30,-4.958537970,-8.617753333,0.491376132
2025-12-01 18:10:40,-4.221015394,-8.403960407,0.364934098
2025-12-01 18:10:50,-5.805095451,-8.481859594,0.594604954
2025-12-01 18:11:00,-5.006186198,-8.584379853,-0.137426433
2025-12-01 18:11:10,-5.018224201,-9.242197430,0.455767358
2025-12-01 18:11:20,-5.300375721,-8.198099751,0.152658589
2025-12-01 18:11:30,-4.929239288,-8.625698057,0.618613329
2025-12-01 18:11:40,-4.468047355,-8.575230408,-0.440625783
2025-12-01 18:11:50,-4.033397680,-8.989840980,-0.577790155
2025-12-01 18:12:00,-5.299882616,-8.197199556,-0.373185594
2025-12-01 18:12:10,-5.112006582,-8.671593259,0.162593338
2025-12-01 18:12:20,-5.452619281,-8.912009280,-0.422097550
2025-12-01 18:12:30,-4.646075989,-8.603094910,-0.157763620
2025-12-01 18:12:40,-4.567098357,-8.875823122,-0.032064220
2025-12-01 18:12:50,-4.940824213,-8.788496294,-0.529044464
2025-12-01 18:13:00,-4.145746071,-7.952791550,-0.968102889
2025-12-01 18:13:10,-4.565919560,-8.073537909,-0.933237904
2025-12-01 18:13:20,-4.171976161,-8.289689576,-1.830794283
2025-12-01 18:13:30,-4.257554545,-7.936667314,-1.677621906
2025-12-01 18:13:40,-4.178881719,-8.554931404,-1.632382578
2025-12-01 18:13:50,-3.366933240,-8.851275140,-1.042169978
2025-12-01 18:14:00,-3.392712045,-8.699502114,-0.251254271
2025-12-01 18:14:10,-4.797579864,-8.588552865,-1.181790159
2025-12-01 18:14:20,-4.476545085,-8.887378646,-1.186485215
2025-12-01 18:14:30,-4.253016082,-9.097501299,-1.353188468
2025-12-01 18:14:40,-3.947761988,-8.764471705,-0.030295603
2025-12-01 18:14:50,-3.787789421,-9.052404207,-1.117924958
2025-12-01 18:15:00,-4.488408273,-8.489506723,-0.763752156
2025-12-01 18:15:10,-5.292243463,-8.562851962,-1.483095056
2025-12-01 18:15:20,-4.855966977,-8.197891538,-0.490700674
2025-12-01 18:15:30,-4.429830744,-8.636471271,-1.298205950
2025-12-01 18:15:40,-4.299192163,-8.781571995,-0.293113794
2025-12-01 18:15:50,-4.404950343,-8.346045090,-1.688165380
2025-12-01 18:16:00,-4.660977756,-8.711516260,-1.853547278
2025-12-01 18:16:10,-3.881071161,-8.624639628,-0.991124424
2025-12-01 18:16:20,-4.643416894,-8.754474277,-0.236454563
2025-12-01 18:16:30,-4.694800523,-8.880385257,-0.597319749
2025-12-01 18:16:40,-5.207691879,-8.585520917,-0.568436145
2025-12-01 18:16:50,-4.653816194,-8.886018201,-1.731425311
2025-12-01 18:17:00,-4.566263711,-8.449040447,-1.198950797
2025-12-01 18:17:10,-4.455672436,-8.981596211,-0.127595532
2025-12-01 18:17:20,-4.048757720,-8.600689017,-1.086345223
2025-12-01 18:17:30,-3.638787012,-8.484502677,-1.116680597
2025-12-01 18:17:40,-3.023822345,-8.929585251,-0.280513563
2025-12-01 18:17:50,-2.891686245,-9.128017899,-0.334165820
2025-12-01 18:18:00,-2.972144142,-9.744560458,-1.046388134
2025-12-01 18:18:10,-2.970610467,-8.806389395,-0.218408000
2025-12-01 18:18:20,-3.254478994,-9.080344615,-0.846956575
2025-12-01 18:18:30,-3.947453188,-9.227298705,-1.300674555
2025-12-01 18:18:40,-3.339503440,-8.662293935,-1.840042729
2025-12-01 18:18:50,-3.112104902,-8.740485703,-0.833353967
2025-12-01 18:19:00,-4.381740783,-9.287541443,0.345323480
2025-12-01 18:19:10,-4.336441899,-8.772637891,-0.966184067
2025-12-01 18:19:20,-4.416629671,-8.223582332,-0.812123316
2025-12-01 18:19:30,-4.706098290,-8.440951290,-0.947688628
2025-12-01 18:19:40,-5.034353382,-8.200520832,-2.093622692
2025-12-01 18:19:50,-5.256523824,-7.683320664,-2.090090409
2025-12-01 18:20:00,-4.781731503,-8.151437019,-2.301309456
2025-12-01 18:20:10,-4.761996838,-8.101972275,-2.628516069
2025-12-01 18:20:20,-5.199376704,-8.440491176,-2.366868932
2025-12-01 18:20:30,-5.068275193,-8.654206618,-2.915461149
2025-12-01 18:20:40,-4.760178163,-8.354887554,-2.789675669
2025-12-01 18:20:50,-4.340678740,-8.482391910,-3.068472907
2025-12-01 18:21:00,-4.609868333,-8.284783517,-3.645158049
2025-12-01 18:21:10,-4.297331318,-8.978755002,-3.302104350
2025-12-01 18:21:20,-4.534186752,-8.382719606,-2.632162439
2025-12-01 18:21:30,-4.894661077,-8.171918660,-2.646868785
2025-12-01 18:21:40,-4.510787440,-8.236786792,-2.095401514
2025-12-01 18:21:50,-4.004978911,-9.018994383,-2.286399092
2025-12-01 18:22:00,-3.835242678,-9.144168967,-2.820345793
2025-12-01 18:22:10,-3.637813945,-9.300849227,-3.187417269
2025-12-01 18:22:20,-4.874809670,-7.109854039,-3.859228712
2025-12-01 18:22:30,-4.393681163,-8.071975456,-3.896849055
2025-12-01 18:22:40,-4.486442258,-7.887706007,-4.049855557
2025-12-01 18:22:50,-4.639982328,-7.375539598,-4.476087864
2025-12-01 18:23:00,-4.332456749,-6.889962093,-4.746159743
2025-12-01 18:23:10,-4.825246740,-7.317182269,-3.837935675
2025-12-01 18:23:20,-4.596798105,-7.176838923,-4.639254002
2025-12-01 18:23:30,-5.742711659,-7.032699006,-4.803470774
2025-12-01 18:23:40,-5.909464727,-5.941962242,-4.982784702
2025-12-01 18:23:50,-5.092068048,-6.100047249,-4.586275927
2025-12-01 18:24:00,-6.179986404,-6.277425871,-5.184312773
2025-12-01 18:24:10,-6.120385326,-5.601545495,-5.649954992
2025-12-01 18:24:20,-5.964918202,-5.410091400,-6.012437505
2025-12-01 18:24:30,-5.599766739,-5.005697308,-5.315186410
2025-12-01 18:24:40,-6.211885747,-5.805860168,-5.509830046
2025-12-01 18:24:50,-6.317188329,-6.207260430,-5.428381552
2025-12-01 18:25:00,-5.799455750,-5.371115393,-5.948745163
2025-12-01 18:25:10,-6.009993836,-4.806116787,-5.546059093
2025-12-01 18:25:20,-5.335772457,-5.008144971,-6.024805490
2025-12-01 18:25:30,-6.588121602,-4.501750937,-5.417182183
2025-12-01 18:25:40,-6.014958003,-4.981556062,-5.497687581
2025-12-01 18:25:50,-5.679415969,-4.915083427,-6.294212187
2025-12-01 18:26:00,-6.535846717,-4.098078733,-5.390267165
2025-12-01 18:26:10,-7.612440173,-3.485605814,-5.682083883
2025-12-01 18:26:20,-7.922891355,-3.139009620,-5.540116610
2025-12-01 18:26:30,-7.502236273,-4.270775517,-4.350511705
2025-12-01 18:26:40,-7.688268840,-4.232319927,-5.499516098
2025-12-01 18:26:50,-7.403308921,-3.562329821,-5.312910297
2025-12-01 18:27:00,-7.827054742,-4.359173166,-4.783358553
2025-12-01 18:27:10,-7.807459915,-3.270973118,-4.755047816
2025-12-01 18:27:20,-7.731179049,-3.774321457,-5.038464575
2025-12-01 18:27:30,-7.480849474,-2.900155917,-5.116784182
2025-12-01 18:27:40,-8.435396005,-2.504873549,-4.423019034
2025-12-01 18:27:50,-7.891282770,-2.726252144,-4.107001898
2025-12-01 18:28:00,-7.942645912,-2.149011856,-5.198470605
2025-12-01 18:28:10,-8.662522866,-2.779933783,-4.635229588
2025-12-01 18:28:20,-8.593748637,-1.571822687,-3.614398849
2025-12-01 18:28:30,-8.973327299,-1.118216772,-4.148194122
2025-12-01 18:28:40,-9.280993872,-2.122332429,-4.882939815
2025-12-01 18:28:50,-9.310014275,-2.521333164,-2.767436462
2025-12-01 18:29:00,-9.235393010,-3.468265618,-2.810248114
2025-12-01 18:29:10,-8.449002160,-2.608920256,-2.793852135
2025-12-01 18:29:20,-8.961815883,-3.131099952,-3.141494477
2025-12-01 18:29:30,-9.081444389,-2.503716271,-3.250671944
2025-12-01 18:29:40,-8.783950885,-2.309085155,-3.437988555
2025-12-01 18:29:50,-9.208103756,-1.598275252,-3.070905036
2025-12-01 18:30:00,-9.100708446,-1.487748889,-4.056492091
2025-12-01 18:30:10,-8.898456828,-1.681006817,-4.345729652
2025-12-01 18:30:20,-8.854724379,-1.054145098,-4.040936505
2025-12-01 18:30:30,-8.238938609,0.204395716,-4.489082082
2025-12-01 18:30:40,-9.024920883,0.763921924,-5.206992517
2025-12-01 18:30:50,-8.437866121,1.660049795,-4.571845802
2025-12-01 18:31:00,-8.262106508,1.058122984,-4.527834365
2025-12-01 18:31:10,-8.443534234,1.616164503,-4.526294056
2025-12-01 18:31:20,-8.644718839,1.735626159,-4.409289227
2025-12-01 18:31:30,-8.706602982,1.158356544,-4.276164916
2025-12-01 18:31:40,-8.275142258,1.141742014,-4.628480101
2025-12-01 18:31:50,-8.240777649,1.978339764,-4.339673222
2025-12-01 18:32:00,-8.009489826,2.114351089,-4.921775340
2025-12-01 18:32:10,-7.827946863,3.267533967,-5.147307678
2025-12-01 18:32:20,-7.922076164,2.849975010,-4.681566880
2025-12-01 18:32:30,-7.836041632,2.539698913,-4.270153915
2025-12-01 18:32:40,-8.063786780,2.128768128,-4.677938299
2025-12-01 18:32:50,-8.040902396,2.193230082,-4.668773903
2025-12-01 18:33:00,-7.711424792,2.962369004,-5.389764510
2025-12-01 18:33:10,-7.957979369,4.004391302,-4.696557417
2025-12-01 18:33:20,-7.830820074,3.512630921,-4.203702022
2025-12-01 18:33:30,-6.823146426,3.252507936,-5.014568849
2025-12-01 18:33:40,-7.650200152,3.108762733,-5.188718997
2025-12-01 18:33:50,-8.089575585,3.039598403,-4.973958322
2025-12-01 18:34:00,-7.452469442,3.229954879,-4.894541668
2025-12-01 18:34:10,-7.431320239,3.986010094,-4.858423270
2025-12-01 18:34:20,-7.509892757,2.940181053,-4.808475635
2025-12-01 18:34:30,-8.146327391,4.004403698,-4.737452480
2025-12-01 18:34:40,-7.954061380,2.924564979,-4.601553814
2025-12-01 18:34:50,-8.456675917,2.739260197,-5.484014749
2025-12-01 18:35:00,-7.476382430,2.299159380,-5.341428435
2025-12-01 18:35:10,-7.218938399,2.214075439,-5.236323943
2025-12-01 18:35:20,-7.732347062,2.682629198,-4.606540338
2025-12-01 18:35:30,-8.038544485,2.119574986,-4.902564832
2025-12-01 18:35:40,-7.536970516,2.930035890,-4.600838305
2025-12-01 18:35:50,-7.231062938,2.774940465,-5.149751060
2025-12-01 18:36:00,-8.234369598,3.594898704,-3.670104110
2025-12-01 18:36:10,-8.229106071,2.400462249,-4.254694508
2025-12-01 18:36:20,-8.326306419,2.648980696,-4.490090554
2025-12-01 18:36:30,-7.852369987,1.807464739,-5.207157132
2025-12-01 18:36:40,-7.990088312,1.946902271,-5.318089678
2025-12-01 18:36:50,-7.658184750,2.879073174,-5.662282683
2025-12-01 18:37:00,-7.050676704,2.906816397,-5.804698166
2025-12-01 18:37:10,-7.037235912,2.264695066,-6.383151190
2025-12-01 18:37:20,-6.948657524,1.817917377,-5.819797458
2025-12-01 18:37:30,-7.311299592,2.103201882,-5.861698940
2025-12-01 18:37:40,-7.073357565,1.468119477,-6.116773894
2025-12-01 18:37:50,-7.297700121,2.240551680,-5.843917680
2025-12-01 18:38:00,-7.447924212,2.648163081,-6.221853673
2025-12-01 18:38:10,-6.006354296,3.500733437,-6.328798187
2025-12-01 18:38:20,-6.694866020,2.060275295,-6.336106073
2025-12-01 18:38:30,-6.876279633,1.685615148,-6.867947603
2025-12-01 18:38:40,-6.850165485,2.724956941,-6.269562033
2025-12-01 18:38:50,-6.799736517,2.775862049,-7.506850454
2025-12-01 18:39:00,-6.961257568,2.870762629,-5.908865683
2025-12-01 18:39:10,-6.873255298,3.286726206,-6.043261133
2025-12-01 18:39:20,-7.121193830,4.227638260,-5.654606344
2025-12-01 18:39:30,-6.716903547,3.516316255,-5.922877013
2025-12-01 18:39:40,-6.679183661,4.081404817,-5.942732252
2025-12-01 18:39:50,-7.464498515,3.565348045,-5.529516287
2025-12-01 18:40:00,-6.768691151,3.726707643,-5.782761733
2025-12-01 18:40:10,-7.095228946,4.293876035,-5.362175261
2025-12-01 18:40:20,-7.332158911,4.406796947,-5.289007332
2025-12-01 18:40:30,-7.086543112,3.636861261,-5.761609855
2025-12-01 18:40:40,-5.972061581,3.836626303,-5.919508546
2025-12-01 18:40:50,-6.727833202,3.788026351,-5.830269867
2025-12-01 18:41:00,-7.101466842,3.722258506,-5.741801166
2025-12-01 18:41:10,-7.101884612,4.111827657,-5.890997444
2025-12-01 18:41:20,-5.457045385,3.950925600,-6.367753989
2025-12-01 18:41:30,-6.623407087,4.107202762,-5.908231145
2025-12-01 18:41:40,-5.883147840,4.779158436,-6.079338038
2025-12-01 18:41:50,-7.292980783,3.588803247,-6.395697017
2025-12-01 18:42:00,-6.612938390,4.272643955,-5.294027656
2025-12-01 18:42:10,-7.154547996,3.708303992,-6.162965246
2025-12-01 18:42:20,-6.269652822,3.951249215,-6.119474163
2025-12-01 18:42:30,-6.177998957,3.991074816,-6.757281108
2025-12-01 18:42:40,-7.041033469,3.649603627,-6.373357451
2025-12-01 18:42:50,-6.621351084,3.488089662,-7.188739601
2025-12-01 18:43:00,-6.653724053,3.488063174,-6.554083777
2025-12-01 18:43:10,-6.532097896,2.896030718,-6.903301548
2025-12-01 18:43:20,-6.417236689,2.868140535,-6.841366428
2025-12-01 18:43:30,-7.018180822,3.205880829,-6.086329748
2025-12-01 18:43:40,-7.033915727,3.105573025,-6.369515917
2025-12-01 18:43:50,-6.703471818,2.816979895,-6.099828315
2025-12-01 18:44:00,-6.661797810,3.327561579,-6.052075630
2025-12-01 18:44:10,-6.612572424,4.212213321,-6.211665070
2025-12-01 18:44:20,-6.198715911,3.279262020,-5.658107171
2025-12-01 18:44:30,-7.557864053,3.480015253,-6.186662024
2025-12-01 18:44:40,-6.904664801,3.089614774,-5.864226990
2025-12-01 18:44:50,-6.923982284,3.752418123,-6.520888225
2025-12-01 18:45:00,-6.652904731,3.073049381,-6.659539072
2025-12-01 18:45:10,-6.606903934,2.104413133,-6.781194648
2025-12-01 18:45:20,-6.490728591,2.494653164,-6.522244559
2025-12-01 18:45:30,-6.484002772,2.368409938,-6.844702251
2025-12-01 18:45:40,-6.894836934,2.495371915,-6.575804295
2025-12-01 18:45:50,-6.509566776,3.200577877,-6.864073469
2025-12-01 18:46:00,-6.367988436,2.482814751,-7.096880953
2025-12-01 18:46:10,-6.558163987,3.039640835,-6.851363171
2025-12-01 18:46:20,-6.798179821,2.017602995,-6.167650131
2025-12-01 18:46:30,-6.353526412,2.752137004,-6.394530991
2025-12-01 18:46:40,-5.894157703,2.838613674,-6.990122493
2025-12-01 18:46:50,-6.425776583,3.136167241,-6.704686302
2025-12-01 18:47:00,-6.284196385,2.858995162,-6.962174635
2025-12-01 18:47:10,-7.205803145,3.278919427,-6.861314533
2025-12-01 18:47:20,-7.255129199,2.949113216,-6.273414074
2025-12-01 18:47:30,-6.454489672,2.802041507,-6.909022102
2025-12-01 18:47:40,-6.570628752,3.783736950,-5.666343299
2025-12-01 18:47:50,-7.093650121,2.745504703,-6.459691481
2025-12-01 18:48:00,-6.818209985,3.635165557,-7.361973971
2025-12-01 18:48:10,-6.264184725,4.059239012,-6.330177573
2025-12-01 18:48:20,-7.023142338,3.306063529,-5.655811326
2025-12-01 18:48:30,-6.086801782,3.781691860,-6.332034569
2025-12-01 18:48:40,-6.524729482,2.650108512,-7.049820515
2025-12-01 18:48:50,-7.356398542,2.834761808,-6.543925657
2025-12-01 18:49:00,-6.427601932,2.436848049,-7.206816734
2025-12-01 18:49:10,-7.220724023,1.844927702,-6.294928744
2025-12-01 18:49:20,-7.063957568,1.942666639,-7.149714332
2025-12-01 18:49:30,-6.755146359,1.722184640,-6.861937738
2025-12-01 18:49:40,-7.546600664,0.739177166,-6.239186783
2025-12-01 18:49:50,-7.827787682,0.631399445,-5.716297133
2025-12-01 18:50:00,-7.838185032,0.740399258,-5.908490930
2025-12-01 18:50:10,-7.253131897,1.990968386,-5.845049094
2025-12-01 18:50:20,-7.802835236,1.531127564,-5.627279371
2025-12-01 18:50:30,-7.662992790,1.768262863,-5.594575675
2025-12-01 18:50:40,-8.552556340,1.343720503,-5.620298953
2025-12-01 18:50:50,-7.669084472,0.394613912,-5.871599413
2025-12-01 18:51:00,-8.555029570,1.923484149,4.566725443
2025-12-01 18:51:10,-8.912398211,0.459122149,3.704817292
2025-12-01 18:51:20,-8.111205783,-0.577843784,5.164535564
2025-12-01 18:51:30,-6.805792831,-1.088670932,7.333428897
2025-12-01 18:51:40,-3.427329843,-0.270521630,9.194721961
2025-12-01 18:51:50,1.581985275,-2.392723217,9.422462466
2025-12-01 18:52:00,5.123885982,-3.794833859,7.639333765
2025-12-01 18:52:10,5.396773461,-4.849489293,6.395043885
2025-12-01 18:52:20,7.190780131,-3.359169486,6.074699517
2025-12-01 18:52:30,6.590803142,-4.524871528,5.580420422
2025-12-01 18:52:40,6.392156599,-4.498459869,5.647466750
2025-12-01 18:52:50,6.903421067,-5.169058182,4.335084745
2025-12-01 18:53:00,7.763286169,-4.317329367,4.012225564
2025-12-01 18:53:10,7.615608568,-5.343009552,3.446815559
2025-12-01 18:53:20,7.697516446,-4.968336075,3.728210113
2025-12-01 18:53:30,8.128134766,-4.675117547,3.073333171
2025-12-01 18:53:40,8.107245787,-4.845937114,3.870081854
2025-12-01 18:53:50,7.755083430,-4.686393334,3.475065919
2025-12-01 18:54:00,8.210840332,-4.616176807,3.760953938
2025-12-01 18:54:10,7.909972262,-4.564145680,3.907105303
2025-12-01 18:54:20,7.729820571,-4.873350007,4.133781520
2025-12-01 18:54:30,6.893131264,-5.122168882,4.913716934
2025-12-01 18:54:40,7.894802708,-4.919894088,3.446436486
2025-12-01 18:54:50,7.344166705,-5.035308009,4.487866369
2025-12-01 18:55:00,6.815662316,-4.366231960,4.809597045
2025-12-01 18:55:10,7.059492768,-2.612810671,6.318772280
2025-12-01 18:55:20,7.812865560,-1.266855886,5.622173097
2025-12-01 18:55:30,8.021234927,0.262338617,5.310054062
2025-12-01 18:55:40,8.332380523,1.221364431,5.019362580
2025-12-01 18:55:50,7.575511057,1.234986443,6.058006590
2025-12-01 18:56:00,7.977923075,2.100146122,5.561575291
2025-12-01 18:56:10,7.961493347,2.454871384,5.208999512
2025-12-01 18:56:20,7.952597200,3.909565570,4.347378391
2025-12-01 18:56:30,7.477556357,3.404708252,5.295747962
2025-12-01 18:56:40,8.243358314,1.353106268,4.899562398
2025-12-01 18:56:50,8.438800500,2.874500626,3.789929180
2025-12-01 18:57:00,8.346625040,-0.430337505,4.912417997
2025-12-01 18:57:10,8.842016852,0.135287198,4.837390120
2025-12-01 18:57:20,8.696941216,-0.024715510,4.795543943
2025-12-01 18:57:30,9.065171006,0.928935377,3.050660984
2025-12-01 18:57:40,7.975448065,0.685009846,5.707937353
2025-12-01 18:57:50,7.653100841,-0.273551981,6.420150476
2025-12-01 18:58:00,6.625943915,1.339655813,7.163086689
2025-12-01 18:58:10,5.174113249,2.779634165,8.158512120
2025-12-01 18:58:20,6.173733617,1.460423565,7.621516032
2025-12-01 18:58:30,6.510565359,0.986386863,7.469965624
2025-12-01 18:58:40,5.254648592,-0.658120843,8.211879414
2025-12-01 18:58:50,6.561476855,-0.993636159,7.267042199
2025-12-01 18:59:00,7.684162923,-2.284380414,5.536535960
2025-12-01 18:59:10,7.941201250,-1.247258944,5.813335259
2025-12-01 18:59:20,8.207161519,-2.050878164,5.063411802
2025-12-01 18:59:30,8.050557262,-2.026702231,5.095390694
2025-12-01 18:59:40,8.959743572,-1.635249821,3.359145943
2025-12-01 18:59:50,8.034918070,-1.329421211,6.063111582
2025-12-01 19:00:00,7.760128549,-0.759071270,5.930832795
2025-12-01 19:00:10,7.965745810,0.340423806,5.980805416
2025-12-01 19:00:20,6.097062976,1.477309466,7.584167031
2025-12-01 19:00:30,5.551865128,1.790818122,8.050112372
2025-12-01 19:00:40,6.912381419,1.040299897,6.930433749
2025-12-01 19:00:50,6.221433730,1.617918412,7.482172003
2025-12-01 19:01:00,6.164654491,0.827538948,7.782995969
2025-12-01 19:01:10,7.022305667,1.064396490,6.787012953
2025-12-01 19:01:20,7.169397048,0.699065101,6.387288226
2025-12-01 19:01:30,7.221448157,-0.561202988,6.530698467
2025-12-01 19:01:40,7.848926117,0.307423122,6.235376936
2025-12-01 19:01:50,8.344677965,0.210546966,5.083453208
2025-12-01 19:02:00,8.050975091,-0.856013456,5.648608883
2025-12-01 19:02:10,7.069795472,-0.654304368,6.560432399
2025-12-01 19:02:20,7.389672661,1.023744298,6.560053783
2025-12-01 19:02:30,8.841162158,0.178590138,4.797062574
2025-12-01 19:02:40,8.068453748,0.038331642,5.548267338
2025-12-01 19:02:50,8.284391299,-0.024079995,5.327386193
2025-12-01 19:03:00,8.148496624,-0.751146319,5.122376377
2025-12-01 19:03:10,8.955565872,-1.403643563,4.228582104
2025-12-01 19:03:20,9.394101665,-1.087906305,2.829127157
2025-12-01 19:03:30,9.360749798,-1.588069517,2.339445000
2025-12-01 19:03:40,9.039858490,-2.358657172,2.263740926
2025-12-01 19:03:50,8.720210483,-3.044301358,3.561800805
2025-12-01 19:04:00,8.814541022,-3.314904583,3.523626552
2025-12-01 19:04:10,8.445100647,-3.478877300,2.900514693
2025-12-01 19:04:20,8.804475934,-3.080112441,2.908634497
2025-12-01 19:04:30,8.883432399,-3.081247720,2.471847206
2025-12-01 19:04:40,9.578467569,-1.522398124,1.538483243
2025-12-01 19:04:50,9.881828830,-1.561011689,0.341623091
2025-12-01 19:05:00,9.941251675,-0.564485828,0.069294785
2025-12-01 19:05:10,9.786041607,-0.788438171,1.082705442
2025-12-01 19:05:20,9.584442548,-1.198708801,-0.170832476
2025-12-01 19:05:30,9.779503524,-2.470266342,0.740560394
2025-12-01 19:05:40,9.385898879,-3.047222229,1.050237495
2025-12-01 19:05:50,9.741530288,-2.019598148,0.935055833
2025-12-01 19:06:00,9.444755215,-2.648060507,1.712460843
2025-12-01 19:06:10,9.014060753,-2.586150389,2.859822293
2025-12-01 19:06:20,9.578887218,-2.663969379,1.537190540
2025-12-01 19:06:30,9.056425388,-2.754419838,1.987955054
2025-12-01 19:06:40,9.080486236,-3.891511411,1.749049421
2025-12-01 19:06:50,8.941931133,-3.301073414,0.401414784
2025-12-01 19:07:00,8.715722624,-4.075391855,1.131222532
2025-12-01 19:07:10,8.996830275,-4.211949249,1.305053507
2025-12-01 19:07:20,8.569337956,-4.670473914,1.405153338
2025-12-01 19:07:30,8.191828291,-4.955150972,1.054855225
2025-12-01 19:07:40,8.129544698,-5.286859590,1.470319441
2025-12-01 19:07:50,6.969421952,-6.062382770,2.819086222
2025-12-01 19:08:00,6.956523140,-6.117805263,2.911957934
2025-12-01 19:08:10,7.583382520,-5.518529798,3.174255546
2025-12-01 19:08:20,6.983141128,-6.210130648,3.282509535
2025-12-01 19:08:30,6.866746735,-6.694824342,2.251492086
2025-12-01 19:08:40,7.082820015,-6.761114223,1.899938704
2025-12-01 19:08:50,7.016785618,-6.510702513,2.592882856
2025-12-01 19:09:00,7.033269260,-6.192715859,2.199289200
2025-12-01 19:09:10,7.287758572,-5.603155683,2.146235854
2025-12-01 19:09:20,7.079650273,-6.613676980,2.259259010
2025-12-01 19:09:30,6.650342545,-5.920692680,3.692239540
2025-12-01 19:09:40,6.417885882,-5.898182712,4.092262600
2025-12-01 19:09:50,6.259513118,-6.416562923,3.470950948
2025-12-01 19:10:00,7.154399916,-5.718370068,3.539020299
2025-12-01 19:10:10,7.444486572,-5.232272702,3.608255034
2025-12-01 19:10:20,7.556235056,-5.717831545,3.395097321
2025-12-01 19:10:30,7.272177774,-5.927802642,2.496733384
2025-12-01 19:10:40,7.467706674,-5.590861039,3.159606836
2025-12-01 19:10:50,6.943953843,-6.222329192,3.696551958
2025-12-01 19:11:00,7.803610858,-5.711242232,2.176305469
2025-12-01 19:11:10,6.981372263,-6.575322243,0.803234802
2025-12-01 19:11:20,6.583990746,-6.722857739,2.656881048
2025-12-01 19:11:30,5.813848234,-7.233083841,3.158428070
2025-12-01 19:11:40,6.003177264,-7.012007230,3.849533931
2025-12-01 19:11:50,5.810522103,-6.851947242,3.969683606
2025-12-01 19:12:00,6.621329107,-6.169219999,4.033235952
2025-12-01 19:12:10,6.722608208,-5.367579962,4.956498148
2025-12-01 19:12:20,6.798348671,-5.164007377,4.754984607
2025-12-01 19:12:30,7.130948981,-4.866702311,4.728189644
2025-12-01 19:12:40,6.603207059,-4.930726466,5.446217286
2025-12-01 19:12:50,6.634423376,-4.539880691,5.574992638
2025-12-01 19:13:00,5.490449999,-4.543075741,6.178724927
2025-12-01 19:13:10,6.905328682,-3.299465106,6.382079305
2025-12-01 19:13:20,6.867297570,-3.713569453,6.083147611
2025-12-01 19:13:30,6.931348149,-3.531449684,6.460880472
2025-12-01 19:13:40,7.094018742,-3.588093681,5.516007656
2025-12-01 19:13:50,7.480089118,-3.126762403,5.455669855
2025-12-01 19:14:00,7.580785301,-2.930518505,5.124441219
2025-12-01 19:14:10,8.276942399,-3.159641482,4.990434777
2025-12-01 19:14:20,8.057737227,-2.173930120,5.344079457
2025-12-01 19:14:30,7.935624811,-2.732010680,5.389521670
2025-12-01 19:14:40,7.955056391,-1.848859956,5.357025857
2025-12-01 19:14:50,8.076022267,-1.838239462,5.317399998
2025-12-01 19:15:00,8.039525355,-2.030296015,5.059849949
2025-12-01 19:15:10,8.363794649,-1.618597768,4.936031181
2025-12-01 19:15:20,8.317064239,-1.952306780,4.750001958
2025-12-01 19:15:30,7.635469986,-2.055930186,5.780457624
2025-12-01 19:15:40,7.419988931,-1.806102682,5.753941511
2025-12-01 19:15:50,8.276294834,-1.600836214,5.063572812
2025-12-01 19:16:00,8.280595143,-2.480538374,4.506742228
2025-12-01 19:16:10,7.751846908,-2.342490953,5.087071971
2025-12-01 19:16:20,7.733305508,-1.800786171,5.385671352
2025-12-01 19:16:30,7.887729079,-1.141388667,5.758811556
2025-12-01 19:16:40,8.032497519,-1.166351054,5.449768030
2025-12-01 19:16:50,8.097367727,-1.533194863,5.239725298
2025-12-01 19:17:00,8.047450171,-1.701787085,5.557479640
2025-12-01 19:17:10,7.770479250,-1.772350388,5.414665080
2025-12-01 19:17:20,7.916169375,-1.556212562,5.672958189
2025-12-01 19:17:30,7.414000611,-1.301971587,6.403406662
2025-12-01 19:17:40,7.091233717,-1.965152833,6.264604748
2025-12-01 19:17:50,7.437010305,-2.387488440,5.357217336
2025-12-01 19:18:00,7.507182888,-1.853494321,6.414403032
2025-12-01 19:18:10,7.140877188,-2.552449284,6.344904910
2025-12-01 19:18:20,7.098301531,-2.851282405,6.053212825
2025-12-01 19:18:30,6.853140624,-2.881760617,6.346567652
2025-12-01 19:18:40,7.036182148,-3.131705995,6.121058439
2025-12-01 19:18:50,6.600335043,-2.708145762,7.148212988
2025-12-01 19:19:00,6.086894836,-3.463637146,6.564377584
2025-12-01 19:19:10,6.477546123,-3.724300274,6.285766381
2025-12-01 19:19:20,6.241949391,-3.403928671,6.586889964
2025-12-01 19:19:30,5.512232271,-3.971357633,7.174768129
2025-12-01 19:19:40,5.690876989,-3.341815910,7.525513483
2025-12-01 19:19:50,6.230905040,-2.763412480,7.342964817
2025-12-01 19:20:00,5.712383400,-2.627500980,7.509462872
2025-12-01 19:20:10,5.822706050,-2.831832481,7.507191475
2025-12-01 19:20:20,6.398074237,-2.921403010,7.069917814
2025-12-01 19:20:30,6.168734309,-3.872097730,6.745705457
2025-12-01 19:20:40,5.867921566,-2.952418220,7.400857739
2025-12-01 19:20:50,5.052175463,-3.300013426,7.769801601
2025-12-01 19:21:00,4.731233906,-3.558113248,8.031306001
2025-12-01 19:21:10,5.046977948,-4.706237554,7.093672798
2025-12-01 19:21:20,5.043261249,-4.487229244,6.946759690
2025-12-01 19:21:30,5.832322971,-4.547959696,6.292394683
2025-12-01 19:21:40,6.119776100,-4.313017401,6.355534225
2025-12-01 19:21:50,5.985571699,-3.644506627,6.990642297
2025-12-01 19:22:00,5.455065091,-3.065481665,7.228504014
2025-12-01 19:22:10,5.312168388,-2.927547653,7.592264925
2025-12-01 19:22:20,5.640908964,-2.921649196,7.246928840
2025-12-01 19:22:30,6.324506623,-2.970441491,6.915859578
2025-12-01 19:22:40,5.835945063,-1.874578148,7.643789585
2025-12-01 19:22:50,5.380183604,-2.530914483,7.959495844
2025-12-01 19:23:00,5.359808897,-2.772262172,7.545127763
2025-12-01 19:23:10,5.797630320,-2.925197794,7.269275404
2025-12-01 19:23:20,5.754764277,-2.089774590,7.694334193
2025-12-01 19:23:30,5.644174379,-2.394569464,7.384524769
2025-12-01 19:23:40,5.271004500,-2.348690416,7.975681631
2025-12-01 19:23:50,5.641946960,-2.621382629,7.674451925
2025-12-01 19:24:00,5.333393505,-2.924203977,7.474718145
2025-12-01 19:24:10,5.933158377,-2.591083358,7.424673861
2025-12-01 19:24:20,6.141093574,-2.614028135,6.989900017
2025-12-01 19:24:30,6.453097448,-3.183654038,6.499745005
2025-12-01 19:24:40,6.690421523,-2.884461759,6.663806148
2025-12-01 19:24:50,6.525440715,-2.775708791,6.730432567
2025-12-01 19:25:00,6.921000865,-3.086226363,5.752003750
2025-12-01 19:25:10,7.522483494,-2.568627682,5.333192860
2025-12-01 19:25:20,8.093383865,-2.334988934,5.361567502
2025-12-01 19:25:30,7.052701224,-2.463869000,5.998787949
2025-12-01 19:25:40,7.051049503,-2.640551763,5.845290798
2025-12-01 19:25:50,7.415837281,-3.099951026,5.536342472
2025-12-01 19:26:00,7.913810633,-2.220282979,5.701327642
2025-12-01 19:26:10,7.921638753,-1.745233526,5.439968674
2025-12-01 19:26:20,7.739067537,-1.765048070,5.429985071
2025-12-01 19:26:30,7.637646822,-1.886815629,6.150295143
2025-12-01 19:26:40,7.189056809,-2.249155808,6.235553280
2025-12-01 19:26:50,6.867094214,-2.674442490,6.340698318
2025-12-01 19:27:00,7.008108726,-2.562244455,5.974277523
2025-12-01 19:27:10,7.194778584,-2.852648346,6.252253261
2025-12-01 19:27:20,6.974492966,-2.922916132,6.072997739
2025-12-01 19:27:30,7.037414342,-3.016420324,6.058590382
2025-12-01 19:27:40,7.089036084,-2.954272368,6.100867404
2025-12-01 19:27:50,7.433327922,-3.304876859,5.332919404
2025-12-01 19:28:00,7.357316146,-4.017133765,4.740416581
2025-12-01 19:28:10,7.536806818,-3.759604982,4.997939126
2025-12-01 19:28:20,7.390371745,-3.885169219,4.865950010
2025-12-01 19:28:30,7.133071229,-4.789874946,4.723274628
2025-12-01 19:28:40,7.011354807,-4.496324656,5.073864082
2025-12-01 19:28:50,7.094083556,-4.773685255,4.755606170
2025-12-01 19:29:00,7.108406300,-4.999988157,3.857718049
2025-12-01 19:29:10,7.429010127,-4.626639174,4.229423095
2025-12-01 19:29:20,7.596512339,-4.734761069,3.734237350
2025-12-01 19:29:30,7.095080526,-5.397783049,3.778093708
2025-12-01 19:29:40,7.312587057,-5.225729677,4.154644058
2025-12-01 19:29:50,6.798198347,-5.649507154,4.211897978
2025-12-01 19:30:00,7.225300000,-5.359598073,4.190426656
2025-12-01 19:30:10,7.022008614,-4.995212953,4.363199802
2025-12-01 19:30:20,6.723799562,-4.697260252,5.115506921
2025-12-01 19:30:30,6.895396668,-4.269266094,5.591903260
2025-12-01 19:30:40,6.798412736,-4.200572791,5.821802190
2025-12-01 19:30:50,6.747957490,-4.219520073,5.726526021
2025-12-01 19:31:00,6.872814427,-4.471908950,5.661615072
2025-12-01 19:31:10,6.058553075,-4.906615029,5.701424836
2025-12-01 19:31:20,6.449051276,-4.249484201,5.750845069
2025-12-01 19:31:30,6.362127861,-3.949508394,5.938612010
2025-12-01 19:31:40,6.051968431,-3.912967374,6.454326221
2025-12-01 19:31:50,5.252931687,-4.061045435,7.036314492
2025-12-01 19:32:00,5.884405893,-3.854876277,7.214964884
2025-12-01 19:32:10,5.946204388,-3.472334023,6.748414912
2025-12-01 19:32:20,6.197445432,-3.693517241,6.693020443
2025-12-01 19:32:30,6.115755309,-4.077927070,6.529553899
2025-12-01 19:32:40,5.953339396,-4.070777341,6.258655258
2025-12-01 19:32:50,6.360857655,-4.051154391,6.313423692
2025-12-01 19:33:00,6.683296407,-4.154678569,5.520131851
2025-12-01 19:33:10,6.879995268,-4.409618519,5.801854037
2025-12-01 19:33:20,6.587718662,-4.719488417,5.450022487
2025-12-01 19:33:30,6.631539346,-4.402846587,5.564169770
2025-12-01 19:33:40,6.830714386,-4.198957110,5.646370261
2025-12-01 19:33:50,6.731390903,-4.271013226,5.525197107
2025-12-01 19:34:00,7.311531527,-4.363256632,5.476023240
2025-12-01 19:34:10,7.494107995,-4.443133730,4.875350132
2025-12-01 19:34:20,7.389916385,-4.282874149,5.065751525
2025-12-01 19:34:30,7.742406209,-4.353118152,4.699139706
2025-12-01 19:34:40,7.679977303,-3.709430564,5.026306806
2025-12-01 19:34:50,7.582231531,-3.896775290,4.910894763
2025-12-01 19:35:00,7.762681565,-3.336406186,4.686047623
2025-12-01 19:35:10,7.559016267,-3.535737419,4.827775966
2025-12-01 19:35:20,7.593480848,-3.493272930,4.897918093
2025-12-01 19:35:30,7.928658060,-3.371549091,5.299702997
2025-12-01 19:35:40,7.313965294,-3.793416982,5.332286817
2025-12-01 19:35:50,7.725099405,-3.353939139,4.994293361
2025-12-01 19:36:00,7.433112747,-3.717719995,5.518508558
2025-12-01 19:36:10,7.539522101,-3.948272077,5.210808749
2025-12-01 19:36:20,7.027034735,-3.901873027,5.253428724
2025-12-01 19:36:30,6.733304011,-3.645219997,5.748484837
2025-12-01 19:36:40,7.264131982,-2.951464639,5.871524566
2025-12-01 19:36:50,7.626845798,-3.255035300,5.473877372
2025-12-01 19:37:00,7.708303467,-3.059099804,5.203837267
2025-12-01 19:37:10,7.418525523,-3.423680012,5.212371413
2025-12-01 19:37:20,7.345130839,-3.231741227,5.351868792
2025-12-01 19:37:30,7.262013987,-3.453047170,5.481939352
2025-12-01 19:37:40,7.437640918,-2.960999671,6.134335669
2025-12-01 19:37:50,7.444427174,-2.040719211,6.021870641
2025-12-01 19:38:00,7.357886095,-2.475094685,6.025404674
2025-12-01 19:38:10,7.445150413,-1.954552210,5.944016139
2025-12-01 19:38:20,7.331790909,-2.516484880,6.026978446
2025-12-01 19:38:30,7.500506172,-2.287937934,6.051610400
2025-12-01 19:38:40,7.510724517,-2.365088156,6.120994068
2025-12-01 19:38:50,7.431541516,-1.666496306,6.087320354
2025-12-01 19:39:00,7.347764483,-1.961114951,6.329787718
2025-12-01 19:39:10,7.286913621,-1.629951922,6.541020612
2025-12-01 19:39:20,7.147688575,-1.838969258,6.673025110
2025-12-01 19:39:30,7.377045730,-1.425305987,6.315186077
2025-12-01 19:39:40,6.778175980,-1.594969219,6.557296604
2025-12-01 19:39:50,7.285645426,-1.498244933,6.465074676
2025-12-01 19:40:00,6.987023248,-1.541174504,6.738731805
2025-12-01 19:40:10,7.396116586,-0.508616184,6.700453182
2025-12-01 19:40:20,7.542532336,-0.522682269,6.453835507
2025-12-01 19:40:30,7.312980339,-0.842572825,6.713134022
2025-12-01 19:40:40,7.089835993,-0.624990520,6.528614461
2025-12-01 19:40:50,7.184743541,-0.590674172,6.355616213
2025-12-01 19:41:00,7.077778276,-0.956241641,6.349720325
2025-12-01 19:41:10,6.771047167,-1.069746648,7.179668104
2025-12-01 19:41:20,6.927035467,-1.042467810,6.880246879
2025-12-01 19:41:30,6.798442202,-0.592540844,7.255955174
2025-12-01 19:41:40,7.122705545,-0.995090070,6.662062359
2025-12-01 19:41:50,6.929425832,-0.730294989,6.632887232
2025-12-01 19:42:00,7.162766118,-0.587126139,6.470409638
2025-12-01 19:42:10,7.403809470,-0.456568195,6.643026701
2025-12-01 19:42:20,7.391414503,-0.409987811,6.450968025
2025-12-01 19:42:30,6.626545456,0.009537817,7.091752892
2025-12-01 19:42:40,7.344072624,-0.735983173,6.865568190
2025-12-01 19:42:50,6.914306201,-1.066010848,6.857957900
2025-12-01 19:43:00,6.967216691,-1.092700549,7.004901395
2025-12-01 19:43:10,6.809808412,-1.487326667,6.736207279
2025-12-01 19:43:20,6.400503963,-1.162588588,7.112467085
2025-12-01 19:43:30,6.559428850,-1.492037454,7.102117949
2025-12-01 19:43:40,6.239623464,-1.094108578,7.588488491
2025-12-01 19:43:50,6.486947551,-1.628353342,7.215619942
2025-12-01 19:44:00,6.489275718,-1.786840557,7.073450928
2025-12-01 19:44:10,6.784573158,-1.508129373,6.858647963
2025-12-01 19:44:20,6.932455425,-1.520540237,6.594221199
2025-12-01 19:44:30,6.847437329,-1.622656668,6.430438160
2025-12-01 19:44:40,7.568567046,-2.098650414,6.001190846
2025-12-01 19:44:50,7.475376272,-1.988607874,5.832054071
2025-12-01 19:45:00,7.473765162,-2.126490735,6.296608689
2025-12-01 19:45:10,7.304632683,-2.015653515,6.192498125
2025-12-01 19:45:20,7.584613437,-1.563217893,5.733310316
2025-12-01 19:45:30,7.811485333,-1.530292433,5.961943010
2025-12-01 19:45:40,7.726389939,-1.869590237,6.103942486
2025-12-01 19:45:50,8.014737337,-1.870412432,5.632654986
2025-12-01 19:46:00,7.864427116,-1.710078944,5.566143787
2025-12-01 19:46:10,7.944143510,-1.605237320,5.694673916
2025-12-01 19:46:20,8.110853799,-2.067789579,5.388978242
2025-12-01 19:46:30,8.240584739,-1.724297379,5.230373460
2025-12-01 19:46:40,8.462069823,-1.333620797,4.714588740
2025-12-01 19:46:50,8.533164136,-1.507761744,4.669509754
2025-12-01 19:47:00,8.932974660,-1.403725570,4.460229425
2025-12-01 19:47:10,8.642353471,-1.247176293,4.131567729
2025-12-01 19:47:20,8.841726206,-0.999321683,4.086081981
2025-12-01 19:47:30,8.339405243,-0.695913386,4.442586211
2025-12-01 19:47:40,8.651389237,-1.013385894,4.529908414
2025-12-01 19:47:50,8.475895583,-1.525049061,4.535474204
2025-12-01 19:48:00,8.678177196,-1.791525566,4.532153384
2025-12-01 19:48:10,8.622339641,-1.297323018,4.272798913
2025-12-01 19:48:20,8.549743037,-1.474740502,4.421591262
2025-12-01 19:48:30,8.617644085,-1.290359483,4.211538885
2025-12-01 19:48:40,8.764268508,-1.239677111,4.247549363
2025-12-01 19:48:50,8.881633442,-0.874727216,4.291664806
2025-12-01 19:49:00,8.756538999,-0.819589207,4.421887693
2025-12-01 19:49:10,8.633788747,-0.983990040,4.292091648
2025-12-01 19:49:20,8.836697679,-1.119737092,4.219552973
2025-12-01 19:49:30,8.607574592,-1.012753380,4.327565275
2025-12-01 19:49:40,8.764336594,-0.733544683,4.267057858
2025-12-01 19:49:50,8.620290822,-0.922470001,4.491031121
2025-12-01 19:50:00,8.955557460,-0.250175722,4.010414994
2025-12-01 19:50:10,8.900035909,-0.870969938,3.909147087
2025-12-01 19:50:20,8.843496379,-0.583179060,4.249583345
2025-12-01 19:50:30,8.862048451,-1.059012921,4.135415307
2025-12-01 19:50:40,8.895867219,-1.171987143,4.086421276
2025-12-01 19:50:50,8.555294477,-1.485391548,4.269552624
2025-12-01 19:51:00,8.640871916,-1.759493209,4.249526670
2025-12-01 19:51:10,8.440718638,-1.626263404,4.704967599
2025-12-01 19:51:20,8.612075737,-2.151150705,4.645751872
2025-12-01 19:51:30,8.327338679,-2.082168638,4.595515787
2025-12-01 19:51:40,8.363129567,-1.802065737,4.727137075
2025-12-01 19:51:50,8.595179819,-1.791593293,4.241976007
2025-12-01 19:52:00,8.335315037,-1.447339742,4.805867214
2025-12-01 19:52:10,8.163051532,-1.809784507,4.730719932
2025-12-01 19:52:20,8.754735511,-1.369445634,4.784552935
2025-12-01 19:52:30,8.952464592,-1.230819926,4.302887580
2025-12-01 19:52:40,8.549088833,-1.232746750,4.130212826
2025-12-01 19:52:50,8.905075548,-1.158482101,4.457504638
2025-12-01 19:53:00,8.555791859,-0.794967930,4.623992405
2025-12-01 19:53:10,8.820620181,-1.016985044,4.603979872
2025-12-01 19:53:20,8.296874036,-1.127652646,4.565115515
2025-12-01 19:53:30,8.916260913,-0.628107352,4.278501865
2025-12-01 19:53:40,8.925387085,-1.054324342,4.108841060
2025-12-01 19:53:50,8.772959169,-1.191808357,3.902231155
2025-12-01 19:54:00,8.805433102,-1.285492579,4.200650809
2025-12-01 19:54:10,8.513276117,-1.290562247,4.294803665
2025-12-01 19:54:20,8.797979332,-0.959975164,3.894242773
2025-12-01 19:54:30,8.736446880,-1.068326466,4.115744315
2025-12-01 19:54:40,8.477078912,-0.890983373,3.945384188
2025-12-01 19:54:50,8.862044673,-0.284854794,4.266593860
2025-12-01 19:55:00,8.830108780,-0.239993122,4.240573136
2025-12-01 19:55:10,8.842923919,-0.072983594,4.454200621
2025-12-01 19:55:20,8.623857496,-0.043768682,4.492613910
2025-12-01 19:55:30,8.843143517,-0.188671367,4.394084896
2025-12-01 19:55:40,9.057725382,0.206550937,4.159120798
2025-12-01 19:55:50,8.824103082,-0.046279794,4.426355676
2025-12-01 19:56:00,8.855926877,0.370868184,4.728370875
2025-12-01 19:56:10,9.194253446,0.536971309,4.485920109
2025-12-01 19:56:20,8.927218756,0.579614139,4.011655365
2025-12-01 19:56:30,8.712446213,0.149539230,4.507988619
2025-12-01 19:56:40,8.900697889,0.217294197,4.465557776
2025-12-01 19:56:50,8.641120322,0.202544937,4.688324796
2025-12-01 19:57:00,8.546755036,-0.316590982,4.910525772
2025-12-01 19:57:10,8.574301257,-0.386794124,4.864005642
2025-12-01 19:57:20,8.168929973,-0.647971901,4.797739883
2025-12-01 19:57:30,8.270275898,-0.968352392,5.192590522
2025-12-01 19:57:40,8.132693293,-0.575294022,5.276207053
2025-12-01 19:57:50,8.154746666,-0.322245583,5.204021645
2025-12-01 19:58:00,8.489696031,-0.114257470,5.173273454
2025-12-01 19:58:10,8.289578530,-0.335086451,4.967968136
2025-12-01 19:58:20,8.199921466,-0.537600419,5.037359055
2025-12-01 19:58:30,8.128907680,-0.283228026,5.662312054
2025-12-01 19:58:40,7.707444550,-0.159864993,5.418435412
2025-12-01 19:58:50,8.066665414,-0.128124421,5.239413461
2025-12-01 19:59:00,8.185555208,0.546753635,5.165744197
2025-12-01 19:59:10,8.237497965,0.133531788,4.714621692
2025-12-01 19:59:20,8.283953405,0.603776922,4.562689841
2025-12-01 19:59:30,8.236473342,0.227452291,4.916233428
2025-12-01 19:59:40,8.652752873,0.196518528,4.966940064
2025-12-01 19:59:50,8.469784721,0.002443735,4.819891365
2025-12-01 20:00:00,8.621753406,-0.073871746,4.590837549
2025-12-01 20:00:10,8.602647483,0.024935294,4.655425912
2025-12-01 20:00:20,8.809908995,0.110292148,4.577058284
2025-12-01 20:00:30,8.587000389,0.095469378,4.368361503
2025-12-01 20:00:40,8.746074059,-0.052470786,3.919323380
2025-12-01 20:00:50,8.900355217,-0.065915977,4.422152555
2025-12-01 20:01:00,8.803678080,-0.702013972,4.363310877
2025-12-01 20:01:10,8.999240503,-0.388970713,3.831476143
2025-12-01 20:01:20,8.944766294,-0.246373658,4.129175804
2025-12-01 20:01:30,9.018941701,-0.294703398,4.222050283
2025-12-01 20:01:40,8.850563170,-0.395557826,4.103272006
2025-12-01 20:01:50,8.803057390,0.112945672,4.073269257
2025-12-01 20:02:00,8.950257979,-0.053806354,3.970427769
2025-12-01 20:02:10,9.045189525,0.067679688,4.189983336
2025-12-01 20:02:20,8.977877616,0.029005162,4.042812972
2025-12-01 20:02:30,9.041261415,0.282255645,4.113325206
2025-12-01 20:02:40,9.021949186,0.380761731,4.071798950
2025-12-01 20:02:50,9.075739200,0.530239928,3.779331390
2025-12-01 20:03:00,8.860438173,0.305861090,4.268340743
2025-12-01 20:03:10,8.747070954,0.310755783,4.139880375
2025-12-01 20:03:20,8.961862550,-0.066232162,3.963035084
2025-12-01 20:03:30,8.437492544,-0.316002805,4.749311078
2025-12-01 20:03:40,8.444534147,-0.004819688,4.591592850
2025-12-01 20:03:50,8.722509207,-0.227481482,4.467058285
2025-12-01 20:04:00,8.740848452,-0.527103329,4.703223942
2025-12-01 20:04:10,8.522456955,-0.674123688,4.633277470
2025-12-01 20:04:20,8.474199993,-0.582762290,4.750252514
2025-12-01 20:04:30,8.547576168,-0.712747167,5.126306179
2025-12-01 20:04:40,8.204115642,-0.586907798,4.921531272
2025-12-01 20:04:50,7.935389628,-0.439971137,5.454380997
2025-12-01 20:05:00,8.095138001,-0.703664656,5.778749761
2025-12-01 20:05:10,7.967796386,-0.468095201,5.436440826
2025-12-01 20:05:20,7.959881087,-0.111699991,5.150904910
2025-12-01 20:05:30,7.913925974,-0.232389813,5.804930302
2025-12-01 20:05:40,8.332146060,0.014022149,5.480274163
2025-12-01 20:05:50,8.101026476,-0.230440295,5.493141929
2025-12-01 20:06:00,8.455921861,-0.254521657,5.153888776
2025-12-01 20:06:10,8.266130572,-0.345306496,5.273575243
2025-12-01 20:06:20,8.598224836,-0.161753390,4.887682847
2025-12-01 20:06:30,8.456532992,-0.213823540,5.476345357
2025-12-01 20:06:40,8.442235363,0.221120150,5.440513027
2025-12-01 20:06:50,8.523470486,0.157575279,5.442808482
2025-12-01 20:07:00,8.430687683,0.180556584,4.712398344
2025-12-01 20:07:10,8.377333755,-0.040676467,5.030163764
2025-12-01 20:07:20,8.488454968,-0.080205535,4.952150322
2025-12-01 20:07:30,8.631671050,-0.234518079,4.705170990
2025-12-01 20:07:40,8.486794612,0.293692444,4.795044314
2025-12-01 20:07:50,8.781831534,-0.083367987,4.343334640
2025-12-01 20:08:00,8.177707838,0.435999784,4.736451011
2025-12-01 20:08:10,8.609359724,0.828380208,4.814353872
2025-12-01 20:08:20,8.349852035,0.916967364,4.733393793
2025-12-01 20:08:30,8.562070329,0.901500661,4.531763875
2025-12-01 20:08:40,8.257521793,1.235816368,4.714051632
2025-12-01 20:08:50,8.450015177,1.223479590,5.033723297
2025-12-01 20:09:00,8.487832514,1.345826393,5.137352284
2025-12-01 20:09:10,8.094870079,2.010909181,5.569260944
2025-12-01 20:09:20,7.780265406,1.892396399,5.586751360
2025-12-01 20:09:30,7.763523826,1.778264198,5.564126969
2025-12-01 20:09:40,7.914339745,2.240198614,5.304050608
2025-12-01 20:09:50,7.712303983,2.425771753,5.618156478
2025-12-01 20:10:00,7.681560133,2.568483325,5.668196897
2025-12-01 20:10:10,7.697651759,2.334732922,5.909448976
2025-12-01 20:10:20,8.080962583,2.097994815,5.657780096
2025-12-01 20:10:30,7.916200519,1.815231923,5.512364711
2025-12-01 20:10:40,7.778052404,1.907995485,5.441899064
2025-12-01 20:10:50,7.883234208,1.833773593,5.684542529
2025-12-01 20:11:00,7.801932849,1.943014197,5.564078553
2025-12-01 20:11:10,7.596466734,1.492420600,5.883483498
2025-12-01 20:11:20,7.449364392,1.237633934,6.077967017
2025-12-01 20:11:30,7.285621928,1.337403926,6.446035415
2025-12-01 20:11:40,7.158072136,1.508111503,6.131721477
2025-12-01 20:11:50,6.900467829,1.829896912,6.662571597
2025-12-01 20:12:00,7.140254443,1.838065197,6.564765907
2025-12-01 20:12:10,6.731183165,1.631303646,6.879383993
2025-12-01 20:12:20,6.602542182,1.733157090,7.091430154
2025-12-01 20:12:30,7.031026571,1.914961983,7.079180363
2025-12-01 20:12:40,6.919827873,1.704191589,6.597768638
2025-12-01 20:12:50,6.704509240,1.932372691,6.941642643
2025-12-01 20:13:00,7.024684516,2.415517197,6.598228854
2025-12-01 20:13:10,7.041907490,2.091416979,6.789707823
2025-12-01 20:13:20,6.653761603,1.599420594,6.809582202
2025-12-01 20:13:30,6.681979994,1.251411969,7.020441614
2025-12-01 20:13:40,6.731533727,1.857237913,6.786275549
2025-12-01 20:13:50,7.079481377,1.939956791,6.817088837
2025-12-01 20:14:00,6.679123292,1.730073316,7.016983042
2025-12-01 20:14:10,6.715549911,1.511697602,7.099105993
2025-12-01 20:14:20,6.673519757,1.840453742,7.115049697
2025-12-01 20:14:30,6.779863221,1.863890944,6.970641409
2025-12-01 20:14:40,6.505059733,1.466296368,7.304424667
2025-12-01 20:14:50,6.566446414,1.577223635,7.382327931
2025-12-01 20:15:00,6.744919794,1.645611739,7.261744803
2025-12-01 20:15:10,6.328682130,1.255090924,7.297094556
2025-12-01 20:15:20,6.248635896,1.712807159,7.294462160
2025-12-01 20:15:30,6.375502522,1.456069054,7.519892543
2025-12-01 20:15:40,6.250724008,1.329179706,7.330310211
2025-12-01 20:15:50,6.231533835,1.453457281,7.505182519
2025-12-01 20:16:00,6.206758012,1.060661116,7.493869917
2025-12-01 20:16:10,6.041204561,1.039812229,7.329304393
2025-12-01 20:16:20,6.248085461,1.539314659,7.431359260
2025-12-01 20:16:30,5.817659053,1.468906284,7.698963413
2025-12-01 20:16:40,6.095964516,1.387150947,7.632773410
2025-12-01 20:16:50,5.828444755,1.574058977,7.464186800
2025-12-01 20:17:00,5.687464265,1.776082223,7.805126946
2025-12-01 20:17:10,5.790994341,1.661325880,7.526854939
2025-12-01 20:17:20,5.348436341,2.258031956,7.741746591
2025-12-01 20:17:30,5.412819561,2.171039949,7.741885723
2025-12-01 20:17:40,5.955336969,1.831237068,7.766250649
2025-12-01 20:17:50,5.905259107,1.909027366,7.792931188
2025-12-01 20:18:00,5.741339467,1.918250372,7.730678430
2025-12-01 20:18:10,5.465796833,2.280170745,7.780433745
2025-12-01 20:18:20,5.956585529,2.237109205,7.511185686
2025-12-01 20:18:30,6.160414508,2.342653652,7.925442601
2025-12-01 20:18:40,6.222319662,2.342936686,7.491619423
2025-12-01 20:18:50,6.078284247,2.497827512,7.278245538
2025-12-01 20:19:00,5.962366450,2.606177510,7.365553254
2025-12-01 20:19:10,6.066550242,2.359664565,7.000297855
2025-12-01 20:19:20,5.862704847,2.583147502,7.519014018
2025-12-01 20:19:30,6.190390383,2.366325963,7.401697387
2025-12-01 20:19:40,6.085929518,2.648964433,7.483375526
2025-12-01 20:19:50,6.139243723,2.362068124,7.154419635
2025-12-01 20:20:00,6.147909869,2.207241789,7.475886769
2025-12-01 20:20:10,6.233328821,1.987501914,7.343071623
2025-12-01 20:20:20,5.565935417,2.106018231,7.749677682
2025-12-01 20:20:30,6.020520109,2.162194190,7.624781691
2025-12-01 20:20:40,5.703440027,2.370360006,7.355039513
2025-12-01 20:20:50,5.352759474,2.006527860,7.858141127
2025-12-01 20:21:00,5.150993214,1.905389237,7.955112636
2025-12-01 20:21:10,5.430614657,1.749575473,7.828871358
2025-12-01 20:21:20,5.381994931,1.774016704,7.911358761
2025-12-01 20:21:30,5.396605624,1.816013193,8.438027844
2025-12-01 20:21:40,5.406632368,1.969541554,8.024785186
2025-12-01 20:21:50,5.736478388,1.987921398,7.877886616
2025-12-01 20:22:00,5.384791340,2.075116008,7.770020687
2025-12-01 20:22:10,5.711902616,1.923517262,7.670829760
2025-12-01 20:22:20,5.603849685,1.780879979,7.937937936
2025-12-01 20:22:30,5.567821074,1.555230692,8.132246680
2025-12-01 20:22:40,5.816996419,1.571402162,7.752954136
2025-12-01 20:22:50,5.817322149,1.677876779,7.672538897
2025-12-01 20:23:00,5.775856624,1.881573469,7.926595455
2025-12-01 20:23:10,5.648442021,1.776786845,7.724202463
2025-12-01 20:23:20,5.656307663,1.754549888,7.703963073
2025-12-01 20:23:30,5.628976913,2.003763546,7.557404930
2025-12-01 20:23:40,6.072797790,2.218607451,7.675741016
2025-12-01 20:23:50,6.033597113,1.981408508,7.856341779
2025-12-01 20:24:00,5.745847839,1.958877923,7.721449381
2025-12-01 20:24:10,5.836524092,2.036059603,7.706979001
2025-12-01 20:24:20,5.855393658,2.045703723,7.734899101
2025-12-01 20:24:30,5.883626476,1.877301503,7.742211776
2025-12-01 20:24:40,5.488545090,1.833607003,7.648336712
2025-12-01 20:24:50,5.687008916,1.771487780,7.584495981
2025-12-01 20:25:00,5.735346694,1.786881984,7.578937068
2025-12-01 20:25:10,5.593346141,2.109653463,7.724697687
2025-12-01 20:25:20,5.432617181,2.027507183,7.581464386
2025-12-01 20:25:30,5.802036825,1.692864155,8.047848714
2025-12-01 20:25:40,5.903827213,1.469261946,8.079023318
2025-12-01 20:25:50,5.589238620,1.607147052,8.086155997
2025-12-01 20:26:00,6.125565461,1.321307657,7.742844730
2025-12-01 20:26:10,6.072344043,1.299832020,7.360510842
2025-12-01 20:26:20,6.305418625,1.390907235,7.122027878
2025-12-01 20:26:30,6.337669457,1.608704587,7.272250772
2025-12-01 20:26:40,6.095183903,1.379269034,7.613027261
2025-12-01 20:26:50,5.966054802,1.165046968,7.570699853
2025-12-01 20:27:00,5.892822521,1.367905353,7.759049854
2025-12-01 20:27:10,5.831971010,1.194654360,8.079347432
2025-12-01 20:27:20,6.038578818,0.867629070,8.129829521
2025-12-01 20:27:30,5.976610657,0.979903973,8.083208478
2025-12-01 20:27:40,5.470165621,0.957460375,7.836422743
2025-12-01 20:27:50,5.768331423,0.988242686,7.722940723
2025-12-01 20:28:00,5.885744366,0.842915619,7.718305233
2025-12-01 20:28:10,6.149357898,1.075716702,7.620623091
2025-12-01 20:28:20,5.735445537,1.147711265,7.775458495
2025-12-01 20:28:30,6.027685774,1.429360945,7.746918255
2025-12-01 20:28:40,6.004506649,1.144722580,7.925816716
2025-12-01 20:28:50,5.677738031,1.220327470,7.764611473
2025-12-01 20:29:00,5.867383769,0.911187106,7.683390282
2025-12-01 20:29:10,5.917822950,1.309036943,7.750541499
2025-12-01 20:29:20,5.607796984,1.380455495,8.221184457
2025-12-01 20:29:30,5.767255142,0.910209844,8.086986897
2025-12-01 20:29:40,5.381702217,0.729657086,7.883830031
2025-12-01 20:29:50,5.336330421,0.844969584,8.031957839
2025-12-01 20:30:00,5.688253546,1.095961349,7.903496795
2025-12-01 20:30:10,5.481893701,1.110940038,7.760772075
2025-12-01 20:30:20,5.722218910,1.179287500,7.868450747
2025-12-01 20:30:30,5.735135892,1.176583097,8.116128428
2025-12-01 20:30:40,5.788773877,1.191278565,7.838246275
2025-12-01 20:30:50,5.420113210,1.579967702,8.031425666
2025-12-01 20:31:00,5.279960267,1.489693672,8.199125694
2025-12-01 20:31:10,5.130400929,1.337194999,8.152389488
2025-12-01 20:31:20,5.350886426,1.315968310,8.139922802
2025-12-01 20:31:30,4.726582810,1.336983114,8.506557580
2025-12-01 20:31:40,4.608618905,1.085053205,8.457677373
2025-12-01 20:31:50,4.355892619,1.121327640,8.620225037
2025-12-01 20:32:00,4.604795771,1.089187534,8.431280856
2025-12-01 20:32:10,4.574336699,1.092763573,8.644669476
2025-12-01 20:32:20,4.429069360,0.898196514,8.697975160
2025-12-01 20:32:30,4.114104714,1.239223776,8.863702203
2025-12-01 20:32:40,4.213570351,1.262516752,9.054336640
2025-12-01 20:32:50,3.821820086,1.017514956,8.742895577
2025-12-01 20:33:00,3.463867516,1.470296699,8.933263103
2025-12-01 20:33:10,3.793903648,1.678078911,9.328106724
2025-12-01 20:33:20,4.013804934,1.294676462,8.837766937
2025-12-01 20:33:30,3.647507772,1.580240817,8.903830566
2025-12-01 20:33:40,3.638840014,1.539621352,8.763485653
2025-12-01 20:33:50,4.284829543,1.830547586,8.435039926
2025-12-01 20:34:00,3.795427177,1.766836448,8.884283251
2025-12-01 20:34:10,3.876596329,1.609846423,9.018201445
2025-12-01 20:34:20,3.910660639,1.639472435,8.808117479
2025-12-01 20:34:30,3.705119120,1.789567295,9.067702889
2025-12-01 20:34:40,3.603739287,1.868816997,8.826926713
2025-12-01 20:34:50,3.422343055,1.990078969,9.131018929
2025-12-01 20:35:00,3.661550026,2.024280106,9.087266280
2025-12-01 20:35:10,3.901719069,2.560975442,9.112417880
2025-12-01 20:35:20,3.669297700,2.283756160,8.878670065
2025-12-01 20:35:30,3.278689647,2.251621433,8.735809922
2025-12-01 20:35:40,3.055378776,2.760791411,9.116158514
2025-12-01 20:35:50,3.128644952,2.343750100,8.883662403
2025-12-01 20:36:00,3.395046745,2.132284994,9.179011206
2025-12-01 20:36:10,2.885056422,2.273924432,8.962377975
2025-12-01 20:36:20,2.969597649,1.655437063,8.929136338
2025-12-01 20:36:30,3.254006038,1.649609076,9.211443161
2025-12-01 20:36:40,3.088910482,1.860686963,9.367245097
2025-12-01 20:36:50,2.801387280,1.827578036,9.357953346
2025-12-01 20:37:00,2.499385209,2.110314385,9.219491812
2025-12-01 20:37:10,2.323832858,2.126585505,9.269119136
2025-12-01 20:37:20,2.501686339,2.389139581,9.106068077
2025-12-01 20:37:30,2.412624057,2.649784763,9.355273020
2025-12-01 20:37:40,1.908161098,2.557862716,9.091653215
2025-12-01 20:37:50,2.384616168,2.448894529,9.430350577
2025-12-01 20:38:00,2.725287619,2.378544889,9.397616753
2025-12-01 20:38:10,2.823105924,2.402967178,9.206004253
2025-12-01 20:38:20,3.101344424,1.943967628,9.281434636
2025-12-01 20:38:30,3.496907344,2.267986251,8.868810096
2025-12-01 20:38:40,3.551245700,2.475969011,9.043818668
2025-12-01 20:38:50,4.062438827,2.385888172,8.307459207
2025-12-01 20:39:00,4.386323169,2.572131161,8.326347023
2025-12-01 20:39:10,4.523768628,2.653673454,8.610611932
2025-12-01 20:39:20,4.522789185,2.346414494,8.425958378
2025-12-01 20:39:30,4.627489051,2.083114243,8.262541126
2025-12-01 20:39:40,4.836934548,2.383592172,8.082317185
2025-12-01 20:39:50,4.649444410,2.885694184,8.040232366
2025-12-01 20:40:00,4.604367255,2.986103890,8.073150020
2025-12-01 20:40:10,4.685887962,2.983044668,8.403871882
2025-12-01 20:40:20,4.354493287,2.819568750,8.378398022
2025-12-01 20:40:30,4.441717499,2.923165517,8.518524103
2025-12-01 20:40:40,4.544328390,3.044980589,8.067418228
2025-12-01 20:40:50,3.939254708,3.140124669,8.341692324
2025-12-01 20:41:00,4.420051053,3.515851249,7.794600879
2025-12-01 20:41:10,4.418989985,3.018886290,8.220277189
2025-12-01 20:41:20,4.661818641,3.142893549,8.189024853
2025-12-01 20:41:30,4.685808718,3.062882785,8.187237653
2025-12-01 20:41:40,4.372185022,2.966550397,8.559033005
2025-12-01 20:41:50,4.722580896,2.873232446,8.212841616
2025-12-01 20:42:00,4.278163572,2.908832074,8.490591215
2025-12-01 20:42:10,4.337867965,3.029606636,8.155218519
2025-12-01 20:42:20,4.486368597,2.771262283,8.612996617
2025-12-01 20:42:30,4.832238696,2.813971139,8.223097249
2025-12-01 20:42:40,4.675366708,3.115775021,8.270792694
2025-12-01 20:42:50,4.470119032,2.751441421,8.429027280
2025-12-01 20:43:00,4.311493479,2.965135789,8.126916219
2025-12-01 20:43:10,4.570564995,3.398145947,8.150273078
2025-12-01 20:43:20,4.645898603,3.550685517,7.851291372
2025-12-01 20:43:30,4.415701852,3.415947161,7.880523350
2025-12-01 20:43:40,3.863413084,3.790636374,8.176915770
2025-12-01 20:43:50,3.910576981,3.521919570,8.267984701
2025-12-01 20:44:00,4.277504229,3.872078321,7.886798118
2025-12-01 20:44:10,4.317306640,3.618749668,8.137982780
2025-12-01 20:44:20,4.029009131,3.253462135,8.237431640
2025-12-01 20:44:30,3.812592358,3.076301771,8.387252002
2025-12-01 20:44:40,3.585293282,3.487275542,8.142526823
2025-12-01 20:44:50,3.517337624,3.335270607,8.342121297
2025-12-01 20:45:00,3.846968051,3.192675434,8.317705985
2025-12-01 20:45:10,3.799795639,2.732816787,8.552089233
2025-12-01 20:45:20,3.688355912,2.704633177,8.577410572
2025-12-01 20:45:30,4.466669559,2.357597538,8.465480188
2025-12-01 20:45:40,4.574847910,2.390286470,8.264527228
2025-12-01 20:45:50,4.623541565,2.743789022,8.408277976
2025-12-01 20:46:00,4.739505951,2.598477712,8.514770292
2025-12-01 20:46:10,4.559856993,2.473549187,8.495384629
2025-12-01 20:46:20,5.124163739,2.395436070,8.059553014
2025-12-01 20:46:30,4.892394974,2.500587031,7.911180968
2025-12-01 20:46:40,5.095139612,2.225265685,8.578600515
2025-12-01 20:46:50,4.989540446,2.067207262,8.162633088
2025-12-01 20:47:00,4.958633730,2.211272110,7.886509013
2025-12-01 20:47:10,4.951657213,2.182593420,8.444236633
2025-12-01 20:47:20,4.895762927,2.810806765,8.083189099
2025-12-01 20:47:30,5.094435374,2.397340875,8.094156444
2025-12-01 20:47:40,5.306187048,2.495814915,8.017587470
2025-12-01 20:47:50,4.751869514,2.325045925,8.057742892
2025-12-01 20:48:00,4.947806886,1.975407156,8.189972982
2025-12-01 20:48:10,5.079448488,2.261847548,8.018122972
2025-12-01 20:48:20,5.277337922,2.214570211,8.101735175
2025-12-01 20:48:30,5.111420500,2.626714404,8.038685295
2025-12-01 20:48:40,4.675007666,2.134613492,8.183635589
2025-12-01 20:48:50,4.583785961,2.291472296,8.311158626
2025-12-01 20:49:00,4.333273935,2.269319086,8.667292909
2025-12-01 20:49:10,4.191135629,2.073870904,8.534744774
2025-12-01 20:49:20,4.497431813,2.138622964,8.713437964
2025-12-01 20:49:30,4.378323623,2.382758990,8.523869800
2025-12-01 20:49:40,4.191944036,2.073983902,8.881750411
2025-12-01 20:49:50,4.257388222,1.876942931,8.811916683
2025-12-01 20:50:00,4.163078412,1.905059982,8.876382312
2025-12-01 20:50:10,4.313104589,1.680643996,8.580890696
2025-12-01 20:50:20,4.374373318,1.968734678,8.431781178
2025-12-01 20:50:30,4.611062356,2.016645386,8.420483187
2025-12-01 20:50:40,4.648577072,2.057426962,8.437904621
2025-12-01 20:50:50,4.580661292,1.852460267,8.529082501
2025-12-01 20:51:00,4.994606446,1.944172982,8.534692527
2025-12-01 20:51:10,4.083299858,2.102824812,8.636481607
2025-12-01 20:51:20,4.517413550,1.827270040,8.836707548
2025-12-01 20:51:30,4.356777346,2.178678525,8.628622290
2025-12-01 20:51:40,4.474261029,1.969488516,8.364032633
2025-12-01 20:51:50,4.275476476,2.027772766,8.697682796
2025-12-01 20:52:00,4.304386146,2.000670459,8.595192764
2025-12-01 20:52:10,4.285800158,1.710008531,8.630932377
2025-12-01 20:52:20,4.264593355,1.289883412,8.181405600
2025-12-01 20:52:30,4.312690659,1.582374725,8.615871300
2025-12-01 20:52:40,4.386799666,1.737526386,8.589319779
2025-12-01 20:52:50,4.594637377,1.611567436,8.330879875
2025-12-01 20:53:00,4.826205214,1.744662603,8.642489050
2025-12-01 20:53:10,4.590101602,1.816294843,8.430176588
2025-12-01 20:53:20,4.270581550,2.175494749,8.354348755
2025-12-01 20:53:30,4.440510437,1.383870470,8.643298514
2025-12-01 20:53:40,4.720886519,1.842157831,8.531951980
2025-12-01 20:53:50,4.803013799,1.673648416,8.431844979
2025-12-01 20:54:00,4.527475953,1.353510662,8.402557186
2025-12-01 20:54:10,4.721163209,1.780826509,8.384660532
2025-12-01 20:54:20,4.715305705,1.600868642,8.422805980
2025-12-01 20:54:30,4.762765949,1.886860851,8.837968464
2025-12-01 20:54:40,4.576435221,1.924675540,8.463301480
2025-12-01 20:54:50,4.790991107,2.157084482,8.279936344
2025-12-01 20:55:00,4.586074679,2.075944155,8.608952327
2025-12-01 20:55:10,5.151536214,2.397888421,8.434952163
2025-12-01 20:55:20,5.083231148,2.353336840,8.223829335
2025-12-01 20:55:30,4.983980490,2.862630555,7.978941823
2025-12-01 20:55:40,5.020290806,2.779999250,7.948369444
2025-12-01 20:55:50,5.014918692,2.667031536,7.964159493
2025-12-01 20:56:00,4.927326488,2.444532878,8.077887644
2025-12-01 20:56:10,4.930558293,2.151973468,8.358924932
2025-12-01 20:56:20,4.708593068,1.826554125,8.223366110
2025-12-01 20:56:30,5.056681014,2.038213352,8.242363771
2025-12-01 20:56:40,4.576071222,2.003926552,8.637955905
2025-12-01 20:56:50,4.303705685,1.566165562,8.434513710
2025-12-01 20:57:00,4.353436886,1.932304869,8.672464591
2025-12-01 20:57:10,4.636780700,2.104989654,8.514046772
2025-12-01 20:57:20,4.550856816,1.774884494,8.126182755
2025-12-01 20:57:30,4.434810221,1.790263026,8.606726014
2025-12-01 20:57:40,4.637145432,2.362685489,8.409620495
2025-12-01 20:57:50,4.508151062,1.855123677,8.731722350
2025-12-01 20:58:00,4.635555459,1.928094162,8.462825913
2025-12-01 20:58:10,4.870561541,2.205346305,8.484628184
2025-12-01 20:58:20,4.482198088,2.131192883,8.287144514
2025-12-01 20:58:30,4.773606727,2.096709326,8.306956902
2025-12-01 20:58:40,4.792491894,2.267704401,8.323786555
2025-12-01 20:58:50,4.604802418,2.357722335,8.313126957
2025-12-01 20:59:00,4.896261930,2.514565330,7.944257231
2025-12-01 20:59:10,4.726797967,2.599296543,8.041366642
2025-12-01 20:59:20,4.914537056,2.544144908,8.211372394
2025-12-01 20:59:30,5.031124014,2.211016446,8.084617878
2025-12-01 20:59:40,4.709149154,2.794748153,8.156160755
2025-12-01 20:59:50,5.063284126,2.901185133,8.288737947
2025-12-01 21:00:00,4.894321849,2.261395861,8.083697655
2025-12-01 21:00:10,4.453966291,2.252155139,8.104649787
2025-12-01 21:00:20,4.883702911,2.312672985,8.131601162
2025-12-01 21:00:30,4.823094206,2.534598831,8.030651251
2025-12-01 21:00:40,4.572375390,2.559932133,7.964542872
2025-12-01 21:00:50,4.852837546,2.201402730,8.013024633
2025-12-01 21:01:00,4.826427105,2.577367929,8.048371522
2025-12-01 21:01:10,4.815987719,2.639385107,8.136136496
2025-12-01 21:01:20,5.072507529,2.280018435,7.949021637
2025-12-01 21:01:30,5.081190433,2.443565818,8.180066910
2025-12-01 21:01:40,5.125416503,2.124374785,8.028793619
2025-12-01 21:01:50,5.033223269,2.289566959,8.208630129
2025-12-01 21:02:00,5.065013621,2.746770754,8.220743995
2025-12-01 21:02:10,5.271231584,2.678096751,8.009714088
2025-12-01 21:02:20,5.059200732,3.105583904,8.138635195
2025-12-01 21:02:30,4.960173225,2.840075333,7.888754635
2025-12-01 21:02:40,4.742153832,3.112521124,7.894604540
2025-12-01 21:02:50,4.812285451,2.585989450,8.204883048
2025-12-01 21:03:00,3.243748272,9.077780287,-1.063049033
2025-12-01 21:03:10,5.568070702,7.120955345,-3.349252597
2025-12-01 21:03:20,5.285318179,7.216424021,-4.215843514
2025-12-01 21:03:30,3.629183554,8.424658509,-2.969957167
2025-12-01 21:03:40,5.512801149,6.720988556,-4.560172853
2025-12-01 21:03:50,3.740406523,6.713380942,-6.425443413
2025-12-01 21:04:00,1.154108805,7.179145762,-6.686585090
2025-12-01 21:04:10,0.300058838,6.030007710,-7.350174112
2025-12-01 21:04:20,1.728849112,6.168703496,-7.616048052
2025-12-01 21:04:30,-2.117393237,6.592245050,-7.412536421
2025-12-01 21:04:40,-2.216985745,5.765415541,-7.549083220
2025-12-01 21:04:50,-0.135162838,6.070258126,-7.695935610
2025-12-01 21:05:00,0.076421915,7.741424528,-6.083852455
2025-12-01 21:05:10,2.601421567,7.014027217,-6.144491581
2025-12-01 21:05:20,4.072507494,6.709585624,-5.913624067
2025-12-01 21:05:30,4.089165085,6.173975421,-6.289737059
2025-12-01 21:05:40,6.443973671,1.393806096,-7.215692958
2025-12-01 21:05:50,4.651867764,2.707908399,-7.916326689
2025-12-01 21:06:00,4.262339949,2.925028234,-8.367071988
2025-12-01 21:06:10,3.463331786,3.996459229,-8.555785113
2025-12-01 21:06:20,1.853054422,2.201369042,-9.358403249
2025-12-01 21:06:30,0.914040174,1.313413674,-9.675898090
2025-12-01 21:06:40,-1.263781826,1.409344283,-9.359677044
2025-12-01 21:06:50,-3.640486867,0.238216565,-9.083058292
2025-12-01 21:07:00,-2.633993516,-0.333295666,-9.523980406
2025-12-01 21:07:10,-4.172597929,0.249354341,-8.746060476
2025-12-01 21:07:20,-6.589180982,0.547485937,-6.870667244
2025-12-01 21:07:30,-6.257267956,-2.849986948,-7.020186151
2025-12-01 21:07:40,-6.165243759,-3.813133789,-6.830973411
2025-12-01 21:07:50,-5.354333340,-4.015508109,-7.045061832
2025-12-01 21:08:00,-5.424817707,-5.050754479,-6.483513675
2025-12-01 21:08:10,-5.904278421,-3.408402532,-7.292768954
2025-12-01 21:08:20,-7.088691920,-3.818704720,-5.712731558
2025-12-01 21:08:30,-8.088933155,-1.218639463,-5.769076345
2025-12-01 21:08:40,-6.276069881,-0.555886300,-7.668983277
2025-12-01 21:08:50,-5.781830570,-1.018513185,-7.764954185
2025-12-01 21:09:00,-4.989202657,-0.453333405,-7.959368902
2025-12-01 21:09:10,-2.538947223,-1.296376320,-9.181518117
2025-12-01 21:09:20,-4.259875481,-2.693138627,-8.516673601
2025-12-01 21:09:30,-5.340906719,-1.959453676,-8.018770772
2025-12-01 21:09:40,-5.888265856,-1.706927084,-7.714811699
2025-12-01 21:09:50,-5.246676718,-1.572397998,-8.237279435
2025-12-01 21:10:00,-4.746232952,-1.669048328,-8.137162400
2025-12-01 21:10:10,-3.627761920,-1.932217992,-8.693680354
2025-12-01 21:10:20,-5.763159352,-1.841231031,-7.461005922
2025-12-01 21:10:30,-4.928712082,-1.742512750,-8.343017152
2025-12-01 21:10:40,-5.762832124,-1.436442673,-7.845556439
2025-12-01 21:10:50,-5.574675897,-1.504989219,-7.811954382
2025-12-01 21:11:00,-4.285711360,-1.357480774,-8.346222274
2025-12-01 21:11:10,-3.917358455,-1.099243428,-8.958195878
2025-12-01 21:11:20,-3.844962639,-0.776496556,-9.146137414
2025-12-01 21:11:30,-3.048631935,-0.085317855,-9.573827982
2025-12-01 21:11:40,-3.190822522,0.262565559,-9.157518759
2025-12-01 21:11:50,-3.424963143,0.921299449,-9.142886271
2025-12-01 21:12:00,-3.617044234,0.098501614,-9.080523142
2025-12-01 21:12:10,-3.220888558,2.310434879,-8.863424203
2025-12-01 21:12:20,-3.392250359,1.934324561,-8.869460704
2025-12-01 21:12:30,-3.182843877,2.365277124,-9.047264286
2025-12-01 21:12:40,-3.423010292,2.279939282,-9.388186253
2025-12-01 21:12:50,-4.135672089,2.147295373,-8.731709004
2025-12-01 21:13:00,-4.227731930,1.941979078,-8.524276092
2025-12-01 21:13:10,-4.326476095,2.484231465,-8.371027478
2025-12-01 21:13:20,-3.614891219,2.368428051,-8.500926142
2025-12-01 21:13:30,-4.663640117,2.202861316,-8.244082990
2025-12-01 21:13:40,-3.549647394,4.149850473,-8.197516883
2025-12-01 21:13:50,-3.261448657,4.412339562,-8.207271107
2025-12-01 21:14:00,-1.713363217,5.356317141,-7.867002509
2025-12-01 21:14:10,-3.843202330,5.739305416,-6.901315741
2025-12-01 21:14:20,-3.811106057,6.151467939,-6.413854084
2025-12-01 21:14:30,-3.012734354,7.220283745,-6.205389000
2025-12-01 21:14:40,-2.029126523,6.786110538,-6.833996827
2025-12-01 21:14:50,-2.432927356,7.006874395,-6.808044050
2025-12-01 21:15:00,-2.433884778,6.587643234,-6.735320121
2025-12-01 21:15:10,-1.825121530,6.637122355,-6.939823180
2025-12-01 21:15:20,-2.990307631,6.011343175,-7.088883623
2025-12-01 21:15:30,-1.443031951,6.310301613,-7.155753047
2025-12-01 21:15:40,-0.169989044,6.910192250,-7.058116004
2025-12-01 21:15:50,0.739062669,6.848533483,-7.120314604
2025-12-01 21:16:00,1.624038502,7.132404607,-6.463361262
2025-12-01 21:16:10,1.734142670,7.549095598,-6.233908107
2025-12-01 21:16:20,2.102247501,7.628435545,-5.426482917
2025-12-01 21:16:30,1.851342431,8.348719371,-5.228454897
2025-12-01 21:16:40,2.244427496,7.804991299,-5.865377442
2025-12-01 21:16:50,1.743130590,6.077772599,-7.440385615
2025-12-01 21:17:00,1.530630996,6.818398401,-7.202445549
2025-12-01 21:17:10,-1.455059994,5.812641805,-7.541541601
2025-12-01 21:17:20,-0.313415698,6.234587078,-6.955634341
2025-12-01 21:17:30,-0.968863505,7.410684163,-6.544261343
2025-12-01 21:17:40,0.269352315,7.033082224,-6.557134555
2025-12-01 21:17:50,0.871385121,8.668165772,-4.350872611
2025-12-01 21:18:00,-0.738685380,9.315973328,-2.953139597
2025-12-01 21:18:10,1.206614160,8.868639702,-3.200445403
2025-12-01 21:18:20,1.984445453,9.033865174,-3.613205728
2025-12-01 21:18:30,0.917962528,9.185526616,-2.277022318
2025-12-01 21:18:40,0.735393320,9.419078350,-1.504822581
2025-12-01 21:18:50,1.222309063,9.705949488,-1.269600677
2025-12-01 21:19:00,1.143732139,9.307524928,-2.701284922
2025-12-01 21:19:10,-0.395735642,9.439100070,-2.498479356
2025-12-01 21:19:20,-1.032512364,9.463848622,-2.671605074
2025-12-01 21:19:30,-0.299429046,9.333929975,-2.784392296
2025-12-01 21:19:40,0.817142539,9.408841284,-2.120259349
2025-12-01 21:19:50,0.963505695,9.512719616,-2.746987919
2025-12-01 21:20:00,2.743670923,9.280963131,-2.563781688
2025-12-01 21:20:10,2.162376088,9.060486207,-2.716211436
2025-12-01 21:20:20,3.060430014,9.253207935,-0.427470087
2025-12-01 21:20:30,2.493363514,9.539652022,-0.350804293
2025-12-01 21:20:40,2.226489609,9.347453162,-0.555222608
2025-12-01 21:20:50,1.988227245,9.544638580,-1.173207756
2025-12-01 21:21:00,3.375711131,8.944053999,-2.154050466
2025-12-01 21:21:10,4.739497365,7.502992158,-3.894471900
2025-12-01 21:21:20,4.234245284,7.097033740,-5.027675606
2025-12-01 21:21:30,4.503669653,7.293732569,-4.738844986
2025-12-01 21:21:40,5.172136050,6.735761786,-5.284996034
2025-12-01 21:21:50,3.921655903,6.227742836,-6.565188994
2025-12-01 21:22:00,5.519639206,7.061341189,-4.526610554
2025-12-01 21:22:10,4.691204415,6.691640212,-5.359882019
2025-12-01 21:22:20,1.751661729,8.847489228,-4.016853735
2025-12-01 21:22:30,0.810508356,9.257927514,-3.326360164
2025-12-01 21:22:40,-1.621742170,8.493483019,-5.202793933
2025-12-01 21:22:50,-0.108924424,9.050670013,-4.059022236
2025-12-01 21:23:00,1.695580457,8.618677818,-4.746280574
2025-12-01 21:23:10,-2.697468634,6.771066926,-6.605188937
2025-12-01 21:23:20,-5.688620126,1.915857313,-7.994286720
2025-12-01 21:23:30,-3.805678966,4.249520181,-7.588759198
2025-12-01 21:23:40,3.280969496,5.947703854,-7.115306031
2025-12-01 21:23:50,-0.647587630,0.914446076,-9.758363523
2025-12-01 21:24:00,1.276403373,4.548866866,-8.737733835
2025-12-01 21:24:10,5.928674264,5.337467255,-4.890933681
2025-12-01 21:24:20,7.231298134,6.021935327,-2.353006624
2025-12-01 21:24:30,7.166460296,4.955681777,4.968626971
2025-12-01 21:24:40,5.906466162,5.117019657,5.933219591
2025-12-01 21:24:50,6.091483982,5.550150261,5.565504329
2025-12-01 21:25:00,2.600598280,4.061524367,8.241318151
2025-12-01 21:25:10,2.943684381,2.631931927,8.999417715
2025-12-01 21:25:20,1.099322890,1.488211934,9.740957998
2025-12-01 21:25:30,1.436778411,1.014859095,9.638400481
2025-12-01 21:25:40,-0.878753127,3.531695048,8.785533102
2025-12-01 21:25:50,0.144108007,6.487449697,7.393711209
2025-12-01 21:26:00,1.401169092,5.322803351,8.227678232
2025-12-01 21:26:10,2.484283012,6.232432985,6.770828152
2025-12-01 21:26:20,2.699191694,7.947708063,5.390164427
2025-12-01 21:26:30,2.130189224,5.922784435,7.746607613
2025-12-01 21:26:40,2.373040273,4.913418040,8.568773785
2025-12-01 21:26:50,3.282974542,4.801252443,7.451643454
2025-12-01 21:27:00,4.855989907,5.306662890,6.871861583
2025-12-01 21:27:10,4.751289782,6.205825078,5.730394501
2025-12-01 21:27:20,5.913174693,6.716768888,4.452132251
2025-12-01 21:27:30,5.500815501,6.630830442,4.398720409
2025-12-01 21:27:40,5.239808650,7.413860302,3.788711303
2025-12-01 21:27:50,5.100070908,7.715211973,3.396065871
2025-12-01 21:28:00,4.541118829,7.614483831,4.065769294
2025-12-01 21:28:10,4.322629130,7.862612542,4.072060520
2025-12-01 21:28:20,4.092866909,7.363228079,4.999367424
2025-12-01 21:28:30,3.608168776,7.591152228,5.067148403
2025-12-01 21:28:40,3.409501360,6.952467962,5.898875866
2025-12-01 21:28:50,1.936981127,7.623272792,5.547247891
2025-12-01 21:29:00,1.355030715,7.268285057,6.047014491
2025-12-01 21:29:10,1.334789515,7.435712958,6.313610124
2025-12-01 21:29:20,2.388843063,7.006148118,5.998811854
2025-12-01 21:29:30,2.497220995,7.497265171,5.645698930
2025-12-01 21:29:40,1.840734417,7.544373416,5.948623002
2025-12-01 21:29:50,1.915179155,7.472563821,6.230357553
2025-12-01 21:30:00,2.513516955,6.333286216,7.143473783
2025-12-01 21:30:10,2.008501726,6.823138679,6.963363980
2025-12-01 21:30:20,2.042242330,6.748272561,6.894701953
2025-12-01 21:30:30,1.598957249,6.994890157,6.693318839
2025-12-01 21:30:40,3.077808266,6.951975300,6.610757179
2025-12-01 21:30:50,1.636417152,8.300365415,5.059282075
2025-12-01 21:31:00,0.432739972,6.992038168,6.947799246
2025-12-01 21:31:10,0.964578798,6.627325215,6.941016931
2025-12-01 21:31:20,1.447082182,6.606160437,7.441145236
2025-12-01 21:31:30,2.092007760,6.338564393,7.668547462
2025-12-01 21:31:40,2.388233110,5.821054142,7.644643796
2025-12-01 21:31:50,2.346946332,5.597723171,7.616400705
2025-12-01 21:32:00,2.691225950,5.737394264,7.798585957
2025-12-01 21:32:10,1.549619083,5.618333160,7.961453030
2025-12-01 21:32:20,2.307340564,6.276822056,7.362982297
2025-12-01 21:32:30,2.252046400,6.127138944,6.845619072
2025-12-01 21:32:40,1.425394734,7.016502417,6.785818810
2025-12-01 21:32:50,2.350447547,6.937676928,6.901817665
2025-12-01 21:33:00,2.244500868,7.443405619,5.923299320
2025-12-01 21:33:10,1.683642730,6.929450022,6.488376438
2025-12-01 21:33:20,2.481933713,7.595953532,5.829016817
2025-12-01 21:33:30,2.288908552,7.769866389,5.721722215
2025-12-01 21:33:40,3.174687733,7.224154077,5.892920682
2025-12-01 21:33:50,2.805221201,7.728663374,5.106968956
2025-12-01 21:34:00,2.475836090,8.354419891,4.466124474
2025-12-01 21:34:10,3.102681254,8.411832395,4.563803564
2025-12-01 21:34:20,3.405773175,7.769813634,4.907916672
2025-12-01 21:34:30,2.942390286,6.850044144,6.046229754
2025-12-01 21:34:40,3.977384339,5.916125283,6.718515137
2025-12-01 21:34:50,3.663624211,6.014037200,6.763856826
2025-12-01 21:35:00,3.563108202,6.353597158,6.627367867
2025-12-01 21:35:10,4.573664438,6.338820905,6.204939688
2025-12-01 21:35:20,4.446820666,6.303010566,5.897049011
2025-12-01 21:35:30,4.129231809,6.579525795,5.424963470
2025-12-01 21:35:40,3.843208621,7.003582633,5.339540964
2025-12-01 21:35:50,4.268379987,7.291711570,5.006019651
2025-12-01 21:36:00,4.059478681,6.887801395,5.379169604
2025-12-01 21:36:10,4.158467278,7.093690681,5.501933879
2025-12-01 21:36:20,4.112085155,6.926331625,5.385336531
2025-12-01 21:36:30,4.496484826,6.770418775,5.951792112
2025-12-01 21:36:40,4.268372132,6.494200053,5.463290097
2025-12-01 21:36:50,4.113862329,6.514410665,5.950466513
2025-12-01 21:37:00,4.099466976,6.394002974,6.260420726
2025-12-01 21:37:10,5.126170843,6.339557826,5.508122323
2025-12-01 21:37:20,5.243239622,5.885676492,5.498971233
2025-12-01 21:37:30,5.328624747,6.178561778,5.269800452
2025-12-01 21:37:40,5.758009532,5.557258082,5.989550148
2025-12-01 21:37:50,5.583272049,5.557835623,6.025065962
2025-12-01 21:38:00,5.845918438,5.103762517,6.173044015
2025-12-01 21:38:10,5.972200329,4.467840983,6.210941150
2025-12-01 21:38:20,5.422053071,4.241075064,6.998682543
2025-12-01 21:38:30,6.013710998,4.576500768,6.451408820
2025-12-01 21:38:40,5.221322111,5.398095656,6.287789126
2025-12-01 21:38:50,5.239618651,5.000851996,6.297075783
2025-12-01 21:39:00,5.478574821,4.917234972,6.599857110
2025-12-01 21:39:10,4.815735148,5.668023516,6.829070160
2025-12-01 21:39:20,4.833544708,5.371440490,6.901190566
2025-12-01 21:39:30,4.782340802,5.447574442,6.525733711
2025-12-01 21:39:40,5.258330838,4.820730552,6.720031816
2025-12-01 21:39:50,4.039710802,4.573153187,7.273271934
2025-12-01 21:40:00,3.479366458,5.130494092,7.552435204
2025-12-01 21:40:10,2.763645415,5.186191957,7.796033455
2025-12-01 21:40:20,2.699428776,5.064016725,8.111417303
2025-12-01 21:40:30,2.275242666,5.151124601,8.308490012
2025-12-01 21:40:40,1.892319838,5.189502562,8.189204081
2025-12-01 21:40:50,1.002172828,5.234808398,8.039866811
2025-12-01 21:41:00,0.880061721,4.588659323,8.335011897
2025-12-01 21:41:10,1.207349243,5.173495716,8.447360197
2025-12-01 21:41:20,1.561363382,5.165109320,8.248216687
2025-12-01 21:41:30,2.102423029,5.341661986,7.875034930
2025-12-01 21:41:40,1.867852024,5.781847800,7.604381706
2025-12-01 21:41:50,2.980834778,5.905275962,7.379335131
2025-12-01 21:42:00,2.863844194,6.450717283,6.807598888
2025-12-01 21:42:10,2.872275096,6.466359475,6.772763996
2025-12-01 21:42:20,3.400794414,6.136644287,6.575098869
2025-12-01 21:42:30,3.303061319,6.143577933,7.079404876
2025-12-01 21:42:40,3.630429823,6.279871341,6.969834994
2025-12-01 21:42:50,3.790546103,5.946057177,7.413420065
2025-12-01 21:43:00,4.346610632,5.611171959,6.942976358
2025-12-01 21:43:10,4.340178035,4.811965715,7.255222726
2025-12-01 21:43:20,4.623922294,4.596650759,7.506977700
2025-12-01 21:43:30,5.110255321,4.809898315,6.887317348
2025-12-01 21:43:40,5.485667656,4.607079066,6.969263538
2025-12-01 21:43:50,5.891913691,3.786222766,6.943163478
2025-12-01 21:44:00,5.845489116,3.624749455,7.066769605
2025-12-01 21:44:10,5.918635481,2.876044734,7.305479327
2025-12-01 21:44:20,6.107001345,1.969134489,7.722014602
2025-12-01 21:44:30,6.194794781,1.217448539,7.869380299
2025-12-01 21:44:40,6.190728149,1.309093579,7.433691706
2025-12-01 21:44:50,6.576138168,1.051377563,7.474601283
2025-12-01 21:45:00,6.758842745,1.577302349,7.054677010
2025-12-01 21:45:10,6.060444277,1.674786261,7.531100143
2025-12-01 21:45:20,6.170134314,2.711022173,7.237373147
2025-12-01 21:45:30,6.704431063,2.520306142,6.962508415
2025-12-01 21:45:40,6.290373059,2.279245301,7.441612505
2025-12-01 21:45:50,6.789022147,0.880971607,6.501704043
2025-12-01 21:46:00,6.858454622,1.284433733,7.030444583
2025-12-01 21:46:10,7.456406044,1.192212353,6.401243223
2025-12-01 21:46:20,7.571490048,0.828397509,5.910272180
2025-12-01 21:46:30,7.415882792,0.886142042,6.018278936
2025-12-01 21:46:40,7.769840045,0.366972175,5.719093242
2025-12-01 21:46:50,7.915127043,1.081429031,5.798834364
2025-12-01 21:47:00,7.846079780,1.225134749,5.883084587
2025-12-01 21:47:10,8.349061112,0.794946520,5.366215969
2025-12-01 21:47:20,7.994502007,0.755991491,5.048867516
2025-12-01 21:47:30,8.520738243,1.414993778,4.777910604
2025-12-01 21:47:40,8.582649645,0.377293033,4.602151915
2025-12-01 21:47:50,8.741663388,0.493270682,4.552969621
2025-12-01 21:48:00,8.199727419,-0.417709967,5.250618209
2025-12-01 21:48:10,8.048393393,-0.192995296,5.443715620
2025-12-01 21:48:20,7.930389247,-0.304225053,5.488984874
2025-12-01 21:48:30,7.572489477,0.168076948,6.191411443
2025-12-01 21:48:40,7.854790280,-0.338428263,5.985448609
2025-12-01 21:48:50,7.578677866,0.006824225,6.207350836
2025-12-01 21:49:00,7.653257798,-1.769543982,5.790985838
2025-12-01 21:49:10,7.109640475,-3.324582289,5.939184076
2025-12-01 21:49:20,7.322272601,-2.649988110,5.825554373
2025-12-01 21:49:30,6.975938138,-3.682775745,6.143978720
2025-12-01 21:49:40,6.145487286,-4.360769302,6.249482754
2025-12-01 21:49:50,6.734549396,-4.588082682,5.565022529
2025-12-01 21:50:00,5.922536496,-4.822311669,6.125005105
2025-12-01 21:50:10,5.785451123,-5.432733501,5.475397326
2025-12-01 21:50:20,4.685606277,-6.150550917,6.094064798
2025-12-01 21:50:30,6.086917713,-5.618041609,5.306550296
2025-12-01 21:50:40,6.005659895,-5.430375254,5.513734646
2025-12-01 21:50:50,6.767651321,-4.442506416,5.622591653
2025-12-01 21:51:00,6.147374802,-5.068607019,5.687695275
2025-12-01 21:51:10,5.864082944,-5.019396975,6.049455997
2025-12-01 21:51:20,6.057507003,-5.176879226,5.538923959
2025-12-01 21:51:30,6.684194953,-4.996117033,5.362363064
2025-12-01 21:51:40,7.268139227,-5.370653366,3.929429976
2025-12-01 21:51:50,7.189972073,-5.269296912,4.385401727
2025-12-01 21:52:00,6.651484686,-5.417651181,4.186570059
2025-12-01 21:52:10,5.804305193,-5.409949789,5.479942090
2025-12-01 21:52:20,6.119698663,-5.172359456,5.886942225
2025-12-01 21:52:30,5.835877078,-5.341400389,5.916314268
2025-12-01 21:52:40,6.441853826,-5.200954085,5.641824780
2025-12-01 21:52:50,6.554823247,-3.977675526,6.349539952
2025-12-01 21:53:00,6.691859653,-3.910076856,6.009433448
2025-12-01 21:53:10,6.507148887,-4.373910925,6.114581123
2025-12-01 21:53:20,6.215808276,-3.766042064,6.383123965
2025-12-01 21:53:30,6.395849153,-3.539213988,6.406381610
2025-12-01 21:53:40,5.630400349,-3.263467808,7.051458013
2025-12-01 21:53:50,6.284354693,-3.600696483,6.458177533
2025-12-01 21:54:00,6.133929677,-3.875329709,6.372423801
2025-12-01 21:54:10,5.011303518,-4.287345684,7.067991107
2025-12-01 21:54:20,5.317153543,-3.915336330,7.457113399
2025-12-01 21:54:30,5.460470959,-4.193417356,6.891587469
2025-12-01 21:54:40,6.199438662,-4.034878674,6.351011950
2025-12-01 21:54:50,6.128030790,-4.328388146,6.622764579
2025-12-01 21:55:00,5.911701108,-5.072458516,5.896021095
2025-12-01 21:55:10,5.676946992,-4.654962983,6.523466357
2025-12-01 21:55:20,5.655875509,-4.598939151,6.346291664
2025-12-01 21:55:30,5.364122191,-5.344581055,6.330594122
2025-12-01 21:55:40,5.437449071,-5.019931363,6.407459652
2025-12-01 21:55:50,4.680947742,-4.708862404,7.091894356
2025-12-01 21:56:00,5.273905385,-4.553252804,7.131991475
2025-12-01 21:56:10,4.446383126,-4.633243476,7.364481680
2025-12-01 21:56:20,4.870755685,-4.693135595,7.099455621
2025-12-01 21:56:30,4.452599082,-3.927999730,7.732099410
2025-12-01 21:56:40,4.561332518,-3.866141962,8.144729525
2025-12-01 21:56:50,4.037050463,-3.434563751,7.994747581
2025-12-01 21:57:00,4.336081447,-3.526990328,7.830018227
2025-12-01 21:57:10,3.992553419,-3.063312311,8.403342657
2025-12-01 21:57:20,5.440289813,-2.256687569,7.924344150
2025-12-01 21:57:30,4.974471512,-2.780921494,7.933162333
2025-12-01 21:57:40,4.849239169,-2.420547272,8.174833452
2025-12-01 21:57:50,5.890953756,-2.210947540,7.659495893
2025-12-01 21:58:00,6.508637629,-2.090330380,6.907661491
2025-12-01 21:58:10,7.146162221,-2.316753967,6.406671559
2025-12-01 21:58:20,7.492558939,-1.516064826,6.579131021
2025-12-01 21:58:30,7.931070563,-1.451613017,5.512175603
2025-12-01 21:58:40,7.952248033,-1.951337309,5.619317094
2025-12-01 21:58:50,6.489012309,-1.960109751,7.043533600
2025-12-01 21:59:00,7.390742295,-2.923881371,5.634534543
2025-12-01 21:59:10,7.396154675,-2.659236947,6.194960009
2025-12-01 21:59:20,8.274336413,-3.156829557,4.431466309
2025-12-01 21:59:30,8.826864168,-2.465969238,3.173437525
2025-12-01 21:59:40,8.842584333,-3.020835221,3.590294508
2025-12-01 21:59:50,9.308838404,-2.592343914,2.060370803
2025-12-01 22:00:00,8.885901839,-4.105778880,1.371293469
2025-12-01 22:00:10,9.014571719,-4.382741029,1.900246517
2025-12-01 22:00:20,8.340313793,-4.853838145,1.660294932
2025-12-01 22:00:30,7.864827230,-4.877310585,2.417827694
2025-12-01 22:00:40,8.235886176,-4.289917887,3.386465884
2025-12-01 22:00:50,8.126069032,-4.467758005,3.063983719
2025-12-01 22:01:00,8.599170496,-4.205796400,3.041540146
2025-12-01 22:01:10,8.180902504,-4.666101443,2.548861371
2025-12-01 22:01:20,7.975274802,-4.420329550,3.184902612
2025-12-01 22:01:30,8.289229678,-3.975526143,3.807947558
2025-12-01 22:01:40,8.639082945,-3.773913077,2.687626262
2025-12-01 22:01:50,9.158226727,-3.113207398,2.140092110
2025-12-01 22:02:00,8.858689295,-2.688580408,3.011520459
2025-12-01 22:02:10,8.695992280,-3.957369526,2.183865633
2025-12-01 22:02:20,8.813031827,-4.143907322,2.282302386
2025-12-01 22:02:30,9.002118872,-3.964691468,1.074748359
2025-12-01 22:02:40,8.679356473,-4.200145121,0.391911299
2025-12-01 22:02:50,8.941474424,-4.052895347,0.591914261
2025-12-01 22:03:00,9.285602337,-4.063488823,0.914722905
2025-12-01 22:03:10,8.959661953,-3.839681039,-0.409687569
2025-12-01 22:03:20,8.600910995,-4.666395568,-1.129726329
2025-12-01 22:03:30,8.728523738,-4.412535593,-1.405203322
2025-12-01 22:03:40,8.751688584,-4.282841219,-0.461185109
2025-12-01 22:03:50,8.909017394,-4.301139648,-0.842100724
2025-12-01 22:04:00,8.951693346,-3.742137635,-0.705329647
2025-12-01 22:04:10,9.439139259,-3.587476932,-1.477814278
2025-12-01 22:04:20,8.852944037,-3.975218697,-2.236619513
2025-12-01 22:04:30,8.877604775,-3.867640134,-2.559869783
2025-12-01 22:04:40,8.569757427,-3.924909001,-2.057249485
2025-12-01 22:04:50,8.960950628,-3.898077846,-1.276970283
2025-12-01 22:05:00,9.277975207,-3.043009158,-1.770333486
2025-12-01 22:05:10,9.329593371,-2.810676439,-1.538731596
2025-12-01 22:05:20,9.418910242,-2.615852495,-1.257453242
2025-12-01 22:05:30,9.257055987,-2.658890828,-1.952814970
2025-12-01 22:05:40,9.236824309,-2.281530557,-2.414597026
2025-12-01 22:05:50,9.099702305,-2.234052121,-2.608650093
2025-12-01 22:06:00,9.121087521,-2.739057976,-2.034815505
2025-12-01 22:06:10,8.875406707,-3.162855218,-2.386442009
2025-12-01 22:06:20,8.608319249,-3.687217981,-3.057154781
2025-12-01 22:06:30,8.171013933,-3.544208549,-3.487582011
2025-12-01 22:06:40,8.150313141,-4.592457426,-2.882838573
2025-12-01 22:06:50,8.259238131,-4.698706391,-2.548195529
2025-12-01 22:07:00,8.231700126,-3.960806901,-3.288478663
2025-12-01 22:07:10,8.251422592,-4.548864474,-3.130641274
2025-12-01 22:07:20,8.048078142,-4.415329881,-3.709463112
2025-12-01 22:07:30,8.362169140,-4.088483161,-3.527322941
2025-12-01 22:07:40,8.535974393,-3.703165869,-3.454907968
2025-12-01 22:07:50,8.594181609,-3.520441110,-3.299796952
2025-12-01 22:08:00,8.599048492,-3.934917964,-3.164564231
2025-12-01 22:08:10,7.923731640,-3.525258623,-3.939891303
2025-12-01 22:08:20,8.263127367,-3.754990430,-3.896210903
2025-12-01 22:08:30,7.860559873,-3.663351329,-3.903848762
2025-12-01 22:08:40,8.065823830,-3.384703905,-3.851908519
2025-12-01 22:08:50,8.538975344,-3.524357644,-3.706299753
2025-12-01 22:09:00,8.538458331,-3.359732198,-3.222122382
2025-12-01 22:09:10,8.939552039,-3.602732151,-3.082876951
2025-12-01 22:09:20,8.331272322,-3.402598567,-3.234795808
2025-12-01 22:09:30,8.718512394,-3.937946653,-2.426468737
2025-12-01 22:09:40,8.790036071,-3.393978485,-3.178009471
2025-12-01 22:09:50,9.093552441,-2.888026993,-2.867474099
2025-12-01 22:10:00,8.483165963,-3.231877413,-2.741543351
2025-12-01 22:10:10,8.608003803,-4.188980262,-2.709903697
2025-12-01 22:10:20,8.478269718,-4.317630382,-2.520159729
2025-12-01 22:10:30,8.565918209,-4.633053968,-2.621401865
2025-12-01 22:10:40,8.485409937,-3.915493368,-2.631425431
2025-12-01 22:10:50,8.612194824,-3.880560422,-2.331708617
2025-12-01 22:11:00,8.646262607,-4.437071702,-1.701328146
2025-12-01 22:11:10,8.551688452,-4.355111889,-1.955716275
2025-12-01 22:11:20,8.276931997,-4.707046632,-2.324258907
2025-12-01 22:11:30,8.055026682,-5.023036546,-2.558182622
2025-12-01 22:11:40,8.097893107,-5.148594694,-1.890840281
2025-12-01 22:11:50,7.774402948,-5.171301269,-2.191820697
2025-12-01 22:12:00,7.958113147,-5.423496532,-1.959787871
2025-12-01 22:12:10,8.227451355,-5.887962896,-1.444326457
2025-12-01 22:12:20,7.661607395,-6.146739718,-1.005759857
2025-12-01 22:12:30,8.026238498,-5.436017799,-1.417131616
2025-12-01 22:12:40,8.129086722,-5.099391104,-1.362456485
2025-12-01 22:12:50,8.338350583,-5.079858081,-1.490775870
2025-12-01 22:13:00,8.391533557,-5.536093697,-1.170741009
2025-12-01 22:13:10,7.881669853,-4.996922239,-1.487475154
2025-12-01 22:13:20,8.072627054,-5.524224745,-1.052329702
2025-12-01 22:13:30,8.108850284,-5.370952367,-0.653745075
2025-12-01 22:13:40,8.301963698,-5.483747967,-1.047994780
2025-12-01 22:13:50,8.020407598,-5.541450094,-0.691940331
2025-12-01 22:14:00,8.020479018,-5.625268699,-0.931392705
2025-12-01 22:14:10,8.202967435,-5.298427482,-0.619851932
2025-12-01 22:14:20,8.396476203,-5.554855086,-0.197025141
2025-12-01 22:14:30,8.418856695,-5.082401580,-0.608929984
2025-12-01 22:14:40,8.047623892,-5.514131599,0.081939599
2025-12-01 22:14:50,8.363349897,-5.268448240,-0.255733080
2025-12-01 22:15:00,7.909441213,-5.439540979,-0.148876096
2025-12-01 22:15:10,8.016311854,-5.684162055,0.074669838
2025-12-01 22:15:20,7.784777551,-6.018986580,0.590168765
2025-12-01 22:15:30,7.976143770,-5.486381980,0.466561550
2025-12-01 22:15:40,7.966850726,-6.035604146,0.574125886
2025-12-01 22:15:50,7.676693511,-6.222346484,0.562356084
2025-12-01 22:16:00,7.714208731,-6.262664085,0.832382405
2025-12-01 22:16:10,7.525307093,-6.286644912,0.937443681
2025-12-01 22:16:20,7.375719330,-6.070942122,0.924388652
2025-12-01 22:16:30,7.350857715,-6.255309219,1.308518094
2025-12-01 22:16:40,7.503749090,-6.199447017,1.245811596
2025-12-01 22:16:50,7.685362201,-6.743707246,1.794882091
2025-12-01 22:17:00,6.986783988,-6.609781254,1.760361719
2025-12-01 22:17:10,7.176852192,-6.401966549,1.783299395
2025-12-01 22:17:20,6.795552553,-6.809192795,1.824006514
2025-12-01 22:17:30,6.496386596,-7.035093702,1.636677759
2025-12-01 22:17:40,6.321368315,-6.792500559,1.706431272
2025-12-01 22:17:50,6.393334489,-7.539970796,2.228160003
2025-12-01 22:18:00,6.681115029,-7.150690898,2.858854614
2025-12-01 22:18:10,6.368960017,-6.780254304,2.232400739
2025-12-01 22:18:20,6.427201542,-7.340028140,1.659657183
2025-12-01 22:18:30,6.920157546,-6.737987224,2.502364412
2025-12-01 22:18:40,6.829932359,-6.809185597,1.890554274
2025-12-01 22:18:50,7.078170654,-6.347418461,2.539858056
2025-12-01 22:19:00,7.111124161,-6.580700398,2.123475623
2025-12-01 22:19:10,7.387955685,-5.836315309,2.697087158
2025-12-01 22:19:20,7.519278522,-5.763017282,2.499037358
2025-12-01 22:19:30,7.023553512,-6.321880811,2.748577755
2025-12-01 22:19:40,6.970057639,-6.067514013,3.135419512
2025-12-01 22:19:50,7.693373253,-5.375778051,2.552653576
2025-12-01 22:20:00,7.684643671,-5.862001571,1.972367748
2025-12-01 22:20:10,7.780715096,-6.070665852,1.435598961
2025-12-01 22:20:20,7.650422829,-5.995262141,2.037032360
2025-12-01 22:20:30,7.311182185,-6.162427266,2.158906977
2025-12-01 22:20:40,7.380225897,-6.074400026,1.855634311
2025-12-01 22:20:50,7.024026228,-6.583809318,2.174039519
2025-12-01 22:21:00,6.988380061,-6.373359888,2.358054002
2025-12-01 22:21:10,6.606072940,-6.490841004,2.494276985
2025-12-01 22:21:20,6.533449329,-6.857207510,2.791838787
2025-12-01 22:21:30,6.508672256,-7.069258458,2.598133986
2025-12-01 22:21:40,6.124579009,-6.766619401,2.974242860
2025-12-01 22:21:50,6.249283347,-7.165370213,2.828239318
2025-12-01 22:22:00,5.876990597,-7.054819279,3.097276774
2025-12-01 22:22:10,6.141809694,-7.084534501,2.981239617
2025-12-01 22:22:20,6.121240750,-6.974705582,2.686727854
2025-12-01 22:22:30,6.764775413,-6.835093110,2.593444055
2025-12-01 22:22:40,6.939190305,-6.730246974,2.229072304
2025-12-01 22:22:50,7.027714618,-6.723926192,2.593839249
2025-12-01 22:23:00,6.902613540,-6.305731445,2.654815314
2025-12-01 22:23:10,6.391965907,-6.426816987,3.184035614
2025-12-01 22:23:20,6.422400302,-6.583662374,3.241607068
2025-12-01 22:23:30,6.677048642,-6.228501878,3.874093275
2025-12-01 22:23:40,6.417666519,-6.364182835,3.924648534
2025-12-01 22:23:50,6.297622040,-6.426421377,3.616720708
2025-12-01 22:24:00,6.248357449,-6.894544773,3.395842376
