timestamp,x,y,z
2025-11-20 19:31:00,-6.252057643,3.656000816,6.655487493
2025-11-20 19:31:10,-5.187438554,2.103928894,8.089093597
2025-11-20 19:31:20,-5.262116913,-0.779188144,8.201767077
2025-11-20 19:31:30,-3.242588220,-3.121440542,8.691763552
2025-11-20 19:31:40,-5.063291706,-7.605591557,3.539930765
2025-11-20 19:31:50,-5.993959110,-2.709948385,7.210930119
2025-11-20 19:32:00,4.314775033,-6.165884818,6.407038767
2025-11-20 19:32:10,5.714574472,-5.419857097,6.037607682
2025-11-20 19:32:20,1.679566558,-6.248766647,7.366002770
2025-11-20 19:32:30,6.020577974,-7.698532914,-1.021258330
2025-11-20 19:32:40,3.961875770,-8.911408445,-1.300803699
2025-11-20 19:32:50,-1.815722885,-9.500667115,-1.568969126
2025-11-20 19:33:00,-1.560660125,-9.219799506,-3.003786500
2025-11-20 19:33:10,-1.077545142,-8.406197006,-4.822656907
2025-11-20 19:33:20,1.999528892,-9.149052762,-2.872118119
2025-11-20 19:33:30,4.269485725,-8.456042234,-2.612936891
2025-11-20 19:33:40,0.931354131,-9.714401432,0.116747376
2025-11-20 19:33:50,2.067664007,-9.529335852,0.228368689
2025-11-20 19:34:00,3.551881906,-9.045005906,1.467392643
2025-11-20 19:34:10,2.563374990,-8.975073599,3.058134482
2025-11-20 19:34:20,1.633825411,-7.908472687,5.653775781
2025-11-20 19:34:30,1.217506506,-7.749812865,5.772945187
2025-11-20 19:34:40,3.414938322,-7.260183322,5.678285080
2025-11-20 19:34:50,3.238556496,-8.214708038,4.198280388
2025-11-20 19:35:00,4.588202508,-7.456390759,4.446966399
2025-11-20 19:35:10,5.306438209,-7.562034223,2.978415062
2025-11-20 19:35:20,8.144523925,-4.471149373,3.314841092
2025-11-20 19:35:30,7.203272402,-5.544972666,3.845977272
2025-11-20 19:35:40,7.834120491,-4.915865280,3.371267778
2025-11-20 19:35:50,5.949532487,-0.976246126,7.806292093
2025-11-20 19:36:00,3.923006584,-1.082308501,8.841090564
2025-11-20 19:36:10,0.571373421,0.137559286,9.820298566
2025-11-20 19:36:20,0.723064629,-2.978633300,9.367789218
2025-11-20 19:36:30,3.232535639,-4.942142590,7.866423544
2025-11-20 19:36:40,2.851744297,-5.808097649,7.466126190
2025-11-20 19:36:50,4.134845993,-3.425695787,8.163450118
2025-11-20 19:37:00,2.385583227,-0.612462712,9.446352940
2025-11-20 19:37:10,-0.838191028,-1.134336864,9.705768025
2025-11-20 19:37:20,-2.228099201,-3.350444057,9.003753168
2025-11-20 19:37:30,-2.007724552,-2.152847883,9.357749187
2025-11-20 19:37:40,-4.205641045,-0.704150518,8.819897744
2025-11-20 19:37:50,-6.668793473,3.443676616,6.418598463
2025-11-20 19:38:00,-4.969930509,6.744725638,-5.051798329
2025-11-20 19:38:10,-6.049079213,1.080425376,-7.580436819
2025-11-20 19:38:20,1.584602304,6.164848449,-7.495180495
2025-11-20 19:38:30,-7.008627635,1.035074017,-6.716091254
2025-11-20 19:38:40,-8.730807350,2.957356378,-3.520731696
2025-11-20 19:38:50,-7.183692896,5.217871735,-4.076546944
2025-11-20 19:39:00,-6.988562219,4.168905453,-5.500556422
2025-11-20 19:39:10,-5.099542654,6.625231334,-5.044325874
2025-11-20 19:39:20,-6.291766937,5.739206870,-4.781164941
2025-11-20 19:39:30,-6.802535826,5.470966554,-4.654121839
2025-11-20 19:39:40,-6.549169217,5.828989129,-4.409404398
2025-11-20 19:39:50,-6.415952345,6.115189817,-4.362967880
2025-11-20 19:40:00,-5.959343477,6.080717669,-5.035385542
2025-11-20 19:40:10,-4.386755207,7.325163045,-4.940952726
2025-11-20 19:40:20,-6.065801473,7.289986325,-2.772530824
2025-11-20 19:40:30,-5.288457094,7.935237689,-2.178602790
2025-11-20 19:40:40,-5.458497531,7.661998812,-2.722435484
2025-11-20 19:40:50,-6.484084292,6.525262140,-3.332893605
2025-11-20 19:41:00,-5.204781430,7.129291490,-4.128558189
2025-11-20 19:41:10,-6.649346903,6.544736608,-2.886681630
2025-11-20 19:41:20,-5.233711209,7.501471394,-3.530234987
2025-11-20 19:41:30,-4.443961468,8.026462803,-3.398461514
2025-11-20 19:41:40,-3.838356945,7.833639994,-4.527122152
2025-11-20 19:41:50,-4.313351701,6.918978241,-5.643581360
2025-11-20 19:42:00,-5.052504810,6.708466668,-5.237980956
2025-11-20 19:42:10,-4.738749049,7.165261300,-4.668535168
2025-11-20 19:42:20,-3.759786409,7.949114537,-4.271317922
2025-11-20 19:42:30,-3.571096750,7.836168826,-4.675470266
2025-11-20 19:42:40,-3.559284623,7.567821475,-5.054816055
2025-11-20 19:42:50,-3.088926422,6.942105511,-6.152136527
2025-11-20 19:43:00,-2.210331675,8.200926391,-4.933667530
2025-11-20 19:43:10,-1.814755381,9.327035755,-2.196200429
2025-11-20 19:43:20,-4.018000793,8.241498857,-3.471541152
2025-11-20 19:43:30,-4.255807543,8.019662778,-3.565082236
2025-11-20 19:43:40,-5.226302835,7.368258168,-3.944164256
2025-11-20 19:43:50,-4.683732258,6.474515805,-5.867329360
2025-11-20 19:44:00,-5.298856014,6.992809112,-4.280346108
2025-11-20 19:44:10,-5.029050989,7.285535069,-4.242246064
2025-11-20 19:44:20,-5.490763834,5.206403283,-6.241232297
2025-11-20 19:44:30,-3.877673999,6.012475479,-6.700564975
2025-11-20 19:44:40,-4.476039273,7.462933707,-4.566142129
2025-11-20 19:44:50,-3.976628758,8.065641523,-4.015856945
2025-11-20 19:45:00,-3.257475558,8.050345411,-4.704056209
2025-11-20 19:45:10,-1.834487010,7.970463807,-5.455724624
2025-11-20 19:45:20,-0.972004703,7.708772352,-6.015623207
2025-11-20 19:45:30,0.704465929,7.271255502,-6.580568586
2025-11-20 19:45:40,2.249507234,6.903821159,-6.515856840
2025-11-20 19:45:50,0.508218597,6.979589384,-6.826535008
2025-11-20 19:46:00,-0.180577015,8.335736489,-5.312626682
2025-11-20 19:46:10,-0.858253129,8.292967734,-5.123204509
2025-11-20 19:46:20,-1.648398639,8.423609810,-4.763504972
2025-11-20 19:46:30,-1.935910151,7.922267563,-5.479622943
2025-11-20 19:46:40,-1.661357455,8.321655522,-5.028508617
2025-11-20 19:46:50,-2.886307850,8.591353714,-3.790051182
2025-11-20 19:47:00,-2.851750437,9.130123935,-2.571519778
2025-11-20 19:47:10,-1.453068489,9.168854075,-3.276918347
2025-11-20 19:47:20,-1.382945116,9.594463679,-1.903685284
2025-11-20 19:47:30,-1.337850855,9.641325988,-1.741444046
2025-11-20 19:47:40,-0.885881064,9.668691518,-1.433142624
2025-11-20 19:47:50,-1.433629052,9.561995262,-1.846513732
2025-11-20 19:48:00,-1.594671955,9.163552586,-3.116512022
2025-11-20 19:48:10,-1.714122592,9.294755590,-2.800156746
2025-11-20 19:48:20,-2.331260910,9.218943170,-2.533113951
2025-11-20 19:48:30,-1.273397884,9.456878750,-2.357928692
2025-11-20 19:48:40,-1.700555684,9.486463512,-2.111092232
2025-11-20 19:48:50,-2.494146742,9.347944762,-1.852661442
2025-11-20 19:49:00,-2.336641920,9.279758056,-2.066039268
2025-11-20 19:49:10,-2.647988109,9.287464534,-1.961861414
2025-11-20 19:49:20,-3.399502253,9.046869030,-1.314235903
2025-11-20 19:49:30,-3.472726254,9.026408848,-1.879912477
2025-11-20 19:49:40,-4.031712426,8.707253471,-1.790777182
2025-11-20 19:49:50,-3.708298838,8.949377805,-1.414736958
2025-11-20 19:50:00,-3.302536302,8.966144568,-2.206908245
2025-11-20 19:50:10,-3.735869703,8.813996945,-1.989476200
2025-11-20 19:50:20,-3.533356631,9.275741627,-0.625254758
2025-11-20 19:50:30,-2.949126001,9.283021362,0.323542639
2025-11-20 19:50:40,-2.181924184,9.429065056,1.033897580
2025-11-20 19:50:50,-2.104568204,9.365827529,1.690436722
2025-11-20 19:51:00,-1.352049137,9.617454737,1.525924382
2025-11-20 19:51:10,-2.183920088,9.426818287,1.489048275
2025-11-20 19:51:20,-1.986895091,9.559884362,1.228270587
2025-11-20 19:51:30,-1.686500159,9.538107744,1.528809955
2025-11-20 19:51:40,-2.478867956,9.487006855,0.281581932
2025-11-20 19:51:50,-3.441807507,9.155662737,-0.744809598
2025-11-20 19:52:00,-3.818108849,8.814364837,-1.679382802
2025-11-20 19:52:10,-4.062146846,8.916973963,-1.001796031
2025-11-20 19:52:20,-2.243024591,9.487597035,-0.375179880
2025-11-20 19:52:30,-1.662285711,9.551746566,0.411585259
2025-11-20 19:52:40,-0.990994748,9.798443546,-0.407344341
2025-11-20 19:52:50,-1.501703011,9.609896765,0.647672028
2025-11-20 19:53:00,0.013686463,9.736999143,0.647192762
2025-11-20 19:53:10,-0.799040628,9.755677013,0.525013862
2025-11-20 19:53:20,-0.714459829,9.752343533,-0.533866947
2025-11-20 19:53:30,-0.759634578,9.781114458,-0.778908815
2025-11-20 19:53:40,-0.963164384,9.791841833,-0.265086346
2025-11-20 19:53:50,-1.236942856,9.708426978,0.242029420
2025-11-20 19:54:00,-1.833241941,9.534172842,1.379206459
2025-11-20 19:54:10,-1.212134532,9.398323220,2.534537808
2025-11-20 19:54:20,-0.931557240,9.377855366,2.473359802
2025-11-20 19:54:30,0.172109350,9.403381457,2.685934937
2025-11-20 19:54:40,0.243775660,9.524869404,2.327146951
2025-11-20 19:54:50,-0.426634803,9.559932155,2.417625803
2025-11-20 19:55:00,-0.071961559,9.427633154,2.572133142
2025-11-20 19:55:10,0.907710963,9.370205576,2.727567347
2025-11-20 19:55:20,1.559876459,9.482123814,1.878799719
2025-11-20 19:55:30,2.460044956,9.358542079,1.338561438
2025-11-20 19:55:40,2.435771540,9.346053886,1.328217280
2025-11-20 19:55:50,2.096273537,9.438938293,1.508337290
2025-11-20 19:56:00,2.609796996,9.168537541,1.961169250
2025-11-20 19:56:10,2.806463367,9.121123675,1.876508834
2025-11-20 19:56:20,2.282568805,9.406488394,1.668877246
2025-11-20 19:56:30,1.912027520,9.384551517,1.908418858
2025-11-20 19:56:40,2.269889520,9.348492540,1.760648426
2025-11-20 19:56:50,1.253200041,9.541028039,1.706598772
2025-11-20 19:57:00,0.191085795,9.714108008,1.437969948
2025-11-20 19:57:10,-0.312957034,9.762781149,1.223880851
2025-11-20 19:57:20,-0.519175366,9.632387318,1.961886035
2025-11-20 19:57:30,-0.549051072,9.414150179,2.293548774
2025-11-20 19:57:40,0.148282616,9.592871867,2.113199494
2025-11-20 19:57:50,0.323609011,9.420162177,2.656466163
2025-11-20 19:58:00,0.702485802,9.259516339,3.086360054
2025-11-20 19:58:10,0.667226313,9.168667656,3.279578752
2025-11-20 19:58:20,1.504527079,9.190153420,3.303908771
2025-11-20 19:58:30,1.560927777,9.204578394,3.243691529
2025-11-20 19:58:40,1.626281515,8.985806150,3.563536981
2025-11-20 19:58:50,1.764803091,9.074437290,3.266218757
2025-11-20 19:59:00,1.253078439,9.032817212,3.712528582
2025-11-20 19:59:10,1.472479512,8.855098273,3.879744466
2025-11-20 19:59:20,1.347503113,8.623205052,4.468219656
2025-11-20 19:59:30,1.255391850,8.655400928,4.633915070
2025-11-20 19:59:40,1.101612804,8.584118894,4.488578951
2025-11-20 19:59:50,1.714535219,8.468850456,4.753851390
2025-11-20 20:00:00,2.221549778,8.729857669,3.900375416
2025-11-20 20:00:10,2.575098695,8.499460533,4.167892796
2025-11-20 20:00:20,2.532016416,8.639426564,3.726226523
2025-11-20 20:00:30,2.618719897,8.725064925,3.618809659
2025-11-20 20:00:40,2.638424197,8.867733641,3.011882489
2025-11-20 20:00:50,2.949550764,8.973838121,2.747200014
2025-11-20 20:01:00,3.318851107,8.919038998,2.749895675
2025-11-20 20:01:10,3.628544824,8.789911823,2.579633649
2025-11-20 20:01:20,3.388497325,8.707226577,2.673229682
2025-11-20 20:01:30,2.853416000,9.019662192,2.528657561
2025-11-20 20:01:40,2.461711658,9.025797906,2.681240060
2025-11-20 20:01:50,2.048986300,9.313884798,2.323400195
2025-11-20 20:02:00,1.726781086,9.416760872,2.240028282
2025-11-20 20:02:10,2.059707612,9.362737349,1.958637361
2025-11-20 20:02:20,2.040593649,9.249885791,2.493039062
2025-11-20 20:02:30,1.493510865,9.298867833,2.483264174
2025-11-20 20:02:40,1.299642214,9.413026789,2.589995176
2025-11-20 20:02:50,1.534754659,9.274471700,2.707904389
2025-11-20 20:03:00,1.544803928,9.504197403,2.338441832
2025-11-20 20:03:10,1.285563132,9.468973213,2.350360590
2025-11-20 20:03:20,1.206763010,9.495991185,2.248439498
2025-11-20 20:03:30,1.338015623,9.363451879,2.602094928
2025-11-20 20:03:40,1.109435530,9.414398874,2.774986008
2025-11-20 20:03:50,1.087515718,9.248329367,2.902521015
2025-11-20 20:04:00,0.890921268,9.333671103,2.947653479
2025-11-20 20:04:10,0.897467411,9.401005993,2.698233227
2025-11-20 20:04:20,1.136863907,9.267911195,2.880104135
2025-11-20 20:04:30,1.261106405,9.314353421,2.443359635
2025-11-20 20:04:40,1.318410178,9.443309469,2.514817032
2025-11-20 20:04:50,1.415829102,9.092239702,3.431497079
2025-11-20 20:05:00,1.627311491,9.104542217,3.256595218
2025-11-20 20:05:10,1.508028006,9.149707908,2.982298656
2025-11-20 20:05:20,1.202251620,9.208311013,3.171927992
2025-11-20 20:05:30,0.916673279,9.175173157,3.382900141
2025-11-20 20:05:40,0.902826329,9.117144510,3.465443491
2025-11-20 20:05:50,0.881814055,9.048014299,3.701758005
2025-11-20 20:06:00,1.303069936,9.041612977,3.664217978
2025-11-20 20:06:10,1.269313432,9.141841841,3.542299139
2025-11-20 20:06:20,0.713414615,9.154953743,3.365117182
2025-11-20 20:06:30,1.088941854,9.124451528,3.380413048
2025-11-20 20:06:40,0.963510578,9.094161038,3.540300820
2025-11-20 20:06:50,0.780715725,9.317637578,2.954559834
2025-11-20 20:07:00,0.342760144,9.340403174,2.843448902
2025-11-20 20:07:10,0.116612231,9.339135930,2.915698727
2025-11-20 20:07:20,-0.284154728,9.426862270,2.754795242
2025-11-20 20:07:30,-0.169633534,9.526066888,2.450038132
2025-11-20 20:07:40,-0.377422953,9.495202588,2.353865992
2025-11-20 20:07:50,-0.563081043,9.400326456,2.626982014
2025-11-20 20:08:00,-1.027730449,9.414857440,2.514943670
2025-11-20 20:08:10,-1.140370713,9.242916133,2.971116437
2025-11-20 20:08:20,-1.195706250,9.124375763,3.338393529
2025-11-20 20:08:30,-1.277805573,9.140181679,3.053563040
2025-11-20 20:08:40,-1.178571679,9.167627066,3.410208754
2025-11-20 20:08:50,-1.181576165,9.145590743,3.536176864
2025-11-20 20:09:00,-0.833523125,9.133353624,3.293857732
2025-11-20 20:09:10,-1.037779416,9.087101009,3.492528579
2025-11-20 20:09:20,-1.200829697,8.896674932,3.971103481
2025-11-20 20:09:30,-1.530544717,8.844849040,3.848133069
2025-11-20 20:09:40,-1.796022553,8.972981159,3.644199214
2025-11-20 20:09:50,-2.173680890,8.813839177,3.497978599
2025-11-20 20:10:00,-1.795334161,8.782564286,4.015879696
2025-11-20 20:10:10,-1.930085344,8.823613001,3.829902561
2025-11-20 20:10:20,-2.184494886,8.602845182,4.145891909
2025-11-20 20:10:30,-1.523111755,8.933638299,3.871790582
2025-11-20 20:10:40,-0.969107342,8.909916438,3.997775821
2025-11-20 20:10:50,-1.217779876,8.898679858,4.139509556
2025-11-20 20:11:00,-0.707407347,8.833972468,4.372228745
2025-11-20 20:11:10,-0.391546019,8.964220144,4.070669075
2025-11-20 20:11:20,-0.593148811,8.797513328,4.139503289
2025-11-20 20:11:30,-0.664223972,8.566615707,4.884896295
2025-11-20 20:11:40,-0.942768605,8.638124737,4.692170298
2025-11-20 20:11:50,-0.656263592,8.361212621,5.069353323
2025-11-20 20:12:00,-0.992267538,8.096684222,5.400001131
2025-11-20 20:12:10,-1.318580826,7.978380340,5.553353562
2025-11-20 20:12:20,-1.185349203,7.946793320,5.503433824
2025-11-20 20:12:30,-1.622968041,7.589250416,5.954882416
2025-11-20 20:12:40,-1.293314988,7.284305963,6.430277160
2025-11-20 20:12:50,-1.558936311,7.331963977,6.327928809
2025-11-20 20:13:00,-1.333561223,7.985699804,5.535572442
2025-11-20 20:13:10,-1.465807523,7.596414816,5.914416992
2025-11-20 20:13:20,-1.645277941,7.532107359,6.071898758
2025-11-20 20:13:30,-1.890630576,7.481022935,6.012797565
2025-11-20 20:13:40,-1.913292637,7.513100976,5.997197224
2025-11-20 20:13:50,-1.186701870,7.589269622,6.175641180
2025-11-20 20:14:00,-1.454501489,7.521140292,6.225037765
2025-11-20 20:14:10,-1.576776466,7.483453947,6.118836900
2025-11-20 20:14:20,-2.001461105,7.865886243,5.603926365
2025-11-20 20:14:30,-1.726136639,7.565844086,5.858548071
2025-11-20 20:14:40,-1.469491473,7.770502666,5.826252823
2025-11-20 20:14:50,-0.890099620,7.919106044,5.865452674
2025-11-20 20:15:00,-0.678725374,7.639161236,6.058189050
2025-11-20 20:15:10,-0.587858382,7.521160375,6.259239738
2025-11-20 20:15:20,-0.223248349,7.315589311,6.614544627
2025-11-20 20:15:30,-0.300111862,6.943562912,7.003026272
2025-11-20 20:15:40,-0.198086270,6.701626721,7.093531640
2025-11-20 20:15:50,-0.162009464,6.729185166,7.135579509
2025-11-20 20:16:00,0.123998755,6.622584982,7.199634075
2025-11-20 20:16:10,-0.190454924,6.824272851,7.032913369
2025-11-20 20:16:20,-0.257175179,6.912898689,6.965624723
2025-11-20 20:16:30,-0.125114871,7.338664868,6.434160480
2025-11-20 20:16:40,0.334634866,6.857681945,6.987816332
2025-11-20 20:16:50,0.752951556,7.054922559,6.724155669
2025-11-20 20:17:00,1.036041300,6.890762081,7.019923863
2025-11-20 20:17:10,0.874244335,6.665848944,7.234746270
2025-11-20 20:17:20,0.931231698,6.926481143,6.854448518
2025-11-20 20:17:30,1.289260492,7.190389630,6.630817923
2025-11-20 20:17:40,1.092180485,7.191171017,6.746783118
2025-11-20 20:17:50,1.034930676,6.971448090,6.833638180
2025-11-20 20:18:00,0.672022916,6.601448534,7.181697562
2025-11-20 20:18:10,0.390090438,6.446479636,7.359760601
2025-11-20 20:18:20,0.272764822,6.374900798,7.444322666
2025-11-20 20:18:30,0.774798994,6.515037018,7.218703202
2025-11-20 20:18:40,0.222708584,6.623259894,7.183975433
2025-11-20 20:18:50,0.586680108,6.260088807,7.457181936
2025-11-20 20:19:00,0.950444284,6.201706768,7.501071814
2025-11-20 20:19:10,1.437761586,6.343051171,7.278326401
2025-11-20 20:19:20,1.854954068,6.236380616,7.465329931
2025-11-20 20:19:30,1.890110099,6.217976490,7.302855744
2025-11-20 20:19:40,2.504469568,6.232510009,7.343773131
2025-11-20 20:19:50,2.134796773,6.111390865,7.390514353
2025-11-20 20:20:00,1.879309777,6.305201919,7.278233693
2025-11-20 20:20:10,2.335228272,6.350618104,7.005587130
2025-11-20 20:20:20,1.888613574,6.785736092,6.805384471
2025-11-20 20:20:30,2.753649184,6.449944598,6.827350565
2025-11-20 20:20:40,3.529184439,6.504644074,6.550886739
2025-11-20 20:20:50,3.277605835,6.466440464,6.752701190
2025-11-20 20:21:00,3.326791213,6.270686595,6.787609826
2025-11-20 20:21:10,2.815988154,6.158648857,7.142535131
2025-11-20 20:21:20,3.085545408,6.651987794,6.321881088
2025-11-20 20:21:30,3.385929951,6.748864447,6.218608888
2025-11-20 20:21:40,3.817534627,6.469420986,6.362265950
2025-11-20 20:21:50,3.616572887,6.585601328,6.234169255
2025-11-20 20:22:00,4.129015567,6.678290641,6.016589135
2025-11-20 20:22:10,3.820847789,6.849789816,5.925606503
2025-11-20 20:22:20,4.342266896,5.856404858,6.559799951
2025-11-20 20:22:30,4.427974309,5.106987396,7.084052601
2025-11-20 20:22:40,4.630890930,5.282369832,6.844095538
2025-11-20 20:22:50,4.946227158,5.603277564,6.415871342
2025-11-20 20:23:00,5.392873894,5.466300079,6.119138634
2025-11-20 20:23:10,5.354523969,5.516472969,6.097307641
2025-11-20 20:23:20,5.608093581,5.815756028,5.575577532
2025-11-20 20:23:30,6.489730000,5.782526574,4.450974779
2025-11-20 20:23:40,6.473764652,5.779589698,4.417211216
2025-11-20 20:23:50,6.243901579,5.867271486,4.896077436
2025-11-20 20:24:00,6.383206212,5.557203547,5.030036568
2025-11-20 20:24:10,6.211205762,5.526328418,5.316675265
2025-11-20 20:24:20,6.631181115,5.192299287,4.953170846
2025-11-20 20:24:30,6.537060453,5.151585306,5.276590345
2025-11-20 20:24:40,6.027349483,5.331730068,5.612472451
2025-11-20 20:24:50,6.192854583,5.274681719,5.550408350
2025-11-20 20:25:00,6.178403529,5.303829282,5.332880758
2025-11-20 20:25:10,6.751424068,5.204967921,4.850299160
2025-11-20 20:25:20,6.898470980,5.457136585,4.124381290
2025-11-20 20:25:30,6.773046212,5.639353152,4.315829800
2025-11-20 20:25:40,6.778398524,6.062848119,3.622226265
2025-11-20 20:25:50,6.877135254,5.864480149,3.926417980
2025-11-20 20:26:00,6.667619602,6.241268636,3.627258489
2025-11-20 20:26:10,6.744413011,6.307488144,3.550874800
2025-11-20 20:26:20,6.987726391,5.846378889,3.696685559
2025-11-20 20:26:30,7.127060154,5.858199660,3.370231044
2025-11-20 20:26:40,7.171471718,5.829313145,3.300095418
2025-11-20 20:26:50,7.177432995,5.885882053,3.154951778
2025-11-20 20:27:00,7.377827558,5.808957664,2.551512250
2025-11-20 20:27:10,7.315195147,5.852482932,2.587436589
2025-11-20 20:27:20,7.498135406,5.746444754,2.700275362
2025-11-20 20:27:30,7.112346205,6.050982021,3.066363897
2025-11-20 20:27:40,7.043348115,5.884431421,3.268061315
2025-11-20 20:27:50,6.988010397,6.263167072,2.763583010
2025-11-20 20:28:00,7.126114650,6.047836640,2.863905414
2025-11-20 20:28:10,7.205177656,6.362718018,2.536249889
2025-11-20 20:28:20,7.062066936,6.347486587,2.179273749
2025-11-20 20:28:30,7.123100750,6.508271180,1.796696950
2025-11-20 20:28:40,7.694364086,5.883391463,1.901431452
2025-11-20 20:28:50,7.770233023,5.963191597,1.308827876
2025-11-20 20:29:00,7.711619317,5.849380988,1.228363238
2025-11-20 20:29:10,7.476735559,6.044845766,1.636742901
2025-11-20 20:29:20,7.551024918,6.077287699,2.014196478
2025-11-20 20:29:30,7.321010593,6.096893791,2.105811762
2025-11-20 20:29:40,7.264333920,6.112822043,2.120514959
2025-11-20 20:29:50,7.489589624,6.043196476,2.220315941
2025-11-20 20:30:00,7.388538300,6.139985022,1.984409166
2025-11-20 20:30:10,7.432253485,6.298708157,1.354564098
2025-11-20 20:30:20,7.485911252,6.231112246,1.043841227
2025-11-20 20:30:30,7.124586900,6.762819392,0.741500373
2025-11-20 20:30:40,7.062512595,6.632635388,1.418554690
2025-11-20 20:30:50,6.936469859,6.770285841,1.064091622
2025-11-20 20:31:00,7.018690671,6.795571738,0.854089826
2025-11-20 20:31:10,7.165057374,6.650760488,1.170913633
2025-11-20 20:31:20,7.047794654,6.692545782,0.990661745
2025-11-20 20:31:30,6.947087142,6.743341575,1.173125148
2025-11-20 20:31:40,6.712936960,7.038118289,1.003883662
2025-11-20 20:31:50,6.797068764,6.954416265,0.973122651
2025-11-20 20:32:00,6.820789643,6.929798002,1.381090371
2025-11-20 20:32:10,6.759835866,7.011662411,1.224061788
2025-11-20 20:32:20,6.774688855,7.076274561,1.471069415
2025-11-20 20:32:30,6.442206951,7.217781552,1.350556102
2025-11-20 20:32:40,6.410619329,7.345938278,1.009118302
2025-11-20 20:32:50,6.364350813,7.352068833,1.213570053
2025-11-20 20:33:00,6.345874879,7.389103812,1.266112453
2025-11-20 20:33:10,6.440990755,7.225658277,1.258505667
2025-11-20 20:33:20,6.497075906,7.383944439,1.010111604
2025-11-20 20:33:30,6.485176955,7.161979368,1.354831667
2025-11-20 20:33:40,6.564823598,7.243473205,0.984780162
2025-11-20 20:33:50,6.754173259,7.025529367,1.183160776
2025-11-20 20:34:00,6.509626609,7.200207000,1.221316244
2025-11-20 20:34:10,6.961983385,6.639620914,1.497126628
2025-11-20 20:34:20,7.049845808,6.752827964,1.210218936
2025-11-20 20:34:30,7.512914403,6.220432160,1.829325076
2025-11-20 20:34:40,7.519593008,5.973022885,2.136699813
2025-11-20 20:34:50,7.692560335,5.630484240,2.320838366
2025-11-20 20:35:00,7.682498969,5.550605489,2.551933928
2025-11-20 20:35:10,7.846902299,5.391858551,2.430169823
2025-11-20 20:35:20,7.825607925,5.499390565,1.933509825
2025-11-20 20:35:30,7.858627215,5.641693044,1.661975590
2025-11-20 20:35:40,7.891713075,5.671842407,1.396675177
2025-11-20 20:35:50,7.675689660,5.896848018,1.685881360
2025-11-20 20:36:00,7.606585637,5.942823939,1.843471686
2025-11-20 20:36:10,7.485020990,6.057743039,1.810586646
2025-11-20 20:36:20,7.492278319,6.043468007,1.899899821
2025-11-20 20:36:30,7.597686470,6.015372824,1.512684641
2025-11-20 20:36:40,7.728188870,5.961791002,1.264258812
2025-11-20 20:36:50,7.850047584,5.601953826,1.612073489
2025-11-20 20:37:00,7.803894881,5.589855317,2.155768409
2025-11-20 20:37:10,7.890929231,5.416331963,2.303839511
2025-11-20 20:37:20,8.129787252,4.924532032,2.222636791
2025-11-20 20:37:30,8.081538234,5.305569674,1.520359125
2025-11-20 20:37:40,8.056711591,5.332228373,1.613719512
2025-11-20 20:37:50,8.108571833,5.195698655,2.048189604
2025-11-20 20:38:00,8.061434775,5.110036595,1.993719795
2025-11-20 20:38:10,8.125078237,5.038664677,2.148837703
2025-11-20 20:38:20,7.904851580,5.340750008,2.274736926
2025-11-20 20:38:30,7.859742979,5.550905605,2.205219020
2025-11-20 20:38:40,7.719292458,5.791847580,1.947100242
2025-11-20 20:38:50,7.429508343,6.040311615,2.310400758
2025-11-20 20:39:00,7.571214874,5.790738579,2.432140385
2025-11-20 20:39:10,7.436063495,5.959972713,2.191313919
2025-11-20 20:39:20,7.503863784,5.957729348,2.171355331
2025-11-20 20:39:30,7.712437844,5.749640722,2.222665177
2025-11-20 20:39:40,7.665945751,5.599331187,2.339093953
2025-11-20 20:39:50,7.905988179,5.430696804,2.181574298
2025-11-20 20:40:00,7.662693790,5.758044555,2.060668371
2025-11-20 20:40:10,7.660953312,5.917729414,1.850356366
2025-11-20 20:40:20,7.692227741,5.638218358,2.189798350
2025-11-20 20:40:30,7.981228262,5.508465399,2.168224354
2025-11-20 20:40:40,7.858732411,5.501218220,1.871720519
2025-11-20 20:40:50,8.032343430,5.401377906,1.828089461
2025-11-20 20:41:00,7.701757847,5.439269926,2.529539548
2025-11-20 20:41:10,8.124840697,4.830963676,2.557930807
2025-11-20 20:41:20,8.072806490,4.921498504,2.560443202
2025-11-20 20:41:30,7.855181979,5.077902900,2.883355740
2025-11-20 20:41:40,7.818491593,5.174511683,2.425548207
2025-11-20 20:41:50,7.780245233,5.238375014,2.898424192
2025-11-20 20:42:00,7.634254535,5.305721507,3.339380758
2025-11-20 20:42:10,7.482572591,5.585506900,3.089022239
2025-11-20 20:42:20,7.810873632,5.019272380,3.075960764
2025-11-20 20:42:30,7.986085101,5.043664271,2.762723305
2025-11-20 20:42:40,7.866247160,5.131690538,2.820827805
2025-11-20 20:42:50,8.051930440,5.146936710,2.397375784
2025-11-20 20:43:00,7.602794601,5.577297313,2.437220996
2025-11-20 20:43:10,7.657617809,5.573978785,2.089540265
2025-11-20 20:43:20,7.888156298,5.360037255,2.248931197
2025-11-20 20:43:30,7.989307806,5.139959108,2.472304244
2025-11-20 20:43:40,8.069065030,5.131996077,2.044708140
2025-11-20 20:43:50,8.051193892,5.215498733,2.250198186
2025-11-20 20:44:00,7.663570564,5.356413810,2.812373749
2025-11-20 20:44:10,7.852099514,5.313262718,2.804060091
2025-11-20 20:44:20,7.707841853,5.475307804,2.624240914
2025-11-20 20:44:30,7.976135308,4.955405687,2.828015653
2025-11-20 20:44:40,8.012572920,4.981705096,2.633615463
2025-11-20 20:44:50,7.959701857,4.983169059,2.829637634
2025-11-20 20:45:00,8.198140967,4.550147287,2.832172100
2025-11-20 20:45:10,8.289998023,4.565639244,2.531362043
2025-11-20 20:45:20,8.146723994,5.061796207,2.494238093
2025-11-20 20:45:30,8.024567825,5.127948144,2.313720449
2025-11-20 20:45:40,7.812802818,5.547139758,1.986995139
2025-11-20 20:45:50,7.603573377,5.751907799,2.145026331
2025-11-20 20:46:00,7.785821587,5.644613379,2.067998296
2025-11-20 20:46:10,7.862075932,5.417980539,2.214204883
2025-11-20 20:46:20,7.851179263,5.457149728,2.687830773
2025-11-20 20:46:30,7.755982191,5.462745008,2.505300887
2025-11-20 20:46:40,7.693847936,5.532047590,2.265179743
2025-11-20 20:46:50,8.087695270,5.031455347,1.870770974
2025-11-20 20:47:00,7.914379308,5.297209609,2.156125349
2025-11-20 20:47:10,7.912695858,5.272733808,2.218410511
2025-11-20 20:47:20,7.671715199,5.651777799,2.673323719
2025-11-20 20:47:30,7.398202936,5.871286663,2.471471512
2025-11-20 20:47:40,7.219127071,5.999718178,2.729428353
2025-11-20 20:47:50,7.149543301,5.996447287,2.994739273
2025-11-20 20:48:00,6.937336534,6.300120086,2.894250995
2025-11-20 20:48:10,6.573835975,6.572755860,3.042403012
2025-11-20 20:48:20,6.376152987,7.038049875,2.478798052
2025-11-20 20:48:30,6.532754597,6.814937032,2.645401798
2025-11-20 20:48:40,6.912855089,6.443878206,2.409747860
2025-11-20 20:48:50,6.957047225,6.478174262,2.649686406
2025-11-20 20:49:00,6.679439029,6.702849390,2.758415416
2025-11-20 20:49:10,6.126728692,7.146817144,2.737809561
2025-11-20 20:49:20,6.275675546,6.809786486,3.013947267
2025-11-20 20:49:30,6.510731399,6.503239129,3.411064521
2025-11-20 20:49:40,6.547567484,6.756777800,3.099275281
2025-11-20 20:49:50,5.760516825,7.096983977,3.439427433
2025-11-20 20:50:00,5.942454469,7.098961040,3.229422773
2025-11-20 20:50:10,5.696990809,7.298671244,3.312094502
2025-11-20 20:50:20,5.385614246,7.463247074,3.069511199
2025-11-20 20:50:30,5.155736484,7.669502484,3.396676591
2025-11-20 20:50:40,4.867239037,7.671241513,3.600951755
2025-11-20 20:50:50,4.534353132,7.689913699,4.059667568
2025-11-20 20:51:00,3.825840730,8.099375181,4.056228749
2025-11-20 20:51:10,3.784826785,8.255359660,3.839896780
2025-11-20 20:51:20,3.699851007,7.976458186,4.134590002
2025-11-20 20:51:30,3.800709682,7.938664807,4.313271769
2025-11-20 20:51:40,3.781067596,8.245305187,3.780183907
2025-11-20 20:51:50,3.892619293,8.105789622,3.800079810
2025-11-20 20:52:00,3.475339312,8.644005061,2.985283390
2025-11-20 20:52:10,3.283297386,8.502220640,3.407882774
2025-11-20 20:52:20,3.630316331,8.459490644,3.375837568
2025-11-20 20:52:30,3.737785714,8.269529714,3.755779412
2025-11-20 20:52:40,3.945343605,8.320434182,3.450711544
2025-11-20 20:52:50,3.690202351,8.363553825,3.373114481
2025-11-20 20:53:00,3.679324650,8.477281401,3.709906501
2025-11-20 20:53:10,3.724491272,8.537878739,3.065794719
2025-11-20 20:53:20,3.309148097,8.819472250,2.718741199
2025-11-20 20:53:30,2.962933663,8.820283411,3.134141102
2025-11-20 20:53:40,3.030380898,8.870808809,3.044624786
2025-11-20 20:53:50,3.246804614,8.686641046,3.185610018
2025-11-20 20:54:00,3.494691810,8.519886823,3.725080637
2025-11-20 20:54:10,3.193724095,8.668247615,3.298243091
2025-11-20 20:54:20,3.557644151,8.591057851,3.051576488
2025-11-20 20:54:30,3.716142170,8.446876893,3.315187486
2025-11-20 20:54:40,3.900673209,8.394429645,3.115592418
2025-11-20 20:54:50,4.295111532,8.284196969,3.097034756
2025-11-20 20:55:00,4.805920196,7.853427841,3.321356313
2025-11-20 20:55:10,4.517537252,8.169019066,3.109150355
2025-11-20 20:55:20,4.037370729,8.416745896,2.986447408
2025-11-20 20:55:30,4.219864982,8.256554617,3.100646552
2025-11-20 20:55:40,4.140812875,8.607730872,2.949104301
2025-11-20 20:55:50,3.963306792,8.521948231,2.963735701
2025-11-20 20:56:00,3.353554141,8.577201790,3.176654976
2025-11-20 20:56:10,3.526645298,8.831549084,2.705638161
2025-11-20 20:56:20,3.100996665,8.973310087,2.409649927
2025-11-20 20:56:30,3.087883817,8.962079035,2.211329202
2025-11-20 20:56:40,2.599415856,9.171087673,2.276284961
2025-11-20 20:56:50,2.583945030,9.283870852,2.163902775
2025-11-20 20:57:00,2.726976588,9.129458874,2.170004237
2025-11-20 20:57:10,2.514822986,9.097094054,2.524651849
2025-11-20 20:57:20,2.307763956,9.096614518,2.668894595
2025-11-20 20:57:30,2.508698344,9.215799486,2.141243341
2025-11-20 20:57:40,2.335525698,9.260554419,2.483909391
2025-11-20 20:57:50,2.326120144,9.131438791,2.485771888
2025-11-20 20:58:00,2.179184817,9.100926752,3.115500745
2025-11-20 20:58:10,1.926754129,8.987468129,3.228922865
2025-11-20 20:58:20,1.945815909,8.996551034,3.359796877
2025-11-20 20:58:30,1.322953574,9.065003462,3.639460915
2025-11-20 20:58:40,1.645985543,8.737764829,4.249226577
2025-11-20 20:58:50,1.168972634,8.848325371,4.104884909
2025-11-20 20:59:00,1.622301003,8.748279274,3.991080105
2025-11-20 20:59:10,1.667996780,8.961389407,3.611452270
2025-11-20 20:59:20,1.866036056,9.059470567,3.564228181
2025-11-20 20:59:30,1.656401014,9.074919708,3.509272609
2025-11-20 20:59:40,1.271007853,9.127765447,3.311790895
2025-11-20 20:59:50,0.515201873,9.267676094,3.227933004
2025-11-20 21:00:00,0.998428514,8.960440134,3.992766074
2025-11-20 21:00:10,1.308595849,8.831432814,4.043841951
2025-11-20 21:00:20,0.976397295,8.761326184,4.170857025
2025-11-20 21:00:30,1.258755454,8.845644748,3.978169476
2025-11-20 21:00:40,1.062336183,8.960084062,3.872576387
2025-11-20 21:00:50,0.652108504,8.973701013,4.011067921
2025-11-20 21:01:00,0.712491549,9.012480097,4.113774846
2025-11-20 21:01:10,0.418759154,8.983581283,3.821409647
2025-11-20 21:01:20,-0.081624146,9.116045163,3.650722070
2025-11-20 21:01:30,-0.623918920,9.009195229,3.589144999
2025-11-20 21:01:40,-0.369921923,9.154608191,3.396476600
2025-11-20 21:01:50,-0.146958895,9.045729779,4.010883608
2025-11-20 21:02:00,0.314077380,9.164159509,3.601204585
2025-11-20 21:02:10,-0.294603267,9.254333581,3.385587133
2025-11-20 21:02:20,0.059315280,9.256360334,3.245656458
2025-11-20 21:02:30,0.401533074,9.264257209,3.060908817
2025-11-20 21:02:40,0.724360073,9.220167057,3.340765709
2025-11-20 21:02:50,0.580004807,9.406009221,2.851711773
2025-11-20 21:03:00,1.001114146,9.442229619,2.593617866
2025-11-20 21:03:10,0.941730337,9.416915402,2.612383419
2025-11-20 21:03:20,1.129242761,9.334913674,2.709532435
2025-11-20 21:03:30,1.098342894,9.384010530,2.858672378
2025-11-20 21:03:40,1.236572683,9.208921891,3.020096017
2025-11-20 21:03:50,1.736118872,9.085727687,3.256816053
2025-11-20 21:04:00,1.846388466,9.123330126,3.389745478
2025-11-20 21:04:10,1.580604041,9.098457191,3.355358951
2025-11-20 21:04:20,1.731529111,9.170442882,3.152071661
2025-11-20 21:04:30,1.951879667,9.151519912,3.009424206
2025-11-20 21:04:40,2.237976467,8.996166606,3.402624632
2025-11-20 21:04:50,2.078182717,9.180522657,2.962458686
2025-11-20 21:05:00,1.952345363,9.106941228,3.069336524
2025-11-20 21:05:10,2.337572725,9.093993796,3.049029897
2025-11-20 21:05:20,1.756131937,9.144243113,3.180197993
2025-11-20 21:05:30,1.747758174,9.039529703,3.267614409
2025-11-20 21:05:40,2.085288131,8.957782818,3.439130129
2025-11-20 21:05:50,2.428493541,8.911165333,3.278138551
2025-11-20 21:06:00,2.424089983,8.894829412,3.499863614
2025-11-20 21:06:10,2.357188442,8.897050869,3.205473884
2025-11-20 21:06:20,1.951110671,9.195447185,2.734216518
2025-11-20 21:06:30,2.132637253,9.329568228,2.361773669
2025-11-20 21:06:40,1.632908400,9.289234720,2.567475559
2025-11-20 21:06:50,1.293865287,9.500360419,2.398113726
2025-11-20 21:07:00,1.575537385,9.508182719,2.034818131
2025-11-20 21:07:10,1.560462094,9.381750853,2.523076910
2025-11-20 21:07:20,1.506082013,9.463917616,2.462627339
2025-11-20 21:07:30,1.205858565,9.524148858,2.325412566
2025-11-20 21:07:40,1.371380406,9.375798703,2.315259163
2025-11-20 21:07:50,1.385743887,9.538756944,1.706793480
2025-11-20 21:08:00,1.510638041,9.557486769,1.896443753
2025-11-20 21:08:10,1.856705931,9.400968803,2.133841996
2025-11-20 21:08:20,1.548498535,9.483015838,1.809425426
2025-11-20 21:08:30,1.804890564,9.568490367,1.644070776
2025-11-20 21:08:40,1.888415305,9.464751705,1.306573414
2025-11-20 21:08:50,2.049182496,9.521002479,1.300284756
2025-11-20 21:09:00,2.483164771,9.385133741,1.360291289
2025-11-20 21:09:10,2.661502718,9.383375891,0.614964097
2025-11-20 21:09:20,2.981347152,9.306841858,0.717336617
2025-11-20 21:09:30,2.772632056,9.263246661,0.840114295
2025-11-20 21:09:40,3.053515268,9.268358347,1.096013791
2025-11-20 21:09:50,3.376763455,9.276386214,0.835582611
2025-11-20 21:10:00,3.256113045,9.275301846,0.999496919
2025-11-20 21:10:10,3.312488736,9.161594161,1.009309210
2025-11-20 21:10:20,3.435610377,9.233053965,1.190254380
2025-11-20 21:10:30,3.372769830,9.114509518,1.152382248
2025-11-20 21:10:40,3.320258981,9.171722210,1.116483133
2025-11-20 21:10:50,2.950156125,9.180144741,1.329915793
2025-11-20 21:11:00,3.015896577,9.274422114,1.237503128
2025-11-20 21:11:10,2.897347728,9.233194642,0.991866268
2025-11-20 21:11:20,3.069482007,9.236830657,1.310838589
2025-11-20 21:11:30,2.921130603,9.140645891,1.806433700
2025-11-20 21:11:40,2.914899468,9.180741214,1.633923440
2025-11-20 21:11:50,2.856892184,9.169433153,1.866590894
2025-11-20 21:12:00,2.621355402,9.177500443,2.203212160
2025-11-20 21:12:10,2.946934267,9.168258854,2.164427863
2025-11-20 21:12:20,3.106312325,9.043176964,2.207301238
2025-11-20 21:12:30,3.028576066,9.060649990,2.205303718
2025-11-20 21:12:40,3.452321485,8.883618334,2.141110109
2025-11-20 21:12:50,3.742037735,8.819320165,2.164055185
2025-11-20 21:13:00,3.874567822,8.811445213,2.382027119
2025-11-20 21:13:10,3.709256064,8.833899693,2.102442228
2025-11-20 21:13:20,3.596795369,9.049057807,1.582337806
2025-11-20 21:13:30,3.567810321,8.993781663,1.704782591
2025-11-20 21:13:40,3.784110327,8.831271884,2.140120945
2025-11-20 21:13:50,3.731571695,8.823049223,2.144517204
2025-11-20 21:14:00,3.677888711,8.840179161,2.085461194
2025-11-20 21:14:10,4.073447038,8.737159653,1.934974833
2025-11-20 21:14:20,4.044859837,8.661491216,2.228428444
2025-11-20 21:14:30,3.707101280,8.943383905,2.229088771
2025-11-20 21:14:40,3.300182848,9.026623087,2.097745023
2025-11-20 21:14:50,2.863729119,9.119342947,2.280321667
2025-11-20 21:15:00,2.888253838,9.173706917,2.136339239
2025-11-20 21:15:10,3.197571062,9.174327018,1.716266745
2025-11-20 21:15:20,3.530300399,9.040606581,1.626934841
2025-11-20 21:15:30,3.559677186,8.964681328,1.607405617
2025-11-20 21:15:40,3.472225518,9.111566520,1.276063595
2025-11-20 21:15:50,3.421485909,9.120770575,1.217655825
2025-11-20 21:16:00,3.397227259,9.112575443,1.353391887
2025-11-20 21:16:10,3.630544713,9.003212343,1.355118881
2025-11-20 21:16:20,3.853745741,8.900503420,1.449161354
2025-11-20 21:16:30,3.530847848,9.023354925,1.492717705
2025-11-20 21:16:40,3.916226600,8.832242862,1.726101446
2025-11-20 21:16:50,3.729124316,8.927772154,2.011968675
2025-11-20 21:17:00,3.503525102,8.857258443,2.091729119
2025-11-20 21:17:10,3.312531300,8.982189129,1.924963960
2025-11-20 21:17:20,2.762592276,9.215869455,1.882755517
2025-11-20 21:17:30,2.823893844,9.158279396,2.103700477
2025-11-20 21:17:40,2.366659091,9.251376872,2.346750585
2025-11-20 21:17:50,2.106429759,9.273692797,2.530262500
2025-11-20 21:18:00,-0.812875627,8.946615631,-4.174954783
2025-11-20 21:18:10,-1.000226959,6.429108107,-7.624301551
2025-11-20 21:18:20,0.539951762,7.857140098,-6.011140413
2025-11-20 21:18:30,-0.540922115,7.848515061,-5.814097993
2025-11-20 21:18:40,-0.619111296,8.549377053,-4.788582328
2025-11-20 21:18:50,-2.571931785,8.333987092,-4.394416152
2025-11-20 21:19:00,-3.459634298,8.127840368,-5.017123496
2025-11-20 21:19:10,-5.848778742,5.615262265,-5.364584541
2025-11-20 21:19:20,-9.246478051,2.368608209,-2.218911458
2025-11-20 21:19:30,-9.066436536,2.585035317,-3.334023905
2025-11-20 21:19:40,-5.681161761,2.871077010,-7.812831904
2025-11-20 21:19:50,-1.673710536,4.662129691,-8.574138720
2025-11-20 21:20:00,-1.493187219,6.161370906,-7.422786657
2025-11-20 21:20:10,-3.123087071,6.643292909,-6.553659941
2025-11-20 21:20:20,-2.112459418,6.990837946,-6.398687427
2025-11-20 21:20:30,-3.078642400,8.155407433,-4.468605163
2025-11-20 21:20:40,-1.902063143,9.143435931,-2.590488924
2025-11-20 21:20:50,-5.042600395,7.915936744,-2.101890374
2025-11-20 21:21:00,-5.930562863,7.178811924,-3.253297108
2025-11-20 21:21:10,-6.126595508,6.562142023,-3.698335095
2025-11-20 21:21:20,-6.818255975,6.472884643,-2.369336773
2025-11-20 21:21:30,-6.649130525,6.740145082,-2.071293546
2025-11-20 21:21:40,-6.681542189,6.337188027,-3.691987025
2025-11-20 21:21:50,-5.887353873,6.425426016,-4.111652517
2025-11-20 21:22:00,-6.105096924,5.848693482,-4.652003871
2025-11-20 21:22:10,-6.334690890,5.833336560,-4.697386921
2025-11-20 21:22:20,-7.130000415,5.493831849,-3.818980457
2025-11-20 21:22:30,-6.991726270,5.624426313,-4.332772888
2025-11-20 21:22:40,-7.331384750,5.265982009,-4.143654314
2025-11-20 21:22:50,-7.089608066,5.143465132,-4.507417778
2025-11-20 21:23:00,-7.793031695,4.400196028,-4.005142537
2025-11-20 21:23:10,-8.187382077,3.411093156,-4.228556937
2025-11-20 21:23:20,-8.639142516,3.204667249,-3.683492451
2025-11-20 21:23:30,-8.581695943,3.261145846,-3.713367152
2025-11-20 21:23:40,-8.265037122,3.540888192,-4.184921193
2025-11-20 21:23:50,-8.466690236,3.796279457,-3.497499343
2025-11-20 21:24:00,-7.973803369,3.988480650,-4.488962065
2025-11-20 21:24:10,-7.767132096,3.870764054,-4.737606193
2025-11-20 21:24:20,-7.645122373,4.637047451,-3.800488898
2025-11-20 21:24:30,-8.043788141,4.630915178,-3.463053408
2025-11-20 21:24:40,-7.714120975,4.428509890,-4.178494372
2025-11-20 21:24:50,-7.393088837,4.913859305,-4.515501792
2025-11-20 21:25:00,-7.059919876,4.777887944,-4.557435102
2025-11-20 21:25:10,-7.289864247,5.013346769,-4.901443873
2025-11-20 21:25:20,-7.188261139,4.459318472,-5.036470616
2025-11-20 21:25:30,-7.535530914,4.168941692,-4.794488287
2025-11-20 21:25:40,-7.871779933,3.872769119,-4.209284635
2025-11-20 21:25:50,-7.723846954,3.967717205,-4.360209494
2025-11-20 21:26:00,-7.485685584,4.327602535,-4.231874051
2025-11-20 21:26:10,-7.311859447,5.003632628,-4.328191814
2025-11-20 21:26:20,-7.985440641,4.017696533,-3.838130492
2025-11-20 21:26:30,-8.119317381,4.016736446,-4.018174381
2025-11-20 21:26:40,-7.923195327,3.374576282,-4.499361916
2025-11-20 21:26:50,-7.936099385,3.599521693,-4.596328818
2025-11-20 21:27:00,-8.062322953,3.395701493,-4.471948505
2025-11-20 21:27:10,-8.038355274,3.636244259,-4.312412884
2025-11-20 21:27:20,-8.007332070,3.250037789,-4.150686302
2025-11-20 21:27:30,-8.612597447,2.399999830,-4.142325176
2025-11-20 21:27:40,-8.846808278,2.415910007,-4.279770268
2025-11-20 21:27:50,-8.324552675,2.739281124,-4.296260663
2025-11-20 21:28:00,-8.078310318,3.032735232,-4.169563339
2025-11-20 21:28:10,-8.426087632,2.571757500,-3.802738333
2025-11-20 21:28:20,-8.659677960,2.890108035,-3.641263803
2025-11-20 21:28:30,-8.325714115,3.012457115,-4.408950710
2025-11-20 21:28:40,-8.968240257,3.313843050,-3.101598601
2025-11-20 21:28:50,-8.900915107,3.214791882,-2.287121509
2025-11-20 21:29:00,-9.081809952,3.058220602,-2.455112759
2025-11-20 21:29:10,-8.800054961,2.814686956,-2.563810869
2025-11-20 21:29:20,-9.104482765,2.065875219,-2.497290524
2025-11-20 21:29:30,-9.336407217,2.173363347,-2.561166999
2025-11-20 21:29:40,-8.941770208,3.061052466,-2.977365764
2025-11-20 21:29:50,-8.559167735,3.606131091,-3.563744631
2025-11-20 21:30:00,-8.032649988,3.661705787,-3.820788573
2025-11-20 21:30:10,-8.566673934,3.617580881,-3.158569718
2025-11-20 21:30:20,-8.486980799,3.957292730,-2.845583642
2025-11-20 21:30:30,-8.294178297,3.913946007,-3.437864083
2025-11-20 21:30:40,-8.286776608,4.133154254,-3.022840141
2025-11-20 21:30:50,-8.432217547,3.748284477,-2.872140443
2025-11-20 21:31:00,-8.269602572,3.955927752,-3.172763476
2025-11-20 21:31:10,-8.169390473,4.459532565,-2.489079902
2025-11-20 21:31:20,-8.150085989,5.566807933,-2.208150510
2025-11-20 21:31:30,-7.853123587,5.376267340,-2.059359150
2025-11-20 21:31:40,-7.964459294,5.677780620,-1.142633525
2025-11-20 21:31:50,-8.319803566,5.126687026,-1.482494884
2025-11-20 21:32:00,-8.472863113,4.799377576,-0.882551216
2025-11-20 21:32:10,-8.279086966,5.298236698,-1.173268348
2025-11-20 21:32:20,-8.214493091,5.580648742,-1.509363020
2025-11-20 21:32:30,-8.259807380,4.937516244,-0.951113044
2025-11-20 21:32:40,-8.419958435,5.373161540,-0.476174170
2025-11-20 21:32:50,-8.192798408,5.731424782,0.186402902
2025-11-20 21:33:00,-7.983541640,5.783064696,-0.075363520
2025-11-20 21:33:10,-7.764847602,5.676383563,0.046448354
2025-11-20 21:33:20,-7.950283276,5.627100946,-0.019966764
2025-11-20 21:33:30,-7.823678593,5.992915927,-0.298423386
2025-11-20 21:33:40,-7.745805405,6.156247204,-1.027079039
2025-11-20 21:33:50,-8.114192931,5.923753608,-0.796804835
2025-11-20 21:34:00,-7.638097674,6.146555695,-1.237899544
2025-11-20 21:34:10,-7.313441970,6.381956291,-0.838757644
2025-11-20 21:34:20,-7.093380015,6.421025291,-0.850751392
2025-11-20 21:34:30,-7.406383459,6.130912808,-0.786492440
2025-11-20 21:34:40,-7.839487289,6.076036161,-0.733449241
2025-11-20 21:34:50,-7.337583423,6.104368476,-0.708355472
2025-11-20 21:35:00,-7.545663499,5.927191407,-1.273124697
2025-11-20 21:35:10,-7.392772865,6.204773135,-0.632171973
2025-11-20 21:35:20,-7.602593959,5.835660854,-0.634515094
2025-11-20 21:35:30,-7.990648864,5.746641884,-0.354394382
2025-11-20 21:35:40,-8.056316492,5.650693775,-0.644139706
2025-11-20 21:35:50,-8.317058450,5.211434667,-1.645490428
2025-11-20 21:36:00,-8.332222991,5.074834999,-1.218433377
2025-11-20 21:36:10,-8.274286072,5.246088847,-1.631625650
2025-11-20 21:36:20,-8.380442612,4.983674424,-1.454520234
2025-11-20 21:36:30,-8.316894691,5.525287481,-1.695648626
2025-11-20 21:36:40,-8.144191848,5.312262304,-1.150615372
2025-11-20 21:36:50,-8.184792492,5.433959319,-1.835664737
2025-11-20 21:37:00,-7.496835976,5.754580456,-1.522538564
2025-11-20 21:37:10,-7.662555413,6.149032856,-1.559912175
2025-11-20 21:37:20,-7.580867312,5.873282578,-1.442256177
2025-11-20 21:37:30,-7.279675480,6.137237832,-1.755890367
2025-11-20 21:37:40,-7.141480456,6.510529100,-2.021811388
2025-11-20 21:37:50,-7.121780252,5.935958315,-2.088934679
2025-11-20 21:38:00,-7.593413644,5.625621983,-2.514604868
2025-11-20 21:38:10,-7.693577518,4.954346192,-3.523717843
2025-11-20 21:38:20,-7.367660233,4.918637614,-3.480966665
2025-11-20 21:38:30,-7.080323793,5.274437440,-3.790825967
2025-11-20 21:38:40,-7.386744755,4.669869280,-4.534622710
2025-11-20 21:38:50,-7.168553585,5.236815695,-4.108009348
2025-11-20 21:39:00,-7.533149897,5.117897285,-4.351524823
2025-11-20 21:39:10,-7.715918296,4.620366495,-3.372458920
2025-11-20 21:39:20,-7.920792840,5.153809577,-3.498151020
2025-11-20 21:39:30,-8.199780763,4.357364286,-3.641816102
2025-11-20 21:39:40,-8.184676496,4.284019579,-3.828232817
2025-11-20 21:39:50,-7.799793534,4.310026558,-3.825368470
2025-11-20 21:40:00,-7.887365555,4.292532340,-4.347675174
2025-11-20 21:40:10,-7.556697299,4.743038504,-4.227973031
2025-11-20 21:40:20,-7.833598561,4.418225485,-3.951290247
2025-11-20 21:40:30,-7.815740284,4.071039133,-4.529404998
2025-11-20 21:40:40,-7.637399875,3.530035371,-4.749530845
2025-11-20 21:40:50,-7.809362628,3.763063108,-4.697688270
2025-11-20 21:41:00,-7.877142312,3.688179918,-4.770810340
2025-11-20 21:41:10,-7.635228957,2.963963236,-5.114487304
2025-11-20 21:41:20,-8.102780347,3.110607682,-4.760365770
2025-11-20 21:41:30,-8.257460156,2.141568916,-4.530902712
2025-11-20 21:41:40,-7.947997641,2.661605948,-5.202708395
2025-11-20 21:41:50,-7.690814384,2.533254946,-5.208165097
2025-11-20 21:42:00,-7.969857194,2.365448991,-5.262442470
2025-11-20 21:42:10,-7.979399858,1.890489836,-5.380294949
2025-11-20 21:42:20,-7.614603099,2.121100771,-6.117158932
2025-11-20 21:42:30,-7.205495606,2.490739048,-6.004876691
2025-11-20 21:42:40,-7.633517818,2.378866997,-6.025965765
2025-11-20 21:42:50,-7.694268202,1.936160247,-6.008799971
2025-11-20 21:43:00,-7.303929955,1.859684004,-6.425709140
2025-11-20 21:43:10,-7.163074602,1.644150755,-6.337898600
2025-11-20 21:43:20,-7.213799483,1.427264920,-6.499426013
2025-11-20 21:43:30,-7.434813780,1.773177323,-6.409443035
2025-11-20 21:43:40,-7.907936471,2.218814313,-5.687082356
2025-11-20 21:43:50,-7.506703097,2.018849968,-5.747895733
2025-11-20 21:44:00,-7.576935519,2.699583006,-5.283151564
2025-11-20 21:44:10,-7.836749827,2.234318283,-5.778105631
2025-11-20 21:44:20,-7.936212272,1.733367084,-5.727978790
2025-11-20 21:44:30,-7.585993325,1.956190127,-5.642729189
2025-11-20 21:44:40,-7.592749113,2.090604386,-5.840170571
2025-11-20 21:44:50,-7.420279471,1.753474813,-6.052226915
2025-11-20 21:45:00,-7.499243672,1.208174448,-6.419065096
2025-11-20 21:45:10,-7.233070802,0.968622194,-6.757111391
2025-11-20 21:45:20,-7.171600095,2.000007425,-6.419490659
2025-11-20 21:45:30,-7.369164609,1.441222604,-6.157013245
2025-11-20 21:45:40,-7.065119804,0.898536227,-6.385320975
2025-11-20 21:45:50,-7.524492522,1.647018280,-6.175235829
2025-11-20 21:46:00,-7.358936583,1.501758800,-6.261140211
2025-11-20 21:46:10,-7.291303574,0.836723801,-6.191635427
2025-11-20 21:46:20,-7.382875516,1.789627466,-6.217938085
2025-11-20 21:46:30,-7.230850952,1.183212168,-6.567145546
2025-11-20 21:46:40,-7.682204712,0.919617086,-6.063860495
2025-11-20 21:46:50,-7.664814257,0.944611184,-5.847887678
2025-11-20 21:47:00,-7.416115577,1.097114877,-6.179764434
2025-11-20 21:47:10,-7.658665676,1.308122099,-6.058292842
2025-11-20 21:47:20,-8.124262104,1.353956961,-5.453186172
2025-11-20 21:47:30,-7.963752713,1.243179392,-5.354065203
2025-11-20 21:47:40,-7.554034598,0.484491148,-6.171623046
2025-11-20 21:47:50,-7.378888230,0.441217228,-6.145601125
2025-11-20 21:48:00,-7.805906380,0.863794199,-6.138586674
2025-11-20 21:48:10,-7.362676946,0.795022475,-6.581987346
2025-11-20 21:48:20,-7.138418692,0.319494554,-6.596629187
2025-11-20 21:48:30,-6.556138133,1.074129338,-6.949874693
2025-11-20 21:48:40,-6.647806682,0.681229799,-6.999716594
2025-11-20 21:48:50,-7.375611733,0.586313306,-6.977743641
2025-11-20 21:49:00,-6.669771854,0.603327847,-6.923710242
2025-11-20 21:49:10,-6.464453477,0.115407338,-7.464762150
2025-11-20 21:49:20,-6.392689491,0.327621921,-7.399463745
2025-11-20 21:49:30,-5.812498048,0.342723828,-7.812802221
2025-11-20 21:49:40,-5.055708377,1.071584812,-8.220317369
2025-11-20 21:49:50,-5.522824323,0.572761006,-8.121644356
2025-11-20 21:50:00,-4.776330549,0.197037582,-8.462185155
2025-11-20 21:50:10,-5.069255513,-0.570858998,-8.395928477
2025-11-20 21:50:20,-4.874057438,0.438802411,-8.120993773
2025-11-20 21:50:30,-4.519474539,-0.159883979,-8.550843475
2025-11-20 21:50:40,-4.596458986,-0.119273659,-8.877783188
2025-11-20 21:50:50,-4.414084280,-0.084907694,-8.794717492
2025-11-20 21:51:00,-4.127220680,0.094706184,-8.816525867
2025-11-20 21:51:10,-3.770798744,-0.129186290,-9.103963865
2025-11-20 21:51:20,-3.774523124,0.268123401,-9.225507119
2025-11-20 21:51:30,-3.534741781,-0.473568029,-9.028990403
2025-11-20 21:51:40,-3.906629267,-0.662223057,-8.919847667
2025-11-20 21:51:50,-4.192773075,-0.295356214,-8.876397460
2025-11-20 21:52:00,-4.455091849,-0.766478729,-8.691931123
2025-11-20 21:52:10,-4.850599312,-0.604897614,-8.381502955
2025-11-20 21:52:20,-5.627814346,-0.529820080,-7.967604792
2025-11-20 21:52:30,-5.910196864,0.887873127,-7.658803085
2025-11-20 21:52:40,-5.510611510,0.815174180,-8.142260062
2025-11-20 21:52:50,-5.393645188,1.151020449,-8.150904154
2025-11-20 21:53:00,-4.994207888,0.702904627,-8.395954343
2025-11-20 21:53:10,-6.479664496,-0.054473481,-7.714493256
2025-11-20 21:53:20,-6.081523000,0.575876475,-7.852926022
2025-11-20 21:53:30,-5.927846473,0.373923705,-7.785575279
2025-11-20 21:53:40,-6.367713337,0.371876017,-7.636943888
2025-11-20 21:53:50,-5.790770849,-0.587255081,-7.687989161
2025-11-20 21:54:00,-6.004608746,-0.934155981,-7.914161195
2025-11-20 21:54:10,-6.141921230,-0.502772361,-7.545680673
2025-11-20 21:54:20,-5.815776936,-0.467279889,-7.645151002
2025-11-20 21:54:30,-6.042178553,-1.329928819,-7.587694187
2025-11-20 21:54:40,-5.702694815,-1.611097108,-8.265207520
2025-11-20 21:54:50,-5.141915329,-1.504733256,-8.123104205
2025-11-20 21:55:00,-5.295012147,-2.042792729,-8.397407142
2025-11-20 21:55:10,-6.033994058,-1.239685375,-7.705262282
2025-11-20 21:55:20,-5.889539448,-0.228504150,-7.739128348
2025-11-20 21:55:30,-6.257044060,-0.338289578,-7.619001096
2025-11-20 21:55:40,-6.203711693,-0.240926531,-8.070664029
2025-11-20 21:55:50,-5.537683670,-0.003578537,-8.118694203
2025-11-20 21:56:00,-5.617898994,0.603846407,-7.975526506
2025-11-20 21:56:10,-5.096019147,0.720868661,-8.324898252
2025-11-20 21:56:20,-5.264710296,-0.666861017,-8.631066530
2025-11-20 21:56:30,-4.801773012,0.020656697,-8.482484500
2025-11-20 21:56:40,-4.816622940,0.470715989,-8.459738446
2025-11-20 21:56:50,-4.551173363,0.461221605,-8.789817809
2025-11-20 21:57:00,-4.369091801,1.109960782,-8.514270524
2025-11-20 21:57:10,-4.178987257,0.711108502,-8.741947804
2025-11-20 21:57:20,-4.282442271,0.386550267,-8.762203291
2025-11-20 21:57:30,-3.746441639,0.258849503,-9.011954513
2025-11-20 21:57:40,-3.364171946,0.717734135,-8.886442818
2025-11-20 21:57:50,-3.781797109,0.585023553,-9.097818847
2025-11-20 21:58:00,-4.635352150,0.871290057,-8.814218061
2025-11-20 21:58:10,-4.382366907,0.320704334,-8.881336069
2025-11-20 21:58:20,-4.158104345,0.026802185,-8.880940330
2025-11-20 21:58:30,-4.846357484,1.027357783,-8.766808648
2025-11-20 21:58:40,-5.017048132,0.826586854,-8.474792500
2025-11-20 21:58:50,-5.509933870,1.423541767,-8.171227473
2025-11-20 21:59:00,-5.226623967,1.991369406,-8.125544627
2025-11-20 21:59:10,-5.180478485,2.123225197,-8.268513098
2025-11-20 21:59:20,-4.715935980,2.399528239,-8.095797452
2025-11-20 21:59:30,-5.386000347,2.586006590,-7.978740429
2025-11-20 21:59:40,-5.024577604,2.719959926,-8.155264644
2025-11-20 21:59:50,-4.711089689,2.776080594,-7.800962929
2025-11-20 22:00:00,-5.036809606,2.899814548,-7.864270706
2025-11-20 22:00:10,-5.019609443,3.204468432,-7.701473459
2025-11-20 22:00:20,-4.970027054,3.250159043,-7.927741291
2025-11-20 22:00:30,-5.210608205,3.764141817,-7.626794492
2025-11-20 22:00:40,-4.612266384,3.145946486,-7.760274814
2025-11-20 22:00:50,-4.739582070,3.804744759,-7.927358793
2025-11-20 22:01:00,-4.116372597,3.223740969,-7.884691906
2025-11-20 22:01:10,-3.928971782,3.483197466,-8.612209105
2025-11-20 22:01:20,-3.155786973,3.792951807,-8.615210679
2025-11-20 22:01:30,-4.119638359,3.997680190,-8.022379732
2025-11-20 22:01:40,-3.725249023,3.836116985,-8.036008684
2025-11-20 22:01:50,-3.376087520,4.534170295,-7.657483605
2025-11-20 22:02:00,-3.363983530,4.904153057,-8.162959839
2025-11-20 22:02:10,-3.258038641,4.920633610,-8.000691538
2025-11-20 22:02:20,-3.615241124,5.109275809,-7.742686416
2025-11-20 22:02:30,-3.479569718,4.716915063,-7.801112423
2025-11-20 22:02:40,-3.953887659,4.392230450,-7.631273696
2025-11-20 22:02:50,-3.408587679,4.757294993,-8.083177588
2025-11-20 22:03:00,-3.718213613,3.936985988,-8.129355192
2025-11-20 22:03:10,-3.721439543,4.387243972,-7.686834911
2025-11-20 22:03:20,-3.651797276,4.441665804,-8.066892117
2025-11-20 22:03:30,-3.634517800,4.099517497,-8.185235088
2025-11-20 22:03:40,-3.899851465,4.379853042,-8.013197590
2025-11-20 22:03:50,-3.181779224,4.420252477,-8.185274849
2025-11-20 22:04:00,-2.891707568,5.116655811,-7.734846036
2025-11-20 22:04:10,-3.171980654,5.170558208,-7.802443932
2025-11-20 22:04:20,-2.655238907,4.507244653,-8.119931108
2025-11-20 22:04:30,-2.708933845,4.931345297,-8.069563410
2025-11-20 22:04:40,-2.765885264,5.331203877,-7.565353777
2025-11-20 22:04:50,-2.214833713,5.764832072,-7.644900629
2025-11-20 22:05:00,-2.159582391,5.783923557,-7.335815310
2025-11-20 22:05:10,-2.923948174,5.597654275,-7.561950027
2025-11-20 22:05:20,-3.508690008,5.294857020,-7.341208342
2025-11-20 22:05:30,-3.688158043,5.382673001,-7.124315941
2025-11-20 22:05:40,-3.876824300,5.613261919,-7.352940436
2025-11-20 22:05:50,-3.819184564,5.922888953,-7.063764041
2025-11-20 22:06:00,-4.141636907,5.590270380,-6.940624195
2025-11-20 22:06:10,-3.850841307,5.420645638,-7.303212562
2025-11-20 22:06:20,-3.995421072,5.616127782,-7.146710173
2025-11-20 22:06:30,-3.789076685,5.572141283,-7.205842865
2025-11-20 22:06:40,-3.831663837,5.629423272,-7.384039321
2025-11-20 22:06:50,-3.356497952,5.569737408,-7.202851703
2025-11-20 22:07:00,-3.010739730,5.221927568,-7.701750839
2025-11-20 22:07:10,-3.206470695,5.187427694,-8.021502482
2025-11-20 22:07:20,-2.791655245,5.382103595,-7.509763346
2025-11-20 22:07:30,-2.749171153,5.640610670,-8.068309608
2025-11-20 22:07:40,-2.830167974,5.337560511,-7.895465099
2025-11-20 22:07:50,-2.405918238,5.426164523,-7.977114478
2025-11-20 22:08:00,-2.350677325,5.120043174,-7.985317016
2025-11-20 22:08:10,-2.728382873,5.272534552,-7.808353098
2025-11-20 22:08:20,-2.266626765,5.283734551,-7.969260263
2025-11-20 22:08:30,-2.175512549,4.792411433,-8.044601845
2025-11-20 22:08:40,-1.666608886,5.383001801,-7.641645905
2025-11-20 22:08:50,-1.749709638,5.290192675,-7.924907548
2025-11-20 22:09:00,-1.781337844,5.353259855,-8.089783519
2025-11-20 22:09:10,-2.290586746,5.197439952,-7.477858949
2025-11-20 22:09:20,-2.334164036,5.691081017,-7.674261601
2025-11-20 22:09:30,-2.146092161,6.327091393,-7.417252764
2025-11-20 22:09:40,-2.202822219,6.091597185,-7.417795484
2025-11-20 22:09:50,-1.862791099,6.111554731,-7.297902538
2025-11-20 22:10:00,-1.803452348,6.260283440,-7.383619234
2025-11-20 22:10:10,-1.844793966,6.263716899,-7.352790821
2025-11-20 22:10:20,-2.084934509,6.715588026,-6.806233129
2025-11-20 22:10:30,-2.380744157,6.497281645,-6.641853414
2025-11-20 22:10:40,-2.362459571,6.742820823,-6.854902735
2025-11-20 22:10:50,-1.875934201,6.791237411,-6.598645340
2025-11-20 22:11:00,-1.725771761,6.456448287,-7.058022861
2025-11-20 22:11:10,-1.786692710,6.525936479,-7.162481881
2025-11-20 22:11:20,-1.243079645,6.441936628,-7.720375228
2025-11-20 22:11:30,-1.245887355,6.467910297,-7.350990099
2025-11-20 22:11:40,-1.146718039,6.443020943,-7.473759013
2025-11-20 22:11:50,-0.911899605,6.562316194,-7.177813583
2025-11-20 22:12:00,-1.106025444,6.543673383,-7.216969840
2025-11-20 22:12:10,-0.581043626,6.195742827,-7.341332317
2025-11-20 22:12:20,-0.351476917,6.160141908,-7.580270759
2025-11-20 22:12:30,0.898660958,6.467842391,-7.454786332
2025-11-20 22:12:40,0.273562028,6.158186567,-7.541689255
2025-11-20 22:12:50,0.250731119,6.452512364,-7.640485853
2025-11-20 22:13:00,-0.087955247,6.032798895,-7.658196645
2025-11-20 22:13:10,-0.000465130,6.010727608,-7.784761884
2025-11-20 22:13:20,0.305986313,5.956971771,-7.811779155
2025-11-20 22:13:30,0.094685590,5.921479962,-7.902496931
2025-11-20 22:13:40,0.230938671,5.377089919,-7.982622004
2025-11-20 22:13:50,-0.074354700,4.954261944,-8.471405782
2025-11-20 22:14:00,0.239951926,5.354113084,-8.111783042
2025-11-20 22:14:10,0.080498723,5.641791602,-8.460986987
2025-11-20 22:14:20,0.618348632,5.280453195,-8.161967999
2025-11-20 22:14:30,0.509292671,4.836898632,-8.210753102
2025-11-20 22:14:40,0.898891834,4.796214158,-8.630810288
2025-11-20 22:14:50,0.333206435,5.244814199,-8.744293050
2025-11-20 22:15:00,0.282202984,5.018384208,-8.450305936
2025-11-20 22:15:10,-0.078369852,4.956530585,-8.424166890
2025-11-20 22:15:20,-0.192839139,4.734347698,-8.436606122
2025-11-20 22:15:30,-0.017522945,4.950829155,-8.398204793
2025-11-20 22:15:40,-0.065738553,4.703047671,-8.415542757
2025-11-20 22:15:50,-0.226359773,5.029316488,-8.538214780
2025-11-20 22:16:00,0.338954564,5.147267821,-8.450922569
2025-11-20 22:16:10,0.298943609,4.343351397,-8.426421207
2025-11-20 22:16:20,-0.117607058,4.437950501,-8.913817647
2025-11-20 22:16:30,-0.466651036,3.894693484,-9.024840299
2025-11-20 22:16:40,0.032358587,3.464276960,-9.181674464
2025-11-20 22:16:50,0.783082514,3.616263758,-9.204162828
2025-11-20 22:17:00,1.086913458,3.697615039,-9.136217640
2025-11-20 22:17:10,0.446353623,4.167586012,-8.885960369
2025-11-20 22:17:20,0.228499534,4.346863071,-8.795077801
2025-11-20 22:17:30,0.048797450,4.169629721,-9.126582299
2025-11-20 22:17:40,-0.165863941,3.540901203,-8.981765562
2025-11-20 22:17:50,-0.051808247,3.765989076,-9.227823323
2025-11-20 22:18:00,0.642656692,3.633777198,-9.133219294
2025-11-20 22:18:10,0.429159473,3.504319851,-8.885587917
2025-11-20 22:18:20,0.248601844,3.163776436,-9.273734260
2025-11-20 22:18:30,-0.035631251,3.345233895,-9.312464869
2025-11-20 22:18:40,0.742660893,4.010285589,-8.905764271
2025-11-20 22:18:50,1.072622963,4.606894093,-8.615939608
2025-11-20 22:19:00,1.128168032,4.196114366,-8.967464403
2025-11-20 22:19:10,1.959649782,3.852558394,-8.906455999
2025-11-20 22:19:20,1.355054668,4.060185947,-8.707712822
2025-11-20 22:19:30,0.950907504,4.092616656,-8.618813369
2025-11-20 22:19:40,1.112634185,4.033001533,-8.820167313
2025-11-20 22:19:50,0.430029190,3.319145703,-9.012921025
2025-11-20 22:20:00,0.696632327,3.571604331,-9.052926749
2025-11-20 22:20:10,0.569935688,3.766005992,-8.786272246
2025-11-20 22:20:20,0.644693456,3.627545820,-9.288632417
2025-11-20 22:20:30,0.402402228,3.497670432,-9.353864819
2025-11-20 22:20:40,0.879099238,3.083580117,-9.301721069
2025-11-20 22:20:50,1.242851482,3.073643693,-9.354165620
2025-11-20 22:21:00,1.064270919,2.646615704,-9.386905698
2025-11-20 22:21:10,1.612759488,2.742020637,-9.459547220
2025-11-20 22:21:20,1.308422914,2.833362606,-9.100203190
2025-11-20 22:21:30,1.715116453,2.805273029,-9.150875940
2025-11-20 22:21:40,1.976162741,2.830860095,-9.208803892
2025-11-20 22:21:50,2.291972240,3.236001264,-9.074913309
2025-11-20 22:22:00,2.694067697,3.672435155,-8.685316876
2025-11-20 22:22:10,2.301857223,3.387769114,-9.014211411
2025-11-20 22:22:20,2.465362563,3.841253382,-8.404861350
2025-11-20 22:22:30,2.044801892,4.153783732,-9.060770903
2025-11-20 22:22:40,2.022306508,4.306078180,-8.620339992
2025-11-20 22:22:50,1.851186658,4.434845017,-8.592863749
2025-11-20 22:23:00,2.118880053,4.701166999,-8.706096641
2025-11-20 22:23:10,1.878504394,4.569699989,-8.538514569
2025-11-20 22:23:20,2.228391957,4.965878569,-8.111269318
2025-11-20 22:23:30,2.038850981,5.004907963,-8.168602073
2025-11-20 22:23:40,1.709261100,4.678466991,-8.416179796
2025-11-20 22:23:50,2.085254761,5.363214988,-8.148460825
2025-11-20 22:24:00,2.593265735,4.978180639,-8.178979440
2025-11-20 22:24:10,2.499283964,5.145649908,-7.893194633
2025-11-20 22:24:20,2.648382804,5.186380790,-7.935964462
2025-11-20 22:24:30,1.969296044,5.368119219,-8.104054160
2025-11-20 22:24:40,2.253960186,5.172587575,-8.172330787
2025-11-20 22:24:50,1.966846633,4.813617089,-8.124296962
2025-11-20 22:25:00,2.509126711,5.194517597,-7.943595350
2025-11-20 22:25:10,2.874895377,5.071243953,-7.589938510
2025-11-20 22:25:20,2.418679496,5.673372840,-7.620856181
2025-11-20 22:25:30,2.082052336,5.541833368,-7.768802587
2025-11-20 22:25:40,2.002136174,5.569614852,-7.844079641
2025-11-20 22:25:50,1.685429982,5.343413711,-7.765071175
2025-11-20 22:26:00,0.877638338,5.636979809,-8.044839401
2025-11-20 22:26:10,1.201866515,5.461888455,-8.201868047
2025-11-20 22:26:20,1.218054711,5.039818128,-8.317425810
2025-11-20 22:26:30,1.484335347,5.525025901,-7.980566941
2025-11-20 22:26:40,1.368816713,5.450938081,-7.984937700
2025-11-20 22:26:50,0.907376043,5.534624270,-8.198008392
2025-11-20 22:27:00,1.274080849,5.406278590,-8.148908283
2025-11-20 22:27:10,1.757457015,5.145777707,-8.301913791
2025-11-20 22:27:20,1.801270792,5.164254581,-8.239756713
2025-11-20 22:27:30,1.716598770,5.402979599,-8.071099834
2025-11-20 22:27:40,1.995380514,5.117735881,-7.854491020
2025-11-20 22:27:50,2.053719673,5.177394142,-8.002090380
2025-11-20 22:28:00,1.950641071,5.785466903,-7.844348391
2025-11-20 22:28:10,1.802253281,5.651149023,-7.610588520
2025-11-20 22:28:20,1.695411272,5.567708295,-7.863230748
2025-11-20 22:28:30,1.890927911,5.452818800,-7.788723465
2025-11-20 22:28:40,2.180123534,5.171298423,-8.200574059
2025-11-20 22:28:50,1.713611371,5.329644762,-7.766085832
2025-11-20 22:29:00,1.769995042,5.313524539,-8.275012938
2025-11-20 22:29:10,2.153014647,5.204042666,-7.948383016
2025-11-20 22:29:20,2.283897712,4.824880711,-8.411348148
2025-11-20 22:29:30,1.941906534,5.042406100,-8.315902940
2025-11-20 22:29:40,1.647402036,5.159935713,-8.164709300
2025-11-20 22:29:50,1.667105944,5.512272601,-8.254092280
2025-11-20 22:30:00,1.635947196,5.195317894,-7.752828773
2025-11-20 22:30:10,1.440997044,5.841855247,-7.915439239
2025-11-20 22:30:20,1.430576978,5.600344872,-7.862524107
2025-11-20 22:30:30,1.638745115,5.429899153,-8.024526499
2025-11-20 22:30:40,1.773046420,5.264007320,-8.201407240
2025-11-20 22:30:50,1.715818232,5.330261995,-8.227674752
2025-11-20 22:31:00,1.366543799,5.393642570,-8.329888384
2025-11-20 22:31:10,1.718210296,5.344452457,-7.989280254
2025-11-20 22:31:20,1.482506484,5.087587229,-8.070925992
2025-11-20 22:31:30,2.154300887,5.091601044,-7.953076647
2025-11-20 22:31:40,1.981837849,5.398280249,-8.066710130
2025-11-20 22:31:50,1.563354469,5.523646838,-8.347450436
2025-11-20 22:32:00,1.040873167,5.961144144,-7.987496092
2025-11-20 22:32:10,0.811623397,5.888376581,-7.911410238
2025-11-20 22:32:20,0.544277788,5.984629004,-7.740130929
2025-11-20 22:32:30,0.783424777,6.183669934,-7.681941727
2025-11-20 22:32:40,0.651053399,6.003592142,-7.686767059
2025-11-20 22:32:50,0.918029349,6.190138629,-7.480228075
2025-11-20 22:33:00,0.887417026,6.091867527,-7.623682248
2025-11-20 22:33:10,0.350463425,6.239903412,-7.802855094
2025-11-20 22:33:20,0.328992710,6.088175201,-7.480060861
2025-11-20 22:33:30,0.185379624,6.134405788,-7.433290198
2025-11-20 22:33:40,0.426153559,6.507508092,-7.274503465
2025-11-20 22:33:50,0.673449184,6.742320415,-7.544649019
2025-11-20 22:34:00,7.239043782,-5.000848820,-4.442480852
2025-11-20 22:34:10,4.911460959,6.091385700,-5.939069940
2025-11-20 22:34:20,9.660487078,0.360367228,1.683359041
2025-11-20 22:34:30,8.276688755,4.341206854,2.505459140
2025-11-20 22:34:40,5.642992727,7.246098549,2.185807756
2025-11-20 22:34:50,9.104668354,3.765998234,1.527718915
2025-11-20 22:35:00,8.621902387,4.621353992,1.674182284
2025-11-20 22:35:10,8.067221827,3.654849547,4.157580218
2025-11-20 22:35:20,8.643707181,1.014921519,3.817579668
2025-11-20 22:35:30,5.369604569,0.370900216,8.168644693
2025-11-20 22:35:40,2.218657740,2.710554876,8.882611877
2025-11-20 22:35:50,0.214267882,4.726366540,8.337810189
2025-11-20 22:36:00,-2.033563831,4.178976790,8.423080894
2025-11-20 22:36:10,-2.112269335,5.361654482,8.012928645
2025-11-20 22:36:20,-4.023329146,4.812983615,7.933176475
2025-11-20 22:36:30,-1.162029507,6.585909472,7.141845240
2025-11-20 22:36:40,-1.396502141,6.953881929,6.967460934
2025-11-20 22:36:50,-2.644632360,4.023317607,8.786559073
2025-11-20 22:37:00,-0.336459242,2.880555273,9.276691771
2025-11-20 22:37:10,0.253745393,3.014639124,9.187734817
2025-11-20 22:37:20,-0.518147687,-0.228399827,9.991499299
2025-11-20 22:37:30,-0.862692365,-1.006413278,9.872214372
2025-11-20 22:37:40,-0.355733494,-3.319888212,9.356280783
2025-11-20 22:37:50,3.548754396,-3.066403132,8.792561358
2025-11-20 22:38:00,3.787535983,-2.776782247,8.750397215
2025-11-20 22:38:10,2.313341370,-2.909737853,9.211453848
2025-11-20 22:38:20,0.622958345,-2.995814722,9.321955751
2025-11-20 22:38:30,0.940614592,-1.818325206,9.812220569
2025-11-20 22:38:40,2.906827185,-1.777868902,9.325262395
2025-11-20 22:38:50,3.288944473,-0.912448343,9.002819276
2025-11-20 22:39:00,2.745737550,0.376139184,9.410442275
2025-11-20 22:39:10,3.103328094,1.071263756,9.230416660
2025-11-20 22:39:20,2.666884765,1.124061871,9.392461535
2025-11-20 22:39:30,1.906264734,1.184093955,9.655395443
2025-11-20 22:39:40,3.005654535,1.879873777,9.294366062
2025-11-20 22:39:50,3.315810645,2.690800761,9.014744452
2025-11-20 22:40:00,3.268874858,2.210528124,8.962560702
2025-11-20 22:40:10,3.369883947,3.265041067,8.724461145
2025-11-20 22:40:20,3.776803519,2.297355029,8.935891999
2025-11-20 22:40:30,3.806902479,1.648862530,9.038351359
2025-11-20 22:40:40,3.834508031,3.231866114,8.483374726
2025-11-20 22:40:50,4.672773836,2.012485612,8.266513115
2025-11-20 22:41:00,5.528742908,1.865901223,8.308063682
2025-11-20 22:41:10,4.949629730,1.972960754,8.408622522
2025-11-20 22:41:20,4.761015629,2.323017037,8.134383632
2025-11-20 22:41:30,4.510650373,2.799303401,8.111920766
2025-11-20 22:41:40,5.149000124,2.679128790,8.386677335
2025-11-20 22:41:50,4.439356079,2.355089153,8.641111769
2025-11-20 22:42:00,4.444355791,2.565589234,8.471200607
2025-11-20 22:42:10,4.469263538,2.548030902,8.343267369
2025-11-20 22:42:20,4.382254733,2.368144707,8.491929835
2025-11-20 22:42:30,3.787523833,0.928955448,8.590717840
2025-11-20 22:42:40,4.274217091,1.548714004,8.388306392
2025-11-20 22:42:50,4.639309694,1.829346040,8.514957750
2025-11-20 22:43:00,4.752195743,1.928277518,8.391684078
2025-11-20 22:43:10,4.754975392,1.645843251,8.669443931
2025-11-20 22:43:20,4.853918324,1.805784694,8.287775011
2025-11-20 22:43:30,4.672387655,1.253314768,8.468569228
2025-11-20 22:43:40,4.880305322,1.321213856,8.240739103
2025-11-20 22:43:50,5.676970125,1.651651123,7.793442253
2025-11-20 22:44:00,5.468971858,1.286949418,8.235342835
2025-11-20 22:44:10,5.354980126,1.402389297,8.197485848
2025-11-20 22:44:20,4.784263964,1.735619395,8.484312890
2025-11-20 22:44:30,4.414054128,1.408519260,8.489517997
2025-11-20 22:44:40,4.461726803,0.706259424,8.695108028
2025-11-20 22:44:50,4.584517665,0.478822231,8.685469412
2025-11-20 22:45:00,4.580012412,0.618860595,8.581674183
2025-11-20 22:45:10,4.334383769,1.147651015,8.451880385
2025-11-20 22:45:20,4.730433651,0.308783479,8.564114536
2025-11-20 22:45:30,5.078964157,-0.253625278,8.532100001
2025-11-20 22:45:40,5.332804352,-0.294036172,8.121256910
2025-11-20 22:45:50,6.053341615,-0.596035274,7.962418655
2025-11-20 22:46:00,5.625928769,-0.415791236,8.004251626
2025-11-20 22:46:10,5.725773458,-0.582820172,7.872180774
2025-11-20 22:46:20,5.372710187,-0.355673019,8.277464794
2025-11-20 22:46:30,5.420819173,-0.570519940,7.971686399
2025-11-20 22:46:40,5.378325860,-1.271803847,7.975648586
2025-11-20 22:46:50,5.601180226,-0.843402312,8.121541750
2025-11-20 22:47:00,5.135228787,-1.529512789,8.128411512
2025-11-20 22:47:10,4.854717108,-1.507787794,8.449289658
2025-11-20 22:47:20,4.829842705,-1.466279335,8.094592036
2025-11-20 22:47:30,4.994819891,-1.633586701,8.146902788
2025-11-20 22:47:40,4.060609872,-1.845474901,8.368251271
2025-11-20 22:47:50,3.943260206,-1.823410857,8.996297046
2025-11-20 22:48:00,3.318752640,-1.662871757,8.987472384
2025-11-20 22:48:10,3.238060345,-1.120966336,9.397547368
2025-11-20 22:48:20,3.330356235,-0.691005428,9.098049629
2025-11-20 22:48:30,3.420053868,-1.072233434,9.244392148
2025-11-20 22:48:40,3.353531983,-0.871638919,9.323783425
2025-11-20 22:48:50,2.623972059,-0.924126599,9.393001508
2025-11-20 22:49:00,2.729206919,-1.443554816,9.455029884
2025-11-20 22:49:10,2.687587026,-1.573822021,9.376890448
2025-11-20 22:49:20,2.405094824,-1.383060718,9.226539338
2025-11-20 22:49:30,2.038130321,-1.106233142,9.528870535
2025-11-20 22:49:40,2.140024871,-1.500809736,9.457230030
2025-11-20 22:49:50,2.108045150,-0.853782247,9.691493992
2025-11-20 22:50:00,2.356146097,-0.830702676,9.353524894
2025-11-20 22:50:10,2.347954881,-1.227636272,9.563628770
2025-11-20 22:50:20,2.131113123,-1.289177806,9.254204779
2025-11-20 22:50:30,1.920615321,-0.852222649,9.646102420
2025-11-20 22:50:40,2.354224693,-0.698059262,9.472002149
2025-11-20 22:50:50,2.472251354,-0.360818840,9.212514397
2025-11-20 22:51:00,2.127141667,-0.754912892,9.542928186
2025-11-20 22:51:10,2.660035787,-0.504774988,9.302936440
2025-11-20 22:51:20,2.863085038,-0.059430287,9.437642273
2025-11-20 22:51:30,2.937765463,0.471379975,9.553153794
2025-11-20 22:51:40,3.218481045,0.156686063,9.098696692
2025-11-20 22:51:50,3.451430867,-0.494586394,9.152917185
2025-11-20 22:52:00,3.233303297,0.054843339,9.252158227
2025-11-20 22:52:10,2.686561929,0.411370670,9.646404632
2025-11-20 22:52:20,2.558491659,0.446034430,9.483222345
2025-11-20 22:52:30,2.815571320,0.005790779,9.512438215
2025-11-20 22:52:40,3.043491421,0.581463562,9.347963192
2025-11-20 22:52:50,3.596769182,0.453708134,9.101336689
2025-11-20 22:53:00,3.821252338,0.987125927,8.995968223
2025-11-20 22:53:10,3.807907384,1.176763404,9.171059738
2025-11-20 22:53:20,3.566654528,1.003497453,8.717981740
2025-11-20 22:53:30,3.885530748,1.746761155,8.564870066
2025-11-20 22:53:40,4.172549645,1.174355263,9.069555329
2025-11-20 22:53:50,3.944183847,1.253725645,8.837931260
2025-11-20 22:54:00,3.886989520,0.983026822,9.105969484
2025-11-20 22:54:10,4.767944136,1.510929821,8.496086293
2025-11-20 22:54:20,4.908778019,1.767696786,8.358433616
2025-11-20 22:54:30,5.087058093,1.647519078,8.045089013
2025-11-20 22:54:40,5.104713521,1.336130205,8.130179429
2025-11-20 22:54:50,5.549406602,0.987877285,7.975303129
2025-11-20 22:55:00,5.783119405,0.719041262,7.860850655
2025-11-20 22:55:10,5.779123588,0.881004174,7.662005825
2025-11-20 22:55:20,6.093906855,0.657914969,7.468875207
2025-11-20 22:55:30,5.950248515,1.237284332,7.706775199
2025-11-20 22:55:40,5.249034794,0.742780347,8.459400140
2025-11-20 22:55:50,4.981809657,1.278059806,8.181977937
2025-11-20 22:56:00,5.438941716,0.571751742,8.389535127
2025-11-20 22:56:10,4.703696810,0.958494291,8.433890624
2025-11-20 22:56:20,4.615514279,0.733776258,8.542027139
2025-11-20 22:56:30,4.540876243,0.508595924,8.539074545
2025-11-20 22:56:40,4.157377055,0.441224632,8.740070483
2025-11-20 22:56:50,4.262831177,0.753342683,8.784415330
2025-11-20 22:57:00,3.557749311,0.571673713,9.008976344
2025-11-20 22:57:10,3.776439531,0.667791522,9.076019847
2025-11-20 22:57:20,3.072280683,0.525988183,9.262756920
2025-11-20 22:57:30,2.840183667,0.328690978,9.114230394
2025-11-20 22:57:40,2.944072323,0.230625569,9.452003899
2025-11-20 22:57:50,2.683942239,0.850322555,9.322161149
2025-11-20 22:58:00,2.333494677,0.817931651,9.383387026
2025-11-20 22:58:10,2.560452442,0.405810024,9.277720055
2025-11-20 22:58:20,2.870558488,1.226054235,8.971338711
2025-11-20 22:58:30,2.617227328,0.673473406,9.586842983
2025-11-20 22:58:40,2.851584941,1.180287465,9.365681089
2025-11-20 22:58:50,2.303982540,1.604271450,9.353530044
2025-11-20 22:59:00,1.956022349,1.808394856,9.575569447
2025-11-20 22:59:10,2.288145693,1.305532092,9.461842352
2025-11-20 22:59:20,2.008238398,1.608205646,9.481928938
2025-11-20 22:59:30,2.485962357,1.842206524,9.462546571
2025-11-20 22:59:40,2.495571760,1.403838052,9.434921288
2025-11-20 22:59:50,2.433068674,1.470068633,9.448770107
2025-11-20 23:00:00,2.312818691,2.196542263,9.287595292
2025-11-20 23:00:10,2.322572419,2.235416814,9.314461330
2025-11-20 23:00:20,2.683623710,2.053753568,9.145631587
2025-11-20 23:00:30,2.928486178,2.579576127,9.169687565
2025-11-20 23:00:40,2.257081289,2.616322975,9.182949395
2025-11-20 23:00:50,2.498209834,2.969348639,9.186928981
2025-11-20 23:01:00,1.966118689,2.721382891,9.125238995
2025-11-20 23:01:10,1.407261264,2.897650591,9.383087264
2025-11-20 23:01:20,1.168515838,3.169823805,9.327198087
2025-11-20 23:01:30,1.781840787,3.019524942,9.296104221
2025-11-20 23:01:40,1.438569495,2.361533612,9.270155912
2025-11-20 23:01:50,1.531934653,2.670605554,9.537783194
2025-11-20 23:02:00,1.683873416,2.902833540,9.253908720
2025-11-20 23:02:10,2.175351350,2.577530287,9.214103750
2025-11-20 23:02:20,2.457715506,2.630393860,9.100308934
2025-11-20 23:02:30,2.585633342,2.967867985,8.819016359
2025-11-20 23:02:40,2.439853814,2.890834203,8.968408411
2025-11-20 23:02:50,2.653710519,2.593005451,9.154771222
2025-11-20 23:03:00,2.370842738,3.427642232,8.938675899
2025-11-20 23:03:10,2.048951971,3.356107679,8.930625824
2025-11-20 23:03:20,1.947517221,3.603486513,9.099340071
2025-11-20 23:03:30,1.858641088,3.488005740,9.104490536
2025-11-20 23:03:40,2.139347746,3.364844861,8.770331828
2025-11-20 23:03:50,2.094274431,3.492148565,8.809295333
2025-11-20 23:04:00,1.927995284,3.509033220,8.995573646
2025-11-20 23:04:10,2.213968301,2.950666984,9.134139512
2025-11-20 23:04:20,1.704998817,3.154258469,9.093255784
2025-11-20 23:04:30,1.580382744,3.089632467,9.166300787
2025-11-20 23:04:40,1.741331822,3.317856340,9.328750667
2025-11-20 23:04:50,1.541494986,3.122118487,8.990565869
2025-11-20 23:05:00,1.536184306,2.760865185,9.484095301
2025-11-20 23:05:10,1.626003748,2.575522060,9.280513660
2025-11-20 23:05:20,1.682514825,2.240791778,9.250143111
2025-11-20 23:05:30,1.836983221,2.499441115,9.403518060
2025-11-20 23:05:40,1.949292870,2.758455790,9.247628838
2025-11-20 23:05:50,1.850359321,2.677677207,9.031761851
2025-11-20 23:06:00,1.891187219,3.146545525,9.099108941
2025-11-20 23:06:10,1.581063809,2.566155438,8.987367501
2025-11-20 23:06:20,1.796650313,2.959545335,9.349019104
2025-11-20 23:06:30,1.646982566,3.180737185,9.167044433
2025-11-20 23:06:40,1.672711684,3.043728045,9.229082139
2025-11-20 23:06:50,1.649960254,3.116399090,9.356819717
2025-11-20 23:07:00,1.733344112,2.550206689,9.347336676
2025-11-20 23:07:10,1.975545142,2.990140516,9.029141329
2025-11-20 23:07:20,1.842716520,3.158906630,9.187483419
2025-11-20 23:07:30,2.028789319,3.221420169,8.949458222
2025-11-20 23:07:40,2.197420480,2.823160539,9.011049803
2025-11-20 23:07:50,2.164684530,2.921423890,9.177197802
2025-11-20 23:08:00,2.148214184,3.303518821,9.155529284
2025-11-20 23:08:10,2.283867451,3.124158067,9.283627100
2025-11-20 23:08:20,2.251965874,3.518109398,9.016676581
2025-11-20 23:08:30,2.101474280,3.591079554,8.935791003
2025-11-20 23:08:40,2.054532252,3.510366443,9.204026246
2025-11-20 23:08:50,1.625581990,3.669113257,8.826711292
2025-11-20 23:09:00,1.331997265,3.442711048,8.924797404
2025-11-20 23:09:10,0.958842907,3.736205266,9.220511565
2025-11-20 23:09:20,1.075010032,3.464045018,8.964627718
2025-11-20 23:09:30,1.383849416,3.937929459,8.663797046
2025-11-20 23:09:40,1.484957730,3.600730587,8.945201518
2025-11-20 23:09:50,1.251956809,3.848013924,8.900507125
2025-11-20 23:10:00,1.117353515,4.122431643,8.890491443
2025-11-20 23:10:10,1.055787747,3.757173485,8.955006497
2025-11-20 23:10:20,1.048096889,4.259649704,8.862086844
2025-11-20 23:10:30,0.829613349,3.840295749,9.449749020
2025-11-20 23:10:40,1.270939057,3.201251411,9.354397504
2025-11-20 23:10:50,1.192690672,3.411123632,9.030377751
2025-11-20 23:11:00,1.360672443,3.333181493,9.431434161
2025-11-20 23:11:10,1.022623588,3.468901309,9.192409230
2025-11-20 23:11:20,1.322145621,3.494894814,8.798792145
2025-11-20 23:11:30,1.633171576,3.308937373,8.989137140
2025-11-20 23:11:40,1.645315850,3.402293857,9.023719913
2025-11-20 23:11:50,1.405013728,3.641351573,9.027828456
2025-11-20 23:12:00,1.636942687,3.321133133,9.114545319
2025-11-20 23:12:10,1.589786416,3.352875654,9.147639953
2025-11-20 23:12:20,1.325507755,3.439950784,9.015967012
2025-11-20 23:12:30,1.675747075,3.644232197,9.076767649
2025-11-20 23:12:40,1.157713689,3.315321769,9.103608449
2025-11-20 23:12:50,1.375613689,3.375264726,9.123846390
2025-11-20 23:13:00,1.925569757,3.511045184,9.264976365
2025-11-20 23:13:10,1.344839584,3.327502613,9.166227704
2025-11-20 23:13:20,1.694564430,3.226811187,8.785013382
2025-11-20 23:13:30,1.938211964,3.191976567,9.305885901
2025-11-20 23:13:40,2.153531730,2.540900107,9.445689454
2025-11-20 23:13:50,1.647382869,2.909795250,9.169711214
2025-11-20 23:14:00,1.492153874,2.787103410,8.996448805
2025-11-20 23:14:10,1.769930819,3.163734212,9.489003238
2025-11-20 23:14:20,1.851470187,3.050662405,9.348349134
2025-11-20 23:14:30,1.474252169,2.981271581,9.319264412
2025-11-20 23:14:40,1.807208573,2.719381361,9.246025582
2025-11-20 23:14:50,1.846338803,2.242238826,9.142690638
2025-11-20 23:15:00,1.254593422,2.765873828,9.342080313
2025-11-20 23:15:10,1.359864290,3.056147624,9.326594656
2025-11-20 23:15:20,1.676561665,3.441675548,9.135993721
2025-11-20 23:15:30,1.876568393,3.166745109,9.097479295
2025-11-20 23:15:40,1.314623615,3.068481393,9.166743291
2025-11-20 23:15:50,1.833779785,2.830143818,9.136741750
2025-11-20 23:16:00,2.051263591,2.981773424,9.071522202
2025-11-20 23:16:10,1.740301073,3.405074248,9.176252559
2025-11-20 23:16:20,1.540970335,3.666464443,8.992057669
2025-11-20 23:16:30,1.355552396,3.634739616,9.059620725
2025-11-20 23:16:40,1.604538267,2.953422633,8.993576885
2025-11-20 23:16:50,1.430894689,3.289623653,8.811747456
2025-11-20 23:17:00,1.387018696,3.702388953,9.194756798
2025-11-20 23:17:10,1.349927829,3.403687584,9.072653433
2025-11-20 23:17:20,1.513784251,3.184520838,8.973529939
2025-11-20 23:17:30,1.822694665,2.789947283,9.200875612
2025-11-20 23:17:40,2.032726590,2.699368130,8.979933393
2025-11-20 23:17:50,1.701910254,2.464763991,9.334879905
2025-11-20 23:18:00,2.435772204,2.426415736,9.433420171
2025-11-20 23:18:10,2.232712152,2.571665855,9.268440904
2025-11-20 23:18:20,2.092845314,2.467216779,9.288116652
2025-11-20 23:18:30,1.866318670,2.496633038,9.391502384
2025-11-20 23:18:40,1.978145613,2.795210491,9.221352062
2025-11-20 23:18:50,1.861326822,2.771260132,9.033651861
2025-11-20 23:19:00,1.496202465,3.336185728,9.250786191
2025-11-20 23:19:10,1.382250822,2.894953738,9.027932420
2025-11-20 23:19:20,1.286524710,2.621479025,9.108741047
2025-11-20 23:19:30,1.186586086,3.307885404,9.379635896
2025-11-20 23:19:40,0.949621162,3.188317727,9.174081384
2025-11-20 23:19:50,1.281497168,3.509540517,9.074829981
2025-11-20 23:20:00,1.039486630,3.546294227,9.014306688
2025-11-20 23:20:10,0.735443699,3.474422062,9.036488846
2025-11-20 23:20:20,0.816627722,3.788210932,8.854230476
2025-11-20 23:20:30,0.069902732,3.808318025,8.847006078
2025-11-20 23:20:40,0.519800800,4.217834879,9.176966276
2025-11-20 23:20:50,0.771708015,3.516919043,9.006873411
2025-11-20 23:21:00,0.639376366,3.591869884,9.142416147
2025-11-20 23:21:10,0.680438516,4.280040401,9.004988857
2025-11-20 23:21:20,0.676097431,3.460035766,9.030551167
2025-11-20 23:21:30,0.878993977,3.960537736,8.795206513
2025-11-20 23:21:40,1.392129854,4.356839099,8.704342660
2025-11-20 23:21:50,1.432297433,3.941346960,8.708219841
2025-11-20 23:22:00,1.845283624,3.730575406,8.949866506
2025-11-20 23:22:10,1.326446444,3.460762835,9.235218429
2025-11-20 23:22:20,1.113470125,3.357847827,9.100159584
2025-11-20 23:22:30,1.335812416,3.423608809,9.225899593
2025-11-20 23:22:40,1.455321990,3.339565587,9.227903031
2025-11-20 23:22:50,1.456009312,3.724510371,9.233503685
2025-11-20 23:23:00,1.563222564,3.488622202,8.836783216
2025-11-20 23:23:10,1.670029189,3.470929266,8.954223379
2025-11-20 23:23:20,2.023745469,3.156005705,9.120673775
2025-11-20 23:23:30,2.584233666,3.531438368,9.158660524
2025-11-20 23:23:40,2.222516319,3.520231471,8.919159769
2025-11-20 23:23:50,2.248742298,3.252688626,8.708369123
2025-11-20 23:24:00,2.237090504,3.812983048,8.722311923
2025-11-20 23:24:10,2.236183665,4.094430144,8.686908047
2025-11-20 23:24:20,2.274433251,3.864644526,8.623504177
2025-11-20 23:24:30,2.554517978,4.316697019,8.875164853
2025-11-20 23:24:40,2.451765886,4.348945242,8.612045302
2025-11-20 23:24:50,2.389871402,4.305108053,8.712031393
2025-11-20 23:25:00,2.385537903,3.927703677,8.511606058
2025-11-20 23:25:10,2.371802092,3.732186467,8.682614220
2025-11-20 23:25:20,1.915979319,4.137933921,8.651627824
2025-11-20 23:25:30,2.049175819,4.169276291,8.574440219
2025-11-20 23:25:40,2.024510125,3.911911291,8.679444685
2025-11-20 23:25:50,1.974229505,3.766019057,8.907848308
2025-11-20 23:26:00,1.575446680,4.000448595,9.026327001
2025-11-20 23:26:10,1.752152435,3.704614087,8.882090047
2025-11-20 23:26:20,1.571506379,3.773992902,8.963241881
2025-11-20 23:26:30,2.110314474,3.699660851,8.960330196
2025-11-20 23:26:40,1.819260329,3.209587270,9.078799276
2025-11-20 23:26:50,1.250724264,3.460781995,9.382508113
2025-11-20 23:27:00,0.986041268,3.167531247,9.217970330
2025-11-20 23:27:10,0.649698997,3.317062832,9.510379730
2025-11-20 23:27:20,0.690841579,3.278905680,9.223179788
2025-11-20 23:27:30,0.775216145,3.449385437,9.318964955
2025-11-20 23:27:40,1.171970568,3.447270734,9.036780091
2025-11-20 23:27:50,0.702332458,3.293790323,9.556455876
2025-11-20 23:28:00,1.148837186,3.660343607,8.979623046
2025-11-20 23:28:10,0.880383999,3.689795448,9.132231478
2025-11-20 23:28:20,0.853948937,3.770017824,9.233399153
2025-11-20 23:28:30,1.262110624,3.848841424,8.730578993
2025-11-20 23:28:40,1.020674266,3.670667273,8.892874254
2025-11-20 23:28:50,1.103815266,3.857313415,9.089519230
2025-11-20 23:29:00,1.286917568,3.733978026,8.974563206
2025-11-20 23:29:10,1.221184773,3.352288080,8.985594249
2025-11-20 23:29:20,0.670317839,3.614281972,9.351692234
2025-11-20 23:29:30,0.818756361,3.126145026,9.325954225
2025-11-20 23:29:40,1.327880526,2.920453045,9.271644710
2025-11-20 23:29:50,1.185593563,2.421588352,9.032800694
2025-11-20 23:30:00,0.804702255,2.404584323,9.167431819
2025-11-20 23:30:10,1.425151330,2.184125386,9.380220967
2025-11-20 23:30:20,1.779805455,2.790446615,9.163381210
2025-11-20 23:30:30,1.415987844,2.760950892,9.286909668
2025-11-20 23:30:40,1.661781393,2.489766652,9.347998682
2025-11-20 23:30:50,1.246514538,2.186095623,9.471148877
2025-11-20 23:31:00,-4.340514509,-3.948919545,7.855570307
2025-11-20 23:31:10,-3.706130583,-9.048513531,0.083186923
2025-11-20 23:31:20,-4.210444238,-8.387384161,2.983023069
2025-11-20 23:31:30,-1.737778333,-9.337231862,2.572258141
2025-11-20 23:31:40,-3.948676859,-8.583154604,2.552369623
2025-11-20 23:31:50,1.144627628,-8.875584525,4.042750868
2025-11-20 23:32:00,-2.060812565,-8.771614684,3.859009845
2025-11-20 23:32:10,-5.036341363,-7.857405139,2.992613326
2025-11-20 23:32:20,-6.746878011,-6.806870845,2.199246628
2025-11-20 23:32:30,-5.407843812,-8.171872394,-0.177081240
2025-11-20 23:32:40,-5.730409303,-6.676809511,-4.373966951
2025-11-20 23:32:50,-8.273545858,-5.295552225,0.045874827
2025-11-20 23:33:00,-4.471450946,-8.678812405,1.084997446
2025-11-20 23:33:10,-5.549607912,-6.279740796,5.104303980
2025-11-20 23:33:20,-3.882019442,-3.573118709,8.234517649
2025-11-20 23:33:30,-6.435987169,-2.649384553,6.960121563
2025-11-20 23:33:40,-0.944272208,-3.512852351,9.138479194
2025-11-20 23:33:50,-0.719382823,-3.504491974,9.144397211
2025-11-20 23:34:00,2.370518387,-1.151323540,9.416062698
2025-11-20 23:34:10,2.192506779,-4.376326366,8.500671672
2025-11-20 23:34:20,0.308170804,-5.788321655,7.938098620
2025-11-20 23:34:30,3.293202680,-4.375164643,8.176869082
2025-11-20 23:34:40,6.185105273,-3.948822204,6.554592394
2025-11-20 23:34:50,2.631413286,-6.166136354,7.153585439
2025-11-20 23:35:00,-2.069135025,-6.690185625,6.852169884
2025-11-20 23:35:10,-2.411117734,-8.560945955,4.140618998
2025-11-20 23:35:20,-3.863617806,-8.200374477,3.699046719
2025-11-20 23:35:30,-6.673531083,-6.974337030,1.797403940
2025-11-20 23:35:40,-6.273911935,-6.744466701,3.293482517
2025-11-20 23:35:50,-5.372214186,-7.606428489,3.140900786
2025-11-20 23:36:00,-4.730090051,-7.733517784,3.723061169
2025-11-20 23:36:10,-5.226901312,-7.502409651,3.388265896
2025-11-20 23:36:20,-5.385289970,-6.173838630,5.396924118
2025-11-20 23:36:30,-4.650663078,-6.526811800,5.690766066
2025-11-20 23:36:40,-6.025693002,-5.652698541,5.256501147
2025-11-20 23:36:50,-3.391013270,-6.548198164,6.412446808
2025-11-20 23:37:00,-5.521408335,-5.766704668,5.639822276
2025-11-20 23:37:10,-5.916426180,-5.681502019,5.365138851
2025-11-20 23:37:20,-5.497667289,-5.311230611,6.199191289
2025-11-20 23:37:30,-1.310353020,-4.983556445,8.288145199
2025-11-20 23:37:40,-2.919427294,-3.164101316,8.831532462
2025-11-20 23:37:50,-1.872624765,-3.709438563,8.888153048
2025-11-20 23:38:00,0.895887230,-3.632205688,9.118357431
2025-11-20 23:38:10,-0.852992201,-2.899707428,9.333425458
2025-11-20 23:38:20,-1.164069752,-3.183417110,9.238556757
2025-11-20 23:38:30,-2.267890456,-3.213124460,8.991347484
2025-11-20 23:38:40,-1.008166075,-5.116409664,8.312494706
2025-11-20 23:38:50,-0.878768712,-5.473217547,8.127965236
2025-11-20 23:39:00,-1.581894885,-5.243629892,8.110962379
2025-11-20 23:39:10,-2.543203668,-5.396414353,7.799863134
2025-11-20 23:39:20,0.050597126,-5.946044199,7.775294598
2025-11-20 23:39:30,0.018478174,-6.268695154,7.555980963
2025-11-20 23:39:40,3.110942501,-5.727818562,7.349386054
2025-11-20 23:39:50,2.539863109,-5.806018772,7.542742361
2025-11-20 23:40:00,2.904918470,-7.259899000,5.906036849
2025-11-20 23:40:10,3.118732522,-6.989456882,6.100336976
2025-11-20 23:40:20,3.005027038,-6.562966810,6.579330903
2025-11-20 23:40:30,1.703781026,-6.372833886,7.269219197
2025-11-20 23:40:40,2.464748552,-5.179499975,7.921591812
2025-11-20 23:40:50,1.324430568,-5.439480350,8.055313581
2025-11-20 23:41:00,2.015738943,-5.514173043,7.900497040
2025-11-20 23:41:10,2.188578998,-5.076329811,8.077076773
2025-11-20 23:41:20,2.360073598,-5.122432496,8.068190627
2025-11-20 23:41:30,2.490873757,-4.671662220,8.269235358
2025-11-20 23:41:40,1.644152909,-4.019143568,8.800652644
2025-11-20 23:41:50,3.046115376,-4.548126849,8.169304565
2025-11-20 23:42:00,3.298363452,-4.672040200,7.982776345
2025-11-20 23:42:10,2.840415328,-5.197278661,7.825714594
2025-11-20 23:42:20,2.903662566,-5.054884770,7.912104798
2025-11-20 23:42:30,2.512405082,-5.585078875,7.662906931
2025-11-20 23:42:40,2.153152049,-6.589317542,6.903994305
2025-11-20 23:42:50,3.442074763,-6.396509035,6.565410460
2025-11-20 23:43:00,3.147460905,-6.481209193,6.653575565
2025-11-20 23:43:10,3.170071215,-6.177471700,6.920525546
2025-11-20 23:43:20,2.662632354,-5.965659677,7.332316301
2025-11-20 23:43:30,2.880627380,-5.099425554,7.850858305
2025-11-20 23:43:40,2.765039842,-5.645608844,7.535704763
2025-11-20 23:43:50,2.907257919,-5.414836377,7.649890537
2025-11-20 23:44:00,2.271298966,-5.588112566,7.739567684
2025-11-20 23:44:10,2.263398112,-6.330050848,7.166516454
2025-11-20 23:44:20,2.128289618,-6.312593420,7.166131337
2025-11-20 23:44:30,1.815036206,-5.975711723,7.582437044
2025-11-20 23:44:40,1.549137202,-5.496568690,8.001115441
2025-11-20 23:44:50,1.588295615,-5.665709239,7.868868118
2025-11-20 23:45:00,1.945677830,-5.185764408,8.079353598
2025-11-20 23:45:10,2.052815716,-5.296097321,8.020192746
2025-11-20 23:45:20,1.868283760,-4.655731419,8.408165425
2025-11-20 23:45:30,1.395640716,-4.427038456,8.614234589
2025-11-20 23:45:40,1.993310808,-4.272714863,8.599933675
2025-11-20 23:45:50,1.624333778,-4.393660094,8.595870746
2025-11-20 23:46:00,1.389640690,-4.370089124,8.712195411
2025-11-20 23:46:10,1.920301353,-4.519180375,8.501941407
2025-11-20 23:46:20,2.014402181,-3.626033017,8.876752138
2025-11-20 23:46:30,1.427710951,-3.081302356,9.175972512
2025-11-20 23:46:40,1.541134038,-3.080235916,9.159775202
2025-11-20 23:46:50,2.107292946,-3.274065987,9.052892587
2025-11-20 23:47:00,2.520734005,-3.149491470,8.917265079
2025-11-20 23:47:10,2.577821562,-2.888599247,9.001287316
2025-11-20 23:47:20,2.693572225,-2.481710626,9.093948793
2025-11-20 23:47:30,2.950185269,-1.963858630,9.151143593
2025-11-20 23:47:40,3.559410174,-1.872479481,8.925360469
2025-11-20 23:47:50,4.016401408,-2.035711258,8.737310238
2025-11-20 23:48:00,3.986118227,-1.955854033,8.758297887
2025-11-20 23:48:10,4.283395306,-2.482067843,8.512053876
2025-11-20 23:48:20,4.062005430,-2.582470577,8.583921641
2025-11-20 23:48:30,4.443784332,-2.561129560,8.365610911
2025-11-20 23:48:40,4.564498841,-2.657563977,8.241995048
2025-11-20 23:48:50,4.779527375,-2.336951670,8.259346230
2025-11-20 23:49:00,5.269518264,-2.123038365,8.004468978
2025-11-20 23:49:10,5.116550745,-1.653932413,8.204095478
2025-11-20 23:49:20,4.497996783,-1.896582045,8.514405996
2025-11-20 23:49:30,4.513931504,-1.748345813,8.506932996
2025-11-20 23:49:40,4.672588126,-1.674890989,8.434094696
2025-11-20 23:49:50,4.961196009,-1.476559467,8.313193065
2025-11-20 23:50:00,4.754622900,-1.379298683,8.448237450
2025-11-20 23:50:10,5.159029982,-1.360740898,8.225456739
2025-11-20 23:50:20,5.193170714,-1.712447190,8.173210863
2025-11-20 23:50:30,5.340601275,-1.736379078,8.062128158
2025-11-20 23:50:40,5.179579334,-1.524830346,8.214751265
2025-11-20 23:50:50,5.213556071,-1.440071165,8.196497977
2025-11-20 23:51:00,5.616595828,-1.512312530,7.873880129
2025-11-20 23:51:10,6.046806038,-1.020196316,7.682696388
2025-11-20 23:51:20,5.986685113,-0.845659563,7.680387523
2025-11-20 23:51:30,5.926966234,-0.369960230,7.867109994
2025-11-20 23:51:40,5.871716237,-0.117582188,7.923282730
2025-11-20 23:51:50,6.023415238,-0.319783446,7.732642711
2025-11-20 23:52:00,5.753804874,-0.585685264,7.908767658
2025-11-20 23:52:10,4.926861524,-1.030506171,8.382704034
2025-11-20 23:52:20,4.942937059,-1.019775433,8.424446386
2025-11-20 23:52:30,5.148162137,-1.128401620,8.271137676
2025-11-20 23:52:40,5.173326384,-0.977779801,8.287682086
2025-11-20 23:52:50,5.088578539,-0.987369451,8.343465122
2025-11-20 23:53:00,5.213984241,-0.773007202,8.261514914
2025-11-20 23:53:10,4.772224891,-1.184101967,8.473278696
2025-11-20 23:53:20,4.540440435,-1.461241680,8.566000476
2025-11-20 23:53:30,4.701157781,-1.565156650,8.434851336
2025-11-20 23:53:40,4.449622748,-1.238412436,8.639320036
2025-11-20 23:53:50,4.299800320,-1.895770818,8.652033361
2025-11-20 23:54:00,3.989352472,-1.429277089,8.821548716
2025-11-20 23:54:10,4.243157607,-1.807917655,8.677077972
2025-11-20 23:54:20,4.075760725,-2.047606605,8.647756834
2025-11-20 23:54:30,3.781791349,-2.142960013,8.782646308
2025-11-20 23:54:40,3.670264088,-2.480419756,8.785683113
2025-11-20 23:54:50,3.600737654,-2.779965496,8.690387657
2025-11-20 23:55:00,3.344135071,-2.509047086,8.876404428
2025-11-20 23:55:10,3.243005138,-2.297796628,9.013848565
2025-11-20 23:55:20,2.939735437,-2.026772519,9.112076166
2025-11-20 23:55:30,3.241772024,-2.081542857,9.009773231
2025-11-20 23:55:40,3.482144026,-1.842602798,8.993639052
2025-11-20 23:55:50,3.818535563,-2.045542325,8.824493145
2025-11-20 23:56:00,3.740918848,-1.589641813,8.886557017
2025-11-20 23:56:10,3.390806522,-1.240150963,9.090602623
2025-11-20 23:56:20,3.579806276,-0.976764867,9.096372596
2025-11-20 23:56:30,3.472719493,-1.323740907,9.029665861
2025-11-20 23:56:40,3.436829578,-1.134209015,9.160730239
2025-11-20 23:56:50,3.436869816,-1.016247854,9.102175769
2025-11-20 23:57:00,3.684101784,-1.013424116,9.057083992
2025-11-20 23:57:10,4.142729848,-1.016464366,8.886842053
2025-11-20 23:57:20,3.807585846,-1.302371363,8.967293319
2025-11-20 23:57:30,3.975303761,-1.641675203,8.836533179
2025-11-20 23:57:40,4.283396805,-1.583584227,8.657848628
2025-11-20 23:57:50,4.281073740,-1.819257092,8.626135682
2025-11-20 23:58:00,5.039769716,-1.366428680,8.310021344
2025-11-20 23:58:10,5.341585576,-1.015254567,8.160982562
2025-11-20 23:58:20,5.486738891,-1.502124161,7.956605855
2025-11-20 23:58:30,5.863303624,-1.585410141,7.710495024
2025-11-20 23:58:40,6.266168148,-1.219251079,7.433480343
2025-11-20 23:58:50,6.158274320,-1.407297392,7.537379053
2025-11-20 23:59:00,6.210711929,-1.904282525,7.363326502
2025-11-20 23:59:10,6.236833538,-1.871424599,7.346405950
2025-11-20 23:59:20,6.107388858,-1.986964884,7.413156591
2025-11-20 23:59:30,6.157809320,-2.154039461,7.331129828
2025-11-20 23:59:40,5.946714562,-2.362182063,7.427946063
2025-11-20 23:59:50,5.421713748,-2.796614626,7.713036087
2025-11-21 00:00:00,5.428285715,-2.762897027,7.706384838
2025-11-21 00:00:10,5.476218457,-2.622573223,7.694367738
2025-11-21 00:00:20,5.759648276,-2.644300865,7.524623183
2025-11-21 00:00:30,5.645783198,-2.969066143,7.424258210
2025-11-21 00:00:40,5.585476706,-2.812777835,7.528944412
2025-11-21 00:00:50,5.902779142,-2.407789596,7.476518857
2025-11-21 00:01:00,5.793925394,-2.685745584,7.445745192
2025-11-21 00:01:10,5.671688847,-2.617028292,7.568085708
2025-11-21 00:01:20,5.558672774,-2.943900712,7.534909173
2025-11-21 00:01:30,5.484082015,-3.277265229,7.469421664
2025-11-21 00:01:40,5.364447349,-3.010008140,7.601358574
2025-11-21 00:01:50,5.278415322,-2.996823881,7.675648801
2025-11-21 00:02:00,5.201881053,-2.982876039,7.763551696
2025-11-21 00:02:10,5.214116326,-2.844302330,7.785785023
2025-11-21 00:02:20,5.368670611,-2.640277995,7.771717218
2025-11-21 00:02:30,5.487391602,-2.525907317,7.758489060
2025-11-21 00:02:40,5.660738614,-2.531093744,7.581128054
2025-11-21 00:02:50,5.489111203,-2.671622097,7.672866067
2025-11-21 00:03:00,5.633903945,-2.724367333,7.561053108
2025-11-21 00:03:10,5.706483091,-2.519737987,7.523567737
2025-11-21 00:03:20,5.684296559,-2.341229787,7.613655673
2025-11-21 00:03:30,5.566466284,-2.647257906,7.650037391
2025-11-21 00:03:40,5.699689986,-2.728183923,7.507058623
2025-11-21 00:03:50,5.975098235,-2.682544335,7.297651278
2025-11-21 00:04:00,5.963877466,-2.730148441,7.345523235
2025-11-21 00:04:10,6.025667671,-2.533572963,7.297970893
2025-11-21 00:04:20,6.348429525,-2.577859196,6.998126590
2025-11-21 00:04:30,6.307370548,-2.775876833,6.994712368
2025-11-21 00:04:40,6.518993401,-2.517562421,6.880714860
2025-11-21 00:04:50,6.370135767,-2.653443373,6.957160207
2025-11-21 00:05:00,6.525690889,-3.035171054,6.672157374
2025-11-21 00:05:10,6.747670401,-3.003614308,6.493919104
2025-11-21 00:05:20,6.880737458,-3.304820840,6.149355241
2025-11-21 00:05:30,6.791226300,-3.675572663,6.053764700
2025-11-21 00:05:40,7.000440098,-3.661777926,5.794000522
2025-11-21 00:05:50,6.768517834,-3.753736537,6.055598774
2025-11-21 00:06:00,6.982830603,-3.688407100,5.794444833
2025-11-21 00:06:10,7.358409618,-3.685273830,5.340961928
2025-11-21 00:06:20,7.360138874,-3.837546941,5.207954029
2025-11-21 00:06:30,7.447921000,-3.865135835,5.091828557
2025-11-21 00:06:40,7.249423109,-3.793940144,5.490681925
2025-11-21 00:06:50,7.311205358,-3.843801906,5.328229812
2025-11-21 00:07:00,7.661233233,-3.704949588,4.838040197
2025-11-21 00:07:10,7.495059338,-4.213329266,4.780464601
2025-11-21 00:07:20,7.396631270,-4.059410330,5.042480537
2025-11-21 00:07:30,7.557718516,-4.113831157,4.726561277
2025-11-21 00:07:40,7.460828326,-4.317387592,4.697845097
2025-11-21 00:07:50,7.606401550,-4.008162124,4.711977502
2025-11-21 00:08:00,7.756768456,-4.256330072,4.246362191
2025-11-21 00:08:10,7.679749205,-4.544648440,4.065670889
2025-11-21 00:08:20,7.920544801,-4.356392450,3.697447017
2025-11-21 00:08:30,8.099597677,-4.183582978,3.613709039
2025-11-21 00:08:40,7.730977941,-4.733807850,3.746852334
2025-11-21 00:08:50,7.801238298,-4.762960265,3.520740511
2025-11-21 00:09:00,7.858964555,-4.693437264,3.519229258
2025-11-21 00:09:10,7.904590223,-4.813153033,3.291259890
2025-11-21 00:09:20,7.661722474,-5.000394415,3.384092907
2025-11-21 00:09:30,7.695745666,-5.155230106,3.221179876
2025-11-21 00:09:40,7.425389431,-5.477823711,3.349669022
2025-11-21 00:09:50,7.366865022,-5.460786144,3.452839913
2025-11-21 00:10:00,7.104538386,-5.603063983,3.735487373
2025-11-21 00:10:10,7.342290168,-5.371840953,3.795113984
2025-11-21 00:10:20,6.997336758,-5.778922361,3.662574801
2025-11-21 00:10:30,6.850986956,-5.934695098,3.812137357
2025-11-21 00:10:40,6.491949306,-6.231032083,3.800650783
2025-11-21 00:10:50,6.298306652,-6.431355626,3.882167491
2025-11-21 00:11:00,6.300279053,-6.306360008,4.118465334
2025-11-21 00:11:10,6.042230229,-6.396545987,4.343517624
2025-11-21 00:11:20,6.311530605,-6.234499353,4.184878197
2025-11-21 00:11:30,6.292740664,-6.225750450,4.241826389
2025-11-21 00:11:40,6.407543165,-6.149449381,4.212234795
2025-11-21 00:11:50,6.037998842,-6.041881036,4.830833700
2025-11-21 00:12:00,5.864800418,-5.985886505,5.082386092
2025-11-21 00:12:10,6.160313592,-6.033971350,4.690340018
2025-11-21 00:12:20,5.982152776,-5.977429341,5.004689547
2025-11-21 00:12:30,6.152848227,-6.006877096,4.642482366
2025-11-21 00:12:40,6.288224307,-5.876350079,4.777870602
2025-11-21 00:12:50,6.794785394,-5.142770498,4.885943849
2025-11-21 00:13:00,6.782694092,-4.866254270,5.163647863
2025-11-21 00:13:10,6.676446130,-5.038152283,5.166060321
2025-11-21 00:13:20,6.486526782,-5.149945846,5.349031681
2025-11-21 00:13:30,6.376742240,-5.282583283,5.262302802
2025-11-21 00:13:40,6.355807011,-5.336261355,5.262201874
2025-11-21 00:13:50,6.316497466,-5.506358062,5.058401052
2025-11-21 00:14:00,6.158172988,-5.572178661,5.219957048
2025-11-21 00:14:10,5.952097075,-5.660565076,5.337552745
2025-11-21 00:14:20,6.149759350,-5.817368231,4.987763437
2025-11-21 00:14:30,6.228807851,-5.714315526,5.013171075
2025-11-21 00:14:40,6.330196598,-5.395354701,5.230674678
2025-11-21 00:14:50,6.403661900,-5.415889256,5.084543217
2025-11-21 00:15:00,6.631514223,-5.224925165,4.943943688
2025-11-21 00:15:10,6.763229553,-5.330452405,4.749394089
2025-11-21 00:15:20,6.828546668,-5.292428405,4.652924456
2025-11-21 00:15:30,6.847249361,-5.129426152,4.785197546
2025-11-21 00:15:40,6.932306279,-5.039904818,4.710183007
2025-11-21 00:15:50,7.428254470,-4.732216547,4.278605268
2025-11-21 00:16:00,7.308635045,-4.967652795,4.291671123
2025-11-21 00:16:10,7.129125036,-5.154471040,4.302344476
2025-11-21 00:16:20,7.061650659,-5.161252001,4.427406433
2025-11-21 00:16:30,7.096496385,-5.135190842,4.398372036
2025-11-21 00:16:40,7.104116279,-5.151597982,4.347790276
2025-11-21 00:16:50,6.974198789,-5.346609466,4.325674620
2025-11-21 00:17:00,6.945253464,-5.339359225,4.384682436
2025-11-21 00:17:10,6.716067806,-5.475173728,4.638391624
2025-11-21 00:17:20,6.701886006,-5.574108051,4.471608192
2025-11-21 00:17:30,6.573445642,-5.858703114,4.239373240
2025-11-21 00:17:40,6.934673111,-5.757848836,3.901460968
2025-11-21 00:17:50,6.615814910,-5.698879831,4.509360502
2025-11-21 00:18:00,6.012216968,-5.881476601,5.010752517
2025-11-21 00:18:10,6.144007613,-5.659387104,5.137017274
2025-11-21 00:18:20,6.087914717,-5.293785354,5.530956182
2025-11-21 00:18:30,5.844226865,-5.484786322,5.669334932
2025-11-21 00:18:40,5.744346460,-5.442014780,5.782100768
2025-11-21 00:18:50,5.604988659,-5.722201810,5.659963161
2025-11-21 00:19:00,5.527508290,-5.888060130,5.571733405
2025-11-21 00:19:10,5.594187692,-5.738729380,5.677448604
2025-11-21 00:19:20,5.532547986,-5.870796809,5.613715399
2025-11-21 00:19:30,5.445705390,-5.811182307,5.862611406
2025-11-21 00:19:40,5.552254332,-5.339382591,6.035508282
2025-11-21 00:19:50,5.441418744,-5.078535641,6.382051543
2025-11-21 00:20:00,5.126012869,-4.938383211,6.793827091
2025-11-21 00:20:10,5.329962470,-4.695691028,6.750993375
2025-11-21 00:20:20,5.532856304,-4.902454644,6.482183453
2025-11-21 00:20:30,5.513564614,-4.933733476,6.478080114
2025-11-21 00:20:40,5.365237705,-5.183029496,6.365147125
2025-11-21 00:20:50,5.659199101,-5.089998726,6.134423512
2025-11-21 00:21:00,5.989915313,-4.996342388,5.939322685
2025-11-21 00:21:10,5.636116575,-4.933339091,6.391326447
2025-11-21 00:21:20,5.539998020,-5.110152262,6.289897579
2025-11-21 00:21:30,5.374548192,-5.157406595,6.394755696
2025-11-21 00:21:40,5.324334901,-4.939219143,6.564635768
2025-11-21 00:21:50,5.431210489,-4.718649078,6.694482861
2025-11-21 00:22:00,5.348223624,-4.673917133,6.764924599
2025-11-21 00:22:10,5.277326083,-4.084654708,7.190094286
2025-11-21 00:22:20,5.424316097,-4.191098469,6.993895115
2025-11-21 00:22:30,5.362069840,-4.282544845,7.000976123
2025-11-21 00:22:40,5.693554892,-4.154251856,6.830591553
2025-11-21 00:22:50,5.629248815,-3.291007607,7.363382511
2025-11-21 00:23:00,5.664108411,-3.021415450,7.449745225
2025-11-21 00:23:10,5.754296498,-3.179787817,7.317932841
2025-11-21 00:23:20,5.469930928,-2.957897265,7.577359753
2025-11-21 00:23:30,5.273615922,-2.739715831,7.832862573
2025-11-21 00:23:40,5.598379103,-2.682683546,7.594430366
2025-11-21 00:23:50,5.544812330,-2.450614471,7.714681036
2025-11-21 00:24:00,5.471829801,-2.464829670,7.774550373
2025-11-21 00:24:10,5.280567188,-2.818264799,7.781546342
2025-11-21 00:24:20,5.521802663,-2.602684915,7.671069235
2025-11-21 00:24:30,5.528407491,-2.594023790,7.666338319
2025-11-21 00:24:40,5.841651065,-2.694937177,7.388327317
2025-11-21 00:24:50,5.990249275,-2.873832123,7.269108709
2025-11-21 00:25:00,5.933233398,-2.939606837,7.253577206
2025-11-21 00:25:10,5.687208127,-2.980393613,7.405155732
2025-11-21 00:25:20,5.994593521,-2.967261781,7.205959373
2025-11-21 00:25:30,6.042535020,-3.078297736,7.058906206
2025-11-21 00:25:40,6.035036631,-2.811529555,7.209338091
2025-11-21 00:25:50,5.977329839,-2.932889109,7.189626724
2025-11-21 00:26:00,5.863139114,-2.859983782,7.351517711
2025-11-21 00:26:10,5.876330440,-2.962184309,7.287074707
2025-11-21 00:26:20,6.016325415,-3.410933034,6.999806806
2025-11-21 00:26:30,5.699744164,-4.145591667,6.852406978
2025-11-21 00:26:40,5.835960694,-4.165644967,6.671441280
2025-11-21 00:26:50,6.095014074,-3.988663718,6.581992099
2025-11-21 00:27:00,6.212913488,-3.700230216,6.644703115
2025-11-21 00:27:10,6.097862545,-3.780009814,6.715969406
2025-11-21 00:27:20,5.502654401,-4.317634789,6.920279770
2025-11-21 00:27:30,5.290661920,-4.028512156,7.203340742
2025-11-21 00:27:40,5.251925477,-3.909220226,7.293109167
2025-11-21 00:27:50,5.293713557,-3.662520142,7.374749027
2025-11-21 00:28:00,4.937870193,-3.968797819,7.478390965
2025-11-21 00:28:10,4.714209394,-4.238701772,7.519611569
2025-11-21 00:28:20,5.158377855,-4.079836830,7.267872661
2025-11-21 00:28:30,5.263034857,-4.086281624,7.194194033
2025-11-21 00:28:40,5.400477513,-4.220433135,7.025029542
2025-11-21 00:28:50,5.536018515,-4.148812271,6.995329047
2025-11-21 00:29:00,5.429870073,-4.282036102,6.955736902
2025-11-21 00:29:10,5.710248637,-3.662903697,7.078913317
2025-11-21 00:29:20,5.658210629,-3.194374419,7.355528363
2025-11-21 00:29:30,5.683552213,-2.929438114,7.439132766
2025-11-21 00:29:40,6.055681065,-2.505179823,7.322191959
2025-11-21 00:29:50,5.860671844,-2.288568777,7.541914367
2025-11-21 00:30:00,6.081292084,-2.299825828,7.342439115
2025-11-21 00:30:10,6.194617720,-2.074570927,7.316584084
2025-11-21 00:30:20,6.130062114,-1.431438692,7.502910954
2025-11-21 00:30:30,5.819260489,-0.901883952,7.828454646
2025-11-21 00:30:40,5.305925578,-1.217511685,8.177384279
2025-11-21 00:30:50,5.287916295,-1.290823675,8.137143769
2025-11-21 00:31:00,5.072236539,-1.354078896,8.245369460
2025-11-21 00:31:10,5.179466565,-1.262329515,8.250414210
2025-11-21 00:31:20,5.394077369,-1.129286090,8.111294497
2025-11-21 00:31:30,5.401387383,-1.409541823,8.066005794
2025-11-21 00:31:40,5.656365506,-1.337711732,7.890518670
2025-11-21 00:31:50,5.433510311,-1.628023942,8.038792944
2025-11-21 00:32:00,5.598882114,-1.194461800,7.942470767
2025-11-21 00:32:10,6.172160252,-0.715716084,7.565198671
2025-11-21 00:32:20,5.716806182,-0.567125106,7.913852711
2025-11-21 00:32:30,5.476496559,-0.557697961,8.134431514
2025-11-21 00:32:40,5.847286874,-0.481844215,7.871744785
2025-11-21 00:32:50,5.886774177,-0.292206555,7.806722056
2025-11-21 00:33:00,6.364457221,-0.003861055,7.512055675
2025-11-21 00:33:10,6.608483291,0.199522538,7.236332542
2025-11-21 00:33:20,6.803784320,0.795787678,7.063758150
2025-11-21 00:33:30,6.632639412,-0.085552831,7.208303285
2025-11-21 00:33:40,6.405562515,0.217277776,7.404401646
2025-11-21 00:33:50,6.720240560,0.352892421,7.067221687
2025-11-21 00:34:00,6.991595051,-0.182038193,6.926673351
2025-11-21 00:34:10,7.093513439,-0.480251794,6.749641239
2025-11-21 00:34:20,7.065802636,-0.371974214,6.800743649
2025-11-21 00:34:30,7.529275137,0.021508020,6.278357319
2025-11-21 00:34:40,7.438880330,-0.156303721,6.438802316
2025-11-21 00:34:50,7.086393764,-0.093470508,6.782992183
2025-11-21 00:35:00,6.888042484,-0.525514031,6.956837689
2025-11-21 00:35:10,6.741948119,-0.474294112,7.110427979
2025-11-21 00:35:20,6.503206141,-0.508248866,7.358454010
2025-11-21 00:35:30,6.554599320,-0.561764391,7.279502579
2025-11-21 00:35:40,6.769544367,-1.034658482,7.032705276
2025-11-21 00:35:50,6.787604998,-0.957596645,7.028239324
2025-11-21 00:36:00,6.637353608,-1.453361823,7.064743509
2025-11-21 00:36:10,6.778978243,-1.508790912,6.928638228
2025-11-21 00:36:20,6.625887387,-1.005608094,7.170429317
2025-11-21 00:36:30,6.875917401,-1.155846623,6.916644688
2025-11-21 00:36:40,6.937676578,-1.011140856,6.881980725
2025-11-21 00:36:50,6.520970827,-1.037781798,7.220383600
2025-11-21 00:37:00,6.328351945,-1.491084985,7.397558018
2025-11-21 00:37:10,6.340526746,-1.383266211,7.367628102
2025-11-21 00:37:20,6.749284787,-1.612941431,6.934120353
2025-11-21 00:37:30,7.179006127,-1.170945151,6.660612665
2025-11-21 00:37:40,7.274971416,-0.940192943,6.489121610
2025-11-21 00:37:50,7.377761318,-1.168867402,6.409764700
2025-11-21 00:38:00,7.375066201,-1.896450846,6.120534639
2025-11-21 00:38:10,7.453796633,-1.406142431,6.235047486
2025-11-21 00:38:20,7.096424042,-1.907199464,6.514596078
2025-11-21 00:38:30,7.111522343,-2.153991871,6.389181766
2025-11-21 00:38:40,6.478582041,-2.144972908,7.011807570
2025-11-21 00:38:50,6.477649187,-1.837440354,7.145219857
2025-11-21 00:39:00,6.405381039,-1.675248792,7.200988179
2025-11-21 00:39:10,6.061944562,-1.741826527,7.490524722
2025-11-21 00:39:20,5.885556708,-1.247381161,7.744294716
2025-11-21 00:39:30,5.948918293,-0.951689338,7.748423839
2025-11-21 00:39:40,6.247781334,-0.571726259,7.535370340
2025-11-21 00:39:50,6.151124618,-0.226018000,7.646212970
2025-11-21 00:40:00,6.331607188,0.210413838,7.512187206
2025-11-21 00:40:10,6.448095343,0.134253650,7.360139943
2025-11-21 00:40:20,6.176833531,-0.051082285,7.680004228
2025-11-21 00:40:30,6.048616719,0.225783778,7.679496838
2025-11-21 00:40:40,6.497937471,0.722746824,7.331128741
2025-11-21 00:40:50,6.586186690,0.730776894,7.296617342
2025-11-21 00:41:00,6.095051436,0.550062299,7.699988441
2025-11-21 00:41:10,5.811150368,0.676322638,7.889022868
2025-11-21 00:41:20,5.896946363,0.332005663,7.805279589
2025-11-21 00:41:30,5.979818701,0.290462376,7.792015269
2025-11-21 00:41:40,5.891978811,0.238704974,7.807145479
2025-11-21 00:41:50,5.938166050,0.693585958,7.777573425
2025-11-21 00:42:00,6.194660049,0.700364536,7.579488397
2025-11-21 00:42:10,5.942659155,0.410136754,7.794309342
2025-11-21 00:42:20,6.340050830,0.251968489,7.480556199
2025-11-21 00:42:30,6.530307732,0.457559825,7.293474803
2025-11-21 00:42:40,6.842646785,0.373487330,6.989064989
2025-11-21 00:42:50,6.852672300,0.420245252,6.977116171
2025-11-21 00:43:00,6.759069649,0.329408762,7.097639498
2025-11-21 00:43:10,6.606283887,0.657747579,7.223459628
2025-11-21 00:43:20,6.280767984,0.544838372,7.516149632
2025-11-21 00:43:30,5.963613808,0.887066049,7.719291242
2025-11-21 00:43:40,5.677331904,0.917167609,7.977581024
2025-11-21 00:43:50,5.437876939,0.905599819,8.130767628
2025-11-21 00:44:00,5.618290183,1.125962437,7.964145256
2025-11-21 00:44:10,5.586541025,1.072550524,7.989443258
2025-11-21 00:44:20,5.748521595,1.423934938,7.810000038
2025-11-21 00:44:30,5.736507365,1.249654711,7.857752398
2025-11-21 00:44:40,5.504814472,1.243326358,8.087346958
2025-11-21 00:44:50,5.444964616,1.173069980,8.084800768
2025-11-21 00:45:00,5.748969002,0.950994131,7.867156102
2025-11-21 00:45:10,5.653683239,1.130195845,7.955478756
2025-11-21 00:45:20,5.619626137,1.204864912,7.946090811
2025-11-21 00:45:30,5.674637487,0.628074030,7.966639738
2025-11-21 00:45:40,5.759515614,0.465633425,7.931334052
2025-11-21 00:45:50,5.673371413,0.513418579,7.976627346
2025-11-21 00:46:00,5.573306848,0.649482662,8.042266278
2025-11-21 00:46:10,5.529072887,0.839982785,8.051290805
2025-11-21 00:46:20,5.445218019,0.856629456,8.106902036
2025-11-21 00:46:30,5.467616842,0.359699128,8.166806062
2025-11-21 00:46:40,5.442240529,0.347894120,8.126391005
2025-11-21 00:46:50,5.642649776,0.393514323,8.004335896
2025-11-21 00:47:00,5.682256536,0.128096596,7.967164945
2025-11-21 00:47:10,5.912100208,0.148907562,7.836034573
2025-11-21 00:47:20,5.894666171,0.161654881,7.752205571
2025-11-21 00:47:30,6.074136131,0.377044218,7.705246225
2025-11-21 00:47:40,5.973684907,0.521358351,7.766438037
2025-11-21 00:47:50,6.513056815,0.557258206,7.358296800
2025-11-21 00:48:00,6.732904377,0.693441571,7.097907607
2025-11-21 00:48:10,6.806480917,1.047000897,6.995841600
2025-11-21 00:48:20,6.915853560,0.572142589,6.900820731
2025-11-21 00:48:30,7.253232879,0.537209005,6.586185926
2025-11-21 00:48:40,7.515974756,0.238477995,6.268766251
2025-11-21 00:48:50,7.631076034,-0.685271925,6.031675281
2025-11-21 00:49:00,7.697294823,-0.596544195,6.016723651
2025-11-21 00:49:10,7.731060909,-0.523931589,6.032923283
2025-11-21 00:49:20,8.104566875,-0.534835108,5.490069628
2025-11-21 00:49:30,8.385729975,-0.439180911,5.140480406
2025-11-21 00:49:40,8.288892792,-0.388218695,5.247481259
2025-11-21 00:49:50,8.220595598,-0.613591660,5.323104352
2025-11-21 00:50:00,8.345145097,-0.436507915,5.123611516
2025-11-21 00:50:10,8.409997902,-0.909194477,4.962731652
2025-11-21 00:50:20,8.244334559,-1.466776415,5.214268396
2025-11-21 00:50:30,7.900998179,-1.847828432,5.546737406
2025-11-21 00:50:40,7.798502412,-2.310853408,5.423063853
2025-11-21 00:50:50,7.774277820,-2.368496930,5.467897924
2025-11-21 00:51:00,7.835689356,-2.517573183,5.336626236
2025-11-21 00:51:10,7.807349369,-2.404094135,5.424655528
2025-11-21 00:51:20,7.626080317,-2.524374883,5.621279674
2025-11-21 00:51:30,7.413020818,-3.054334250,5.682272129
2025-11-21 00:51:40,7.306927970,-2.910055526,5.871738304
2025-11-21 00:51:50,7.178493466,-2.451839988,6.166963242
2025-11-21 00:52:00,7.184412440,-2.683114349,6.107254247
2025-11-21 00:52:10,7.295994852,-1.940167489,6.318381939
2025-11-21 00:52:20,7.238615433,-2.487447916,6.132738290
2025-11-21 00:52:30,7.387089455,-2.689624831,5.888127824
2025-11-21 00:52:40,7.667222404,-2.446877019,5.642605929
2025-11-21 00:52:50,7.556692987,-2.346003953,5.791463991
2025-11-21 00:53:00,7.023013159,-2.542779247,6.404118888
2025-11-21 00:53:10,6.721402130,-2.544825713,6.665730444
2025-11-21 00:53:20,6.420634686,-2.456308639,6.948207859
2025-11-21 00:53:30,6.345446461,-2.595652122,7.023473363
2025-11-21 00:53:40,6.607366201,-2.641012035,6.756847877
2025-11-21 00:53:50,6.869017576,-2.847458747,6.392929187
2025-11-21 00:54:00,6.960390149,-2.552348875,6.471342104
2025-11-21 00:54:10,7.248601354,-2.889509557,5.958751787
2025-11-21 00:54:20,7.370678090,-2.989438150,5.787557045
2025-11-21 00:54:30,7.622976667,-2.800946389,5.496184096
2025-11-21 00:54:40,7.644973173,-3.072709072,5.402979069
2025-11-21 00:54:50,7.513358639,-3.024459206,5.570192558
2025-11-21 00:55:00,7.776797031,-2.981000603,5.248588915
2025-11-21 00:55:10,7.810677054,-2.621860975,5.311812387
2025-11-21 00:55:20,7.896678996,-2.586096706,5.201592067
2025-11-21 00:55:30,7.839244052,-2.636771457,5.226702387
2025-11-21 00:55:40,7.831985206,-2.767974445,5.188420702
2025-11-21 00:55:50,7.938690269,-2.537895887,5.192472607
2025-11-21 00:56:00,7.976010325,-2.134735882,5.298013667
2025-11-21 00:56:10,7.961986274,-2.070786039,5.362036156
2025-11-21 00:56:20,8.086911390,-1.855464117,5.287280058
2025-11-21 00:56:30,8.185410511,-2.045883359,4.991107753
2025-11-21 00:56:40,7.979309706,-2.018918079,5.349995385
2025-11-21 00:56:50,8.148461160,-2.195492516,5.014150199
2025-11-21 00:57:00,8.179184950,-2.140226778,4.984078664
2025-11-21 00:57:10,8.319491703,-1.901197080,4.779548312
2025-11-21 00:57:20,8.359342793,-1.833408389,4.835030161
2025-11-21 00:57:30,8.347302072,-2.344336700,4.589008031
2025-11-21 00:57:40,8.464455415,-2.271753186,4.525461925
2025-11-21 00:57:50,8.432204260,-2.020228218,4.616451243
2025-11-21 00:58:00,8.349030080,-1.832028134,4.744591231
2025-11-21 00:58:10,8.403917008,-1.862248703,4.764059677
2025-11-21 00:58:20,8.118456133,-1.698559285,5.199967500
2025-11-21 00:58:30,8.175849803,-1.641706473,5.128974961
2025-11-21 00:58:40,8.149316571,-1.933045990,5.031576589
2025-11-21 00:58:50,8.360633471,-1.847606563,4.747834751
2025-11-21 00:59:00,8.597615905,-1.437283472,4.466068347
2025-11-21 00:59:10,8.672989591,-1.540058061,4.347800055
2025-11-21 00:59:20,8.699718472,-1.585501153,4.312359402
2025-11-21 00:59:30,8.703608882,-1.660462719,4.313882754
2025-11-21 00:59:40,8.726176626,-1.537529439,4.159155783
2025-11-21 00:59:50,8.657884985,-1.369046532,4.403261438
2025-11-21 01:00:00,8.647249306,-1.252743800,4.452911974
2025-11-21 01:00:10,8.575676504,-0.931923248,4.637223689
2025-11-21 01:00:20,8.541834148,-1.081706912,4.655348457
2025-11-21 01:00:30,8.420652100,-1.051857420,4.882227834
2025-11-21 01:00:40,8.537491175,-0.829907687,4.804248769
2025-11-21 01:00:50,8.527851347,-0.775917537,4.842935039
2025-11-21 01:01:00,8.540908261,-0.525908731,4.835703717
2025-11-21 01:01:10,8.284407905,-0.390208140,5.296940450
2025-11-21 01:01:20,8.389540673,-0.228877506,5.106828348
2025-11-21 01:01:30,8.127186139,-0.525686283,5.497627645
2025-11-21 01:01:40,8.006939961,-0.441418881,5.569104873
2025-11-21 01:01:50,7.901346308,-0.309675042,5.794143952
2025-11-21 01:02:00,7.955520598,-0.238989088,5.785328922
2025-11-21 01:02:10,8.111671960,-0.318774118,5.496728030
2025-11-21 01:02:20,8.085031772,-0.297020927,5.533176248
2025-11-21 01:02:30,7.877546262,-0.533728240,5.794149003
2025-11-21 01:02:40,7.900089247,-0.794340920,5.774290308
2025-11-21 01:02:50,7.954536530,-0.759337246,5.740546551
2025-11-21 01:03:00,8.292324244,-0.566753668,5.274146027
2025-11-21 01:03:10,8.201938189,-0.694929124,5.310082829
2025-11-21 01:03:20,8.186648145,-0.425596346,5.345302727
2025-11-21 01:03:30,8.170896308,-0.489663628,5.330148077
2025-11-21 01:03:40,8.208422796,-0.635112804,5.381187997
2025-11-21 01:03:50,8.057067757,-0.923508554,5.546362491
2025-11-21 01:04:00,8.238992178,-0.479186179,5.313941323
2025-11-21 01:04:10,8.173880327,-0.677031520,5.366967476
2025-11-21 01:04:20,8.036173772,-0.389301974,5.569476733
2025-11-21 01:04:30,8.052836721,-0.562590985,5.628253411
2025-11-21 01:04:40,7.986194897,-0.111287101,5.664872206
2025-11-21 01:04:50,7.788748920,-0.555293989,5.934501922
2025-11-21 01:05:00,7.995707335,-0.575522562,5.702283822
2025-11-21 01:05:10,8.035624449,-0.646854888,5.575064162
2025-11-21 01:05:20,7.953399441,-0.746502488,5.735745110
2025-11-21 01:05:30,8.001669573,-1.027430679,5.554073568
2025-11-21 01:05:40,7.985245720,-1.022179395,5.571974941
2025-11-21 01:05:50,7.824637166,-1.217365693,5.742915362
2025-11-21 01:06:00,7.871472095,-1.161844380,5.709343557
2025-11-21 01:06:10,7.735431829,-1.001076759,5.906832605
2025-11-21 01:06:20,7.715857189,-1.064866072,5.952648581
2025-11-21 01:06:30,7.668046727,-1.011134553,6.040936381
2025-11-21 01:06:40,7.600614977,-0.940826655,6.140915160
2025-11-21 01:06:50,7.596577876,-0.633963639,6.200791596
2025-11-21 01:07:00,7.675187277,-1.215475307,5.988981134
2025-11-21 01:07:10,7.655539383,-1.192931586,6.015135069
2025-11-21 01:07:20,7.705407575,-1.292832579,5.919414459
2025-11-21 01:07:30,7.657166291,-1.469702946,5.970300379
2025-11-21 01:07:40,7.610815020,-1.698056594,5.931008672
2025-11-21 01:07:50,7.559595548,-1.771715329,5.969305843
2025-11-21 01:08:00,7.521334453,-1.894785899,6.030592278
2025-11-21 01:08:10,7.597752481,-2.187313851,5.769914731
2025-11-21 01:08:20,7.773004166,-2.751300030,5.317453549
2025-11-21 01:08:30,7.711467703,-2.728998534,5.397867826
2025-11-21 01:08:40,7.647320245,-2.658088331,5.553304329
2025-11-21 01:08:50,7.521324600,-2.881042668,5.580593183
2025-11-21 01:09:00,7.707072610,-2.729566617,5.388236041
2025-11-21 01:09:10,7.798987980,-2.915902764,5.206281200
2025-11-21 01:09:20,7.906513244,-2.820615946,5.059652291
2025-11-21 01:09:30,7.790506013,-3.281242346,4.960848041
2025-11-21 01:09:40,7.771919083,-3.361998267,4.929538106
2025-11-21 01:09:50,7.615103216,-3.487370834,5.059596243
2025-11-21 01:10:00,7.601563499,-3.391250011,5.142768431
2025-11-21 01:10:10,7.580392520,-3.678022972,5.029590440
2025-11-21 01:10:20,7.629478394,-3.742876697,4.904256229
2025-11-21 01:10:30,7.925735860,-3.266197859,4.712766468
2025-11-21 01:10:40,7.695821097,-3.522081599,4.986608756
2025-11-21 01:10:50,7.849101762,-3.765423683,4.616156357
2025-11-21 01:11:00,7.528915995,-3.749343068,5.064550443
2025-11-21 01:11:10,7.651456850,-3.036745344,5.338507801
2025-11-21 01:11:20,7.550250516,-3.495811726,5.194709244
2025-11-21 01:11:30,7.677002336,-3.398634087,5.077571879
2025-11-21 01:11:40,7.589233398,-3.443426757,5.158506943
2025-11-21 01:11:50,7.578913551,-3.160156295,5.303287617
2025-11-21 01:12:00,7.656058111,-3.096003254,5.325252447
2025-11-21 01:12:10,7.650388335,-3.484050326,5.053473450
2025-11-21 01:12:20,7.514229853,-3.735878720,5.120102536
2025-11-21 01:12:30,7.432044057,-3.882413243,4.998997028
2025-11-21 01:12:40,7.579499275,-3.658982406,5.082714159
2025-11-21 01:12:50,7.615282494,-3.529913302,5.083149553
2025-11-21 01:13:00,7.449372023,-3.860405571,5.071729009
2025-11-21 01:13:10,7.273557988,-4.026507634,5.153244296
2025-11-21 01:13:20,6.831795897,-4.099597441,5.690580675
2025-11-21 01:13:30,6.920950711,-3.873808626,5.760812158
2025-11-21 01:13:40,6.930979181,-3.752103275,5.866288061
2025-11-21 01:13:50,7.163554764,-3.733555873,5.600159157
2025-11-21 01:14:00,7.250622032,-3.486530169,5.716663987
2025-11-21 01:14:10,6.684878886,-3.504245706,6.233495256
2025-11-21 01:14:20,6.558808324,-3.867588513,6.214259600
2025-11-21 01:14:30,6.501837706,-3.647498396,6.335192021
2025-11-21 01:14:40,6.524131083,-3.562717893,6.419155342
2025-11-21 01:14:50,6.236056068,-3.675142158,6.595307502
2025-11-21 01:15:00,6.523068728,-3.510580841,6.403897025
2025-11-21 01:15:10,6.630209065,-2.956505232,6.584237611
2025-11-21 01:15:20,6.744498580,-2.979647682,6.422370810
2025-11-21 01:15:30,6.707667715,-2.879950898,6.593502692
2025-11-21 01:15:40,6.857520823,-2.947605209,6.393362809
2025-11-21 01:15:50,6.926546704,-2.993687649,6.244412405
2025-11-21 01:16:00,7.222058059,-2.753957605,6.063183578
2025-11-21 01:16:10,6.821475656,-2.534040374,6.545479733
2025-11-21 01:16:20,6.724336017,-2.594396952,6.641176866
2025-11-21 01:16:30,6.862156827,-2.755737751,6.510913726
2025-11-21 01:16:40,6.814686052,-2.921474227,6.523725489
2025-11-21 01:16:50,6.968397336,-3.122849306,6.123175490
2025-11-21 01:17:00,7.016806895,-2.986576080,6.187003372
2025-11-21 01:17:10,7.055420764,-3.006261056,6.120471096
2025-11-21 01:17:20,6.686963018,-3.262020676,6.338989461
2025-11-21 01:17:30,6.691280239,-3.334976322,6.315315509
2025-11-21 01:17:40,6.828152650,-3.377984644,6.226579971
2025-11-21 01:17:50,6.778133428,-3.085198763,6.373084682
2025-11-21 01:18:00,6.831810206,-2.859365067,6.476845402
2025-11-21 01:18:10,6.938535865,-2.557042953,6.435836791
2025-11-21 01:18:20,6.784584215,-2.508224088,6.602711046
2025-11-21 01:18:30,6.736076744,-2.729316865,6.605778539
2025-11-21 01:18:40,6.944811618,-2.618865145,6.413934591
2025-11-21 01:18:50,7.222502484,-2.743834736,6.012113698
2025-11-21 01:19:00,7.186967983,-2.618533519,6.168384246
2025-11-21 01:19:10,7.142935460,-2.539081809,6.219470550
2025-11-21 01:19:20,7.034079954,-2.889793448,6.105806341
2025-11-21 01:19:30,7.004250609,-3.071962660,6.205896802
2025-11-21 01:19:40,7.079957619,-2.928871833,6.137709517
2025-11-21 01:19:50,7.046796551,-3.125879550,6.097336703
2025-11-21 01:20:00,7.045615882,-3.349019807,5.956654511
2025-11-21 01:20:10,6.654706931,-3.463576193,6.326834362
2025-11-21 01:20:20,6.545861707,-3.612781501,6.292969620
2025-11-21 01:20:30,6.415620228,-3.751324112,6.381782225
2025-11-21 01:20:40,6.456695903,-3.454907848,6.553054180
2025-11-21 01:20:50,6.234852955,-4.012573167,6.397069338
2025-11-21 01:21:00,6.222234866,-3.846143295,6.598248423
2025-11-21 01:21:10,5.999961341,-3.942412565,6.757368106
2025-11-21 01:21:20,6.037618910,-4.058231969,6.591637784
2025-11-21 01:21:30,5.973111382,-4.276910701,6.467423441
2025-11-21 01:21:40,5.874573787,-4.106859642,6.634636531
2025-11-21 01:21:50,6.181246815,-4.422285456,6.250297868
2025-11-21 01:22:00,6.219345550,-4.583066890,6.063733402
2025-11-21 01:22:10,6.312112701,-4.745460585,5.798530673
2025-11-21 01:22:20,6.106389934,-5.225845209,5.588292829
2025-11-21 01:22:30,6.474740099,-5.319219532,5.112538997
2025-11-21 01:22:40,6.423754184,-5.528239462,4.966911080
2025-11-21 01:22:50,6.441414282,-5.135169547,5.354964266
2025-11-21 01:23:00,6.619623631,-5.105994714,5.154933823
2025-11-21 01:23:10,6.748910413,-5.236763492,4.824084214
2025-11-21 01:23:20,6.697762100,-5.318923399,4.814251979
2025-11-21 01:23:30,7.002964767,-5.186204900,4.595343543
2025-11-21 01:23:40,6.626309698,-5.411450262,4.840317048
2025-11-21 01:23:50,6.394021282,-5.355200676,5.155251802
2025-11-21 01:24:00,6.423186654,-5.514878230,4.973410478
2025-11-21 01:24:10,6.624284831,-5.039284837,5.161422171
2025-11-21 01:24:20,6.538829386,-5.474342067,4.868677603
2025-11-21 01:24:30,7.034032564,-5.229082837,4.476450682
2025-11-21 01:24:40,7.270851117,-5.188959012,3.987479231
2025-11-21 01:24:50,7.370027848,-5.035957730,4.067279954
2025-11-21 01:25:00,7.978472788,-4.226797211,3.836626461
2025-11-21 01:25:10,8.219373918,-3.955932550,3.638702060
2025-11-21 01:25:20,7.971561883,-4.221649398,3.808208194
2025-11-21 01:25:30,7.860957438,-4.303676185,3.922614550
2025-11-21 01:25:40,7.533828349,-4.619410808,4.341223813
2025-11-21 01:25:50,7.076319171,-5.017407811,4.618597527
2025-11-21 01:26:00,6.916629230,-4.818621083,5.008593167
2025-11-21 01:26:10,6.971337364,-4.554700261,5.137152380
2025-11-21 01:26:20,7.163500364,-4.055220202,5.335202737
2025-11-21 01:26:30,6.939599956,-3.569671603,5.935502675
2025-11-21 01:26:40,6.805102000,-3.967515652,5.867847332
2025-11-21 01:26:50,6.920288666,-4.016721470,5.662879703
2025-11-21 01:27:00,7.091966985,-3.557809816,5.762028603
2025-11-21 01:27:10,6.970500056,-3.549221596,5.940861603
2025-11-21 01:27:20,7.017521494,-3.576326029,5.877871255
2025-11-21 01:27:30,7.080311367,-3.620544556,5.761998814
2025-11-21 01:27:40,6.957600382,-3.983919934,5.656745725
2025-11-21 01:27:50,7.567278698,-3.544461168,5.192604514
2025-11-21 01:28:00,7.461877755,-3.824364760,5.016718470
2025-11-21 01:28:10,7.109274341,-4.372190177,5.123925163
2025-11-21 01:28:20,7.327000100,-4.117271017,5.101742239
2025-11-21 01:28:30,7.043467771,-4.209323138,5.409848289
2025-11-21 01:28:40,6.848545424,-4.281606468,5.535054090
2025-11-21 01:28:50,6.682340583,-3.730354961,6.143570229
2025-11-21 01:29:00,6.781025734,-3.974064788,5.808497393
2025-11-21 01:29:10,7.104892032,-4.060637623,5.376565788
2025-11-21 01:29:20,7.475143422,-3.647352465,5.199592244
2025-11-21 01:29:30,7.982266065,-3.168835946,4.861189623
2025-11-21 01:29:40,7.745960662,-3.515762606,4.849852046
2025-11-21 01:29:50,7.734268169,-3.398806078,4.938883429
2025-11-21 01:30:00,7.427192650,-3.453252405,5.348344520
2025-11-21 01:30:10,7.700525589,-3.067413486,5.223761506
2025-11-21 01:30:20,7.536938647,-3.450767003,5.253477101
2025-11-21 01:30:30,7.226373084,-3.317580032,5.677673832
2025-11-21 01:30:40,7.195550685,-3.305421498,5.785045033
2025-11-21 01:30:50,7.156468680,-3.743044405,5.611922556
2025-11-21 01:31:00,7.466738673,-3.365195995,5.393792139
2025-11-21 01:31:10,7.847205743,-2.705444701,5.235250067
2025-11-21 01:31:20,7.775348099,-2.587211487,5.372960534
2025-11-21 01:31:30,7.880499012,-2.205602595,5.415644744
2025-11-21 01:31:40,7.967507295,-1.782249920,5.386425650
2025-11-21 01:31:50,7.869513076,-1.327211782,5.717914659
2025-11-21 01:32:00,8.253915671,-1.417168454,5.111288119
2025-11-21 01:32:10,8.111850152,-1.520884284,5.307241166
2025-11-21 01:32:20,7.716824511,-1.416012973,5.889716744
2025-11-21 01:32:30,7.724370848,-1.884363863,5.670560874
2025-11-21 01:32:40,7.691358245,-1.906218358,5.762104543
2025-11-21 01:32:50,8.000213980,-1.488274553,5.521367323
2025-11-21 01:33:00,8.042158895,-1.910054266,5.254173687
2025-11-21 01:33:10,8.347875806,-1.971642320,4.758934650
2025-11-21 01:33:20,8.370494252,-1.478316447,4.866889921
2025-11-21 01:33:30,8.372690598,-1.636452026,4.944955010
2025-11-21 01:33:40,8.334138684,-1.608899255,4.922036248
2025-11-21 01:33:50,8.561468859,-1.591617566,4.478916748
2025-11-21 01:34:00,8.770013388,-1.570270402,4.158615377
2025-11-21 01:34:10,8.868287255,-1.582068547,3.780590092
2025-11-21 01:34:20,8.762814969,-1.788184274,4.100265504
2025-11-21 01:34:30,8.580587206,-2.118164616,4.235442036
2025-11-21 01:34:40,8.673774255,-1.903656706,4.202553715
2025-11-21 01:34:50,8.727000923,-1.689588436,4.176417876
2025-11-21 01:35:00,8.865977437,-1.733508965,3.923712050
2025-11-21 01:35:10,8.735743786,-1.743794788,4.185847521
2025-11-21 01:35:20,8.994539104,-1.491044329,3.547602201
2025-11-21 01:35:30,8.999769040,-1.494308315,3.482246622
2025-11-21 01:35:40,9.108649587,-2.312872316,2.900598349
2025-11-21 01:35:50,9.093419569,-2.520252265,2.709697394
2025-11-21 01:36:00,9.077795984,-2.128606651,3.043683476
2025-11-21 01:36:10,9.127517617,-2.066791167,2.901193005
2025-11-21 01:36:20,9.106990062,-1.798613536,3.133097992
2025-11-21 01:36:30,9.118190123,-2.064710538,3.012707461
2025-11-21 01:36:40,9.094706500,-2.165336015,2.918416071
2025-11-21 01:36:50,9.051484416,-2.033450569,3.110953125
2025-11-21 01:37:00,9.302402253,-1.291815373,2.880456308
2025-11-21 01:37:10,9.219926333,-1.735541663,2.840878593
2025-11-21 01:37:20,8.966979220,-2.499210893,3.005928197
2025-11-21 01:37:30,8.882832604,-2.917085368,2.977803403
2025-11-21 01:37:40,8.975130285,-2.802674481,2.852108329
2025-11-21 01:37:50,8.710111327,-2.900075728,3.504481943
2025-11-21 01:38:00,8.805017108,-2.688547130,3.407807795
2025-11-21 01:38:10,8.790345469,-2.831014856,3.290511086
2025-11-21 01:38:20,8.794771043,-2.856927504,3.243733195
2025-11-21 01:38:30,8.762138676,-2.913418699,3.271006085
2025-11-21 01:38:40,8.896961425,-2.869301199,3.005636678
2025-11-21 01:38:50,8.945834812,-2.688154125,2.984667646
2025-11-21 01:39:00,8.907029657,-2.935581162,2.963591565
2025-11-21 01:39:10,8.806693065,-3.030407474,3.152972009
2025-11-21 01:39:20,8.897260880,-2.947840459,2.962520685
2025-11-21 01:39:30,8.967450032,-2.837705456,2.799967731
2025-11-21 01:39:40,9.006942717,-2.625992445,2.801882616
2025-11-21 01:39:50,9.038399057,-2.488863660,2.940074431
2025-11-21 01:40:00,9.060891599,-2.611297761,2.726334953
2025-11-21 01:40:10,9.211041325,-2.114975809,2.560563335
2025-11-21 01:40:20,9.341387158,-1.739781020,2.548794952
2025-11-21 01:40:30,9.243991023,-1.787986176,2.876551278
2025-11-21 01:40:40,9.139820328,-1.575288429,3.081685626
2025-11-21 01:40:50,9.235733956,-1.236166122,3.078766464
2025-11-21 01:41:00,9.153133949,-1.524057458,3.166715689
2025-11-21 01:41:10,9.155057988,-1.630470678,3.156260824
2025-11-21 01:41:20,9.067450447,-1.443891719,3.485566690
2025-11-21 01:41:30,9.094123018,-1.151781523,3.519730001
2025-11-21 01:41:40,9.163336544,-1.208091849,3.264913499
2025-11-21 01:41:50,9.200699576,-0.965150573,3.098722654
2025-11-21 01:42:00,9.209754650,-1.070082044,3.136869846
2025-11-21 01:42:10,9.284188322,-0.943306957,2.995739679
2025-11-21 01:42:20,9.128650082,-1.231497489,3.380947137
2025-11-21 01:42:30,9.261988799,-0.971371527,3.107055250
2025-11-21 01:42:40,9.306896471,-1.321660959,2.809433845
2025-11-21 01:42:50,9.139213984,-1.941004663,2.971612535
2025-11-21 01:43:00,9.149988779,-1.895850808,2.979437900
2025-11-21 01:43:10,9.219862792,-1.672974824,2.915992239
2025-11-21 01:43:20,9.314423792,-1.723267011,2.658291041
2025-11-21 01:43:30,9.334952236,-1.609648617,2.564294853
2025-11-21 01:43:40,9.327608845,-1.801330288,2.576885119
2025-11-21 01:43:50,9.221032523,-1.822617349,2.797372220
2025-11-21 01:44:00,9.250907092,-1.592688383,2.897906544
2025-11-21 01:44:10,9.203669079,-1.068145278,3.171945679
2025-11-21 01:44:20,9.141550091,-1.183217423,3.338755199
2025-11-21 01:44:30,9.228278245,-1.118797060,3.133385902
2025-11-21 01:44:40,9.193639240,-1.327699018,3.091200904
2025-11-21 01:44:50,9.281273899,-1.527113153,2.772760706
2025-11-21 01:45:00,9.228799350,-1.602364795,2.869464186
2025-11-21 01:45:10,9.218845589,-1.364308379,3.027829877
2025-11-21 01:45:20,9.140562294,-1.588549293,3.121859471
2025-11-21 01:45:30,9.135374400,-1.700162729,3.159563801
2025-11-21 01:45:40,9.195949503,-1.732971891,3.010946071
2025-11-21 01:45:50,9.064857147,-1.796007004,3.229434246
2025-11-21 01:46:00,9.007233125,-2.269650263,3.121781330
2025-11-21 01:46:10,8.884094652,-2.350180054,3.294409972
2025-11-21 01:46:20,8.897519531,-2.554859884,3.202248421
2025-11-21 01:46:30,8.715381563,-2.785848482,3.494915796
2025-11-21 01:46:40,8.733907913,-2.815411011,3.435995172
2025-11-21 01:46:50,8.678013260,-3.003033935,3.491099431
2025-11-21 01:47:00,8.901216618,-2.596717887,3.348452677
2025-11-21 01:47:10,8.840102027,-2.672696424,3.250525661
2025-11-21 01:47:20,8.933861564,-2.383367576,3.206272751
2025-11-21 01:47:30,9.026478652,-2.303613900,3.035946202
2025-11-21 01:47:40,9.071754550,-2.183234065,3.020600805
2025-11-21 01:47:50,9.006867757,-2.610900403,2.956043499
2025-11-21 01:48:00,8.941144656,-2.561995743,3.078707809
2025-11-21 01:48:10,8.868518103,-2.748524394,3.121562248
2025-11-21 01:48:20,8.855394499,-2.757163688,3.259515644
2025-11-21 01:48:30,8.778075768,-2.918807660,3.285188993
2025-11-21 01:48:40,8.751624561,-2.965435362,3.243254815
2025-11-21 01:48:50,8.555956021,-3.034516659,3.685982329
2025-11-21 01:49:00,8.638839088,-3.010552436,3.555874097
2025-11-21 01:49:10,8.454817826,-3.179482462,3.806817866
2025-11-21 01:49:20,8.528164532,-3.147805112,3.738791790
2025-11-21 01:49:30,8.599222458,-3.088275738,3.556123719
2025-11-21 01:49:40,8.777576287,-2.855000346,3.376780574
2025-11-21 01:49:50,8.754948227,-2.688157403,3.434944668
2025-11-21 01:50:00,8.687403399,-2.830251554,3.564824776
2025-11-21 01:50:10,8.694642673,-2.747248645,3.604602045
2025-11-21 01:50:20,8.865366706,-2.202358490,3.502325136
2025-11-21 01:50:30,8.731262447,-2.666998802,3.520537112
2025-11-21 01:50:40,8.980000788,-2.440249239,3.177400308
2025-11-21 01:50:50,8.827736136,-2.654201006,3.361156847
2025-11-21 01:51:00,8.957041817,-2.405941168,3.151734178
2025-11-21 01:51:10,8.841661002,-2.570594326,3.253382986
2025-11-21 01:51:20,9.042919986,-2.424942762,2.919608171
2025-11-21 01:51:30,9.063721685,-2.449945845,2.863065829
2025-11-21 01:51:40,9.097068908,-2.452484666,2.734320307
2025-11-21 01:51:50,9.165144389,-2.683227970,2.417589463
2025-11-21 01:52:00,9.116091914,-2.546922599,2.541643011
2025-11-21 01:52:10,8.996591518,-2.850463081,2.629905927
2025-11-21 01:52:20,9.101233488,-2.677827709,2.520603003
2025-11-21 01:52:30,9.171279666,-2.435150832,2.384027080
2025-11-21 01:52:40,9.216933500,-2.361180268,2.420362707
2025-11-21 01:52:50,9.136353775,-2.657262321,2.361207847
2025-11-21 01:53:00,9.104746949,-2.751215255,2.420686225
2025-11-21 01:53:10,9.104007171,-2.742650454,2.468159687
2025-11-21 01:53:20,9.119018480,-2.666284322,2.402621401
2025-11-21 01:53:30,9.116170213,-2.750040805,2.308086343
2025-11-21 01:53:40,9.110752759,-2.662604499,2.626246387
2025-11-21 01:53:50,9.017065559,-2.542382649,2.827478021
2025-11-21 01:54:00,8.915601306,-2.647919368,3.114339335
2025-11-21 01:54:10,8.986208902,-2.576311458,3.019019372
2025-11-21 01:54:20,9.065739056,-2.521684942,2.839476717
2025-11-21 01:54:30,8.915481200,-2.716085880,3.054118862
2025-11-21 01:54:40,8.947305149,-2.437258376,3.087214441
2025-11-21 01:54:50,8.905562556,-2.453375718,3.318547697
2025-11-21 01:55:00,8.878551908,-2.536473020,3.251348702
2025-11-21 01:55:10,8.946675079,-2.803547845,2.851651175
2025-11-21 01:55:20,9.020278707,-2.776412732,2.631567061
2025-11-21 01:55:30,9.049039631,-2.584259857,2.726779615
2025-11-21 01:55:40,8.987327007,-2.434625634,2.981912111
2025-11-21 01:55:50,9.014896417,-2.271282135,3.144101547
2025-11-21 01:56:00,9.091084112,-1.828963479,3.199055743
2025-11-21 01:56:10,9.008110502,-2.106917610,3.253741110
2025-11-21 01:56:20,8.922053034,-1.858552003,3.566712542
2025-11-21 01:56:30,9.092543610,-1.690777961,3.385935387
2025-11-21 01:56:40,8.988177907,-1.545708056,3.620428894
2025-11-21 01:56:50,9.011359552,-1.164863472,3.707645752
2025-11-21 01:57:00,8.862558015,-1.346322903,3.959356059
2025-11-21 01:57:10,8.939213993,-0.698071143,3.938622332
2025-11-21 01:57:20,9.034339726,-0.756492502,3.813321701
2025-11-21 01:57:30,8.969404617,-0.559440934,3.953936257
2025-11-21 01:57:40,9.092898795,-0.650454186,3.647286801
2025-11-21 01:57:50,9.149341395,-0.600980696,3.459004934
2025-11-21 01:58:00,9.068637521,-0.691948561,3.630076005
2025-11-21 01:58:10,9.085852495,-0.798158794,3.582229236
2025-11-21 01:58:20,9.069706230,-0.833905708,3.612443448
2025-11-21 01:58:30,9.180135521,-0.963720660,3.397868036
2025-11-21 01:58:40,9.240289697,-1.100112363,3.141654594
2025-11-21 01:58:50,9.192021970,-1.092566137,3.204187274
2025-11-21 01:59:00,9.100020204,-1.453779652,3.340894609
2025-11-21 01:59:10,9.105122716,-1.335993014,3.435293904
2025-11-21 01:59:20,8.925167415,-1.351434299,3.897200746
2025-11-21 01:59:30,8.971738022,-0.901731810,3.782299286
2025-11-21 01:59:40,9.092372961,-0.953425035,3.528521562
2025-11-21 01:59:50,9.052977877,-1.135498048,3.548681688
2025-11-21 02:00:00,9.105153171,-1.031576135,3.459404675
2025-11-21 02:00:10,9.001799680,-1.024685036,3.717119567
2025-11-21 02:00:20,8.896478196,-0.910268343,3.958349980
2025-11-21 02:00:30,8.974509690,-1.000725250,3.849553926
2025-11-21 02:00:40,9.006164382,-1.008499707,3.859121723
2025-11-21 02:00:50,9.026768915,-0.641336128,3.727446613
2025-11-21 02:01:00,9.055571493,-0.914302022,3.726251973
2025-11-21 02:01:10,8.933854687,-1.085626724,3.854907273
2025-11-21 02:01:20,8.784014876,-1.161946455,4.107680636
2025-11-21 02:01:30,8.626893797,-1.012529882,4.535685762
2025-11-21 02:01:40,8.645164947,-1.233472879,4.463230046
2025-11-21 02:01:50,8.508501989,-1.384086711,4.640091742
2025-11-21 02:02:00,8.697066165,-1.650780029,4.232088675
2025-11-21 02:02:10,8.661271629,-1.825567793,4.264458013
2025-11-21 02:02:20,8.589989990,-2.085685008,4.207804064
2025-11-21 02:02:30,8.745171019,-1.847427917,3.999209711
2025-11-21 02:02:40,8.965626451,-1.669077077,3.729126272
2025-11-21 02:02:50,8.941495754,-1.566206473,3.722895446
2025-11-21 02:03:00,8.933425338,-1.870419289,3.627486188
2025-11-21 02:03:10,8.895261368,-1.550852744,3.854965529
2025-11-21 02:03:20,8.951442566,-1.386581327,3.782395019
2025-11-21 02:03:30,8.801483463,-1.371568346,4.043318098
2025-11-21 02:03:40,8.699733222,-1.691381697,4.184930929
2025-11-21 02:03:50,8.683630961,-1.728439183,4.153644235
2025-11-21 02:04:00,8.644036528,-1.765208986,4.275246501
2025-11-21 02:04:10,8.599216483,-1.806194896,4.355408643
2025-11-21 02:04:20,8.572467709,-1.742185317,4.479469084
2025-11-21 02:04:30,8.641083450,-1.389526052,4.363479131
2025-11-21 02:04:40,8.595767610,-1.513095643,4.457661458
2025-11-21 02:04:50,8.614558639,-1.430417880,4.484849178
2025-11-21 02:05:00,8.781468891,-1.664503745,4.146320967
2025-11-21 02:05:10,8.778545586,-1.403289445,4.119015843
2025-11-21 02:05:20,8.794323829,-1.552360432,4.071119939
2025-11-21 02:05:30,8.733917788,-1.764794893,4.150937554
2025-11-21 02:05:40,8.664209565,-1.611692086,4.318154658
2025-11-21 02:05:50,8.663374321,-1.762922736,4.188063968
2025-11-21 02:06:00,8.550438605,-1.721322633,4.505662031
2025-11-21 02:06:10,8.592289791,-1.649430656,4.480206041
2025-11-21 02:06:20,8.493844236,-1.356178099,4.669049754
2025-11-21 02:06:30,8.544468542,-1.457051937,4.620077178
2025-11-21 02:06:40,8.519632851,-1.247745589,4.713623289
2025-11-21 02:06:50,8.494643250,-1.230507696,4.813798439
2025-11-21 02:07:00,8.446071471,-1.360427131,4.772671021
2025-11-21 02:07:10,8.466452229,-1.448558812,4.755132116
2025-11-21 02:07:20,8.103981412,-1.545957711,5.292323265
2025-11-21 02:07:30,8.227517749,-1.524190627,5.117588655
2025-11-21 02:07:40,8.004371332,-1.379434270,5.430980879
2025-11-21 02:07:50,8.230825226,-0.932301448,5.297737635
2025-11-21 02:08:00,8.287413602,-0.915321972,5.190979607
2025-11-21 02:08:10,8.052394990,-0.777660398,5.543211235
2025-11-21 02:08:20,8.171798611,-0.635932109,5.345590809
2025-11-21 02:08:30,8.205691453,-0.972984271,5.318542427
2025-11-21 02:08:40,8.368323598,-0.819314091,5.070601483
2025-11-21 02:08:50,8.386809807,-0.757389912,5.028408213
2025-11-21 02:09:00,8.243244455,-0.960621000,5.197686715
2025-11-21 02:09:10,8.000533213,-1.093997403,5.539696697
2025-11-21 02:09:20,8.243387845,-0.950679328,5.219687499
2025-11-21 02:09:30,8.184771392,-1.077515207,5.268676901
2025-11-21 02:09:40,8.245618573,-0.999373979,5.183010388
2025-11-21 02:09:50,8.347258721,-0.652794998,5.107878888
2025-11-21 02:10:00,8.326650851,-0.816723453,5.159950170
2025-11-21 02:10:10,8.341912952,-0.850686322,5.095188433
2025-11-21 02:10:20,8.304445630,-0.930073844,5.161050752
2025-11-21 02:10:30,8.187129160,-1.010692714,5.312174097
2025-11-21 02:10:40,8.068175384,-0.992670725,5.450387416
2025-11-21 02:10:50,8.109351794,-1.137525839,5.484967793
2025-11-21 02:11:00,7.931601377,-1.113999909,5.691415569
2025-11-21 02:11:10,8.136141584,-0.785028470,5.432194703
2025-11-21 02:11:20,8.359535726,-0.876255051,5.022075323
2025-11-21 02:11:30,8.250371302,-0.617318439,5.281992641
2025-11-21 02:11:40,8.495941669,-0.734302654,4.849590668
2025-11-21 02:11:50,8.648146415,-0.580333239,4.496683401
2025-11-21 02:12:00,8.557569586,-0.711207014,4.662279532
2025-11-21 02:12:10,8.563107939,-0.600802266,4.796596686
2025-11-21 02:12:20,8.475993337,-0.599157949,4.911407648
2025-11-21 02:12:30,8.689204570,-0.664069655,4.570942993
2025-11-21 02:12:40,8.630494926,-0.562618885,4.649987369
2025-11-21 02:12:50,8.718192083,-0.615847307,4.469780549
2025-11-21 02:13:00,8.735712431,-0.603722908,4.428258321
2025-11-21 02:13:10,8.915892456,-0.715275478,4.010550637
2025-11-21 02:13:20,9.037141066,-0.777957495,3.738730916
2025-11-21 02:13:30,9.064689910,-1.048434697,3.570159912
2025-11-21 02:13:40,9.307902156,-1.336547017,2.845719475
2025-11-21 02:13:50,9.277080610,-1.426100175,2.784054036
2025-11-21 02:14:00,9.170576930,-1.558306522,3.062050258
2025-11-21 02:14:10,9.228468437,-1.507589275,3.107531896
2025-11-21 02:14:20,9.256668178,-1.615848364,2.976428247
2025-11-21 02:14:30,9.153067315,-1.608550029,3.142962824
2025-11-21 02:14:40,9.218551014,-1.664517161,2.922966530
2025-11-21 02:14:50,9.238395319,-1.556682053,2.953074325
2025-11-21 02:15:00,9.064952090,-1.926964410,3.121843877
2025-11-21 02:15:10,9.172180958,-2.510293638,2.406985578
2025-11-21 02:15:20,9.250643232,-2.324353767,2.231064701
2025-11-21 02:15:30,9.123919252,-2.650980114,2.351826192
2025-11-21 02:15:40,9.190552552,-2.558596990,2.304895644
2025-11-21 02:15:50,9.172913064,-2.587763092,2.190702115
2025-11-21 02:16:00,9.163991639,-2.676517173,2.342016794
2025-11-21 02:16:10,9.041512818,-3.049338613,2.214648801
2025-11-21 02:16:20,9.018452322,-3.159912342,2.283815956
2025-11-21 02:16:30,9.072621104,-2.821878588,2.445152052
2025-11-21 02:16:40,9.212266765,-2.654525896,2.181401621
2025-11-21 02:16:50,9.108410130,-2.996761664,1.822820890
2025-11-21 02:17:00,9.129457872,-2.869128018,2.029481359
2025-11-21 02:17:10,9.216884646,-2.626058212,2.010276693
2025-11-21 02:17:20,9.261434131,-2.496094184,2.095039449
2025-11-21 02:17:30,9.191133397,-2.362436091,2.449872757
2025-11-21 02:17:40,9.289824047,-2.167362519,2.282050603
2025-11-21 02:17:50,9.348724320,-1.986192643,2.234615572
2025-11-21 02:18:00,9.277485682,-1.964264133,2.450730979
2025-11-21 02:18:10,9.369555395,-2.010084260,2.123512234
2025-11-21 02:18:20,9.374662321,-1.889302209,2.226414914
2025-11-21 02:18:30,9.242972408,-1.774366523,2.735971703
2025-11-21 02:18:40,9.112701987,-1.902777294,3.019480556
2025-11-21 02:18:50,9.169455229,-1.973800712,2.860147895
2025-11-21 02:19:00,9.121747595,-2.040044880,2.990383178
2025-11-21 02:19:10,9.188635231,-1.764069079,2.926361702
2025-11-21 02:19:20,9.148435488,-2.070849468,2.919378074
2025-11-21 02:19:30,9.014176419,-2.611548661,2.934863387
2025-11-21 02:19:40,9.031418479,-2.650250283,2.826787836
2025-11-21 02:19:50,8.892457162,-2.555143136,3.260079108
2025-11-21 02:20:00,8.838405334,-2.479822685,3.423322396
2025-11-21 02:20:10,8.918825176,-2.568510070,3.339055811
2025-11-21 02:20:20,8.758605025,-2.833664839,3.414360019
2025-11-21 02:20:30,8.780690360,-2.316846989,3.765617078
2025-11-21 02:20:40,8.632416611,-2.427708636,3.981319909
2025-11-21 02:20:50,8.651120607,-2.570053837,3.735407196
2025-11-21 02:21:00,8.819787403,-2.310933374,3.573194608
2025-11-21 02:21:10,8.793349731,-1.925265018,3.930405278
2025-11-21 02:21:20,8.813228470,-1.898035137,3.918590245
2025-11-21 02:21:30,9.030136204,-1.785268025,3.417613390
2025-11-21 02:21:40,9.182445377,-1.531450864,3.072643952
2025-11-21 02:21:50,9.204945536,-1.592226686,2.942737506
2025-11-21 02:22:00,9.249051485,-1.676435425,2.762842165
2025-11-21 02:22:10,9.317292604,-1.370607787,2.834402652
2025-11-21 02:22:20,9.283045077,-1.713005204,2.646920295
2025-11-21 02:22:30,9.248964485,-1.355410540,2.989407552
2025-11-21 02:22:40,9.251436375,-1.195521829,3.132759006
2025-11-21 02:22:50,9.199377309,-1.641221969,3.018605068
2025-11-21 02:23:00,9.170579574,-1.801041923,2.938001692
2025-11-21 02:23:10,8.906832045,-2.271205874,3.475289972
2025-11-21 02:23:20,8.796151594,-2.127546322,3.753862612
2025-11-21 02:23:30,8.810899309,-2.238862392,3.700140894
2025-11-21 02:23:40,8.639796337,-2.664655466,3.770779608
2025-11-21 02:23:50,8.224318055,-3.265282155,4.228712675
2025-11-21 02:24:00,8.173123017,-3.074025932,4.417991301
2025-11-21 02:24:10,8.160237028,-3.196553047,4.454201223
2025-11-21 02:24:20,8.421637682,-2.755862753,4.194716917
2025-11-21 02:24:30,8.390223708,-2.614880342,4.315161571
2025-11-21 02:24:40,8.214851790,-2.900172279,4.444169443
2025-11-21 02:24:50,8.438255492,-3.298342296,3.731464867
2025-11-21 02:25:00,8.518538946,-3.321088443,3.662551868
2025-11-21 02:25:10,8.224831917,-3.718136275,3.764237380
2025-11-21 02:25:20,8.007149612,-3.881864256,4.116044221
2025-11-21 02:25:30,8.377325380,-3.436111840,3.778852675
2025-11-21 02:25:40,8.110339059,-3.778832619,4.037583629
2025-11-21 02:25:50,8.126373892,-4.431830158,3.283942212
2025-11-21 02:26:00,8.041755713,-4.499740207,3.315994144
2025-11-21 02:26:10,8.017407579,-4.642104552,3.263682908
2025-11-21 02:26:20,8.248590935,-4.420789089,2.933155498
2025-11-21 02:26:30,8.250240506,-4.369357760,2.955763119
2025-11-21 02:26:40,8.229052408,-4.247661453,3.115494186
2025-11-21 02:26:50,8.161391690,-4.543503123,2.955427127
2025-11-21 02:27:00,8.110217547,-4.593148629,3.096756909
2025-11-21 02:27:10,8.045555744,-4.589007601,3.256880911
2025-11-21 02:27:20,7.703633049,-5.298181787,2.974982945
2025-11-21 02:27:30,7.873599295,-4.964597417,3.086562218
2025-11-21 02:27:40,7.552112567,-5.293419345,3.367292170
2025-11-21 02:27:50,7.537007560,-5.446856070,3.155882871
2025-11-21 02:28:00,7.741473682,-5.522545538,2.365700510
2025-11-21 02:28:10,7.682017668,-5.504811719,2.596328070
2025-11-21 02:28:20,7.546745573,-5.907159027,2.202355976
2025-11-21 02:28:30,7.586957711,-5.692205967,2.508536928
2025-11-21 02:28:40,7.611778849,-5.656705165,2.532018762
2025-11-21 02:28:50,7.447025652,-5.773999254,2.693263902
2025-11-21 02:29:00,7.374691183,-5.799534759,2.775671568
2025-11-21 02:29:10,7.503050346,-5.537663570,3.024813945
2025-11-21 02:29:20,7.240457391,-5.920153099,2.928381099
2025-11-21 02:29:30,7.486444323,-5.723753591,2.714007993
2025-11-21 02:29:40,7.116903765,-5.970166725,3.106763681
2025-11-21 02:29:50,7.455540685,-5.699660394,2.874732615
2025-11-21 02:30:00,7.271348955,-5.782115359,3.026574942
2025-11-21 02:30:10,7.489466638,-5.720941843,2.837383806
2025-11-21 02:30:20,7.513762964,-5.629770115,2.955650907
2025-11-21 02:30:30,7.514507907,-5.614113670,2.917567448
2025-11-21 02:30:40,7.580168537,-5.366316338,3.079581580
2025-11-21 02:30:50,7.528816392,-5.473258570,3.049732370
2025-11-21 02:31:00,7.536920312,-5.461779388,3.134401690
2025-11-21 02:31:10,7.338104580,-5.535752960,3.479313826
2025-11-21 02:31:20,7.087482741,-5.831508328,3.486958312
2025-11-21 02:31:30,6.922141996,-5.892165574,3.643168279
2025-11-21 02:31:40,6.843869863,-5.948408783,3.773766735
2025-11-21 02:31:50,6.702971899,-5.785415340,4.218785316
2025-11-21 02:32:00,6.829097688,-5.687706942,4.103213918
2025-11-21 02:32:10,6.845148608,-5.797191915,3.993082910
2025-11-21 02:32:20,7.126228511,-5.525163672,3.852674936
2025-11-21 02:32:30,6.778114071,-5.918521520,3.919362342
2025-11-21 02:32:40,6.886459240,-5.715556918,4.043026235
2025-11-21 02:32:50,7.088452624,-5.442247379,3.926173381
2025-11-21 02:33:00,7.228970159,-5.362325420,3.954609964
2025-11-21 02:33:10,7.144692891,-5.352199643,4.089427164
2025-11-21 02:33:20,7.098729595,-5.421880778,4.018150118
2025-11-21 02:33:30,6.936535257,-5.486938516,4.213760276
2025-11-21 02:33:40,6.674561023,-5.712993869,4.331147434
2025-11-21 02:33:50,6.710324259,-5.676378763,4.363492036
2025-11-21 02:34:00,6.705129091,-5.541036908,4.476764895
2025-11-21 02:34:10,6.846609190,-5.412498157,4.485483419
2025-11-21 02:34:20,6.902984245,-5.389099258,4.392419456
2025-11-21 02:34:30,6.884203875,-5.266474390,4.565451697
2025-11-21 02:34:40,7.051089608,-5.206804902,4.424510532
2025-11-21 02:34:50,7.104940175,-5.077238554,4.419127283
2025-11-21 02:35:00,7.276355067,-5.030866548,4.213287068
2025-11-21 02:35:10,7.330609733,-5.065502321,4.107326177
2025-11-21 02:35:20,7.384130049,-4.971199455,4.198276205
2025-11-21 02:35:30,7.468944903,-4.889931521,3.979060810
2025-11-21 02:35:40,7.441583349,-5.089238883,3.854370904
2025-11-21 02:35:50,7.344623958,-5.171236794,3.912947416
2025-11-21 02:36:00,7.368416115,-5.199791549,3.886225109
2025-11-21 02:36:10,7.337138713,-5.378715701,3.637135421
2025-11-21 02:36:20,7.297305257,-5.545332883,3.453626789
2025-11-21 02:36:30,7.318427947,-5.306704859,3.753013620
2025-11-21 02:36:40,7.415292928,-5.103501961,3.886289551
2025-11-21 02:36:50,7.553859650,-4.899032968,3.860364851
2025-11-21 02:37:00,7.602209736,-5.002723454,3.661534888
2025-11-21 02:37:10,7.671553638,-5.014190991,3.425812295
2025-11-21 02:37:20,7.792212005,-4.716537720,3.567430759
2025-11-21 02:37:30,7.810513820,-4.749071741,3.506040533
2025-11-21 02:37:40,7.731251092,-4.952398091,3.419549908
2025-11-21 02:37:50,7.558654104,-5.111736468,3.550175485
2025-11-21 02:38:00,7.470825563,-5.041393925,3.841812324
2025-11-21 02:38:10,7.590937305,-4.654530321,4.108428263
2025-11-21 02:38:20,7.353056640,-4.858581700,4.198586441
2025-11-21 02:38:30,7.310489554,-5.075839672,4.180593133
2025-11-21 02:38:40,7.262045864,-4.898505831,4.442928163
2025-11-21 02:38:50,6.987879169,-5.118436232,4.599263316
2025-11-21 02:39:00,6.799771438,-5.199541664,4.728944914
2025-11-21 02:39:10,6.789688128,-5.215330740,4.867777934
2025-11-21 02:39:20,6.866315818,-5.027812206,4.894633580
2025-11-21 02:39:30,6.801480656,-4.952297019,5.044244065
2025-11-21 02:39:40,6.817035686,-4.827014116,5.126616089
2025-11-21 02:39:50,6.935862545,-4.790161140,5.015179898
2025-11-21 02:40:00,6.902988717,-4.803936222,5.053552396
2025-11-21 02:40:10,7.101965571,-4.677378950,4.831782604
2025-11-21 02:40:20,7.218740198,-4.479639994,4.915538535
2025-11-21 02:40:30,7.367678663,-4.404695846,4.802839499
2025-11-21 02:40:40,7.359844634,-4.280201498,4.855280518
2025-11-21 02:40:50,7.517819229,-4.248936388,4.695069223
2025-11-21 02:41:00,7.532670298,-4.225629126,4.720582313
2025-11-21 02:41:10,7.643624476,-4.273267378,4.442240469
2025-11-21 02:41:20,7.519551227,-4.619935659,4.292761763
2025-11-21 02:41:30,7.611365286,-4.648420410,4.152570788
2025-11-21 02:41:40,7.532543262,-4.681511823,4.187127683
2025-11-21 02:41:50,7.479992007,-4.753516076,4.153015696
2025-11-21 02:42:00,7.474909636,-4.868400160,4.114474104
2025-11-21 02:42:10,7.353485866,-5.008760137,4.170528394
2025-11-21 02:42:20,7.262985420,-5.080349461,4.196232403
2025-11-21 02:42:30,7.061387980,-5.200712457,4.371421952
2025-11-21 02:42:40,7.193685270,-4.939647984,4.388055584
2025-11-21 02:42:50,7.029114036,-4.923774033,4.693356917
2025-11-21 02:43:00,7.024670175,-4.981686652,4.739608192
2025-11-21 02:43:10,7.036309242,-4.738364772,4.928671015
2025-11-21 02:43:20,7.042114197,-4.520268254,5.057836891
2025-11-21 02:43:30,7.202509659,-4.509373685,4.981404994
2025-11-21 02:43:40,7.241667884,-4.402568160,4.937941109
2025-11-21 02:43:50,7.370167216,-4.286000754,4.848649823
2025-11-21 02:44:00,7.458565574,-4.251272949,4.744703968
2025-11-21 02:44:10,7.703997776,-4.009260606,4.575714876
2025-11-21 02:44:20,7.653486990,-4.192771048,4.487125767
2025-11-21 02:44:30,7.691032052,-4.178407347,4.393157789
2025-11-21 02:44:40,7.568673583,-4.321798798,4.483595739
2025-11-21 02:44:50,7.525954508,-4.355934199,4.452515030
2025-11-21 02:45:00,7.656808633,-4.232370445,4.406995703
2025-11-21 02:45:10,7.688313813,-4.421034192,4.219385522
2025-11-21 02:45:20,7.681262826,-4.551519925,4.064368795
2025-11-21 02:45:30,7.656187718,-4.737416184,3.829027874
2025-11-21 02:45:40,7.623171918,-4.856312093,3.862748631
2025-11-21 02:45:50,7.611346450,-4.871674349,3.871370262
2025-11-21 02:46:00,7.591613272,-5.103069260,3.528001646
2025-11-21 02:46:10,7.601064180,-5.151841662,3.483192280
2025-11-21 02:46:20,7.560031063,-5.209489664,3.481611335
2025-11-21 02:46:30,7.353219601,-5.374647080,3.631611537
2025-11-21 02:46:40,7.496024494,-5.325454942,3.579234020
2025-11-21 02:46:50,7.309661915,-5.363825488,3.718911973
2025-11-21 02:47:00,7.071179789,-5.643412534,3.764141845
2025-11-21 02:47:10,7.138089102,-5.487250408,3.910314908
2025-11-21 02:47:20,7.114766216,-5.462743352,3.885278940
2025-11-21 02:47:30,7.306322261,-5.247222476,3.873766511
2025-11-21 02:47:40,7.303251133,-5.314830447,3.849737139
2025-11-21 02:47:50,7.148777378,-5.326599011,4.065794800
2025-11-21 02:48:00,7.322064216,-5.073237366,4.131012063
2025-11-21 02:48:10,7.310939095,-5.039857764,4.141947876
2025-11-21 02:48:20,7.273445778,-4.938487346,4.320145217
2025-11-21 02:48:30,7.245768861,-4.808103829,4.526190721
2025-11-21 02:48:40,7.238811552,-4.952128345,4.357690568
2025-11-21 02:48:50,7.327329541,-4.895229553,4.305624904
2025-11-21 02:49:00,7.208117252,-5.171528160,4.252345678
2025-11-21 02:49:10,7.096747762,-4.921377999,4.669628000
2025-11-21 02:49:20,7.125476704,-4.988066478,4.676492898
2025-11-21 02:49:30,6.989039522,-4.789881077,4.912435647
2025-11-21 02:49:40,6.951051220,-4.941041135,4.860539883
2025-11-21 02:49:50,7.025552573,-4.820435652,4.733309014
2025-11-21 02:50:00,7.031254174,-4.947879355,4.764936713
2025-11-21 02:50:10,7.093450450,-4.864366719,4.698444389
2025-11-21 02:50:20,7.349321761,-4.590008156,4.625910077
2025-11-21 02:50:30,7.368497573,-4.716559000,4.472940813
2025-11-21 02:50:40,7.167369294,-4.846232444,4.584546608
2025-11-21 02:50:50,6.987655656,-5.102000299,4.562333027
2025-11-21 02:51:00,7.086418764,-4.966708900,4.618988339
2025-11-21 02:51:10,7.074361729,-4.961355127,4.553936816
2025-11-21 02:51:20,6.935874585,-5.075995592,4.694747686
2025-11-21 02:51:30,6.685041411,-5.126463032,5.059460694
2025-11-21 02:51:40,6.807173499,-5.020578530,4.973256458
2025-11-21 02:51:50,6.866503917,-4.904265484,4.935408967
2025-11-21 02:52:00,6.940550392,-4.896484597,4.891619135
2025-11-21 02:52:10,6.778215166,-4.977152248,5.003655680
2025-11-21 02:52:20,6.578748978,-5.312734217,4.977218407
2025-11-21 02:52:30,6.731312892,-5.212468040,4.845663793
2025-11-21 02:52:40,6.771864250,-5.297307835,4.753293203
2025-11-21 02:52:50,6.570252167,-5.414293741,4.806663362
2025-11-21 02:53:00,6.630451043,-5.398369334,4.796663106
2025-11-21 02:53:10,6.430401720,-5.626571571,4.822240598
2025-11-21 02:53:20,6.292781500,-5.923748281,4.644087313
2025-11-21 02:53:30,6.259741515,-6.077985513,4.480571745
2025-11-21 02:53:40,6.377028006,-5.882624016,4.616027631
2025-11-21 02:53:50,6.309190743,-6.016004554,4.489663513
2025-11-21 02:54:00,6.491926242,-6.064118798,4.225960594
2025-11-21 02:54:10,6.362078858,-6.275979513,4.056880011
2025-11-21 02:54:20,6.417376240,-6.295028720,3.843276782
2025-11-21 02:54:30,6.392126725,-6.309966957,3.960898818
2025-11-21 02:54:40,6.477050031,-6.153648675,4.108812887
2025-11-21 02:54:50,6.512444965,-6.097215933,4.082035574
2025-11-21 02:55:00,6.578547362,-6.080354129,3.976815733
2025-11-21 02:55:10,6.358467319,-6.193326086,4.128264059
2025-11-21 02:55:20,6.265486916,-6.149464038,4.415326126
2025-11-21 02:55:30,6.253116953,-6.422426157,4.002088680
2025-11-21 02:55:40,6.375946347,-6.271603640,4.078555741
2025-11-21 02:55:50,6.423451240,-6.120637642,4.172463720
2025-11-21 02:56:00,6.376446390,-6.177935838,4.118996132
2025-11-21 02:56:10,6.132545402,-6.362307890,4.247672216
2025-11-21 02:56:20,6.074679788,-6.317607063,4.346329300
2025-11-21 02:56:30,6.098382227,-6.148324946,4.574366801
2025-11-21 02:56:40,6.158989592,-6.196278569,4.453934497
2025-11-21 02:56:50,5.981608038,-6.329813413,4.521262858
2025-11-21 02:57:00,5.768315586,-6.455545375,4.620438458
2025-11-21 02:57:10,5.938076214,-6.325622384,4.552810462
2025-11-21 02:57:20,5.715957435,-6.487732616,4.596092333
2025-11-21 02:57:30,5.782768372,-6.453691448,4.557639700
2025-11-21 02:57:40,5.799030763,-6.495050746,4.477360321
2025-11-21 02:57:50,5.840919988,-6.493127386,4.458590730
2025-11-21 02:58:00,5.796472729,-6.607853441,4.329195374
2025-11-21 02:58:10,5.861367074,-6.449054493,4.533379465
2025-11-21 02:58:20,5.802490762,-6.464326008,4.589386184
2025-11-21 02:58:30,5.476483981,-6.657490926,4.761767926
2025-11-21 02:58:40,5.333595907,-6.942468398,4.467960156
2025-11-21 02:58:50,5.204829345,-6.929732767,4.585133647
2025-11-21 02:59:00,4.966325382,-7.165212335,4.528861517
2025-11-21 02:59:10,5.114054762,-6.958017461,4.658186381
2025-11-21 02:59:20,5.070397980,-7.017425309,4.657625167
2025-11-21 02:59:30,5.169923158,-6.897464460,4.714289204
2025-11-21 02:59:40,5.300546534,-6.727690980,4.816355016
2025-11-21 02:59:50,5.234492476,-6.658466966,5.005136861
2025-11-21 03:00:00,5.338587817,-6.394305738,5.087829911
2025-11-21 03:00:10,5.475974316,-6.365992752,5.124330665
2025-11-21 03:00:20,5.319132747,-6.445873420,5.150803035
2025-11-21 03:00:30,5.288516258,-6.630943531,4.903590708
2025-11-21 03:00:40,5.326962889,-6.639014232,4.895888246
2025-11-21 03:00:50,5.349057327,-6.388503915,5.177793464
2025-11-21 03:01:00,5.324732713,-6.545126922,4.957160689
2025-11-21 03:01:10,5.145674012,-6.642731519,5.070237061
2025-11-21 03:01:20,5.122305108,-6.724641229,4.985873603
2025-11-21 03:01:30,5.177345728,-6.628674584,4.993675908
2025-11-21 03:01:40,5.193190003,-6.878811588,4.767930101
2025-11-21 03:01:50,5.207813174,-6.743308853,4.854471413
2025-11-21 03:02:00,5.286731525,-6.620058270,4.932866595
2025-11-21 03:02:10,5.103492159,-6.657710686,5.027781379
2025-11-21 03:02:20,4.955270429,-6.732997384,5.186054920
2025-11-21 03:02:30,5.096613658,-6.705591374,5.031966004
2025-11-21 03:02:40,5.189106381,-6.788240543,4.816880429
2025-11-21 03:02:50,5.106727645,-6.948149026,4.738553507
2025-11-21 03:03:00,4.878215016,-7.169957615,4.605997719
2025-11-21 03:03:10,4.855648895,-7.254370388,4.442892013
2025-11-21 03:03:20,4.633358150,-7.310593673,4.610866347
2025-11-21 03:03:30,4.543792981,-7.463739128,4.454655086
2025-11-21 03:03:40,4.545377268,-7.452361494,4.428468355
2025-11-21 03:03:50,4.678672628,-7.291100162,4.594963398
2025-11-21 03:04:00,4.851991160,-7.348938877,4.328827720
2025-11-21 03:04:10,4.907465687,-7.412395043,4.186257652
2025-11-21 03:04:20,4.895166300,-7.396792385,4.157167943
2025-11-21 03:04:30,4.837094572,-7.481531170,4.143244576
2025-11-21 03:04:40,4.821266685,-7.599589396,3.932658310
2025-11-21 03:04:50,4.859221574,-7.653548177,3.691349876
2025-11-21 03:05:00,4.536288492,-7.840600378,3.798490802
2025-11-21 03:05:10,4.868761069,-7.683839701,3.613884863
2025-11-21 03:05:20,4.767403649,-7.721625798,3.706436083
2025-11-21 03:05:30,4.864724584,-7.731661251,3.630389368
2025-11-21 03:05:40,4.693533403,-7.825542663,3.598087306
2025-11-21 03:05:50,4.783174146,-7.891381777,3.363045673
2025-11-21 03:06:00,4.818493123,-7.855881551,3.442856727
2025-11-21 03:06:10,5.047188357,-7.684725957,3.423484101
2025-11-21 03:06:20,5.105932689,-7.564971386,3.566403357
2025-11-21 03:06:30,5.077551767,-7.690082432,3.415751529
2025-11-21 03:06:40,4.985721041,-7.720037246,3.446414905
2025-11-21 03:06:50,4.974761766,-7.708201183,3.564494996
2025-11-21 03:07:00,4.859121007,-7.841104115,3.368701745
2025-11-21 03:07:10,4.935454534,-7.618226289,3.640956656
2025-11-21 03:07:20,5.228743091,-7.443417397,3.563561120
2025-11-21 03:07:30,5.181559686,-7.481918720,3.719130099
2025-11-21 03:07:40,5.313400017,-7.513003341,3.461934620
2025-11-21 03:07:50,5.180634050,-7.585597449,3.495769240
2025-11-21 03:08:00,5.023585441,-7.489821880,3.837099659
2025-11-21 03:08:10,4.947744865,-7.448608780,4.030125829
2025-11-21 03:08:20,4.763614004,-7.416625734,4.294335273
2025-11-21 03:08:30,4.868767866,-7.437433035,4.159864829
2025-11-21 03:08:40,4.837180493,-7.460336618,4.139029066
2025-11-21 03:08:50,5.210906192,-7.293524245,4.103682904
2025-11-21 03:09:00,5.077580583,-7.216160427,4.275584332
2025-11-21 03:09:10,5.000686644,-7.196358880,4.438889226
2025-11-21 03:09:20,4.975631781,-7.093417173,4.597853353
2025-11-21 03:09:30,5.039617049,-7.054261806,4.583860706
2025-11-21 03:09:40,4.706594555,-7.102122479,4.859392460
2025-11-21 03:09:50,4.694724215,-7.157887521,4.860440571
2025-11-21 03:10:00,4.829324827,-7.064788932,4.811961882
2025-11-21 03:10:10,4.767111080,-7.225900748,4.656184951
2025-11-21 03:10:20,4.913977027,-7.187042529,4.503773959
2025-11-21 03:10:30,5.272916833,-7.011092155,4.386508427
2025-11-21 03:10:40,5.080799019,-7.179826349,4.363730744
2025-11-21 03:10:50,5.152614263,-7.115991939,4.392941722
2025-11-21 03:11:00,5.084097662,-7.131650458,4.412519337
2025-11-21 03:11:10,5.274726377,-7.084361652,4.244880050
2025-11-21 03:11:20,5.138344863,-7.135076315,4.260047883
2025-11-21 03:11:30,5.215452346,-7.270325648,4.009226633
2025-11-21 03:11:40,5.161054878,-7.353317138,3.929987234
2025-11-21 03:11:50,5.118887283,-7.315856793,4.021254982
2025-11-21 03:12:00,5.124987821,-7.335404548,4.055540813
2025-11-21 03:12:10,5.310684336,-7.173062702,4.015893333
2025-11-21 03:12:20,5.251680810,-7.296243159,3.896757881
2025-11-21 03:12:30,5.236122386,-7.280338055,3.919826963
2025-11-21 03:12:40,5.200152891,-7.220558310,4.101632426
2025-11-21 03:12:50,5.175093579,-7.202908113,4.233381349
2025-11-21 03:13:00,5.501826473,-6.984439738,4.059800137
2025-11-21 03:13:10,5.651311719,-6.960858874,3.998654763
2025-11-21 03:13:20,5.836216015,-6.829812396,3.937518487
2025-11-21 03:13:30,5.781526108,-7.030859750,3.678023271
2025-11-21 03:13:40,5.752932939,-7.023928912,3.785863717
2025-11-21 03:13:50,5.405830251,-7.077408578,4.059706967
2025-11-21 03:14:00,5.271853285,-7.208578892,4.057704493
2025-11-21 03:14:10,5.428612016,-7.139602947,3.987719469
2025-11-21 03:14:20,5.349337627,-7.170765225,4.091115944
2025-11-21 03:14:30,5.138273297,-7.054820419,4.478104465
2025-11-21 03:14:40,5.011507644,-7.002380690,4.689318530
2025-11-21 03:14:50,5.252837699,-6.871387937,4.610009591
2025-11-21 03:15:00,5.226889710,-6.960060121,4.517006498
2025-11-21 03:15:10,5.186930567,-7.216850697,4.201195122
2025-11-21 03:15:20,4.873755931,-7.384614587,4.303409172
2025-11-21 03:15:30,5.135697642,-7.117492521,4.337619861
2025-11-21 03:15:40,5.004446963,-7.171317400,4.476685104
2025-11-21 03:15:50,5.197073330,-6.972500913,4.433190199
2025-11-21 03:16:00,5.649569862,-6.784073097,4.222285717
2025-11-21 03:16:10,5.641695313,-6.858606848,4.247428998
2025-11-21 03:16:20,5.715982009,-6.655902211,4.340057810
2025-11-21 03:16:30,5.770877065,-6.807409541,4.123103803
2025-11-21 03:16:40,5.925566152,-6.564874431,4.235663679
2025-11-21 03:16:50,5.952128498,-6.737944397,4.024877660
2025-11-21 03:17:00,6.085086979,-6.724281399,3.796949308
2025-11-21 03:17:10,6.230100048,-6.438772650,3.932762282
2025-11-21 03:17:20,6.145059307,-6.681784494,3.737028947
2025-11-21 03:17:30,6.176394769,-6.732692812,3.583615275
2025-11-21 03:17:40,6.072170470,-6.697495692,3.812964699
2025-11-21 03:17:50,6.280707591,-6.629280607,3.601102321
2025-11-21 03:18:00,6.360061383,-6.497890194,3.652191629
2025-11-21 03:18:10,6.335611235,-6.411893409,3.841003668
2025-11-21 03:18:20,6.325644072,-6.287088805,4.048472633
2025-11-21 03:18:30,6.402316565,-6.279057241,3.976453930
2025-11-21 03:18:40,6.413877125,-6.204989630,4.111129975
2025-11-21 03:18:50,6.451155085,-6.360451218,3.856406535
2025-11-21 03:19:00,6.506037437,-6.175638624,3.888665249
2025-11-21 03:19:10,6.519076801,-6.388924621,3.643394210
2025-11-21 03:19:20,6.377850628,-6.475407297,3.654203160
2025-11-21 03:19:30,6.177339319,-6.653748633,3.661244098
2025-11-21 03:19:40,6.053129480,-6.615706459,4.040954670
2025-11-21 03:19:50,5.960690284,-6.624995786,4.101393647
2025-11-21 03:20:00,6.018264973,-6.540975413,4.164557009
2025-11-21 03:20:10,5.810850984,-6.630282193,4.290746750
2025-11-21 03:20:20,5.763943163,-6.701824071,4.341727107
2025-11-21 03:20:30,5.462054111,-6.947682218,4.190476172
2025-11-21 03:20:40,5.627146836,-6.719222245,4.420320407
2025-11-21 03:20:50,5.396220708,-6.773135142,4.582872328
2025-11-21 03:21:00,5.426493772,-6.981927968,4.292195467
2025-11-21 03:21:10,5.468893475,-6.845359718,4.443598462
2025-11-21 03:21:20,5.523561167,-6.862776280,4.285397762
2025-11-21 03:21:30,5.233553519,-6.870020971,4.658662242
2025-11-21 03:21:40,5.235650268,-6.931637878,4.598050964
2025-11-21 03:21:50,5.296675057,-6.881161125,4.538254216
2025-11-21 03:22:00,5.155071051,-6.981443658,4.543876298
2025-11-21 03:22:10,5.253721728,-6.783094269,4.665042249
2025-11-21 03:22:20,5.232964400,-6.888134692,4.663772178
2025-11-21 03:22:30,5.276783606,-6.781768303,4.722877958
2025-11-21 03:22:40,5.352588327,-6.771319133,4.727849355
2025-11-21 03:22:50,5.249844135,-6.934833408,4.535295208
2025-11-21 03:23:00,5.335167611,-6.970274175,4.314998566
2025-11-21 03:23:10,5.345523009,-6.862609891,4.412826919
2025-11-21 03:23:20,5.356767360,-6.944613690,4.349822113
2025-11-21 03:23:30,5.162936399,-7.009950697,4.531966578
2025-11-21 03:23:40,4.980582026,-7.140157098,4.539624398
2025-11-21 03:23:50,4.939786270,-7.043563924,4.722417689
2025-11-21 03:24:00,4.859437468,-7.034426084,4.776048693
2025-11-21 03:24:10,4.800210853,-7.035538717,4.834623515
2025-11-21 03:24:20,4.862928191,-7.067732044,4.757207400
2025-11-21 03:24:30,4.767682316,-7.220438605,4.577969531
2025-11-21 03:24:40,4.323941083,-7.398614530,4.789944991
2025-11-21 03:24:50,4.404484115,-7.295392995,4.960532956
2025-11-21 03:25:00,4.320457997,-7.268418336,4.954549444
2025-11-21 03:25:10,4.159616561,-7.291036327,5.071243513
2025-11-21 03:25:20,4.190342163,-7.345193201,4.945985509
2025-11-21 03:25:30,4.341811019,-7.282195224,4.960422868
2025-11-21 03:25:40,4.358281512,-7.422020929,4.667252357
2025-11-21 03:25:50,4.421909647,-7.430325848,4.687592995
2025-11-21 03:26:00,4.494442070,-7.441476210,4.502693608
2025-11-21 03:26:10,4.335623898,-7.574160437,4.494643570
2025-11-21 03:26:20,4.261475372,-7.710469175,4.207350558
2025-11-21 03:26:30,4.193311297,-7.785036775,4.171913947
2025-11-21 03:26:40,4.166043836,-7.824969100,4.089913787
2025-11-21 03:26:50,4.012018870,-7.985286772,3.938624564
2025-11-21 03:27:00,4.149696252,-7.907557881,4.067297071
2025-11-21 03:27:10,4.185815199,-7.837162131,4.197218983
2025-11-21 03:27:20,4.029728661,-7.954305769,4.017468641
2025-11-21 03:27:30,4.214240632,-7.926698966,4.023284064
2025-11-21 03:27:40,4.125668579,-8.078124270,3.785963040
2025-11-21 03:27:50,3.941846615,-8.118175487,3.830773268
2025-11-21 03:28:00,3.692598493,-8.145176025,4.019081826
2025-11-21 03:28:10,3.696242243,-8.172676129,3.931576003
2025-11-21 03:28:20,3.799929272,-8.054522932,4.091836860
2025-11-21 03:28:30,3.776393315,-7.951352017,4.307208147
2025-11-21 03:28:40,4.132772428,-7.797740811,4.261952255
2025-11-21 03:28:50,4.027614060,-7.800365998,4.393511965
2025-11-21 03:29:00,3.988853989,-7.833068819,4.368311841
2025-11-21 03:29:10,3.934849188,-7.953496435,4.182417623
2025-11-21 03:29:20,3.772560883,-7.996391024,4.281936647
2025-11-21 03:29:30,3.692225792,-8.113333090,4.127904252
2025-11-21 03:29:40,3.678170004,-8.156015267,4.015127618
2025-11-21 03:29:50,3.952222098,-8.080963222,3.935214843
2025-11-21 03:30:00,4.117052883,-7.985789306,3.998943132
2025-11-21 03:30:10,4.197676244,-7.759092662,4.272452223
2025-11-21 03:30:20,4.032229094,-7.788406634,4.276303332
2025-11-21 03:30:30,4.263878868,-7.760620103,4.291920309
2025-11-21 03:30:40,4.553897476,-7.495269958,4.358300358
2025-11-21 03:30:50,4.532671325,-7.662697090,4.116043636
2025-11-21 03:31:00,4.716660968,-7.504672481,4.290995899
2025-11-21 03:31:10,4.790202157,-7.410552751,4.373640651
2025-11-21 03:31:20,4.707800080,-7.476049332,4.323003481
2025-11-21 03:31:30,4.828840162,-7.363189402,4.311099564
2025-11-21 03:31:40,4.840001861,-7.401487432,4.374317810
2025-11-21 03:31:50,4.804422274,-7.289924859,4.524991353
2025-11-21 03:32:00,4.850665339,-7.286776451,4.506352025
2025-11-21 03:32:10,4.572854457,-7.488951903,4.421657678
2025-11-21 03:32:20,4.551438726,-7.584172115,4.237956932
2025-11-21 03:32:30,4.551923520,-7.638700628,4.104287792
2025-11-21 03:32:40,4.517057030,-7.693288622,4.101547935
2025-11-21 03:32:50,4.634942989,-7.624957453,4.114020279
2025-11-21 03:33:00,4.575779542,-7.615024386,4.163909939
2025-11-21 03:33:10,4.773952708,-7.522819577,4.106811387
2025-11-21 03:33:20,4.784420190,-7.514199987,4.049788564
2025-11-21 03:33:30,4.589226814,-7.747637681,3.998406501
2025-11-21 03:33:40,4.565029074,-7.829241100,3.838162609
2025-11-21 03:33:50,4.566842623,-7.882364794,3.696862147
2025-11-21 03:34:00,4.270764613,-7.768877773,4.156427943
2025-11-21 03:34:10,4.308387353,-7.735101725,4.206086742
2025-11-21 03:34:20,4.309873721,-7.670224748,4.305931442
2025-11-21 03:34:30,4.303167680,-7.598204165,4.459864304
2025-11-21 03:34:40,4.167807802,-7.508599844,4.698430946
2025-11-21 03:34:50,3.969943847,-7.658607190,4.700377242
2025-11-21 03:35:00,4.093505869,-7.539435074,4.732446217
2025-11-21 03:35:10,3.888723687,-7.655645834,4.760811959
2025-11-21 03:35:20,3.924019441,-7.673833457,4.689889151
2025-11-21 03:35:30,4.108439553,-7.548040563,4.708662196
2025-11-21 03:35:40,3.917462265,-7.652107430,4.757588689
2025-11-21 03:35:50,4.219672261,-7.504044702,4.670889981
2025-11-21 03:36:00,4.271626313,-7.592012216,4.575339478
2025-11-21 03:36:10,4.417946296,-7.542600740,4.493606064
2025-11-21 03:36:20,4.474791858,-7.375876123,4.727551360
2025-11-21 03:36:30,4.588783709,-7.299133099,4.725674672
2025-11-21 03:36:40,4.633823771,-7.365372534,4.537632382
2025-11-21 03:36:50,4.589143633,-7.485805025,4.448495510
2025-11-21 03:37:00,4.541202652,-7.440464637,4.478019129
2025-11-21 03:37:10,4.401432317,-7.538691137,4.542281162
2025-11-21 03:37:20,4.384396963,-7.520457912,4.579186489
2025-11-21 03:37:30,4.437926531,-7.413657785,4.552019465
2025-11-21 03:37:40,4.519982258,-7.232024119,4.780612449
2025-11-21 03:37:50,4.509090186,-7.252065951,4.862060166
2025-11-21 03:38:00,4.305610289,-7.309338905,4.967572401
2025-11-21 03:38:10,4.380017966,-7.092354059,5.123765857
2025-11-21 03:38:20,4.262059795,-7.380065408,4.826748392
2025-11-21 03:38:30,4.161822562,-7.549507302,4.726123105
2025-11-21 03:38:40,4.092101009,-7.674354045,4.543081557
2025-11-21 03:38:50,4.365230142,-7.449902015,4.662891329
2025-11-21 03:39:00,4.309207679,-7.223924822,5.046692539
2025-11-21 03:39:10,4.303185084,-7.208528762,5.055168586
2025-11-21 03:39:20,4.516877734,-7.197617018,4.920613760
2025-11-21 03:39:30,4.310119385,-7.263251709,4.961747668
2025-11-21 03:39:40,4.136145997,-7.354586157,5.034210324
2025-11-21 03:39:50,4.183196718,-7.410639457,4.857191480
2025-11-21 03:40:00,4.272719418,-7.376289221,4.880264021
2025-11-21 03:40:10,4.502201036,-7.265057777,4.784799471
2025-11-21 03:40:20,4.384206089,-7.222016542,4.863281550
2025-11-21 03:40:30,4.556952715,-7.182540678,4.941613992
2025-11-21 03:40:40,4.610863549,-7.178229061,4.894708632
2025-11-21 03:40:50,4.321707314,-7.410748307,4.847732657
2025-11-21 03:41:00,4.447861077,-7.207048643,4.934374452
2025-11-21 03:41:10,4.576451138,-7.097840680,4.947052272
2025-11-21 03:41:20,4.645712687,-7.182613335,4.853537309
2025-11-21 03:41:30,4.591195299,-7.112748135,4.932024742
2025-11-21 03:41:40,4.761418679,-7.360102860,4.457933694
2025-11-21 03:41:50,4.819660466,-7.205134667,4.574952828
2025-11-21 03:42:00,4.752300771,-7.279902474,4.468461085
2025-11-21 03:42:10,4.825538495,-7.276662793,4.467786652
2025-11-21 03:42:20,4.850655518,-7.227937882,4.532209104
2025-11-21 03:42:30,5.157505639,-6.987853030,4.528694825
2025-11-21 03:42:40,5.163563530,-7.064521400,4.392592795
2025-11-21 03:42:50,5.055602140,-6.996276712,4.663478914
2025-11-21 03:43:00,5.133038799,-6.944436662,4.704253868
2025-11-21 03:43:10,5.215030286,-7.057818070,4.419209415
2025-11-21 03:43:20,4.989335873,-7.075171583,4.642982508
2025-11-21 03:43:30,4.741909968,-7.341065827,4.512937087
2025-11-21 03:43:40,4.649178992,-7.404460473,4.501061230
2025-11-21 03:43:50,4.716014545,-7.431611880,4.271009672
2025-11-21 03:44:00,4.887344987,-7.310919404,4.296757987
2025-11-21 03:44:10,5.015691042,-7.230127971,4.386548202
2025-11-21 03:44:20,5.178750744,-7.007082655,4.521109517
2025-11-21 03:44:30,4.984731895,-6.996965852,4.700868331
2025-11-21 03:44:40,5.024934933,-6.904775564,4.853680543
2025-11-21 03:44:50,5.225440506,-6.690122150,4.926575174
2025-11-21 03:45:00,5.054562430,-6.807741178,4.890293587
2025-11-21 03:45:10,5.241208349,-6.696159071,4.956881181
2025-11-21 03:45:20,5.409651631,-6.464018146,4.928061329
2025-11-21 03:45:30,5.532943783,-6.384689967,4.967811591
2025-11-21 03:45:40,5.332181409,-6.374699137,5.259987964
2025-11-21 03:45:50,5.439072807,-6.400914759,5.038138890
2025-11-21 03:46:00,5.320296964,-6.693921562,4.872500094
2025-11-21 03:46:10,5.235027934,-6.692255917,4.878503238
2025-11-21 03:46:20,5.056279542,-6.841122647,4.874515311
2025-11-21 03:46:30,5.132093404,-7.004572674,4.555721936
2025-11-21 03:46:40,5.255181389,-6.877324237,4.618461908
2025-11-21 03:46:50,4.986551940,-7.072661646,4.553285243
2025-11-21 03:47:00,5.225734923,-6.889515394,4.670765357
2025-11-21 03:47:10,5.017772605,-7.132283098,4.462563266
2025-11-21 03:47:20,5.383732897,-6.878567955,4.357996058
2025-11-21 03:47:30,5.346725063,-6.894860773,4.480233599
2025-11-21 03:47:40,5.392442472,-6.913019992,4.345820125
2025-11-21 03:47:50,5.291617352,-7.072124563,4.329853029
2025-11-21 03:48:00,5.050944027,-7.100368438,4.480363734
2025-11-21 03:48:10,4.982529186,-7.273775267,4.326274827
2025-11-21 03:48:20,4.873526869,-7.217298190,4.464715935
2025-11-21 03:48:30,5.065315685,-7.058605439,4.512321255
2025-11-21 03:48:40,5.439003695,-6.992821785,4.264254520
2025-11-21 03:48:50,5.449325396,-7.071218227,4.174118972
2025-11-21 03:49:00,5.439556834,-7.043931644,4.157980603
2025-11-21 03:49:10,5.315571309,-7.287091447,3.880731976
2025-11-21 03:49:20,5.584510514,-7.251148029,3.581477036
2025-11-21 03:49:30,5.894429763,-6.979971145,3.512016538
2025-11-21 03:49:40,6.086203060,-6.854714944,3.525524511
2025-11-21 03:49:50,6.310569104,-6.740301688,3.271899150
2025-11-21 03:50:00,6.073358331,-6.734970878,3.810965628
2025-11-21 03:50:10,6.257021070,-6.588349473,3.753000664
2025-11-21 03:50:20,6.334910833,-6.585073590,3.554422840
2025-11-21 03:50:30,6.119340386,-6.833184134,3.532054612
2025-11-21 03:50:40,5.880922824,-7.098210755,3.287388459
2025-11-21 03:50:50,6.075342441,-6.943289623,3.196622146
2025-11-21 03:51:00,5.964742223,-7.002317473,3.346002796
2025-11-21 03:51:10,5.931963187,-7.071868364,3.251386547
2025-11-21 03:51:20,5.720003353,-7.120594896,3.561941949
2025-11-21 03:51:30,5.746883658,-7.164126126,3.379015983
2025-11-21 03:51:40,5.716969787,-7.106559197,3.629428305
2025-11-21 03:51:50,5.794281250,-7.200436165,3.200082745
2025-11-21 03:52:00,5.819225103,-7.103670734,3.449423313
2025-11-21 03:52:10,5.968675847,-7.089038382,3.199480825
2025-11-21 03:52:20,6.282495817,-6.927993018,3.002977119
2025-11-21 03:52:30,6.397397543,-6.981269408,2.561322921
2025-11-21 03:52:40,6.681148073,-6.864522663,1.864531573
2025-11-21 03:52:50,6.735052323,-6.914709979,1.798159565
2025-11-21 03:53:00,7.027438065,-6.583980836,1.993433583
2025-11-21 03:53:10,7.062826770,-6.527723771,1.995739251
2025-11-21 03:53:20,7.222369279,-6.248427251,2.157655930
2025-11-21 03:53:30,7.288310173,-6.060150585,2.418680837
2025-11-21 03:53:40,7.238595316,-6.098903779,2.697741308
2025-11-21 03:53:50,7.078287546,-6.165069704,2.830495980
2025-11-21 03:54:00,7.316480042,-5.847571865,2.995537222
2025-11-21 03:54:10,7.520109845,-5.677906085,2.813934078
2025-11-21 03:54:20,7.454019698,-5.709737457,2.888455232
2025-11-21 03:54:30,7.445061321,-5.923498315,2.448114357
2025-11-21 03:54:40,7.505843803,-5.824058828,2.378246566
2025-11-21 03:54:50,7.410678281,-6.017776098,2.308564159
2025-11-21 03:55:00,7.271057718,-6.155008717,2.388105968
2025-11-21 03:55:10,7.155148161,-6.061965243,2.896273369
2025-11-21 03:55:20,7.197784910,-6.060982144,2.818350017
2025-11-21 03:55:30,7.220266408,-6.034256797,2.813056674
2025-11-21 03:55:40,7.117925807,-5.805648454,3.410022580
2025-11-21 03:55:50,7.192744337,-6.052097093,2.866273755
2025-11-21 03:56:00,7.108723002,-6.272607627,2.608021198
2025-11-21 03:56:10,6.560791975,-6.874554761,2.556635830
2025-11-21 03:56:20,6.688255292,-6.672328549,2.576301663
2025-11-21 03:56:30,6.511692663,-6.870796191,2.573123428
2025-11-21 03:56:40,6.487053459,-6.694616805,3.180267239
2025-11-21 03:56:50,6.383209009,-6.845489065,2.945635097
2025-11-21 03:57:00,6.451813626,-6.835694643,2.760844434
2025-11-21 03:57:10,6.632399799,-6.636874283,2.821023529
2025-11-21 03:57:20,6.535960662,-6.931645130,2.477952464
2025-11-21 03:57:30,6.490475512,-6.873456189,2.648474235
2025-11-21 03:57:40,6.670858611,-6.767869245,2.357697213
2025-11-21 03:57:50,6.339016066,-7.059845884,2.487141315
2025-11-21 03:58:00,6.591322282,-6.737059510,2.684445564
2025-11-21 03:58:10,6.979964152,-6.364431498,2.534287479
2025-11-21 03:58:20,6.798778706,-6.701385638,2.281143708
2025-11-21 03:58:30,6.658394540,-6.576616201,2.900155445
2025-11-21 03:58:40,6.659988259,-6.650807662,2.816057929
2025-11-21 03:58:50,6.855480011,-6.498268311,2.578870988
2025-11-21 03:59:00,6.690464099,-6.535583688,3.034722489
2025-11-21 03:59:10,6.109568710,-7.175940892,2.711289818
2025-11-21 03:59:20,5.612968384,-7.551363996,2.762358112
2025-11-21 03:59:30,5.867583853,-7.434380193,2.616159466
2025-11-21 03:59:40,5.637988181,-7.445215292,3.076605633
2025-11-21 03:59:50,5.573661723,-7.405462817,3.163042625
2025-11-21 04:00:00,5.933751481,-7.018537462,3.407198951
2025-11-21 04:00:10,6.067535617,-6.930894909,3.384369541
2025-11-21 04:00:20,5.970082066,-7.125209686,3.095844174
2025-11-21 04:00:30,5.977488887,-7.049804665,3.253883663
2025-11-21 04:00:40,6.313911865,-6.791111870,3.248882591
2025-11-21 04:00:50,7.048381305,-6.155725979,2.905367611
2025-11-21 04:01:00,6.766602078,-6.374136010,3.156938480
2025-11-21 04:01:10,6.896315488,-6.364479731,2.798917969
2025-11-21 04:01:20,7.287440357,-6.030244762,2.538279123
2025-11-21 04:01:30,7.100999266,-6.160392705,2.851369839
2025-11-21 04:01:40,7.548986045,-5.606805069,2.702833993
2025-11-21 04:01:50,7.561588803,-5.615594353,2.823794023
2025-11-21 04:02:00,7.803334883,-5.200364622,2.843168744
2025-11-21 04:02:10,7.455803179,-5.750450682,2.818892031
2025-11-21 04:02:20,7.496950510,-5.452900078,3.263593347
2025-11-21 04:02:30,7.334162684,-5.872436610,2.935403904
2025-11-21 04:02:40,6.815008882,-6.478056164,2.802680563
2025-11-21 04:02:50,6.737190259,-6.256666488,3.314156515
2025-11-21 04:03:00,6.647164979,-6.484910283,3.175145019
2025-11-21 04:03:10,5.879504694,-6.837625053,3.801665038
2025-11-21 04:03:20,5.962813208,-6.936503836,3.524266532
2025-11-21 04:03:30,5.590614247,-7.268646409,3.461853194
2025-11-21 04:03:40,6.202456516,-6.477196111,4.032902546
2025-11-21 04:03:50,6.731997147,-5.767150717,4.217815862
2025-11-21 04:04:00,6.995541558,-5.633114931,3.936510360
2025-11-21 04:04:10,7.190702175,-5.388692064,3.868901975
2025-11-21 04:04:20,7.154884810,-5.551443573,3.778893598
2025-11-21 04:04:30,7.158201341,-5.426673993,3.877803428
2025-11-21 04:04:40,7.399838472,-5.361790586,3.557200628
2025-11-21 04:04:50,7.604667945,-5.109893411,3.514652460
2025-11-21 04:05:00,7.291911973,-5.016371037,4.239013698
2025-11-21 04:05:10,7.380550408,-4.825633791,4.374164498
2025-11-21 04:05:20,7.163262415,-5.272040496,4.143751383
2025-11-21 04:05:30,7.270836963,-5.121777065,4.135506173
2025-11-21 04:05:40,7.536621062,-4.972654288,3.889700565
2025-11-21 04:05:50,7.100217356,-5.383253601,4.002130467
2025-11-21 04:06:00,6.956922543,-5.346689977,4.444946895
2025-11-21 04:06:10,6.655508402,-5.650809880,4.477759920
2025-11-21 04:06:20,7.112990192,-5.340679266,4.197693719
2025-11-21 04:06:30,6.920631325,-5.651554632,4.086015449
2025-11-21 04:06:40,6.567947678,-6.087262616,4.033020923
2025-11-21 04:06:50,6.536713793,-6.048909843,4.128387438
2025-11-21 04:07:00,6.437080127,-5.631230554,4.783986633
2025-11-21 04:07:10,6.886001926,-5.365616263,4.489242404
2025-11-21 04:07:20,6.313800428,-5.401919700,5.210160573
2025-11-21 04:07:30,5.506637050,-6.039955656,5.353462526
2025-11-21 04:07:40,5.557555784,-5.918555063,5.496663745
2025-11-21 04:07:50,5.393640885,-6.339595953,5.167178886
2025-11-21 04:08:00,5.720407724,-6.383368319,4.781178584
2025-11-21 04:08:10,5.550913994,-6.320162629,5.084364622
2025-11-21 04:08:20,5.472195428,-6.292081843,5.188251496
2025-11-21 04:08:30,5.290405976,-6.148069719,5.556974086
2025-11-21 04:08:40,5.149807957,-6.486865428,5.264961741
2025-11-21 04:08:50,4.814163701,-6.820330033,5.245713597
2025-11-21 04:09:00,4.120061621,-6.961312018,5.568549984
2025-11-21 04:09:10,3.596394492,-7.572678419,5.098579879
2025-11-21 04:09:20,3.500305031,-7.469344647,5.287750036
2025-11-21 04:09:30,3.647539387,-7.381747283,5.332278799
2025-11-21 04:09:40,3.800438581,-7.292785791,5.357472609
2025-11-21 04:09:50,3.782247737,-7.497704753,5.098418463
2025-11-21 04:10:00,3.152113181,-7.519771652,5.455663779
2025-11-21 04:10:10,2.931355036,-7.317476095,5.838077091
2025-11-21 04:10:20,2.749104024,-7.387747541,5.791758697
2025-11-21 04:10:30,2.823906680,-7.248974640,6.040988902
2025-11-21 04:10:40,2.490734097,-7.496543813,5.777706181
2025-11-21 04:10:50,2.897608253,-7.612250336,5.409322684
2025-11-21 04:11:00,3.242328757,-7.567114327,5.333024278
2025-11-21 04:11:10,3.201795568,-7.438159790,5.542853019
2025-11-21 04:11:20,2.721231930,-7.535470402,5.623606238
2025-11-21 04:11:30,2.751450903,-7.644919001,5.563988114
2025-11-21 04:11:40,2.566935009,-7.705602834,5.551094259
2025-11-21 04:11:50,2.828015938,-7.652222185,5.437694736
2025-11-21 04:12:00,2.862742308,-7.831232950,5.131788273
2025-11-21 04:12:10,3.000474829,-7.714952923,5.308019805
2025-11-21 04:12:20,3.059141082,-7.727258213,5.171148101
2025-11-21 04:12:30,3.244743555,-8.062778681,4.539043892
2025-11-21 04:12:40,3.843521886,-7.942471491,4.345855359
2025-11-21 04:12:50,3.734140480,-7.849213432,4.498565305
2025-11-21 04:13:00,4.170189285,-7.909524762,4.092388762
2025-11-21 04:13:10,3.701527396,-8.116772901,4.043849075
2025-11-21 04:13:20,3.938845507,-7.968925889,4.131748921
2025-11-21 04:13:30,3.692015514,-7.974184795,4.300534366
2025-11-21 04:13:40,4.144049580,-7.761683058,4.341249522
2025-11-21 04:13:50,3.964705453,-8.003585026,4.046676581
2025-11-21 04:14:00,3.706391418,-8.074301519,4.191277972
2025-11-21 04:14:10,3.384788974,-8.266541389,4.005052138
2025-11-21 04:14:20,3.348451965,-8.405357019,3.788775943
2025-11-21 04:14:30,3.817792339,-8.270217014,3.578855954
2025-11-21 04:14:40,3.720485746,-8.297586867,3.663008941
2025-11-21 04:14:50,3.534403922,-8.414911890,3.469330627
2025-11-21 04:15:00,3.480042505,-8.453424065,3.490497541
2025-11-21 04:15:10,3.662336029,-8.290178137,3.781457545
2025-11-21 04:15:20,3.709727675,-8.368858114,3.525836566
2025-11-21 04:15:30,4.122084003,-8.131457364,3.546373700
2025-11-21 04:15:40,4.120559163,-8.179097309,3.484674918
2025-11-21 04:15:50,4.014855195,-8.360811715,3.232439497
2025-11-21 04:16:00,4.118864536,-8.159715555,3.511900407
2025-11-21 04:16:10,4.155420413,-8.172439294,3.456355839
2025-11-21 04:16:20,3.966207235,-8.271853617,3.527801785
2025-11-21 04:16:30,4.135427857,-8.312251753,3.182090253
2025-11-21 04:16:40,4.357462129,-8.229521216,3.119331604
2025-11-21 04:16:50,3.997729651,-8.104752150,3.693613226
2025-11-21 04:17:00,3.358967386,-8.438293080,3.666035887
2025-11-21 04:17:10,3.806595854,-8.290329017,3.638455200
2025-11-21 04:17:20,3.991078740,-8.142638724,3.781190738
2025-11-21 04:17:30,4.516401663,-7.799609362,3.841288483
2025-11-21 04:17:40,4.644824835,-7.548372191,4.122845343
2025-11-21 04:17:50,4.686954153,-7.593056377,4.127044364
2025-11-21 04:18:00,4.431798926,-7.905897894,3.698833231
2025-11-21 04:18:10,4.402021001,-8.083524949,3.361456573
2025-11-21 04:18:20,4.290773742,-8.291332014,3.060355587
2025-11-21 04:18:30,4.197570243,-8.470881138,2.641848263
2025-11-21 04:18:40,4.120422311,-8.506736741,2.587857614
2025-11-21 04:18:50,3.526735632,-8.613861775,3.253348077
2025-11-21 04:19:00,3.531238933,-8.452577508,3.464884014
2025-11-21 04:19:10,3.349566749,-8.536691449,3.593610896
2025-11-21 04:19:20,3.516220086,-8.299798145,3.867103170
2025-11-21 04:19:30,3.569435985,-8.341307368,3.716920507
2025-11-21 04:19:40,3.878564465,-8.137467644,3.822013287
2025-11-21 04:19:50,3.578233154,-8.031122119,4.290037524
2025-11-21 04:20:00,3.789999075,-8.071512282,4.140454276
2025-11-21 04:20:10,3.615327343,-8.391538442,3.575611717
2025-11-21 04:20:20,3.968909075,-7.921362035,4.254243924
2025-11-21 04:20:30,4.017923548,-7.897413080,4.217253414
2025-11-21 04:20:40,3.890628371,-7.887652918,4.311720479
2025-11-21 04:20:50,4.410014057,-7.946716533,3.654751269
2025-11-21 04:21:00,4.379016673,-8.084857661,3.414623758
2025-11-21 04:21:10,4.627991832,-8.111456268,3.101798850
2025-11-21 04:21:20,4.668766495,-8.164677919,2.782469819
2025-11-21 04:21:30,4.566453044,-8.207746370,2.736030048
2025-11-21 04:21:40,4.688289441,-8.306989124,2.471346365
2025-11-21 04:21:50,4.828388244,-8.325221408,1.920313664
2025-11-21 04:22:00,4.528866985,-8.372047159,2.366981581
2025-11-21 04:22:10,4.635838245,-8.212987395,2.781486309
2025-11-21 04:22:20,4.829115021,-8.049426615,2.851904678
2025-11-21 04:22:30,5.002401973,-8.072339466,2.406826222
2025-11-21 04:22:40,5.208017348,-8.059657807,2.073965997
2025-11-21 04:22:50,5.401338277,-7.804467210,2.519889875
2025-11-21 04:23:00,5.036703461,-7.957290530,2.809439965
2025-11-21 04:23:10,4.940561135,-8.030405325,2.686438993
2025-11-21 04:23:20,4.787245062,-8.189934161,2.608668968
2025-11-21 04:23:30,4.958976627,-8.099670296,2.498434807
2025-11-21 04:23:40,4.828193151,-8.068744578,2.789208321
2025-11-21 04:23:50,4.714365632,-8.122485349,2.874247617
2025-11-21 04:24:00,4.881667100,-7.912161307,3.120931278
2025-11-21 04:24:10,4.695701770,-7.812212567,3.543078558
2025-11-21 04:24:20,5.434482032,-7.343740268,3.526008227
2025-11-21 04:24:30,5.329909339,-7.469834230,3.508979394
2025-11-21 04:24:40,5.410980013,-7.229447335,3.754060019
2025-11-21 04:24:50,5.673151481,-7.186242942,3.538885913
2025-11-21 04:25:00,5.717784984,-7.278952879,3.250023477
2025-11-21 04:25:10,5.537815692,-7.585192391,2.898572305
2025-11-21 04:25:20,5.314484524,-7.869082179,2.441683537
2025-11-21 04:25:30,5.732065614,-7.660188375,2.014257000
2025-11-21 04:25:40,5.669495083,-7.735147580,2.068091121
2025-11-21 04:25:50,5.565752329,-7.776929605,2.057394921
2025-11-21 04:26:00,5.550754777,-7.850200774,1.878802047
2025-11-21 04:26:10,5.366071845,-8.033507632,1.632601748
2025-11-21 04:26:20,5.331426046,-8.085309343,1.686193476
2025-11-21 04:26:30,5.006314066,-8.294915771,1.652922495
2025-11-21 04:26:40,5.266613476,-8.128277127,1.760140933
2025-11-21 04:26:50,5.527980737,-8.026892257,1.299597851
2025-11-21 04:27:00,5.861976825,-7.702912851,1.473158749
2025-11-21 04:27:10,5.857616778,-7.744605987,1.492411499
2025-11-21 04:27:20,6.042488157,-7.662218637,0.934746959
2025-11-21 04:27:30,5.797674218,-7.777860731,1.317667634
2025-11-21 04:27:40,5.747416967,-7.789187427,1.483539234
2025-11-21 04:27:50,5.860250601,-7.733868933,1.504116897
2025-11-21 04:28:00,5.679368488,-7.888177405,1.193525889
2025-11-21 04:28:10,5.750172802,-7.844085507,1.104321826
2025-11-21 04:28:20,5.606350069,-7.910594022,1.272511638
2025-11-21 04:28:30,5.328068308,-8.098132310,1.789747060
2025-11-21 04:28:40,4.966043887,-8.214603290,2.059664886
2025-11-21 04:28:50,4.588340003,-8.411355105,2.082913310
2025-11-21 04:29:00,4.577102126,-8.456565192,1.890815827
2025-11-21 04:29:10,4.637610667,-8.400109507,2.112323180
2025-11-21 04:29:20,4.252206425,-8.580942429,1.928043922
2025-11-21 04:29:30,4.447892438,-8.552242303,1.757322331
2025-11-21 04:29:40,4.480732418,-8.592867711,1.646308275
2025-11-21 04:29:50,4.480018608,-8.611447626,1.317098781
2025-11-21 04:30:00,3.996894815,-8.792733207,1.654365542
2025-11-21 04:30:10,4.316110295,-8.595858333,1.971918494
2025-11-21 04:30:20,4.390177727,-8.562466642,1.889561820
2025-11-21 04:30:30,4.653012076,-8.401468435,1.903604941
2025-11-21 04:30:40,4.653228393,-8.430336176,2.102884423
2025-11-21 04:30:50,4.649026706,-8.442248677,1.873955358
2025-11-21 04:31:00,4.864299769,-8.325017786,1.793830011
2025-11-21 04:31:10,4.640385497,-8.487778659,1.703205191
2025-11-21 04:31:20,4.670996554,-8.352123643,2.103815675
2025-11-21 04:31:30,5.007585003,-8.193731609,2.190427493
2025-11-21 04:31:40,4.926921668,-8.209722380,2.181497832
2025-11-21 04:31:50,4.868263498,-8.250697108,2.243306723
2025-11-21 04:32:00,4.750951164,-8.246880814,2.335599733
2025-11-21 04:32:10,4.851980526,-8.250394837,2.024520187
2025-11-21 04:32:20,5.208745552,-8.097298334,1.800412643
2025-11-21 04:32:30,5.398994399,-8.016867916,1.680219116
2025-11-21 04:32:40,5.159786817,-8.152786057,1.780940002
2025-11-21 04:32:50,5.227403285,-8.086146146,2.003167319
2025-11-21 04:33:00,5.088337395,-8.091418025,2.282168342
2025-11-21 04:33:10,4.909310637,-8.104963741,2.475042922
2025-11-21 04:33:20,5.048242721,-7.909434770,2.877104745
2025-11-21 04:33:30,5.372007406,-7.640670014,3.002412993
2025-11-21 04:33:40,4.921150001,-8.024516781,2.853644495
2025-11-21 04:33:50,5.137831620,-7.963188257,2.573528989
2025-11-21 04:34:00,4.889492575,-7.996947975,2.805663172
2025-11-21 04:34:10,4.968473712,-7.924441722,3.013353643
2025-11-21 04:34:20,5.109104262,-7.827550843,2.998170645
2025-11-21 04:34:30,5.187320586,-7.814121158,2.963995723
2025-11-21 04:34:40,4.980426565,-7.852525145,3.204493802
2025-11-21 04:34:50,4.984000468,-7.776108587,3.164946334
2025-11-21 04:35:00,4.826049457,-7.933095079,3.204304917
2025-11-21 04:35:10,4.741765947,-8.005736890,2.992518928
2025-11-21 04:35:20,4.881974673,-8.034042377,2.896986449
2025-11-21 04:35:30,5.031393672,-7.908693372,2.828818054
2025-11-21 04:35:40,4.754188998,-8.161985215,2.613589352
2025-11-21 04:35:50,4.973349338,-8.126277136,2.356912416
2025-11-21 04:36:00,5.165629373,-7.976999419,2.496058696
2025-11-21 04:36:10,5.572465168,-7.811837976,2.014371196
2025-11-21 04:36:20,5.525779119,-7.856210197,2.095344070
2025-11-21 04:36:30,5.701747166,-7.793892996,1.515932309
2025-11-21 04:36:40,5.796146498,-7.717155389,1.712289945
2025-11-21 04:36:50,5.851758863,-7.680298249,1.706414685
2025-11-21 04:37:00,5.994485700,-7.615798642,1.449748439
2025-11-21 04:37:10,6.128136567,-7.484347583,1.577070579
2025-11-21 04:37:20,6.318039383,-7.335465207,1.601373543
2025-11-21 04:37:30,6.443712081,-7.234097339,1.557408100
2025-11-21 04:37:40,6.265106098,-7.333967919,1.788368219
2025-11-21 04:37:50,6.395871296,-7.131545057,2.189978264
2025-11-21 04:38:00,6.059353371,-7.354254129,2.367144597
2025-11-21 04:38:10,5.984675765,-7.330093308,2.574473750
2025-11-21 04:38:20,5.780876292,-7.509546361,2.424670845
2025-11-21 04:38:30,5.877565174,-7.338129956,2.710973342
2025-11-21 04:38:40,5.753567044,-7.480736408,2.615978743
2025-11-21 04:38:50,5.437732375,-7.804581593,2.328041073
2025-11-21 04:39:00,5.302872222,-7.910765633,2.528017038
2025-11-21 04:39:10,5.766706324,-7.501563957,2.766712125
2025-11-21 04:39:20,6.002050732,-7.339211636,2.571164648
2025-11-21 04:39:30,6.277911266,-6.952248497,2.933711855
2025-11-21 04:39:40,6.470440871,-6.736855061,2.954351090
2025-11-21 04:39:50,6.483193594,-6.367021470,3.698337544
2025-11-21 04:40:00,6.863555214,-6.067155545,3.328841555
2025-11-21 04:40:10,6.848346900,-6.091163238,3.503761570
2025-11-21 04:40:20,6.690787826,-6.144161305,3.685916266
2025-11-21 04:40:30,6.590594207,-6.191539018,3.706569680
2025-11-21 04:40:40,6.726479293,-6.209508939,3.560990889
2025-11-21 04:40:50,6.613961618,-6.060084793,3.954811304
2025-11-21 04:41:00,6.491967143,-6.215352398,3.965551068
2025-11-21 04:41:10,6.690643682,-6.088179103,3.814016950
2025-11-21 04:41:20,6.444214916,-6.284992755,3.882480651
2025-11-21 04:41:30,6.563610446,-6.225051198,3.801450147
2025-11-21 04:41:40,6.755266569,-6.173210390,3.522144274
2025-11-21 04:41:50,6.950311415,-6.105243996,3.292391109
2025-11-21 04:42:00,6.703225833,-6.371128898,3.333635292
2025-11-21 04:42:10,6.640542154,-6.383316349,3.391962252
2025-11-21 04:42:20,6.453293092,-6.469059864,3.494714816
2025-11-21 04:42:30,6.465951334,-6.480588441,3.541539785
2025-11-21 04:42:40,6.228870568,-6.663043692,3.600137602
2025-11-21 04:42:50,5.670244416,-7.069601969,3.822723844
2025-11-21 04:43:00,5.285953703,-7.283483057,4.027730669
2025-11-21 04:43:10,5.142374641,-7.195596531,4.189600946
2025-11-21 04:43:20,5.144298062,-7.212418678,4.199696849
2025-11-21 04:43:30,5.044198243,-7.263338002,4.292656021
2025-11-21 04:43:40,5.112057237,-7.296341009,4.073739460
2025-11-21 04:43:50,5.322194120,-7.450155512,3.533793720
2025-11-21 04:44:00,5.221146809,-7.414809492,3.795297371
2025-11-21 04:44:10,5.119333453,-7.338313327,4.013953478
2025-11-21 04:44:20,4.751594733,-7.613158500,3.866670638
2025-11-21 04:44:30,4.322587344,-7.841252307,3.995779246
2025-11-21 04:44:40,4.218537618,-7.849513701,4.146829743
2025-11-21 04:44:50,4.269966707,-7.588656533,4.458030577
2025-11-21 04:45:00,4.460266947,-7.502873665,4.490644919
2025-11-21 04:45:10,4.179087116,-7.668368770,4.494505346
2025-11-21 04:45:20,4.103423798,-7.737256711,4.314473246
2025-11-21 04:45:30,4.144980553,-7.786248742,4.313624310
2025-11-21 04:45:40,4.594312441,-7.445963570,4.424316123
2025-11-21 04:45:50,4.649414949,-7.406270867,4.434573128
2025-11-21 04:46:00,4.620961424,-7.260884804,4.697943872
2025-11-21 04:46:10,4.701068083,-7.194462961,4.681947142
2025-11-21 04:46:20,5.005202052,-6.950356976,4.797105270
2025-11-21 04:46:30,5.037500677,-7.002260651,4.734374416
2025-11-21 04:46:40,4.865997316,-6.981956978,4.905228171
2025-11-21 04:46:50,4.698027970,-6.962183512,5.062787582
2025-11-21 04:47:00,4.623154749,-6.948744563,5.168272714
2025-11-21 04:47:10,4.552555812,-7.042961358,5.080372009
2025-11-21 04:47:20,4.688788544,-6.855864695,5.165995121
2025-11-21 04:47:30,4.498656948,-6.831834865,5.369656885
2025-11-21 04:47:40,4.397315226,-6.942281049,5.364957725
2025-11-21 04:47:50,4.106453741,-6.673836111,5.846571443
2025-11-21 04:48:00,4.356844599,-6.635640057,5.778740078
2025-11-21 04:48:10,4.628267225,-6.657092904,5.494802568
2025-11-21 04:48:20,4.751284301,-6.833099078,5.214775006
2025-11-21 04:48:30,4.422048834,-6.949418630,5.371421599
2025-11-21 04:48:40,4.844102274,-6.569582891,5.431413074
2025-11-21 04:48:50,4.811617784,-6.522616716,5.540482828
2025-11-21 04:49:00,5.454326964,-6.427665928,5.042108349
2025-11-21 04:49:10,5.185517346,-6.528816941,5.157276831
2025-11-21 04:49:20,5.279461589,-6.547238805,5.009554333
2025-11-21 04:49:30,5.286495227,-6.482263574,5.170157729
2025-11-21 04:49:40,5.314236758,-6.050967119,5.560077390
2025-11-21 04:49:50,5.355139868,-5.791293298,5.825612181
2025-11-21 04:50:00,5.328208253,-5.993239759,5.622967395
2025-11-21 04:50:10,5.175436537,-5.973375157,5.846647479
2025-11-21 04:50:20,5.175495408,-6.144770138,5.612356578
2025-11-21 04:50:30,5.471323860,-5.851537075,5.693703012
2025-11-21 04:50:40,5.674070628,-5.675024121,5.661321709
2025-11-21 04:50:50,5.801599599,-5.611722740,5.575892096
2025-11-21 04:51:00,5.875281561,-5.611933350,5.509628625
2025-11-21 04:51:10,5.962793593,-5.333142135,5.612885242
2025-11-21 04:51:20,5.971442159,-5.461019108,5.534618824
2025-11-21 04:51:30,5.907356586,-5.530528810,5.586935813
2025-11-21 04:51:40,5.721346785,-5.620736591,5.659500764
2025-11-21 04:51:50,5.629308820,-5.809061748,5.530160590
2025-11-21 04:52:00,5.461345553,-5.635979154,5.902873649
2025-11-21 04:52:10,5.556520209,-5.670748386,5.769108161
2025-11-21 04:52:20,5.432627256,-5.712749898,5.844858103
2025-11-21 04:52:30,5.387086195,-5.507254571,6.072917575
2025-11-21 04:52:40,5.401223896,-5.893419495,5.668116766
2025-11-21 04:52:50,5.451577726,-5.806607318,5.729896634
2025-11-21 04:53:00,5.588885190,-5.860230306,5.568592087
2025-11-21 04:53:10,5.768334065,-5.963868104,5.202338284
2025-11-21 04:53:20,5.687994865,-5.960887495,5.343158192
2025-11-21 04:53:30,5.411995382,-6.166989329,5.437344888
2025-11-21 04:53:40,5.951203079,-6.157835050,4.793190546
2025-11-21 04:53:50,5.942514017,-6.318741767,4.621051342
2025-11-21 04:54:00,6.080497944,-6.467116002,4.151791059
2025-11-21 04:54:10,5.638547842,-6.858751744,4.175931142
2025-11-21 04:54:20,5.456617771,-6.920410119,4.322334401
2025-11-21 04:54:30,5.786762003,-6.704341962,4.204283613
2025-11-21 04:54:40,5.592637843,-6.927656198,4.104946699
2025-11-21 04:54:50,5.644628260,-6.757863972,4.336727224
2025-11-21 04:55:00,5.812523921,-6.872939316,3.936235797
2025-11-21 04:55:10,5.444254857,-6.999718830,4.104575990
2025-11-21 04:55:20,5.404837941,-7.149095969,3.991027319
2025-11-21 04:55:30,5.357942231,-7.164789248,4.022173803
2025-11-21 04:55:40,5.299046856,-7.228345430,3.979467391
2025-11-21 04:55:50,5.510822180,-7.026285066,4.032802643
2025-11-21 04:56:00,5.462842380,-6.959903939,4.221123482
2025-11-21 04:56:10,5.350548744,-7.120187644,4.112901950
2025-11-21 04:56:20,5.143754667,-7.130326721,4.398722727
2025-11-21 04:56:30,5.348274294,-7.196455076,3.999321805
2025-11-21 04:56:40,5.769574954,-6.878262389,3.946953591
2025-11-21 04:56:50,5.357734613,-6.984696640,4.334201011
2025-11-21 04:57:00,5.593727724,-6.736789401,4.466549868
2025-11-21 04:57:10,5.776400668,-6.616892527,4.316710261
2025-11-21 04:57:20,5.546191894,-6.759676532,4.443757586
2025-11-21 04:57:30,5.750186131,-6.718684942,4.206758292
2025-11-21 04:57:40,5.845375260,-6.441249255,4.544458139
2025-11-21 04:57:50,6.125909066,-6.114364144,4.565043855
2025-11-21 04:58:00,6.250754564,-5.853083038,4.731399340
2025-11-21 04:58:10,6.328209750,-5.647469179,4.933756500
2025-11-21 04:58:20,6.322815236,-5.792925629,4.773918401
2025-11-21 04:58:30,6.129339786,-5.872889944,4.931131334
2025-11-21 04:58:40,5.767594831,-6.115637500,5.047878185
2025-11-21 04:58:50,5.606459565,-6.415591534,4.864091990
2025-11-21 04:59:00,5.650775886,-6.382584172,4.837227410
2025-11-21 04:59:10,5.778916933,-6.150163415,5.011536781
2025-11-21 04:59:20,5.685781069,-6.072474567,5.187646459
2025-11-21 04:59:30,5.596942221,-6.123549310,5.220127824
2025-11-21 04:59:40,5.550468783,-6.096495447,5.319838872
2025-11-21 04:59:50,5.886241232,-6.118220965,4.956523349
2025-11-21 05:00:00,5.825465503,-6.003175282,5.173981695
2025-11-21 05:00:10,5.746895096,-6.048679165,5.181464942
2025-11-21 05:00:20,5.684714226,-6.204234921,5.010595962
2025-11-21 05:00:30,5.770157782,-6.285094756,4.840276167
2025-11-21 05:00:40,5.698683380,-6.086262878,5.190077569
2025-11-21 05:00:50,5.998352073,-6.002724142,4.941659017
2025-11-21 05:01:00,6.095390088,-6.052958723,4.747116605
2025-11-21 05:01:10,6.317587314,-5.892607816,4.641120861
2025-11-21 05:01:20,6.404271562,-5.956973100,4.337917692
2025-11-21 05:01:30,6.570539148,-5.685628177,4.559355386
2025-11-21 05:01:40,6.660365472,-5.438902284,4.714102084
2025-11-21 05:01:50,6.715674859,-5.537821693,4.521253609
2025-11-21 05:02:00,6.724210290,-5.631466641,4.426377638
2025-11-21 05:02:10,6.679596191,-5.687502476,4.435643981
2025-11-21 05:02:20,6.744309533,-5.575166425,4.507559088
2025-11-21 05:02:30,6.872077414,-5.571235261,4.214297076
2025-11-21 05:02:40,6.937696638,-5.627506905,4.023283867
2025-11-21 05:02:50,6.952670495,-5.542000775,4.156085744
2025-11-21 05:03:00,7.023421384,-5.401297233,4.211800323
2025-11-21 05:03:10,6.813756438,-5.662217144,4.139855422
2025-11-21 05:03:20,6.701936181,-5.754593615,4.227542693
2025-11-21 05:03:30,6.464092950,-5.970129830,4.417868938
2025-11-21 05:03:40,6.534254482,-5.947566612,4.271083302
2025-11-21 05:03:50,6.845735668,-5.783124636,4.049760803
2025-11-21 05:04:00,7.011066936,-5.436360466,4.145913245
2025-11-21 05:04:10,6.805240688,-5.194578935,4.630466373
2025-11-21 05:04:20,6.991082185,-5.128156676,4.602683313
2025-11-21 05:04:30,6.965308417,-5.089899625,4.661088939
2025-11-21 05:04:40,7.193611484,-5.275398318,4.073265925
2025-11-21 05:04:50,7.469712368,-5.133359589,3.753013357
2025-11-21 05:05:00,7.512653441,-4.824884315,4.040671827
2025-11-21 05:05:10,7.402633357,-5.037824372,3.972976553
2025-11-21 05:05:20,7.512882338,-4.924707532,3.980879891
2025-11-21 05:05:30,7.379913845,-5.224144748,3.806878391
2025-11-21 05:05:40,7.468236028,-5.226477493,3.713164539
2025-11-21 05:05:50,7.410253870,-5.365202212,3.622674120
2025-11-21 05:06:00,7.727752077,-5.144073460,3.240731541
2025-11-21 05:06:10,7.662344433,-5.292905694,3.058513398
2025-11-21 05:06:20,8.038015910,-4.985630422,2.620696018
2025-11-21 05:06:30,8.420730201,-4.823894382,1.666270820
2025-11-21 05:06:40,8.115509223,-5.188519433,1.894971910
2025-11-21 05:06:50,8.147692066,-5.056900413,2.007672261
2025-11-21 05:07:00,8.250181808,-4.983898846,1.776451773
2025-11-21 05:07:10,8.386294491,-4.720424558,1.682601521
2025-11-21 05:07:20,8.362154209,-4.786985191,1.809118920
2025-11-21 05:07:30,8.710592192,-4.155289234,1.675060306
2025-11-21 05:07:40,8.636341818,-4.344220827,1.732374160
2025-11-21 05:07:50,8.613008918,-4.286047124,1.728314988
2025-11-21 05:08:00,8.574132576,-4.265734767,2.065628725
2025-11-21 05:08:10,8.399967096,-4.622652826,2.155097852
2025-11-21 05:08:20,8.353035988,-4.550766500,2.424743296
2025-11-21 05:08:30,8.532231805,-4.313406851,2.301918042
2025-11-21 05:08:40,8.710315640,-4.034892368,1.898449097
2025-11-21 05:08:50,8.506448501,-4.341291309,1.991824281
2025-11-21 05:09:00,8.300337280,-4.677225319,2.153914362
2025-11-21 05:09:10,8.326635162,-4.642495003,2.280391467
2025-11-21 05:09:20,8.258087700,-4.894281741,1.979286089
2025-11-21 05:09:30,8.244879659,-4.709147288,2.324704817
2025-11-21 05:09:40,8.234819532,-4.839066964,2.328552832
2025-11-21 05:09:50,8.383874599,-4.494009042,2.319910847
2025-11-21 05:10:00,8.517922202,-4.218799368,2.440509302
2025-11-21 05:10:10,8.548194382,-3.982330025,2.653263962
2025-11-21 05:10:20,8.711402075,-3.783660998,2.478940601
2025-11-21 05:10:30,8.686604131,-3.927955276,2.110245833
2025-11-21 05:10:40,8.746038237,-4.038308194,1.997880333
2025-11-21 05:10:50,8.933360757,-3.766929727,1.756507942
2025-11-21 05:11:00,8.989770489,-3.445875484,1.824052736
2025-11-21 05:11:10,9.039956611,-3.105937193,2.211302113
2025-11-21 05:11:20,9.204246497,-2.757145241,1.827390755
2025-11-21 05:11:30,9.245379946,-2.574518446,1.978224858
2025-11-21 05:11:40,9.240687993,-2.670784710,1.946422971
2025-11-21 05:11:50,9.251879892,-2.674471417,1.882870977
2025-11-21 05:12:00,9.157518265,-2.847819045,2.029511213
2025-11-21 05:12:10,9.004321865,-3.050452847,2.315296558
2025-11-21 05:12:20,9.158502365,-2.747715875,2.022882133
2025-11-21 05:12:30,9.169005127,-2.780674322,2.082102267
2025-11-21 05:12:40,9.258307348,-2.732913311,1.695488120
2025-11-21 05:12:50,9.203441436,-3.158305025,1.337138157
2025-11-21 05:13:00,9.118772079,-3.238512232,1.631991823
2025-11-21 05:13:10,9.099851799,-3.338082573,1.436768125
2025-11-21 05:13:20,9.151600957,-2.950003089,1.923691643
2025-11-21 05:13:30,9.165726864,-2.990295828,1.684141086
2025-11-21 05:13:40,9.240428836,-2.832915025,1.583224892
2025-11-21 05:13:50,9.295428802,-2.466796223,1.892289106
2025-11-21 05:14:00,9.497794273,-2.003955638,1.684322251
2025-11-21 05:14:10,9.351348737,-2.567598253,1.565772970
2025-11-21 05:14:20,9.228797019,-3.058423076,1.320766248
2025-11-21 05:14:30,9.331131921,-2.779701212,1.041938787
2025-11-21 05:14:40,9.085674100,-3.297080823,1.590907091
2025-11-21 05:14:50,9.028259058,-3.517340680,1.728755019
2025-11-21 05:15:00,8.802962055,-3.719313740,2.138379643
2025-11-21 05:15:10,8.973005815,-3.573034422,1.761771521
2025-11-21 05:15:20,8.976342020,-3.561227547,1.669626322
2025-11-21 05:15:30,8.895435631,-3.763098598,1.628150012
2025-11-21 05:15:40,9.047840821,-3.610580240,1.297578668
2025-11-21 05:15:50,9.109311856,-3.617042650,0.831561648
2025-11-21 05:16:00,9.155547126,-3.442865503,0.950052777
2025-11-21 05:16:10,9.012006714,-3.870447459,0.057451504
2025-11-21 05:16:20,9.048586793,-3.870610871,0.075664454
2025-11-21 05:16:30,9.034441223,-3.766770710,-0.519645106
2025-11-21 05:16:40,9.003633524,-3.808079836,-0.429235872
2025-11-21 05:16:50,9.091615635,-3.606565022,-0.748239755
2025-11-21 05:17:00,9.104119424,-3.605541756,-0.540938843
2025-11-21 05:17:10,8.932282914,-3.858201464,-1.003549490
2025-11-21 05:17:20,9.061487997,-3.759142055,-0.846506184
2025-11-21 05:17:30,9.021211771,-3.806509345,-0.814346726
2025-11-21 05:17:40,9.057325175,-3.572194127,-1.162837122
2025-11-21 05:17:50,9.128095059,-3.396043376,-1.018044865
2025-11-21 05:18:00,8.970714270,-3.811649809,-1.096362236
2025-11-21 05:18:10,9.191483692,-3.397275302,-0.514912322
2025-11-21 05:18:20,9.029788810,-3.769897188,-0.048327721
2025-11-21 05:18:30,9.191603688,-3.437904726,-0.204939013
2025-11-21 05:18:40,9.302347276,-3.164598742,-0.392328250
2025-11-21 05:18:50,9.346330782,-2.992630276,-0.588453165
2025-11-21 05:19:00,9.229933151,-3.083965610,-1.090463718
2025-11-21 05:19:10,9.180669608,-3.283000379,-1.085653912
2025-11-21 05:19:20,9.139637015,-3.383090740,-1.257812187
2025-11-21 05:19:30,9.071340120,-3.545513022,-1.350350293
2025-11-21 05:19:40,9.160115520,-3.085067947,-1.596672963
2025-11-21 05:19:50,9.000451326,-3.601107252,-1.643493668
2025-11-21 05:20:00,8.828597989,-3.953215212,-1.817587202
2025-11-21 05:20:10,8.789913373,-3.883919884,-2.082327005
2025-11-21 05:20:20,8.924044678,-3.793532010,-1.560975494
2025-11-21 05:20:30,8.733700221,-3.974269535,-1.848585479
2025-11-21 05:20:40,8.758169297,-4.144056680,-1.460229666
2025-11-21 05:20:50,8.688424986,-4.308701324,-1.443292626
2025-11-21 05:21:00,8.381481700,-4.973341564,-0.982370577
2025-11-21 05:21:10,8.290901813,-5.188156330,-0.807841202
2025-11-21 05:21:20,8.332714726,-5.206602726,-0.259421456
2025-11-21 05:21:30,8.262419391,-5.334804290,-0.068904720
2025-11-21 05:21:40,8.183218748,-5.364777700,-0.397191510
2025-11-21 05:21:50,7.928673451,-5.729065795,-0.075659240
2025-11-21 05:22:00,8.082048796,-5.552808889,-0.367517998
2025-11-21 05:22:10,8.194197981,-5.325476478,-0.486747840
2025-11-21 05:22:20,8.074208133,-5.564284732,-0.523650046
2025-11-21 05:22:30,7.994853357,-5.673830757,-0.467202045
2025-11-21 05:22:40,7.740093117,-5.954569644,-0.584061990
2025-11-21 05:22:50,7.791122623,-5.949849365,-0.551040944
2025-11-21 05:23:00,7.871375535,-5.865423258,-0.320011814
2025-11-21 05:23:10,7.415646856,-6.382863777,-0.218733225
2025-11-21 05:23:20,7.214754310,-6.693205664,-0.100813857
2025-11-21 05:23:30,7.212707842,-6.655170129,0.251801122
2025-11-21 05:23:40,7.217418032,-6.625825440,0.445418458
2025-11-21 05:23:50,6.806488753,-7.073375803,-0.368211480
2025-11-21 05:24:00,6.939399466,-6.914779803,-1.066192282
2025-11-21 05:24:10,6.659447736,-7.190194614,-0.755393386
2025-11-21 05:24:20,6.410592698,-7.407916708,-0.168871921
2025-11-21 05:24:30,6.508284665,-7.307583352,0.471644342
2025-11-21 05:24:40,6.350027972,-7.474461081,-0.309446577
2025-11-21 05:24:50,6.439802874,-7.383127586,-0.733908546
2025-11-21 05:25:00,6.754076640,-7.029722892,-1.001299256
2025-11-21 05:25:10,6.723065647,-7.114547766,-0.828838722
2025-11-21 05:25:20,6.497853425,-7.252591772,-1.125784302
2025-11-21 05:25:30,6.593578167,-7.162717739,-1.286144738
2025-11-21 05:25:40,6.549593761,-7.162178175,-1.533786554
2025-11-21 05:25:50,6.539139753,-7.189271725,-1.576560552
2025-11-21 05:26:00,6.588993321,-7.116603085,-1.299781336
2025-11-21 05:26:10,6.412895121,-7.359792639,-0.935406692
2025-11-21 05:26:20,6.499393579,-7.132525043,-1.696773655
2025-11-21 05:26:30,6.596931271,-6.996413465,-2.035503903
2025-11-21 05:26:40,6.594810354,-6.987133308,-1.980141205
2025-11-21 05:26:50,6.443249870,-7.093898609,-2.153307113
2025-11-21 05:27:00,6.078685172,-7.298795333,-2.314706450
2025-11-21 05:27:10,6.128160129,-7.359159681,-2.135649692
2025-11-21 05:27:20,6.061954812,-7.377997105,-2.265390049
2025-11-21 05:27:30,6.134998614,-7.361240936,-2.292866184
2025-11-21 05:27:40,5.969618268,-7.291827030,-2.690781275
2025-11-21 05:27:50,5.625883785,-7.585038344,-2.657391914
2025-11-21 05:28:00,5.519078700,-7.708835109,-2.588462907
2025-11-21 05:28:10,5.330787081,-7.910656864,-2.400253732
2025-11-21 05:28:20,5.355914651,-7.975847773,-1.905906989
2025-11-21 05:28:30,5.170460573,-8.139772782,-1.775661246
2025-11-21 05:28:40,5.326002529,-8.181550001,-1.170421943
2025-11-21 05:28:50,5.325569309,-8.142795221,-1.152125441
2025-11-21 05:29:00,5.262064467,-8.172514924,-1.307303952
2025-11-21 05:29:10,5.247017835,-8.201582813,-1.117645107
2025-11-21 05:29:20,5.624285680,-8.035605102,-0.791215822
2025-11-21 05:29:30,5.635632542,-8.006021472,-0.658486566
2025-11-21 05:29:40,5.536545764,-8.037974648,-0.561881117
2025-11-21 05:29:50,5.623727838,-8.038818476,-0.909791861
2025-11-21 05:30:00,5.570085126,-7.990648991,-1.135951385
2025-11-21 05:30:10,5.575203253,-7.972877693,-1.393848724
2025-11-21 05:30:20,5.594022795,-7.903768750,-1.223601305
2025-11-21 05:30:30,5.382837357,-8.116250742,-1.163876559
2025-11-21 05:30:40,5.324219961,-8.174502539,-1.235117722
2025-11-21 05:30:50,5.460114165,-8.114322157,-0.800359864
2025-11-21 05:31:00,5.372183450,-8.169480540,-0.732881824
2025-11-21 05:31:10,5.171685959,-8.282700596,-0.912072011
2025-11-21 05:31:20,5.198397350,-8.211128517,-1.074915338
2025-11-21 05:31:30,5.379904904,-8.132579632,-1.142944366
2025-11-21 05:31:40,5.271534062,-8.155928187,-1.472573143
2025-11-21 05:31:50,5.070483043,-8.279799732,-1.349212264
2025-11-21 05:32:00,5.702790855,-7.945540438,-0.962481786
2025-11-21 05:32:10,5.892247357,-7.763183814,-1.023824031
2025-11-21 05:32:20,5.803358829,-7.789430898,-1.429001989
2025-11-21 05:32:30,6.052529101,-7.550940238,-1.627822254
2025-11-21 05:32:40,5.912117656,-7.695581317,-1.416503205
2025-11-21 05:32:50,6.016703857,-7.477659110,-2.176612015
2025-11-21 05:33:00,6.114642619,-7.290117351,-2.360921916
2025-11-21 05:33:10,6.247976571,-7.155016388,-2.443432589
2025-11-21 05:33:20,6.082138432,-7.301329756,-2.421589670
2025-11-21 05:33:30,6.390725221,-7.063355613,-2.209046192
2025-11-21 05:33:40,6.370242420,-7.214283118,-1.874718672
2025-11-21 05:33:50,6.405257542,-7.183164178,-1.863008691
2025-11-21 05:34:00,6.321042515,-7.372175420,-1.393999477
2025-11-21 05:34:10,6.643156613,-7.035958941,-1.590899934
2025-11-21 05:34:20,6.541338853,-7.163774759,-1.455888068
2025-11-21 05:34:30,6.569987714,-7.098263311,-1.686816027
2025-11-21 05:34:40,6.953915019,-6.681035148,-1.875875102
2025-11-21 05:34:50,6.711272148,-6.925471767,-1.891485617
2025-11-21 05:35:00,6.844561373,-6.821644797,-1.810651453
2025-11-21 05:35:10,6.862148774,-6.889580300,-1.370208638
2025-11-21 05:35:20,6.780218057,-6.939937574,-1.446235194
2025-11-21 05:35:30,7.213584686,-6.497504853,-1.505718933
2025-11-21 05:35:40,6.964856617,-6.680255072,-1.738328091
2025-11-21 05:35:50,6.904920056,-6.788929446,-1.767376081
2025-11-21 05:36:00,6.853003945,-6.843804156,-1.571728751
2025-11-21 05:36:10,6.775588706,-6.925942406,-1.763179859
2025-11-21 05:36:20,6.718593493,-6.984732488,-1.369807427
2025-11-21 05:36:30,7.038543788,-6.664921255,-1.720252581
2025-11-21 05:36:40,6.806726679,-6.816269031,-1.928097020
2025-11-21 05:36:50,7.075244517,-6.477133369,-2.054827656
2025-11-21 05:37:00,7.310308352,-6.101931110,-2.288227153
2025-11-21 05:37:10,7.121501671,-6.458500944,-2.111570282
2025-11-21 05:37:20,7.288886030,-6.302902391,-1.770658966
2025-11-21 05:37:30,7.287106957,-6.207271494,-2.137481625
2025-11-21 05:37:40,7.416902350,-6.110136270,-1.968049733
2025-11-21 05:37:50,7.865355182,-5.462551610,-2.204027445
2025-11-21 05:38:00,7.927105715,-5.028042955,-2.860787291
2025-11-21 05:38:10,7.983469861,-4.850676762,-2.954688828
2025-11-21 05:38:20,7.781478752,-5.110626349,-3.052835234
2025-11-21 05:38:30,7.901407147,-5.221711669,-2.472244109
2025-11-21 05:38:40,8.050139214,-5.022953263,-2.372534054
2025-11-21 05:38:50,8.217854057,-4.839371102,-2.214244473
2025-11-21 05:39:00,8.353195776,-4.558603758,-2.357425322
2025-11-21 05:39:10,8.534496944,-4.311191497,-2.278651637
2025-11-21 05:39:20,8.436034400,-4.485703368,-2.222549087
2025-11-21 05:39:30,8.590035564,-4.312060714,-2.057454773
2025-11-21 05:39:40,8.626024262,-3.838149978,-2.707513268
2025-11-21 05:39:50,8.788949086,-3.689319265,-2.311300044
2025-11-21 05:40:00,8.856089371,-3.360563683,-2.540205343
2025-11-21 05:40:10,8.708516574,-3.682481301,-2.626274262
2025-11-21 05:40:20,8.917405286,-3.456758929,-2.088179335
2025-11-21 05:40:30,8.577715944,-4.009681803,-2.557521310
2025-11-21 05:40:40,8.855466018,-3.148982252,-2.803978056
2025-11-21 05:40:50,8.767593685,-3.355363554,-2.879906503
2025-11-21 05:41:00,8.854031984,-3.087177195,-2.914383355
2025-11-21 05:41:10,8.933170564,-2.907813946,-2.807267002
2025-11-21 05:41:20,8.700850691,-3.421786240,-2.930211751
2025-11-21 05:41:30,8.690650151,-3.679265219,-2.532225817
2025-11-21 05:41:40,8.876202983,-3.428972655,-2.387618752
2025-11-21 05:41:50,8.835309718,-3.393422159,-2.653712939
2025-11-21 05:42:00,8.821042511,-3.371449368,-2.547584671
2025-11-21 05:42:10,8.818202213,-3.340898132,-2.797396871
2025-11-21 05:42:20,8.980254659,-2.567440632,-2.983490654
2025-11-21 05:42:30,8.821855907,-2.638548983,-3.275444410
2025-11-21 05:42:40,8.948206328,-2.058571230,-3.381009991
2025-11-21 05:42:50,8.811170171,-2.229267607,-3.718468276
2025-11-21 05:43:00,8.661043226,-2.274465831,-4.054271194
2025-11-21 05:43:10,8.805747921,-1.916412960,-3.934435617
2025-11-21 05:43:20,8.918439395,-1.672656965,-3.759549913
2025-11-21 05:43:30,9.026897430,-2.194093997,-3.146663807
2025-11-21 05:43:40,8.951731328,-1.908433161,-3.498771092
2025-11-21 05:43:50,8.893707318,-2.184164767,-3.528518444
2025-11-21 05:44:00,8.710233202,-2.415797828,-3.871631833
2025-11-21 05:44:10,8.593072059,-2.503960376,-3.931823933
2025-11-21 05:44:20,8.586425030,-2.870126819,-3.845576038
2025-11-21 05:44:30,8.566344516,-3.229928596,-3.501743198
2025-11-21 05:44:40,8.830132101,-2.961079450,-3.045373461
2025-11-21 05:44:50,8.951625928,-2.860823582,-2.965758250
2025-11-21 05:45:00,8.978443877,-2.751890629,-2.915950515
2025-11-21 05:45:10,9.007799007,-3.098714796,-2.513895221
2025-11-21 05:45:20,8.642215237,-3.273277521,-3.303734233
2025-11-21 05:45:30,8.438915414,-3.796541054,-3.261583173
2025-11-21 05:45:40,8.363518535,-3.873776851,-3.290176435
2025-11-21 05:45:50,8.315777152,-3.344163181,-3.946793196
2025-11-21 05:46:00,8.410701896,-3.108072794,-4.030575991
2025-11-21 05:46:10,8.243091763,-2.858371270,-4.459613571
2025-11-21 05:46:20,8.273802133,-2.733959398,-4.488232496
2025-11-21 05:46:30,8.226268082,-2.869747911,-4.498505798
2025-11-21 05:46:40,8.407355062,-2.391845288,-4.467229939
2025-11-21 05:46:50,8.066360342,-2.641173419,-4.927023884
2025-11-21 05:47:00,7.962921984,-2.901654528,-4.971736705
2025-11-21 05:47:10,8.147521862,-2.526389290,-4.932172015
2025-11-21 05:47:20,8.145273288,-2.557430421,-4.855420852
2025-11-21 05:47:30,7.912656950,-2.556055178,-5.171052269
2025-11-21 05:47:40,8.102351462,-2.599904458,-4.875423376
2025-11-21 05:47:50,7.858302532,-2.125200173,-5.488076294
2025-11-21 05:48:00,8.153629113,-2.055985926,-5.011141513
2025-11-21 05:48:10,8.144846161,-2.683446280,-4.677374396
2025-11-21 05:48:20,8.091016054,-2.022080082,-5.230164188
2025-11-21 05:48:30,8.171154319,-1.862305619,-5.086447129
2025-11-21 05:48:40,7.994698273,-2.540187863,-5.055847580
2025-11-21 05:48:50,8.227291750,-2.970449916,-4.442194330
2025-11-21 05:49:00,8.091635043,-2.690228068,-4.891067737
2025-11-21 05:49:10,8.309351535,-2.973066234,-4.255184654
2025-11-21 05:49:20,8.468232764,-3.097028285,-3.891149914
2025-11-21 05:49:30,8.334504053,-3.083121189,-4.147180666
2025-11-21 05:49:40,8.238509348,-3.367773583,-4.160738470
2025-11-21 05:49:50,8.395440441,-2.777312152,-4.195106823
2025-11-21 05:50:00,8.425892872,-3.157395973,-3.924258778
2025-11-21 05:50:10,8.722779936,-3.257476489,-3.031078622
2025-11-21 05:50:20,8.510733975,-3.231620089,-3.598634738
2025-11-21 05:50:30,8.561917306,-2.527025330,-4.068701660
2025-11-21 05:50:40,8.301529648,-2.346721988,-4.658285244
2025-11-21 05:50:50,8.126993892,-2.321732744,-5.009530402
2025-11-21 05:51:00,8.034901415,-2.551591341,-5.030709299
2025-11-21 05:51:10,8.387193368,-1.339422983,-4.890866288
2025-11-21 05:51:20,8.753218650,-1.684769647,-4.064602845
2025-11-21 05:51:30,8.780800788,-1.436355064,-4.097818311
2025-11-21 05:51:40,9.023817892,-1.554749907,-3.443880431
2025-11-21 05:51:50,9.086978574,-1.639109169,-3.357798043
2025-11-21 05:52:00,9.218702071,-1.039128322,-3.202063485
2025-11-21 05:52:10,9.022628929,-1.285024291,-3.668424448
2025-11-21 05:52:20,8.842727864,-0.936171571,-4.114520679
2025-11-21 05:52:30,8.800540139,-1.016943419,-4.186123177
2025-11-21 05:52:40,8.703462106,-0.638554287,-4.392140889
2025-11-21 05:52:50,8.859114470,-0.018919423,-4.276969289
2025-11-21 05:53:00,8.340776770,0.111148449,-5.096117056
2025-11-21 05:53:10,8.754569059,0.532136703,-4.414499411
2025-11-21 05:53:20,9.246433198,0.329232024,-3.314509514
2025-11-21 05:53:30,9.355270280,0.730012237,-2.773159150
2025-11-21 05:53:40,9.408154204,0.664215537,-2.649506021
2025-11-21 05:53:50,9.332003028,0.252986984,-3.080678155
2025-11-21 05:54:00,9.295583048,0.271869235,-3.154928629
2025-11-21 05:54:10,9.321346313,0.475613008,-3.118822940
2025-11-21 05:54:20,9.258368705,0.221292031,-3.232031053
2025-11-21 05:54:30,8.940041708,0.665295983,-3.929457248
2025-11-21 05:54:40,9.030194947,0.880493757,-3.728644232
2025-11-21 05:54:50,8.923760993,1.294101265,-3.817764211
2025-11-21 05:55:00,9.030068172,1.228809521,-3.606024691
2025-11-21 05:55:10,8.871779768,2.013858099,-3.644677304
2025-11-21 05:55:20,9.026571946,1.685949408,-3.454946163
2025-11-21 05:55:30,8.924275904,1.749901423,-3.651026147
2025-11-21 05:55:40,8.917747107,1.839958147,-3.589185302
2025-11-21 05:55:50,8.928783476,1.900030759,-3.649851395
2025-11-21 05:56:00,8.827104982,2.187656963,-3.656414655
2025-11-21 05:56:10,8.889018579,2.357178751,-3.423254762
2025-11-21 05:56:20,9.027481205,2.153060505,-3.157694253
2025-11-21 05:56:30,9.084073227,2.141967487,-2.982106495
2025-11-21 05:56:40,9.324597442,1.869342286,-2.401563014
2025-11-21 05:56:50,9.283866012,2.229213021,-2.192515294
2025-11-21 05:57:00,9.334003520,1.988638619,-2.348585817
2025-11-21 05:57:10,9.208140060,1.962291203,-2.812564238
2025-11-21 05:57:20,9.347509810,1.547804078,-2.525909332
2025-11-21 05:57:30,9.348688527,1.889328811,-2.245557818
2025-11-21 05:57:40,9.339756495,1.697565814,-2.374176999
2025-11-21 05:57:50,9.345142357,1.188200852,-2.811573767
2025-11-21 05:58:00,9.356350305,1.151262610,-2.788398236
2025-11-21 05:58:10,9.320696294,1.415404435,-2.701784991
2025-11-21 05:58:20,9.268234040,2.234187238,-2.194765998
2025-11-21 05:58:30,9.397320236,1.721695565,-2.328979042
2025-11-21 05:58:40,9.506626721,1.464005183,-1.957948381
2025-11-21 05:58:50,9.461784060,1.224778014,-2.278555916
2025-11-21 05:59:00,9.575429957,0.649176236,-2.100431234
2025-11-21 05:59:10,9.555167601,0.750939178,-2.018787493
2025-11-21 05:59:20,9.458709664,1.008016076,-2.424197365
2025-11-21 05:59:30,9.712839219,0.592874634,-1.280527011
2025-11-21 05:59:40,9.767281634,0.255178046,-1.006478483
2025-11-21 05:59:50,9.721836912,0.580959512,-1.065779485
2025-11-21 06:00:00,9.618481725,0.977055696,-1.784382440
2025-11-21 06:00:10,9.562348003,1.442183862,-1.595078589
2025-11-21 06:00:20,9.405467963,1.735587882,-2.244162863
2025-11-21 06:00:30,9.168445649,1.398256511,-3.143811554
2025-11-21 06:00:40,9.136640795,1.396490627,-3.387531375
2025-11-21 06:00:50,9.319774548,0.851925222,-2.943377448
2025-11-21 06:01:00,9.030573872,0.887869376,-3.732360279
2025-11-21 06:01:10,9.053668564,0.214162441,-3.865471197
2025-11-21 06:01:20,9.038444462,0.450573145,-3.787176192
2025-11-21 06:01:30,8.974486019,0.446584609,-3.940854576
2025-11-21 06:01:40,8.662543528,1.714365830,-4.253783172
2025-11-21 06:01:50,8.500733906,1.450816962,-4.609438676
2025-11-21 06:02:00,8.454480923,0.579597676,-4.990076815
2025-11-21 06:02:10,8.304310398,0.470250548,-5.195932427
2025-11-21 06:02:20,8.780591959,0.896981930,-4.329528716
2025-11-21 06:02:30,8.898776373,0.951562632,-4.067258348
2025-11-21 06:02:40,8.600451361,0.415754288,-4.678870389
2025-11-21 06:02:50,8.946069542,1.111643784,-3.867358596
2025-11-21 06:03:00,9.005644448,0.907585359,-3.861229148
2025-11-21 06:03:10,8.947978459,0.660175859,-3.913581585
2025-11-21 06:03:20,8.990642751,0.899847070,-3.763781626
2025-11-21 06:03:30,9.163804062,0.694251989,-3.428146860
2025-11-21 06:03:40,9.179265488,0.776173558,-3.276907329
2025-11-21 06:03:50,9.389557973,0.821201406,-2.730255674
2025-11-21 06:04:00,9.529560383,0.610242845,-2.341102638
2025-11-21 06:04:10,9.585073393,0.563656592,-1.965267703
2025-11-21 06:04:20,9.528865507,1.825067357,-1.794991695
2025-11-21 06:04:30,9.671377393,1.242952769,-1.162852821
2025-11-21 06:04:40,9.719114948,0.327094701,-1.468120739
2025-11-21 06:04:50,9.575665801,-0.226340695,-2.218012068
2025-11-21 06:05:00,9.508830565,-0.949035140,-2.177097332
2025-11-21 06:05:10,9.600547220,-1.127010847,-1.579552778
2025-11-21 06:05:20,9.676857145,-1.273981442,-0.908387025
2025-11-21 06:05:30,9.675869391,-1.184501699,-0.960183317
2025-11-21 06:05:40,9.805233021,-0.656946593,-0.109806696
2025-11-21 06:05:50,9.761125381,-0.673656617,0.290412350
2025-11-21 06:06:00,9.658374158,-1.560023862,0.128929503
2025-11-21 06:06:10,9.606740642,-2.062433743,0.412495864
2025-11-21 06:06:20,9.535503309,-2.396222937,0.276952665
2025-11-21 06:06:30,9.320650017,-3.071741219,-0.316286420
2025-11-21 06:06:40,9.443070201,-2.566406953,-0.154613269
2025-11-21 06:06:50,9.528538547,-2.200172726,-0.434741359
2025-11-21 06:07:00,9.504423837,-2.407773442,-0.414505414
2025-11-21 06:07:10,9.660566918,-1.566892664,-0.381954431
2025-11-21 06:07:20,9.671720772,-1.634461770,-0.147883657
2025-11-21 06:07:30,9.725294756,-1.554496549,-0.234780143
2025-11-21 06:07:40,9.654763607,-1.806410097,-0.544069744
2025-11-21 06:07:50,9.616267181,-1.759848437,-0.305401377
2025-11-21 06:08:00,9.725132722,-1.275212893,-0.522813920
2025-11-21 06:08:10,9.688119841,-1.449930695,-0.535576460
2025-11-21 06:08:20,9.632176556,-1.498169759,-1.327888213
2025-11-21 06:08:30,9.799224765,-0.217630447,-0.523834202
2025-11-21 06:08:40,9.728156143,0.728192135,-1.076574569
2025-11-21 06:08:50,9.715961179,0.210422439,-1.393839229
2025-11-21 06:09:00,9.685849947,0.630730751,-1.435930624
2025-11-21 06:09:10,9.574937281,0.673770183,-2.024110037
2025-11-21 06:09:20,9.363266008,0.915870141,-2.695627824
2025-11-21 06:09:30,9.504527899,0.528265213,-2.347992971
2025-11-21 06:09:40,9.247227817,-0.342093663,-3.174636564
2025-11-21 06:09:50,9.294172155,0.309579063,-3.215582368
2025-11-21 06:10:00,9.255934830,0.675408597,-3.153440619
2025-11-21 06:10:10,8.999681443,0.697539481,-3.977389031
2025-11-21 06:10:20,8.695780093,0.894033902,-4.413959255
2025-11-21 06:10:30,8.685066026,0.460315640,-4.518311089
2025-11-21 06:10:40,8.437897894,0.582138621,-4.999410979
2025-11-21 06:10:50,7.651872794,1.219131721,-5.968323855
2025-11-21 06:11:00,7.854660841,0.838449223,-5.846274603
2025-11-21 06:11:10,8.132239974,0.400928662,-5.452646878
2025-11-21 06:11:20,7.554409703,0.576042350,-6.189448454
2025-11-21 06:11:30,7.750282840,1.712710122,-5.702163732
2025-11-21 06:11:40,7.906571959,1.405683265,-5.611313352
2025-11-21 06:11:50,7.785043941,1.279941992,-5.844152814
2025-11-21 06:12:00,7.201720215,1.453091764,-6.529569868
2025-11-21 06:12:10,6.474897708,2.414106007,-6.879270497
2025-11-21 06:12:20,6.466006584,2.647749342,-6.880632819
2025-11-21 06:12:30,6.178314601,2.960180725,-7.068207613
2025-11-21 06:12:40,6.595648637,2.428962449,-6.826460042
2025-11-21 06:12:50,7.211098917,2.518823579,-6.202400305
2025-11-21 06:13:00,7.475814078,2.559291860,-5.796807970
2025-11-21 06:13:10,7.666443385,2.380840611,-5.610710116
2025-11-21 06:13:20,7.804093096,1.605138649,-5.734711452
2025-11-21 06:13:30,7.920948396,0.384796162,-5.795181402
2025-11-21 06:13:40,8.018302503,1.372791525,-5.466762077
2025-11-21 06:13:50,7.801454599,0.874387138,-5.880706816
2025-11-21 06:14:00,8.048973643,0.985539220,-5.449252424
2025-11-21 06:14:10,7.619211109,1.048907736,-6.079407638
2025-11-21 06:14:20,7.860611683,0.432934908,-5.868476013
2025-11-21 06:14:30,7.905596012,0.461601716,-5.811919353
2025-11-21 06:14:40,7.760043068,0.753876125,-6.010917961
2025-11-21 06:14:50,7.433078119,0.343360700,-6.400295708
2025-11-21 06:15:00,6.557689995,0.195640114,-7.283179036
2025-11-21 06:15:10,6.587662462,0.352907371,-7.247358743
2025-11-21 06:15:20,7.012248420,0.464416265,-6.869309668
2025-11-21 06:15:30,6.646488356,0.737947452,-7.182683737
2025-11-21 06:15:40,7.049778738,0.839679256,-6.800337961
2025-11-21 06:15:50,6.807250097,1.489554994,-6.896324484
2025-11-21 06:16:00,6.873646467,2.167244943,-6.679356735
2025-11-21 06:16:10,6.097242245,2.196424329,-7.408211779
2025-11-21 06:16:20,6.211700568,2.297653452,-7.235214529
2025-11-21 06:16:30,6.011962499,1.997647918,-7.489523993
2025-11-21 06:16:40,5.835840458,2.072843156,-7.583321099
2025-11-21 06:16:50,5.724055840,2.207550069,-7.624458352
2025-11-21 06:17:00,5.752818713,2.283862144,-7.618431037
2025-11-21 06:17:10,5.546551266,2.545511086,-7.692903104
2025-11-21 06:17:20,5.801456345,2.399332940,-7.495540734
2025-11-21 06:17:30,5.634102991,2.794393301,-7.512199696
2025-11-21 06:17:40,5.762611643,2.994769090,-7.337904642
2025-11-21 06:17:50,5.772981533,3.032631237,-7.326811403
2025-11-21 06:18:00,5.669695655,3.446896256,-7.207524247
2025-11-21 06:18:10,5.414244472,3.340626180,-7.495884779
2025-11-21 06:18:20,5.828922424,2.865236027,-7.361264494
2025-11-21 06:18:30,5.787294376,2.983894684,-7.346885384
2025-11-21 06:18:40,5.763012891,2.797699156,-7.449563465
2025-11-21 06:18:50,5.536088950,3.298937311,-7.370822598
2025-11-21 06:19:00,5.456520930,3.034962005,-7.617583752
2025-11-21 06:19:10,5.371870788,2.966958250,-7.641186853
2025-11-21 06:19:20,5.051657367,2.955408588,-7.872239224
2025-11-21 06:19:30,4.891369508,2.800787868,-8.021970054
2025-11-21 06:19:40,4.681879184,2.526753829,-8.242189096
2025-11-21 06:19:50,4.222154585,2.131894952,-8.601321574
2025-11-21 06:20:00,4.157387034,2.083103894,-8.664757684
2025-11-21 06:20:10,4.188422320,1.781592761,-8.678584444
2025-11-21 06:20:20,4.294691261,2.141734014,-8.554683914
2025-11-21 06:20:30,4.276674448,2.036807582,-8.618521412
2025-11-21 06:20:40,4.456636270,2.096844925,-8.468182722
2025-11-21 06:20:50,4.572778672,2.316193624,-8.349817104
2025-11-21 06:21:00,4.644792288,2.061703050,-8.433893551
2025-11-21 06:21:10,4.972425655,1.786513655,-8.297332917
2025-11-21 06:21:20,4.884538113,1.656627839,-8.364722285
2025-11-21 06:21:30,4.722604060,1.714294388,-8.440131851
2025-11-21 06:21:40,4.937701042,1.738959996,-8.289365947
2025-11-21 06:21:50,4.758533426,1.533127777,-8.449624548
2025-11-21 06:22:00,4.964458987,1.011270572,-8.441327710
2025-11-21 06:22:10,4.965054317,0.901591535,-8.440117677
2025-11-21 06:22:20,4.777386168,0.694131780,-8.568546125
2025-11-21 06:22:30,4.425281336,1.369075996,-8.646589185
2025-11-21 06:22:40,4.389664762,1.444057988,-8.659252502
2025-11-21 06:22:50,4.384023517,0.969948935,-8.709590044
2025-11-21 06:23:00,4.116880016,1.100906696,-8.854615859
2025-11-21 06:23:10,3.788862566,0.967205858,-9.014028678
2025-11-21 06:23:20,3.671382563,1.373426669,-8.977248136
2025-11-21 06:23:30,3.994627421,1.571123816,-8.837323920
2025-11-21 06:23:40,3.944299919,1.331536192,-8.871592582
2025-11-21 06:23:50,3.893022030,1.349442538,-8.922304543
2025-11-21 06:24:00,3.628825693,1.084609113,-9.086914697
2025-11-21 06:24:10,3.775518141,0.943381748,-9.025023484
2025-11-21 06:24:20,4.090939122,0.656421217,-8.883575669
2025-11-21 06:24:30,3.950954193,0.455374048,-8.952015673
2025-11-21 06:24:40,4.111146701,0.579009172,-8.859415968
2025-11-21 06:24:50,4.572400115,0.044164094,-8.691256895
2025-11-21 06:25:00,4.413465599,0.035215306,-8.757116524
2025-11-21 06:25:10,4.454167285,-0.225483578,-8.697758372
2025-11-21 06:25:20,4.448891649,0.000009340,-8.748606603
2025-11-21 06:25:30,5.053503208,-0.359948965,-8.425617150
2025-11-21 06:25:40,5.292970877,-0.178712969,-8.231537612
2025-11-21 06:25:50,5.099276405,0.131782812,-8.361435364
2025-11-21 06:26:00,4.850187678,-0.442873215,-8.500135790
2025-11-21 06:26:10,4.672033642,-0.134175305,-8.617884139
2025-11-21 06:26:20,4.850064592,0.079985169,-8.561347254
2025-11-21 06:26:30,5.128179169,0.206186373,-8.374780951
2025-11-21 06:26:40,5.313261816,0.131693055,-8.304578514
2025-11-21 06:26:50,5.016291206,-0.033689942,-8.423426987
2025-11-21 06:27:00,4.967591034,-0.242123841,-8.433454478
2025-11-21 06:27:10,5.165092871,-0.624582502,-8.275934251
2025-11-21 06:27:20,4.891146408,-0.393226100,-8.522120495
2025-11-21 06:27:30,5.205755543,-0.159357281,-8.304587613
2025-11-21 06:27:40,5.619399042,-0.227357952,-8.052650007
2025-11-21 06:27:50,5.746291486,-0.101956803,-7.984483402
2025-11-21 06:28:00,5.647486530,-0.333752344,-8.001769370
2025-11-21 06:28:10,5.729408172,0.070889156,-7.962950505
2025-11-21 06:28:20,5.661940738,-0.054446957,-8.026904637
2025-11-21 06:28:30,5.964383745,-0.205438307,-7.798366826
2025-11-21 06:28:40,6.146103081,0.047606712,-7.631925357
2025-11-21 06:28:50,6.350700015,0.388825349,-7.448511680
2025-11-21 06:29:00,6.216778390,0.452999202,-7.560988824
2025-11-21 06:29:10,6.352577245,0.038240559,-7.432925273
2025-11-21 06:29:20,6.202426029,0.499633163,-7.594089229
2025-11-21 06:29:30,6.063678827,0.923165641,-7.660840862
2025-11-21 06:29:40,6.397561223,1.289754707,-7.348306286
2025-11-21 06:29:50,6.473249752,0.907273664,-7.306190789
2025-11-21 06:30:00,6.378345419,1.138304401,-7.347019469
2025-11-21 06:30:10,6.461604806,1.110281603,-7.345773509
2025-11-21 06:30:20,6.269576338,1.153784461,-7.413452683
2025-11-21 06:30:30,6.466675563,0.825580962,-7.345908202
2025-11-21 06:30:40,6.450861698,0.399566731,-7.428675819
2025-11-21 06:30:50,6.493652151,0.559233435,-7.323123776
2025-11-21 06:31:00,6.528946260,0.518719120,-7.318933625
2025-11-21 06:31:10,6.619759198,0.589448071,-7.278908980
2025-11-21 06:31:20,6.818063825,0.712915940,-7.021963153
2025-11-21 06:31:30,6.568419501,1.352075633,-7.195712729
2025-11-21 06:31:40,6.363328463,1.293416349,-7.356321528
2025-11-21 06:31:50,6.202478853,1.612471940,-7.451527397
2025-11-21 06:32:00,6.090482658,1.927439698,-7.425103164
2025-11-21 06:32:10,5.974481786,1.796685820,-7.577634663
2025-11-21 06:32:20,5.698498284,1.915254352,-7.775563073
2025-11-21 06:32:30,5.644541712,1.876861919,-7.775291007
2025-11-21 06:32:40,5.681943045,1.719628126,-7.775484449
2025-11-21 06:32:50,5.608816558,1.844630269,-7.856972507
2025-11-21 06:33:00,5.623427227,1.833604511,-7.822051285
2025-11-21 06:33:10,5.907330586,1.756216052,-7.627580503
2025-11-21 06:33:20,5.923519874,1.685548911,-7.630830898
2025-11-21 06:33:30,6.309908644,1.943811092,-7.308121536
2025-11-21 06:33:40,6.195283010,1.788468200,-7.357703576
2025-11-21 06:33:50,6.469253532,1.788806671,-7.215465030
2025-11-21 06:34:00,6.637782679,2.111725029,-6.936817782
2025-11-21 06:34:10,6.355130158,2.317590626,-7.127578300
2025-11-21 06:34:20,6.097861000,2.253172163,-7.338802217
2025-11-21 06:34:30,6.019765827,2.369399811,-7.336956508
2025-11-21 06:34:40,5.668084740,2.451849268,-7.648397513
2025-11-21 06:34:50,5.854924479,2.677172256,-7.428215109
2025-11-21 06:35:00,5.600873496,2.586375950,-7.688270337
2025-11-21 06:35:10,6.003467098,2.467962444,-7.415797853
2025-11-21 06:35:20,6.228952652,2.127587493,-7.255549540
2025-11-21 06:35:30,6.194769235,2.187888990,-7.269575032
2025-11-21 06:35:40,6.410686884,2.015341809,-7.124488721
2025-11-21 06:35:50,6.782553870,1.660628733,-6.865504839
2025-11-21 06:36:00,6.668121477,1.859366732,-6.958177217
2025-11-21 06:36:10,6.607429028,2.076808759,-6.961298420
2025-11-21 06:36:20,6.904113681,1.889824274,-6.679379016
2025-11-21 06:36:30,6.890792109,2.018058869,-6.672478114
2025-11-21 06:36:40,6.849495836,1.988169307,-6.784393213
2025-11-21 06:36:50,6.752619013,1.617738268,-6.952236100
2025-11-21 06:37:00,6.733870246,1.532076041,-6.943437672
2025-11-21 06:37:10,6.934067144,1.259375067,-6.829837789
2025-11-21 06:37:20,6.912750181,1.434869546,-6.847437361
2025-11-21 06:37:30,7.054020145,1.818742601,-6.598473857
2025-11-21 06:37:40,6.960518317,1.409417804,-6.771468865
2025-11-21 06:37:50,6.899892753,1.228854031,-6.864904455
2025-11-21 06:38:00,6.623850508,0.829745890,-7.176350083
2025-11-21 06:38:10,6.238439579,1.124475013,-7.516851680
2025-11-21 06:38:20,6.305130095,0.959039125,-7.459638784
2025-11-21 06:38:30,6.279465857,0.652132230,-7.573319013
2025-11-21 06:38:40,6.126100207,1.007006866,-7.598956997
2025-11-21 06:38:50,6.105628321,0.834688065,-7.594627842
2025-11-21 06:39:00,6.109901394,1.013064133,-7.683248809
2025-11-21 06:39:10,6.275323582,1.396561577,-7.457570526
2025-11-21 06:39:20,6.505259391,1.296619003,-7.201349626
2025-11-21 06:39:30,6.538822109,1.722722727,-7.131934638
2025-11-21 06:39:40,6.650456813,1.838826871,-6.966810101
2025-11-21 06:39:50,6.750292900,2.088845274,-6.802865514
2025-11-21 06:40:00,7.034027228,2.437277852,-6.345000441
2025-11-21 06:40:10,7.265436476,2.441787243,-6.112966748
2025-11-21 06:40:20,7.140926493,2.284522408,-6.325457570
2025-11-21 06:40:30,7.174243633,2.077240878,-6.366051943
2025-11-21 06:40:40,7.463330074,1.800064306,-6.158550118
2025-11-21 06:40:50,7.569032241,2.090344823,-5.877963958
2025-11-21 06:41:00,7.305498876,2.204069968,-6.109592289
2025-11-21 06:41:10,7.349322183,2.252520152,-6.112572756
2025-11-21 06:41:20,7.429648067,2.315815054,-6.046399130
2025-11-21 06:41:30,7.397130695,2.266211644,-6.072777551
2025-11-21 06:41:40,7.189504630,2.118475672,-6.296748465
2025-11-21 06:41:50,7.027837381,2.102417666,-6.484972778
2025-11-21 06:42:00,7.207928519,2.165137947,-6.242247929
2025-11-21 06:42:10,7.247855792,2.208795379,-6.219033485
2025-11-21 06:42:20,7.256730983,2.363647323,-6.129361735
2025-11-21 06:42:30,7.429197777,2.257167590,-6.007410499
2025-11-21 06:42:40,7.529576032,2.245323259,-5.851171163
2025-11-21 06:42:50,7.441085447,2.205495393,-5.912570685
2025-11-21 06:43:00,7.535794193,2.375736102,-5.872953823
2025-11-21 06:43:10,7.720240061,1.916398938,-5.760093207
2025-11-21 06:43:20,7.765453574,1.982997128,-5.625601925
2025-11-21 06:43:30,7.893547924,1.847767326,-5.480479123
2025-11-21 06:43:40,7.993958079,1.534308382,-5.461013800
2025-11-21 06:43:50,8.089681433,1.668068034,-5.324198593
2025-11-21 06:44:00,8.117910741,1.440566414,-5.235597183
2025-11-21 06:44:10,8.030944765,1.824879987,-5.332787245
2025-11-21 06:44:20,8.075953640,1.400832450,-5.412431515
2025-11-21 06:44:30,8.017339062,1.365667607,-5.482668418
2025-11-21 06:44:40,8.013922651,1.485923342,-5.455974075
2025-11-21 06:44:50,7.986179958,1.605354975,-5.436050569
2025-11-21 06:45:00,7.926279207,1.558711738,-5.518449330
2025-11-21 06:45:10,8.037516710,1.238846230,-5.540238608
2025-11-21 06:45:20,7.786536752,0.987102085,-5.838099269
2025-11-21 06:45:30,8.074211020,0.801035108,-5.595402307
2025-11-21 06:45:40,8.255677869,0.646930511,-5.245009552
2025-11-21 06:45:50,8.297098170,0.680517960,-5.234730591
2025-11-21 06:46:00,8.322472218,0.746452046,-5.057825979
2025-11-21 06:46:10,8.432895154,0.431548298,-5.025844967
2025-11-21 06:46:20,8.377631017,0.674606218,-5.026938070
2025-11-21 06:46:30,8.290193086,0.795898784,-5.192053113
2025-11-21 06:46:40,8.205412540,0.842389979,-5.343193062
2025-11-21 06:46:50,7.999873633,0.841085788,-5.639706385
2025-11-21 06:47:00,8.059767819,1.146256748,-5.437456744
2025-11-21 06:47:10,8.231688676,1.190864326,-5.190556088
2025-11-21 06:47:20,8.202351109,0.777892426,-5.341016156
2025-11-21 06:47:30,8.243168117,0.998719617,-5.344201666
2025-11-21 06:47:40,8.238797996,1.139629408,-5.245741506
2025-11-21 06:47:50,8.264700537,0.867828726,-5.212198876
2025-11-21 06:48:00,8.347672053,0.454198031,-5.126308870
2025-11-21 06:48:10,8.370942934,0.700808772,-5.097253431
2025-11-21 06:48:20,8.476177432,0.500958326,-4.992492853
2025-11-21 06:48:30,8.217898762,0.487809022,-5.334535322
2025-11-21 06:48:40,8.005267371,0.712898430,-5.678950611
2025-11-21 06:48:50,7.902327475,0.765056801,-5.782103913
2025-11-21 06:49:00,7.906216359,1.174112636,-5.651021610
2025-11-21 06:49:10,8.091412255,0.625673774,-5.517021072
2025-11-21 06:49:20,8.238213198,0.693984255,-5.351528081
2025-11-21 06:49:30,8.383219644,0.812571282,-5.045362630
2025-11-21 06:49:40,8.475646567,0.812650583,-4.931264026
2025-11-21 06:49:50,8.415192288,1.038062591,-4.922887062
2025-11-21 06:50:00,8.426004377,1.472563061,-4.828074937
2025-11-21 06:50:10,8.418456239,1.441069710,-4.842926845
2025-11-21 06:50:20,8.578598962,1.226270491,-4.681064310
2025-11-21 06:50:30,8.545368214,1.076352694,-4.679229900
2025-11-21 06:50:40,8.579197527,0.749437830,-4.697369857
2025-11-21 06:50:50,8.660105315,1.178317155,-4.512270812
2025-11-21 06:51:00,8.814988897,1.292738514,-4.157030576
2025-11-21 06:51:10,8.687196737,1.585054129,-4.361609362
2025-11-21 06:51:20,8.778712858,1.393808422,-4.264868756
2025-11-21 06:51:30,8.674490276,1.833823996,-4.223666644
2025-11-21 06:51:40,8.617831070,2.006532395,-4.294454273
2025-11-21 06:51:50,8.764194316,1.611556716,-4.169133081
2025-11-21 06:52:00,8.915889486,1.408254118,-3.900796925
2025-11-21 06:52:10,8.782596370,1.741484301,-3.949957487
2025-11-21 06:52:20,8.676613191,1.600240891,-4.284759476
2025-11-21 06:52:30,8.660140347,1.701392422,-4.318792485
2025-11-21 06:52:40,8.881628557,1.479721771,-3.933361778
2025-11-21 06:52:50,9.021930505,1.829392329,-3.478332316
2025-11-21 06:53:00,8.935892588,1.883374144,-3.604640729
2025-11-21 06:53:10,8.895089336,1.794880787,-3.820543981
2025-11-21 06:53:20,8.812328627,1.866997938,-3.939010988
2025-11-21 06:53:30,8.846034684,2.350090920,-3.501177748
2025-11-21 06:53:40,8.780306183,2.922183027,-3.186941997
2025-11-21 06:53:50,8.882758599,3.066491725,-2.821623979
2025-11-21 06:54:00,8.948673916,3.021334654,-2.738669388
2025-11-21 06:54:10,9.088005534,2.741637971,-2.449125362
2025-11-21 06:54:20,9.198188542,2.606093148,-2.075318910
2025-11-21 06:54:30,9.187192422,2.761439624,-2.199444892
2025-11-21 06:54:40,9.260232472,2.782612415,-1.830895379
2025-11-21 06:54:50,9.174534153,2.805993846,-2.079711319
2025-11-21 06:55:00,9.253504415,2.568429341,-2.095601021
2025-11-21 06:55:10,9.299700115,2.425401700,-2.037813095
2025-11-21 06:55:20,9.349063089,2.338670622,-1.752147364
2025-11-21 06:55:30,9.438277013,1.980297733,-1.773339948
2025-11-21 06:55:40,9.353941328,2.060685432,-1.988821076
2025-11-21 06:55:50,9.408663313,1.815491390,-2.287342127
2025-11-21 06:56:00,9.423024395,1.873769608,-1.976806942
2025-11-21 06:56:10,9.477377472,1.668685346,-1.943052124
2025-11-21 06:56:20,9.445458437,1.784934813,-1.902910573
2025-11-21 06:56:30,9.361449796,2.150966392,-2.016272437
2025-11-21 06:56:40,9.286285240,2.336307520,-2.115547224
2025-11-21 06:56:50,9.381664084,2.326502527,-1.588201835
2025-11-21 06:57:00,9.299910958,2.511683370,-1.707115887
2025-11-21 06:57:10,9.156379558,2.958224847,-1.858933006
2025-11-21 06:57:20,9.246094773,2.819643026,-1.697975119
2025-11-21 06:57:30,9.162735145,3.090233384,-1.756981560
2025-11-21 06:57:40,9.228594785,2.837278760,-1.761647648
2025-11-21 06:57:50,9.159378806,3.019510803,-1.791672171
2025-11-21 06:58:00,9.180347459,2.873405859,-1.906603803
2025-11-21 06:58:10,9.031797213,3.105798993,-2.265419396
2025-11-21 06:58:20,8.950082835,3.489877335,-2.082752588
2025-11-21 06:58:30,8.932461401,3.460076605,-2.160538049
2025-11-21 06:58:40,9.031649711,3.250897924,-2.112350370
2025-11-21 06:58:50,9.113045149,3.217673806,-1.809260006
2025-11-21 06:59:00,9.192256148,3.196977018,-1.375620532
2025-11-21 06:59:10,9.171853551,3.212827912,-1.463723157
2025-11-21 06:59:20,9.112778145,3.390113192,-1.199633027
2025-11-21 06:59:30,9.246276261,3.178945582,-1.170964907
2025-11-21 06:59:40,9.209312791,3.225402093,-1.107563444
2025-11-21 06:59:50,9.169943573,3.205892369,-1.393635975
2025-11-21 07:00:00,9.234073404,3.069856355,-1.348432124
2025-11-21 07:00:10,9.247487053,2.797097444,-1.569449392
2025-11-21 07:00:20,9.424027852,2.554427347,-1.089697324
2025-11-21 07:00:30,9.376066353,2.557303493,-1.240761198
2025-11-21 07:00:40,9.432617539,2.525086631,-1.199699646
2025-11-21 07:00:50,9.398239783,2.315479327,-1.524544538
2025-11-21 07:01:00,9.412331650,2.329358773,-1.420213761
2025-11-21 07:01:10,9.379408080,2.367583452,-1.709769628
2025-11-21 07:01:20,9.304753518,2.584578438,-1.824168858
2025-11-21 07:01:30,9.243696433,2.751882740,-1.847068195
2025-11-21 07:01:40,9.354247603,2.550564972,-1.275946482
2025-11-21 07:01:50,9.357142793,2.377029793,-1.616796731
2025-11-21 07:02:00,9.491596458,2.004075183,-1.530831161
2025-11-21 07:02:10,9.493310606,2.068792347,-1.042851142
2025-11-21 07:02:20,9.619896654,1.525124138,-1.171026928
2025-11-21 07:02:30,9.632319375,1.884503103,-0.923391890
2025-11-21 07:02:40,9.618368111,1.942147632,-0.693057703
2025-11-21 07:02:50,9.596692897,2.000658557,-0.179910708
2025-11-21 07:03:00,9.624715913,1.870323027,0.042461147
2025-11-21 07:03:10,9.626862621,1.907074350,-0.221905091
2025-11-21 07:03:20,9.621119085,1.951620531,-0.364310876
2025-11-21 07:03:30,9.540830361,2.184804748,-0.198214317
2025-11-21 07:03:40,9.668271126,1.586218050,-0.097641372
2025-11-21 07:03:50,9.611435234,1.848922910,-0.066832846
2025-11-21 07:04:00,9.634964710,1.788811021,-0.095598259
2025-11-21 07:04:10,9.684069407,1.668616733,-0.265498506
2025-11-21 07:04:20,9.661228588,1.594314912,-0.517530485
2025-11-21 07:04:30,9.571199669,2.088482553,-0.542207758
2025-11-21 07:04:40,9.502423104,2.474969228,-0.302265989
2025-11-21 07:04:50,9.392661975,2.811884882,-0.448489860
2025-11-21 07:05:00,9.458692527,2.467380455,-0.524679001
2025-11-21 07:05:10,9.539172708,2.103135727,-0.518839871
2025-11-21 07:05:20,9.581930683,2.126436623,-0.515185175
2025-11-21 07:05:30,9.589432340,2.147674552,-0.507489015
2025-11-21 07:05:40,9.431423976,2.728801040,-0.588463810
2025-11-21 07:05:50,9.464995624,2.421937780,-0.747953760
2025-11-21 07:06:00,9.396562174,2.787892573,-0.839956315
2025-11-21 07:06:10,9.333807163,2.962151208,-0.393061643
2025-11-21 07:06:20,9.475620171,2.524411747,-0.202632498
2025-11-21 07:06:30,9.462326606,2.629612909,-0.255477956
2025-11-21 07:06:40,9.293198158,3.147040098,-0.131505724
2025-11-21 07:06:50,9.203377039,3.350160670,0.033428614
2025-11-21 07:07:00,9.076124147,3.707629982,-0.141497362
2025-11-21 07:07:10,9.006569682,3.725499767,-0.806065532
2025-11-21 07:07:20,8.970311827,3.913831423,-0.637847985
2025-11-21 07:07:30,8.982761156,3.873006135,-0.911678605
2025-11-21 07:07:40,8.856450372,4.062774566,-1.185051125
2025-11-21 07:07:50,9.022833135,3.742267618,-0.975684526
2025-11-21 07:08:00,9.062313635,3.685183910,-1.091158431
2025-11-21 07:08:10,9.036903437,3.607793677,-1.306463359
2025-11-21 07:08:20,8.865262742,4.111793734,-1.193066061
2025-11-21 07:08:30,9.050766385,3.757360219,-0.779949577
2025-11-21 07:08:40,8.866881242,4.107699986,-0.624813568
2025-11-21 07:08:50,8.786728250,4.286689646,-0.540122922
2025-11-21 07:09:00,8.633433638,4.625139388,-0.711219866
2025-11-21 07:09:10,8.569629385,4.579865169,-1.299957756
2025-11-21 07:09:20,8.654482480,4.517552243,-1.313204556
2025-11-21 07:09:30,8.509170441,4.648089831,-1.584619487
2025-11-21 07:09:40,8.608190069,4.469321433,-1.507722573
2025-11-21 07:09:50,8.578914323,4.608364382,-1.431023849
2025-11-21 07:10:00,8.541951684,4.652767227,-1.126971326
2025-11-21 07:10:10,8.440966085,4.853383498,-1.176712210
2025-11-21 07:10:20,8.415476356,4.772095539,-1.569337927
2025-11-21 07:10:30,8.444742375,4.741531702,-1.712794254
2025-11-21 07:10:40,8.661983608,4.139138842,-1.924682839
2025-11-21 07:10:50,8.728878280,4.071911304,-1.966246991
2025-11-21 07:11:00,8.791684268,3.820685567,-2.165935928
2025-11-21 07:11:10,8.848242669,3.842001578,-1.879583371
2025-11-21 07:11:20,8.853764674,3.657625918,-1.972053159
2025-11-21 07:11:30,8.915950191,3.596457956,-1.932927562
2025-11-21 07:11:40,8.829649032,3.723595497,-1.985224772
2025-11-21 07:11:50,8.857482572,3.827124399,-1.666816117
2025-11-21 07:12:00,8.747179234,4.222071841,-1.305662529
2025-11-21 07:12:10,8.782046921,4.237498437,-1.222995889
2025-11-21 07:12:20,8.692833041,4.443637112,-1.221259690
2025-11-21 07:12:30,8.771023359,4.338797933,-0.905229117
2025-11-21 07:12:40,8.766481197,4.298880707,-0.821713845
2025-11-21 07:12:50,8.722279284,4.338023469,-1.164876530
2025-11-21 07:13:00,8.810423046,4.122946618,-1.146889482
2025-11-21 07:13:10,8.805843302,4.275711733,-0.868968642
2025-11-21 07:13:20,8.785115212,4.273123216,-1.260069689
2025-11-21 07:13:30,8.777342955,4.127672768,-1.401474725
2025-11-21 07:13:40,8.846774335,4.009825974,-1.521074234
2025-11-21 07:13:50,8.902710652,3.818941447,-1.566526544
2025-11-21 07:14:00,8.939877203,3.772009687,-1.419611555
2025-11-21 07:14:10,8.912906433,3.714098685,-1.888174065
2025-11-21 07:14:20,8.726086057,3.816428158,-2.221506986
2025-11-21 07:14:30,8.646121192,4.121510620,-2.155979816
2025-11-21 07:14:40,8.589981282,3.878976296,-2.717666060
2025-11-21 07:14:50,8.857473397,3.622459326,-2.238499501
2025-11-21 07:15:00,8.648778286,3.791300097,-2.539000906
2025-11-21 07:15:10,8.662114805,3.575296426,-2.975389528
2025-11-21 07:15:20,8.617206440,3.457700833,-3.167353084
2025-11-21 07:15:30,8.504319920,3.783237740,-3.097397390
2025-11-21 07:15:40,8.709002985,3.453318548,-2.897479765
2025-11-21 07:15:50,8.720633487,3.444743987,-2.891741148
2025-11-21 07:16:00,8.694002602,3.622526943,-2.754617969
2025-11-21 07:16:10,8.743070402,3.637707608,-2.662332812
2025-11-21 07:16:20,8.750701031,3.744924447,-2.411679816
2025-11-21 07:16:30,8.841665980,3.655118153,-2.115155376
2025-11-21 07:16:40,8.895367628,3.574315106,-2.111597374
2025-11-21 07:16:50,9.019535926,3.457619044,-1.789034752
2025-11-21 07:17:00,9.071266451,3.415269707,-1.658759316
2025-11-21 07:17:10,8.981794244,3.566576196,-1.585070049
2025-11-21 07:17:20,8.866563254,3.808317461,-1.971084870
2025-11-21 07:17:30,8.646701487,4.101029935,-2.096142138
2025-11-21 07:17:40,8.481769842,4.526260740,-1.961863537
2025-11-21 07:17:50,8.473550686,4.668278005,-1.579110534
2025-11-21 07:18:00,8.470852275,4.635061875,-1.557448674
2025-11-21 07:18:10,8.648764915,4.540450493,-0.972032767
2025-11-21 07:18:20,8.810069628,4.296360893,-0.950435320
2025-11-21 07:18:30,8.841127337,4.110803886,-1.072781730
2025-11-21 07:18:40,8.819993479,4.143121331,-0.998376085
2025-11-21 07:18:50,8.947166789,3.930570006,-0.742036709
2025-11-21 07:19:00,8.860128562,4.136672700,-0.853419732
2025-11-21 07:19:10,8.863776173,4.082019690,-0.741972207
2025-11-21 07:19:20,8.873016344,4.116884698,-0.863549014
2025-11-21 07:19:30,8.912480266,3.995647263,-0.880030280
2025-11-21 07:19:40,8.892660806,4.086799532,-0.925338586
2025-11-21 07:19:50,8.884563125,4.050943517,-0.962146935
2025-11-21 07:20:00,8.936773803,3.883916871,-0.922097696
2025-11-21 07:20:10,8.909015677,4.009252307,-0.617954628
2025-11-21 07:20:20,9.037113872,3.781702919,-0.909404101
2025-11-21 07:20:30,9.108932917,3.622922236,-0.690659910
2025-11-21 07:20:40,9.026715942,3.773558423,-0.792978456
2025-11-21 07:20:50,8.966334008,3.921629865,-0.691049456
2025-11-21 07:21:00,8.967794988,3.807637757,-0.745964606
2025-11-21 07:21:10,9.062898002,3.745560145,-0.703617443
2025-11-21 07:21:20,9.131603829,3.631354864,-0.592818239
2025-11-21 07:21:30,9.089849500,3.729366822,-0.475047385
2025-11-21 07:21:40,9.018747125,4.008523184,-0.386800560
2025-11-21 07:21:50,9.023190254,3.835502678,-0.472648024
2025-11-21 07:22:00,9.078198480,3.657544434,-0.380741541
2025-11-21 07:22:10,9.028892954,3.790736849,-0.621421893
2025-11-21 07:22:20,8.973861938,3.830175145,-0.626282988
2025-11-21 07:22:30,8.983994325,3.825956754,-0.901250443
2025-11-21 07:22:40,9.060988140,3.763368630,-0.696570400
2025-11-21 07:22:50,9.111846351,3.539244986,-0.656116334
2025-11-21 07:23:00,9.044434339,3.682398203,-0.904811223
2025-11-21 07:23:10,8.994432624,3.765282688,-0.753361628
2025-11-21 07:23:20,9.038390151,3.724851779,-0.803756933
2025-11-21 07:23:30,8.904910448,3.930921301,-1.137459654
2025-11-21 07:23:40,8.966134788,3.846335191,-0.984117501
2025-11-21 07:23:50,8.909764672,3.949056076,-1.122083632
2025-11-21 07:24:00,8.989010035,3.768755664,-1.058158786
2025-11-21 07:24:10,8.851813754,4.159154671,-0.732994745
2025-11-21 07:24:20,8.936325649,3.966083109,-0.550239875
2025-11-21 07:24:30,9.081938625,3.669610295,-0.351319615
2025-11-21 07:24:40,8.983405453,3.918569159,-0.658836402
2025-11-21 07:24:50,9.018600022,3.760191616,-0.711356626
2025-11-21 07:25:00,9.104413859,3.544762855,-0.326491237
2025-11-21 07:25:10,9.116838911,3.667168847,-0.213540783
2025-11-21 07:25:20,8.982520311,3.912417299,-0.576846938
2025-11-21 07:25:30,8.850683498,4.206775866,-0.495878440
2025-11-21 07:25:40,8.843626769,4.279044853,-0.432334810
2025-11-21 07:25:50,8.537101119,4.763549597,-0.619641596
2025-11-21 07:26:00,8.537298836,4.804028579,-0.558745160
2025-11-21 07:26:10,8.429701461,4.959125323,-0.778023527
2025-11-21 07:26:20,8.508086518,4.853051366,-0.619391759
2025-11-21 07:26:30,8.719716202,4.437133898,-0.516766676
2025-11-21 07:26:40,8.617760001,4.651739180,-0.387939436
2025-11-21 07:26:50,8.660129713,4.648684737,0.087118271
2025-11-21 07:27:00,8.606734826,4.687775654,0.317169454
2025-11-21 07:27:10,8.578883968,4.716092506,-0.154300783
2025-11-21 07:27:20,8.578959486,4.742538947,-0.138737411
2025-11-21 07:27:30,8.720500721,4.509327889,-0.079315857
2025-11-21 07:27:40,8.649735955,4.603706335,0.048963062
2025-11-21 07:27:50,8.662537863,4.614060736,-0.036125576
2025-11-21 07:28:00,8.711954741,4.506994971,-0.471079299
2025-11-21 07:28:10,8.662329334,4.468132668,-1.000331212
2025-11-21 07:28:20,8.596253200,4.608366426,-1.148674953
2025-11-21 07:28:30,8.660659592,4.444999070,-1.173754159
2025-11-21 07:28:40,8.700529679,4.275363359,-1.254415227
2025-11-21 07:28:50,8.671081842,4.377967743,-1.415978355
2025-11-21 07:29:00,8.636809080,4.228205806,-1.730575876
2025-11-21 07:29:10,8.693889536,4.071634025,-1.954836540
2025-11-21 07:29:20,8.591284947,4.299030044,-1.993355180
2025-11-21 07:29:30,8.612308304,4.345321265,-1.849375672
2025-11-21 07:29:40,8.574247916,4.494541562,-1.758536576
2025-11-21 07:29:50,8.625437273,4.313089236,-1.919748084
2025-11-21 07:30:00,8.744243823,4.030202642,-1.976810399
2025-11-21 07:30:10,8.594851765,4.083884285,-2.165333078
2025-11-21 07:30:20,8.541123212,4.323755602,-2.097620904
2025-11-21 07:30:30,8.567411414,4.268877966,-2.346348230
2025-11-21 07:30:40,8.672140853,4.053435194,-2.229998987
2025-11-21 07:30:50,8.658210866,4.059293259,-2.248009082
2025-11-21 07:31:00,8.699394159,4.016479239,-2.108265430
2025-11-21 07:31:10,8.584125981,4.130546518,-2.322942835
2025-11-21 07:31:20,8.672395741,3.850032148,-2.577152467
2025-11-21 07:31:30,8.796211025,3.593285942,-2.369238909
2025-11-21 07:31:40,8.895838385,3.523515576,-2.221572115
2025-11-21 07:31:50,8.924692429,3.339776548,-2.277980798
2025-11-21 07:32:00,8.806951097,3.568902417,-2.388199249
2025-11-21 07:32:10,8.737504650,3.811197240,-2.379961223
2025-11-21 07:32:20,8.704683708,3.842425545,-2.270087145
2025-11-21 07:32:30,8.827657064,3.787453831,-2.098946046
2025-11-21 07:32:40,8.754991225,3.665408086,-2.349184911
2025-11-21 07:32:50,8.788932273,3.732821233,-2.231965114
2025-11-21 07:33:00,8.806961952,3.577941716,-2.480979361
2025-11-21 07:33:10,8.793327793,3.532398739,-2.356082420
2025-11-21 07:33:20,8.677275444,3.727732344,-2.766516474
2025-11-21 07:33:30,8.616679891,3.748981314,-2.809827434
2025-11-21 07:33:40,8.636829377,3.802188718,-2.544099434
2025-11-21 07:33:50,8.597555873,3.982130909,-2.594389047
2025-11-21 07:34:00,8.588268133,4.181058382,-2.246498516
2025-11-21 07:34:10,8.452738116,4.268146535,-2.408021179
2025-11-21 07:34:20,8.198380439,4.708503377,-2.640263898
2025-11-21 07:34:30,8.152871648,4.674315100,-2.836720413
2025-11-21 07:34:40,7.985538752,4.777847546,-3.225000015
2025-11-21 07:34:50,7.807765224,5.041979321,-2.957367266
2025-11-21 07:35:00,8.179291529,4.750598237,-2.615173844
2025-11-21 07:35:10,8.254587237,4.807005138,-2.253579842
2025-11-21 07:35:20,7.957021685,5.257625888,-2.319541294
2025-11-21 07:35:30,8.156433182,4.944106491,-2.376321724
2025-11-21 07:35:40,8.154155407,5.091921787,-1.865807798
2025-11-21 07:35:50,8.155742701,5.185474082,-1.875070657
2025-11-21 07:36:00,8.173226224,4.992388962,-1.969730999
2025-11-21 07:36:10,8.156705159,4.982169769,-2.020340500
2025-11-21 07:36:20,8.319198664,4.896593571,-1.795482630
2025-11-21 07:36:30,8.431777087,4.747320023,-1.631425868
2025-11-21 07:36:40,8.224304862,5.136587450,-1.498758159
2025-11-21 07:36:50,8.324923141,5.045414158,-1.330242309
2025-11-21 07:37:00,8.430172621,4.741812675,-1.381718933
2025-11-21 07:37:10,8.606349780,4.451429864,-1.314733137
2025-11-21 07:37:20,8.647391781,4.514209276,-1.113590228
2025-11-21 07:37:30,8.616636351,4.694915862,-0.785382009
2025-11-21 07:37:40,8.489257788,4.736596734,-1.237180296
2025-11-21 07:37:50,8.400458882,4.890256971,-1.366142849
2025-11-21 07:38:00,8.326624136,4.988405031,-1.382696489
2025-11-21 07:38:10,8.339005040,5.052435256,-1.121497485
2025-11-21 07:38:20,8.257881153,5.152300905,-1.064378268
2025-11-21 07:38:30,8.266485155,5.236850698,-0.685321698
2025-11-21 07:38:40,8.179416124,5.401690060,-0.491312489
2025-11-21 07:38:50,8.012440566,5.683222719,-0.630265169
2025-11-21 07:39:00,8.057507292,5.526863982,-1.057541388
2025-11-21 07:39:10,8.127154964,5.377622104,-1.040389845
2025-11-21 07:39:20,8.196872822,5.301967157,-1.145910649
2025-11-21 07:39:30,8.102181970,5.525526295,-0.777439665
2025-11-21 07:39:40,7.879646773,5.826683345,-0.386203057
2025-11-21 07:39:50,7.805695321,5.921808426,-0.324394433
2025-11-21 07:40:00,7.846752498,5.896635159,-0.277709223
2025-11-21 07:40:10,7.852658303,5.839177813,-0.545003704
2025-11-21 07:40:20,7.924524548,5.742956509,-1.071210842
2025-11-21 07:40:30,7.940877336,5.679742990,-0.841300145
2025-11-21 07:40:40,8.002382841,5.515344520,-1.136586692
2025-11-21 07:40:50,8.120606984,5.434594569,-0.910954049
2025-11-21 07:41:00,8.501269172,4.802785159,-1.212432745
2025-11-21 07:41:10,8.346938083,5.055085688,-1.022272042
2025-11-21 07:41:20,8.517363178,4.726204445,-1.288637785
2025-11-21 07:41:30,8.543875133,4.656996509,-1.252853097
2025-11-21 07:41:40,8.684476316,4.466314835,-1.200394477
2025-11-21 07:41:50,8.672024146,4.532525043,-0.903096469
2025-11-21 07:42:00,8.802423504,4.341138741,-0.288530554
2025-11-21 07:42:10,8.695450576,4.443709416,-0.808312065
2025-11-21 07:42:20,8.652030304,4.530106837,-0.775194067
2025-11-21 07:42:30,8.500384131,4.864187267,-0.646416718
2025-11-21 07:42:40,8.446111626,4.903207321,-0.635703134
2025-11-21 07:42:50,8.334528215,5.144803078,-0.695346657
2025-11-21 07:43:00,8.467091699,4.902258529,-0.479774306
2025-11-21 07:43:10,8.586137362,4.615965864,-0.490390985
2025-11-21 07:43:20,8.622378881,4.612759384,-0.138732511
2025-11-21 07:43:30,8.514789099,4.868069642,-0.192016345
2025-11-21 07:43:40,8.627271019,4.694143233,0.105881003
2025-11-21 07:43:50,8.403642094,4.990332241,-0.122571577
2025-11-21 07:44:00,8.329897002,5.203065602,-0.280718306
2025-11-21 07:44:10,8.237379696,5.355778020,-0.587344969
2025-11-21 07:44:20,8.272801087,5.279895380,-0.632458757
2025-11-21 07:44:30,7.982010398,5.675367295,0.091298044
2025-11-21 07:44:40,7.956816587,5.723072587,-0.040045530
2025-11-21 07:44:50,7.953530340,5.750977462,-0.149923688
2025-11-21 07:45:00,7.911809825,5.772366219,-0.751919602
2025-11-21 07:45:10,7.773644647,5.999139211,-0.180847910
2025-11-21 07:45:20,7.345374523,6.496517512,-0.341184873
2025-11-21 07:45:30,7.595683216,6.254576467,-0.422454408
2025-11-21 07:45:40,7.392609306,6.413697414,-0.086731588
2025-11-21 07:45:50,7.457547734,6.353022973,-0.039738389
2025-11-21 07:46:00,7.234837030,6.586059470,-0.255488874
2025-11-21 07:46:10,7.111757521,6.729287253,-0.253617683
2025-11-21 07:46:20,7.103704538,6.790593642,-0.210191986
2025-11-21 07:46:30,6.859429827,6.990714573,-0.059833980
2025-11-21 07:46:40,6.808077727,7.080942067,-0.225484233
2025-11-21 07:46:50,6.620777984,7.189201111,-0.385314720
2025-11-21 07:47:00,6.609075116,7.238185270,-0.678442425
2025-11-21 07:47:10,6.995938073,6.898459285,-0.263859192
2025-11-21 07:47:20,6.937179207,6.888368616,-0.304310585
2025-11-21 07:47:30,6.835545579,7.042818535,-0.338117653
2025-11-21 07:47:40,7.241368093,6.604106107,-0.331283710
2025-11-21 07:47:50,7.128272290,6.723089543,-0.307593814
2025-11-21 07:48:00,7.161820022,6.734443640,-0.145562424
2025-11-21 07:48:10,7.047091448,6.855453095,-0.220697823
2025-11-21 07:48:20,7.108134547,6.746659250,-0.197824027
2025-11-21 07:48:30,7.089244139,6.763512590,-0.400081441
2025-11-21 07:48:40,7.002059101,6.864956587,-0.580037237
2025-11-21 07:48:50,7.250841318,6.564755700,-0.712215711
2025-11-21 07:49:00,7.276949418,6.546567451,-1.074791321
2025-11-21 07:49:10,7.278044072,6.493914462,-0.738425225
2025-11-21 07:49:20,7.267304723,6.555798965,-0.723662063
2025-11-21 07:49:30,7.145313857,6.660108483,-0.969621645
2025-11-21 07:49:40,7.130348033,6.582713368,-1.405932170
2025-11-21 07:49:50,7.147161188,6.640811844,-1.184372130
2025-11-21 07:50:00,7.202368530,6.578962027,-1.117993399
2025-11-21 07:50:10,7.170116554,6.594509868,-1.134646573
2025-11-21 07:50:20,7.282073544,6.292212704,-1.662420282
2025-11-21 07:50:30,7.562951246,6.019068507,-1.767630532
2025-11-21 07:50:40,7.562814403,5.975761216,-1.773392117
2025-11-21 07:50:50,7.579475278,6.119041123,-1.269378754
2025-11-21 07:51:00,7.408376796,6.218786485,-1.443168088
2025-11-21 07:51:10,7.020534042,6.704649597,-1.510636789
2025-11-21 07:51:20,6.772002529,6.970070943,-1.442894588
2025-11-21 07:51:30,6.631928986,7.091386806,-1.495152095
2025-11-21 07:51:40,6.751790007,6.951113106,-1.636892469
2025-11-21 07:51:50,6.424242863,7.198379558,-1.740562666
2025-11-21 07:52:00,6.593087010,7.140612143,-1.559992974
2025-11-21 07:52:10,6.489324140,7.230845092,-1.506918239
2025-11-21 07:52:20,6.630175621,7.008636112,-1.769442544
2025-11-21 07:52:30,6.649482789,6.985003903,-1.718341446
2025-11-21 07:52:40,6.342615821,7.211922589,-1.912451875
2025-11-21 07:52:50,6.006238487,7.416440568,-2.160753352
2025-11-21 07:53:00,6.202489817,7.294633305,-2.140807345
2025-11-21 07:53:10,6.291471095,7.183657400,-2.371804546
2025-11-21 07:53:20,6.405613817,7.046934614,-2.327789267
2025-11-21 07:53:30,6.690936060,6.709153640,-2.485601099
2025-11-21 07:53:40,6.650672001,6.631710508,-2.681802734
2025-11-21 07:53:50,6.513416797,6.932667452,-2.390846116
2025-11-21 07:54:00,6.532885614,6.912326045,-2.515960939
2025-11-21 07:54:10,6.416547494,6.809791043,-2.919027713
2025-11-21 07:54:20,6.644893772,6.696298547,-2.620193289
2025-11-21 07:54:30,6.507045414,6.735222173,-2.827673092
2025-11-21 07:54:40,6.487280093,6.764703741,-2.821963791
2025-11-21 07:54:50,6.476027741,6.697422588,-2.954281922
2025-11-21 07:55:00,6.389827385,6.956114545,-2.735484741
2025-11-21 07:55:10,6.250431600,6.978273201,-2.910470349
2025-11-21 07:55:20,6.550297052,6.787597710,-2.794228607
2025-11-21 07:55:30,6.458402088,6.779799984,-2.993688726
2025-11-21 07:55:40,6.332119717,6.711610443,-3.262025536
2025-11-21 07:55:50,6.337929132,6.756992559,-3.196122681
2025-11-21 07:56:00,6.050551896,7.083823859,-3.134272242
2025-11-21 07:56:10,6.083252683,7.040304581,-2.970265657
2025-11-21 07:56:20,5.925395139,6.945448583,-3.539801530
2025-11-21 07:56:30,5.791046508,7.151199757,-3.353712978
2025-11-21 07:56:40,5.796205378,7.270468441,-3.124778242
2025-11-21 07:56:50,5.840343993,7.321694822,-3.010792676
2025-11-21 07:57:00,5.757765775,7.282325622,-3.160423899
2025-11-21 07:57:10,6.136009523,7.007539925,-3.062336543
2025-11-21 07:57:20,5.927217934,6.929677573,-3.627476862
2025-11-21 07:57:30,5.807627091,6.871158307,-3.919293234
2025-11-21 07:57:40,5.676576354,6.882424876,-4.138904469
2025-11-21 07:57:50,5.885044876,6.728455921,-4.123169237
2025-11-21 07:58:00,5.612707899,6.754048567,-4.254126686
2025-11-21 07:58:10,5.397405600,6.728914041,-4.653568318
2025-11-21 07:58:20,5.250925389,6.728897805,-4.875842763
2025-11-21 07:58:30,5.183137903,6.611012702,-5.052488009
2025-11-21 07:58:40,5.094425694,6.776061989,-5.024752408
2025-11-21 07:58:50,4.998689496,6.952594947,-4.795937370
2025-11-21 07:59:00,5.123863514,6.728344338,-5.003284802
2025-11-21 07:59:10,5.150313770,6.738255132,-4.893215331
2025-11-21 07:59:20,5.047791815,6.565743827,-5.314844982
2025-11-21 07:59:30,5.312016564,6.408778208,-5.180068757
2025-11-21 07:59:40,4.903837554,6.620336883,-5.395334007
2025-11-21 07:59:50,4.734737627,6.630966415,-5.458432950
2025-11-21 08:00:00,4.822989576,6.342510843,-5.790510770
2025-11-21 08:00:10,4.831044573,6.220929694,-5.894599624
2025-11-21 08:00:20,4.640272224,6.357221092,-5.835092567
2025-11-21 08:00:30,4.928510519,6.225665940,-5.816071941
2025-11-21 08:00:40,5.194021749,6.134809790,-5.598532892
2025-11-21 08:00:50,5.106078771,6.242296170,-5.624752575
2025-11-21 08:01:00,5.507060181,5.969378794,-5.516035089
2025-11-21 08:01:10,5.430562281,5.949456099,-5.645981770
2025-11-21 08:01:20,4.863840489,6.272054609,-5.712523574
2025-11-21 08:01:30,4.421919770,6.619187181,-5.771262514
2025-11-21 08:01:40,4.357173724,6.675982904,-5.671873486
2025-11-21 08:01:50,4.570195894,6.475362966,-5.724293893
2025-11-21 08:02:00,4.542660976,6.605726921,-5.623911197
2025-11-21 08:02:10,4.651776749,6.582907785,-5.549962211
2025-11-21 08:02:20,4.624184824,6.788909881,-5.374155938
2025-11-21 08:02:30,4.863421813,6.710949417,-5.202033805
2025-11-21 08:02:40,5.103306479,6.859574090,-4.857276691
2025-11-21 08:02:50,5.089253563,6.598238739,-5.152942346
2025-11-21 08:03:00,5.255837447,6.373972526,-5.277764120
2025-11-21 08:03:10,5.363688174,6.247537019,-5.331924224
2025-11-21 08:03:20,5.544030138,6.109044727,-5.281656482
2025-11-21 08:03:30,5.565849067,6.100344969,-5.301968819
2025-11-21 08:03:40,5.401037780,5.933152085,-5.624112802
2025-11-21 08:03:50,5.656819570,5.853939820,-5.481738385
2025-11-21 08:04:00,6.050890146,5.723943158,-5.196900288
2025-11-21 08:04:10,5.928704506,5.817038914,-5.282216496
2025-11-21 08:04:20,6.200519171,5.492348857,-5.171795999
2025-11-21 08:04:30,6.248534901,5.541749131,-5.190966629
2025-11-21 08:04:40,6.296298613,5.538297246,-5.102690512
2025-11-21 08:04:50,5.923055843,5.712602053,-5.374953352
2025-11-21 08:05:00,6.061246413,5.738638621,-5.152433642
2025-11-21 08:05:10,5.949340954,5.901589785,-5.088848830
2025-11-21 08:05:20,5.662938554,5.971622086,-5.261626106
2025-11-21 08:05:30,6.038464429,5.910389643,-5.009267540
2025-11-21 08:05:40,6.396612249,6.011733694,-4.395146225
2025-11-21 08:05:50,6.029372818,6.263971322,-4.562851288
2025-11-21 08:06:00,5.925516193,6.316593131,-4.611800043
2025-11-21 08:06:10,5.856185009,6.249433530,-4.869843271
2025-11-21 08:06:20,6.055062593,5.968686801,-4.945147179
2025-11-21 08:06:30,5.847065264,5.872672169,-5.231465145
2025-11-21 08:06:40,5.789985596,5.856872897,-5.254554869
2025-11-21 08:06:50,5.758067193,6.001720037,-5.139201200
2025-11-21 08:07:00,5.985585193,6.007243285,-4.999647059
2025-11-21 08:07:10,5.900943693,5.971640793,-4.967964351
2025-11-21 08:07:20,5.917824492,5.704780791,-5.326402222
2025-11-21 08:07:30,5.738814407,6.026945163,-5.214546994
2025-11-21 08:07:40,5.581857577,6.046619552,-5.354533732
2025-11-21 08:07:50,5.510896396,6.046774342,-5.438440245
2025-11-21 08:08:00,5.506410859,5.808391063,-5.655857188
2025-11-21 08:08:10,5.780350998,5.773253391,-5.434304222
2025-11-21 08:08:20,5.616649685,5.854852691,-5.469405261
2025-11-21 08:08:30,5.637616332,5.821254961,-5.551128123
2025-11-21 08:08:40,5.505398380,5.968534637,-5.457855577
2025-11-21 08:08:50,5.801886004,5.963687545,-5.254053488
2025-11-21 08:09:00,5.994136055,5.918516390,-4.932669116
2025-11-21 08:09:10,6.117063887,6.099910670,-4.676519154
2025-11-21 08:09:20,6.171993549,6.107663367,-4.533076601
2025-11-21 08:09:30,6.246039011,6.138977427,-4.483240705
2025-11-21 08:09:40,6.275429048,6.042271618,-4.498322678
2025-11-21 08:09:50,6.009144333,6.235413161,-4.565098886
2025-11-21 08:10:00,5.997115429,6.226228346,-4.625770152
2025-11-21 08:10:10,6.124766016,6.262321259,-4.400086076
2025-11-21 08:10:20,6.144330001,6.365176637,-4.286262720
2025-11-21 08:10:30,6.187455781,6.237165435,-4.428013522
2025-11-21 08:10:40,5.993516988,6.246068030,-4.555907921
2025-11-21 08:10:50,6.227157271,5.954572875,-4.697978403
2025-11-21 08:11:00,6.042660219,6.082095758,-4.782960867
2025-11-21 08:11:10,5.938991897,6.177384079,-4.776466131
2025-11-21 08:11:20,6.099924035,5.973327293,-4.778981582
2025-11-21 08:11:30,6.167338754,6.113041742,-4.515508164
2025-11-21 08:11:40,5.931960542,6.252562482,-4.716891053
2025-11-21 08:11:50,5.885860402,6.202957338,-4.784782336
2025-11-21 08:12:00,5.893866755,6.184274436,-4.808303080
2025-11-21 08:12:10,5.869873136,6.164334078,-4.866587953
2025-11-21 08:12:20,5.866013146,6.113349198,-4.927232667
2025-11-21 08:12:30,5.890943332,5.948583805,-5.132205931
2025-11-21 08:12:40,5.835417725,6.000844202,-5.157044765
2025-11-21 08:12:50,5.934588585,5.840031168,-5.233160551
2025-11-21 08:13:00,6.048664267,5.872680119,-5.063747111
2025-11-21 08:13:10,6.096261273,5.823095335,-5.018423171
2025-11-21 08:13:20,5.971182371,5.975600555,-4.956028192
2025-11-21 08:13:30,5.988442819,5.909099504,-5.075958072
2025-11-21 08:13:40,6.063288648,5.784382386,-5.116413046
2025-11-21 08:13:50,5.886805732,5.882432794,-5.175641687
2025-11-21 08:14:00,5.982603357,5.867567872,-5.024629469
2025-11-21 08:14:10,5.681083363,6.213492208,-5.066554510
2025-11-21 08:14:20,5.584286379,5.960995032,-5.454495075
2025-11-21 08:14:30,5.421385042,6.204266218,-5.299809538
2025-11-21 08:14:40,5.374920412,6.364443077,-5.181476346
2025-11-21 08:14:50,5.606113487,6.257487427,-5.046092221
2025-11-21 08:15:00,5.722629595,6.168693130,-4.975834942
2025-11-21 08:15:10,5.705724774,6.097232096,-5.112420893
2025-11-21 08:15:20,5.857965706,5.952325587,-5.111462111
2025-11-21 08:15:30,5.871473117,5.971404950,-5.116500725
2025-11-21 08:15:40,5.699629696,6.112024207,-5.109305389
2025-11-21 08:15:50,5.913873389,6.056234713,-4.977292488
2025-11-21 08:16:00,5.765314185,6.081591666,-5.118046370
2025-11-21 08:16:10,5.581530894,6.104151053,-5.293800355
2025-11-21 08:16:20,5.356241909,6.067421343,-5.530687392
2025-11-21 08:16:30,5.414405754,5.963202409,-5.594131570
2025-11-21 08:16:40,5.554168399,5.911218625,-5.511495977
2025-11-21 08:16:50,5.589004099,5.805028545,-5.611337072
2025-11-21 08:17:00,5.512451531,6.059939251,-5.440024283
2025-11-21 08:17:10,5.605747354,5.892695758,-5.449279229
2025-11-21 08:17:20,5.372167385,6.091873404,-5.499431397
2025-11-21 08:17:30,5.546334265,6.103311647,-5.336491399
2025-11-21 08:17:40,5.566397694,6.209985860,-5.095025626
2025-11-21 08:17:50,5.677760831,6.272003194,-4.934345679
2025-11-21 08:18:00,5.724672555,6.335633125,-4.836822907
2025-11-21 08:18:10,5.799494983,6.346601836,-4.774264502
2025-11-21 08:18:20,5.866268093,6.187844388,-4.920256249
2025-11-21 08:18:30,5.847282746,6.133766301,-4.982984528
2025-11-21 08:18:40,5.940457643,5.934654085,-5.063888678
2025-11-21 08:18:50,6.044965845,5.886002191,-5.051224767
2025-11-21 08:19:00,6.061098366,5.966492463,-4.927632360
2025-11-21 08:19:10,6.098711679,5.955506587,-4.897145741
2025-11-21 08:19:20,5.900162656,6.059346841,-4.914753329
2025-11-21 08:19:30,5.971139987,6.164090044,-4.785359583
2025-11-21 08:19:40,6.341997555,5.903142682,-4.686025706
2025-11-21 08:19:50,6.428256713,6.038853196,-4.276024727
2025-11-21 08:20:00,6.409333291,5.929771160,-4.448299277
2025-11-21 08:20:10,6.491790833,6.014442403,-4.294277765
2025-11-21 08:20:20,6.569412097,6.163689789,-3.934091882
2025-11-21 08:20:30,6.734295370,5.929272343,-3.965130039
2025-11-21 08:20:40,6.698788076,5.768388563,-4.325929530
2025-11-21 08:20:50,6.767871479,5.672735066,-4.314574508
2025-11-21 08:21:00,6.892289228,5.528590349,-4.245981836
2025-11-21 08:21:10,6.859151114,5.700354664,-4.121936911
2025-11-21 08:21:20,6.991360436,5.547680536,-4.120868537
2025-11-21 08:21:30,6.869462267,5.537718649,-4.223177987
2025-11-21 08:21:40,6.939680461,5.541469929,-4.131675197
2025-11-21 08:21:50,7.021938773,5.327620716,-4.219057616
2025-11-21 08:22:00,7.099536951,5.151779065,-4.338824556
2025-11-21 08:22:10,7.213723241,5.074984543,-4.319679629
2025-11-21 08:22:20,7.234022814,4.812493421,-4.549176083
2025-11-21 08:22:30,7.168583360,4.672537702,-4.821001841
2025-11-21 08:22:40,6.922530922,4.730512306,-5.064238093
2025-11-21 08:22:50,6.741056915,5.135536551,-4.984639951
2025-11-21 08:23:00,6.619608478,4.967126188,-5.274799969
2025-11-21 08:23:10,6.267230530,5.179712407,-5.465977421
2025-11-21 08:23:20,6.078239154,5.184424578,-5.699770171
2025-11-21 08:23:30,6.198924806,5.186537743,-5.562286648
2025-11-21 08:23:40,6.082616116,5.310612651,-5.633346151
2025-11-21 08:23:50,6.096008737,5.110912554,-5.756639347
2025-11-21 08:24:00,6.433909814,5.051368437,-5.449625671
2025-11-21 08:24:10,6.430632432,5.258170892,-5.162782107
2025-11-21 08:24:20,6.337593517,5.481269970,-5.107892226
2025-11-21 08:24:30,6.305956024,5.054054213,-5.624077196
2025-11-21 08:24:40,6.276121118,4.872037940,-5.673801807
2025-11-21 08:24:50,6.287620648,5.003429489,-5.571452896
2025-11-21 08:25:00,6.183254046,4.769925719,-5.927425056
2025-11-21 08:25:10,6.166506090,5.159583605,-5.609109252
2025-11-21 08:25:20,5.904978939,5.452083032,-5.618392532
2025-11-21 08:25:30,6.005787550,5.336874242,-5.611241682
2025-11-21 08:25:40,6.265759559,5.131686749,-5.556732046
2025-11-21 08:25:50,6.546841825,4.932717491,-5.383632412
2025-11-21 08:26:00,6.512669932,4.844223999,-5.518213786
2025-11-21 08:26:10,6.579574793,4.770441556,-5.527010540
2025-11-21 08:26:20,6.550712893,4.774826274,-5.495091204
2025-11-21 08:26:30,6.478596732,4.801932539,-5.631971752
2025-11-21 08:26:40,6.471469379,4.814113317,-5.586092332
2025-11-21 08:26:50,6.295158750,4.909357613,-5.678621262
2025-11-21 08:27:00,6.074576862,4.989560074,-5.850735421
2025-11-21 08:27:10,6.127674363,4.984695162,-5.831983211
2025-11-21 08:27:20,6.135812139,4.931032434,-5.893804313
2025-11-21 08:27:30,6.036971910,5.043629885,-5.846784786
2025-11-21 08:27:40,5.961930629,4.962310178,-6.005873880
2025-11-21 08:27:50,6.082309917,4.546817374,-6.226144734
2025-11-21 08:28:00,6.267878508,4.692670927,-5.862295923
2025-11-21 08:28:10,6.561271083,4.710745771,-5.583791407
2025-11-21 08:28:20,6.328474842,4.992476190,-5.564891363
2025-11-21 08:28:30,6.335742899,5.069619026,-5.493652309
2025-11-21 08:28:40,6.308618654,5.273393034,-5.303085570
2025-11-21 08:28:50,6.286654985,5.175565462,-5.476321613
2025-11-21 08:29:00,6.074705041,5.179178117,-5.685738505
2025-11-21 08:29:10,5.823848064,5.338147071,-5.837705750
2025-11-21 08:29:20,6.096034046,5.147139272,-5.701649744
2025-11-21 08:29:30,6.007510587,5.415734284,-5.625298148
2025-11-21 08:29:40,5.974645016,5.349619889,-5.638880178
2025-11-21 08:29:50,6.369250039,5.219233644,-5.367066585
2025-11-21 08:30:00,6.347129568,5.114631385,-5.452988060
2025-11-21 08:30:10,6.514348737,5.034089070,-5.387306478
2025-11-21 08:30:20,6.561311164,4.787685159,-5.496645878
2025-11-21 08:30:30,6.590399899,4.691793929,-5.606329960
2025-11-21 08:30:40,6.358785847,4.835925223,-5.675656176
2025-11-21 08:30:50,6.488326005,4.934531562,-5.431841913
2025-11-21 08:31:00,6.483892533,4.813780948,-5.584538987
2025-11-21 08:31:10,6.510671225,4.741363368,-5.575527300
2025-11-21 08:31:20,6.385512974,4.686535815,-5.875766692
2025-11-21 08:31:30,6.436546142,4.567679552,-5.818015323
2025-11-21 08:31:40,6.194822305,4.685142054,-5.990366920
2025-11-21 08:31:50,6.046256949,4.377924872,-6.424260335
2025-11-21 08:32:00,5.987267149,4.297316305,-6.494883957
2025-11-21 08:32:10,6.074065661,4.094972579,-6.488598664
2025-11-21 08:32:20,6.085685710,4.016366722,-6.553117885
2025-11-21 08:32:30,5.926663283,3.733235115,-6.823385371
2025-11-21 08:32:40,5.986952786,3.557526807,-6.923603649
2025-11-21 08:32:50,6.072299635,3.665433156,-6.772588117
2025-11-21 08:33:00,6.208845754,3.718274503,-6.606955766
2025-11-21 08:33:10,6.155429125,3.542339676,-6.730160814
2025-11-21 08:33:20,6.140492906,3.492599711,-6.836806270
2025-11-21 08:33:30,6.142827934,3.208645141,-6.945011390
2025-11-21 08:33:40,6.369403139,2.986700613,-6.832432273
2025-11-21 08:33:50,6.228908192,2.963172128,-6.943476230
2025-11-21 08:34:00,6.306515727,2.803981379,-6.986714934
2025-11-21 08:34:10,6.337121274,2.791054269,-6.966546053
2025-11-21 08:34:20,6.181810907,3.042418425,-6.980638107
2025-11-21 08:34:30,5.960222347,3.214992926,-7.079747529
2025-11-21 08:34:40,5.943928056,3.445392469,-7.010848988
2025-11-21 08:34:50,5.967166257,3.421293764,-6.967543771
2025-11-21 08:35:00,5.850030793,3.361058389,-7.059928747
2025-11-21 08:35:10,5.965571344,3.143853387,-7.110454077
2025-11-21 08:35:20,5.769777801,3.053775627,-7.379111352
2025-11-21 08:35:30,5.922291024,3.108886294,-7.139454605
2025-11-21 08:35:40,5.805428139,3.472225427,-7.129927415
2025-11-21 08:35:50,5.795553257,3.478885449,-7.113389873
2025-11-21 08:36:00,5.765691036,3.750437970,-6.979524537
2025-11-21 08:36:10,5.677659138,3.699019244,-7.097838509
2025-11-21 08:36:20,5.477508427,3.861050914,-7.134475406
2025-11-21 08:36:30,5.411576384,3.937116067,-7.184835951
2025-11-21 08:36:40,5.538372721,3.930547252,-7.070009898
2025-11-21 08:36:50,5.307679487,3.696315930,-7.404658813
2025-11-21 08:37:00,5.461306981,3.860858433,-7.183369268
2025-11-21 08:37:10,5.447854953,3.942861214,-7.177354166
2025-11-21 08:37:20,5.504574129,3.862078009,-7.130720065
2025-11-21 08:37:30,5.441207293,3.860456835,-7.215327119
2025-11-21 08:37:40,5.541516896,3.797969011,-7.140372272
2025-11-21 08:37:50,5.617954910,3.689479640,-7.160959698
2025-11-21 08:38:00,5.671247463,3.679525264,-7.130708371
2025-11-21 08:38:10,5.434096097,3.839272159,-7.201237956
2025-11-21 08:38:20,5.376717760,3.965264719,-7.198507844
2025-11-21 08:38:30,5.327048809,4.153394405,-7.149024241
2025-11-21 08:38:40,5.647397955,4.217913144,-6.841945721
2025-11-21 08:38:50,5.672176613,4.233614622,-6.781518526
2025-11-21 08:39:00,5.855607100,4.300644001,-6.572578519
2025-11-21 08:39:10,5.761647729,4.094498414,-6.781328987
2025-11-21 08:39:20,5.874464971,4.147748570,-6.679142919
2025-11-21 08:39:30,5.860508525,4.149347191,-6.730339368
2025-11-21 08:39:40,6.058747931,3.746869683,-6.776921727
2025-11-21 08:39:50,6.174177282,3.680627225,-6.639257531
2025-11-21 08:40:00,6.206888553,3.929090663,-6.468067675
2025-11-21 08:40:10,6.075175959,3.839035942,-6.700127770
2025-11-21 08:40:20,6.033219391,3.969825789,-6.647530104
2025-11-21 08:40:30,6.190649876,4.109589878,-6.408045547
2025-11-21 08:40:40,6.064066660,4.306443259,-6.444096253
2025-11-21 08:40:50,6.040557588,4.340074224,-6.413347884
2025-11-21 08:41:00,6.190257756,4.450856179,-6.188121914
2025-11-21 08:41:10,6.089420673,4.374697480,-6.349823763
2025-11-21 08:41:20,6.290281704,4.126449779,-6.275122657
2025-11-21 08:41:30,6.325191138,4.118793173,-6.291122507
2025-11-21 08:41:40,6.053216701,3.940024378,-6.634868489
2025-11-21 08:41:50,6.005856343,4.235926385,-6.489781951
2025-11-21 08:42:00,6.101752756,4.028143052,-6.594747115
2025-11-21 08:42:10,6.116347562,4.146049837,-6.415495501
2025-11-21 08:42:20,6.206611360,3.912326946,-6.472555203
2025-11-21 08:42:30,6.185890839,3.681714341,-6.716034693
2025-11-21 08:42:40,6.253845147,3.836212373,-6.473941134
2025-11-21 08:42:50,6.478671427,3.542051457,-6.480492288
2025-11-21 08:43:00,6.619147546,3.513656117,-6.323377434
2025-11-21 08:43:10,6.579360999,3.347692478,-6.483985669
2025-11-21 08:43:20,6.216888812,3.549751829,-6.712865282
2025-11-21 08:43:30,6.197165836,3.506385195,-6.770482167
2025-11-21 08:43:40,6.267972051,3.565247692,-6.682380922
2025-11-21 08:43:50,6.297309823,3.428725566,-6.664732570
2025-11-21 08:44:00,6.054039664,3.369882963,-6.963260460
2025-11-21 08:44:10,6.067947967,2.941270220,-7.085601742
2025-11-21 08:44:20,6.370056610,2.723335519,-6.938350416
2025-11-21 08:44:30,6.251594350,2.928660918,-6.909541548
2025-11-21 08:44:40,6.098183950,2.846695527,-7.107547078
2025-11-21 08:44:50,6.091101909,2.723672231,-7.218202073
2025-11-21 08:45:00,5.789291496,2.869686825,-7.378677863
2025-11-21 08:45:10,5.902421491,2.906941198,-7.250816272
2025-11-21 08:45:20,5.726373558,3.100484539,-7.314805637
2025-11-21 08:45:30,5.678044707,2.984815777,-7.438075674
2025-11-21 08:45:40,5.739364980,3.110410731,-7.312631904
2025-11-21 08:45:50,5.859160445,3.259253592,-7.200527538
2025-11-21 08:46:00,5.919760232,3.268155448,-7.074604874
2025-11-21 08:46:10,6.026537736,3.266010503,-7.012614257
2025-11-21 08:46:20,5.901161848,3.302667367,-7.124047174
2025-11-21 08:46:30,5.946803183,3.211021837,-7.141914798
2025-11-21 08:46:40,6.142626569,3.113736352,-6.994239865
2025-11-21 08:46:50,6.368092953,3.384637168,-6.646834407
2025-11-21 08:47:00,6.370876554,3.348922721,-6.645294963
2025-11-21 08:47:10,6.337180623,3.680500794,-6.495020276
2025-11-21 08:47:20,6.334794033,3.797009073,-6.451899598
2025-11-21 08:47:30,6.224598601,3.660391004,-6.621516226
2025-11-21 08:47:40,6.145940734,3.450006757,-6.806577253
2025-11-21 08:47:50,6.258916789,3.434127741,-6.713006962
2025-11-21 08:48:00,6.120129048,3.637329885,-6.721034289
2025-11-21 08:48:10,6.128908082,3.673127659,-6.707302700
2025-11-21 08:48:20,6.204602888,3.506220467,-6.770895285
2025-11-21 08:48:30,6.097301899,3.717877794,-6.671144057
2025-11-21 08:48:40,6.037900077,3.813615128,-6.745711803
2025-11-21 08:48:50,6.265185820,3.885580413,-6.464863507
2025-11-21 08:49:00,6.394790247,3.724454017,-6.431600283
2025-11-21 08:49:10,6.222750521,3.655798062,-6.663239327
2025-11-21 08:49:20,6.313854886,3.802659624,-6.546788246
2025-11-21 08:49:30,6.080121572,3.655322193,-6.742969105
2025-11-21 08:49:40,6.170114754,3.362964926,-6.839171662
2025-11-21 08:49:50,6.185122534,3.208496750,-6.877794529
2025-11-21 08:50:00,5.883980459,3.327428824,-7.110552342
2025-11-21 08:50:10,6.095224184,2.900927735,-7.139499827
2025-11-21 08:50:20,5.734515643,2.800296564,-7.440457773
2025-11-21 08:50:30,5.680320803,2.547424284,-7.592540499
2025-11-21 08:50:40,5.635297447,2.589300563,-7.582265228
2025-11-21 08:50:50,5.749119801,2.176458910,-7.691804833
2025-11-21 08:51:00,5.825230441,2.491921976,-7.506785791
2025-11-21 08:51:10,5.652433007,2.370281708,-7.648804126
2025-11-21 08:51:20,5.504763682,2.278507282,-7.806641178
2025-11-21 08:51:30,5.340134581,2.255013165,-7.879792593
2025-11-21 08:51:40,5.457885312,2.341657873,-7.801879301
2025-11-21 08:51:50,5.528857794,2.116315506,-7.835805831
2025-11-21 08:52:00,5.422701383,1.970235339,-7.937073258
2025-11-21 08:52:10,5.580326865,1.243091803,-7.954027349
2025-11-21 08:52:20,5.482623842,1.166434446,-8.034657894
2025-11-21 08:52:30,5.315765198,1.186731885,-8.132016576
2025-11-21 08:52:40,5.432519351,1.067351151,-8.106570607
2025-11-21 08:52:50,5.566811245,0.820183252,-8.019150344
2025-11-21 08:53:00,5.684112032,0.717972950,-7.989577656
2025-11-21 08:53:10,5.961707825,0.640823464,-7.794131322
2025-11-21 08:53:20,6.172379665,0.829776624,-7.576925090
2025-11-21 08:53:30,5.949473473,0.907467257,-7.744874078
2025-11-21 08:53:40,5.727320917,0.803191660,-7.953254211
2025-11-21 08:53:50,5.458844333,0.834272886,-8.111722022
2025-11-21 08:54:00,5.546170356,0.796084369,-8.058790622
2025-11-21 08:54:10,5.475800678,0.516868457,-8.136758501
2025-11-21 08:54:20,5.519429120,0.231878759,-8.123138519
2025-11-21 08:54:30,5.605477258,0.240506616,-8.038596597
2025-11-21 08:54:40,5.605193055,0.284883411,-8.046158479
2025-11-21 08:54:50,5.446826177,0.177321314,-8.158527101
2025-11-21 08:55:00,5.610937935,-0.058587482,-8.059256373
2025-11-21 08:55:10,5.519346966,-0.311427961,-8.126853575
2025-11-21 08:55:20,5.193349138,-0.743908700,-8.310244766
2025-11-21 08:55:30,5.246247122,-0.853181460,-8.227684821
2025-11-21 08:55:40,5.282321112,-1.010341543,-8.188855960
2025-11-21 08:55:50,5.350774062,-0.979415734,-8.147443665
2025-11-21 08:56:00,5.267911206,-1.187309003,-8.167228155
2025-11-21 08:56:10,5.144372116,-1.144734714,-8.263197474
2025-11-21 08:56:20,5.161315757,-1.213039584,-8.205919159
2025-11-21 08:56:30,5.149822277,-1.367702074,-8.270472643
2025-11-21 08:56:40,4.830445075,-1.007543103,-8.456818451
2025-11-21 08:56:50,4.883019819,-1.005419231,-8.503987964
2025-11-21 08:57:00,-2.015877498,9.524312735,0.863329016
2025-11-21 08:57:10,1.532658621,9.576705528,1.529758781
2025-11-21 08:57:20,-0.079030748,7.365646608,6.704925618
2025-11-21 08:57:30,-0.633847045,5.792947715,7.922671392
2025-11-21 08:57:40,-2.783626622,7.423314721,5.836104908
2025-11-21 08:57:50,-3.371548898,8.408737348,3.584853884
2025-11-21 08:58:00,-6.142358775,5.896739796,5.049133279
2025-11-21 08:58:10,-5.750793686,7.887508672,0.488985905
2025-11-21 08:58:20,-5.475122965,7.863338740,-0.654604716
2025-11-21 08:58:30,-5.106896172,7.684184269,-3.467260150
2025-11-21 08:58:40,-6.347830859,6.822005533,-2.946833745
2025-11-21 08:58:50,-5.354153169,6.415093351,-4.735396542
2025-11-21 08:59:00,-3.661641498,7.515034881,-5.004680902
2025-11-21 08:59:10,-1.568474488,7.835146984,-5.260979756
2025-11-21 08:59:20,-2.122485546,9.050633150,-3.634611569
2025-11-21 08:59:30,1.451780798,9.658677776,-1.289552432
2025-11-21 08:59:40,5.010160044,8.564677567,-0.566781729
2025-11-21 08:59:50,4.981495524,8.147452574,-0.312301912
2025-11-21 09:00:00,5.748670790,7.662035363,1.200176159
2025-11-21 09:00:10,4.419389198,8.680764795,-0.304311887
2025-11-21 09:00:20,4.405538172,8.989825086,-0.450376530
2025-11-21 09:00:30,4.847874544,8.744738534,0.252177410
2025-11-21 09:00:40,4.754433328,7.988444477,-3.101463118
2025-11-21 09:00:50,4.693354199,7.264254655,-4.286124980
2025-11-21 09:01:00,3.957196534,6.649778579,-5.623324029
2025-11-21 09:01:10,3.760737960,6.847873779,-6.343678062
2025-11-21 09:01:20,3.966979299,6.294715987,-6.517435478
2025-11-21 09:01:30,5.192083658,6.107044142,-6.138013043
2025-11-21 09:01:40,5.323371663,6.441385875,-4.908607919
2025-11-21 09:01:50,5.805071534,6.393317284,-4.853445533
2025-11-21 09:02:00,5.535463425,6.194890471,-5.346498277
2025-11-21 09:02:10,5.172292167,6.318865428,-4.932672269
2025-11-21 09:02:20,5.846268708,6.647606727,-4.135170574
2025-11-21 09:02:30,5.832202143,7.230197367,-2.776723994
2025-11-21 09:02:40,5.915368764,6.779284163,-3.919498604
2025-11-21 09:02:50,5.698833993,6.402716642,-4.398467867
2025-11-21 09:03:00,6.352373092,6.958853387,-2.870517124
2025-11-21 09:03:10,6.023360556,6.547775739,-4.072451025
2025-11-21 09:03:20,5.185684952,6.147690104,-5.939295882
2025-11-21 09:03:30,3.772493533,6.878003385,-5.941745819
2025-11-21 09:03:40,5.650306786,6.999002950,-3.642147093
2025-11-21 09:03:50,5.600319616,7.415492704,-2.601520121
2025-11-21 09:04:00,5.691583395,7.267311398,-4.092785466
2025-11-21 09:04:10,5.454102278,6.121382153,-5.158974568
2025-11-21 09:04:20,6.532856956,4.921524678,-5.079375958
2025-11-21 09:04:30,7.357228363,4.845264396,-4.616140131
2025-11-21 09:04:40,7.877618505,4.376418177,-3.850769047
2025-11-21 09:04:50,7.282927677,3.376736271,-5.489101931
2025-11-21 09:05:00,7.216362738,0.579046932,-6.626830023
2025-11-21 09:05:10,7.697744391,0.603032000,-5.722436302
2025-11-21 09:05:20,7.446380966,0.369870510,-6.441948017
2025-11-21 09:05:30,6.217315539,-1.363836806,-7.291015495
2025-11-21 09:05:40,6.165984465,-1.435374151,-7.318780218
2025-11-21 09:05:50,6.568896034,-2.294083616,-7.169994586
2025-11-21 09:06:00,4.697071014,-1.688927589,-8.357003224
2025-11-21 09:06:10,5.751916259,-4.074217328,-6.810509903
2025-11-21 09:06:20,5.373778024,-3.908816366,-7.230658432
2025-11-21 09:06:30,5.831473170,-4.112775200,-6.387062473
2025-11-21 09:06:40,6.897008890,-5.393217473,-4.440980681
2025-11-21 09:06:50,5.748052723,-6.413918821,-4.464594385
2025-11-21 09:07:00,5.808111643,-5.586188231,-5.706819169
2025-11-21 09:07:10,6.851664385,-5.300006840,-4.370294902
2025-11-21 09:07:20,7.545481305,-4.535764546,-4.399591633
2025-11-21 09:07:30,7.065208780,-3.903143058,-5.607622481
2025-11-21 09:07:40,6.524606186,-4.162457868,-5.460063020
2025-11-21 09:07:50,5.544787852,-3.632332752,-7.191020350
2025-11-21 09:08:00,5.795691492,-2.677821962,-7.926998300
2025-11-21 09:08:10,5.321786653,-2.938605687,-7.854121865
2025-11-21 09:08:20,6.429868825,-3.276894121,-6.759606358
2025-11-21 09:08:30,6.631977865,-3.584939900,-6.123043762
2025-11-21 09:08:40,6.127740892,-4.512926691,-6.227107103
2025-11-21 09:08:50,6.907725361,-4.312246762,-5.685152053
2025-11-21 09:09:00,7.176499801,-3.810391792,-5.704084548
2025-11-21 09:09:10,6.743186168,-4.312218256,-5.703476334
2025-11-21 09:09:20,6.219401295,-4.784541456,-5.964539225
2025-11-21 09:09:30,6.753772395,-3.895297115,-6.089576708
2025-11-21 09:09:40,7.278167019,-2.720838829,-5.922400406
2025-11-21 09:09:50,6.220846298,-4.236606842,-6.116555645
2025-11-21 09:10:00,6.976091926,-2.863647577,-6.623008998
2025-11-21 09:10:10,7.348025626,-2.454437877,-6.343118469
2025-11-21 09:10:20,7.271315774,-3.119251637,-6.001329794
2025-11-21 09:10:30,8.444900204,-0.974130328,-5.191286354
2025-11-21 09:10:40,7.967027738,-0.603673625,-5.751782834
2025-11-21 09:10:50,7.872241747,0.496731047,-5.827113195
2025-11-21 09:11:00,6.845721368,1.332171209,-6.485690043
2025-11-21 09:11:10,6.894225591,2.616519545,-6.837340283
2025-11-21 09:11:20,6.800299684,3.236591356,-6.689459675
2025-11-21 09:11:30,5.387462891,2.667225378,-7.808108456
2025-11-21 09:11:40,5.504365437,-0.457455730,-7.706207909
2025-11-21 09:11:50,6.865765372,1.038427164,-6.870076911
2025-11-21 09:12:00,6.122252084,-0.642737133,-7.514479892
2025-11-21 09:12:10,7.574582369,0.756484991,-5.989754239
2025-11-21 09:12:20,8.979356263,0.497125305,-3.694623279
2025-11-21 09:12:30,9.486482129,-0.403290929,-2.871454614
2025-11-21 09:12:40,9.406428452,0.473919760,-1.968050961
2025-11-21 09:12:50,9.269793197,-1.154769904,-3.704623105
2025-11-21 09:13:00,8.862621413,-1.342528768,-4.454557077
2025-11-21 09:13:10,7.135399352,0.614359354,-6.734907922
2025-11-21 09:13:20,7.734467006,-0.529104628,-5.907738240
2025-11-21 09:13:30,7.009595119,-0.684279827,-6.579310990
2025-11-21 09:13:40,7.925609958,2.569366608,-5.250028924
2025-11-21 09:13:50,9.085925446,1.978134356,-2.679044752
2025-11-21 09:14:00,9.418119985,2.625297002,-1.402893949
2025-11-21 09:14:10,9.073126129,3.093577723,-1.047793060
2025-11-21 09:14:20,8.436842172,4.589964088,-2.121693555
2025-11-21 09:14:30,7.837945376,6.067342899,-1.889566296
2025-11-21 09:14:40,8.564135199,5.166387447,-0.164704610
2025-11-21 09:14:50,8.176211906,5.271525175,-1.592178196
2025-11-21 09:15:00,8.383550813,4.796535474,-1.925871430
2025-11-21 09:15:10,9.273585399,3.205089386,-1.759955648
2025-11-21 09:15:20,9.369073729,2.452577342,-1.288036719
2025-11-21 09:15:30,9.552008702,1.355656346,-0.672725290
2025-11-21 09:15:40,9.814951209,1.474042259,-1.425808382
2025-11-21 09:15:50,9.580682654,0.606683467,-1.330434182
2025-11-21 09:16:00,9.697188050,0.695780274,-1.714250814
2025-11-21 09:16:10,9.879066001,0.374165235,-0.834414662
2025-11-21 09:16:20,9.545147068,1.459561364,-1.346379947
2025-11-21 09:16:30,9.791485719,1.286573284,-1.233202960
2025-11-21 09:16:40,10.030976181,0.802930679,-1.856080967
2025-11-21 09:16:50,9.626477222,1.292686399,-1.776406452
2025-11-21 09:17:00,9.547601114,1.792472623,-1.798151346
2025-11-21 09:17:10,9.729042591,1.582104083,-0.915703248
2025-11-21 09:17:20,9.768925922,1.733188671,-0.397347903
2025-11-21 09:17:30,9.656778696,1.183291234,-0.177017159
2025-11-21 09:17:40,9.822618571,1.017244608,0.243455005
2025-11-21 09:17:50,10.095009791,0.582730710,-0.154365855
2025-11-21 09:18:00,9.624370580,1.669601290,0.393564000
2025-11-21 09:18:10,9.871131146,1.832429782,1.133351776
2025-11-21 09:18:20,9.582149591,1.430040818,1.009112068
2025-11-21 09:18:30,9.694303270,0.942040521,0.660873444
2025-11-21 09:18:40,9.635203536,1.510669214,0.083115485
2025-11-21 09:18:50,9.503489614,1.574408912,0.194327072
2025-11-21 09:19:00,9.518922006,2.148523732,0.381249433
2025-11-21 09:19:10,9.142253073,3.421513847,0.110943461
2025-11-21 09:19:20,9.317366836,3.139768673,0.010657473
2025-11-21 09:19:30,9.135132316,3.677255756,0.238138163
2025-11-21 09:19:40,9.359459408,2.834206332,-0.014827253
2025-11-21 09:19:50,8.943053735,3.581871510,-0.300439481
2025-11-21 09:20:00,8.950937537,3.950079206,-0.877677474
2025-11-21 09:20:10,8.907105812,3.409721595,-0.857190639
2025-11-21 09:20:20,8.951653874,3.603977953,-0.763990424
2025-11-21 09:20:30,9.146499565,3.689867926,-1.569675147
2025-11-21 09:20:40,9.377248177,2.690983109,-1.456512740
2025-11-21 09:20:50,9.207505813,3.104561759,-1.326545694
2025-11-21 09:21:00,9.296442999,2.978403096,-1.219853489
2025-11-21 09:21:10,8.975417316,3.319343763,-1.745605247
2025-11-21 09:21:20,9.489403119,3.085143933,-1.169531642
2025-11-21 09:21:30,9.077134661,3.262068312,-0.855713446
2025-11-21 09:21:40,9.274924827,3.379013955,-1.795780160
2025-11-21 09:21:50,8.720414941,4.407844736,-1.019382793
2025-11-21 09:22:00,8.549413231,4.590639423,-1.645398504
2025-11-21 09:22:10,8.582759400,4.343121668,-1.351168536
2025-11-21 09:22:20,8.135055462,4.619984195,-1.747678657
2025-11-21 09:22:30,8.255344556,5.024648054,-1.954417075
2025-11-21 09:22:40,8.190459983,4.737192428,-2.952369489
2025-11-21 09:22:50,7.980328643,4.649106690,-2.802686101
2025-11-21 09:23:00,8.217110279,4.516784256,-3.248390068
2025-11-21 09:23:10,8.356853398,4.437076026,-3.034342040
2025-11-21 09:23:20,8.533776106,4.462299763,-1.839854899
2025-11-21 09:23:30,9.069241547,3.530692374,-1.249797226
2025-11-21 09:23:40,8.987453180,3.801440394,0.178175341
2025-11-21 09:23:50,9.010214573,3.453902952,-0.409799917
2025-11-21 09:24:00,8.822996933,3.810491074,0.265898727
2025-11-21 09:24:10,8.929929710,3.822661604,-0.349179929
2025-11-21 09:24:20,9.026300235,3.854981725,0.276981925
2025-11-21 09:24:30,8.616741193,4.632054865,0.847111050
2025-11-21 09:24:40,8.723903790,4.479020528,1.371168219
2025-11-21 09:24:50,8.596929043,4.757657561,1.285929431
2025-11-21 09:25:00,7.792355753,5.937365947,0.865618354
2025-11-21 09:25:10,7.660959743,6.037439936,0.318329921
2025-11-21 09:25:20,7.473204688,6.334552425,-0.331238745
2025-11-21 09:25:30,8.190069767,5.618232027,-0.494376866
2025-11-21 09:25:40,8.546018066,4.425121410,-0.906052819
2025-11-21 09:25:50,8.680601639,4.273896357,-1.560459113
2025-11-21 09:26:00,8.763236442,4.076029333,-1.723612118
2025-11-21 09:26:10,8.821819161,4.654009091,-0.959856144
2025-11-21 09:26:20,8.119725674,5.071995677,-0.637814017
2025-11-21 09:26:30,8.201732177,5.349892877,0.661567443
2025-11-21 09:26:40,9.162098176,3.525428510,0.965662635
2025-11-21 09:26:50,9.600150192,2.574144169,1.307258634
2025-11-21 09:27:00,9.404686243,3.470622503,1.326668651
2025-11-21 09:27:10,9.279494765,3.195067873,0.909102175
2025-11-21 09:27:20,9.201255203,3.081666517,1.362474805
2025-11-21 09:27:30,9.089833377,3.249484562,0.994288411
2025-11-21 09:27:40,9.303543913,2.955574448,1.024838208
2025-11-21 09:27:50,9.654420826,3.269887492,0.301416821
2025-11-21 09:28:00,9.361284032,3.472357342,0.017742937
2025-11-21 09:28:10,9.117526841,3.464832294,-0.518689527
2025-11-21 09:28:20,9.017407829,3.324946202,-0.696719081
2025-11-21 09:28:30,9.157892583,3.340243159,-0.951328375
2025-11-21 09:28:40,9.318179305,3.158612562,-1.088872255
2025-11-21 09:28:50,9.180120592,2.948494000,-1.342178045
2025-11-21 09:29:00,9.216541838,2.720549867,-1.328139880
2025-11-21 09:29:10,9.155759382,3.001468133,-1.528212994
2025-11-21 09:29:20,9.192577961,2.954068473,-1.484967030
2025-11-21 09:29:30,9.046463421,3.456595213,-1.487643688
2025-11-21 09:29:40,8.783607237,4.157861960,-1.457527338
2025-11-21 09:29:50,8.781435868,4.589034748,-1.675178872
2025-11-21 09:30:00,8.725032444,4.535156487,-0.628845461
2025-11-21 09:30:10,8.305475709,4.944926916,-0.325794041
2025-11-21 09:30:20,8.728789069,4.700506635,-0.160171961
2025-11-21 09:30:30,8.076029622,5.331508058,-0.360901739
2025-11-21 09:30:40,8.241617015,5.091335688,-0.444452057
2025-11-21 09:30:50,8.169882357,5.660236140,-1.112816837
2025-11-21 09:31:00,8.103476897,5.365736079,-1.246530812
2025-11-21 09:31:10,8.372568805,5.076625526,-1.299398904
2025-11-21 09:31:20,8.730321427,4.979344059,-0.807606163
2025-11-21 09:31:30,8.601222965,4.309647191,-1.409615338
2025-11-21 09:31:40,8.618824786,4.956270249,-1.412553683
2025-11-21 09:31:50,8.325461208,4.859264705,-2.036791059
2025-11-21 09:32:00,8.414998176,4.440519372,-1.725736021
2025-11-21 09:32:10,8.489778967,4.552549406,-1.931905972
2025-11-21 09:32:20,8.544255489,4.084131030,-1.654961736
2025-11-21 09:32:30,8.934564020,3.543595857,-1.653655936
2025-11-21 09:32:40,9.188810508,3.131800866,-1.485510297
2025-11-21 09:32:50,8.975725592,3.845328876,-2.138805343
2025-11-21 09:33:00,8.675183083,3.901668750,-2.551377605
2025-11-21 09:33:10,8.626777521,4.082882401,-2.522899978
2025-11-21 09:33:20,8.423195124,4.585102215,-2.246778489
2025-11-21 09:33:30,8.341936450,4.626443724,-1.338224147
2025-11-21 09:33:40,8.504607347,4.331501937,-1.331978817
2025-11-21 09:33:50,8.719495659,4.373925309,-1.117163744
2025-11-21 09:34:00,8.773720442,4.382460685,-1.190779171
2025-11-21 09:34:10,8.691096178,4.693615901,-0.733187557
2025-11-21 09:34:20,8.179991215,5.147551053,-0.621338166
2025-11-21 09:34:30,8.594497972,4.731054430,0.107406707
2025-11-21 09:34:40,7.856927243,5.858891836,0.556467324
2025-11-21 09:34:50,7.998416689,5.597020535,1.143226785
2025-11-21 09:35:00,8.115675336,5.409733844,1.241677269
2025-11-21 09:35:10,8.129799694,5.399052060,1.961132645
2025-11-21 09:35:20,8.018254173,5.089127295,1.500680723
2025-11-21 09:35:30,8.144656281,5.177800384,1.981167867
2025-11-21 09:35:40,7.697135930,5.362141788,2.093167272
2025-11-21 09:35:50,8.350385654,5.110929224,1.375913367
2025-11-21 09:36:00,8.169578678,4.825398659,1.938292542
2025-11-21 09:36:10,8.386867929,4.630658657,1.565476718
2025-11-21 09:36:20,8.571012025,4.595738077,1.892177746
2025-11-21 09:36:30,8.386553673,4.429065911,1.700714988
2025-11-21 09:36:40,8.878981588,3.851091567,1.991047484
2025-11-21 09:36:50,8.628990679,3.781209825,1.512779640
2025-11-21 09:37:00,8.545633633,4.192640263,1.812454484
2025-11-21 09:37:10,8.532417496,4.429458490,1.858038142
2025-11-21 09:37:20,8.357696954,5.109708882,1.302194876
2025-11-21 09:37:30,8.336602907,5.061746318,1.376056183
2025-11-21 09:37:40,8.318905225,5.196473720,0.265748418
2025-11-21 09:37:50,8.168472669,5.340788994,0.457802649
2025-11-21 09:38:00,8.534762284,4.797036147,0.152156320
2025-11-21 09:38:10,8.903175068,4.484902790,0.653337796
2025-11-21 09:38:20,8.905491031,4.362952421,0.222691105
2025-11-21 09:38:30,8.738410892,4.280767198,0.231163943
2025-11-21 09:38:40,9.027445627,4.021452368,0.266012222
2025-11-21 09:38:50,8.768239316,3.993259612,0.208065056
2025-11-21 09:39:00,9.410708603,3.497161675,-0.312433677
2025-11-21 09:39:10,9.482657535,2.571073470,0.344895206
2025-11-21 09:39:20,9.366396068,2.501179943,0.451940301
2025-11-21 09:39:30,9.526818093,2.352208008,0.247959789
2025-11-21 09:39:40,9.539483064,2.676863648,0.962821816
2025-11-21 09:39:50,9.679245987,0.991439275,0.679331367
2025-11-21 09:40:00,9.691691387,1.136283043,0.963939739
2025-11-21 09:40:10,9.810061800,0.554828033,0.727383154
2025-11-21 09:40:20,9.779908705,0.151924600,0.823774617
2025-11-21 09:40:30,9.655093731,-0.254431947,1.341654277
2025-11-21 09:40:40,9.632911672,-0.049039003,1.197405545
2025-11-21 09:40:50,9.970576366,-0.359958377,1.291762563
2025-11-21 09:41:00,9.599335989,-1.067427418,0.681649552
2025-11-21 09:41:10,9.654146481,-1.288653541,1.158087298
2025-11-21 09:41:20,9.358051334,-2.064386681,0.878373121
2025-11-21 09:41:30,9.612237971,-1.662850522,0.882399831
2025-11-21 09:41:40,9.531910528,-2.063428465,1.164812150
2025-11-21 09:41:50,9.390889838,-2.123500405,1.538198328
2025-11-21 09:42:00,9.473898120,-1.955180682,1.919439980
2025-11-21 09:42:10,9.302684231,-2.511867717,1.581751932
2025-11-21 09:42:20,9.420941864,-2.702600503,1.531481770
2025-11-21 09:42:30,9.338257686,-2.009311883,1.750719282
2025-11-21 09:42:40,9.564344700,-1.788226068,1.744204618
2025-11-21 09:42:50,9.499904671,-1.401577786,1.824422578
2025-11-21 09:43:00,9.317381931,-1.981853350,2.267551492
2025-11-21 09:43:10,9.416780838,-3.327765678,1.636197474
2025-11-21 09:43:20,9.408192645,-3.478580802,2.126035572
2025-11-21 09:43:30,9.537079205,-3.130466141,1.655067007
2025-11-21 09:43:40,9.190107641,-3.391295546,2.128185994
2025-11-21 09:43:50,9.015802587,-2.820622535,2.363175546
2025-11-21 09:44:00,8.972972041,-3.412217752,2.545129636
2025-11-21 09:44:10,9.213795366,-3.026953162,2.611747815
2025-11-21 09:44:20,9.261032623,-3.122354596,2.651456373
2025-11-21 09:44:30,8.966982452,-3.002087652,2.663029191
2025-11-21 09:44:40,8.844788071,-3.373294705,2.751122431
2025-11-21 09:44:50,9.106630180,-3.096949438,2.580633561
2025-11-21 09:45:00,8.681905236,-3.520441288,2.917989426
2025-11-21 09:45:10,8.644465376,-3.969521942,3.014983762
2025-11-21 09:45:20,9.220414571,-3.413640950,2.608027475
2025-11-21 09:45:30,8.504747914,-3.281442817,2.722582352
2025-11-21 09:45:40,8.336397620,-3.632681847,3.185553235
2025-11-21 09:45:50,8.691193803,-3.256930175,3.336512000
2025-11-21 09:46:00,8.585315253,-3.790697416,3.334029469
2025-11-21 09:46:10,8.619319558,-3.286461824,3.567751203
2025-11-21 09:46:20,8.342345871,-3.271698882,3.893174463
2025-11-21 09:46:30,8.527025877,-2.709323529,3.393694526
2025-11-21 09:46:40,8.592604384,-2.631823024,3.609584560
2025-11-21 09:46:50,8.567447496,-3.424107905,3.453941156
2025-11-21 09:47:00,8.311213078,-3.322994984,3.655521493
2025-11-21 09:47:10,8.570725382,-3.575134667,3.876646427
2025-11-21 09:47:20,7.873567007,-3.655371270,3.852204121
2025-11-21 09:47:30,8.443322480,-3.895330024,3.655998420
2025-11-21 09:47:40,7.652203820,-4.550463951,3.762119346
2025-11-21 09:47:50,7.579244136,-4.845458741,3.850462882
2025-11-21 09:48:00,7.836279498,-5.162293442,3.392582312
2025-11-21 09:48:10,7.500808645,-5.174782571,3.238518222
2025-11-21 09:48:20,7.687943451,-5.208950500,3.543382975
2025-11-21 09:48:30,7.472026978,-5.156210024,3.768338819
2025-11-21 09:48:40,7.301006790,-4.570232635,4.563954843
2025-11-21 09:48:50,7.622601679,-4.157067349,4.594828435
2025-11-21 09:49:00,7.913705142,-4.396489432,4.124801360
2025-11-21 09:49:10,7.410486915,-4.462022950,4.123840235
2025-11-21 09:49:20,7.673898236,-4.137402549,4.472298380
2025-11-21 09:49:30,7.938479774,-4.073207117,4.215957459
2025-11-21 09:49:40,7.581123182,-3.838226456,4.354985646
2025-11-21 09:49:50,7.890013153,-3.899699502,5.172157725
2025-11-21 09:50:00,7.474901362,-3.180617276,5.508760867
2025-11-21 09:50:10,7.152435419,-3.436513624,5.387759415
2025-11-21 09:50:20,6.906973271,-3.534150608,5.934175904
2025-11-21 09:50:30,6.698019356,-3.327906129,6.085785589
2025-11-21 09:50:40,6.346989394,-4.114980068,6.514707729
2025-11-21 09:50:50,6.456739981,-4.557390290,5.748547325
2025-11-21 09:51:00,6.785203977,-4.694901812,5.299937810
2025-11-21 09:51:10,7.057276384,-4.461341008,4.950671174
2025-11-21 09:51:20,6.793792301,-5.343775821,5.032622141
2025-11-21 09:51:30,6.523642311,-5.237498665,4.810399441
2025-11-21 09:51:40,6.295990357,-4.847487511,5.629644964
2025-11-21 09:51:50,7.076460097,-5.163286298,5.197090692
2025-11-21 09:52:00,6.560680900,-4.994298703,5.278754120
2025-11-21 09:52:10,7.288201452,-3.956652328,5.305492506
2025-11-21 09:52:20,6.813901149,-4.998733517,5.296843077
2025-11-21 09:52:30,7.298292788,-5.082259194,4.169422539
2025-11-21 09:52:40,7.347819976,-5.031534906,4.477307976
2025-11-21 09:52:50,6.856184212,-5.547586116,4.283897968
2025-11-21 09:53:00,6.422579410,-5.315094813,4.754372393
2025-11-21 09:53:10,6.619352080,-5.341753305,5.048520844
2025-11-21 09:53:20,6.188840421,-5.537741615,5.345122619
2025-11-21 09:53:30,5.898632803,-5.760913632,5.459438464
2025-11-21 09:53:40,6.134707183,-5.814010799,4.943326187
2025-11-21 09:53:50,6.539410891,-5.871047914,4.417790988
2025-11-21 09:54:00,6.343372527,-5.769086152,4.930265574
2025-11-21 09:54:10,5.677100440,-5.787205413,5.480564739
2025-11-21 09:54:20,6.027476342,-5.137141504,6.034530526
2025-11-21 09:54:30,5.125450958,-5.133168816,6.496318196
2025-11-21 09:54:40,5.268530555,-4.872277494,7.050802375
2025-11-21 09:54:50,4.356411480,-5.364077547,7.133265799
2025-11-21 09:55:00,3.793458509,-4.847727838,7.450083402
2025-11-21 09:55:10,3.686904962,-5.438245789,7.645681503
2025-11-21 09:55:20,3.044702814,-5.415604963,7.656602648
2025-11-21 09:55:30,2.743800571,-5.624425282,7.640334419
2025-11-21 09:55:40,2.873842182,-5.673511860,7.216501015
2025-11-21 09:55:50,2.597462362,-6.077264444,7.388412557
2025-11-21 09:56:00,2.737370594,-6.246934241,7.713284449
2025-11-21 09:56:10,2.312044772,-6.383291862,6.870282042
2025-11-21 09:56:20,1.550861930,-7.213629800,6.658171729
2025-11-21 09:56:30,2.013317855,-6.961092899,6.218322491
2025-11-21 09:56:40,1.948463419,-7.049120390,6.691518930
2025-11-21 09:56:50,1.861971867,-7.053030529,6.658363860
2025-11-21 09:57:00,2.101325773,-6.326697498,6.966606122
2025-11-21 09:57:10,1.479401027,-6.926376209,6.748392139
2025-11-21 09:57:20,1.564979921,-7.069038275,6.138617962
2025-11-21 09:57:30,1.948026937,-7.031093382,6.525387378
2025-11-21 09:57:40,0.884549943,-7.012960020,6.795857601
2025-11-21 09:57:50,1.314196127,-6.920095362,6.519460144
2025-11-21 09:58:00,0.943297713,-6.943871190,7.047716346
2025-11-21 09:58:10,0.917385314,-6.584291172,6.926611928
2025-11-21 09:58:20,1.146461204,-6.494782000,6.995917146
2025-11-21 09:58:30,0.364859978,-6.214669460,7.072373227
2025-11-21 09:58:40,0.370167029,-6.548731841,7.333778715
2025-11-21 09:58:50,0.384953906,-6.722976268,7.201923711
2025-11-21 09:59:00,-0.281803024,-5.916534910,7.964092551
2025-11-21 09:59:10,-0.251219834,-5.914080379,7.932891752
2025-11-21 09:59:20,-0.345229316,-5.537398211,8.495385259
2025-11-21 09:59:30,-0.028822659,-5.584431133,8.178102538
2025-11-21 09:59:40,0.445786896,-5.403571201,8.172839304
2025-11-21 09:59:50,0.759616681,-5.443771893,8.284522469
2025-11-21 10:00:00,0.670747097,-5.629557412,8.108468877
2025-11-21 10:00:10,1.129072071,-5.533067015,7.922148005
2025-11-21 10:00:20,1.360521511,-5.480073890,7.858603442
2025-11-21 10:00:30,1.342434182,-5.713919913,7.740264994
2025-11-21 10:00:40,1.694094057,-5.904856704,7.362063640
2025-11-21 10:00:50,0.404453463,-5.824054081,7.560242296
2025-11-21 10:01:00,0.645960616,-6.142456442,7.659695977
2025-11-21 10:01:10,1.102666239,-6.062680400,7.560024347
2025-11-21 10:01:20,0.534377995,-6.129997054,7.610747775
2025-11-21 10:01:30,0.757552008,-6.037448429,7.518370771
2025-11-21 10:01:40,0.872812235,-5.507673662,7.595244071
2025-11-21 10:01:50,1.258095676,-5.498739041,7.842012558
2025-11-21 10:02:00,1.549399498,-6.240093813,7.347631544
2025-11-21 10:02:10,1.282133322,-6.067118163,7.793078359
2025-11-21 10:02:20,1.680005947,-6.172297432,7.575418250
2025-11-21 10:02:30,0.821397690,-6.195813010,7.534058685
2025-11-21 10:02:40,0.639175179,-5.323998887,7.710754671
2025-11-21 10:02:50,-0.060177288,-5.404676168,7.998485066
2025-11-21 10:03:00,-0.106982152,-5.573820981,7.979258747
2025-11-21 10:03:10,-1.142506139,-6.181541779,7.382497327
2025-11-21 10:03:20,-0.895021045,-6.371882001,7.294679690
2025-11-21 10:03:30,-0.987053737,-6.409067593,7.400705271
2025-11-21 10:03:40,-0.700821576,-5.975102737,7.377503976
2025-11-21 10:03:50,-1.216519278,-6.090899284,7.599732947
2025-11-21 10:04:00,-1.987656078,-6.513817109,7.450184179
2025-11-21 10:04:10,-1.730758863,-6.641395048,7.081428300
2025-11-21 10:04:20,-1.685361904,-6.985663203,7.110491546
2025-11-21 10:04:30,-1.198544606,-7.457526407,6.640977641
2025-11-21 10:04:40,-0.646289083,-7.229672339,6.778468325
2025-11-21 10:04:50,-1.525884987,-7.266145410,6.339476587
2025-11-21 10:05:00,-1.097027680,-7.315361883,6.015482823
2025-11-21 10:05:10,-1.775863970,-7.210783964,6.321987861
2025-11-21 10:05:20,-1.457495251,-7.648178719,6.235677414
2025-11-21 10:05:30,-1.785558755,-7.443641802,5.919257873
2025-11-21 10:05:40,-2.225151817,-7.364699571,5.848516305
2025-11-21 10:05:50,-2.430181672,-7.443227803,6.054552966
2025-11-21 10:06:00,-2.411793538,-7.108164519,6.159450164
2025-11-21 10:06:10,-2.374120494,-7.748302722,5.596330203
2025-11-21 10:06:20,-3.171399673,-7.843533668,5.576076767
2025-11-21 10:06:30,-3.341354068,-7.373654679,5.455497452
2025-11-21 10:06:40,-2.296277720,-7.723554235,5.715698486
2025-11-21 10:06:50,-2.157380450,-8.197184982,5.230180244
2025-11-21 10:07:00,-2.467993610,-7.999214186,4.966536495
2025-11-21 10:07:10,-2.515507245,-8.042128789,5.190047054
2025-11-21 10:07:20,-2.330182329,-7.877874012,5.145400955
2025-11-21 10:07:30,-1.973912313,-8.263239092,4.834967015
2025-11-21 10:07:40,-1.607957178,-8.351017455,4.747066167
2025-11-21 10:07:50,-1.748319451,-8.396701580,4.625957558
2025-11-21 10:08:00,-2.071669913,-8.878061396,3.959964905
2025-11-21 10:08:10,-2.499132373,-8.697659993,3.515253987
2025-11-21 10:08:20,-2.575650444,-8.657080985,3.214324794
2025-11-21 10:08:30,-2.636738441,-9.005856072,2.446476883
2025-11-21 10:08:40,-2.854511324,-8.905994568,3.074574758
2025-11-21 10:08:50,-2.022407312,-9.060286952,3.123128411
2025-11-21 10:09:00,-2.033968814,-9.407360910,2.196118079
2025-11-21 10:09:10,-2.316166284,-9.400783121,2.468309313
2025-11-21 10:09:20,-1.582316534,-9.743387609,1.845221845
2025-11-21 10:09:30,-2.707222691,-9.447294122,1.683044650
2025-11-21 10:09:40,-1.851745008,-9.413202620,0.994175866
2025-11-21 10:09:50,-1.844373552,-9.555284595,1.378789555
2025-11-21 10:10:00,-2.384848132,-9.400242641,1.678386372
2025-11-21 10:10:10,-3.177541152,-9.050230087,1.917235904
2025-11-21 10:10:20,-3.553409936,-8.827705999,1.856341844
2025-11-21 10:10:30,-2.853967085,-9.134150935,2.661472801
2025-11-21 10:10:40,-3.767482190,-8.605923113,2.477085029
2025-11-21 10:10:50,-3.612274220,-8.920861749,2.266536253
2025-11-21 10:11:00,-3.596748367,-8.652012804,2.402876392
2025-11-21 10:11:10,-4.564572551,-8.057323139,2.676053412
2025-11-21 10:11:20,-3.337212647,-8.138022859,3.518220489
2025-11-21 10:11:30,-2.987296200,-8.859551904,3.249560958
2025-11-21 10:11:40,-2.422080794,-8.739771775,3.692104585
2025-11-21 10:11:50,-2.322992208,-8.653001169,2.831334833
2025-11-21 10:12:00,-2.118614406,-9.344652032,2.755911412
2025-11-21 10:12:10,-2.266113940,-9.082393521,2.014778390
2025-11-21 10:12:20,-1.293802171,-9.682095835,1.764879251
2025-11-21 10:12:30,-0.591900645,-9.700217842,0.940234443
2025-11-21 10:12:40,-0.932105169,-9.801305705,0.246145892
2025-11-21 10:12:50,-0.908089833,-9.592400072,0.161425690
2025-11-21 10:13:00,-0.477329303,-9.830760171,1.389918690
2025-11-21 10:13:10,0.159595830,-9.567350695,1.813776595
2025-11-21 10:13:20,-0.611113701,-9.463896327,2.530572590
2025-11-21 10:13:30,-0.619074467,-9.046455228,3.296403288
2025-11-21 10:13:40,-0.888453322,-9.564475208,2.566574775
2025-11-21 10:13:50,-1.468647073,-9.743765191,1.726225671
2025-11-21 10:14:00,-1.095805303,-9.745190504,1.485380570
2025-11-21 10:14:10,-1.170342633,-9.370613847,1.983091970
2025-11-21 10:14:20,-1.265004931,-9.166459913,2.190383155
2025-11-21 10:14:30,-1.442192779,-9.472550762,1.755013304
2025-11-21 10:14:40,-2.148387220,-9.145828725,1.948347754
2025-11-21 10:14:50,-2.491306238,-9.034782606,2.762076184
2025-11-21 10:15:00,-2.813333510,-8.955562993,3.321607448
2025-11-21 10:15:10,-2.320598406,-8.911684544,2.829223334
2025-11-21 10:15:20,-2.690323809,-8.763550625,2.957597453
2025-11-21 10:15:30,-2.435823170,-8.914063086,3.215478804
2025-11-21 10:15:40,-2.421436101,-8.827210525,3.286997130
2025-11-21 10:15:50,-2.173857415,-8.589435495,4.223133627
2025-11-21 10:16:00,-1.960941313,-8.838383835,3.810703704
2025-11-21 10:16:10,-2.175972168,-8.482236119,4.207778759
2025-11-21 10:16:20,-2.244358748,-8.980040872,3.929305599
2025-11-21 10:16:30,-2.695471299,-8.453975754,3.909734180
2025-11-21 10:16:40,-2.675597708,-8.783515905,3.872826377
2025-11-21 10:16:50,-2.487663422,-8.859732388,3.545218106
2025-11-21 10:17:00,-2.506466288,-9.118861254,2.996898072
2025-11-21 10:17:10,-3.032851348,-8.762819536,3.206066802
2025-11-21 10:17:20,-3.493336511,-8.682236386,3.259131659
2025-11-21 10:17:30,-3.237633955,-8.804815635,3.147896095
2025-11-21 10:17:40,-3.195273745,-8.696400779,3.298542780
2025-11-21 10:17:50,-2.988310211,-8.782928780,3.754441573
2025-11-21 10:18:00,-3.355435765,-8.611181310,3.808323456
2025-11-21 10:18:10,-3.666405640,-8.047060123,4.148733578
2025-11-21 10:18:20,-4.052984432,-8.040067742,4.243536845
2025-11-21 10:18:30,-4.096202574,-8.198376926,3.270188399
2025-11-21 10:18:40,-3.510927840,-8.677339261,3.195566061
2025-11-21 10:18:50,-3.487665114,-8.303412160,3.199560206
2025-11-21 10:19:00,-3.365749980,-8.411635430,3.295180683
2025-11-21 10:19:10,-3.430729231,-8.134854397,4.191666610
2025-11-21 10:19:20,-3.278689660,-8.055278107,4.339534390
2025-11-21 10:19:30,-3.267334847,-8.398034986,4.255464628
2025-11-21 10:19:40,-3.833842629,-7.777562147,4.551785823
2025-11-21 10:19:50,-3.821275056,-7.691673626,4.028519028
2025-11-21 10:20:00,-3.538148191,-8.567209205,3.976907798
2025-11-21 10:20:10,-3.082349024,-8.667280302,3.732528949
2025-11-21 10:20:20,-2.617370091,-8.240222829,3.981596106
2025-11-21 10:20:30,-2.621596674,-8.366724593,4.430956688
2025-11-21 10:20:40,-2.666165106,-8.493351395,4.212382434
2025-11-21 10:20:50,-2.031857601,-8.850199365,3.957763565
2025-11-21 10:21:00,-2.655512049,-8.792578025,3.915848386
2025-11-21 10:21:10,-2.453868541,-8.739825248,4.271858939
2025-11-21 10:21:20,-2.399542051,-8.956385007,3.966447636
2025-11-21 10:21:30,-2.296713798,-8.653865595,3.679533880
2025-11-21 10:21:40,-2.718316508,-8.464016492,4.214500721
2025-11-21 10:21:50,-2.560777103,-8.007618251,4.401789434
2025-11-21 10:22:00,-3.193110408,-8.097632314,5.091188910
2025-11-21 10:22:10,-3.817288181,-8.093545331,4.600982428
2025-11-21 10:22:20,-4.121249786,-7.470347570,4.818541106
2025-11-21 10:22:30,-3.861525250,-7.296023924,5.136753076
2025-11-21 10:22:40,-4.870177384,-7.147814476,4.769943306
2025-11-21 10:22:50,-5.011461684,-7.117591716,4.482172478
2025-11-21 10:23:00,-5.105876965,-7.243180268,4.702664540
2025-11-21 10:23:10,-5.144716273,-7.126539185,4.554772322
2025-11-21 10:23:20,-5.922784620,-7.053560660,4.093402329
2025-11-21 10:23:30,-5.695942283,-6.825487073,4.369606275
2025-11-21 10:23:40,-5.019095671,-7.250309550,4.247775574
2025-11-21 10:23:50,-5.271585712,-7.061573828,4.577146066
2025-11-21 10:24:00,-5.396733963,-7.272684576,4.378647067
2025-11-21 10:24:10,-5.013807693,-6.427598399,5.276835540
2025-11-21 10:24:20,-5.151712549,-6.734098588,4.838209880
2025-11-21 10:24:30,-5.473136156,-6.868798749,5.259002755
2025-11-21 10:24:40,-5.867666747,-6.187260680,5.176293482
2025-11-21 10:24:50,-5.558018834,-6.582324701,4.682924636
2025-11-21 10:25:00,-5.738844207,-6.268760074,4.614499528
2025-11-21 10:25:10,-6.119201983,-5.709809350,4.919117405
2025-11-21 10:25:20,-6.222246151,-5.578208287,5.193655988
2025-11-21 10:25:30,-6.066486902,-5.293082295,5.780671209
2025-11-21 10:25:40,-5.550951115,-6.093931503,5.437250020
2025-11-21 10:25:50,-5.522837215,-6.153248559,5.493369673
2025-11-21 10:26:00,-5.624900174,-5.610017247,5.981066037
2025-11-21 10:26:10,-5.149931599,-5.422338741,6.349960020
2025-11-21 10:26:20,-5.053888187,-5.317405941,6.034313425
2025-11-21 10:26:30,-4.759520442,-6.191516202,5.710798832
2025-11-21 10:26:40,-4.735595848,-6.194151693,6.101205278
2025-11-21 10:26:50,-4.387303043,-6.508627088,5.969758709
2025-11-21 10:27:00,-3.954814596,-6.102073767,6.538465843
2025-11-21 10:27:10,-4.283447657,-6.116602796,6.532139282
2025-11-21 10:27:20,-4.473973937,-6.530834473,6.124306939
2025-11-21 10:27:30,-4.415694561,-6.299739914,6.005800646
2025-11-21 10:27:40,-4.099059905,-6.590700001,5.951767441
2025-11-21 10:27:50,-4.523053946,-6.944750055,5.328726985
2025-11-21 10:28:00,-4.675429292,-6.746668789,5.487752370
2025-11-21 10:28:10,-5.029140592,-6.888192412,5.054621299
2025-11-21 10:28:20,-4.956768886,-6.835517998,5.144740898
2025-11-21 10:28:30,-5.247830671,-6.719371707,5.163668861
2025-11-21 10:28:40,-4.896390737,-6.777984476,4.848551927
2025-11-21 10:28:50,-5.168090142,-6.743499938,4.446828522
2025-11-21 10:29:00,-5.183061335,-6.734388766,4.732121269
2025-11-21 10:29:10,-5.141725259,-6.824435174,5.035238495
2025-11-21 10:29:20,-4.691390031,-6.968512631,4.871273849
2025-11-21 10:29:30,-5.405190992,-6.768987085,4.268835481
2025-11-21 10:29:40,-5.892855500,-7.108253140,3.646460870
2025-11-21 10:29:50,-5.802967714,-6.869327959,4.036994796
2025-11-21 10:30:00,-5.275269798,-7.075434434,4.354875258
2025-11-21 10:30:10,-5.488894917,-7.044526251,4.308117307
2025-11-21 10:30:20,-5.698152720,-6.776224679,4.335002209
2025-11-21 10:30:30,-5.250188203,-6.838117511,4.882040245
2025-11-21 10:30:40,-5.443907820,-6.716385442,4.800454282
2025-11-21 10:30:50,-6.113934729,-6.645157276,4.484539769
2025-11-21 10:31:00,-5.680191213,-6.771420417,4.254291772
2025-11-21 10:31:10,-5.158834298,-6.608064590,4.357955930
2025-11-21 10:31:20,-5.711991192,-7.028655861,3.974217584
2025-11-21 10:31:30,-5.843269381,-6.933404559,4.208562012
2025-11-21 10:31:40,-5.590488934,-7.117481172,3.807120527
2025-11-21 10:31:50,-5.792505974,-7.264415510,3.411374654
2025-11-21 10:32:00,-6.146849443,-7.017268454,3.139207722
2025-11-21 10:32:10,-5.537351046,-7.330001680,3.490495794
2025-11-21 10:32:20,-5.199303470,-7.263128310,3.381688007
2025-11-21 10:32:30,-5.423632721,-7.530429507,3.018280359
2025-11-21 10:32:40,-5.409934155,-7.542875402,3.373530319
2025-11-21 10:32:50,-5.240316662,-7.143196339,3.712487575
2025-11-21 10:33:00,-5.033973768,-7.913440486,2.921531747
2025-11-21 10:33:10,-5.859496679,-7.407500931,2.805946301
2025-11-21 10:33:20,-5.985544093,-7.575198232,2.847836328
2025-11-21 10:33:30,-5.879747923,-7.475854611,2.356410907
2025-11-21 10:33:40,-5.829364372,-7.597690752,2.179179825
2025-11-21 10:33:50,-6.115589935,-7.047884405,2.177892973
2025-11-21 10:34:00,-6.601235733,-7.090416900,2.113133078
2025-11-21 10:34:10,-6.405864129,-6.943383838,1.758490222
2025-11-21 10:34:20,-6.789433151,-7.188766900,1.832369495
2025-11-21 10:34:30,-6.671179672,-6.980234930,1.334245211
2025-11-21 10:34:40,-6.582084956,-6.930820449,1.558826764
2025-11-21 10:34:50,-6.575152517,-7.077397623,1.382166108
2025-11-21 10:35:00,-6.001856603,-7.559493120,1.290997633
2025-11-21 10:35:10,-6.704544660,-7.038494423,1.298588880
2025-11-21 10:35:20,-6.010227285,-7.407046260,1.191636451
2025-11-21 10:35:30,-6.557661843,-7.032553476,1.338365446
2025-11-21 10:35:40,-7.101209595,-6.770385360,1.024299827
2025-11-21 10:35:50,-6.438659835,-7.531358571,1.133133276
2025-11-21 10:36:00,-6.567163208,-7.020571593,1.079470188
2025-11-21 10:36:10,-6.992803751,-6.559537394,1.588236859
2025-11-21 10:36:20,-7.238355152,-6.413403066,1.347712558
2025-11-21 10:36:30,-7.474457067,-6.273599458,0.968337925
2025-11-21 10:36:40,-7.585360095,-6.216063664,1.398782119
2025-11-21 10:36:50,-7.464917491,-6.161293926,1.146495189
2025-11-21 10:37:00,-7.451223140,-6.085374396,1.606346348
2025-11-21 10:37:10,-7.159138232,-6.302395451,1.673846167
2025-11-21 10:37:20,-7.031122736,-6.579341081,2.180010169
2025-11-21 10:37:30,-6.940744953,-6.725146232,2.003997754
2025-11-21 10:37:40,-7.112627485,-6.442772311,2.140351071
2025-11-21 10:37:50,-6.917765409,-6.507727532,2.307676735
2025-11-21 10:38:00,-7.275777148,-6.462470623,2.503283106
2025-11-21 10:38:10,-7.213902138,-6.089618944,2.282569271
2025-11-21 10:38:20,-6.973589269,-5.925663914,2.831681234
2025-11-21 10:38:30,-7.317079301,-5.828396652,3.109253377
2025-11-21 10:38:40,-7.288891924,-5.641475390,3.463123222
2025-11-21 10:38:50,-7.673836912,-5.344521639,3.473844408
2025-11-21 10:39:00,-7.505399567,-5.424753375,3.483990473
2025-11-21 10:39:10,-7.233207609,-5.480912721,3.340337880
2025-11-21 10:39:20,-7.521392681,-5.552847776,3.366871415
2025-11-21 10:39:30,-7.133711298,-5.694406844,3.120956758
2025-11-21 10:39:40,-7.573427675,-5.294767884,3.727692312
2025-11-21 10:39:50,-7.688260253,-5.292186867,2.830183529
2025-11-21 10:40:00,-8.280834166,-5.215427911,2.724912560
2025-11-21 10:40:10,-8.321813992,-5.259575773,2.160916942
2025-11-21 10:40:20,-7.747955882,-5.256920495,2.357936087
2025-11-21 10:40:30,-8.313598193,-5.035575334,1.703054670
2025-11-21 10:40:40,-8.322169250,-5.433415030,1.892850428
2025-11-21 10:40:50,-8.292815888,-5.210683942,2.013664845
2025-11-21 10:41:00,-8.383787445,-5.119232631,1.851979657
2025-11-21 10:41:10,-8.343120293,-4.547642891,2.105341427
2025-11-21 10:41:20,-8.372077167,-4.267078953,2.595161742
2025-11-21 10:41:30,-8.439836276,-4.932731472,2.207405685
2025-11-21 10:41:40,-8.220373596,-4.555897709,1.597902571
2025-11-21 10:41:50,-8.295279518,-4.318889458,2.380173593
2025-11-21 10:42:00,-8.019757954,-4.838249134,2.210321301
2025-11-21 10:42:10,-8.249950994,-4.649431969,2.201523151
2025-11-21 10:42:20,-8.457805538,-4.150183579,2.079747271
2025-11-21 10:42:30,-8.582675722,-4.407996663,2.720217657
2025-11-21 10:42:40,-8.282318615,-4.897175392,2.814872963
2025-11-21 10:42:50,-8.049127916,-4.923057615,2.550873111
2025-11-21 10:43:00,-8.267320172,-4.772904582,2.645907695
2025-11-21 10:43:10,-8.012990042,-4.855928957,2.980862969
2025-11-21 10:43:20,-7.868947058,-4.804923944,2.811841467
2025-11-21 10:43:30,-8.396990486,-4.456739054,2.444892047
2025-11-21 10:43:40,-8.607691641,-3.728606370,2.177251918
2025-11-21 10:43:50,-8.961458542,-3.744314428,2.079356307
2025-11-21 10:44:00,-8.800328941,-3.497179177,2.419056675
2025-11-21 10:44:10,-8.289597353,-4.249871181,2.897147386
2025-11-21 10:44:20,-8.296598088,-4.614547965,2.891386511
2025-11-21 10:44:30,-8.057667795,-5.177825811,2.922566585
2025-11-21 10:44:40,-7.787442264,-5.390551655,2.648259981
2025-11-21 10:44:50,-7.514530894,-5.712222464,2.459917792
2025-11-21 10:45:00,-7.801007657,-5.620543973,2.544961683
2025-11-21 10:45:10,-7.863837283,-5.597814452,2.223672834
2025-11-21 10:45:20,-7.251679705,-6.149540294,2.419262260
2025-11-21 10:45:30,-7.680294580,-5.835566617,2.318380419
2025-11-21 10:45:40,-7.773628145,-5.675491463,2.016686010
2025-11-21 10:45:50,-7.618520870,-5.543452300,1.856480268
2025-11-21 10:46:00,-7.792631664,-5.961506295,1.653911312
2025-11-21 10:46:10,-7.909310797,-5.571984413,1.109195803
2025-11-21 10:46:20,-7.848219644,-5.856580742,1.319499192
2025-11-21 10:46:30,-7.705603518,-6.191492645,1.266070298
2025-11-21 10:46:40,-7.720899272,-5.710033424,1.080824305
2025-11-21 10:46:50,-7.494814978,-5.972359480,1.273818037
2025-11-21 10:47:00,-7.974112120,-5.813911501,1.451807233
2025-11-21 10:47:10,-8.084641635,-5.662308180,0.985287796
2025-11-21 10:47:20,-7.845700515,-5.622001352,1.185863153
2025-11-21 10:47:30,-7.614295501,-5.922022628,1.361137210
2025-11-21 10:47:40,-7.679608168,-5.700837630,1.653409294
2025-11-21 10:47:50,-7.973770325,-5.956449517,1.112967446
2025-11-21 10:48:00,-7.936375510,-5.733311281,1.285389306
2025-11-21 10:48:10,-7.875405629,-5.824168826,1.335371946
2025-11-21 10:48:20,-7.950740720,-6.022906022,1.188965404
2025-11-21 10:48:30,-8.222046576,-5.438386328,0.792977920
2025-11-21 10:48:40,-8.313105923,-5.237603222,0.576773382
2025-11-21 10:48:50,-8.214648899,-5.121751061,0.875377307
2025-11-21 10:49:00,-8.101386380,-5.584268057,0.603849285
2025-11-21 10:49:10,-8.274314362,-5.100929040,0.899177295
2025-11-21 10:49:20,-7.723010174,-5.888202218,0.800733348
2025-11-21 10:49:30,-7.860314859,-6.079080384,0.498653068
2025-11-21 10:49:40,-7.917212240,-5.583840143,0.177367874
2025-11-21 10:49:50,-7.912548105,-6.317009192,0.197800374
2025-11-21 10:50:00,-7.588681833,-5.809675328,0.294594681
2025-11-21 10:50:10,-7.912111664,-5.889171021,0.281614853
2025-11-21 10:50:20,-7.834852191,-6.270451666,0.212445217
2025-11-21 10:50:30,-7.831061258,-6.517373122,0.042503943
2025-11-21 10:50:40,-7.669499135,-6.502594492,0.930383224
2025-11-21 10:50:50,-7.246684918,-6.343858433,1.157430758
2025-11-21 10:51:00,-7.597361567,-6.407333630,1.142524778
2025-11-21 10:51:10,-7.671869710,-6.308804851,1.014462135
2025-11-21 10:51:20,-7.495297811,-6.268319572,0.956653326
2025-11-21 10:51:30,-7.920752881,-5.787520680,0.519822485
2025-11-21 10:51:40,-7.794732473,-5.953814288,0.339146868
2025-11-21 10:51:50,-7.667254752,-5.928844477,0.495772322
2025-11-21 10:52:00,-7.386923347,-6.385577805,0.723346731
2025-11-21 10:52:10,-7.059247466,-6.420572178,0.593696620
2025-11-21 10:52:20,-7.159304300,-6.639295109,0.928489169
2025-11-21 10:52:30,-7.352275100,-6.543993211,0.526552796
2025-11-21 10:52:40,-7.483273576,-6.615262360,-0.017943616
2025-11-21 10:52:50,-6.783433727,-6.996294436,0.603881240
2025-11-21 10:53:00,-6.511118127,-7.103763121,0.734400226
2025-11-21 10:53:10,-6.761906249,-6.974318672,0.969714183
2025-11-21 10:53:20,-6.448345012,-7.562498593,1.077963747
2025-11-21 10:53:30,-6.331916447,-7.724750888,0.799779685
2025-11-21 10:53:40,-6.225775010,-7.568874039,1.065321455
2025-11-21 10:53:50,-6.629063334,-7.355119266,1.117931913
2025-11-21 10:54:00,-6.624862677,-7.157184238,1.125261468
2025-11-21 10:54:10,-6.689741722,-6.917886463,1.632106056
2025-11-21 10:54:20,-6.521088059,-7.319959684,1.351313219
2025-11-21 10:54:30,-6.418400625,-7.218663645,1.922172241
2025-11-21 10:54:40,-7.101942518,-6.854840439,2.275903398
2025-11-21 10:54:50,-6.490211057,-6.796377510,2.860528692
2025-11-21 10:55:00,-6.484538167,-7.134221081,2.443535895
2025-11-21 10:55:10,-6.727717642,-7.130665302,2.547984353
2025-11-21 10:55:20,-6.408893926,-6.864710226,2.625788129
2025-11-21 10:55:30,-6.479127260,-6.751686068,2.242357625
2025-11-21 10:55:40,-6.770136074,-6.669622417,2.505982099
2025-11-21 10:55:50,-6.477125530,-7.084961676,2.081367720
2025-11-21 10:56:00,-6.573139317,-7.040645923,2.021866007
2025-11-21 10:56:10,-6.999851892,-6.441933737,2.340157815
2025-11-21 10:56:20,-6.923937456,-6.604557374,2.364089384
2025-11-21 10:56:30,-7.336843493,-6.214243327,2.448067643
2025-11-21 10:56:40,-7.609299936,-6.112226497,2.160268893
2025-11-21 10:56:50,-7.216171470,-6.208933088,1.668588793
2025-11-21 10:57:00,-7.527039050,-6.484947317,1.613222547
2025-11-21 10:57:10,-7.705065069,-6.090506370,1.547776885
2025-11-21 10:57:20,-7.052889545,-6.244547082,1.517722877
2025-11-21 10:57:30,-7.555621238,-6.205112111,1.832908300
2025-11-21 10:57:40,-7.164837038,-6.342397607,1.092469871
2025-11-21 10:57:50,-7.314844078,-6.395288934,1.742837365
2025-11-21 10:58:00,-7.602334918,-5.791632183,2.312749149
2025-11-21 10:58:10,-7.196741473,-5.996136254,1.898348574
2025-11-21 10:58:20,-7.441659547,-6.126453776,1.995671080
2025-11-21 10:58:30,-7.152840944,-6.412170505,1.981036917
2025-11-21 10:58:40,-7.232433194,-6.240202602,1.893661959
2025-11-21 10:58:50,-7.073178448,-5.908236881,2.323167616
2025-11-21 10:59:00,-6.835905353,-6.028366866,2.260075080
2025-11-21 10:59:10,-7.594749541,-5.901985637,1.877812919
2025-11-21 10:59:20,-7.084257399,-6.404439568,1.956624114
2025-11-21 10:59:30,-7.025757030,-6.468416274,1.548487047
2025-11-21 10:59:40,-7.008032144,-6.650690435,1.798252848
2025-11-21 10:59:50,-7.108200268,-6.507240631,1.427945379
2025-11-21 11:00:00,-7.120606908,-6.821810955,1.262836165
2025-11-21 11:00:10,-6.638056155,-6.995810517,1.645797825
2025-11-21 11:00:20,-6.678210136,-7.053998254,1.617987946
2025-11-21 11:00:30,-6.626136836,-7.068609456,1.345413074
2025-11-21 11:00:40,-6.732913565,-7.112770143,1.445330413
2025-11-21 11:00:50,-7.106062196,-6.757596288,1.527174349
2025-11-21 11:01:00,-6.592468590,-7.001922852,1.376070072
2025-11-21 11:01:10,-6.751467435,-7.033414033,1.496602921
2025-11-21 11:01:20,-7.092556035,-6.625989718,2.001568213
2025-11-21 11:01:30,-6.863839727,-6.680317254,2.004063465
2025-11-21 11:01:40,-6.779890675,-6.282970430,2.133265003
2025-11-21 11:01:50,-7.360097888,-6.175314733,1.946794712
2025-11-21 11:02:00,-7.173355292,-6.490677622,1.582593348
2025-11-21 11:02:10,-7.279329119,-6.287926279,2.104377043
2025-11-21 11:02:20,-7.089480584,-6.357975657,1.949553862
2025-11-21 11:02:30,-7.108153940,-6.638401737,1.671488162
2025-11-21 11:02:40,-7.070739133,-6.392722843,1.581641941
2025-11-21 11:02:50,-7.429268781,-6.269251086,1.826568741
2025-11-21 11:03:00,-7.319552392,-6.669117505,1.587256323
2025-11-21 11:03:10,-7.234681279,-6.393591492,2.009861842
2025-11-21 11:03:20,-7.312648815,-6.481523279,1.823806867
2025-11-21 11:03:30,-7.365108439,-6.448431098,1.606106276
2025-11-21 11:03:40,-7.443419771,-5.930790447,2.082454612
2025-11-21 11:03:50,-7.367535623,-6.220190409,2.286464262
2025-11-21 11:04:00,-6.917558511,-6.291005617,1.726485645
2025-11-21 11:04:10,-7.276606943,-6.336488682,2.243423752
2025-11-21 11:04:20,-7.189596909,-6.621956336,1.887536306
2025-11-21 11:04:30,-7.172704431,-6.287733545,1.772874271
2025-11-21 11:04:40,-7.292327841,-6.453466966,2.138767183
2025-11-21 11:04:50,-7.101431705,-5.574542457,2.027019588
2025-11-21 11:05:00,-7.697402067,-6.113066705,2.235272284
2025-11-21 11:05:10,-7.519590233,-6.167437447,2.039133495
2025-11-21 11:05:20,-7.499508933,-6.130423932,2.297390500
2025-11-21 11:05:30,-7.200930521,-5.860298987,2.269211275
2025-11-21 11:05:40,-7.425794070,-5.898287792,2.475728986
2025-11-21 11:05:50,-7.273366183,-6.126957185,2.633054504
2025-11-21 11:06:00,-7.472089277,-5.778091318,2.601350792
2025-11-21 11:06:10,-6.818348847,-6.239341195,2.331789006
2025-11-21 11:06:20,-6.835991047,-6.289903641,2.436421557
2025-11-21 11:06:30,-6.991071121,-6.517704000,2.340751194
2025-11-21 11:06:40,-7.355154235,-6.111779672,2.447998625
2025-11-21 11:06:50,-7.352367145,-5.981681541,2.369784730
2025-11-21 11:07:00,-7.803216874,-5.442148409,2.576228365
2025-11-21 11:07:10,-7.916343460,-5.543516646,2.651291441
2025-11-21 11:07:20,-7.387136398,-5.785368228,2.627361415
2025-11-21 11:07:30,-7.582103886,-5.774476723,2.609646586
2025-11-21 11:07:40,-7.259292941,-5.783267481,2.957807278
2025-11-21 11:07:50,-7.520004564,-5.765733161,2.700480003
2025-11-21 11:08:00,-7.957295206,-5.418611982,2.198207820
2025-11-21 11:08:10,-7.567717846,-5.580572904,2.505644305
2025-11-21 11:08:20,-8.292511916,-5.274590911,2.811268746
2025-11-21 11:08:30,-7.650129636,-5.616852963,3.070959541
2025-11-21 11:08:40,-7.603746609,-5.356116387,2.760343902
2025-11-21 11:08:50,-7.621678814,-5.541696273,2.648794199
2025-11-21 11:09:00,-7.725439912,-5.730232830,2.936872425
2025-11-21 11:09:10,-7.327958909,-5.678942299,3.395197965
2025-11-21 11:09:20,-7.276002412,-5.883274529,3.239806033
2025-11-21 11:09:30,-7.451218274,-5.583134185,3.573620016
2025-11-21 11:09:40,-7.473324128,-5.391448126,3.018599729
2025-11-21 11:09:50,-7.679389465,-5.387685288,2.995599182
2025-11-21 11:10:00,-7.518380284,-5.632133456,3.228382625
2025-11-21 11:10:10,-7.530694118,-5.540210418,3.050466256
2025-11-21 11:10:20,-7.383142282,-5.573286275,3.105763520
2025-11-21 11:10:30,-7.593600201,-5.424809961,3.087560023
2025-11-21 11:10:40,-7.778090217,-5.521852293,3.258038363
2025-11-21 11:10:50,-7.800502655,-5.137147515,2.875891956
2025-11-21 11:11:00,-7.846472792,-4.918123065,3.118152561
2025-11-21 11:11:10,-7.963582325,-4.809478761,2.992424576
2025-11-21 11:11:20,-7.749589351,-4.953172037,2.852023225
2025-11-21 11:11:30,-7.656751445,-5.073985861,3.147155529
2025-11-21 11:11:40,-7.791468580,-4.871241501,3.248000806
2025-11-21 11:11:50,-7.565407823,-4.801636484,3.369850180
2025-11-21 11:12:00,-8.151883261,-4.823911860,3.240486542
2025-11-21 11:12:10,-7.952589292,-4.714119254,3.160763441
2025-11-21 11:12:20,-8.037647924,-4.480006948,3.633018195
2025-11-21 11:12:30,-7.745737205,-4.322182975,3.760680745
2025-11-21 11:12:40,-8.256115581,-4.343882341,3.576844377
2025-11-21 11:12:50,-8.121821720,-4.307985888,3.504620523
2025-11-21 11:13:00,-7.971520535,-4.693413145,3.355190011
2025-11-21 11:13:10,-7.820462080,-4.691370536,3.487318967
2025-11-21 11:13:20,-7.695466463,-4.952745573,3.512088772
2025-11-21 11:13:30,-7.672348603,-5.124151595,3.318781133
2025-11-21 11:13:40,-7.768467304,-4.767467055,3.721758677
2025-11-21 11:13:50,-8.104641573,-4.585983610,3.360667760
2025-11-21 11:14:00,-7.629041968,-4.910736069,3.219578698
2025-11-21 11:14:10,-7.607575286,-4.912076210,3.844542519
2025-11-21 11:14:20,-7.959677048,-4.952984350,3.662464075
2025-11-21 11:14:30,-7.744136866,-4.514375681,3.536609282
2025-11-21 11:14:40,-7.779399721,-4.840617107,3.404868296
2025-11-21 11:14:50,-7.707001479,-4.488702833,3.819589062
2025-11-21 11:15:00,-5.218282198,-1.460911153,-8.137801527
2025-11-21 11:15:10,-5.989857024,0.917617459,-7.682677589
2025-11-21 11:15:20,-5.227621920,5.856509423,-5.939777172
2025-11-21 11:15:30,-4.880454771,6.247588115,-5.813526081
2025-11-21 11:15:40,-3.687031158,7.686320953,-4.880689206
2025-11-21 11:15:50,-4.451615444,7.958318126,-3.765877916
2025-11-21 11:16:00,-5.345803027,6.910295874,-4.549261314
2025-11-21 11:16:10,-4.626684852,6.932823020,-5.074886241
2025-11-21 11:16:20,-4.200888109,8.503179901,-2.729319881
2025-11-21 11:16:30,-5.010494115,7.974260326,-2.680154699
2025-11-21 11:16:40,-5.472165209,8.033979036,-1.587465564
2025-11-21 11:16:50,-6.185632127,7.609594779,0.590830257
2025-11-21 11:17:00,-6.965460955,5.696272869,4.015539592
2025-11-21 11:17:10,-5.453978743,7.590214677,3.276830746
2025-11-21 11:17:20,-4.985994180,8.300751739,-1.028551291
2025-11-21 11:17:30,-5.228799536,7.801330293,2.831113075
2025-11-21 11:17:40,-1.455290272,7.939196381,5.537784176
2025-11-21 11:17:50,0.939687336,6.607087736,7.218497612
2025-11-21 11:18:00,1.486689358,6.540365300,7.183631989
2025-11-21 11:18:10,-0.184168094,6.706224037,7.180449564
2025-11-21 11:18:20,0.054692544,7.853326397,5.800971508
2025-11-21 11:18:30,0.910006456,8.031848277,5.616392770
2025-11-21 11:18:40,2.034338282,7.999145938,5.259426334
2025-11-21 11:18:50,1.760717128,8.015613384,5.342581784
2025-11-21 11:19:00,0.656342562,7.728103766,5.847274340
2025-11-21 11:19:10,-0.353771742,7.391427121,6.366590030
2025-11-21 11:19:20,0.952378558,7.136846038,6.729839410
2025-11-21 11:19:30,2.399370408,7.066303253,6.513605789
2025-11-21 11:19:40,2.621518293,7.423398629,5.739643012
2025-11-21 11:19:50,2.441641955,8.396897602,4.385174468
2025-11-21 11:20:00,1.851131974,8.288857904,4.958192241
2025-11-21 11:20:10,1.546438113,8.022101087,5.312091524
2025-11-21 11:20:20,1.260110652,7.648698434,6.117738032
2025-11-21 11:20:30,1.339891466,7.398598001,6.202245952
2025-11-21 11:20:40,1.060708909,7.086023304,6.606480766
2025-11-21 11:20:50,1.001827052,7.208996944,6.612302929
2025-11-21 11:21:00,0.069518285,6.615268723,7.256715101
2025-11-21 11:21:10,0.743952712,7.148363228,6.722644595
2025-11-21 11:21:20,0.893751914,7.047778268,6.856869871
2025-11-21 11:21:30,0.465714019,6.988461680,6.805418511
2025-11-21 11:21:40,0.249431751,6.757507795,7.137435775
2025-11-21 11:21:50,-0.492216931,7.156243097,6.646619997
2025-11-21 11:22:00,-0.688853497,7.242672573,6.632809747
2025-11-21 11:22:10,-0.308600762,7.113693610,6.700144469
2025-11-21 11:22:20,0.223147529,7.336554816,6.451623362
2025-11-21 11:22:30,-0.659272332,6.654679124,7.120371321
2025-11-21 11:22:40,-1.346900043,6.700845358,6.989638543
2025-11-21 11:22:50,-1.364233820,6.072333099,7.607122012
2025-11-21 11:23:00,-2.073383950,6.983931705,6.552817874
2025-11-21 11:23:10,-1.702533471,7.019285492,6.618197161
2025-11-21 11:23:20,-0.968534202,7.841567583,5.899190659
2025-11-21 11:23:30,-1.046527341,7.910060523,5.679380610
2025-11-21 11:23:40,-0.952384773,8.128047869,5.298616740
2025-11-21 11:23:50,-0.637733055,8.140896282,5.458178121
2025-11-21 11:24:00,-1.329268978,8.289625247,5.158389770
2025-11-21 11:24:10,-1.193341971,8.481446420,4.855340895
2025-11-21 11:24:20,-0.272070565,8.272864602,5.259133280
2025-11-21 11:24:30,-0.227769556,8.828901803,4.292495136
2025-11-21 11:24:40,0.531089444,8.685690911,4.623493868
2025-11-21 11:24:50,0.609790125,8.442341865,4.962380623
2025-11-21 11:25:00,0.914859572,7.878721066,5.724708665
2025-11-21 11:25:10,0.922158097,7.665352349,5.854524921
2025-11-21 11:25:20,0.523894978,7.915256031,5.664408172
2025-11-21 11:25:30,0.646819245,8.041326174,5.465604191
2025-11-21 11:25:40,0.683824759,7.586616045,6.063715547
2025-11-21 11:25:50,0.511715088,7.144120708,6.639534141
2025-11-21 11:26:00,0.314595015,7.749827667,6.036494628
2025-11-21 11:26:10,0.207219312,7.710925950,6.071190390
2025-11-21 11:26:20,0.974852080,7.353421669,6.421211213
2025-11-21 11:26:30,0.487905604,6.905738520,6.861627163
2025-11-21 11:26:40,0.305488066,6.649439318,7.158477529
2025-11-21 11:26:50,0.415064143,6.124179306,7.652258101
2025-11-21 11:27:00,0.322246736,6.313347754,7.487789310
2025-11-21 11:27:10,0.531436957,6.960622423,6.831602467
2025-11-21 11:27:20,0.138654042,7.013160763,6.918188053
2025-11-21 11:27:30,0.465965402,7.104325213,6.806165427
2025-11-21 11:27:40,0.550103141,7.845810496,5.979373539
2025-11-21 11:27:50,0.969016305,7.937591916,5.689965708
2025-11-21 11:28:00,1.236635943,8.063396309,5.553561544
2025-11-21 11:28:10,1.462084864,7.789811596,5.988763052
2025-11-21 11:28:20,1.576815750,7.900683023,5.547990818
2025-11-21 11:28:30,1.505504089,8.093042175,5.300384925
2025-11-21 11:28:40,1.452505574,8.090227863,5.190707479
2025-11-21 11:28:50,1.604901563,7.619538757,5.944002366
2025-11-21 11:29:00,1.359767265,7.723890838,5.997153897
2025-11-21 11:29:10,0.092482427,7.549830665,6.240957566
2025-11-21 11:29:20,-0.059033558,7.584525813,6.052006870
2025-11-21 11:29:30,-0.288592546,8.134257232,5.468843235
2025-11-21 11:29:40,-0.167092869,7.643747061,6.206450044
2025-11-21 11:29:50,-0.011638693,7.233566005,6.638032424
2025-11-21 11:30:00,-0.220472784,7.217266779,6.631073062
2025-11-21 11:30:10,-0.403162802,7.391607220,6.528099969
2025-11-21 11:30:20,-0.131874506,7.279776975,6.490486785
2025-11-21 11:30:30,-0.307652500,7.484688900,6.310977878
2025-11-21 11:30:40,-0.021448619,7.571598293,6.196656223
2025-11-21 11:30:50,-0.459694004,7.177712725,6.648965862
2025-11-21 11:31:00,-0.517818581,7.891481707,5.830728831
2025-11-21 11:31:10,-0.361319153,7.488545258,6.330489053
2025-11-21 11:31:20,-1.221867984,6.809941280,6.984142253
2025-11-21 11:31:30,-2.847182637,6.549346824,6.743103135
2025-11-21 11:31:40,-2.791856874,6.249901964,7.059625400
2025-11-21 11:31:50,-2.513206111,6.870208128,6.475364312
2025-11-21 11:32:00,-3.544884074,6.769802086,6.293098422
2025-11-21 11:32:10,-3.608125778,6.813305802,6.007560127
2025-11-21 11:32:20,-2.430730884,6.080050472,7.366067803
2025-11-21 11:32:30,-3.843684842,5.074953858,7.473306032
2025-11-21 11:32:40,-4.186162686,4.277767857,7.816950944
2025-11-21 11:32:50,-3.360436925,4.353779515,8.106253242
2025-11-21 11:33:00,-3.472617742,3.376593062,8.483103464
2025-11-21 11:33:10,-3.537952749,4.799948182,7.743917813
2025-11-21 11:33:20,-1.554564943,5.039111689,8.196028543
2025-11-21 11:33:30,-2.289264680,4.930353996,8.239585446
2025-11-21 11:33:40,-2.838433947,4.564557271,8.206882974
2025-11-21 11:33:50,-3.226132198,4.608696369,8.063508504
2025-11-21 11:34:00,-2.377808094,5.453893892,7.845453404
2025-11-21 11:34:10,-3.250508568,6.096281205,7.014543315
2025-11-21 11:34:20,-3.087736839,6.610004587,6.531539299
2025-11-21 11:34:30,-3.069602906,6.008422597,7.172566654
2025-11-21 11:34:40,-2.558321341,6.099247580,7.216977862
2025-11-21 11:34:50,-2.659079696,5.581181514,7.675796880
2025-11-21 11:35:00,-3.724601065,5.519500734,7.230185546
2025-11-21 11:35:10,-2.964148773,5.099075951,7.804322330
2025-11-21 11:35:20,-2.801500901,5.252730331,7.766259342
2025-11-21 11:35:30,-2.532509259,5.369490957,7.774585674
2025-11-21 11:35:40,-2.884332514,5.247857855,7.765020474
2025-11-21 11:35:50,-2.581122477,4.948190248,8.163113673
2025-11-21 11:36:00,-2.911003058,4.974114072,8.018513264
2025-11-21 11:36:10,-2.118938199,5.813758519,7.647911897
2025-11-21 11:36:20,-2.485481925,4.958023478,8.108220752
2025-11-21 11:36:30,-2.240711793,5.231951009,7.913717067
2025-11-21 11:36:40,-1.694548127,5.880208845,7.660371090
2025-11-21 11:36:50,-1.489684550,5.817906674,7.777626416
2025-11-21 11:37:00,-1.281489418,6.274309735,7.462133757
2025-11-21 11:37:10,-1.444269484,6.645387293,7.059760227
2025-11-21 11:37:20,-0.907389140,6.660915553,7.110489685
2025-11-21 11:37:30,-0.279429471,6.640796140,7.166881713
2025-11-21 11:37:40,-0.652155110,6.977155871,6.938441079
2025-11-21 11:37:50,-0.957480520,7.065122598,6.720119078
2025-11-21 11:38:00,-0.860738469,7.139348757,6.632175994
2025-11-21 11:38:10,-0.602837048,6.924779361,6.969613399
2025-11-21 11:38:20,-0.101464682,6.554680349,7.249124257
2025-11-21 11:38:30,0.658656624,6.788041635,7.088472345
2025-11-21 11:38:40,1.029775249,6.967296049,6.891860211
2025-11-21 11:38:50,1.757490547,6.932140544,6.708270285
2025-11-21 11:39:00,1.466118363,6.922101874,6.955289697
2025-11-21 11:39:10,0.824376767,6.852022034,6.966911546
2025-11-21 11:39:20,0.642379797,6.626324112,7.218585616
2025-11-21 11:39:30,0.669824993,6.452792450,7.321937498
2025-11-21 11:39:40,0.892385099,6.739123498,7.041155418
2025-11-21 11:39:50,0.991408704,6.284155949,7.469149978
2025-11-21 11:40:00,1.070821744,6.470342279,7.334985548
2025-11-21 11:40:10,1.102730679,6.278165233,7.507922842
2025-11-21 11:40:20,1.184494083,6.039307128,7.579147353
2025-11-21 11:40:30,0.905365613,5.908292374,7.770316505
2025-11-21 11:40:40,0.953728459,5.739334932,7.993972956
2025-11-21 11:40:50,0.941086826,5.597330815,8.054470137
2025-11-21 11:41:00,0.947275234,5.733268188,7.897739403
2025-11-21 11:41:10,0.810200851,6.128311310,7.557216496
2025-11-21 11:41:20,0.886676067,5.806309291,7.923938561
2025-11-21 11:41:30,-0.097862955,5.463889195,8.151119177
2025-11-21 11:41:40,0.003829164,5.306629419,8.171502637
2025-11-21 11:41:50,-0.194639349,5.637802967,8.004355348
2025-11-21 11:42:00,-0.480183402,5.679933615,7.986096774
2025-11-21 11:42:10,-0.068748376,5.629708024,7.995744362
2025-11-21 11:42:20,0.482570425,5.834676265,7.833828512
2025-11-21 11:42:30,0.752973443,5.562449002,8.067485338
2025-11-21 11:42:40,0.638794690,5.802739111,7.984928065
2025-11-21 11:42:50,0.637490516,5.509706791,8.083430354
2025-11-21 11:43:00,0.461648983,5.554623313,8.053445084
2025-11-21 11:43:10,0.584555505,5.489342001,8.115910200
2025-11-21 11:43:20,0.256381071,5.752626040,7.992044652
2025-11-21 11:43:30,0.739001743,5.952386588,7.786794335
2025-11-21 11:43:40,0.479784994,6.118406510,7.661958600
2025-11-21 11:43:50,0.277246892,5.979546540,7.682291517
2025-11-21 11:44:00,0.119636606,6.229226175,7.690504872
2025-11-21 11:44:10,0.247319264,6.220791187,7.549753983
2025-11-21 11:44:20,0.115066218,5.899340285,7.761212735
2025-11-21 11:44:30,0.365445545,5.841532792,7.817694726
2025-11-21 11:44:40,0.191055249,6.033607432,7.745302602
2025-11-21 11:44:50,0.255565108,6.119414815,7.780253535
2025-11-21 11:45:00,-0.013869500,6.036424335,7.739069475
2025-11-21 11:45:10,0.362520498,6.303841263,7.560583523
2025-11-21 11:45:20,0.307978506,6.438048420,7.380884352
2025-11-21 11:45:30,0.251103770,6.379915727,7.392628188
2025-11-21 11:45:40,0.424811417,6.488479228,7.323143196
2025-11-21 11:45:50,0.551155839,6.029710910,7.751514945
2025-11-21 11:46:00,0.931441999,6.077379749,7.605113724
2025-11-21 11:46:10,0.870809917,6.051015861,7.607809025
2025-11-21 11:46:20,0.856271469,6.233395550,7.546471661
2025-11-21 11:46:30,0.725361352,6.022467653,7.843289957
2025-11-21 11:46:40,0.961989166,6.151959608,7.656753980
2025-11-21 11:46:50,0.858625231,6.014586608,7.735760362
2025-11-21 11:47:00,1.149104105,6.065514097,7.697546508
2025-11-21 11:47:10,1.361484149,5.745246642,7.819508795
2025-11-21 11:47:20,1.523777152,6.159183076,7.547184394
2025-11-21 11:47:30,1.453609027,5.780732654,7.804092540
2025-11-21 11:47:40,1.294273627,5.369154870,8.149422369
2025-11-21 11:47:50,0.875327307,5.163895373,8.244695819
2025-11-21 11:48:00,0.739080403,5.278792205,8.155731598
2025-11-21 11:48:10,0.808969425,4.926772061,8.439812439
2025-11-21 11:48:20,0.727130406,5.152171854,8.199087132
2025-11-21 11:48:30,0.751577334,5.145110749,8.280509990
2025-11-21 11:48:40,0.767361449,5.093929316,8.289414740
2025-11-21 11:48:50,0.787914137,4.691544783,8.524455709
2025-11-21 11:49:00,0.549088729,4.584530348,8.509331086
2025-11-21 11:49:10,0.649966819,4.635969825,8.659558954
2025-11-21 11:49:20,0.489432834,4.539853063,8.655285558
2025-11-21 11:49:30,0.420617829,4.550156397,8.718817579
2025-11-21 11:49:40,0.285346481,4.173829179,8.846219724
2025-11-21 11:49:50,0.294318002,3.979075885,8.979792387
2025-11-21 11:50:00,0.459753906,4.169379542,8.823001276
2025-11-21 11:50:10,0.675315984,4.248199224,8.866558074
2025-11-21 11:50:20,0.627334376,4.286893709,8.734587226
2025-11-21 11:50:30,0.604524820,4.398680830,8.738073663
2025-11-21 11:50:40,0.512319938,4.467580580,8.806578645
2025-11-21 11:50:50,0.566783969,4.345888821,8.785250781
2025-11-21 11:51:00,0.635130103,4.333801722,8.736008969
2025-11-21 11:51:10,0.646874803,4.432351185,8.824996195
2025-11-21 11:51:20,0.683778461,4.046009585,8.824400827
2025-11-21 11:51:30,0.818281646,4.329369623,8.747254826
2025-11-21 11:51:40,0.438255869,4.113291332,8.862807391
2025-11-21 11:51:50,0.450448853,4.160863553,8.823626500
2025-11-21 11:52:00,0.294778348,3.900685092,8.933663741
2025-11-21 11:52:10,0.280564117,4.084541182,8.940484219
2025-11-21 11:52:20,0.217899809,3.938306894,9.038083318
2025-11-21 11:52:30,0.318576619,3.815221470,8.959908528
2025-11-21 11:52:40,0.125690414,3.887794432,8.975874775
2025-11-21 11:52:50,0.192774298,3.613201813,9.123967146
2025-11-21 11:53:00,0.631159728,3.353840889,9.261914073
2025-11-21 11:53:10,0.860284286,3.221395669,9.207993614
2025-11-21 11:53:20,0.948268207,3.030391865,9.265942779
2025-11-21 11:53:30,1.082588862,2.537453930,9.351370442
2025-11-21 11:53:40,1.503444876,2.249023422,9.476993107
2025-11-21 11:53:50,1.555307463,2.427071194,9.367357868
2025-11-21 11:54:00,1.750389230,2.190083450,9.393974225
2025-11-21 11:54:10,1.646388958,2.020012647,9.548777391
2025-11-21 11:54:20,1.509595366,2.023498530,9.502206562
2025-11-21 11:54:30,1.564620101,2.075902115,9.417296939
2025-11-21 11:54:40,1.533774963,2.249215467,9.379217176
2025-11-21 11:54:50,1.661258970,2.092449220,9.471509373
2025-11-21 11:55:00,1.644221258,2.202745632,9.483636212
2025-11-21 11:55:10,1.608394089,2.046011577,9.472255976
2025-11-21 11:55:20,1.543190176,1.941977406,9.410982749
2025-11-21 11:55:30,1.478690140,1.755266476,9.537340572
2025-11-21 11:55:40,1.603580950,1.930138107,9.393932206
2025-11-21 11:55:50,1.726527123,1.874511594,9.476525942
2025-11-21 11:56:00,1.897652998,1.971506212,9.397081827
2025-11-21 11:56:10,1.779169199,2.184990226,9.425489473
2025-11-21 11:56:20,1.597994321,2.236225363,9.385946251
2025-11-21 11:56:30,1.687267065,2.478522596,9.351664927
2025-11-21 11:56:40,1.616378640,2.608429174,9.400209690
2025-11-21 11:56:50,1.645231110,2.807819729,9.241163056
2025-11-21 11:57:00,1.912932648,2.780650668,9.215202087
2025-11-21 11:57:10,2.111110333,2.765723834,9.162781007
2025-11-21 11:57:20,2.364109916,2.707238698,9.075803601
2025-11-21 11:57:30,2.533453671,3.123778324,8.989927484
2025-11-21 11:57:40,2.623190883,2.940026028,8.990606911
2025-11-21 11:57:50,2.859486115,3.096073644,8.941422806
2025-11-21 11:58:00,2.809631057,3.198366973,8.858619751
2025-11-21 11:58:10,2.686281201,3.354485994,8.887886888
2025-11-21 11:58:20,3.133158587,3.165814120,8.774168362
2025-11-21 11:58:30,3.445740220,2.918713253,8.801667165
2025-11-21 11:58:40,3.529814675,3.165116102,8.640371226
2025-11-21 11:58:50,3.769322700,3.024777877,8.516590430
2025-11-21 11:59:00,3.634376352,3.059182671,8.572517974
2025-11-21 11:59:10,3.792655983,2.808106578,8.659522006
2025-11-21 11:59:20,3.997638696,2.685645484,8.598082649
2025-11-21 11:59:30,3.932607497,2.939444497,8.580502629
2025-11-21 11:59:40,3.834980719,3.214937577,8.480319860
2025-11-21 11:59:50,4.377669729,3.169641095,8.217989997
2025-11-21 12:00:00,4.332066509,3.152331310,8.222526542
2025-11-21 12:00:10,4.266874878,2.893709350,8.313017202
2025-11-21 12:00:20,4.415550090,2.602941649,8.416799774
2025-11-21 12:00:30,4.329527177,2.948044370,8.201572943
2025-11-21 12:00:40,4.384978686,3.102436324,8.141796070
2025-11-21 12:00:50,4.267429051,2.939187217,8.301660196
2025-11-21 12:01:00,4.361215181,2.951830494,8.258221265
2025-11-21 12:01:10,4.406390786,3.070748228,8.167513384
2025-11-21 12:01:20,4.171843109,3.300177314,8.198129945
2025-11-21 12:01:30,3.957195440,3.567438726,8.297340274
2025-11-21 12:01:40,3.606228445,3.751385097,8.388390096
2025-11-21 12:01:50,3.440426136,3.893804312,8.359968660
2025-11-21 12:02:00,3.515305733,3.891738531,8.311136120
2025-11-21 12:02:10,3.147547327,3.853448130,8.443124964
2025-11-21 12:02:20,3.003281593,3.954498383,8.395448636
2025-11-21 12:02:30,3.015387952,4.062511716,8.461260705
2025-11-21 12:02:40,2.940408047,4.304135048,8.323446607
2025-11-21 12:02:50,3.291435854,4.214860911,8.210146199
2025-11-21 12:03:00,3.308154236,4.254201931,8.226417381
2025-11-21 12:03:10,3.253998467,4.424972658,8.026255746
2025-11-21 12:03:20,3.206313310,4.689225136,7.982079994
2025-11-21 12:03:30,3.003314237,4.704082550,8.093189065
2025-11-21 12:03:40,2.612377450,4.809917020,8.139024094
2025-11-21 12:03:50,2.885830674,4.927783129,8.059968461
2025-11-21 12:04:00,2.521178327,4.758259836,8.140878594
2025-11-21 12:04:10,2.376306733,4.814251499,8.148973799
2025-11-21 12:04:20,2.227474844,4.917248852,8.155793439
2025-11-21 12:04:30,2.035368024,5.003123302,8.135173589
2025-11-21 12:04:40,2.302795427,5.360303021,8.004275756
2025-11-21 12:04:50,2.385655772,5.628801640,7.763125923
2025-11-21 12:05:00,2.055492762,5.571848273,7.750871823
2025-11-21 12:05:10,2.030234154,5.910902549,7.547606728
2025-11-21 12:05:20,2.503843014,5.803556260,7.521149564
2025-11-21 12:05:30,2.272657020,5.702386856,7.633042691
2025-11-21 12:05:40,2.143095935,6.048587456,7.499297029
2025-11-21 12:05:50,1.827383520,5.950926299,7.564827889
2025-11-21 12:06:00,1.683987070,5.786436789,7.569612600
2025-11-21 12:06:10,1.939912903,5.986800117,7.552772280
2025-11-21 12:06:20,1.518031640,6.193536454,7.383257905
2025-11-21 12:06:30,1.321671208,6.219846977,7.404301111
2025-11-21 12:06:40,0.968967257,6.513874389,7.357546032
2025-11-21 12:06:50,0.869085365,6.257702804,7.574575875
2025-11-21 12:07:00,0.664223951,6.329580132,7.491522891
2025-11-21 12:07:10,0.915837970,6.111896340,7.594279696
2025-11-21 12:07:20,0.705227732,5.892052763,7.775579216
2025-11-21 12:07:30,0.855330790,5.817941167,7.803861108
2025-11-21 12:07:40,0.248478672,6.088687430,7.651011694
2025-11-21 12:07:50,0.077276851,6.354006774,7.487795322
2025-11-21 12:08:00,-0.474117825,6.178511533,7.630314300
2025-11-21 12:08:10,-0.097352786,6.154412949,7.643378921
2025-11-21 12:08:20,-0.117002921,6.190694324,7.536851400
2025-11-21 12:08:30,0.006049795,6.403409295,7.501925547
2025-11-21 12:08:40,-0.005226870,6.544929787,7.279644718
2025-11-21 12:08:50,-0.170610582,6.423001587,7.399618261
2025-11-21 12:09:00,-0.277019187,6.287890048,7.641597942
2025-11-21 12:09:10,-0.184704661,6.379861861,7.425701695
2025-11-21 12:09:20,-0.133249915,6.601402252,7.327244355
2025-11-21 12:09:30,-0.048617085,6.454111680,7.290077148
2025-11-21 12:09:40,-0.123006467,6.454007623,7.401892303
2025-11-21 12:09:50,0.161045077,6.549460852,7.262879555
2025-11-21 12:10:00,0.198603791,6.417134711,7.437709171
2025-11-21 12:10:10,0.314584398,6.190210289,7.609585313
2025-11-21 12:10:20,0.281144645,5.968814923,7.713860221
2025-11-21 12:10:30,0.169658961,6.038292500,7.644899547
2025-11-21 12:10:40,-0.082914606,5.775140194,7.986626403
2025-11-21 12:10:50,0.151208144,5.737304332,7.984564879
2025-11-21 12:11:00,-0.063850219,5.687525089,8.111758104
2025-11-21 12:11:10,0.252757925,5.515137009,8.151395422
2025-11-21 12:11:20,0.632715843,5.567203494,8.098146447
2025-11-21 12:11:30,0.526667434,5.602781935,8.077420004
2025-11-21 12:11:40,0.648932760,5.398157963,8.166050604
2025-11-21 12:11:50,0.534811759,5.761194558,7.960976928
2025-11-21 12:12:00,0.589896541,5.942617290,7.842411699
2025-11-21 12:12:10,0.289023649,6.013696452,7.798054185
2025-11-21 12:12:20,-0.016535099,5.960684938,7.708411697
2025-11-21 12:12:30,0.135741297,5.975325066,7.855058636
2025-11-21 12:12:40,0.210259209,5.971602020,7.869460273
2025-11-21 12:12:50,-0.311487805,5.985968010,7.773550582
2025-11-21 12:13:00,-0.369823684,5.928743320,7.710713244
2025-11-21 12:13:10,-0.659057033,5.671833527,8.019142629
2025-11-21 12:13:20,-0.453609425,5.919644914,7.869631755
2025-11-21 12:13:30,-0.291369926,5.907808261,7.820861999
2025-11-21 12:13:40,-0.493579297,5.994834302,7.787613408
2025-11-21 12:13:50,-0.106039937,6.227396173,7.591711641
2025-11-21 12:14:00,-0.246782976,6.010104901,7.685930079
2025-11-21 12:14:10,-0.297800750,6.168036611,7.603086221
2025-11-21 12:14:20,-0.386517958,6.188787063,7.529576687
2025-11-21 12:14:30,-0.153048510,6.333285321,7.541159789
2025-11-21 12:14:40,-0.160396982,6.595004971,7.219656112
2025-11-21 12:14:50,0.020078353,6.861173005,7.014814142
2025-11-21 12:15:00,0.014020890,6.589564906,7.246304700
2025-11-21 12:15:10,0.185150328,6.470606494,7.340329393
2025-11-21 12:15:20,0.181443401,6.381626821,7.439179038
2025-11-21 12:15:30,0.174334461,6.702381415,7.135214816
2025-11-21 12:15:40,0.364493903,6.784820655,7.146615899
2025-11-21 12:15:50,0.156418891,6.510904229,7.313180938
2025-11-21 12:16:00,0.418271085,6.597864663,7.312116708
2025-11-21 12:16:10,0.439311951,6.675318937,7.159051844
2025-11-21 12:16:20,0.562287385,6.531617933,7.281826178
2025-11-21 12:16:30,0.072403370,6.648438798,7.096206124
2025-11-21 12:16:40,-0.098934034,6.576116194,7.343975033
2025-11-21 12:16:50,-0.030646222,6.341218007,7.346706292
2025-11-21 12:17:00,0.359630122,6.223340911,7.632101863
2025-11-21 12:17:10,0.295695692,5.925322442,7.777264685
2025-11-21 12:17:20,0.532556657,5.906786914,7.816841492
2025-11-21 12:17:30,0.669041045,6.077510169,7.626407375
2025-11-21 12:17:40,0.776382690,6.217603568,7.598158719
2025-11-21 12:17:50,0.850555331,6.199197991,7.580836875
2025-11-21 12:18:00,0.681443166,5.994446260,7.733132212
2025-11-21 12:18:10,0.502335005,6.168907207,7.595444463
2025-11-21 12:18:20,0.377387243,6.241347619,7.531065003
2025-11-21 12:18:30,0.182126834,6.321484129,7.496697364
2025-11-21 12:18:40,0.324279767,6.081807163,7.658139737
2025-11-21 12:18:50,0.590265394,5.845974192,7.797008072
2025-11-21 12:19:00,0.626924950,6.097498040,7.618617110
2025-11-21 12:19:10,0.805772110,6.238175685,7.544545097
2025-11-21 12:19:20,0.539564585,6.260172979,7.375295757
2025-11-21 12:19:30,0.466552070,6.159931236,7.511999865
2025-11-21 12:19:40,0.357968349,6.192815283,7.620794785
2025-11-21 12:19:50,0.387730106,6.099930998,7.561714901
2025-11-21 12:20:00,0.288587937,5.967666846,7.782850634
2025-11-21 12:20:10,0.050838701,6.086675199,7.741747560
2025-11-21 12:20:20,0.250571914,6.037679132,7.769265644
2025-11-21 12:20:30,0.519167835,5.797910809,8.020460172
2025-11-21 12:20:40,0.424832410,5.841713646,7.961444409
2025-11-21 12:20:50,0.269996364,5.793825869,7.869952136
2025-11-21 12:21:00,0.056389463,5.535221238,8.117216085
2025-11-21 12:21:10,0.514172230,5.349614183,8.218259038
2025-11-21 12:21:20,0.550385124,5.548901246,8.204569201
2025-11-21 12:21:30,0.266027674,5.599363059,8.077547486
2025-11-21 12:21:40,-0.221770688,5.558366024,8.085706009
2025-11-21 12:21:50,-0.271219578,5.433296602,8.160917772
2025-11-21 12:22:00,0.137805597,5.104756094,8.339368164
2025-11-21 12:22:10,0.046577733,5.341987383,8.227115506
2025-11-21 12:22:20,0.101208694,5.494990517,8.158879305
2025-11-21 12:22:30,-0.104791700,5.574424386,8.117730177
2025-11-21 12:22:40,-0.159024224,5.852916013,7.855076959
2025-11-21 12:22:50,-0.699563539,5.599095620,8.117945283
2025-11-21 12:23:00,-0.889048664,5.440964337,8.024405984
2025-11-21 12:23:10,-1.134745188,5.185388188,8.430035621
2025-11-21 12:23:20,-1.224283351,5.087548239,8.322686144
2025-11-21 12:23:30,-1.337680777,5.072734277,8.287550621
2025-11-21 12:23:40,-1.256559444,4.989346306,8.363238641
2025-11-21 12:23:50,-1.462597010,4.612463192,8.521819129
2025-11-21 12:24:00,-1.328968794,4.583566902,8.624556050
2025-11-21 12:24:10,-1.939322497,4.614823346,8.441915171
2025-11-21 12:24:20,-2.545479838,4.634217536,8.293613058
2025-11-21 12:24:30,-2.476899258,4.529899349,8.401763184
2025-11-21 12:24:40,-2.296986295,4.827068569,8.182880752
2025-11-21 12:24:50,-2.270757679,4.727275557,8.274751684
2025-11-21 12:25:00,-1.896373127,5.049336354,8.242314450
2025-11-21 12:25:10,-1.855265281,4.991654889,8.196192012
2025-11-21 12:25:20,-1.723910727,5.265191061,8.086184878
2025-11-21 12:25:30,-1.998513050,5.311646357,8.026927925
2025-11-21 12:25:40,-1.719815018,5.443583501,7.955916362
2025-11-21 12:25:50,-1.702280484,5.447265736,7.973168421
2025-11-21 12:26:00,-1.149758114,5.726278584,7.897900612
2025-11-21 12:26:10,-1.112556529,5.207359463,8.177358954
2025-11-21 12:26:20,-0.946416873,5.269294668,8.171472727
2025-11-21 12:26:30,-1.198232517,5.453594698,8.069536115
2025-11-21 12:26:40,-0.820022690,5.459910268,8.052696274
2025-11-21 12:26:50,-0.929253199,5.486937325,8.080723915
2025-11-21 12:27:00,-0.714189985,5.600613280,8.012365164
2025-11-21 12:27:10,-0.514146011,5.376607119,8.098576137
2025-11-21 12:27:20,-0.697711687,5.491759449,8.174433169
2025-11-21 12:27:30,-0.950312019,5.243312369,8.194455001
2025-11-21 12:27:40,-1.083332544,5.118767805,8.304526799
2025-11-21 12:27:50,-0.604147978,5.277942415,8.228775216
2025-11-21 12:28:00,-0.815932752,5.166992651,8.249164820
2025-11-21 12:28:10,-1.028800231,5.297805130,8.203763954
2025-11-21 12:28:20,-0.938318512,5.129219445,8.223381068
2025-11-21 12:28:30,-1.180708074,5.214062949,8.201295771
2025-11-21 12:28:40,-0.948607689,5.076446202,8.224100817
2025-11-21 12:28:50,-0.965911480,5.403856133,8.202382354
2025-11-21 12:29:00,-0.857708135,5.475574267,7.936754690
2025-11-21 12:29:10,-0.763442682,5.806958924,7.789824340
2025-11-21 12:29:20,-0.746114570,6.114834767,7.666080071
2025-11-21 12:29:30,-0.755448235,6.210725417,7.526171600
2025-11-21 12:29:40,-1.139812659,5.974857836,7.574311721
2025-11-21 12:29:50,-1.110106824,5.847706884,7.856668246
2025-11-21 12:30:00,-1.135481910,5.591745217,7.971790154
2025-11-21 12:30:10,-0.873211781,5.537266801,8.124363606
2025-11-21 12:30:20,-1.052646422,5.470781333,8.039719064
2025-11-21 12:30:30,-1.262963513,5.470121398,7.885292670
2025-11-21 12:30:40,-1.457862944,5.630172330,7.995658859
2025-11-21 12:30:50,-1.882950902,5.379077024,8.018125498
2025-11-21 12:31:00,-1.973965910,5.851913866,7.634322151
2025-11-21 12:31:10,-1.978395985,5.612282586,7.714958310
2025-11-21 12:31:20,-1.951729217,5.634789089,7.647068090
2025-11-21 12:31:30,-1.561323831,5.509194552,8.029500098
2025-11-21 12:31:40,-1.340064527,5.785455251,7.838595941
2025-11-21 12:31:50,-0.987929272,5.351567931,8.154714318
2025-11-21 12:32:00,-0.670511423,5.325373120,8.280686073
2025-11-21 12:32:10,-0.842046643,5.499457653,8.035701497
2025-11-21 12:32:20,-0.589144819,5.676032795,7.935630393
2025-11-21 12:32:30,-0.804676683,5.923718961,7.741539062
2025-11-21 12:32:40,-0.893168519,5.897972291,7.746796417
2025-11-21 12:32:50,-0.402139686,5.759290522,7.902318136
2025-11-21 12:33:00,-0.565341513,5.811198483,7.830120404
2025-11-21 12:33:10,-0.247952221,5.903928059,8.005517536
2025-11-21 12:33:20,-0.244240698,5.993442277,7.769563110
2025-11-21 12:33:30,-0.184960610,6.216197390,7.578540852
2025-11-21 12:33:40,-0.205701565,6.127018148,7.638705950
2025-11-21 12:33:50,-0.433297379,6.065255747,7.843573583
2025-11-21 12:34:00,-0.150687370,6.070142258,7.761846029
2025-11-21 12:34:10,-0.220374022,6.565276757,7.258348788
2025-11-21 12:34:20,-0.197698275,6.743689663,7.214595700
2025-11-21 12:34:30,-0.765773142,6.314740873,7.511447433
2025-11-21 12:34:40,-1.182120523,6.114432271,7.519683805
2025-11-21 12:34:50,-1.282259235,6.371528082,7.408228938
2025-11-21 12:35:00,-1.566310246,6.502102445,7.168242208
2025-11-21 12:35:10,-1.147324123,6.547732399,7.232847207
2025-11-21 12:35:20,-0.813953613,6.443373354,7.260969988
2025-11-21 12:35:30,-1.118741628,6.400314851,7.328373480
2025-11-21 12:35:40,-1.385157074,5.981125234,7.680013293
2025-11-21 12:35:50,-1.598576885,5.785273311,7.780681729
2025-11-21 12:36:00,-1.419009335,5.690927133,7.878800502
2025-11-21 12:36:10,-1.939476914,5.815903882,7.656522549
2025-11-21 12:36:20,-2.528768394,5.515437384,7.740751620
2025-11-21 12:36:30,-2.940208002,5.071734787,7.820517844
2025-11-21 12:36:40,-3.004966962,4.953113671,7.939940597
2025-11-21 12:36:50,-3.151628921,5.362542868,7.533775048
2025-11-21 12:37:00,-2.897968116,6.067960958,7.273683834
2025-11-21 12:37:10,-2.725833117,6.021997705,7.260410887
2025-11-21 12:37:20,-2.649177634,6.574010209,6.853429753
2025-11-21 12:37:30,-2.973257638,6.078780191,7.088439908
2025-11-21 12:37:40,-2.943933163,6.376753797,6.755279973
2025-11-21 12:37:50,-2.777772522,6.391418612,6.907241274
2025-11-21 12:38:00,-2.674745919,6.590425236,6.757770144
2025-11-21 12:38:10,-2.707536304,6.937868617,6.440656496
2025-11-21 12:38:20,-2.186905054,7.235974709,6.316201948
2025-11-21 12:38:30,-1.341586527,7.359649687,6.328136694
2025-11-21 12:38:40,-1.337096467,7.152692230,6.483994211
2025-11-21 12:38:50,-1.071282009,7.142272549,6.594955375
2025-11-21 12:39:00,-1.015290645,7.087093150,6.643024685
2025-11-21 12:39:10,-0.732774213,7.249080245,6.620088340
2025-11-21 12:39:20,-0.744124403,7.296815359,6.513100732
2025-11-21 12:39:30,-0.800697218,7.442514704,6.294305400
2025-11-21 12:39:40,-0.322684364,7.541257674,6.423532131
2025-11-21 12:39:50,-0.735633833,7.189754339,6.533381078
2025-11-21 12:40:00,-1.462441645,7.225468528,6.536111200
2025-11-21 12:40:10,-1.057436817,6.915748880,6.851946792
2025-11-21 12:40:20,-1.296248467,7.384016296,6.422743254
2025-11-21 12:40:30,-1.329102519,7.244809026,6.507630253
2025-11-21 12:40:40,-1.441029025,7.521656243,6.169039627
2025-11-21 12:40:50,-1.059521508,7.554028229,6.214658582
2025-11-21 12:41:00,-1.295179181,7.731092804,5.894262703
2025-11-21 12:41:10,-1.410527927,7.814923344,5.716451033
2025-11-21 12:41:20,-1.919015323,7.785592268,5.658790207
2025-11-21 12:41:30,-2.443772026,7.705191141,5.695487961
2025-11-21 12:41:40,-2.545839598,7.733420413,5.471030243
2025-11-21 12:41:50,-2.493355798,7.544524258,5.801584325
2025-11-21 12:42:00,-2.710272856,7.349841844,5.941474978
2025-11-21 12:42:10,-2.102121127,7.441424835,6.026909317
2025-11-21 12:42:20,-2.452561678,7.486495241,6.006282168
2025-11-21 12:42:30,-2.734246657,7.327860735,5.945696643
2025-11-21 12:42:40,-2.857521312,7.150113695,5.948479769
2025-11-21 12:42:50,-3.150505530,7.312657883,5.941313807
2025-11-21 12:43:00,6.291319193,-6.802021940,2.892126880
2025-11-21 12:43:10,7.495079689,-5.459180354,4.251581847
2025-11-21 12:43:20,4.131223274,-8.386304871,-0.642109373
2025-11-21 12:43:30,-0.913524110,-8.748355192,2.953320263
2025-11-21 12:43:40,-1.803220448,-8.785364891,3.753410987
2025-11-21 12:43:50,-1.880368353,-8.840445999,3.454893917
2025-11-21 12:44:00,-1.759867203,-9.215034524,2.345492800
2025-11-21 12:44:10,-3.497264712,-8.723545767,-0.405504375
2025-11-21 12:44:20,-4.496718976,-9.197601483,-1.461480061
2025-11-21 12:44:30,-3.830425032,-9.287383915,-1.447905720
2025-11-21 12:44:40,-4.715665543,-9.000859846,0.318563677
2025-11-21 12:44:50,-7.232026823,-6.416106725,0.814791415
2025-11-21 12:45:00,-6.370695296,-7.581362478,0.310795356
2025-11-21 12:45:10,-5.367355409,-7.469394963,-0.614574901
2025-11-21 12:45:20,-4.555399951,-8.275129947,-0.068501683
2025-11-21 12:45:30,-5.820462731,-7.686606272,-0.334448473
2025-11-21 12:45:40,-5.682263228,-7.922035467,-0.438809871
2025-11-21 12:45:50,-5.060124015,-8.535809460,-1.584148674
2025-11-21 12:46:00,-5.545461106,-7.687402873,-1.991307349
2025-11-21 12:46:10,-4.866386115,-8.013891293,-3.116232757
2025-11-21 12:46:20,-5.799299334,-7.014404836,-1.981092690
2025-11-21 12:46:30,-5.898236748,-7.494663622,-1.074103173
2025-11-21 12:46:40,-4.981122449,-8.431303403,-1.303360608
2025-11-21 12:46:50,-6.181190205,-6.542911309,-1.357705789
2025-11-21 12:47:00,-5.664986228,-7.736453205,-1.335969953
2025-11-21 12:47:10,-6.875888960,-7.771208449,-1.746118920
2025-11-21 12:47:20,-7.436555821,-5.681734808,-1.506400928
2025-11-21 12:47:30,-7.067446544,-7.108068098,-2.677290636
2025-11-21 12:47:40,-6.618973731,-7.194928147,-2.150919161
2025-11-21 12:47:50,-7.085187883,-6.248668412,-3.370478060
2025-11-21 12:48:00,-6.432337346,-6.337706746,-3.319416696
2025-11-21 12:48:10,-7.384069301,-5.484335335,-2.779468167
2025-11-21 12:48:20,-7.837516112,-5.152368693,-2.597702567
2025-11-21 12:48:30,-7.935514136,-5.635720672,-3.309523033
2025-11-21 12:48:40,-7.819408511,-3.486247202,-4.573254717
2025-11-21 12:48:50,-8.241535792,-3.202449320,-4.386239017
2025-11-21 12:49:00,-8.432152640,-5.115889158,-3.268157966
2025-11-21 12:49:10,-8.167260972,-2.794507828,-3.814680044
2025-11-21 12:49:20,-8.355882876,-3.511176185,-2.903472618
2025-11-21 12:49:30,-9.033602880,-3.424069650,-3.639363540
2025-11-21 12:49:40,-8.884769647,-1.702527493,-3.675965713
2025-11-21 12:49:50,-8.515325209,-1.921929514,-3.084534561
2025-11-21 12:50:00,-9.845933631,-0.462528648,-3.722632890
2025-11-21 12:50:10,-9.446240545,-0.476267251,-3.055272418
2025-11-21 12:50:20,-9.341842381,-0.245947621,-3.698872131
2025-11-21 12:50:30,-9.035363333,-0.733564105,-1.341804425
2025-11-21 12:50:40,-9.510165351,0.100636432,-1.525406779
2025-11-21 12:50:50,-10.435882058,-1.172592154,0.215358904
2025-11-21 12:51:00,-10.477094829,-0.753215022,1.090010050
2025-11-21 12:51:10,-9.348282630,-1.330760081,2.344519297
2025-11-21 12:51:20,-10.159817980,-1.035526296,1.061507791
2025-11-21 12:51:30,-9.583637017,-1.140905483,-0.210368135
2025-11-21 12:51:40,-9.427844483,-0.585332722,-2.059306221
2025-11-21 12:51:50,-9.663899120,0.175611506,-1.798320192
2025-11-21 12:52:00,-9.171267367,-1.743027255,-2.137630582
2025-11-21 12:52:10,-9.293921172,-2.445293479,-1.233889473
2025-11-21 12:52:20,-9.940709472,-1.680942283,-2.063514234
2025-11-21 12:52:30,-9.513068312,-1.613944796,-3.088114123
2025-11-21 12:52:40,-9.433491065,-0.455982504,-3.772116778
2025-11-21 12:52:50,-9.295631017,-0.422345797,-2.898592018
2025-11-21 12:53:00,-9.145782772,-1.482299457,-4.339131295
2025-11-21 12:53:10,-7.968783047,-1.812622448,-5.732267867
2025-11-21 12:53:20,-7.702337008,-3.076080429,-4.902063504
2025-11-21 12:53:30,-7.567190439,-3.365588498,-4.708431577
2025-11-21 12:53:40,-8.669224424,-3.403145944,-4.916960599
2025-11-21 12:53:50,-7.729296146,-3.635222025,-5.134796727
2025-11-21 12:54:00,-7.853002314,-2.873332959,-4.870228303
2025-11-21 12:54:10,-7.268038136,-2.979504034,-6.165969384
2025-11-21 12:54:20,-8.408023024,-2.908932981,-5.051276895
2025-11-21 12:54:30,-7.809865446,-2.795462416,-5.765510429
2025-11-21 12:54:40,-7.055074803,-2.003255933,-6.420952886
2025-11-21 12:54:50,-6.801172830,-2.552500802,-6.470601289
2025-11-21 12:55:00,-7.044514322,-3.406607599,-5.191016777
2025-11-21 12:55:10,-7.175669890,-3.931292626,-5.886840526
2025-11-21 12:55:20,-6.782779076,-3.814120433,-7.387730607
2025-11-21 12:55:30,-5.386466236,-2.153301744,-8.093163461
2025-11-21 12:55:40,-6.086689034,-1.463922658,-7.733752187
2025-11-21 12:55:50,-6.947734234,-0.953883380,-7.266132549
2025-11-21 12:56:00,-7.001449784,0.788457167,-7.094285391
2025-11-21 12:56:10,-8.301715236,0.880602660,-5.977017930
2025-11-21 12:56:20,-7.913786606,0.659282137,-7.021002370
2025-11-21 12:56:30,-8.294526874,1.709429324,-5.206606311
2025-11-21 12:56:40,-9.413960816,0.045555748,-4.747204222
2025-11-21 12:56:50,-9.148748869,0.759939719,-3.083336990
2025-11-21 12:57:00,-8.774159679,-1.199337503,-3.978626727
2025-11-21 12:57:10,-9.402102616,-1.725931951,-2.504871882
2025-11-21 12:57:20,-9.329627101,-1.329736776,-3.045420053
2025-11-21 12:57:30,-8.649939471,-2.247920904,-2.802904470
2025-11-21 12:57:40,-9.445027006,-2.126061822,-2.697684575
2025-11-21 12:57:50,-9.476959929,-1.913008958,-1.577640218
2025-11-21 12:58:00,-9.603069989,0.147193120,-3.592460592
2025-11-21 12:58:10,-9.298137427,-1.935565685,-3.056985441
2025-11-21 12:58:20,-8.726002211,-1.599287290,-3.337913417
2025-11-21 12:58:30,-8.870643285,-0.851954288,-4.282595513
2025-11-21 12:58:40,-9.085395817,0.978060100,-3.959843192
2025-11-21 12:58:50,-8.549414970,1.112245034,-3.904293539
2025-11-21 12:59:00,-8.881217558,-0.153839834,-5.137152089
2025-11-21 12:59:10,-8.341460410,-1.252006626,-5.623841133
2025-11-21 12:59:20,-7.204927117,-0.880149132,-6.413550811
2025-11-21 12:59:30,-6.855736272,-0.443583994,-7.017300571
2025-11-21 12:59:40,-4.984466366,1.077617631,-8.420850814
2025-11-21 12:59:50,-6.765414306,-0.101483786,-7.579079101
2025-11-21 13:00:00,-7.220306956,0.434499729,-5.707756448
2025-11-21 13:00:10,-6.187435202,0.076169526,-7.466675085
2025-11-21 13:00:20,-5.607510010,-0.990606172,-7.828060986
2025-11-21 13:00:30,-5.757486546,-1.355973086,-7.900982925
2025-11-21 13:00:40,-6.006916944,-1.886558638,-7.354634939
2025-11-21 13:00:50,-5.951400612,-1.156380559,-7.511863320
2025-11-21 13:01:00,-5.456676309,-0.923597371,-7.392351483
2025-11-21 13:01:10,-6.684285240,-3.939481509,-6.569638528
2025-11-21 13:01:20,-6.447011035,-2.870874362,-6.288082865
2025-11-21 13:01:30,-6.477462111,-3.315802369,-7.488628702
2025-11-21 13:01:40,-5.901465253,-2.464453055,-7.195430753
2025-11-21 13:01:50,-7.507949541,-2.505966890,-7.130406003
2025-11-21 13:02:00,-6.502724788,-3.169965815,-6.465784803
2025-11-21 13:02:10,-5.951274844,-3.115734431,-6.609057222
2025-11-21 13:02:20,-5.991699500,-3.318598736,-8.500358244
2025-11-21 13:02:30,-6.690857919,-3.057548813,-6.466755261
2025-11-21 13:02:40,-6.263616414,-1.488059441,-7.624352645
2025-11-21 13:02:50,-5.347010413,-1.148577510,-7.949418191
2025-11-21 13:03:00,-4.856070591,-1.788544949,-8.535066822
2025-11-21 13:03:10,-4.594253043,-1.562467357,-7.979533216
2025-11-21 13:03:20,-5.342447032,-0.886679620,-7.400360898
2025-11-21 13:03:30,-6.154122974,-1.128247269,-6.675120081
2025-11-21 13:03:40,-6.484735052,-2.202037047,-6.182931199
2025-11-21 13:03:50,-6.788030419,-2.498880637,-6.591869190
2025-11-21 13:04:00,-6.612819261,-0.847621152,-6.565856156
2025-11-21 13:04:10,-7.690387436,-1.619240287,-6.176219555
2025-11-21 13:04:20,-8.030581496,-1.420726359,-6.228510892
2025-11-21 13:04:30,-7.271528259,-1.283164660,-6.121913228
2025-11-21 13:04:40,-7.876841924,-0.764635969,-6.579466098
2025-11-21 13:04:50,-7.671171997,0.115282299,-5.958271740
2025-11-21 13:05:00,-7.897039807,-0.064180054,-6.137510361
2025-11-21 13:05:10,-6.884439790,0.564158459,-6.896132111
2025-11-21 13:05:20,-7.573008663,-1.064028431,-5.965950734
2025-11-21 13:05:30,-8.500171466,0.421162759,-6.981575474
2025-11-21 13:05:40,-7.755914259,0.618625473,-5.927323652
2025-11-21 13:05:50,-7.680813645,1.172766158,-5.876695553
2025-11-21 13:06:00,-7.316449019,1.123758598,-6.296685820
2025-11-21 13:06:10,-6.626033368,0.233179584,-6.820215094
2025-11-21 13:06:20,-7.352865101,0.554899704,-6.304228525
2025-11-21 13:06:30,-7.145963505,0.395664733,-6.092156808
2025-11-21 13:06:40,-7.346173627,0.566840186,-6.296521001
2025-11-21 13:06:50,-7.006688642,0.071941337,-7.151265814
2025-11-21 13:07:00,-7.351526419,0.865890081,-6.152194728
2025-11-21 13:07:10,-7.201980275,-0.826244110,-6.274582545
2025-11-21 13:07:20,-6.741159643,-1.365560758,-6.335073529
2025-11-21 13:07:30,-6.816798400,-2.281651794,-6.912911564
2025-11-21 13:07:40,-6.293714757,-1.861191097,-6.795724267
2025-11-21 13:07:50,-6.701130232,-2.689495578,-6.622778185
2025-11-21 13:08:00,-7.235046980,-3.042208701,-7.209161256
2025-11-21 13:08:10,-6.879605727,-2.211146507,-7.138369096
2025-11-21 13:08:20,-6.171458588,-1.669275313,-7.732159010
2025-11-21 13:08:30,-6.591052581,-1.592503315,-7.597418622
2025-11-21 13:08:40,-5.943779312,-1.572609985,-6.927280013
2025-11-21 13:08:50,-6.815451682,-1.325798291,-7.503493755
2025-11-21 13:09:00,-6.000983328,-0.821861319,-7.454811196
2025-11-21 13:09:10,-5.637314864,-0.693926410,-7.192599578
2025-11-21 13:09:20,-5.457257786,-0.896430453,-8.244479523
2025-11-21 13:09:30,-4.946738052,-0.946590265,-7.913599166
2025-11-21 13:09:40,-4.641687863,-1.186158515,-7.304290549
2025-11-21 13:09:50,-5.408786242,-1.327847246,-8.074630768
2025-11-21 13:10:00,-5.738929126,-0.492624955,-7.852976232
2025-11-21 13:10:10,-5.650583005,-0.897681353,-8.118008393
2025-11-21 13:10:20,-4.682308953,-0.913465636,-8.868839973
2025-11-21 13:10:30,-4.727277346,-0.408953009,-8.664906688
2025-11-21 13:10:40,-4.754030661,-1.041461539,-8.600718527
2025-11-21 13:10:50,-5.192919355,-2.656645009,-7.908570217
2025-11-21 13:11:00,-6.475289425,-1.641694358,-7.071753184
2025-11-21 13:11:10,-6.703135245,-1.471305075,-7.051709048
2025-11-21 13:11:20,-7.429135341,-1.034285820,-6.636651698
2025-11-21 13:11:30,-6.953393143,-0.461345774,-6.576078056
2025-11-21 13:11:40,-7.424479471,-1.626112081,-5.572528236
2025-11-21 13:11:50,-7.861987790,-2.496771163,-4.861283251
2025-11-21 13:12:00,-7.116720518,-2.046262635,-6.600963003
2025-11-21 13:12:10,-7.109408231,-2.246924508,-6.257567610
2025-11-21 13:12:20,-7.224264326,-1.786311261,-6.321529066
2025-11-21 13:12:30,-8.201045812,-1.561171762,-5.650216108
2025-11-21 13:12:40,-8.409235790,-2.474200074,-5.894553700
2025-11-21 13:12:50,-7.333225529,-2.108695729,-5.137680860
2025-11-21 13:13:00,-6.927129302,-1.842421857,-6.451429916
2025-11-21 13:13:10,-8.493022534,-0.767304642,-5.387580118
2025-11-21 13:13:20,-8.259731192,-0.441232771,-4.637280190
2025-11-21 13:13:30,-8.084095742,0.297000892,-5.072875685
2025-11-21 13:13:40,-8.101217445,-1.455593955,-5.008876152
2025-11-21 13:13:50,-8.901427354,-0.343092382,-4.258639056
2025-11-21 13:14:00,-8.744248524,0.043687201,-4.593181578
2025-11-21 13:14:10,-8.448698073,2.045793015,-5.238735975
2025-11-21 13:14:20,-7.816133805,0.272210913,-5.853686188
2025-11-21 13:14:30,-8.562022233,0.677361019,-5.936810927
2025-11-21 13:14:40,-8.480004596,1.222849677,-5.107444403
2025-11-21 13:14:50,-8.463694369,0.243897760,-5.277386823
2025-11-21 13:15:00,-8.665378659,0.351731902,-5.571428283
2025-11-21 13:15:10,-8.350771329,0.425145333,-5.659141055
2025-11-21 13:15:20,-7.899096139,-0.290177555,-4.933473775
2025-11-21 13:15:30,-8.203541609,-0.406370480,-5.260596583
2025-11-21 13:15:40,-8.780187817,-0.028234161,-6.054218396
2025-11-21 13:15:50,-7.945019465,-0.088529754,-5.524182923
2025-11-21 13:16:00,-8.178167568,0.063863849,-5.894338929
2025-11-21 13:16:10,-7.075840133,1.044965725,-5.895100348
2025-11-21 13:16:20,-7.526470656,-0.558589262,-7.194019812
2025-11-21 13:16:30,-7.302526015,-0.399492925,-6.662422352
2025-11-21 13:16:40,-6.949635586,0.469368110,-6.658676934
2025-11-21 13:16:50,-6.793952872,0.170104313,-6.787112768
2025-11-21 13:17:00,-7.858666358,-0.100334186,-6.468044628
2025-11-21 13:17:10,-7.842202845,-0.857688650,-6.467648200
2025-11-21 13:17:20,-7.888515825,-0.207833062,-6.984609796
2025-11-21 13:17:30,-7.829305739,0.099365145,-6.287908177
2025-11-21 13:17:40,-7.726691394,1.054944180,-5.254880591
2025-11-21 13:17:50,-7.879985071,1.267501191,-5.205671656
2025-11-21 13:18:00,-8.345029274,0.733740783,-5.162543171
2025-11-21 13:18:10,-8.492807794,0.396312752,-4.428345489
2025-11-21 13:18:20,-8.441121295,0.657515998,-5.110498735
2025-11-21 13:18:30,-8.410506422,0.368461678,-4.854141225
2025-11-21 13:18:40,-8.197718020,-0.974360063,-3.980279919
2025-11-21 13:18:50,-9.318689778,-0.800409468,-4.871100351
2025-11-21 13:19:00,-8.359419850,-0.866915313,-4.840731222
2025-11-21 13:19:10,-8.257472217,-0.624199553,-5.342042469
2025-11-21 13:19:20,-8.289087566,-1.193681222,-4.920078944
2025-11-21 13:19:30,-8.114035734,-1.038081902,-5.367008263
2025-11-21 13:19:40,-8.310292020,-1.317231864,-5.355602599
2025-11-21 13:19:50,-8.134119240,-0.926563428,-5.125480329
2025-11-21 13:20:00,-8.335467823,-0.959143042,-4.971201159
2025-11-21 13:20:10,-7.533490354,-1.072869436,-5.290430743
2025-11-21 13:20:20,-8.317544897,-1.327834892,-5.054837263
2025-11-21 13:20:30,-8.264022261,-0.657714132,-4.994172873
2025-11-21 13:20:40,-8.926352697,-1.902338135,-4.436764926
2025-11-21 13:20:50,-8.324200411,-1.957123450,-4.141450170
2025-11-21 13:21:00,-8.689542437,-1.371101915,-4.172331030
2025-11-21 13:21:10,-7.939367232,-2.053416959,-4.103714365
2025-11-21 13:21:20,-9.100590273,-2.395411369,-3.098983969
2025-11-21 13:21:30,-8.725056706,-2.095316219,-3.732787477
2025-11-21 13:21:40,-9.294998263,-1.485206492,-3.752250961
2025-11-21 13:21:50,-8.848944528,-2.966188238,-3.153002058
2025-11-21 13:22:00,-9.397568992,-1.821646552,-3.475168527
2025-11-21 13:22:10,-9.043611738,-2.446653219,-2.886495195
2025-11-21 13:22:20,-8.615016410,-2.768098633,-2.964838096
2025-11-21 13:22:30,-8.818978093,-2.472768511,-1.918356266
2025-11-21 13:22:40,-8.938576831,-3.055479535,-3.022802602
2025-11-21 13:22:50,-8.991572195,-2.964509514,-2.390406302
2025-11-21 13:23:00,-8.926862805,-2.685114561,-3.443410968
2025-11-21 13:23:10,-8.174767754,-2.402752799,-3.835656902
2025-11-21 13:23:20,-8.559584658,-2.228883282,-3.396276927
2025-11-21 13:23:30,-8.809441505,-2.054243587,-3.501120386
2025-11-21 13:23:40,-8.930269502,-2.730040805,-3.021940422
2025-11-21 13:23:50,-9.193559801,-1.629262242,-3.472053486
2025-11-21 13:24:00,-8.629164469,-2.367728770,-3.162631255
2025-11-21 13:24:10,-8.694951826,-2.231829940,-2.798726724
2025-11-21 13:24:20,-9.900017114,-1.785954000,-3.539335557
2025-11-21 13:24:30,-9.300889361,-0.824539180,-3.069607581
2025-11-21 13:24:40,-9.127882818,-0.845469007,-3.113136573
2025-11-21 13:24:50,-9.329038055,-0.916744410,-2.977904586
2025-11-21 13:25:00,-8.608826650,-1.961698226,-3.337783542
2025-11-21 13:25:10,-9.032852472,-1.381329716,-1.705131766
2025-11-21 13:25:20,-8.962564318,-0.793046382,-2.577317136
2025-11-21 13:25:30,-9.408988849,-2.301098244,-2.288481894
2025-11-21 13:25:40,-9.645689683,-1.065954412,-2.377119268
2025-11-21 13:25:50,-9.570619766,-1.019806747,-2.755662981
2025-11-21 13:26:00,-9.420269691,-0.971657623,-2.110453605
2025-11-21 13:26:10,-10.011249913,-0.664106305,-2.081037544
2025-11-21 13:26:20,-10.225396746,-0.134055931,-1.780966980
2025-11-21 13:26:30,-9.594233587,-0.447504955,-2.113693689
2025-11-21 13:26:40,-9.574442172,-0.497589092,-2.437080564
2025-11-21 13:26:50,-9.280874230,0.157082926,-1.712125230
2025-11-21 13:27:00,-9.480569879,-0.911625957,-0.926012785
2025-11-21 13:27:10,-10.363086697,-0.967636996,-0.944869401
2025-11-21 13:27:20,-9.905600043,-0.943312479,-1.335648112
2025-11-21 13:27:30,-9.789019455,-1.433303402,-2.092899312
2025-11-21 13:27:40,-10.032640874,-1.124120917,-0.794458972
2025-11-21 13:27:50,-9.449577720,-0.761540763,-1.636637036
2025-11-21 13:28:00,-10.038970930,-0.066585475,-1.207366265
2025-11-21 13:28:10,-9.511780052,-2.167501336,-1.409112555
2025-11-21 13:28:20,-10.037201832,-1.045279611,-1.619717748
2025-11-21 13:28:30,-9.514539363,-0.514750127,-1.228821755
2025-11-21 13:28:40,-9.781549159,-0.920544052,-1.787548769
2025-11-21 13:28:50,-9.654107473,-1.181568249,-2.136945102
2025-11-21 13:29:00,-9.555751196,-0.521862567,-2.045456266
2025-11-21 13:29:10,-9.586682803,-1.112583457,-1.610097918
2025-11-21 13:29:20,-10.500621471,-1.778590583,-1.437136445
2025-11-21 13:29:30,-9.342235239,-1.765886765,-1.500253697
2025-11-21 13:29:40,-9.976631952,-1.843632535,-1.811185587
2025-11-21 13:29:50,-9.588386986,-2.075724049,-2.024086422
2025-11-21 13:30:00,-10.089200387,-1.975630655,-2.384202833
2025-11-21 13:30:10,-9.454219807,-0.882776153,-3.138433605
2025-11-21 13:30:20,-9.681709167,-2.413018843,-3.124405324
2025-11-21 13:30:30,-9.232897262,-1.525376554,-1.963914966
2025-11-21 13:30:40,-8.909007069,-1.352613079,-3.067676722
2025-11-21 13:30:50,-9.553802833,-1.634966748,-3.345870662
2025-11-21 13:31:00,-8.555763965,-2.257565691,-2.341082933
2025-11-21 13:31:10,-9.387860837,-2.209284490,-2.041522951
2025-11-21 13:31:20,-9.081440049,-2.038906858,-3.291394208
2025-11-21 13:31:30,-8.412517165,-2.325304609,-3.210311373
2025-11-21 13:31:40,-9.029932426,-1.654335578,-3.247210443
2025-11-21 13:31:50,-8.327780650,-1.716811389,-3.707861939
2025-11-21 13:32:00,-9.379727569,-2.323000565,-3.133064203
2025-11-21 13:32:10,-8.507419009,-2.494030097,-2.969607065
2025-11-21 13:32:20,-9.354628266,-2.525076264,-3.312262509
2025-11-21 13:32:30,-8.214270914,-2.841655694,-3.969551611
2025-11-21 13:32:40,-9.086524032,-3.040544617,-2.906371457
2025-11-21 13:32:50,-9.032612981,-3.529696947,-3.589566484
2025-11-21 13:33:00,-8.546972660,-2.249309881,-3.807175124
2025-11-21 13:33:10,-8.895105386,-3.444992702,-4.092821834
2025-11-21 13:33:20,-8.461626646,-3.583696707,-3.804648267
2025-11-21 13:33:30,-8.772435522,-3.582067982,-4.019969008
2025-11-21 13:33:40,-8.487609221,-3.050152636,-3.705245580
2025-11-21 13:33:50,-8.712738874,-3.430310998,-3.396325150
2025-11-21 13:34:00,-8.524259216,-2.913637159,-2.948162973
2025-11-21 13:34:10,-7.913845773,-3.108437357,-3.483491505
2025-11-21 13:34:20,-8.985432843,-3.357646972,-3.173265787
2025-11-21 13:34:30,-9.007279261,-2.730752013,-3.284286878
2025-11-21 13:34:40,-8.797816240,-3.070366701,-2.705188980
2025-11-21 13:34:50,-8.911173486,-3.679112151,-2.896672249
2025-11-21 13:35:00,-9.390200491,-3.356890432,-2.721150446
2025-11-21 13:35:10,-9.045686650,-2.626865379,-2.434845299
2025-11-21 13:35:20,-8.504182328,-2.445831339,-3.039205758
2025-11-21 13:35:30,-8.850612524,-2.526669683,-2.621323438
2025-11-21 13:35:40,-8.650245079,-2.626208531,-2.445070357
2025-11-21 13:35:50,-9.361643002,-2.564861297,-2.773761976
2025-11-21 13:36:00,-9.524929383,-2.381474294,-3.848710383
2025-11-21 13:36:10,-9.241744418,-2.284524695,-2.674237873
2025-11-21 13:36:20,-8.941527710,-2.409980047,-2.276976618
2025-11-21 13:36:30,-9.125344801,-2.398902732,-2.927118788
2025-11-21 13:36:40,-8.476655995,-2.332721450,-2.806499916
2025-11-21 13:36:50,-8.800573719,-2.315034336,-2.593209453
2025-11-21 13:37:00,-9.025595939,-2.468325944,-3.110145172
2025-11-21 13:37:10,-9.168217287,-2.344066486,-3.245138137
2025-11-21 13:37:20,-8.813033978,-2.098067945,-2.739940206
2025-11-21 13:37:30,-8.665023332,-3.380360725,-3.468276471
2025-11-21 13:37:40,-8.815419758,-2.576417652,-2.070493492
2025-11-21 13:37:50,-9.871110470,-2.942060760,-2.353319378
2025-11-21 13:38:00,-9.174880378,-2.780438433,-2.729946978
2025-11-21 13:38:10,-9.305182824,-2.220793103,-3.603658605
2025-11-21 13:38:20,-8.963655398,-2.827035340,-2.975510959
2025-11-21 13:38:30,-9.511655612,-2.090521632,-3.325162644
2025-11-21 13:38:40,-8.754946125,-2.759956332,-3.594193179
2025-11-21 13:38:50,-8.864768768,-2.600011650,-2.999908012
2025-11-21 13:39:00,-9.243619667,-1.909647836,-3.060584184
2025-11-21 13:39:10,-8.843349494,-2.838911158,-3.034499309
2025-11-21 13:39:20,-8.315118771,-2.594424066,-2.743145588
2025-11-21 13:39:30,-9.605772213,-2.626157544,-2.638664029
2025-11-21 13:39:40,-8.793022253,-2.318490855,-3.270595922
2025-11-21 13:39:50,-9.810742075,-1.854859854,-2.737852784
2025-11-21 13:40:00,-8.977939192,-2.773767907,-2.677706956
2025-11-21 13:40:10,-9.357335711,-1.352735895,-2.774215577
2025-11-21 13:40:20,-9.488947031,-2.505983475,-2.844225913
2025-11-21 13:40:30,-8.925990639,-1.605353589,-2.434207674
2025-11-21 13:40:40,-9.424718555,-1.996374291,-2.517256380
2025-11-21 13:40:50,-9.283235028,-2.160120603,-2.256782240
2025-11-21 13:41:00,-9.616093352,-2.462641002,-1.775599309
2025-11-21 13:41:10,-9.640211283,-2.398023161,-1.873474519
2025-11-21 13:41:20,-9.563280153,-2.346005086,-2.132847993
2025-11-21 13:41:30,-9.394901015,-2.009379526,-2.443451661
2025-11-21 13:41:40,-9.597573420,-3.049412495,-1.784657710
2025-11-21 13:41:50,-8.875703157,-2.415798878,-2.118009513
2025-11-21 13:42:00,-9.541016920,-1.653501281,-1.627370865
2025-11-21 13:42:10,-9.072922836,-2.615438390,-1.782886109
2025-11-21 13:42:20,-9.251163897,-2.115783054,-1.539997739
2025-11-21 13:42:30,-9.385480001,-2.220776645,-1.971178974
2025-11-21 13:42:40,-8.903744215,-2.341441045,-2.415963171
2025-11-21 13:42:50,-9.432789162,-2.432549359,-2.343862811
2025-11-21 13:43:00,-9.358319653,-1.012738009,-1.884930607
2025-11-21 13:43:10,-9.785505036,-1.517723681,-1.621877554
2025-11-21 13:43:20,-9.794136054,-1.310293619,-1.466220361
2025-11-21 13:43:30,-8.852115336,-1.781963534,-2.864901046
2025-11-21 13:43:40,-8.872293124,-1.999258588,-2.212697451
2025-11-21 13:43:50,-9.517356475,-2.369512662,-2.636751667
2025-11-21 13:44:00,-10.065716412,-1.658254866,-3.571523490
2025-11-21 13:44:10,-8.208856262,-2.114581824,-2.926885341
2025-11-21 13:44:20,-9.187490078,-2.026291305,-3.533786141
2025-11-21 13:44:30,-9.106198858,-1.481609795,-3.783433576
2025-11-21 13:44:40,-8.688971631,-1.328317163,-3.865281134
2025-11-21 13:44:50,-9.221852575,-0.655257419,-3.716800730
2025-11-21 13:45:00,-9.136260135,-1.309940088,-3.935819298
2025-11-21 13:45:10,-9.124087751,-1.232618125,-3.122885676
2025-11-21 13:45:20,-9.470045611,-1.097579239,-3.572548065
2025-11-21 13:45:30,-8.435212053,-1.405848955,-3.248094167
2025-11-21 13:45:40,-9.143423407,-0.744682914,-4.113560193
2025-11-21 13:45:50,-9.646704209,-0.913186443,-4.299469448
2025-11-21 13:46:00,-9.382673918,-1.771112274,-3.653752577
2025-11-21 13:46:10,-9.328902488,-1.169562218,-3.945774649
2025-11-21 13:46:20,-9.691770754,-1.584689083,-3.956238270
2025-11-21 13:46:30,-9.081534728,-1.227203277,-4.507229075
2025-11-21 13:46:40,-8.222642132,-0.840541594,-4.064556023
2025-11-21 13:46:50,-8.398830973,-1.306830455,-4.328931201
2025-11-21 13:47:00,-8.861788018,-1.283874585,-4.042478053
2025-11-21 13:47:10,-7.995813805,-1.210097603,-4.874484953
2025-11-21 13:47:20,-8.836008381,-1.299529416,-3.963877223
2025-11-21 13:47:30,-8.403021399,-1.660668716,-4.144623933
2025-11-21 13:47:40,-8.889951392,-2.062503161,-4.135153647
2025-11-21 13:47:50,-8.671490723,-2.513956377,-4.128513006
2025-11-21 13:48:00,-8.738833053,-2.703308699,-3.083587798
2025-11-21 13:48:10,-9.690544726,-2.263619983,-3.545911376
2025-11-21 13:48:20,-8.674757595,-2.860894048,-3.956807480
2025-11-21 13:48:30,-9.185562369,-2.467798789,-4.055755588
2025-11-21 13:48:40,-8.223778834,-2.099477148,-3.282455174
2025-11-21 13:48:50,-8.403769803,-2.905453280,-3.541678696
2025-11-21 13:49:00,-8.539134458,-3.421536993,-3.403065284
2025-11-21 13:49:10,-8.407297608,-3.469601277,-2.427012200
2025-11-21 13:49:20,-8.850725063,-3.678703904,-2.842447454
2025-11-21 13:49:30,-8.529625333,-3.525846896,-3.587410301
2025-11-21 13:49:40,-9.179887729,-2.876740088,-3.199957594
2025-11-21 13:49:50,-8.410589130,-3.243179901,-2.884401587
2025-11-21 13:50:00,-8.867022692,-3.036663012,-3.641753106
2025-11-21 13:50:10,-8.274571688,-3.895408020,-3.179579151
2025-11-21 13:50:20,-8.204064398,-3.241154233,-3.253014259
2025-11-21 13:50:30,-8.720149080,-3.442905760,-2.018454857
2025-11-21 13:50:40,-8.363249580,-4.626405976,-2.618677954
2025-11-21 13:50:50,-9.424546747,-3.613261966,-2.676768224
2025-11-21 13:51:00,-8.686523471,-3.658391538,-2.542481257
2025-11-21 13:51:10,-8.558840544,-3.630592915,-2.693761489
2025-11-21 13:51:20,-9.111081730,-3.706805243,-2.376320820
2025-11-21 13:51:30,-8.495145749,-2.827947884,-2.757886146
2025-11-21 13:51:40,-8.260397388,-4.434080514,-2.695299839
2025-11-21 13:51:50,-8.456859891,-3.701634793,-2.587183209
2025-11-21 13:52:00,-8.731561245,-3.514687069,-1.799783947
2025-11-21 13:52:10,-8.637300869,-3.481764233,-1.701086986
2025-11-21 13:52:20,-8.713466203,-3.265246951,-2.998760575
2025-11-21 13:52:30,-8.844769794,-3.633148501,-2.179115933
2025-11-21 13:52:40,-8.977379100,-3.607408433,-1.708344777
2025-11-21 13:52:50,-8.857731231,-3.899480974,-2.361821099
2025-11-21 13:53:00,-8.450980794,-3.594253156,-3.152116794
2025-11-21 13:53:10,-8.811473653,-2.634895040,-1.898437687
2025-11-21 13:53:20,-8.562756204,-3.309272110,-2.474422694
2025-11-21 13:53:30,-8.929967451,-4.321368181,-2.299438469
2025-11-21 13:53:40,-8.696897941,-3.358182906,-2.237419456
2025-11-21 13:53:50,-8.274482235,-3.883329355,-3.022014763
2025-11-21 13:54:00,-8.853968894,-3.670965697,-2.831609608
2025-11-21 13:54:10,-9.155803070,-3.952357065,-2.731963614
2025-11-21 13:54:20,-8.737250049,-3.604416871,-2.879481784
2025-11-21 13:54:30,-8.741879394,-3.800208879,-2.678324518
2025-11-21 13:54:40,-8.616939189,-4.230090017,-1.784098055
2025-11-21 13:54:50,-8.717818441,-3.164273718,-2.554710512
2025-11-21 13:55:00,-9.052679770,-3.604580236,-2.797926567
2025-11-21 13:55:10,-9.263797103,-3.101281272,-2.830618613
2025-11-21 13:55:20,-9.534260468,-2.048743447,-2.297627295
2025-11-21 13:55:30,-8.966572342,-3.138983633,-3.176312675
2025-11-21 13:55:40,-9.066774528,-3.472331919,-3.205835814
2025-11-21 13:55:50,-8.980438909,-3.527120278,-2.740885164
2025-11-21 13:56:00,-8.591960092,-3.462894573,-1.704989246
2025-11-21 13:56:10,-8.513322620,-3.919182291,-1.873384790
2025-11-21 13:56:20,-9.222519097,-2.734789875,-2.393921077
2025-11-21 13:56:30,-8.762127182,-3.386558096,-2.142793498
2025-11-21 13:56:40,-8.646607793,-3.702833089,-1.732738332
2025-11-21 13:56:50,-9.383795201,-2.815922361,-2.010513433
2025-11-21 13:57:00,-9.198978907,-3.266337492,-0.839085991
2025-11-21 13:57:10,-8.856499618,-3.720266931,-1.745333166
2025-11-21 13:57:20,-9.004395482,-3.144016580,-2.092960340
2025-11-21 13:57:30,-9.286281823,-3.492149565,-1.258944672
2025-11-21 13:57:40,-9.401110690,-3.891080463,-1.278795393
2025-11-21 13:57:50,-9.442332383,-3.461334053,-1.947876392
2025-11-21 13:58:00,-9.068609735,-3.262239991,-1.458966110
2025-11-21 13:58:10,-9.698049946,-3.955075988,-1.497456868
2025-11-21 13:58:20,-8.521883413,-3.508725363,-1.693016430
2025-11-21 13:58:30,-9.190139650,-3.487787762,-1.968228820
2025-11-21 13:58:40,-8.595327204,-4.276607920,-2.473141171
2025-11-21 13:58:50,-8.339184238,-3.907410418,-3.019248535
2025-11-21 13:59:00,-9.203920433,-3.430851463,-2.276009233
2025-11-21 13:59:10,-9.281387765,-3.724587447,-1.356359835
2025-11-21 13:59:20,-8.851328451,-3.880154906,-2.100594960
2025-11-21 13:59:30,-8.970461121,-4.430808516,-2.216627947
2025-11-21 13:59:40,-8.307594239,-4.380302605,-1.842851527
2025-11-21 13:59:50,-8.632639075,-4.444864968,-1.722919602
2025-11-21 14:00:00,-8.847647821,-4.658002924,-1.885094468
2025-11-21 14:00:10,-9.167841865,-3.845743019,-2.477276581
2025-11-21 14:00:20,-8.522476423,-4.146762942,-1.230405467
2025-11-21 14:00:30,-8.939780602,-3.729143892,-2.575928901
2025-11-21 14:00:40,-8.959888290,-3.882300822,-1.380370862
2025-11-21 14:00:50,-7.961884450,-3.720415472,-2.827201233
2025-11-21 14:01:00,-8.057802766,-3.064556334,-2.454635653
2025-11-21 14:01:10,-8.444298415,-4.095316373,-2.324910414
2025-11-21 14:01:20,-7.635977792,-4.231993094,-1.794916717
2025-11-21 14:01:30,-9.113876172,-4.549558497,-1.903350087
2025-11-21 14:01:40,-8.466198085,-3.067657600,-1.722298018
2025-11-21 14:01:50,-9.208360178,-3.355193307,-0.830946907
2025-11-21 14:02:00,-9.229802262,-3.437840081,-1.267571566
2025-11-21 14:02:10,-8.998138898,-4.149781528,-1.399404101
2025-11-21 14:02:20,-8.127496051,-4.206238096,-1.323628720
2025-11-21 14:02:30,-8.466254541,-3.904215530,-1.441112156
2025-11-21 14:02:40,-9.521992144,-3.688421837,-1.811415722
2025-11-21 14:02:50,-8.543625512,-3.617017058,-1.079179968
2025-11-21 14:03:00,-9.652739274,-3.155958803,-0.992671207
2025-11-21 14:03:10,-8.830912016,-2.909703090,-1.416279561
2025-11-21 14:03:20,-9.535462370,-3.646507357,-0.468241993
2025-11-21 14:03:30,-9.333433303,-3.025441405,-1.129476974
2025-11-21 14:03:40,-9.202624925,-2.901725012,-0.611732482
2025-11-21 14:03:50,-9.606916124,-2.103292004,-0.870501906
2025-11-21 14:04:00,-9.557211697,-2.410930317,-0.111278934
2025-11-21 14:04:10,-9.581598489,-3.073308582,0.517182058
2025-11-21 14:04:20,-8.813082543,-2.603440927,-0.249515152
2025-11-21 14:04:30,-9.344436955,-2.903763345,0.082767498
2025-11-21 14:04:40,-9.393530352,-1.857057472,-0.115233820
2025-11-21 14:04:50,-9.224275586,-1.988442505,1.160402799
2025-11-21 14:05:00,-9.761399425,-2.305622078,0.097653042
2025-11-21 14:05:10,-9.776747778,-2.852686408,-0.202076876
2025-11-21 14:05:20,-9.317354819,-2.996097279,0.516214685
2025-11-21 14:05:30,-9.054935228,-2.860787769,0.246535452
2025-11-21 14:05:40,-9.251363221,-3.190121386,-0.883272402
2025-11-21 14:05:50,-9.215615019,-2.893457248,-0.851606663
2025-11-21 14:06:00,-9.274420985,-2.830036357,-1.034608731
2025-11-21 14:06:10,-9.753981057,-2.379950653,-0.061754122
2025-11-21 14:06:20,-8.885028899,-2.053791447,-0.487630434
2025-11-21 14:06:30,-9.611073337,-2.726422414,-0.347366921
2025-11-21 14:06:40,-9.531870514,-2.794999438,-0.583519403
2025-11-21 14:06:50,-9.526279513,-2.712586334,-0.421018401
2025-11-21 14:07:00,-9.314371421,-2.713371423,0.005825612
2025-11-21 14:07:10,-9.037561327,-2.125069715,-0.325059109
2025-11-21 14:07:20,-8.615101735,-1.372034803,-0.389807142
2025-11-21 14:07:30,-10.052340629,-2.021451546,-0.893586010
2025-11-21 14:07:40,-9.626026543,-2.277925780,-0.303902862
2025-11-21 14:07:50,-9.744321760,-2.175075377,-1.273217467
2025-11-21 14:08:00,-9.358143839,-1.705802460,-0.025780325
2025-11-21 14:08:10,-9.578659141,-2.282875163,-0.114927171
2025-11-21 14:08:20,-10.008448033,-2.337666094,-0.585521419
2025-11-21 14:08:30,-9.580425298,-1.694554150,-1.017790481
2025-11-21 14:08:40,-9.951464044,-1.580037081,-1.002637898
2025-11-21 14:08:50,-9.336850192,-2.053468377,-1.050289249
2025-11-21 14:09:00,-8.917052552,-2.353967743,-0.251535050
2025-11-21 14:09:10,-9.999341522,-2.429297280,-1.181192673
2025-11-21 14:09:20,-9.406728091,-2.541149300,-1.171767567
2025-11-21 14:09:30,-9.223755905,-2.343665802,-1.991792191
2025-11-21 14:09:40,-9.221243224,-1.886375018,-1.540413652
2025-11-21 14:09:50,-9.330772146,-1.963451017,-1.571836398
2025-11-21 14:10:00,-9.266961724,-2.589189783,-2.073091568
2025-11-21 14:10:10,-9.018980560,-3.248631595,-1.241285903
2025-11-21 14:10:20,-9.551620162,-2.335826736,-0.463098458
2025-11-21 14:10:30,-9.600450078,-2.369126503,-0.311757700
2025-11-21 14:10:40,-9.477598533,-2.427484169,-1.154869997
2025-11-21 14:10:50,-9.322102710,-2.007979531,-1.667115999
2025-11-21 14:11:00,-8.408305373,-2.345178604,-1.006192123
2025-11-21 14:11:10,-9.334742366,-1.793664355,-0.811907674
2025-11-21 14:11:20,-9.970276924,-1.895249135,-0.521972151
2025-11-21 14:11:30,-9.206454766,-2.877982726,-0.864327492
2025-11-21 14:11:40,-9.631539718,-2.693222452,-0.678897358
2025-11-21 14:11:50,-9.170326134,-2.610356661,-0.834611947
2025-11-21 14:12:00,-9.151906024,-3.754267842,-0.866210719
2025-11-21 14:12:10,-8.770201411,-2.765725080,-0.643623116
2025-11-21 14:12:20,-9.067443762,-2.796640885,0.031940592
2025-11-21 14:12:30,-9.137821766,-3.044524349,-1.007638821
2025-11-21 14:12:40,-9.320720768,-2.973447925,-1.199908887
2025-11-21 14:12:50,-8.634961687,-2.316933781,0.349826325
2025-11-21 14:13:00,-9.100297586,-3.110067389,-0.659979867
2025-11-21 14:13:10,-9.382069255,-2.946732985,-0.495145709
2025-11-21 14:13:20,-8.872976194,-3.780671013,-0.755467994
2025-11-21 14:13:30,-9.146647851,-3.096491553,-0.382916379
2025-11-21 14:13:40,-9.537133918,-3.077214098,-0.618640197
2025-11-21 14:13:50,-8.851177130,-3.568995001,-0.551161888
2025-11-21 14:14:00,-9.554354869,-2.833821174,0.106069543
2025-11-21 14:14:10,-9.251898301,-2.658809068,-0.069237532
2025-11-21 14:14:20,-9.041265971,-2.921643678,0.097736660
2025-11-21 14:14:30,-9.346542858,-2.623505924,0.370580964
2025-11-21 14:14:40,-10.010590740,-3.004670230,-0.572839507
2025-11-21 14:14:50,-9.013713318,-2.554855187,0.155515314
2025-11-21 14:15:00,-9.725305568,-2.111131364,0.507875893
2025-11-21 14:15:10,-9.326675255,-2.896583866,0.688070116
2025-11-21 14:15:20,-8.914964459,-3.818782226,0.196376572
2025-11-21 14:15:30,-9.491131882,-3.346481241,-0.001013701
2025-11-21 14:15:40,-9.464392663,-3.393643600,-0.278114310
2025-11-21 14:15:50,-8.578827941,-3.358410522,-0.095230525
2025-11-21 14:16:00,-8.999353100,-3.936851728,-0.097714853
2025-11-21 14:16:10,-8.372214215,-4.428832489,-0.043889001
2025-11-21 14:16:20,-8.903526697,-4.816694116,0.701305260
2025-11-21 14:16:30,-9.012975081,-4.807603560,0.823478415
2025-11-21 14:16:40,-8.548561905,-4.972138260,0.368022076
2025-11-21 14:16:50,-8.230760504,-4.423762591,0.902641409
2025-11-21 14:17:00,-8.502668571,-4.825599206,0.531330928
2025-11-21 14:17:10,-8.009296796,-4.616500830,0.413170170
2025-11-21 14:17:20,-7.913929057,-5.241562921,1.542178243
2025-11-21 14:17:30,-7.752337575,-5.500525965,0.574350005
2025-11-21 14:17:40,-8.662945035,-5.409031510,0.843784027
2025-11-21 14:17:50,-8.008675355,-5.626644849,2.011606071
2025-11-21 14:18:00,-8.043375923,-5.019275825,1.545928724
2025-11-21 14:18:10,-7.764092442,-5.694156092,1.104713152
2025-11-21 14:18:20,-8.193926443,-5.518453258,1.137909936
2025-11-21 14:18:30,-7.790288277,-5.266910060,0.788818479
2025-11-21 14:18:40,-8.469612003,-5.438221081,1.173025890
2025-11-21 14:18:50,-8.324206105,-5.186946840,0.677844946
2025-11-21 14:19:00,-8.787509985,-4.760818982,0.508304919
2025-11-21 14:19:10,-8.568276069,-4.487299414,0.201698299
2025-11-21 14:19:20,-8.959583973,-4.022120544,0.374540983
2025-11-21 14:19:30,-8.541764110,-4.622627507,0.580062002
2025-11-21 14:19:40,-8.656338761,-4.681522205,0.759204736
2025-11-21 14:19:50,-8.495442540,-5.543160732,0.878212712
2025-11-21 14:20:00,-8.015499825,-5.765953258,0.407045944
2025-11-21 14:20:10,-9.085615221,-4.302795941,0.987927886
2025-11-21 14:20:20,-8.399795764,-4.725636144,1.576789077
2025-11-21 14:20:30,-8.535494119,-4.256362118,1.962948678
2025-11-21 14:20:40,-8.410924614,-4.596231536,1.158413838
2025-11-21 14:20:50,-8.308378337,-4.121893384,0.998425753
2025-11-21 14:21:00,-9.081283520,-3.787895507,1.071059566
2025-11-21 14:21:10,-9.133390815,-5.059356026,0.999074128
2025-11-21 14:21:20,-9.328458136,-4.430379472,0.826206929
2025-11-21 14:21:30,-8.436675685,-4.488628962,1.571262085
2025-11-21 14:21:40,-8.886325955,-4.105055920,0.758264402
2025-11-21 14:21:50,-8.998563760,-4.258157530,1.203297687
2025-11-21 14:22:00,-9.509640420,-3.246712431,1.002586472
2025-11-21 14:22:10,-9.056915654,-3.533397142,1.327072088
2025-11-21 14:22:20,-9.011260799,-4.425878910,1.163577433
2025-11-21 14:22:30,-8.969043047,-4.535641464,1.789675318
2025-11-21 14:22:40,-8.495500058,-4.552227367,1.064005574
2025-11-21 14:22:50,-7.721543812,-4.583822457,1.372638800
2025-11-21 14:23:00,-8.360338581,-5.199706880,1.357636971
2025-11-21 14:23:10,-9.367693058,-4.551838508,0.783810713
2025-11-21 14:23:20,-8.315576195,-5.073222189,0.109263457
2025-11-21 14:23:30,-8.495410397,-5.191963351,0.711878601
2025-11-21 14:23:40,-8.968738884,-4.080385117,0.271360247
2025-11-21 14:23:50,-8.465832977,-4.214308401,1.262387314
2025-11-21 14:24:00,4.147032969,7.372968906,-7.899306625
2025-11-21 14:24:10,-6.180734667,3.132012880,-3.635801244
2025-11-21 14:24:20,-6.551095657,6.394673896,-1.962517503
2025-11-21 14:24:30,-9.971385993,0.709452606,0.278647244
2025-11-21 14:24:40,-8.329264691,-0.437040258,2.677953090
2025-11-21 14:24:50,-9.476297258,-0.157743782,1.926044689
2025-11-21 14:25:00,-7.717416933,1.588738035,3.926900636
2025-11-21 14:25:10,-8.747184318,6.112758902,6.163441435
2025-11-21 14:25:20,-8.012040301,3.387739608,0.278468191
2025-11-21 14:25:30,-8.891630570,5.724358081,0.828028992
2025-11-21 14:25:40,-8.841905755,5.799204044,1.669368062
2025-11-21 14:25:50,-8.360765424,5.614347913,1.048093838
2025-11-21 14:26:00,-8.097724419,4.575087019,1.580794639
2025-11-21 14:26:10,-7.515183858,3.588011636,3.599259705
2025-11-21 14:26:20,-7.002951844,3.332508830,2.621315048
2025-11-21 14:26:30,-6.282969311,3.348852310,4.172904957
2025-11-21 14:26:40,-4.990516992,4.979699224,3.532213159
2025-11-21 14:26:50,-7.095510405,5.721935927,3.086878458
2025-11-21 14:27:00,-7.931004947,8.027298788,3.206438627
2025-11-21 14:27:10,-8.564213132,4.548031122,3.454566505
2025-11-21 14:27:20,-8.111441707,3.295998804,2.575558785
2025-11-21 14:27:30,-7.835814255,3.129834994,5.851996179
2025-11-21 14:27:40,-7.077239222,1.645733917,4.704559416
2025-11-21 14:27:50,-10.702320187,6.772768078,4.719411801
2025-11-21 14:28:00,-7.286793733,3.275183306,5.468293347
2025-11-21 14:28:10,-7.838266125,3.823443228,4.511179117
2025-11-21 14:28:20,-7.459178939,5.105061008,3.650028891
2025-11-21 14:28:30,-9.431056494,3.962734455,3.807921340
2025-11-21 14:28:40,-9.521327763,6.687876667,0.706252261
2025-11-21 14:28:50,-9.239526961,4.905974277,2.262028076
2025-11-21 14:29:00,-7.612549962,2.615890896,0.880512534
2025-11-21 14:29:10,-9.608664106,2.446646737,0.617119480
2025-11-21 14:29:20,-8.297523738,2.704501501,-1.380373151
2025-11-21 14:29:30,-9.208012197,5.098523750,-2.352896674
2025-11-21 14:29:40,-11.065755010,4.015237874,-3.946940108
2025-11-21 14:29:50,-8.222971698,3.103632924,-1.766486231
2025-11-21 14:30:00,-8.041054442,4.092080485,-3.422865546
2025-11-21 14:30:10,-8.325987345,0.628502617,-2.303203167
2025-11-21 14:30:20,-8.431958474,1.831500125,-3.301800642
2025-11-21 14:30:30,-9.850500204,0.036429000,-1.303579513
2025-11-21 14:30:40,-10.773368872,-1.123036707,-1.678931586
2025-11-21 14:30:50,-11.221694605,-3.088647239,-3.647626131
2025-11-21 14:31:00,-8.684532608,-1.724519172,-4.878815880
2025-11-21 14:31:10,-9.549631992,-4.570148215,-6.260425230
2025-11-21 14:31:20,-6.899473248,-3.512104395,-6.610017002
2025-11-21 14:31:30,-6.623580738,-3.276512447,-7.827394340
2025-11-21 14:31:40,-8.639002637,-2.162586333,-6.474185157
2025-11-21 14:31:50,-7.698691210,0.553424347,-6.519152755
2025-11-21 14:32:00,-6.245450431,-1.267612901,-7.498081064
2025-11-21 14:32:10,-7.597373208,-1.073595572,-6.688623416
2025-11-21 14:32:20,-7.266676468,0.449530440,-6.584665268
2025-11-21 14:32:30,-9.143590253,-0.499104653,-7.302021960
2025-11-21 14:32:40,-6.794527279,1.218036598,-7.780976748
2025-11-21 14:32:50,-10.826198061,2.820794433,-7.954554640
2025-11-21 14:33:00,-7.401352725,0.849001700,-7.568972638
2025-11-21 14:33:10,-5.567090014,0.751512533,-8.021982225
2025-11-21 14:33:20,-5.739121141,2.205935503,-9.956700335
2025-11-21 14:33:30,-7.947214582,0.493100558,-7.394006591
2025-11-21 14:33:40,-5.323003606,-1.013097045,-8.357113927
2025-11-21 14:33:50,-4.289859575,0.405732032,-9.487150073
2025-11-21 14:34:00,-9.232831629,-0.294874445,-6.586138849
2025-11-21 14:34:10,-7.001904909,-0.158260359,-6.896759065
2025-11-21 14:34:20,-7.164047338,1.043575711,-9.508900713
2025-11-21 14:34:30,-8.107371230,0.739331638,-6.771797335
2025-11-21 14:34:40,-7.782178514,-3.044546799,-8.003236258
2025-11-21 14:34:50,-7.689820389,2.960026717,-8.525817249
2025-11-21 14:35:00,-4.014700949,0.786953019,-7.954506527
2025-11-21 14:35:10,-5.473904665,1.573283488,-8.977256446
2025-11-21 14:35:20,-5.674923478,6.004692701,-7.401735797
2025-11-21 14:35:30,-5.953065858,3.290833622,-4.863804195
2025-11-21 14:35:40,-6.771778036,2.174352102,-8.980236581
2025-11-21 14:35:50,-6.013928323,5.402695058,-6.877208006
2025-11-21 14:36:00,-4.012767462,7.348847640,-8.915571711
2025-11-21 14:36:10,-5.202754542,4.165849683,-6.151658424
2025-11-21 14:36:20,-4.973852544,7.276065006,-7.086698559
2025-11-21 14:36:30,-4.768922254,5.685487630,-5.817945932
2025-11-21 14:36:40,-3.833733397,7.021805866,-6.931138933
2025-11-21 14:36:50,-9.260003927,9.404691856,-7.112869901
2025-11-21 14:37:00,-4.071391185,6.214768599,-5.615761586
2025-11-21 14:37:10,-5.876033681,7.331524936,-5.659681730
2025-11-21 14:37:20,-6.421374944,7.172883031,-4.861539349
2025-11-21 14:37:30,-4.276889175,6.907230451,-3.240419416
2025-11-21 14:37:40,-6.437465948,5.355428538,-4.424098562
2025-11-21 14:37:50,-5.392765297,5.853776480,-4.946953171
2025-11-21 14:38:00,-5.550079173,5.176970321,-6.009394291
2025-11-21 14:38:10,-6.302490811,4.432741623,-5.641825081
2025-11-21 14:38:20,-8.250344156,4.696422194,-3.987380336
2025-11-21 14:38:30,-6.484512396,3.104945127,-6.492854412
2025-11-21 14:38:40,-8.785384043,1.521691297,-5.431557365
2025-11-21 14:38:50,-7.091512778,1.757197296,-5.874501701
2025-11-21 14:39:00,-8.214223034,2.639828677,-5.591759528
2025-11-21 14:39:10,-8.090070397,1.615046241,-6.995357625
2025-11-21 14:39:20,-7.127866483,1.741945344,-7.766204700
2025-11-21 14:39:30,-5.913086816,4.692924918,-6.393629482
2025-11-21 14:39:40,-8.196826867,0.441023657,-5.883168841
2025-11-21 14:39:50,-7.477424588,4.165326848,-6.893970528
2025-11-21 14:40:00,-5.704015264,0.591011720,-8.152737050
2025-11-21 14:40:10,-6.790209927,2.940529282,-6.884336257
2025-11-21 14:40:20,-6.292598975,2.490428951,-6.802190330
2025-11-21 14:40:30,-7.408043336,2.020606195,-6.193210263
2025-11-21 14:40:40,-8.121168678,0.465124653,-5.560770845
2025-11-21 14:40:50,-4.992125778,1.162916396,-6.747358963
2025-11-21 14:41:00,-6.718697801,-0.583702775,-8.822927484
2025-11-21 14:41:10,-5.968636457,-0.031056844,-7.068211188
2025-11-21 14:41:20,-7.380129284,-1.887451075,-5.582225513
2025-11-21 14:41:30,-3.389708467,-1.223157801,-9.278382069
2025-11-21 14:41:40,-5.631831859,-2.001713449,-8.628130897
2025-11-21 14:41:50,-8.542019403,-1.496620593,-8.683266309
2025-11-21 14:42:00,-5.982937353,-1.910489008,-6.856154132
2025-11-21 14:42:10,-5.568571804,0.502003310,-8.226940483
2025-11-21 14:42:20,-5.355864564,-1.512259209,-7.653495258
2025-11-21 14:42:30,-6.759878611,-0.267440753,-7.028392405
2025-11-21 14:42:40,-5.705042291,0.786972964,-7.456610246
2025-11-21 14:42:50,-4.997146220,-1.228368284,-6.399851611
2025-11-21 14:43:00,-4.677465296,1.119799074,-9.044797786
2025-11-21 14:43:10,-4.328634690,0.972722924,-7.831621155
2025-11-21 14:43:20,-6.419167183,1.102280403,-8.695771826
2025-11-21 14:43:30,-5.075538461,2.279185247,-9.152634074
2025-11-21 14:43:40,-6.914113620,2.958478621,-9.252981376
2025-11-21 14:43:50,-7.198171309,2.486391132,-6.624309154
2025-11-21 14:44:00,-8.568271158,2.821551110,-6.547353397
2025-11-21 14:44:10,-7.288303519,1.215597758,-8.079964854
2025-11-21 14:44:20,-5.611434170,4.000344613,-6.734873550
2025-11-21 14:44:30,-4.239044878,4.152433227,-7.688106490
2025-11-21 14:44:40,-7.705564282,2.875961816,-8.037181237
2025-11-21 14:44:50,-7.289533218,4.776274328,-6.923235431
2025-11-21 14:45:00,-4.888155583,2.314979238,-8.928831834
2025-11-21 14:45:10,-4.247124597,0.322103507,-5.429207662
2025-11-21 14:45:20,-3.793892958,3.508275160,-7.914234463
2025-11-21 14:45:30,-6.006992791,6.894807832,-6.182187096
2025-11-21 14:45:40,-4.018712468,3.741593363,-6.513798391
2025-11-21 14:45:50,-4.232828382,3.064329296,-9.167167373
2025-11-21 14:46:00,-4.462437349,3.340456374,-6.020048735
2025-11-21 14:46:10,-2.617778040,5.374533606,-8.126432779
2025-11-21 14:46:20,-6.113005284,6.310512099,-7.595830526
2025-11-21 14:46:30,-4.935128237,5.231260526,-6.478946532
2025-11-21 14:46:40,-4.245991385,3.679128395,-6.445121519
2025-11-21 14:46:50,-6.080890158,6.041875630,-5.586082378
2025-11-21 14:47:00,-4.873337282,2.678664673,-6.552321080
2025-11-21 14:47:10,-4.447192563,6.371860999,-4.757332890
2025-11-21 14:47:20,-4.700044590,5.305166306,-7.380023647
2025-11-21 14:47:30,-4.680923223,5.831467986,-5.938876391
2025-11-21 14:47:40,-4.685642982,3.616140917,-5.017368119
2025-11-21 14:47:50,-4.943967440,5.922772376,-5.833908616
2025-11-21 14:48:00,-4.913697909,4.178134466,-5.389299330
2025-11-21 14:48:10,-5.179571690,4.570873729,-7.335844629
2025-11-21 14:48:20,-4.777685775,6.591403668,-6.856759480
2025-11-21 14:48:30,-6.482625755,5.832054087,-7.620483917
2025-11-21 14:48:40,-4.187308683,7.728305213,-5.159300833
2025-11-21 14:48:50,-5.491944023,3.646456620,-6.428264445
2025-11-21 14:49:00,-5.782893498,5.911098059,-4.845066037
2025-11-21 14:49:10,-3.551351756,5.969772260,-5.668031682
2025-11-21 14:49:20,-6.006232876,5.578296175,-4.826527275
2025-11-21 14:49:30,-5.157798922,4.624515751,-3.548020280
2025-11-21 14:49:40,-6.118405154,6.216293328,-5.132601125
2025-11-21 14:49:50,-5.304448948,7.088215124,-3.430956441
2025-11-21 14:50:00,-4.577677307,7.052659011,-7.048969612
2025-11-21 14:50:10,-6.485255556,5.851873967,-6.323845682
2025-11-21 14:50:20,-3.983266521,4.724313476,-3.810258869
2025-11-21 14:50:30,-7.365274900,5.715887319,-6.542454682
2025-11-21 14:50:40,-4.978224471,4.262954732,-6.869050885
2025-11-21 14:50:50,-5.885097815,4.465211949,-7.676731548
2025-11-21 14:51:00,-4.184022081,3.765578571,-5.700225273
2025-11-21 14:51:10,-5.296118993,3.577109538,-7.077902368
2025-11-21 14:51:20,-5.365432721,6.234649356,-5.012316748
2025-11-21 14:51:30,-5.403432057,4.360488470,-6.065204928
2025-11-21 14:51:40,-4.367765947,5.158635076,-6.215502100
2025-11-21 14:51:50,-4.085310925,4.090250411,-8.700665422
2025-11-21 14:52:00,-5.297533415,2.931929954,-7.468117892
2025-11-21 14:52:10,-4.602691543,6.285449373,-7.454300628
2025-11-21 14:52:20,-3.159648460,4.719141887,-8.752874368
2025-11-21 14:52:30,-4.845027205,0.266945972,-10.574325471
2025-11-21 14:52:40,-4.393433410,0.681012177,-6.352377828
2025-11-21 14:52:50,-5.057445177,4.080989051,-11.107303636
2025-11-21 14:53:00,-2.289237205,5.736635140,-7.156166232
2025-11-21 14:53:10,-4.436467831,2.474473093,-8.914119028
2025-11-21 14:53:20,-1.893264048,2.521166502,-8.927876443
2025-11-21 14:53:30,-3.097921835,1.600682220,-9.305306510
2025-11-21 14:53:40,-5.518395055,1.099387781,-8.634232045
2025-11-21 14:53:50,-3.455135109,-0.270007281,-7.998604614
2025-11-21 14:54:00,-3.762786782,2.037134628,-8.561020324
2025-11-21 14:54:10,-4.667947390,1.799773785,-7.761941742
2025-11-21 14:54:20,-4.404615353,1.988331111,-8.133472632
2025-11-21 14:54:30,-2.472075094,2.288326034,-7.587045593
2025-11-21 14:54:40,-4.120540788,3.769381336,-8.754986253
2025-11-21 14:54:50,-3.067023165,3.115375849,-8.481714270
2025-11-21 14:55:00,-5.418820355,1.731046836,-6.981736106
2025-11-21 14:55:10,-2.723695127,3.073405703,-10.096836453
2025-11-21 14:55:20,-4.789412769,2.373179835,-7.723923197
2025-11-21 14:55:30,-6.081962832,-0.598393987,-7.279612746
2025-11-21 14:55:40,-5.087150342,1.258704560,-7.555769448
2025-11-21 14:55:50,-5.647964941,1.105443132,-8.055014743
2025-11-21 14:56:00,-4.651612136,0.924910767,-8.198039326
2025-11-21 14:56:10,-4.619322523,-0.370996805,-6.366593246
2025-11-21 14:56:20,-3.552979350,1.256530780,-9.979011288
2025-11-21 14:56:30,-5.801300760,0.931553797,-10.686211920
2025-11-21 14:56:40,-5.281784909,1.109932624,-6.460225687
2025-11-21 14:56:50,-5.679197147,0.747043564,-9.085908689
2025-11-21 14:57:00,-6.101651596,3.218143832,-5.764578405
2025-11-21 14:57:10,-4.962532930,0.626016729,-6.749483514
2025-11-21 14:57:20,-6.329468723,0.953734744,-10.152355779
2025-11-21 14:57:30,-5.718208444,-0.972270366,-5.400483971
2025-11-21 14:57:40,-7.303653699,-0.759317032,-8.088306643
2025-11-21 14:57:50,-7.309376843,-0.917418689,-8.178328396
2025-11-21 14:58:00,-8.045046807,0.526274853,-9.101308974
2025-11-21 14:58:10,-8.178390023,-3.233429885,-7.181609688
2025-11-21 14:58:20,-7.202249469,-0.788595594,-7.373242647
2025-11-21 14:58:30,-6.618392766,-2.822542525,-8.391427751
2025-11-21 14:58:40,-4.477885272,0.013727626,-4.842219176
2025-11-21 14:58:50,-7.016141462,0.953491429,-8.350977880
2025-11-21 14:59:00,-6.136725495,-2.345946900,-5.415643787
2025-11-21 14:59:10,-7.698199174,-2.210893704,-5.936948754
2025-11-21 14:59:20,-7.173631693,-0.678942742,-6.966059461
2025-11-21 14:59:30,-6.508433590,-2.878714505,-6.709770686
2025-11-21 14:59:40,-7.206315167,-1.557217140,-6.724685215
2025-11-21 14:59:50,-6.559042348,-1.439297914,-7.069820174
2025-11-21 15:00:00,-10.128813489,-0.611551580,-5.542869105
2025-11-21 15:00:10,-6.963306531,-2.417393361,-8.369996182
2025-11-21 15:00:20,-5.270915639,-3.358629402,-7.723151349
2025-11-21 15:00:30,-7.211461918,0.694084969,-5.323431274
2025-11-21 15:00:40,-4.985810498,-3.926118761,-5.483013957
2025-11-21 15:00:50,-6.362376422,-0.323513627,-6.670645106
2025-11-21 15:01:00,-6.893999661,-5.335909079,-7.756847367
2025-11-21 15:01:10,-7.115648322,-2.872156749,-9.081269403
2025-11-21 15:01:20,-3.494690273,-4.049217093,-7.485961640
2025-11-21 15:01:30,-4.969420577,-1.487659518,-6.439284692
2025-11-21 15:01:40,-5.032591617,-3.852536405,-5.228190831
2025-11-21 15:01:50,-5.921122365,-1.981493035,-8.324230094
2025-11-21 15:02:00,-6.351155913,0.933291699,-8.211965305
2025-11-21 15:02:10,-5.537292074,-2.305036266,-8.309642938
2025-11-21 15:02:20,-6.631890529,1.138838742,-6.272749489
2025-11-21 15:02:30,-5.617136937,-0.864617486,-9.126091821
2025-11-21 15:02:40,-5.534443260,0.244455466,-7.893496228
2025-11-21 15:02:50,-4.777796729,0.141116622,-8.240719266
2025-11-21 15:03:00,-5.950185118,2.307585037,-6.597858840
2025-11-21 15:03:10,-4.210528808,1.279945781,-8.125811008
2025-11-21 15:03:20,-1.806411801,1.062150552,-8.708603326
2025-11-21 15:03:30,-4.261008987,1.455058299,-7.624016408
2025-11-21 15:03:40,-4.502939345,0.677718973,-7.407496360
2025-11-21 15:03:50,-4.072836833,-0.241507550,-9.027385994
2025-11-21 15:04:00,-4.854226183,-0.407540171,-7.799216575
2025-11-21 15:04:10,-6.508966869,-0.628235198,-6.086104936
2025-11-21 15:04:20,-5.255414557,-1.012278155,-9.039555312
2025-11-21 15:04:30,-3.335748453,1.386505189,-11.194029841
2025-11-21 15:04:40,-5.361177172,1.555550659,-9.148387426
2025-11-21 15:04:50,-3.876703140,1.362717177,-10.116637212
2025-11-21 15:05:00,-4.580038911,0.862696122,-9.157901794
2025-11-21 15:05:10,-4.997541218,1.533990684,-7.085426673
2025-11-21 15:05:20,-3.155210592,1.047639952,-10.358601677
2025-11-21 15:05:30,-3.824527364,1.573236262,-8.531756685
2025-11-21 15:05:40,-2.900881448,3.256536201,-8.898890427
2025-11-21 15:05:50,-5.629892561,1.752301876,-10.107441152
2025-11-21 15:06:00,-4.078478090,0.472476538,-7.090621136
2025-11-21 15:06:10,-5.194583861,1.263462369,-8.946789376
2025-11-21 15:06:20,-5.351755447,-0.375879973,-6.621752725
2025-11-21 15:06:30,-4.191615760,2.694536048,-6.442462466
2025-11-21 15:06:40,-4.034422510,1.892878654,-7.427295274
2025-11-21 15:06:50,-4.932523506,1.246256646,-6.782645721
2025-11-21 15:07:00,-3.596292774,1.740972077,-8.890647247
2025-11-21 15:07:10,-3.513858122,1.532497746,-7.883075755
2025-11-21 15:07:20,-3.150085828,0.351929883,-9.453946981
2025-11-21 15:07:30,-3.945114280,1.024480084,-10.121391632
2025-11-21 15:07:40,-5.589472901,2.813646867,-7.964789752
2025-11-21 15:07:50,-4.189046402,1.895512813,-8.302690323
2025-11-21 15:08:00,-4.724604445,2.673730899,-8.310261382
2025-11-21 15:08:10,-7.909292844,1.042659194,-8.365769217
2025-11-21 15:08:20,-6.092848533,1.763118113,-7.602431310
2025-11-21 15:08:30,-5.875439741,2.969972452,-8.377055303
2025-11-21 15:08:40,-6.145681483,1.877097564,-8.505280687
2025-11-21 15:08:50,-7.072191825,0.730078584,-7.402360442
2025-11-21 15:09:00,-4.241347434,2.882636911,-8.322459751
2025-11-21 15:09:10,-5.722815685,1.470256327,-8.631534672
2025-11-21 15:09:20,-3.207303360,0.140293449,-7.164531153
2025-11-21 15:09:30,-3.898774256,0.765037038,-7.511217389
2025-11-21 15:09:40,-5.861151963,3.600788797,-7.898685636
2025-11-21 15:09:50,-4.024197904,1.095080968,-6.307134693
2025-11-21 15:10:00,-4.780611290,2.718328247,-7.543702015
2025-11-21 15:10:10,-5.798827007,2.739417857,-6.875295051
2025-11-21 15:10:20,-5.050245437,1.536266431,-7.855979394
2025-11-21 15:10:30,-5.680274438,2.744048528,-10.005851319
2025-11-21 15:10:40,-5.892305331,1.702040064,-8.091077493
2025-11-21 15:10:50,-5.715988471,3.577671444,-7.901331609
2025-11-21 15:11:00,-6.799572433,1.962976809,-6.850690372
2025-11-21 15:11:10,-6.352436269,5.294539317,-7.840894774
2025-11-21 15:11:20,-5.218239298,4.896039337,-8.573458297
2025-11-21 15:11:30,-4.164232495,4.260387272,-6.816489337
2025-11-21 15:11:40,-3.257552843,5.445170021,-5.572167189
2025-11-21 15:11:50,-5.530909921,4.210963065,-6.165482811
2025-11-21 15:12:00,-5.087549621,4.192358275,-6.762886778
2025-11-21 15:12:10,-6.979087993,4.274057637,-8.880807554
2025-11-21 15:12:20,-5.993013064,5.873186567,-4.981725667
2025-11-21 15:12:30,-4.433265810,4.267718868,-6.871481663
2025-11-21 15:12:40,-6.505302494,5.283889906,-4.043063329
2025-11-21 15:12:50,-5.105233826,3.917807307,-3.905666204
2025-11-21 15:13:00,-6.097732267,6.066308663,-5.587725069
2025-11-21 15:13:10,-5.105084007,6.843134413,-5.875841002
2025-11-21 15:13:20,-8.839029612,6.480464227,-5.495973445
2025-11-21 15:13:30,-5.369543213,5.786677768,-4.226252798
2025-11-21 15:13:40,-5.825122005,5.352526980,-4.866426378
2025-11-21 15:13:50,-6.320717054,7.012982460,-6.926877354
2025-11-21 15:14:00,-7.002177292,5.296147666,-6.189234181
2025-11-21 15:14:10,-6.165320047,3.704833563,-8.171283839
2025-11-21 15:14:20,-5.974304781,4.740459948,-3.707198197
2025-11-21 15:14:30,-5.458695229,3.314671722,-9.061770155
2025-11-21 15:14:40,-6.416682487,4.099831485,-7.680919871
2025-11-21 15:14:50,-5.355139008,4.884208010,-5.685105168
2025-11-21 15:15:00,-6.496136669,6.242827664,-8.572374610
2025-11-21 15:15:10,-7.541469892,5.774694221,-6.968687080
2025-11-21 15:15:20,-8.060417274,2.647893167,-4.463905362
2025-11-21 15:15:30,-5.258771336,6.477004045,-6.573189337
2025-11-21 15:15:40,-6.441073458,3.531942346,-6.847581011
2025-11-21 15:15:50,-5.849379869,4.741729057,-6.317113444
2025-11-21 15:16:00,-6.520315141,5.098073671,-7.821757634
2025-11-21 15:16:10,-5.491009309,5.243181537,-5.761667097
2025-11-21 15:16:20,-6.079719838,4.650536483,-4.614569501
2025-11-21 15:16:30,-5.764656808,5.555374649,-6.452416509
2025-11-21 15:16:40,-3.952001256,4.132279193,-7.024488404
2025-11-21 15:16:50,-4.008685247,2.632335146,-7.688929487
2025-11-21 15:17:00,-5.459359511,5.716660677,-5.605028201
2025-11-21 15:17:10,-5.264226646,3.591014101,-4.857278074
2025-11-21 15:17:20,-3.904045980,5.134230343,-7.546102054
2025-11-21 15:17:30,-6.359278141,3.781899050,-5.590915362
2025-11-21 15:17:40,-4.382286464,4.747301385,-6.324051454
2025-11-21 15:17:50,-3.191332769,4.533568687,-6.362611174
2025-11-21 15:18:00,-4.954136593,4.936706780,-6.542711032
2025-11-21 15:18:10,-4.180531497,5.212532151,-4.348988801
2025-11-21 15:18:20,-7.457479640,3.937360959,-5.785771445
2025-11-21 15:18:30,-5.708891151,6.429746111,-8.194328294
2025-11-21 15:18:40,-5.358135225,5.990491904,-7.933519871
2025-11-21 15:18:50,-5.688818418,5.167973852,-6.420752796
2025-11-21 15:19:00,-6.041979395,4.578001086,-7.433447079
2025-11-21 15:19:10,-4.662004158,3.320463605,-9.274155614
2025-11-21 15:19:20,-5.610683122,4.341287978,-7.286651458
2025-11-21 15:19:30,-5.479238983,5.724619266,-7.213967652
2025-11-21 15:19:40,-4.107688205,4.064084470,-6.790865353
2025-11-21 15:19:50,-5.505345541,4.961257939,-7.685025142
2025-11-21 15:20:00,-4.384523584,5.213140912,-7.170180167
2025-11-21 15:20:10,-5.864548457,5.516322682,-7.179471455
2025-11-21 15:20:20,-4.376624390,6.322681427,-8.699567844
2025-11-21 15:20:30,-7.549559803,3.810394956,-3.621632788
2025-11-21 15:20:40,-5.840314287,5.408327604,-6.365093002
2025-11-21 15:20:50,-7.423775295,4.904646963,-5.517857472
2025-11-21 15:21:00,-5.855304260,7.306152236,-8.566753215
2025-11-21 15:21:10,-4.272708189,5.486450854,-6.282356739
2025-11-21 15:21:20,-6.674462734,4.422887781,-7.005314866
2025-11-21 15:21:30,-7.760291853,4.701666668,-5.883274861
2025-11-21 15:21:40,-5.805865920,4.920876328,-5.086318588
2025-11-21 15:21:50,-3.941242258,2.582372029,-6.720365546
2025-11-21 15:22:00,-8.886882676,5.019822716,-4.675267003
2025-11-21 15:22:10,-2.911049987,5.707230603,-6.874241925
2025-11-21 15:22:20,-5.785035074,3.172706751,-6.421639541
2025-11-21 15:22:30,-4.646576091,4.478153870,-5.193250642
2025-11-21 15:22:40,-3.714342902,4.627520850,-6.336436394
2025-11-21 15:22:50,-5.763508478,4.916230352,-7.271994543
2025-11-21 15:23:00,-3.978471099,4.643897971,-7.293627774
2025-11-21 15:23:10,-5.117916106,5.983591061,-6.231192617
2025-11-21 15:23:20,-5.975316668,6.341879302,-5.541706853
2025-11-21 15:23:30,-2.977686242,6.946385270,-8.381918976
2025-11-21 15:23:40,-5.940639303,4.486299726,-6.583123645
2025-11-21 15:23:50,-6.657341481,5.719705434,-8.937501966
2025-11-21 15:24:00,-3.973519726,3.724299611,-7.741801722
2025-11-21 15:24:10,-3.907105130,4.139676600,-5.892676471
2025-11-21 15:24:20,-6.461942042,6.791601655,-5.711732578
2025-11-21 15:24:30,-1.445416980,5.746003991,-4.764986425
2025-11-21 15:24:40,-3.980243712,4.586218236,-6.662545785
2025-11-21 15:24:50,-5.522055984,3.177604158,-6.510147614
2025-11-21 15:25:00,-6.703022674,4.077163551,-5.308192398
2025-11-21 15:25:10,-5.170998588,3.579961540,-6.217138027
2025-11-21 15:25:20,-7.263451003,3.960997536,-7.496145156
2025-11-21 15:25:30,-6.806518564,4.315291912,-4.953196155
2025-11-21 15:25:40,-4.468352155,6.026189087,-8.085430179
2025-11-21 15:25:50,-6.287370631,6.459957805,-6.098958879
2025-11-21 15:26:00,-8.096026090,3.679347497,-6.935786204
2025-11-21 15:26:10,-7.473334096,4.714784150,-6.561203770
2025-11-21 15:26:20,-4.979751105,5.010787622,-7.803258709
2025-11-21 15:26:30,-5.062060030,5.716508761,-5.581167379
2025-11-21 15:26:40,-8.391069762,3.028501558,-7.103784641
2025-11-21 15:26:50,-5.897108226,4.773095144,-4.829829035
2025-11-21 15:27:00,-4.814614118,4.480855355,-6.461266971
2025-11-21 15:27:10,-8.016810951,8.370851311,-4.742865417
2025-11-21 15:27:20,-3.736029723,3.757711463,-7.427637310
2025-11-21 15:27:30,-5.803461359,3.804147751,-6.052427061
2025-11-21 15:27:40,-4.648101468,3.873670393,-5.905767807
2025-11-21 15:27:50,-7.183359422,4.590489087,-4.521899961
2025-11-21 15:28:00,-6.334128908,5.968014099,-6.210562384
2025-11-21 15:28:10,-5.390506011,5.178620068,-6.196301960
2025-11-21 15:28:20,-4.955170375,1.674541056,-4.719197329
2025-11-21 15:28:30,-7.069262876,3.383629962,-5.118769775
2025-11-21 15:28:40,-6.563901821,4.531309395,-5.280974867
2025-11-21 15:28:50,-7.154602646,5.291611694,-3.964901558
2025-11-21 15:29:00,-7.888519283,5.743518120,-5.036380573
2025-11-21 15:29:10,-5.342228504,4.359977281,-5.436361797
2025-11-21 15:29:20,-7.470954337,5.194777719,-2.264409498
2025-11-21 15:29:30,-7.406032342,4.871667226,-5.196018219
2025-11-21 15:29:40,-7.362151854,5.367935611,-3.785012067
2025-11-21 15:29:50,-6.905420710,6.498762100,-4.941071796
2025-11-21 15:30:00,-6.919172852,5.249994630,-5.144616472
2025-11-21 15:30:10,-6.720951409,4.929666301,-1.881452041
2025-11-21 15:30:20,-5.647384619,4.171935638,-3.322863237
2025-11-21 15:30:30,-8.381415494,4.677621870,-3.719040714
2025-11-21 15:30:40,-8.710107022,4.997217762,-4.145614803
2025-11-21 15:30:50,-6.233139700,4.286920229,-4.905135251
2025-11-21 15:31:00,-11.163893791,5.088628853,-5.016228610
2025-11-21 15:31:10,-7.884141690,2.889756668,-3.788816632
2025-11-21 15:31:20,-10.269535980,3.242443943,-2.901800607
2025-11-21 15:31:30,-7.930283458,5.938156236,-5.532222269
2025-11-21 15:31:40,-8.392821677,3.382746947,-4.019925817
2025-11-21 15:31:50,-8.107887247,1.918282331,-3.918184698
2025-11-21 15:32:00,-7.148964572,6.509111542,-4.231805032
2025-11-21 15:32:10,-5.190506590,5.461872809,-2.431969001
2025-11-21 15:32:20,-7.836503172,6.942241148,-2.696968289
2025-11-21 15:32:30,-6.955710100,7.411711801,-4.460364956
2025-11-21 15:32:40,-7.155037377,7.747688524,-3.434157421
2025-11-21 15:32:50,-6.201492821,6.542117779,-5.013214821
2025-11-21 15:33:00,-7.719369927,7.279961201,-5.547318662
2025-11-21 15:33:10,-5.347484281,6.493558314,-4.129034638
2025-11-21 15:33:20,-7.293695077,5.182904407,-0.759006287
2025-11-21 15:33:30,-7.119334469,7.353822222,-3.244335123
2025-11-21 15:33:40,-4.945625425,7.303725315,-3.259152757
2025-11-21 15:33:50,-6.006982292,7.130568454,-3.678356374
2025-11-21 15:34:00,-8.088797965,4.740628033,-6.463957405
2025-11-21 15:34:10,-6.952970058,7.894650508,-4.467154109
2025-11-21 15:34:20,-5.936711865,6.532041808,-4.817057344
2025-11-21 15:34:30,-6.716653842,5.905192205,-3.408471383
2025-11-21 15:34:40,-6.782638255,8.041134896,-4.904842733
2025-11-21 15:34:50,-6.003741853,5.857613316,-2.641771031
2025-11-21 15:35:00,-4.321154769,7.154584200,-3.272929154
2025-11-21 15:35:10,-8.201513297,6.602061589,-2.657685550
2025-11-21 15:35:20,-7.180540161,7.901623330,-2.783360036
2025-11-21 15:35:30,-5.188229146,7.420153629,-1.099816935
2025-11-21 15:35:40,-3.979143729,6.220297974,-2.176432986
2025-11-21 15:35:50,-6.952945920,6.248906275,-2.576022704
2025-11-21 15:36:00,-6.769685447,8.124271316,-4.561916583
2025-11-21 15:36:10,-5.604157357,6.769406382,-1.886466685
2025-11-21 15:36:20,-5.003458016,5.985775997,-4.109069750
2025-11-21 15:36:30,-6.791272884,6.537376465,-5.299713267
2025-11-21 15:36:40,-7.135055949,8.597363527,-4.242449269
2025-11-21 15:36:50,-6.893734584,7.272863176,-2.889243509
2025-11-21 15:37:00,2.119792299,-9.958353324,-3.440769423
2025-11-21 15:37:10,5.651365555,0.537438373,-3.147827609
2025-11-21 15:37:20,2.004195389,4.727577307,-6.326939722
2025-11-21 15:37:30,3.965304217,2.439379374,-8.469135764
2025-11-21 15:37:40,4.035267667,6.729715251,-7.661499744
2025-11-21 15:37:50,3.321452595,6.165821798,-6.169618974
2025-11-21 15:38:00,6.861024016,4.298312849,-7.431563852
2025-11-21 15:38:10,3.800929629,5.781324618,-7.928413349
2025-11-21 15:38:20,4.670344252,6.197191243,-6.245809891
2025-11-21 15:38:30,7.151361347,2.280554086,-6.033192927
2025-11-21 15:38:40,2.989793822,4.062705252,-5.975162703
2025-11-21 15:38:50,4.257170718,3.640380596,-7.836271247
2025-11-21 15:39:00,3.373393307,4.455097723,-10.139424306
2025-11-21 15:39:10,5.174043352,6.689911383,-5.601024258
2025-11-21 15:39:20,4.952279429,5.681460355,-7.718815624
2025-11-21 15:39:30,6.044758431,6.138536674,-7.642627742
2025-11-21 15:39:40,7.572176111,3.508652422,-5.145195517
2025-11-21 15:39:50,6.729865061,1.917904619,-7.592701047
2025-11-21 15:40:00,7.287899505,3.363760522,-8.559238429
2025-11-21 15:40:10,6.382944444,5.640452199,-6.418804094
2025-11-21 15:40:20,5.895413673,5.619341688,-7.643433625
2025-11-21 15:40:30,3.470260756,6.417743029,-5.765949571
2025-11-21 15:40:40,7.562506712,6.338962888,-4.580223156
2025-11-21 15:40:50,4.682717019,5.613424659,-5.964712937
2025-11-21 15:41:00,7.621084463,5.554181763,-4.663726284
2025-11-21 15:41:10,7.198373623,8.250245753,-2.407813481
2025-11-21 15:41:20,6.375354854,4.886079696,-5.025007594
2025-11-21 15:41:30,3.868750412,5.599570074,-3.993476430
2025-11-21 15:41:40,7.430476927,8.374942480,-5.251894065
2025-11-21 15:41:50,7.382645440,3.680635661,-6.157009446
2025-11-21 15:42:00,7.130993513,5.460041266,-6.063920867
2025-11-21 15:42:10,7.201791797,4.449669662,-3.754150162
2025-11-21 15:42:20,8.026677095,4.819830325,-5.888891482
2025-11-21 15:42:30,6.339604063,4.085550925,-5.628972566
2025-11-21 15:42:40,7.790801172,4.369967287,-6.951338179
2025-11-21 15:42:50,5.819496813,2.016615600,-7.523022102
2025-11-21 15:43:00,6.844450867,3.770768593,-5.490036779
2025-11-21 15:43:10,6.938787423,2.372836585,-6.393876625
2025-11-21 15:43:20,6.731423115,3.870962280,-6.551209796
2025-11-21 15:43:30,4.710849110,3.882141154,-6.665668688
2025-11-21 15:43:40,6.337994158,1.466259698,-8.895806147
2025-11-21 15:43:50,3.151091546,4.558604103,-9.589650035
2025-11-21 15:44:00,4.099688481,3.893734865,-10.699932407
2025-11-21 15:44:10,5.900951655,3.564476028,-6.405125798
2025-11-21 15:44:20,4.530525046,1.650282648,-9.138734513
2025-11-21 15:44:30,5.700374007,1.716851945,-7.004921740
2025-11-21 15:44:40,5.290960284,2.811956455,-9.167188751
2025-11-21 15:44:50,4.576274446,2.400911816,-6.245726059
2025-11-21 15:45:00,6.785695465,3.486914264,-8.145745781
2025-11-21 15:45:10,5.043984382,4.996524769,-8.237960157
2025-11-21 15:45:20,7.047358428,2.964047691,-6.540156071
2025-11-21 15:45:30,5.690471877,3.880244883,-5.523220426
2025-11-21 15:45:40,7.339285083,5.756174538,-7.123187643
2025-11-21 15:45:50,4.667148666,2.629083546,-7.099945393
2025-11-21 15:46:00,6.446592404,3.082619286,-5.810132050
2025-11-21 15:46:10,4.473416044,4.063590205,-7.424061728
2025-11-21 15:46:20,9.058128651,1.464783206,-6.988521824
2025-11-21 15:46:30,7.296297276,3.640015604,-4.639929840
2025-11-21 15:46:40,8.040851201,4.709739673,-6.185367113
2025-11-21 15:46:50,6.152272821,3.008353373,-5.192090897
2025-11-21 15:47:00,6.270288742,4.876435933,-4.874985331
2025-11-21 15:47:10,6.352038901,4.174064481,-2.970375274
2025-11-21 15:47:20,7.989820489,5.326932046,-4.892218108
2025-11-21 15:47:30,6.817431594,4.857916874,-6.482907757
2025-11-21 15:47:40,6.130835556,5.355833835,-2.609030438
2025-11-21 15:47:50,9.618628547,2.559080502,-4.805547757
2025-11-21 15:48:00,8.196180641,2.785499479,-3.509293789
2025-11-21 15:48:10,7.783930797,2.167878497,-5.898521054
2025-11-21 15:48:20,8.665620190,0.332015863,-4.649436640
2025-11-21 15:48:30,8.584212948,2.126317918,-5.610144564
2025-11-21 15:48:40,8.967872354,1.539363143,-6.375203095
2025-11-21 15:48:50,9.896059210,3.183338043,-2.934578101
2025-11-21 15:49:00,7.728013140,1.490576071,-6.515793201
2025-11-21 15:49:10,7.399042859,0.572596776,-6.151141928
2025-11-21 15:49:20,9.115509129,0.582790259,-5.519348695
2025-11-21 15:49:30,6.113096538,1.599235982,-5.150140416
2025-11-21 15:49:40,8.322031077,2.697330949,-5.967214719
2025-11-21 15:49:50,7.864222708,1.956724318,-7.882372197
2025-11-21 15:50:00,7.112610565,0.927933669,-5.245195273
2025-11-21 15:50:10,5.787350265,3.443969190,-5.874418255
2025-11-21 15:50:20,6.189637105,2.477959033,-5.257001026
2025-11-21 15:50:30,6.228070949,3.947028408,-5.918165682
2025-11-21 15:50:40,6.478589417,2.156268441,-7.164513790
2025-11-21 15:50:50,7.086714202,3.523992605,-6.001481044
2025-11-21 15:51:00,7.027403483,2.434299448,-7.563649809
2025-11-21 15:51:10,7.106230547,4.133099761,-7.079305266
2025-11-21 15:51:20,9.093331330,4.608161566,-6.375430183
2025-11-21 15:51:30,6.563520204,2.658280361,-4.234174712
2025-11-21 15:51:40,6.606995243,5.702622249,-5.855714415
2025-11-21 15:51:50,6.110604217,3.580632343,-5.414798940
2025-11-21 15:52:00,7.245037798,2.655225282,-5.379501402
2025-11-21 15:52:10,6.905396596,4.217373189,-6.787468040
2025-11-21 15:52:20,5.874190267,3.351543357,-5.694887543
2025-11-21 15:52:30,6.660215062,2.952886561,-6.226411933
2025-11-21 15:52:40,8.574380453,3.194038978,-3.356126522
2025-11-21 15:52:50,7.845677390,6.616496320,-4.036072197
2025-11-21 15:53:00,5.754682282,5.838563611,-5.474813113
2025-11-21 15:53:10,5.862248993,6.018324180,-5.283179782
2025-11-21 15:53:20,6.586402660,5.532103458,-5.115247821
2025-11-21 15:53:30,6.576613505,3.808796910,-6.800924036
2025-11-21 15:53:40,5.713973609,1.760745040,-5.604002821
2025-11-21 15:53:50,6.769937729,4.323072692,-7.613279630
2025-11-21 15:54:00,8.120266190,4.229511315,-6.595823078
2025-11-21 15:54:10,5.972956402,4.800818016,-5.015721799
2025-11-21 15:54:20,6.807632806,4.475729541,-5.944192262
2025-11-21 15:54:30,6.212013567,3.790791114,-5.572450575
2025-11-21 15:54:40,7.691011241,3.250081486,-6.714177609
2025-11-21 15:54:50,4.780343419,6.224419370,-6.140136863
2025-11-21 15:55:00,5.750948503,4.921138276,-8.292393543
2025-11-21 15:55:10,3.742392229,4.086085321,-6.027421503
2025-11-21 15:55:20,5.110216739,3.580038070,-6.166785589
2025-11-21 15:55:30,8.322595132,2.928538636,-5.401440615
2025-11-21 15:55:40,7.110607746,2.546251004,-7.314888797
2025-11-21 15:55:50,5.315460000,2.831128111,-7.568640563
2025-11-21 15:56:00,6.154240331,-1.152106073,-6.878682692
2025-11-21 15:56:10,6.382770748,1.649594083,-5.713367101
2025-11-21 15:56:20,6.399016296,4.181311424,-6.934966612
2025-11-21 15:56:30,3.112767839,2.590706473,-7.447206268
2025-11-21 15:56:40,4.341465809,1.305058275,-10.020902611
2025-11-21 15:56:50,4.031482903,1.385974447,-9.736143633
2025-11-21 15:57:00,5.922462408,2.443275351,-8.581241590
2025-11-21 15:57:10,6.096814254,2.081503865,-9.097312264
2025-11-21 15:57:20,4.602766794,4.226441261,-9.086463530
2025-11-21 15:57:30,2.403669655,3.708267670,-7.298469342
2025-11-21 15:57:40,1.803528938,1.841924766,-8.239191589
2025-11-21 15:57:50,2.275136115,2.002184548,-9.514398216
2025-11-21 15:58:00,5.443661674,1.561488218,-6.735425894
2025-11-21 15:58:10,3.657780064,2.124126794,-6.266954054
2025-11-21 15:58:20,7.069066308,4.096117669,-9.519971394
2025-11-21 15:58:30,4.807799365,4.024223863,-9.282309953
2025-11-21 15:58:40,4.370446752,2.018099966,-9.504801457
2025-11-21 15:58:50,4.279899594,6.063402654,-8.593457343
2025-11-21 15:59:00,1.877866691,4.466886395,-9.009812916
2025-11-21 15:59:10,2.546308277,4.760468000,-7.493184947
2025-11-21 15:59:20,4.472007774,2.501653404,-9.309779318
2025-11-21 15:59:30,1.194718669,4.651808214,-8.120094840
2025-11-21 15:59:40,3.916882443,4.016915592,-7.435977147
2025-11-21 15:59:50,3.927418712,5.268812614,-10.858218882
2025-11-21 16:00:00,6.133146004,3.500368278,-6.835592171
2025-11-21 16:00:10,2.983959561,4.724299836,-8.341022871
2025-11-21 16:00:20,4.295471185,4.932016334,-8.447347890
2025-11-21 16:00:30,0.619497466,3.599308255,-8.693278507
2025-11-21 16:00:40,4.073302067,2.094372164,-10.383268360
2025-11-21 16:00:50,3.263867703,3.963665280,-9.920798355
2025-11-21 16:01:00,3.946062486,4.792837770,-7.472154799
2025-11-21 16:01:10,3.495588840,3.618343526,-8.883444730
2025-11-21 16:01:20,1.610546712,4.167618678,-10.185751258
2025-11-21 16:01:30,1.625408784,3.732003215,-9.806657888
2025-11-21 16:01:40,1.466850366,3.230995203,-8.847711563
2025-11-21 16:01:50,-1.036298524,4.210502548,-6.783952951
2025-11-21 16:02:00,1.634078335,3.183884902,-7.516793624
2025-11-21 16:02:10,1.680701136,1.789735106,-9.926165904
2025-11-21 16:02:20,1.943245867,4.496490126,-9.413765282
2025-11-21 16:02:30,-0.283547551,4.678288118,-8.559232156
2025-11-21 16:02:40,-1.044593628,5.336537460,-6.029113198
2025-11-21 16:02:50,-0.305213199,3.444416510,-9.260171469
2025-11-21 16:03:00,-0.599971389,6.095861299,-8.387101723
2025-11-21 16:03:10,0.252413293,6.252771951,-6.557358959
2025-11-21 16:03:20,-1.409595113,6.571403257,-8.450520432
2025-11-21 16:03:30,1.094361861,4.635207505,-6.634249530
2025-11-21 16:03:40,-0.977111087,4.122063400,-7.394655792
2025-11-21 16:03:50,-2.181256753,4.091103624,-12.463740543
2025-11-21 16:04:00,-1.059353080,4.697759762,-12.172482221
2025-11-21 16:04:10,-0.398853369,2.275305449,-8.455507414
2025-11-21 16:04:20,-0.811113508,3.624242747,-7.389220847
2025-11-21 16:04:30,-1.437420798,3.288596248,-7.542316206
2025-11-21 16:04:40,-3.279903925,2.312064872,-8.947610186
2025-11-21 16:04:50,-4.426108928,4.533342315,-9.124888349
2025-11-21 16:05:00,-1.503279458,1.015505592,-11.133280027
2025-11-21 16:05:10,-1.185741365,4.368896032,-9.836395348
2025-11-21 16:05:20,-3.674428822,5.865375667,-8.274463048
2025-11-21 16:05:30,-5.134346706,3.022434402,-6.381593618
2025-11-21 16:05:40,-3.586694587,5.091080876,-8.880204926
2025-11-21 16:05:50,-3.066249711,6.301850113,-8.549285432
2025-11-21 16:06:00,-3.639681109,6.377338027,-8.803287132
2025-11-21 16:06:10,-1.481170505,5.610618415,-10.754290782
2025-11-21 16:06:20,-3.875569173,4.343752734,-7.493315423
2025-11-21 16:06:30,0.075986093,8.022910134,-6.264123975
2025-11-21 16:06:40,-3.753269840,5.293617503,-6.503525754
2025-11-21 16:06:50,-0.380053767,5.713552641,-4.718763317
2025-11-21 16:07:00,-2.666472070,6.242942302,-4.510615698
2025-11-21 16:07:10,0.764574969,7.071104591,-6.876637835
2025-11-21 16:07:20,-3.548512837,6.214248570,-4.525410952
2025-11-21 16:07:30,-0.983815984,6.801081319,-7.109990626
2025-11-21 16:07:40,-0.223531775,7.900961190,-4.887052296
2025-11-21 16:07:50,-3.367415832,7.068154200,-4.574837803
2025-11-21 16:08:00,-1.763321491,8.733962473,-6.649800064
2025-11-21 16:08:10,-2.584670731,8.156987979,-7.548650640
2025-11-21 16:08:20,-1.602679759,9.655399807,-6.179895456
2025-11-21 16:08:30,0.930033446,6.874703363,-4.276184089
2025-11-21 16:08:40,0.248281397,8.681975494,-3.091616380
2025-11-21 16:08:50,-1.620391558,7.010299232,-4.525153550
2025-11-21 16:09:00,-2.919908180,9.180700911,-6.023153616
2025-11-21 16:09:10,-0.218353461,8.721909617,-4.366833150
2025-11-21 16:09:20,-1.508215476,9.695858259,-5.678478488
2025-11-21 16:09:30,-0.070033497,7.727226052,-5.996854492
2025-11-21 16:09:40,-3.643990108,9.428938225,-5.852126003
2025-11-21 16:09:50,0.763784451,6.723415086,-6.785959500
2025-11-21 16:10:00,-1.473824994,10.941702864,-5.447488237
2025-11-21 16:10:10,-0.785955579,8.193225805,-6.506672764
2025-11-21 16:10:20,-3.120021950,7.231714322,-5.873046346
2025-11-21 16:10:30,-0.766035765,9.156799995,-5.603937958
2025-11-21 16:10:40,-1.115887230,8.489231817,-10.161931861
2025-11-21 16:10:50,-1.017383002,5.239313100,-6.662270231
2025-11-21 16:11:00,-2.336584715,5.322176680,-6.747833168
2025-11-21 16:11:10,-2.696067605,7.542428503,-7.367794313
2025-11-21 16:11:20,-3.948174460,3.395832566,-6.102859858
2025-11-21 16:11:30,-5.001001787,6.966057446,-6.966165853
2025-11-21 16:11:40,-4.149502541,6.422319762,-7.274771770
2025-11-21 16:11:50,-4.318308091,7.186471018,-4.439748777
2025-11-21 16:12:00,-3.762724473,5.239312013,-6.044124281
2025-11-21 16:12:10,-3.180677353,3.807479749,-5.861423276
2025-11-21 16:12:20,-3.949814725,4.972946466,-6.235416002
2025-11-21 16:12:30,-5.128565885,2.723432473,-6.366825146
2025-11-21 16:12:40,-2.672186357,5.678448230,-5.864982120
2025-11-21 16:12:50,-3.867342040,5.116904895,-6.072491921
2025-11-21 16:13:00,-5.650498666,5.853622117,-6.017997877
2025-11-21 16:13:10,-6.289328074,5.775602948,-4.745733275
2025-11-21 16:13:20,-4.889935762,3.655424830,-6.005640868
2025-11-21 16:13:30,-5.515833832,7.753875656,-7.031202321
2025-11-21 16:13:40,-5.667608223,6.413071719,-3.500548995
2025-11-21 16:13:50,-5.981727320,8.009477427,-4.057956460
2025-11-21 16:14:00,-3.779038305,7.418710800,-4.153149962
2025-11-21 16:14:10,-3.253137457,7.094868401,-3.060486594
2025-11-21 16:14:20,-6.023528924,6.032238526,-3.889221686
2025-11-21 16:14:30,-4.589858401,7.783900176,-5.208555497
2025-11-21 16:14:40,-4.864736483,6.010979449,-4.997940805
2025-11-21 16:14:50,-5.309174983,7.251846479,-6.348952731
2025-11-21 16:15:00,-2.613957491,6.069678382,-4.913158339
2025-11-21 16:15:10,-4.401656966,7.306660068,-5.233840134
2025-11-21 16:15:20,-5.471745662,8.680789679,-3.866651756
2025-11-21 16:15:30,-3.446144970,6.243094557,-5.102707858
2025-11-21 16:15:40,-4.271992214,6.908407302,-4.014055895
2025-11-21 16:15:50,-4.717788357,6.853496143,-5.345815905
2025-11-21 16:16:00,-4.345231306,5.882379461,-5.022807436
2025-11-21 16:16:10,-4.055213368,7.487108174,-6.874161116
2025-11-21 16:16:20,-5.857214588,4.987594969,-8.250291128
2025-11-21 16:16:30,-1.548823262,5.516429198,-6.407414595
2025-11-21 16:16:40,-2.300851419,6.335594127,-5.752244361
2025-11-21 16:16:50,-5.359114253,5.869812573,-5.303344735
2025-11-21 16:17:00,-3.621807913,6.902952213,-6.235035168
2025-11-21 16:17:10,-6.082530608,6.709645702,-4.685710836
2025-11-21 16:17:20,-5.408038699,4.841189541,-4.251304791
2025-11-21 16:17:30,-4.990946063,3.973998258,-5.952590103
2025-11-21 16:17:40,-4.931236492,6.331205513,-5.126134962
2025-11-21 16:17:50,-6.994485261,6.861532792,-2.664251245
2025-11-21 16:18:00,-5.227747614,5.401620147,-2.495185031
2025-11-21 16:18:10,-7.850011551,7.768308507,-1.361300160
2025-11-21 16:18:20,-6.073206426,7.003247418,-2.864969217
2025-11-21 16:18:30,-4.626472077,6.821255715,-2.459179726
2025-11-21 16:18:40,-4.365060186,3.802806586,-4.959886056
2025-11-21 16:18:50,-8.148583923,5.745688996,-5.434241082
2025-11-21 16:19:00,-4.527780343,5.986044356,-2.408886252
2025-11-21 16:19:10,-6.702821987,4.957780168,-2.714784841
2025-11-21 16:19:20,-6.933876818,5.993752015,-5.394757711
2025-11-21 16:19:30,-6.037913323,6.257591685,-5.694490773
2025-11-21 16:19:40,-5.262133364,3.887528603,-5.928393532
2025-11-21 16:19:50,-5.217759112,7.505500498,-4.321340201
2025-11-21 16:20:00,-7.548905886,5.688216450,-5.913713854
2025-11-21 16:20:10,-8.402485829,2.958239895,-3.600345874
2025-11-21 16:20:20,-7.737662870,4.957090669,-4.845587124
2025-11-21 16:20:30,-8.407137674,2.139590409,-6.275128814
2025-11-21 16:20:40,-3.719042314,3.654052777,-6.024911318
2025-11-21 16:20:50,-6.481986194,2.534477342,-6.783504130
2025-11-21 16:21:00,-5.241265339,2.205211423,-6.360897522
2025-11-21 16:21:10,-5.332468026,3.934804105,-7.984344049
2025-11-21 16:21:20,-5.252795088,1.845904682,-7.635605251
2025-11-21 16:21:30,-6.667071910,2.710766248,-5.934193155
2025-11-21 16:21:40,-5.563964023,3.481747861,-7.040190204
2025-11-21 16:21:50,-4.972368186,3.963966886,-6.006907561
2025-11-21 16:22:00,-6.691861488,2.801425421,-7.814454843
2025-11-21 16:22:10,-4.913212314,2.617517221,-8.044595114
2025-11-21 16:22:20,-7.033045898,1.848901288,-6.937326951
2025-11-21 16:22:30,-6.542683376,3.641871377,-7.629767861
2025-11-21 16:22:40,-7.204476572,2.888635699,-6.797173323
2025-11-21 16:22:50,-4.445230758,0.143546353,-7.240113445
2025-11-21 16:23:00,-7.084315180,4.444112619,-5.639283959
2025-11-21 16:23:10,-5.592827030,4.012015838,-5.965193540
2025-11-21 16:23:20,-6.285561070,3.903794334,-6.606454850
2025-11-21 16:23:30,-3.547145368,4.863507422,-7.949838994
2025-11-21 16:23:40,-5.270956151,4.089542818,-8.934351884
2025-11-21 16:23:50,-5.390891034,3.297181017,-9.253876214
2025-11-21 16:24:00,-5.386713863,2.070747941,-6.565137344
2025-11-21 16:24:10,-6.953682386,2.828381805,-8.827574759
2025-11-21 16:24:20,-3.252526690,5.366349030,-8.367934337
2025-11-21 16:24:30,-5.060233190,3.871372540,-3.878720685
2025-11-21 16:24:40,-3.476395972,5.214498480,-8.882036496
2025-11-21 16:24:50,-6.203460883,3.783629653,-6.173153374
2025-11-21 16:25:00,-4.832660884,2.662346196,-7.466543453
2025-11-21 16:25:10,-5.338522215,2.935163899,-5.519707902
2025-11-21 16:25:20,-5.261709225,5.688798245,-7.422907821
2025-11-21 16:25:30,-5.186147341,3.258256479,-6.982660045
2025-11-21 16:25:40,-5.321518629,6.177908559,-7.524087208
2025-11-21 16:25:50,-5.346981024,3.791068219,-7.629296538
2025-11-21 16:26:00,-5.560284094,2.179883259,-5.619351974
2025-11-21 16:26:10,-5.902110576,3.377887070,-7.963865458
2025-11-21 16:26:20,-4.275770979,3.129885931,-7.218144027
2025-11-21 16:26:30,-5.147653260,3.775713812,-7.735151453
2025-11-21 16:26:40,-5.770677568,5.375986081,-9.602738532
2025-11-21 16:26:50,-6.597762352,4.890286903,-7.421432723
2025-11-21 16:27:00,-1.677356736,2.278379431,-7.389336754
2025-11-21 16:27:10,-3.929974378,4.407594575,-9.172572472
2025-11-21 16:27:20,-3.933240014,3.154334562,-7.088591791
2025-11-21 16:27:30,-3.865747910,2.833196639,-8.687615938
2025-11-21 16:27:40,-4.922413365,4.062942235,-6.971322217
2025-11-21 16:27:50,-4.445262985,3.664662272,-7.671120590
2025-11-21 16:28:00,-4.049005035,5.875102729,-7.959721020
2025-11-21 16:28:10,-5.312961007,3.824816806,-7.151529043
2025-11-21 16:28:20,-5.559639811,4.753106043,-6.601541206
2025-11-21 16:28:30,-6.206964220,4.446763575,-7.318530003
2025-11-21 16:28:40,-5.744944448,1.511629024,-6.406788964
2025-11-21 16:28:50,-6.694707390,1.541581403,-6.755581957
2025-11-21 16:29:00,-5.139579082,2.544008582,-8.732406872
2025-11-21 16:29:10,-4.257479446,3.677083027,-6.240933404
2025-11-21 16:29:20,-4.335622322,4.709936865,-6.749843644
2025-11-21 16:29:30,-4.848462948,3.613381916,-7.603765111
2025-11-21 16:29:40,-5.608874637,4.147092609,-7.074471851
2025-11-21 16:29:50,-4.940125959,4.833343981,-6.700899172
2025-11-21 16:30:00,-5.815148448,4.280277612,-5.329728936
2025-11-21 16:30:10,-6.437405988,3.677934138,-8.258134301
2025-11-21 16:30:20,-3.532811546,4.664234246,-6.801711985
2025-11-21 16:30:30,-4.378202687,3.994140499,-6.438016297
2025-11-21 16:30:40,-5.005623853,5.576652971,-8.636247173
2025-11-21 16:30:50,-4.392709167,4.331800979,-6.849445345
2025-11-21 16:31:00,-5.979921607,4.550824524,-7.882767689
2025-11-21 16:31:10,-7.180281601,5.652303245,-6.779350089
2025-11-21 16:31:20,-6.856813893,3.440567694,-6.391542226
2025-11-21 16:31:30,-6.564591253,3.431452000,-6.812986089
2025-11-21 16:31:40,-4.879045729,3.806041707,-6.623433496
2025-11-21 16:31:50,-6.515771740,4.935713298,-7.495439329
2025-11-21 16:32:00,-4.478803549,4.603368558,-5.247645673
2025-11-21 16:32:10,-3.205288820,4.970616368,-6.451894513
2025-11-21 16:32:20,-6.138140486,5.352090022,-4.706145756
2025-11-21 16:32:30,-4.631733567,6.730908983,-4.483658346
2025-11-21 16:32:40,-6.125445551,4.913569574,-6.598091628
2025-11-21 16:32:50,-3.851442389,4.794558026,-6.705607138
2025-11-21 16:33:00,-2.324833248,6.489050350,-6.569517298
2025-11-21 16:33:10,-5.789049815,5.934599497,-6.678650086
2025-11-21 16:33:20,-6.578259098,4.772162689,-6.102658965
2025-11-21 16:33:30,-2.737614700,7.631199307,-9.036743042
2025-11-21 16:33:40,-4.048609610,6.601972986,-7.145094684
2025-11-21 16:33:50,-3.527360379,4.184055436,-6.598369415
2025-11-21 16:34:00,-4.528849153,5.626507444,-5.375776206
2025-11-21 16:34:10,-6.275080158,6.139213418,-8.312072734
2025-11-21 16:34:20,-5.542574177,6.464501787,-9.048529445
2025-11-21 16:34:30,-2.135812349,4.598096694,-8.597147861
2025-11-21 16:34:40,-1.708741856,5.034409154,-8.019280091
2025-11-21 16:34:50,-3.589254108,6.247966481,-7.236187415
2025-11-21 16:35:00,-5.872189592,5.897966118,-5.593903600
2025-11-21 16:35:10,-4.048069899,4.167490964,-6.878373046
2025-11-21 16:35:20,-6.079655317,5.977388849,-7.786091313
2025-11-21 16:35:30,-2.346435930,4.940817547,-7.085633006
2025-11-21 16:35:40,-4.568724319,5.569748085,-5.408924770
2025-11-21 16:35:50,-4.598184152,4.928942447,-6.709882473
2025-11-21 16:36:00,-4.378947001,3.600269156,-6.976228257
2025-11-21 16:36:10,-5.860186990,3.995865645,-8.316288335
2025-11-21 16:36:20,-2.965045512,5.670442580,-6.668658447
2025-11-21 16:36:30,-1.951859571,5.439047804,-6.531391052
2025-11-21 16:36:40,-5.326131495,6.032090369,-7.584658486
2025-11-21 16:36:50,-3.192260945,2.413305053,-6.743865633
2025-11-21 16:37:00,-4.855747951,5.491134216,-8.905970708
2025-11-21 16:37:10,-4.331260927,6.056294279,-8.447517717
2025-11-21 16:37:20,-4.156222483,3.966280206,-2.942499517
2025-11-21 16:37:30,-2.535052348,4.003255479,-9.525036127
2025-11-21 16:37:40,-5.097657481,3.521525619,-7.971234252
2025-11-21 16:37:50,-5.053248354,4.106366911,-9.072335673
2025-11-21 16:38:00,-5.072894799,6.172122427,-5.511211581
2025-11-21 16:38:10,-6.120286329,4.943376094,-8.069434348
2025-11-21 16:38:20,-3.498811751,4.524037353,-6.852762451
2025-11-21 16:38:30,-4.858420189,1.939022055,-10.143549155
2025-11-21 16:38:40,-5.015113729,7.096038912,-5.922658881
2025-11-21 16:38:50,-3.793184992,4.011357391,-7.426329520
2025-11-21 16:39:00,-4.978976963,6.079513991,-7.112240932
2025-11-21 16:39:10,-3.813184869,7.107693587,-7.005350673
2025-11-21 16:39:20,-5.775908081,7.003775787,-6.802823353
2025-11-21 16:39:30,-3.652994924,8.111584368,-6.340024929
2025-11-21 16:39:40,-7.507213826,6.698578060,-6.527480300
2025-11-21 16:39:50,-4.247918163,7.009219458,-7.536509681
2025-11-21 16:40:00,-4.049819739,5.145706087,-4.953800104
2025-11-21 16:40:10,-5.829859542,7.305582420,-7.481716835
2025-11-21 16:40:20,-4.997944328,5.991471709,-7.014692424
2025-11-21 16:40:30,-4.680079574,5.647511577,-4.412675671
2025-11-21 16:40:40,-4.782155894,6.959751184,-6.313113432
2025-11-21 16:40:50,-4.008288956,5.710942431,-7.304887209
2025-11-21 16:41:00,6.195891430,-1.906757356,-7.621602476
2025-11-21 16:41:10,-2.569938564,-7.535813693,-5.693306383
2025-11-21 16:41:20,-6.926036936,-1.140450671,-6.745170668
2025-11-21 16:41:30,-5.380676048,5.150293115,-6.268187459
2025-11-21 16:41:40,-4.396193131,3.437703295,-8.093649323
2025-11-21 16:41:50,-6.442957484,1.783364154,-7.399954877
2025-11-21 16:42:00,-6.012107517,1.346215083,-7.758142313
2025-11-21 16:42:10,-6.665878288,0.452502618,-7.132423790
2025-11-21 16:42:20,-2.533252764,0.119012440,-9.140814872
2025-11-21 16:42:30,-1.814621409,2.488860906,-9.318287751
2025-11-21 16:42:40,-1.213364056,5.952439977,-7.804658243
2025-11-21 16:42:50,3.481665400,8.993937658,-0.908729812
2025-11-21 16:43:00,9.313783284,3.463346460,0.856737867
2025-11-21 16:43:10,9.205353164,-2.079953483,-0.561646024
2025-11-21 16:43:20,7.681925315,-2.657749102,5.745297325
2025-11-21 16:43:30,6.677789173,-4.639558287,4.876338280
2025-11-21 16:43:40,7.281660549,-5.952656418,2.851123819
2025-11-21 16:43:50,7.543031216,-6.089213638,-0.040861337
2025-11-21 16:44:00,9.557525209,-2.524664055,0.493919711
2025-11-21 16:44:10,9.305236139,-2.322193460,-1.252214458
2025-11-21 16:44:20,9.341535194,-3.210312516,-0.367171210
2025-11-21 16:44:30,9.404097956,-2.738440924,0.771868404
2025-11-21 16:44:40,10.017213828,-0.335612142,0.706779904
2025-11-21 16:44:50,8.998980510,-4.032949114,0.392410669
2025-11-21 16:45:00,9.044526592,-2.970646248,2.530700808
2025-11-21 16:45:10,7.512625171,1.277343389,6.420628079
2025-11-21 16:45:20,6.981327773,-1.539595943,6.942683710
2025-11-21 16:45:30,6.340162585,-4.980065138,5.377264503
2025-11-21 16:45:40,3.902090427,-7.023105241,5.446686590
2025-11-21 16:45:50,1.327971986,-0.380105709,9.741314467
2025-11-21 16:46:00,-0.787611295,-0.131136070,9.720325401
2025-11-21 16:46:10,0.484622908,-0.318623336,9.877078668
2025-11-21 16:46:20,3.199120617,2.635073708,8.795397351
2025-11-21 16:46:30,2.235544340,3.068704871,8.811677029
2025-11-21 16:46:40,2.060131921,5.406515256,7.974380800
2025-11-21 16:46:50,1.572683028,5.423423995,8.108097390
2025-11-21 16:47:00,1.668859427,5.135354558,8.292710301
2025-11-21 16:47:10,2.668901422,4.756824697,7.930456840
2025-11-21 16:47:20,3.357006540,4.512090938,8.129622014
2025-11-21 16:47:30,3.222595948,5.167685299,7.628564821
2025-11-21 16:47:40,4.691188259,5.243083305,6.542490220
2025-11-21 16:47:50,5.508315086,5.747446267,5.855669992
2025-11-21 16:48:00,4.952998360,6.460243896,5.347964866
2025-11-21 16:48:10,5.649117752,6.578982074,4.487330245
2025-11-21 16:48:20,5.887465747,7.141591339,4.186298975
2025-11-21 16:48:30,6.186863875,6.407648291,4.040994686
2025-11-21 16:48:40,6.414553002,5.912043377,4.086869376
2025-11-21 16:48:50,6.271087811,6.778250962,4.002590183
2025-11-21 16:49:00,5.114049797,6.508499668,4.693734154
2025-11-21 16:49:10,6.188071320,5.830573624,4.780701448
2025-11-21 16:49:20,6.389757325,6.527650206,4.224465132
2025-11-21 16:49:30,6.578676903,5.901430243,3.032208982
2025-11-21 16:49:40,5.381310907,6.359559204,5.174476428
2025-11-21 16:49:50,5.774678205,6.599445991,4.296687924
2025-11-21 16:50:00,6.503131211,6.371474918,3.888568000
2025-11-21 16:50:10,6.756663775,5.904893046,4.187112741
2025-11-21 16:50:20,6.716214880,5.471988940,4.580043850
2025-11-21 16:50:30,6.898467799,6.165796913,3.629108924
2025-11-21 16:50:40,6.278115548,6.957170832,3.886166295
2025-11-21 16:50:50,7.305888780,4.583898547,4.512883567
2025-11-21 16:51:00,6.959050253,4.321552675,5.196589696
2025-11-21 16:51:10,6.698858117,5.734629322,4.345761652
2025-11-21 16:51:20,7.116515837,6.043824704,3.278737173
2025-11-21 16:51:30,5.924127688,6.881214519,3.586481531
2025-11-21 16:51:40,4.971958088,7.748063966,4.143357522
2025-11-21 16:51:50,5.705130346,6.838073607,3.821061021
2025-11-21 16:52:00,4.916654691,7.193586603,4.476289451
2025-11-21 16:52:10,4.084570097,7.224532762,5.513819091
2025-11-21 16:52:20,3.202761219,7.869392529,5.273444317
2025-11-21 16:52:30,3.275462956,7.408662190,5.371739143
2025-11-21 16:52:40,2.968599935,6.721328379,6.063272976
2025-11-21 16:52:50,2.087331236,7.028605474,6.496920034
2025-11-21 16:53:00,1.897928527,7.072922559,6.813531086
2025-11-21 16:53:10,1.810282506,6.346852057,6.839252067
2025-11-21 16:53:20,1.556145932,6.388498054,7.073749278
2025-11-21 16:53:30,1.454900193,6.467027890,6.964582269
2025-11-21 16:53:40,1.719520013,6.665863826,7.147289921
2025-11-21 16:53:50,1.698895980,7.265164303,6.202253718
2025-11-21 16:54:00,1.265632091,7.402999330,6.406287860
2025-11-21 16:54:10,2.818863807,6.895798822,6.542894200
2025-11-21 16:54:20,3.202833001,6.213500085,6.854914017
2025-11-21 16:54:30,2.805521183,6.355861031,6.918199115
2025-11-21 16:54:40,2.548709226,6.830365100,6.715924534
2025-11-21 16:54:50,1.791851327,7.089610146,6.577148645
2025-11-21 16:55:00,1.819427419,7.085350637,6.283917707
2025-11-21 16:55:10,2.177565028,6.671185135,6.624366726
2025-11-21 16:55:20,2.049838036,7.079886291,6.612304184
2025-11-21 16:55:30,2.546744890,7.102643071,6.549341081
2025-11-21 16:55:40,3.620597160,7.040466842,5.819842940
2025-11-21 16:55:50,2.932154857,7.249813755,5.413357576
2025-11-21 16:56:00,4.126106405,7.761622402,4.510479712
2025-11-21 16:56:10,4.063372580,7.875426491,4.461086158
2025-11-21 16:56:20,4.679180541,7.573961172,3.851829059
2025-11-21 16:56:30,4.922602580,7.324456592,4.401766616
2025-11-21 16:56:40,5.038173717,6.923713671,4.380346568
2025-11-21 16:56:50,4.973004811,7.515028460,3.890342134
2025-11-21 16:57:00,4.466767359,7.651649558,4.266995378
2025-11-21 16:57:10,4.457693373,7.604853134,4.193194412
2025-11-21 16:57:20,5.378510757,7.417702805,4.093660103
2025-11-21 16:57:30,5.596090899,7.485847795,3.380252144
2025-11-21 16:57:40,5.529498399,7.547488255,3.536520980
2025-11-21 16:57:50,4.747337536,7.302027864,4.079479919
2025-11-21 16:58:00,5.544361369,6.767585975,4.448752672
2025-11-21 16:58:10,4.789015901,7.346948183,3.872209582
2025-11-21 16:58:20,4.874651742,6.621766797,5.277009880
2025-11-21 16:58:30,4.951459275,6.046730194,5.874272849
2025-11-21 16:58:40,4.290457261,6.670398682,5.925764776
2025-11-21 16:58:50,4.289060754,7.057556454,5.305670884
2025-11-21 16:59:00,4.660447328,6.316945723,5.980137467
2025-11-21 16:59:10,4.367236412,6.138396889,6.242734426
2025-11-21 16:59:20,4.073930709,5.690227314,6.549297502
2025-11-21 16:59:30,4.374389123,5.712344299,6.640250856
2025-11-21 16:59:40,4.549821455,5.647919554,6.369397331
2025-11-21 16:59:50,3.463729109,5.915777012,7.193407813
2025-11-21 17:00:00,3.463082297,5.994256310,6.884790033
2025-11-21 17:00:10,3.924930329,5.744165302,7.357619118
2025-11-21 17:00:20,3.347705349,6.223633208,6.704848721
2025-11-21 17:00:30,4.105011869,6.021604745,6.529605648
2025-11-21 17:00:40,4.402452825,6.227451180,6.232887329
2025-11-21 17:00:50,3.591685438,6.634240529,6.561218839
2025-11-21 17:01:00,3.632088538,5.707244360,7.030058977
2025-11-21 17:01:10,3.102117653,5.542936153,7.398396438
2025-11-21 17:01:20,2.529584012,5.842239080,7.707371866
2025-11-21 17:01:30,3.176918879,6.529013109,6.593098914
2025-11-21 17:01:40,3.644172206,6.433386069,5.976596787
2025-11-21 17:01:50,3.658823287,6.132912491,6.404941959
2025-11-21 17:02:00,3.308320792,7.036570278,6.348560366
2025-11-21 17:02:10,3.409144338,6.926455488,5.988066162
2025-11-21 17:02:20,3.555593982,6.548931111,6.139670043
2025-11-21 17:02:30,3.822462771,6.657788811,5.866220343
2025-11-21 17:02:40,3.640247508,6.426652694,6.313672601
2025-11-21 17:02:50,2.545030000,6.863450490,6.737353792
2025-11-21 17:03:00,3.071346944,7.018962943,6.434759188
2025-11-21 17:03:10,3.185402417,7.221516299,6.040963071
2025-11-21 17:03:20,4.190024506,7.183526576,5.624630056
2025-11-21 17:03:30,3.534984666,6.722056656,6.187656589
2025-11-21 17:03:40,3.595448795,6.223368659,6.527703005
2025-11-21 17:03:50,4.204984193,6.663485954,5.829492781
2025-11-21 17:04:00,3.557052206,6.297593448,6.425096625
2025-11-21 17:04:10,3.144721477,6.762821591,6.146783780
2025-11-21 17:04:20,3.339611092,6.959682046,5.886282732
2025-11-21 17:04:30,3.654679118,6.469919941,6.377450799
2025-11-21 17:04:40,3.766632941,7.025405782,5.941441134
2025-11-21 17:04:50,2.180200411,7.149230399,6.388831123
2025-11-21 17:05:00,1.888999259,7.628738502,5.978119926
2025-11-21 17:05:10,1.973483016,7.160534158,6.307350595
2025-11-21 17:05:20,2.384999682,7.095872220,6.715302567
2025-11-21 17:05:30,2.210557748,6.999364228,6.409750221
2025-11-21 17:05:40,1.951907420,6.670896243,6.766901937
2025-11-21 17:05:50,2.019950979,6.088889422,7.283597994
2025-11-21 17:06:00,1.929093236,5.672091904,7.738371448
2025-11-21 17:06:10,2.281216169,5.463512811,7.961347732
2025-11-21 17:06:20,2.577490331,5.335626928,7.540147644
2025-11-21 17:06:30,1.904627900,5.965686067,7.504470075
2025-11-21 17:06:40,1.681479546,7.169491297,6.933326960
2025-11-21 17:06:50,1.530881560,6.643327154,6.994754029
2025-11-21 17:07:00,1.740815268,6.753202818,6.906498865
2025-11-21 17:07:10,0.689578909,7.894057094,5.880039196
2025-11-21 17:07:20,0.685112869,7.561408285,6.449492081
2025-11-21 17:07:30,0.519686415,7.687211281,6.272369509
2025-11-21 17:07:40,1.177665025,8.022776650,5.750511908
2025-11-21 17:07:50,1.068571179,8.282418669,5.366168993
2025-11-21 17:08:00,1.157053868,8.359278611,4.873420308
2025-11-21 17:08:10,0.795861337,8.234098136,4.528329183
2025-11-21 17:08:20,1.377954004,7.934564268,5.590722374
2025-11-21 17:08:30,1.535819521,8.332819943,5.480396468
2025-11-21 17:08:40,1.759562999,7.957002299,6.007632166
2025-11-21 17:08:50,1.337274771,6.973083320,6.525586494
2025-11-21 17:09:00,1.140745664,7.082269167,6.658230441
2025-11-21 17:09:10,0.693651617,6.881139367,6.824477991
2025-11-21 17:09:20,1.194365499,7.093341047,6.554469721
2025-11-21 17:09:30,1.618941941,6.757605024,6.988437710
2025-11-21 17:09:40,1.384267521,6.065488205,7.249680722
2025-11-21 17:09:50,1.352359115,6.178283705,7.254248200
2025-11-21 17:10:00,1.519634725,6.526945506,6.633178269
2025-11-21 17:10:10,0.880317043,6.658852754,7.152420063
2025-11-21 17:10:20,0.716264535,6.769666019,7.068985175
2025-11-21 17:10:30,0.173122033,5.930926412,7.425991083
2025-11-21 17:10:40,0.569072148,6.636182889,7.168573156
2025-11-21 17:10:50,0.813457009,7.043318358,7.112576311
2025-11-21 17:11:00,1.609508158,7.298987494,6.379889540
2025-11-21 17:11:10,1.279249483,8.012808103,5.571460253
2025-11-21 17:11:20,1.664174965,7.207980338,6.483843123
2025-11-21 17:11:30,1.967079466,7.169864012,6.395594288
2025-11-21 17:11:40,1.119030688,7.120485572,6.180373056
2025-11-21 17:11:50,0.438325034,7.977105522,5.753577025
2025-11-21 17:12:00,0.339320539,8.142084087,5.442097771
2025-11-21 17:12:10,-0.450788125,8.031351967,5.786388899
2025-11-21 17:12:20,0.624712153,8.355446683,5.257694473
2025-11-21 17:12:30,0.479013873,8.500650449,4.739096657
2025-11-21 17:12:40,-0.010820233,8.129191685,5.893050602
2025-11-21 17:12:50,0.732784435,7.828134650,5.905048883
2025-11-21 17:13:00,0.046724303,7.499214362,6.312567941
2025-11-21 17:13:10,-0.708097218,8.215449431,4.816476174
2025-11-21 17:13:20,-2.253031485,7.662290405,6.113239934
2025-11-21 17:13:30,-1.135307438,7.572453591,5.753822196
2025-11-21 17:13:40,-0.937181305,8.065572820,5.593812963
2025-11-21 17:13:50,0.158672001,8.758194325,4.715069397
2025-11-21 17:14:00,0.215158767,8.602281755,4.842437181
2025-11-21 17:14:10,-0.401114746,8.409176073,4.690467872
2025-11-21 17:14:20,-1.545467237,8.787076147,4.632887249
2025-11-21 17:14:30,-1.731767785,8.708795465,4.559104839
2025-11-21 17:14:40,-0.187660645,8.548919287,4.833259695
2025-11-21 17:14:50,-0.055976939,8.516994572,4.815735032
2025-11-21 17:15:00,-0.879719062,8.853075725,4.084192900
2025-11-21 17:15:10,-1.160611999,8.719256161,4.090996839
2025-11-21 17:15:20,-0.900170988,8.768356115,4.668196156
2025-11-21 17:15:30,-0.019287604,8.990152460,4.204952781
2025-11-21 17:15:40,-0.692544683,8.939615618,3.858649030
2025-11-21 17:15:50,-0.266417464,9.300489298,3.349588393
2025-11-21 17:16:00,0.274829677,8.860950828,3.844332813
2025-11-21 17:16:10,0.564392010,8.986171664,4.146522792
2025-11-21 17:16:20,1.196212279,8.948626858,3.746744538
2025-11-21 17:16:30,1.682174681,9.008832202,3.307863007
2025-11-21 17:16:40,1.333360197,9.323277777,3.067015994
2025-11-21 17:16:50,2.246079819,9.273090922,2.665961833
2025-11-21 17:17:00,2.544290388,9.176154676,2.979317279
2025-11-21 17:17:10,3.068260756,8.876181937,2.619833115
2025-11-21 17:17:20,2.911810522,9.322352648,2.681715457
2025-11-21 17:17:30,2.475333786,9.027139041,3.237568575
2025-11-21 17:17:40,2.221689237,9.056088366,2.924891583
2025-11-21 17:17:50,1.937149313,9.553164072,1.745277664
2025-11-21 17:18:00,2.561283243,9.569666166,1.498167339
2025-11-21 17:18:10,2.167566792,9.241628316,1.479293610
2025-11-21 17:18:20,2.481265226,9.270166992,1.447490628
2025-11-21 17:18:30,1.502578739,9.450136517,0.789120662
2025-11-21 17:18:40,1.906865021,9.557931825,1.485387771
2025-11-21 17:18:50,2.533629636,9.360312623,1.453541437
2025-11-21 17:19:00,2.265730577,9.316309898,1.813438821
2025-11-21 17:19:10,1.553493218,9.527259645,1.902449779
2025-11-21 17:19:20,1.472371709,9.660204539,1.662416895
2025-11-21 17:19:30,1.570657312,9.239433565,2.070804572
2025-11-21 17:19:40,2.854719976,8.683257997,2.821863353
2025-11-21 17:19:50,2.994699256,8.785598173,2.968845902
2025-11-21 17:20:00,3.325804532,8.917594719,3.070354559
2025-11-21 17:20:10,2.730769534,8.796975058,3.043128294
2025-11-21 17:20:20,2.318940850,8.826653109,3.054740665
2025-11-21 17:20:30,3.225292804,8.530448044,2.955797043
2025-11-21 17:20:40,3.599458388,8.804129310,2.668705321
2025-11-21 17:20:50,4.042522786,8.647749410,1.499771520
2025-11-21 17:21:00,4.499861479,8.466017410,1.704593733
2025-11-21 17:21:10,4.746336182,8.307789369,1.747478384
2025-11-21 17:21:20,4.114623279,8.835782108,2.454922794
2025-11-21 17:21:30,3.858066198,9.117825530,1.818697066
2025-11-21 17:21:40,3.743330930,8.753757595,1.884527100
2025-11-21 17:21:50,3.357855137,9.013806260,2.113027520
2025-11-21 17:22:00,3.651586542,9.066938774,1.985450100
2025-11-21 17:22:10,3.254464783,9.046362460,2.427985753
2025-11-21 17:22:20,3.032041176,8.936995897,2.024319538
2025-11-21 17:22:30,2.606621072,8.929406406,2.650545352
2025-11-21 17:22:40,2.773794560,8.960781084,2.042794198
2025-11-21 17:22:50,3.075365042,9.067684082,2.400845683
2025-11-21 17:23:00,3.135356517,8.972741015,2.029750152
2025-11-21 17:23:10,3.351402036,8.856408490,1.787624947
2025-11-21 17:23:20,3.368202585,8.929072118,2.103271373
2025-11-21 17:23:30,3.105834489,9.180659733,1.857576686
2025-11-21 17:23:40,2.558230998,8.816774754,2.943525676
2025-11-21 17:23:50,2.140683169,9.195175900,2.868601677
2025-11-21 17:24:00,1.894343547,9.361551917,2.757621997
2025-11-21 17:24:10,1.947465784,9.427192824,2.450556630
2025-11-21 17:24:20,2.500082484,9.124449096,2.473085452
2025-11-21 17:24:30,1.843190745,9.257580149,2.506369939
2025-11-21 17:24:40,1.946677717,9.156119732,2.824898185
2025-11-21 17:24:50,0.991003725,9.139254561,2.705016066
2025-11-21 17:25:00,0.493954452,9.280750269,3.230121198
2025-11-21 17:25:10,0.758462417,9.273655388,3.021842937
2025-11-21 17:25:20,1.063394052,8.840030383,3.571455165
2025-11-21 17:25:30,1.301268080,9.166083771,3.607338961
2025-11-21 17:25:40,1.541655172,9.015570147,3.508214145
2025-11-21 17:25:50,1.772263192,9.384779921,3.451000706
2025-11-21 17:26:00,1.313961542,9.099986305,4.057821700
2025-11-21 17:26:10,1.636899806,8.914437810,3.395661671
2025-11-21 17:26:20,1.695385669,8.852003533,3.320893401
2025-11-21 17:26:30,1.471756660,9.065468091,3.403250581
2025-11-21 17:26:40,1.770082745,8.883555517,3.166086235
2025-11-21 17:26:50,1.978651186,8.923168391,3.663120978
2025-11-21 17:27:00,1.963878481,8.873922443,3.288919104
2025-11-21 17:27:10,1.969015066,9.116537007,3.757071840
2025-11-21 17:27:20,2.166280758,8.762630456,3.787624325
2025-11-21 17:27:30,1.924220226,8.917898127,3.742304561
2025-11-21 17:27:40,2.746094964,8.662663309,3.863087573
2025-11-21 17:27:50,2.556615673,8.618067932,3.570235224
2025-11-21 17:28:00,3.275409648,8.477330952,3.309612712
2025-11-21 17:28:10,3.262338470,8.758958464,2.742244870
2025-11-21 17:28:20,2.993301787,8.800477550,2.745345293
2025-11-21 17:28:30,2.807939767,9.030692588,3.168818908
2025-11-21 17:28:40,2.534668481,9.079651604,3.111590830
2025-11-21 17:28:50,2.804317399,8.997299782,2.569651452
2025-11-21 17:29:00,3.226068010,8.705266851,2.689257545
2025-11-21 17:29:10,2.683345297,9.051614483,2.897031307
2025-11-21 17:29:20,2.575635274,8.926399270,3.305034209
2025-11-21 17:29:30,2.117810815,9.030627329,3.757354528
2025-11-21 17:29:40,2.299210719,8.995947854,3.621199995
2025-11-21 17:29:50,2.761603641,8.753327672,3.152290297
2025-11-21 17:30:00,2.829016822,8.714119923,2.880728542
2025-11-21 17:30:10,3.078218149,8.220754912,3.408757552
2025-11-21 17:30:20,2.677378569,8.359596473,3.511811263
2025-11-21 17:30:30,3.091477008,8.653869436,3.681801276
2025-11-21 17:30:40,3.067109672,8.424469917,3.773026631
2025-11-21 17:30:50,3.807470470,8.047120112,4.142005427
2025-11-21 17:31:00,4.106144533,7.940882604,4.184722326
2025-11-21 17:31:10,3.850647155,8.335569020,3.877565555
2025-11-21 17:31:20,3.801115512,8.233887264,3.669243445
2025-11-21 17:31:30,3.872048165,7.623099698,3.654335677
2025-11-21 17:31:40,3.896133676,7.850016574,3.991815615
2025-11-21 17:31:50,4.702179477,7.546036798,4.123398614
2025-11-21 17:32:00,5.049722027,7.203996260,4.070922555
2025-11-21 17:32:10,5.303384952,6.986699067,4.076867781
2025-11-21 17:32:20,5.222533995,6.938474517,4.175897059
2025-11-21 17:32:30,4.611009910,7.023007910,5.145093651
2025-11-21 17:32:40,4.188464616,7.106462133,5.442230643
2025-11-21 17:32:50,4.278301195,6.573048925,5.530403297
2025-11-21 17:33:00,4.721532527,7.007063866,5.033388544
2025-11-21 17:33:10,4.975200091,6.999872645,4.541556315
2025-11-21 17:33:20,4.767037787,6.545675585,5.410514924
2025-11-21 17:33:30,4.506074930,6.898408455,5.590242241
2025-11-21 17:33:40,4.151286572,6.926733988,5.589191939
2025-11-21 17:33:50,4.425463678,7.166665903,5.164025970
2025-11-21 17:34:00,4.404320195,7.113721964,4.657597739
2025-11-21 17:34:10,3.880894315,7.439011991,5.264702447
2025-11-21 17:34:20,3.627471117,7.940849606,4.489028228
2025-11-21 17:34:30,4.103089599,7.360162762,4.648062823
2025-11-21 17:34:40,3.785845109,7.253259738,5.007803284
2025-11-21 17:34:50,3.848565348,7.560945796,5.097600990
2025-11-21 17:35:00,3.696934975,7.238719490,5.509600836
2025-11-21 17:35:10,3.488785029,6.659805943,6.091177086
2025-11-21 17:35:20,3.682216623,6.800397847,6.089657742
2025-11-21 17:35:30,3.498986952,6.698356330,6.318583541
2025-11-21 17:35:40,3.083489105,6.720727291,6.364987669
2025-11-21 17:35:50,2.460538080,6.642223574,6.974890863
2025-11-21 17:36:00,2.285134222,6.832615225,6.906391527
2025-11-21 17:36:10,2.477701668,6.648396817,7.103178766
2025-11-21 17:36:20,2.222404536,5.872073607,7.472572515
2025-11-21 17:36:30,2.335250969,6.659885684,7.014156197
2025-11-21 17:36:40,3.155704366,6.831009532,6.569024535
2025-11-21 17:36:50,3.010030443,7.022431981,6.146575370
2025-11-21 17:37:00,2.605296938,7.389919781,5.956096290
2025-11-21 17:37:10,2.884942119,7.440386963,5.870176825
2025-11-21 17:37:20,2.879974316,7.547029222,5.780204788
2025-11-21 17:37:30,2.278007270,7.671914006,5.910592854
2025-11-21 17:37:40,2.984679423,7.323984886,5.796917877
2025-11-21 17:37:50,2.450863866,7.734844792,5.375894769
2025-11-21 17:38:00,2.629676257,7.486504117,5.752603060
2025-11-21 17:38:10,2.603135831,7.785076035,5.589213186
2025-11-21 17:38:20,2.377411011,8.032666731,5.425243712
2025-11-21 17:38:30,2.561806174,7.778840545,5.280071350
2025-11-21 17:38:40,2.115071580,7.855429319,5.916005655
2025-11-21 17:38:50,2.401194333,7.391554750,5.519933145
2025-11-21 17:39:00,2.370666471,7.542042482,5.451490913
2025-11-21 17:39:10,2.490789217,7.709255142,5.650957636
2025-11-21 17:39:20,2.326468336,7.394124714,6.162134402
2025-11-21 17:39:30,2.338076631,7.660707787,5.747335099
2025-11-21 17:39:40,2.148448174,7.489678454,6.229737469
2025-11-21 17:39:50,1.748195411,7.494791615,5.772537946
2025-11-21 17:40:00,2.669658496,7.406291533,6.073074977
2025-11-21 17:40:10,2.926985913,7.354460021,5.674085432
2025-11-21 17:40:20,2.038416935,7.583299562,5.849722605
2025-11-21 17:40:30,1.957168172,6.952684744,6.261869998
2025-11-21 17:40:40,2.508426350,7.188780195,6.134917417
2025-11-21 17:40:50,1.868151018,7.241841779,6.080794297
2025-11-21 17:41:00,1.961025757,6.931980406,7.063003149
2025-11-21 17:41:10,2.232969667,7.119409122,6.235803891
2025-11-21 17:41:20,1.851362117,7.527437216,6.043740275
2025-11-21 17:41:30,2.079950568,7.482980649,5.887187276
2025-11-21 17:41:40,1.798809952,7.916579368,5.771322436
2025-11-21 17:41:50,1.751362443,7.492146471,5.891582911
2025-11-21 17:42:00,1.641661140,7.893575698,5.587155351
2025-11-21 17:42:10,1.837606945,7.522598995,6.032955273
2025-11-21 17:42:20,1.978931237,7.273861435,6.488851541
2025-11-21 17:42:30,2.248601681,7.562253312,6.056262288
2025-11-21 17:42:40,1.901443285,7.138237104,6.423571491
2025-11-21 17:42:50,2.007120651,7.343319384,6.217286559
2025-11-21 17:43:00,2.325375305,7.399650984,6.242640428
2025-11-21 17:43:10,2.085702482,7.157188615,6.445535153
2025-11-21 17:43:20,1.915266090,6.954042767,6.890841857
2025-11-21 17:43:30,1.954886889,6.897631159,6.395720625
2025-11-21 17:43:40,1.642773634,7.228687527,6.513154182
2025-11-21 17:43:50,1.872847156,7.319699756,6.677834562
2025-11-21 17:44:00,1.936284059,7.092312159,6.624453640
2025-11-21 17:44:10,2.046532635,7.418769773,6.267355606
2025-11-21 17:44:20,2.201798536,7.168998043,6.323794770
2025-11-21 17:44:30,1.894447273,7.568656345,6.559771918
2025-11-21 17:44:40,1.991927131,7.539659918,6.279861514
2025-11-21 17:44:50,1.630350712,7.731185392,6.289770107
2025-11-21 17:45:00,1.836073089,6.791666610,6.328647820
2025-11-21 17:45:10,1.790706000,7.297962802,6.679651414
2025-11-21 17:45:20,1.877317764,6.738955198,6.475703304
2025-11-21 17:45:30,0.970291960,7.159338931,6.498207314
2025-11-21 17:45:40,1.294337278,7.380899633,6.353928306
2025-11-21 17:45:50,1.249102138,7.044088439,6.606784397
2025-11-21 17:46:00,1.274672614,7.296658558,6.647310341
2025-11-21 17:46:10,1.229305963,7.218481961,6.542128715
2025-11-21 17:46:20,1.005862458,6.399070053,7.277904230
2025-11-21 17:46:30,1.241826142,6.613440199,7.257714436
2025-11-21 17:46:40,1.697488180,6.445300723,7.198493317
2025-11-21 17:46:50,1.869880210,6.379420841,7.113735882
2025-11-21 17:47:00,2.128555049,6.429573596,7.066484968
2025-11-21 17:47:10,1.834077445,6.566045181,7.230353965
2025-11-21 17:47:20,1.783495238,5.968137558,7.077566303
2025-11-21 17:47:30,2.039615825,6.229477516,7.086769104
2025-11-21 17:47:40,2.123674555,6.229209004,7.261143720
2025-11-21 17:47:50,2.062404225,6.319347560,7.284297074
2025-11-21 17:48:00,2.353100546,6.034668402,7.567480420
2025-11-21 17:48:10,1.827063944,6.159488354,7.229073732
2025-11-21 17:48:20,1.977058092,6.618794292,7.216220452
2025-11-21 17:48:30,2.536440131,5.769408318,7.481988921
2025-11-21 17:48:40,2.786801041,5.994175135,7.207329594
2025-11-21 17:48:50,2.743671927,5.751919141,7.782850853
2025-11-21 17:49:00,2.471467007,5.456380840,7.383586846
2025-11-21 17:49:10,2.708272801,5.688259316,7.677413812
2025-11-21 17:49:20,2.997144869,5.701485653,7.560184286
2025-11-21 17:49:30,2.671014931,5.992171588,7.268705360
2025-11-21 17:49:40,2.856124780,6.384752734,7.120737261
2025-11-21 17:49:50,3.621669297,5.838653724,6.932780747
2025-11-21 17:50:00,3.602352027,6.176193994,7.135023747
2025-11-21 17:50:10,3.910835738,6.273828077,6.322877614
2025-11-21 17:50:20,4.216340810,6.381908893,6.254873002
2025-11-21 17:50:30,3.672760816,6.482338276,6.268821481
2025-11-21 17:50:40,3.470101618,6.696253222,6.229794808
2025-11-21 17:50:50,3.813046689,6.782340638,6.161155032
2025-11-21 17:51:00,3.693700066,6.991988377,6.146188256
2025-11-21 17:51:10,4.017531787,6.558880824,5.970060396
2025-11-21 17:51:20,3.589404198,6.632236016,5.938613145
2025-11-21 17:51:30,3.985330083,7.112034031,5.439686142
2025-11-21 17:51:40,4.373315339,6.955208396,5.005219308
2025-11-21 17:51:50,4.682348068,6.894525946,4.971183459
2025-11-21 17:52:00,4.671130567,7.148059656,4.725080946
2025-11-21 17:52:10,4.261843820,7.266558084,4.688595626
2025-11-21 17:52:20,4.686341808,7.411551868,4.387482967
2025-11-21 17:52:30,5.167391374,7.422454033,3.905185051
2025-11-21 17:52:40,4.859039101,7.272185000,4.699510303
2025-11-21 17:52:50,4.678608829,6.925091527,5.131246434
2025-11-21 17:53:00,4.864922714,7.083652667,5.118359726
2025-11-21 17:53:10,4.445431122,6.928402128,5.170310277
2025-11-21 17:53:20,4.947251310,6.858088586,4.861209799
2025-11-21 17:53:30,4.725709841,7.020688685,4.741054234
2025-11-21 17:53:40,4.468443094,7.182734759,5.033599861
2025-11-21 17:53:50,4.900746920,7.267268382,4.910895710
2025-11-21 17:54:00,4.977030494,6.941600465,4.635829520
2025-11-21 17:54:10,5.516421579,6.382350630,4.793310878
2025-11-21 17:54:20,5.710299555,6.205139501,4.981930891
2025-11-21 17:54:30,5.450894804,6.654230377,4.874856376
2025-11-21 17:54:40,5.759645440,6.344191395,4.841180429
2025-11-21 17:54:50,5.513263513,6.248422503,4.827947028
2025-11-21 17:55:00,6.002887127,6.103779770,4.622513647
2025-11-21 17:55:10,5.967089000,6.063459335,4.807677945
2025-11-21 17:55:20,5.861672557,6.594984474,4.441513854
2025-11-21 17:55:30,5.538077106,6.653445220,5.038653514
2025-11-21 17:55:40,4.980989049,6.970872173,4.917403336
2025-11-21 17:55:50,5.343053678,6.791285024,4.638892500
2025-11-21 17:56:00,5.854603113,6.309025700,4.470777673
2025-11-21 17:56:10,6.125955620,6.558749079,4.334225814
2025-11-21 17:56:20,5.389723185,6.545242216,4.587285358
2025-11-21 17:56:30,5.824877797,6.399994066,4.420693866
2025-11-21 17:56:40,5.562894341,6.934833576,4.529225644
2025-11-21 17:56:50,5.692269560,6.690000521,4.207054244
2025-11-21 17:57:00,5.943782478,6.842571999,3.799689080
2025-11-21 17:57:10,6.125445900,7.048484629,3.107162970
2025-11-21 17:57:20,6.074735439,7.022946778,3.272117829
2025-11-21 17:57:30,5.646081112,7.745081351,2.923528656
2025-11-21 17:57:40,5.868190377,7.548811620,2.657271478
2025-11-21 17:57:50,5.727149794,7.102440790,2.977490561
2025-11-21 17:58:00,-9.153797419,3.641010174,0.964671109
2025-11-21 17:58:10,-9.188934785,2.002876520,2.891774881
2025-11-21 17:58:20,-9.813527819,0.201035543,1.106861647
2025-11-21 17:58:30,-9.665090700,1.375335550,-0.676099495
2025-11-21 17:58:40,-9.631618531,-0.490195255,1.782284449
2025-11-21 17:58:50,-9.381069896,1.796916588,2.753900040
2025-11-21 17:59:00,-9.337754927,0.566775121,2.685277871
2025-11-21 17:59:10,-9.227923678,-0.424657684,3.163495692
2025-11-21 17:59:20,-9.355744394,-0.775271640,2.837454804
2025-11-21 17:59:30,-9.770298743,-0.300251490,-0.540211015
2025-11-21 17:59:40,-9.832097659,-0.228720682,-0.947195747
2025-11-21 17:59:50,-9.722682490,0.528790797,1.109753970
2025-11-21 18:00:00,-9.192422950,3.534760743,0.376308653
2025-11-21 18:00:10,-9.562343977,1.224553359,-1.704288733
2025-11-21 18:00:20,-9.648360860,1.298462667,-0.735714599
2025-11-21 18:00:30,-9.812872790,-0.371770540,-1.126112388
2025-11-21 18:00:40,-9.652359939,0.920045131,-1.382360372
2025-11-21 18:00:50,-9.657438458,-0.789565095,-1.219883441
2025-11-21 18:01:00,-9.691291300,-1.097048903,0.656186826
2025-11-21 18:01:10,-9.839157713,0.172146023,-0.122063826
2025-11-21 18:01:20,-9.279628111,2.035747731,-2.184672374
2025-11-21 18:01:30,-9.079692300,3.435799650,-1.048285937
2025-11-21 18:01:40,-8.470729794,4.216869778,-2.334830713
2025-11-21 18:01:50,-8.198369354,4.283302976,-2.778267195
2025-11-21 18:02:00,-8.955746160,3.734375176,-0.972667479
2025-11-21 18:02:10,-9.384330483,2.358859614,-1.804448509
2025-11-21 18:02:20,-8.936561827,1.794303370,-3.596119817
2025-11-21 18:02:30,-7.434255856,2.325481517,-6.160533475
2025-11-21 18:02:40,-7.467294289,3.252316535,-5.477294092
2025-11-21 18:02:50,-6.744258649,1.415520606,-6.886706066
2025-11-21 18:03:00,-7.751457746,3.479890887,-5.005223320
2025-11-21 18:03:10,-9.322356883,1.227639781,-3.045811186
2025-11-21 18:03:20,-9.370228962,1.266352641,-2.497335704
2025-11-21 18:03:30,-8.611912164,1.122492244,-4.393554406
2025-11-21 18:03:40,-7.565565648,2.810196553,-5.800134755
2025-11-21 18:03:50,-8.770593820,0.868369366,-4.449736661
2025-11-21 18:04:00,-9.454482778,-1.481682800,-2.014844570
2025-11-21 18:04:10,-9.688179667,-1.240055653,-0.926754749
2025-11-21 18:04:20,-9.006655368,-0.749669035,-3.830342181
2025-11-21 18:04:30,-8.244878181,1.886227941,-5.031111569
2025-11-21 18:04:40,-9.749990034,-0.736031991,-1.213047400
2025-11-21 18:04:50,-9.119962919,-3.587634653,-0.514160183
2025-11-21 18:05:00,-7.037697762,-6.835571900,-0.279784844
2025-11-21 18:05:10,-5.811860298,-7.887522748,-0.162157636
2025-11-21 18:05:20,-7.533067375,-6.376447037,0.446789257
2025-11-21 18:05:30,-8.622039684,-4.334446534,-1.406933017
2025-11-21 18:05:40,-8.266586562,-4.177643869,-2.926639916
2025-11-21 18:05:50,-6.751051255,-2.862462647,-6.486340325
2025-11-21 18:06:00,-6.872937250,-4.744172856,-5.178347240
2025-11-21 18:06:10,-6.534500239,-3.917396741,-6.382695562
2025-11-21 18:06:20,-6.809889430,-3.719427266,-5.930451779
2025-11-21 18:06:30,-6.356430838,-4.658945438,-5.786447428
2025-11-21 18:06:40,-6.044709995,-4.977898096,-6.031982417
2025-11-21 18:06:50,-7.193608077,-5.388841781,-4.015048425
2025-11-21 18:07:00,-8.010496597,-5.173112250,-2.301846114
2025-11-21 18:07:10,-7.850119347,-5.877045814,-0.255445279
2025-11-21 18:07:20,-7.494090331,-6.223956978,-1.051375356
2025-11-21 18:07:30,-7.655722181,-5.944477563,-1.296798945
2025-11-21 18:07:40,-6.833023379,-6.852794559,-1.049873014
2025-11-21 18:07:50,-7.057165195,-7.010323196,0.007944323
2025-11-21 18:08:00,-7.275709728,-6.519743581,-0.423720443
2025-11-21 18:08:10,-7.523897741,-5.861239167,-1.914888273
2025-11-21 18:08:20,-7.050623983,-6.224152927,-2.803307492
2025-11-21 18:08:30,-7.518464925,-5.264993757,-3.373601171
2025-11-21 18:08:40,-7.950202669,-4.766528957,-3.176250023
2025-11-21 18:08:50,-8.067994167,-4.605987428,-3.068169022
2025-11-21 18:09:00,-7.954853687,-4.548281746,-3.694594357
2025-11-21 18:09:10,-8.118312194,-4.224978263,-3.450304457
2025-11-21 18:09:20,-7.760754122,-5.139736178,-3.160617455
2025-11-21 18:09:30,-7.515706910,-5.723155429,-2.647002355
2025-11-21 18:09:40,-6.915681288,-6.614476850,-2.193250639
2025-11-21 18:09:50,-6.720314118,-6.737961469,-2.587555000
2025-11-21 18:10:00,-6.510395798,-6.918225787,-2.279426560
2025-11-21 18:10:10,-5.777991782,-7.739736485,-1.818179477
2025-11-21 18:10:20,-4.911018314,-8.322473377,-2.191638318
2025-11-21 18:10:30,-5.191592694,-8.015308960,-2.328583843
2025-11-21 18:10:40,-4.636951121,-8.541118386,-1.029658396
2025-11-21 18:10:50,-4.401682648,-8.637943715,-1.129824967
2025-11-21 18:11:00,-4.463711430,-8.737066281,-0.745610341
2025-11-21 18:11:10,-4.443296663,-8.696333300,-0.199018035
2025-11-21 18:11:20,-5.254910197,-8.130822377,-0.927247474
2025-11-21 18:11:30,-4.222658057,-8.809788214,0.437632733
2025-11-21 18:11:40,-5.007349201,-8.382259804,0.567099811
2025-11-21 18:11:50,-4.863030071,-8.314941699,1.919358506
2025-11-21 18:12:00,-3.659054915,-8.586225385,3.444580039
2025-11-21 18:12:10,-2.941556308,-7.819555023,5.142905090
2025-11-21 18:12:20,-2.574500472,-7.679419270,5.429142072
2025-11-21 18:12:30,-3.369445542,-7.727571705,4.925817450
2025-11-21 18:12:40,-2.944663170,-6.896909477,6.154043037
2025-11-21 18:12:50,-2.428937240,-7.244337104,6.086349711
2025-11-21 18:13:00,-2.518068106,-7.625419848,5.702764957
2025-11-21 18:13:10,-2.713179313,-8.934911130,2.965510022
2025-11-21 18:13:20,-4.223613102,-8.628400437,1.911568979
2025-11-21 18:13:30,-3.322258055,-9.030055790,1.562830807
2025-11-21 18:13:40,-3.136681695,-8.996456543,2.256285644
2025-11-21 18:13:50,-1.687472627,-9.390457350,2.501041787
2025-11-21 18:14:00,-3.864691847,-8.970849472,-0.570794293
2025-11-21 18:14:10,-4.010468182,-8.891347826,0.321888233
2025-11-21 18:14:20,-5.485099683,-8.014735911,-0.170090340
2025-11-21 18:14:30,-4.452417434,-8.623424389,1.533951986
2025-11-21 18:14:40,-4.721278696,-8.069334577,2.860908102
2025-11-21 18:14:50,-7.531018271,-5.914266948,1.803696301
2025-11-21 18:15:00,-7.120897280,-5.755044895,3.326210844
2025-11-21 18:15:10,-7.136276119,-5.825366925,3.642137689
2025-11-21 18:15:20,-4.056274865,-8.187657066,3.488916458
2025-11-21 18:15:30,-3.459846164,-8.623347444,3.066714612
2025-11-21 18:15:40,-6.551005919,-5.577166171,4.688936434
2025-11-21 18:15:50,-8.738090147,-3.590261717,2.774627668
2025-11-21 18:16:00,-8.536874206,-2.875029168,3.711730690
2025-11-21 18:16:10,-8.287212095,-2.952025182,4.182502570
2025-11-21 18:16:20,-7.990671798,-2.277475258,5.072297375
2025-11-21 18:16:30,-8.201011925,-0.186170226,5.273695179
2025-11-21 18:16:40,-6.907871527,-0.330507451,6.895727799
2025-11-21 18:16:50,-6.641476972,-0.607402955,7.076352248
2025-11-21 18:17:00,-6.512967169,-0.635392707,7.322406328
2025-11-21 18:17:10,-6.261522032,0.140232088,7.559946570
2025-11-21 18:17:20,-6.197071192,-0.301289435,7.537922010
2025-11-21 18:17:30,-4.323424422,-0.123084917,8.876272965
2025-11-21 18:17:40,-3.614816674,-0.202254650,9.099399296
2025-11-21 18:17:50,-4.116476316,0.486242671,8.820881343
2025-11-21 18:18:00,-3.337481154,1.423326433,9.093247541
2025-11-21 18:18:10,-2.530207640,1.676587306,9.401177037
2025-11-21 18:18:20,-3.282870516,1.629160513,9.091126252
2025-11-21 18:18:30,-3.464814044,0.523088165,9.154555683
2025-11-21 18:18:40,-3.527347255,0.052176854,9.181234211
2025-11-21 18:18:50,-3.841462639,0.722380427,9.045850667
2025-11-21 18:19:00,-3.159611478,1.243026569,9.184890999
2025-11-21 18:19:10,-3.417295775,2.750861215,8.798138600
2025-11-21 18:19:20,-3.101299546,2.734579692,8.982745125
2025-11-21 18:19:30,-2.026307876,3.643991110,8.884318843
2025-11-21 18:19:40,-3.102175271,4.934969160,7.807645492
2025-11-21 18:19:50,-1.880730339,4.786714644,8.362710889
2025-11-21 18:20:00,-1.634891797,5.934046732,7.602354333
2025-11-21 18:20:10,-0.288427114,5.691178155,8.101688041
2025-11-21 18:20:20,-0.684945447,5.662535708,7.901616736
2025-11-21 18:20:30,-0.804462248,6.104265686,7.643137932
2025-11-21 18:20:40,-0.580148371,5.732833143,7.975983161
2025-11-21 18:20:50,0.055507543,5.889715717,7.905319031
2025-11-21 18:21:00,0.240561173,6.386076142,7.421178257
2025-11-21 18:21:10,-0.153810834,6.153945717,7.623706771
2025-11-21 18:21:20,-0.279832038,6.419447776,7.537524580
2025-11-21 18:21:30,-1.126042469,6.443931672,7.184854702
2025-11-21 18:21:40,-0.688453597,6.654452473,7.166897706
2025-11-21 18:21:50,-0.847509373,6.457607445,7.342829985
2025-11-21 18:22:00,-0.972680129,6.407670047,7.370971517
2025-11-21 18:22:10,-1.071880062,6.568752902,7.134685426
2025-11-21 18:22:20,-0.232006492,6.788558695,7.135980170
2025-11-21 18:22:30,-0.710056069,6.992701828,6.925361193
2025-11-21 18:22:40,-1.672626482,7.312404187,6.353937333
2025-11-21 18:22:50,-1.713200094,7.349793396,6.195101251
2025-11-21 18:23:00,-1.432345695,7.889183620,5.771374558
2025-11-21 18:23:10,-1.403914479,8.197214401,5.247047153
2025-11-21 18:23:20,-1.591598830,7.884656152,5.623686785
2025-11-21 18:23:30,-2.270038072,7.044215029,6.457083146
2025-11-21 18:23:40,-2.356936192,7.105588361,6.358393017
2025-11-21 18:23:50,-2.390613021,7.440650064,6.011574333
2025-11-21 18:24:00,-2.915176477,7.080777812,6.121715521
2025-11-21 18:24:10,-2.242107856,7.360638922,6.018834744
2025-11-21 18:24:20,-2.913884872,7.193332292,5.971870274
2025-11-21 18:24:30,-3.081501908,6.597664155,6.443375041
2025-11-21 18:24:40,-3.178594064,6.820388638,6.170485467
2025-11-21 18:24:50,-3.360916877,7.015391149,5.917402157
2025-11-21 18:25:00,-3.327122397,7.097742860,5.916807438
2025-11-21 18:25:10,-2.473377719,7.288434721,6.099879726
2025-11-21 18:25:20,-2.501730791,6.974875203,6.530027383
2025-11-21 18:25:30,-2.912106312,6.556990397,6.654211203
2025-11-21 18:25:40,-2.925468426,6.820701767,6.429597842
2025-11-21 18:25:50,-3.048439688,7.175931073,5.903724489
2025-11-21 18:26:00,-3.002193601,7.426497703,5.804315260
2025-11-21 18:26:10,-2.352524902,7.655966747,5.775257763
2025-11-21 18:26:20,-1.857300234,7.865240810,5.730517674
2025-11-21 18:26:30,-1.685127611,7.129373708,6.503122058
2025-11-21 18:26:40,-1.768450402,6.956344712,6.625307795
2025-11-21 18:26:50,-1.737457497,7.650844022,5.838303123
2025-11-21 18:27:00,-2.001409499,7.883447606,5.491715620
2025-11-21 18:27:10,-1.436824242,7.800541018,5.885874082
2025-11-21 18:27:20,-1.710626284,7.596696931,6.039276558
2025-11-21 18:27:30,-1.252474336,7.815630610,5.837836794
2025-11-21 18:27:40,-1.396451574,7.828676256,5.706725975
2025-11-21 18:27:50,-1.325395751,7.948867292,5.690299146
2025-11-21 18:28:00,-0.915606312,7.616743918,6.091173356
2025-11-21 18:28:10,-1.139251334,7.544364567,6.117318457
2025-11-21 18:28:20,-1.240062453,7.752747032,6.086917524
2025-11-21 18:28:30,-1.414294274,7.708493878,5.875720308
2025-11-21 18:28:40,-1.219513500,7.396866016,6.295804640
2025-11-21 18:28:50,-1.458004964,7.401218188,6.290593546
2025-11-21 18:29:00,-1.489121619,7.396495318,6.276796001
2025-11-21 18:29:10,-0.759080450,7.453599353,6.364557973
2025-11-21 18:29:20,-1.089388245,7.395923458,6.317389619
2025-11-21 18:29:30,-0.997639723,7.028828351,6.764283896
2025-11-21 18:29:40,-0.778783357,6.618796898,7.209255033
2025-11-21 18:29:50,-0.527596745,6.327104199,7.384578250
2025-11-21 18:30:00,-0.332578579,6.591315941,7.254099641
2025-11-21 18:30:10,0.046715958,6.528905293,7.259621615
2025-11-21 18:30:20,0.047986612,6.882593452,7.086206247
2025-11-21 18:30:30,0.069705472,6.537444970,7.250156131
2025-11-21 18:30:40,-0.035374482,6.550411416,7.186785964
2025-11-21 18:30:50,0.011874620,6.525761199,7.444963313
2025-11-21 18:31:00,-0.116389977,6.690545709,7.151878870
2025-11-21 18:31:10,-0.224593263,6.465307207,7.393893170
2025-11-21 18:31:20,-0.473453017,6.350277687,7.552916855
2025-11-21 18:31:30,-0.403702906,6.648189085,7.304258128
2025-11-21 18:31:40,0.484928323,6.497407296,7.349571977
2025-11-21 18:31:50,1.030232068,6.388568770,7.327048247
2025-11-21 18:32:00,0.461485140,6.175041565,7.530237495
2025-11-21 18:32:10,0.628263896,6.033556320,7.771032463
2025-11-21 18:32:20,0.730758162,5.919973727,7.828698434
2025-11-21 18:32:30,0.874695944,5.542773506,8.016202609
2025-11-21 18:32:40,0.680752904,5.933230702,7.704572883
2025-11-21 18:32:50,1.002748335,5.924211340,7.816579422
2025-11-21 18:33:00,1.154908454,5.408517925,8.066854273
2025-11-21 18:33:10,1.000562445,5.817258395,7.841308557
2025-11-21 18:33:20,0.828702100,5.239627984,8.249650998
2025-11-21 18:33:30,1.247821533,4.896521043,8.421252764
2025-11-21 18:33:40,1.454372140,4.599956084,8.461365858
2025-11-21 18:33:50,1.910925124,4.484808935,8.448654091
2025-11-21 18:34:00,2.268880986,4.756696912,8.250974068
2025-11-21 18:34:10,2.400995198,4.843963559,8.190900707
2025-11-21 18:34:20,2.563745150,3.846505382,8.595994736
2025-11-21 18:34:30,2.857491517,3.233098872,8.809348312
2025-11-21 18:34:40,3.122867963,3.270050506,8.732166344
2025-11-21 18:34:50,3.426583119,3.005579972,8.640196678
2025-11-21 18:35:00,3.292498178,2.711180580,8.777860515
2025-11-21 18:35:10,3.753242346,2.664174122,8.725193654
2025-11-21 18:35:20,3.897766718,3.020312770,8.455363189
2025-11-21 18:35:30,2.966058534,3.444649173,8.642992975
2025-11-21 18:35:40,3.051429033,3.675381641,8.572247371
2025-11-21 18:35:50,2.799078716,3.835336974,8.602788746
2025-11-21 18:36:00,3.322517026,3.051874409,8.737874823
2025-11-21 18:36:10,3.144100710,3.170227376,8.783249332
2025-11-21 18:36:20,3.173437533,3.385611870,8.647686920
2025-11-21 18:36:30,2.908734772,3.492407351,8.779883971
2025-11-21 18:36:40,3.511195362,3.919008024,8.299680655
2025-11-21 18:36:50,3.690201862,3.792491070,8.251867835
2025-11-21 18:37:00,3.997895171,3.433169210,8.239325086
2025-11-21 18:37:10,4.172422853,3.302354009,8.200569302
2025-11-21 18:37:20,4.804137693,3.771761098,7.707695909
2025-11-21 18:37:30,4.472855403,4.607348667,7.336657633
2025-11-21 18:37:40,4.089253881,4.217148642,7.838169172
2025-11-21 18:37:50,3.727537692,4.161254284,8.016043409
2025-11-21 18:38:00,4.344538254,3.901959112,7.936918216
2025-11-21 18:38:10,4.603966169,3.648212814,7.838738235
2025-11-21 18:38:20,4.215150959,3.509233542,8.098853618
2025-11-21 18:38:30,4.652309467,3.659763083,7.791791780
2025-11-21 18:38:40,4.961573405,3.164973241,7.779226674
2025-11-21 18:38:50,5.136785092,3.730978789,7.570755309
2025-11-21 18:39:00,5.202301123,3.558021884,7.536365791
2025-11-21 18:39:10,4.943764518,3.256038869,7.832590616
2025-11-21 18:39:20,5.017193158,3.210559882,7.769444654
2025-11-21 18:39:30,4.933813046,2.851127726,8.019736955
2025-11-21 18:39:40,5.462886845,2.013216336,7.927340267
2025-11-21 18:39:50,5.123655359,1.885658113,8.048122603
2025-11-21 18:40:00,5.513306084,1.309812568,7.919525710
2025-11-21 18:40:10,5.572325174,1.285945546,7.991172914
2025-11-21 18:40:20,5.234118015,0.778973724,8.211170820
2025-11-21 18:40:30,4.747447723,0.802704558,8.522357333
2025-11-21 18:40:40,4.880506653,1.010072933,8.376384421
2025-11-21 18:40:50,4.483220577,1.252827302,8.599528067
2025-11-21 18:41:00,4.799455608,0.824969458,8.520250538
2025-11-21 18:41:10,5.218508828,1.549449801,8.206763277
2025-11-21 18:41:20,5.378644440,1.753326124,8.045271510
2025-11-21 18:41:30,4.973713741,1.321787212,8.378473155
2025-11-21 18:41:40,4.707180328,1.013056213,8.573795511
2025-11-21 18:41:50,5.852906788,1.138634527,7.817852857
2025-11-21 18:42:00,6.051162329,1.167175629,7.671909967
2025-11-21 18:42:10,6.039621101,1.528600200,7.607004583
2025-11-21 18:42:20,6.326582810,1.187253852,7.480360938
2025-11-21 18:42:30,6.485172906,0.919150912,7.295483241
2025-11-21 18:42:40,6.529650828,0.274121914,7.293368429
2025-11-21 18:42:50,6.427853795,1.242003615,7.318877305
2025-11-21 18:43:00,6.279465714,1.613834536,7.426115768
2025-11-21 18:43:10,6.026299549,2.183691426,7.391570322
2025-11-21 18:43:20,6.061788873,1.951402977,7.453979423
2025-11-21 18:43:30,5.980245891,1.271690413,7.748881876
2025-11-21 18:43:40,5.812463171,0.969167181,7.794137574
2025-11-21 18:43:50,6.576394337,0.927786589,7.146045473
2025-11-21 18:44:00,6.208664937,1.180057497,7.434538163
2025-11-21 18:44:10,5.851816426,2.218322694,7.589503716
2025-11-21 18:44:20,5.795433410,2.341250868,7.598470543
2025-11-21 18:44:30,5.430794395,1.870934162,8.015939875
2025-11-21 18:44:40,5.703516972,2.089802774,7.659362625
2025-11-21 18:44:50,6.761029370,1.969028959,6.723845901
2025-11-21 18:45:00,6.257327870,3.392008852,6.751776298
2025-11-21 18:45:10,6.060030538,3.171722410,6.965383183
2025-11-21 18:45:20,6.093978699,2.926689008,7.232336132
2025-11-21 18:45:30,6.204308443,3.149339059,6.998169109
2025-11-21 18:45:40,5.601956731,3.833777617,7.086340137
2025-11-21 18:45:50,4.949396411,3.767724282,7.595858588
2025-11-21 18:46:00,4.564561775,3.909345818,7.782641738
2025-11-21 18:46:10,4.040962157,3.367946239,8.282271484
2025-11-21 18:46:20,3.823180213,3.511325535,8.326722602
2025-11-21 18:46:30,3.642158557,4.037706622,8.227422042
2025-11-21 18:46:40,3.953467886,3.454086266,8.199356785
2025-11-21 18:46:50,3.655523509,3.640811685,8.288868506
2025-11-21 18:47:00,4.096885768,3.537211093,8.124138448
2025-11-21 18:47:10,3.369608948,2.956605353,8.668672271
2025-11-21 18:47:20,3.675180569,2.126138508,8.880731273
2025-11-21 18:47:30,4.980554620,2.230445574,8.128008603
2025-11-21 18:47:40,5.751616822,1.706195620,7.776272494
2025-11-21 18:47:50,5.494622317,2.647837423,7.720926335
2025-11-21 18:48:00,5.511508375,3.938895757,7.120540197
2025-11-21 18:48:10,4.982166709,3.568136210,7.693007014
2025-11-21 18:48:20,5.379668077,4.383361996,7.009175838
2025-11-21 18:48:30,5.765645638,4.971486306,6.170138586
2025-11-21 18:48:40,5.692342543,5.009143041,6.163068976
2025-11-21 18:48:50,5.730768858,4.539324345,6.593588552
2025-11-21 18:49:00,5.428973538,4.600256287,6.805763757
2025-11-21 18:49:10,5.433488652,4.571291056,6.628932359
2025-11-21 18:49:20,5.719748760,5.517467312,5.658008908
2025-11-21 18:49:30,5.519067917,5.785419580,5.822200830
2025-11-21 18:49:40,6.241211568,5.762714247,4.746080188
2025-11-21 18:49:50,6.350629992,5.715178315,4.909327645
2025-11-21 18:50:00,6.194258980,5.913284674,4.738803559
2025-11-21 18:50:10,5.093613918,7.177067692,4.183002579
2025-11-21 18:50:20,5.178069373,7.014759585,4.498410490
2025-11-21 18:50:30,5.549500436,6.754253807,4.527544802
2025-11-21 18:50:40,5.389281417,6.739492468,4.762917002
2025-11-21 18:50:50,5.710235995,6.393582337,4.796827487
2025-11-21 18:51:00,4.844613080,6.991989705,4.863598820
2025-11-21 18:51:10,5.061904758,7.209475519,4.463904469
2025-11-21 18:51:20,5.867966723,6.758750306,4.105219805
2025-11-21 18:51:30,6.513796877,6.552911009,3.420219505
2025-11-21 18:51:40,6.138465580,6.620890752,3.732968985
2025-11-21 18:51:50,5.076884218,7.217427130,4.170033035
2025-11-21 18:52:00,4.297820785,7.656874262,4.233300150
2025-11-21 18:52:10,4.029171682,7.795549556,4.430250478
2025-11-21 18:52:20,3.839243485,8.299974734,3.731358178
2025-11-21 18:52:30,3.217853582,8.438845502,3.851964483
2025-11-21 18:52:40,3.831943008,8.370574467,3.491116550
2025-11-21 18:52:50,3.866461799,8.660468619,2.350067924
2025-11-21 18:53:00,4.354703773,8.172144121,3.200962075
2025-11-21 18:53:10,3.488046753,8.791326375,2.510790137
2025-11-21 18:53:20,3.546288669,9.043687847,1.645783578
2025-11-21 18:53:30,3.492602216,9.102908404,1.247901216
2025-11-21 18:53:40,4.472836603,8.644026144,1.264622778
2025-11-21 18:53:50,4.281725169,8.713772352,1.671770955
2025-11-21 18:54:00,4.474412418,8.629946134,1.307989616
2025-11-21 18:54:10,3.694713763,8.922240121,1.848171761
2025-11-21 18:54:20,3.806596749,8.960519111,1.088562320
2025-11-21 18:54:30,4.154878950,8.693685561,1.528996617
2025-11-21 18:54:40,5.030240656,8.288070868,1.732690768
2025-11-21 18:54:50,5.903789707,7.680903203,1.259263158
2025-11-21 18:55:00,5.713296698,7.972871358,0.615832307
2025-11-21 18:55:10,5.770118847,7.846851311,0.196251754
2025-11-21 18:55:20,5.745404509,7.967993347,0.247292573
2025-11-21 18:55:30,6.586130968,7.169004264,0.332592846
2025-11-21 18:55:40,6.597548008,7.228907093,0.190029840
2025-11-21 18:55:50,6.789382428,7.058113002,0.200787224
2025-11-21 18:56:00,6.892052158,6.990411240,0.580938490
2025-11-21 18:56:10,7.524924158,6.475547553,-0.086880171
2025-11-21 18:56:20,7.273128552,6.486197186,-0.617743151
2025-11-21 18:56:30,6.656108118,7.215712650,-0.216086487
2025-11-21 18:56:40,7.004402088,6.703140628,-1.331107728
2025-11-21 18:56:50,8.018586029,5.516315781,0.294731861
2025-11-21 18:57:00,8.627755029,4.581845542,0.437583104
2025-11-21 18:57:10,7.844180980,5.845046166,0.094612923
2025-11-21 18:57:20,7.719373601,6.062166454,-0.109215991
2025-11-21 18:57:30,8.569742421,4.832812588,-0.026726488
2025-11-21 18:57:40,8.579539274,4.660282493,1.250341551
2025-11-21 18:57:50,8.649814246,4.796687476,0.828562036
2025-11-21 18:58:00,8.402656841,5.101616438,0.191349580
2025-11-21 18:58:10,8.276899281,5.158977467,0.282371902
2025-11-21 18:58:20,8.080200736,5.566521647,-0.099104365
2025-11-21 18:58:30,8.077972768,5.505897788,-0.578981548
2025-11-21 18:58:40,8.346950818,5.135172473,-0.715536593
2025-11-21 18:58:50,8.976406263,3.737042811,-0.857083202
2025-11-21 18:59:00,8.859871562,4.301023332,-1.321171733
2025-11-21 18:59:10,8.617975395,4.730266575,-0.526987653
2025-11-21 18:59:20,8.455397203,4.865921026,-0.077155150
2025-11-21 18:59:30,7.847292605,5.808539377,0.055846098
2025-11-21 18:59:40,7.592334789,6.203370988,-0.616562893
2025-11-21 18:59:50,7.462925190,6.263800127,-0.913615513
2025-11-21 19:00:00,7.343782756,6.439942292,-0.886230425
2025-11-21 19:00:10,6.735500272,7.033761073,-0.445876608
2025-11-21 19:00:20,7.429414523,6.352102263,-0.300839915
2025-11-21 19:00:30,7.322842711,6.470668100,-0.776810606
2025-11-21 19:00:40,7.063942637,6.566223109,-1.649237545
2025-11-21 19:00:50,6.851071154,6.871677193,-1.413911191
2025-11-21 19:01:00,6.901987875,6.638529693,-2.208581698
2025-11-21 19:01:10,6.208180049,7.292396799,-1.866815995
2025-11-21 19:01:20,5.924044954,7.396659456,-2.331188348
2025-11-21 19:01:30,5.606464713,7.515852260,-2.742919963
2025-11-21 19:01:40,5.014767464,8.036182408,-2.712869970
2025-11-21 19:01:50,3.201840439,8.859437206,-2.562748183
2025-11-21 19:02:00,3.072736705,8.957385391,-2.281480922
2025-11-21 19:02:10,2.092539408,9.243081162,-2.527916656
2025-11-21 19:02:20,2.159949008,9.345498109,-1.954598026
2025-11-21 19:02:30,2.582479256,9.186834987,-2.577579682
2025-11-21 19:02:40,1.675476977,9.417489250,-2.291277278
2025-11-21 19:02:50,1.070590992,9.374579273,-2.283096240
2025-11-21 19:03:00,2.205366108,9.209666655,-2.604465266
2025-11-21 19:03:10,2.470597465,8.913246684,-3.128508461
2025-11-21 19:03:20,1.836059618,8.993047244,-3.515269609
2025-11-21 19:03:30,1.165726625,9.105902155,-3.474961546
2025-11-21 19:03:40,0.433291187,9.520485542,-2.265674182
2025-11-21 19:03:50,-0.978245129,9.092135311,-3.803697332
2025-11-21 19:04:00,-1.272585512,9.019911812,-3.543994710
2025-11-21 19:04:10,-2.460027011,8.907728166,-3.541288957
2025-11-21 19:04:20,-3.643568942,8.404452375,-3.433080394
2025-11-21 19:04:30,-3.432027452,8.401913425,-3.797171234
2025-11-21 19:04:40,-4.166567069,8.434918488,-2.753746310
2025-11-21 19:04:50,-3.861554341,7.987212787,-4.349400106
2025-11-21 19:05:00,-3.969193675,7.675304374,-4.846942004
2025-11-21 19:05:10,-4.670919075,7.186216770,-4.776284421
2025-11-21 19:05:20,-5.450737149,6.507827735,-4.924186491
2025-11-21 19:05:30,-4.800211992,6.593787535,-5.441205395
2025-11-21 19:05:40,-5.058902238,6.623050042,-5.033363743
2025-11-21 19:05:50,-5.531238303,6.554796367,-4.664300131
2025-11-21 19:06:00,-5.452195892,6.538657033,-4.821122468
2025-11-21 19:06:10,-5.170336208,6.386278398,-5.140572267
2025-11-21 19:06:20,-5.535979963,6.461608785,-4.736485488
2025-11-21 19:06:30,-5.556394772,6.646717882,-4.691780168
2025-11-21 19:06:40,-5.509307950,6.368102539,-4.983653919
2025-11-21 19:06:50,-5.231546564,6.632432945,-5.054288969
2025-11-21 19:07:00,-5.753387236,6.848110045,-3.966296086
2025-11-21 19:07:10,-5.958572785,6.923008107,-3.373934271
2025-11-21 19:07:20,-6.997850618,5.885656321,-3.550836858
2025-11-21 19:07:30,-6.948794942,6.260230756,-2.991359158
2025-11-21 19:07:40,-7.024104036,6.284604642,-2.682399839
2025-11-21 19:07:50,-6.872321356,6.726271712,-2.013301499
2025-11-21 19:08:00,-7.502547029,6.293245173,-1.239812375
2025-11-21 19:08:10,-5.932707380,7.805929501,-0.909079734
2025-11-21 19:08:20,-5.021911318,7.526594997,-3.696065790
2025-11-21 19:08:30,-3.908746426,8.264725273,-3.561964088
2025-11-21 19:08:40,-3.422429935,8.333658200,-3.748547196
2025-11-21 19:08:50,-2.154393219,8.463721533,-4.520029869
2025-11-21 19:09:00,-2.399930924,7.979188470,-5.265109499
2025-11-21 19:09:10,-2.741666974,7.943282003,-5.153409209
2025-11-21 19:09:20,-3.078725555,7.659567175,-5.400329363
2025-11-21 19:09:30,-2.554054990,7.328320973,-6.054376728
2025-11-21 19:09:40,-2.131387946,7.646153043,-5.681292989
2025-11-21 19:09:50,-3.673817799,7.936303821,-4.452197630
2025-11-21 19:10:00,-3.673950453,8.122335841,-4.118425042
2025-11-21 19:10:10,-4.274315390,8.232744688,-3.168189936
2025-11-21 19:10:20,-3.878788759,8.570708845,-2.862340904
2025-11-21 19:10:30,-4.651835789,8.352082926,-1.966959401
2025-11-21 19:10:40,-3.876226090,8.592352393,-2.750251219
2025-11-21 19:10:50,-4.268322938,8.639692411,-2.216370493
2025-11-21 19:11:00,-3.749589582,8.285823790,-3.840718183
2025-11-21 19:11:10,-3.984273712,8.270254770,-3.540738118
2025-11-21 19:11:20,-4.018874071,7.969278647,-4.124248012
2025-11-21 19:11:30,-3.432783744,7.759097826,-4.893401501
2025-11-21 19:11:40,-3.470659192,7.634677508,-5.112509806
2025-11-21 19:11:50,-1.966815956,7.780486504,-5.569122614
2025-11-21 19:12:00,-1.699576774,8.126843710,-5.219153858
2025-11-21 19:12:10,-1.303209778,8.282458789,-5.105722032
2025-11-21 19:12:20,-0.123526385,8.316291722,-5.133937248
2025-11-21 19:12:30,-0.748851071,8.583930465,-4.638003240
2025-11-21 19:12:40,-0.202612209,8.565825123,-4.878297723
2025-11-21 19:12:50,-0.041831160,8.519561501,-4.813774092
2025-11-21 19:13:00,-0.558878458,8.424399785,-4.940252437
2025-11-21 19:13:10,-1.296301942,8.275589905,-5.054528270
2025-11-21 19:13:20,-1.971158572,8.325680617,-4.985130679
2025-11-21 19:13:30,-2.620764606,8.408056328,-4.433017214
2025-11-21 19:13:40,-2.184654936,8.628338655,-4.044431359
2025-11-21 19:13:50,-2.280751640,8.420608198,-4.244836292
2025-11-21 19:14:00,-2.270761468,8.245194995,-4.822208775
2025-11-21 19:14:10,-1.956844510,8.529335580,-4.354188706
2025-11-21 19:14:20,-2.315697124,8.809521732,-3.558440427
2025-11-21 19:14:30,-1.103629049,9.253881862,-2.980049161
2025-11-21 19:14:40,-1.612105538,9.252548680,-2.711104016
2025-11-21 19:14:50,-1.429652711,9.055063299,-3.224314134
2025-11-21 19:15:00,-2.488609512,8.688907721,-3.584618518
2025-11-21 19:15:10,-1.240892230,9.041701451,-3.497254754
2025-11-21 19:15:20,-1.137480817,9.096501882,-3.522278701
2025-11-21 19:15:30,-1.668470933,8.555368194,-4.275136764
2025-11-21 19:15:40,-1.981264632,8.636332242,-4.177803987
2025-11-21 19:15:50,-2.619861286,8.482063918,-4.270066111
2025-11-21 19:16:00,-3.498160326,8.348646142,-3.702110416
2025-11-21 19:16:10,-3.474593422,8.353594587,-3.938488482
2025-11-21 19:16:20,-2.411484613,8.910562969,-3.255572613
2025-11-21 19:16:30,-3.256533896,8.328188890,-3.922191386
2025-11-21 19:16:40,-2.751088775,8.463295213,-4.229937157
2025-11-21 19:16:50,-2.711052850,8.487575443,-4.115390390
2025-11-21 19:17:00,-3.274058460,8.072944470,-4.332256429
2025-11-21 19:17:10,-3.619233130,8.031792241,-4.242404921
2025-11-21 19:17:20,-4.122718709,7.542406717,-4.842557008
2025-11-21 19:17:30,-4.235109519,7.302618955,-4.888548281
2025-11-21 19:17:40,-4.300687888,7.474327765,-4.625582227
2025-11-21 19:17:50,-3.750808724,7.932503760,-4.289459948
2025-11-21 19:18:00,-3.115944631,7.950384219,-4.732201151
2025-11-21 19:18:10,-3.117711336,7.947935206,-4.730363150
2025-11-21 19:18:20,-3.531428263,8.224135634,-3.982052570
2025-11-21 19:18:30,-3.295030179,8.125721916,-4.141605950
2025-11-21 19:18:40,-3.090102179,8.389413508,-4.068681289
2025-11-21 19:18:50,-2.347823720,8.495813839,-4.317966394
2025-11-21 19:19:00,-1.781091478,8.660278753,-4.137853439
2025-11-21 19:19:10,-2.318054753,8.379999730,-4.419183428
2025-11-21 19:19:20,-2.665985095,8.674647721,-3.817888358
2025-11-21 19:19:30,-2.645289036,8.458217307,-4.010913171
2025-11-21 19:19:40,-1.644848736,8.850525898,-3.874728557
2025-11-21 19:19:50,-0.840686202,8.870989955,-4.175771798
2025-11-21 19:20:00,-0.932560192,8.610135518,-4.547500015
2025-11-21 19:20:10,-0.700068224,8.815777619,-4.059781236
2025-11-21 19:20:20,-0.320159265,8.905486636,-4.259284029
2025-11-21 19:20:30,-0.653628103,8.776506200,-4.577761755
2025-11-21 19:20:40,-1.680919045,8.623037212,-4.360139560
2025-11-21 19:20:50,-1.534115114,8.695606558,-4.233071042
2025-11-21 19:21:00,-1.754178332,8.585387770,-4.467641047
2025-11-21 19:21:10,-1.808192495,8.859666768,-3.745684608
2025-11-21 19:21:20,-1.422334177,8.911745216,-3.790126028
2025-11-21 19:21:30,-1.799405294,8.491205054,-4.578842033
2025-11-21 19:21:40,-1.507030973,8.695097541,-4.435185115
2025-11-21 19:21:50,-0.568938717,8.722062526,-4.456430820
2025-11-21 19:22:00,-1.204801978,8.786625502,-4.213637232
2025-11-21 19:22:10,0.096558324,8.844835537,-4.275311990
2025-11-21 19:22:20,0.586365205,8.832599197,-4.330818193
2025-11-21 19:22:30,0.641994773,8.360145494,-5.025742051
2025-11-21 19:22:40,0.583321162,8.050615368,-5.576702006
2025-11-21 19:22:50,0.322711901,7.630831119,-6.167458015
2025-11-21 19:23:00,0.237078604,7.247285634,-6.558243627
2025-11-21 19:23:10,1.732924518,7.355637387,-6.303100739
2025-11-21 19:23:20,2.112664253,7.253339624,-6.262670167
2025-11-21 19:23:30,2.146842026,7.326461734,-6.059375462
2025-11-21 19:23:40,2.469005090,6.912971645,-6.445839671
2025-11-21 19:23:50,2.057423438,7.486053229,-6.008977276
2025-11-21 19:24:00,2.070929136,7.235294021,-6.156210703
2025-11-21 19:24:10,2.186808765,7.198955061,-6.302616908
2025-11-21 19:24:20,1.521533441,7.095997815,-6.663607081
2025-11-21 19:24:30,1.064790324,6.872993854,-6.859461467
2025-11-21 19:24:40,1.542063914,7.054923916,-6.718083483
2025-11-21 19:24:50,1.602966339,6.856056333,-6.798967911
2025-11-21 19:25:00,1.999214050,6.968477931,-6.561098501
2025-11-21 19:25:10,1.955768992,6.756323389,-6.758530867
2025-11-21 19:25:20,1.578317283,6.798888295,-6.892304615
2025-11-21 19:25:30,1.970738777,7.471269634,-6.055669470
2025-11-21 19:25:40,1.865503229,7.350910591,-6.210245176
2025-11-21 19:25:50,1.844954942,7.282330171,-6.221075750
2025-11-21 19:26:00,1.774155908,7.583934873,-6.000748398
2025-11-21 19:26:10,1.097207789,7.809737290,-5.855656790
2025-11-21 19:26:20,1.211813845,7.760836079,-5.911308813
2025-11-21 19:26:30,1.467305299,7.498415557,-6.231211258
2025-11-21 19:26:40,1.093638551,7.480248018,-6.333130963
2025-11-21 19:26:50,0.822270254,7.632177711,-6.089764073
2025-11-21 19:27:00,0.789635906,8.155581530,-5.337103192
2025-11-21 19:27:10,0.720978577,7.864592588,-5.677151794
2025-11-21 19:27:20,0.290606094,8.003991804,-5.772306038
2025-11-21 19:27:30,0.687218235,7.837662993,-5.827617055
2025-11-21 19:27:40,0.922083945,7.779373202,-5.930183306
2025-11-21 19:27:50,0.748236287,7.721044414,-6.063190998
2025-11-21 19:28:00,0.906725014,7.816982439,-5.877288172
2025-11-21 19:28:10,1.013274736,7.525839717,-6.255650419
2025-11-21 19:28:20,0.806199207,7.412594835,-6.345348237
2025-11-21 19:28:30,1.067181517,7.429713096,-6.336401657
2025-11-21 19:28:40,0.846748879,7.681552406,-6.136642039
2025-11-21 19:28:50,1.486330509,7.415601020,-6.189504464
2025-11-21 19:29:00,1.640915171,7.436126428,-6.107992707
2025-11-21 19:29:10,2.229212514,7.230830892,-6.099962969
2025-11-21 19:29:20,2.304136262,7.512896312,-6.151837513
2025-11-21 19:29:30,2.359407539,7.519970840,-5.860967988
2025-11-21 19:29:40,2.999416626,7.117305200,-6.187782903
2025-11-21 19:29:50,2.858577066,7.224003593,-5.942264229
2025-11-21 19:30:00,3.448424196,7.242334236,-5.438911042
2025-11-21 19:30:10,3.185855073,6.934703026,-5.989254419
2025-11-21 19:30:20,2.941429272,7.140943900,-6.019355419
2025-11-21 19:30:30,3.403730717,6.899979737,-6.079138167
2025-11-21 19:30:40,3.379908940,6.929039524,-5.966989738
2025-11-21 19:30:50,3.821315036,6.647842137,-6.068561770
2025-11-21 19:31:00,4.129498169,6.586074959,-6.050015433
2025-11-21 19:31:10,4.107916433,6.481244961,-6.031393243
2025-11-21 19:31:20,3.737298207,6.813504827,-6.216426923
2025-11-21 19:31:30,3.151196878,7.518116879,-5.595292058
2025-11-21 19:31:40,3.068795869,7.497394658,-5.525172368
2025-11-21 19:31:50,3.873830532,7.266624097,-5.419948812
2025-11-21 19:32:00,3.905246397,7.199742412,-5.508228888
2025-11-21 19:32:10,3.859920574,7.095680781,-5.636272682
2025-11-21 19:32:20,3.270994527,7.678057080,-5.221391296
2025-11-21 19:32:30,3.260563690,7.591502707,-5.253296313
2025-11-21 19:32:40,3.065089783,7.790314158,-5.066623631
2025-11-21 19:32:50,3.013109445,7.746689461,-5.167685660
2025-11-21 19:33:00,3.100444685,7.818421233,-5.020684418
2025-11-21 19:33:10,3.515876681,7.404277594,-5.354194213
2025-11-21 19:33:20,2.989160190,7.512295081,-5.680750333
2025-11-21 19:33:30,2.911541148,7.545988875,-5.534683003
2025-11-21 19:33:40,3.110547826,7.203703543,-5.722587574
2025-11-21 19:33:50,3.470215716,7.164833353,-5.780870589
2025-11-21 19:34:00,3.467413597,7.164232391,-5.773277746
2025-11-21 19:34:10,4.063313915,6.797673360,-5.742656489
2025-11-21 19:34:20,4.116292176,7.034139153,-5.371399782
2025-11-21 19:34:30,4.154170067,7.191875038,-5.363284620
2025-11-21 19:34:40,4.687676354,6.974970222,-5.065018408
2025-11-21 19:34:50,4.748200411,6.787818853,-5.338858317
2025-11-21 19:35:00,4.182276559,6.889326722,-5.666519139
2025-11-21 19:35:10,4.525004756,6.428930641,-6.008087070
2025-11-21 19:35:20,5.501988730,6.033592059,-5.371022168
2025-11-21 19:35:30,5.324351797,6.366857721,-5.151319278
2025-11-21 19:35:40,4.736875793,6.835313823,-5.099073371
2025-11-21 19:35:50,5.126356987,6.598466450,-5.137801639
2025-11-21 19:36:00,5.601001572,6.127528327,-5.124449777
2025-11-21 19:36:10,5.787796416,6.106256743,-5.042206569
2025-11-21 19:36:20,5.969882193,6.109042117,-4.884054474
2025-11-21 19:36:30,5.923522751,5.931595054,-5.137374437
2025-11-21 19:36:40,5.951454229,5.848158184,-4.967776862
2025-11-21 19:36:50,5.719700833,6.318082862,-4.888813726
2025-11-21 19:37:00,5.496754532,6.283445793,-5.066795430
2025-11-21 19:37:10,5.458466724,6.015059999,-5.402413222
2025-11-21 19:37:20,5.148233664,6.228976854,-5.671299751
2025-11-21 19:37:30,4.700399888,6.678432702,-5.372192243
2025-11-21 19:37:40,5.027327497,6.702666387,-4.992795666
2025-11-21 19:37:50,4.926310420,6.878275427,-4.885230491
2025-11-21 19:38:00,4.096693758,6.925517375,-5.695559069
2025-11-21 19:38:10,3.774217878,7.593654171,-5.069296261
2025-11-21 19:38:20,3.705977570,7.586949150,-5.073285859
2025-11-21 19:38:30,3.878830012,7.297737914,-5.289798348
2025-11-21 19:38:40,3.854526056,7.765924947,-4.758981268
2025-11-21 19:38:50,3.521368426,7.849320981,-4.823332115
2025-11-21 19:39:00,3.601566635,7.880938288,-4.634976977
2025-11-21 19:39:10,3.722522207,7.758198089,-4.565358837
2025-11-21 19:39:20,3.432858420,8.108870489,-4.366601203
2025-11-21 19:39:30,3.109503956,8.305193849,-4.200671425
2025-11-21 19:39:40,3.354323236,7.763981196,-4.901817729
2025-11-21 19:39:50,4.044524747,7.618495381,-4.597529300
2025-11-21 19:40:00,4.297494895,7.627246796,-4.485517692
2025-11-21 19:40:10,3.503197377,8.060393652,-4.347959654
2025-11-21 19:40:20,2.662857808,8.553162031,-4.052442002
2025-11-21 19:40:30,2.334347514,8.680609880,-4.183900279
2025-11-21 19:40:40,2.196239598,9.029140300,-3.369673313
2025-11-21 19:40:50,2.169795483,8.877605361,-3.541977688
2025-11-21 19:41:00,2.780056371,8.679849068,-3.628216619
2025-11-21 19:41:10,2.670975491,8.627656424,-3.877382284
2025-11-21 19:41:20,1.900290053,8.640904195,-4.110546230
2025-11-21 19:41:30,2.024195148,8.785218686,-3.944054422
2025-11-21 19:41:40,2.021968710,8.886634137,-3.711265704
2025-11-21 19:41:50,1.204342583,9.019618498,-3.663990340
2025-11-21 19:42:00,1.243167531,8.956885630,-3.572224004
2025-11-21 19:42:10,1.308888306,8.993576688,-3.769122270
2025-11-21 19:42:20,0.604201759,9.153120745,-3.493542646
2025-11-21 19:42:30,0.019943092,9.055398528,-3.791545088
2025-11-21 19:42:40,-0.009194555,8.450995578,-5.051225687
2025-11-21 19:42:50,-0.536891680,8.223785149,-5.369855049
2025-11-21 19:43:00,-0.322867930,8.427797290,-4.957669368
2025-11-21 19:43:10,0.079359299,8.629647692,-4.854712131
2025-11-21 19:43:20,0.617242285,8.536216828,-4.872274600
2025-11-21 19:43:30,0.186534059,8.963628763,-4.175294589
2025-11-21 19:43:40,0.113659265,8.968490500,-3.890548998
2025-11-21 19:43:50,-0.035026745,8.686163238,-4.536224129
2025-11-21 19:44:00,0.110291489,8.736184083,-4.122888705
2025-11-21 19:44:10,0.012674583,8.585483753,-4.632761327
2025-11-21 19:44:20,0.396046136,8.651851548,-4.498514257
2025-11-21 19:44:30,0.686091546,8.146815112,-5.363239453
2025-11-21 19:44:40,0.417414833,8.735579065,-4.232860797
2025-11-21 19:44:50,0.628008309,8.705269789,-4.586399864
2025-11-21 19:45:00,0.079025828,8.419966723,-4.928639839
2025-11-21 19:45:10,0.014358411,8.289373350,-5.419061126
2025-11-21 19:45:20,-0.971888924,7.841090508,-5.872421748
2025-11-21 19:45:30,-0.253291860,7.812404920,-6.117287539
2025-11-21 19:45:40,0.574165093,7.889235218,-5.841908378
2025-11-21 19:45:50,0.930651797,7.392404226,-6.412740820
2025-11-21 19:46:00,1.492830932,7.795510371,-5.680233797
2025-11-21 19:46:10,1.183739338,7.513089003,-6.177978780
2025-11-21 19:46:20,1.223625119,7.922975238,-5.533956406
2025-11-21 19:46:30,1.637881780,8.076212008,-5.303474884
2025-11-21 19:46:40,1.000827751,8.935449435,-3.921945350
2025-11-21 19:46:50,1.186490052,8.999923964,-3.687284140
2025-11-21 19:47:00,2.334247662,8.871259476,-3.593175989
2025-11-21 19:47:10,1.928788659,8.827261956,-3.833327547
2025-11-21 19:47:20,2.131386649,8.742516976,-3.938916172
2025-11-21 19:47:30,3.233258565,8.692632317,-3.263523911
2025-11-21 19:47:40,3.038020659,8.736849507,-3.265972601
2025-11-21 19:47:50,3.261354608,8.835272698,-3.043341272
2025-11-21 19:48:00,2.460446980,8.964856127,-3.411872246
2025-11-21 19:48:10,2.672523763,8.885721293,-3.308254099
2025-11-21 19:48:20,3.185960957,8.833761354,-2.873878058
2025-11-21 19:48:30,3.160184897,8.963189792,-2.374194479
2025-11-21 19:48:40,3.711253077,8.907329843,-1.932920663
2025-11-21 19:48:50,4.015348837,8.478056291,-2.721233115
2025-11-21 19:49:00,3.869125089,8.509353641,-2.745309952
2025-11-21 19:49:10,3.069189854,9.054920075,-2.392828642
2025-11-21 19:49:20,2.248549310,9.096325860,-2.786728097
2025-11-21 19:49:30,2.151864501,9.022128298,-3.153705835
2025-11-21 19:49:40,2.722430388,8.890079769,-3.068088015
2025-11-21 19:49:50,2.683225191,8.569979707,-4.037954214
2025-11-21 19:50:00,2.852119059,8.898162168,-3.209857888
2025-11-21 19:50:10,2.817780797,8.854272933,-2.989921334
2025-11-21 19:50:20,3.084797938,8.795543153,-3.331864103
2025-11-21 19:50:30,3.655541976,7.909030090,-4.226499703
2025-11-21 19:50:40,4.317864945,7.321303086,-4.688962673
2025-11-21 19:50:50,4.814735983,7.591779754,-3.678533134
2025-11-21 19:51:00,5.227025525,7.616373561,-3.296839312
2025-11-21 19:51:10,4.837739350,7.814588936,-3.555978049
2025-11-21 19:51:20,4.407235083,7.992341385,-3.617350929
2025-11-21 19:51:30,3.938750173,8.432436091,-3.209011125
2025-11-21 19:51:40,3.791066909,8.530294764,-3.008611558
2025-11-21 19:51:50,4.414352232,8.143937413,-3.116218029
2025-11-21 19:52:00,5.200432401,7.584388532,-3.313214382
2025-11-21 19:52:10,5.248611444,7.224344378,-3.976446350
2025-11-21 19:52:20,5.283332476,7.741353620,-3.208309254
2025-11-21 19:52:30,5.076323434,7.315796755,-4.023668341
2025-11-21 19:52:40,4.793407847,7.678414771,-3.816195705
2025-11-21 19:52:50,4.606681626,7.275086741,-4.602917108
2025-11-21 19:53:00,5.043719470,6.539812908,-5.378059007
2025-11-21 19:53:10,4.776012619,6.593246639,-5.433150658
2025-11-21 19:53:20,5.116344454,6.363518976,-5.266544475
2025-11-21 19:53:30,5.424358613,6.117371021,-5.350029400
2025-11-21 19:53:40,5.078834588,6.668161688,-5.232436595
2025-11-21 19:53:50,4.497435517,6.786059236,-5.505093014
2025-11-21 19:54:00,4.376427326,6.822945702,-5.466972923
2025-11-21 19:54:10,5.384504773,6.259078716,-5.306288746
2025-11-21 19:54:20,5.200129722,6.212023160,-5.540360713
2025-11-21 19:54:30,5.566373601,6.059822512,-5.361997660
2025-11-21 19:54:40,5.424583587,6.523337958,-4.846360779
2025-11-21 19:54:50,4.652341380,7.127154703,-4.830798317
2025-11-21 19:55:00,4.300853809,7.646204003,-4.362491204
2025-11-21 19:55:10,4.958833414,7.288250964,-4.202432889
2025-11-21 19:55:20,5.330451448,6.743928833,-4.850639216
2025-11-21 19:55:30,5.571524535,6.837736807,-4.145932114
2025-11-21 19:55:40,6.166148827,6.791274337,-3.474282192
2025-11-21 19:55:50,5.916478131,7.278329968,-2.948895879
2025-11-21 19:56:00,5.227743679,7.828764074,-2.675066788
2025-11-21 19:56:10,5.763745598,7.520850301,-2.411915051
2025-11-21 19:56:20,6.491766962,7.121047348,-1.743895443
2025-11-21 19:56:30,7.112056813,6.188014619,-2.596024851
2025-11-21 19:56:40,7.327989875,5.497900776,-3.644181373
2025-11-21 19:56:50,7.321956579,5.541891193,-3.708313822
2025-11-21 19:57:00,7.107760937,5.669543536,-3.759218125
2025-11-21 19:57:10,6.861276277,5.248704482,-4.516210539
2025-11-21 19:57:20,6.473130434,5.086241304,-5.399653570
2025-11-21 19:57:30,5.410160288,5.934621273,-5.577443307
2025-11-21 19:57:40,5.617088522,5.744704213,-5.695048935
2025-11-21 19:57:50,6.518518868,5.652289298,-4.685248628
2025-11-21 19:58:00,6.911077918,5.233970650,-4.555340164
2025-11-21 19:58:10,6.913441175,5.187628045,-4.846313904
2025-11-21 19:58:20,6.489452000,5.514295021,-4.811784132
2025-11-21 19:58:30,6.799571765,5.802637905,-4.159068093
2025-11-21 19:58:40,5.850171094,6.544402107,-4.441731199
2025-11-21 19:58:50,5.701831637,6.346046178,-4.761070524
2025-11-21 19:59:00,5.977964425,5.924369815,-4.955153568
2025-11-21 19:59:10,6.323959591,6.023943873,-4.461121768
2025-11-21 19:59:20,6.895909619,5.205483699,-4.626117492
2025-11-21 19:59:30,6.817427264,5.405516450,-4.435621187
2025-11-21 19:59:40,6.580711282,5.623756302,-4.608418263
2025-11-21 19:59:50,6.372587792,6.209190936,-4.103846952
2025-11-21 20:00:00,6.806687641,5.633655079,-4.304062696
2025-11-21 20:00:10,6.571533960,6.293018529,-3.672006375
2025-11-21 20:00:20,6.131458666,6.607415689,-3.741025024
2025-11-21 20:00:30,6.150246340,6.442148076,-4.084263778
2025-11-21 20:00:40,6.283574776,6.540810057,-3.660580642
2025-11-21 20:00:50,6.287508010,6.410626779,-3.956239637
2025-11-21 20:01:00,5.973138357,6.553060621,-4.224156526
2025-11-21 20:01:10,5.966993791,7.168444557,-3.492425391
2025-11-21 20:01:20,5.817676475,7.279028903,-3.157195584
2025-11-21 20:01:30,5.530919221,7.485606434,-3.067954107
2025-11-21 20:01:40,5.868467120,7.132617896,-3.045437986
2025-11-21 20:01:50,5.938126447,7.020845342,-3.353126530
2025-11-21 20:02:00,4.926791397,7.954839428,-2.990846511
2025-11-21 20:02:10,3.009930101,9.079786231,-2.371791548
2025-11-21 20:02:20,3.341313513,9.212944850,-0.698195138
2025-11-21 20:02:30,3.851934689,9.016658798,-0.813303580
2025-11-21 20:02:40,3.551149488,9.018540785,1.144035334
2025-11-21 20:02:50,2.972230796,9.026555752,2.257877839
2025-11-21 20:03:00,4.320716763,8.266653819,3.059661375
2025-11-21 20:03:10,5.627809662,6.606520179,4.580951004
2025-11-21 20:03:20,5.297967889,6.241427372,5.439821253
2025-11-21 20:03:30,5.167538435,5.635101012,6.105834870
2025-11-21 20:03:40,5.263691245,5.305703963,6.342760633
2025-11-21 20:03:50,5.232097386,4.370029049,7.121434254
2025-11-21 20:04:00,5.147271836,3.584078151,7.434656110
2025-11-21 20:04:10,6.383617975,3.729755413,6.375602673
2025-11-21 20:04:20,7.148330188,2.118724895,6.382171560
2025-11-21 20:04:30,7.567022961,3.151524174,5.447227874
2025-11-21 20:04:40,6.681702578,3.410753265,6.213455128
2025-11-21 20:04:50,6.606361979,4.310272320,5.727676543
2025-11-21 20:05:00,6.844163345,3.750259904,5.877488899
2025-11-21 20:05:10,6.490727374,3.687263675,6.281146473
2025-11-21 20:05:20,6.619194139,3.542076385,6.294729598
2025-11-21 20:05:30,7.110044901,2.334499240,6.410855134
2025-11-21 20:05:40,7.429212335,1.931276197,6.167597491
2025-11-21 20:05:50,7.236348113,2.528884495,6.163080690
2025-11-21 20:06:00,7.373335226,2.586854616,5.927121125
2025-11-21 20:06:10,7.918688022,2.663973961,5.341039669
2025-11-21 20:06:20,8.322970700,1.651224247,4.835753066
2025-11-21 20:06:30,8.579019254,1.655733567,4.697119875
2025-11-21 20:06:40,8.609696929,1.515622201,4.515055046
2025-11-21 20:06:50,8.511655277,1.864044991,4.491807353
2025-11-21 20:07:00,8.014025557,1.518598154,5.356590058
2025-11-21 20:07:10,8.057054279,2.128919776,5.012035979
2025-11-21 20:07:20,8.375102797,2.331543767,4.528349622
2025-11-21 20:07:30,8.330529927,2.290298340,4.738949753
2025-11-21 20:07:40,8.195787485,1.922060094,5.124583191
2025-11-21 20:07:50,8.249570841,1.694145675,5.219758171
