timestamp,x,y,z
2026-02-23 20:56:24,9.967913616,-3.370973527,2.484388664
2026-02-23 20:56:34,5.664050208,-7.354892111,-1.702795151
2026-02-23 20:56:44,4.859574077,-8.384875630,-2.809006590
2026-02-23 20:56:54,3.624274358,-9.043828839,-0.038606515
2026-02-23 20:57:04,1.582264897,-9.266129370,2.405253942
2026-02-23 20:57:14,1.539199565,-9.047925607,1.310341501
2026-02-23 20:57:24,2.039122474,-10.130836037,0.523979992
2026-02-23 20:57:34,4.339837046,-8.558700445,-1.487483866
2026-02-23 20:57:44,3.476286141,-8.782718806,1.970317117
2026-02-23 20:57:54,3.195316383,-8.733162036,2.953293435
2026-02-23 20:58:04,3.459480761,-8.994903387,0.964541565
2026-02-23 20:58:14,3.206571330,-8.635482761,0.408111769
2026-02-23 20:58:24,2.700127607,-9.387044946,-0.654517043
2026-02-23 20:58:34,1.338441692,-9.758421185,0.461754146
2026-02-23 20:58:44,2.779793666,-9.054987393,0.560938365
2026-02-23 20:58:54,1.647437219,-9.410685673,-0.166884970
2026-02-23 20:59:04,2.097443605,-9.424291208,2.114046928
2026-02-23 20:59:14,0.876522069,-9.249397530,1.209444180
2026-02-23 20:59:24,-0.350477459,-10.422006135,-0.269403067
2026-02-23 20:59:34,0.053854947,-9.094133535,-2.351738834
2026-02-23 20:59:44,-1.939541464,-8.845912373,-3.319567605
2026-02-23 20:59:54,-0.382481950,-8.783792624,-4.106559107
2026-02-23 21:00:04,-1.441788029,-8.178482478,-5.653563425
2026-02-23 21:00:14,-2.508065005,-8.301628558,-4.718524785
2026-02-23 21:00:24,-1.966472552,-8.529007143,-4.596525124
2026-02-23 21:00:34,-1.269258249,-9.047559351,-3.609447583
2026-02-23 21:00:44,-2.100670267,-8.549653043,-3.739767623
2026-02-23 21:00:54,-2.062112364,-9.805636991,-2.382545862
2026-02-23 21:01:04,-1.518685111,-9.338628917,-1.681557080
2026-02-23 21:01:14,-2.737259106,-8.974347441,-2.437864144
2026-02-23 21:01:24,-1.451260614,-9.215736394,-1.841717564
2026-02-23 21:01:34,-1.490025696,-8.976840849,-2.534403877
2026-02-23 21:01:44,1.469469843,-9.484792999,-3.212748133
2026-02-23 21:01:54,2.446691561,-8.711483261,-1.995556938
2026-02-23 21:02:04,2.950089426,-9.010812369,-2.655590437
2026-02-23 21:02:14,4.268871247,-9.585595277,-1.327522132
2026-02-23 21:02:24,3.743757020,-9.376896948,-0.649915920
2026-02-23 21:02:34,3.772493960,-8.455671386,-0.542815958
2026-02-23 21:02:44,5.285406969,-8.788603199,1.143130524
2026-02-23 21:02:54,5.263476207,-7.496075396,1.993256233
2026-02-23 21:03:04,4.891521696,-8.260327461,1.617104891
2026-02-23 21:03:14,6.704760929,-7.201741868,1.756074795
2026-02-23 21:03:24,7.880393137,-5.521857486,1.632633965
2026-02-23 21:03:34,7.609331196,-5.685473209,1.809122082
2026-02-23 21:03:44,7.390391301,-5.496395064,1.825319371
2026-02-23 21:03:54,8.658592437,-3.912486259,1.288130323
2026-02-23 21:04:04,8.280799788,-5.135453686,1.501328518
2026-02-23 21:04:14,7.782402714,-5.537368969,1.156503281
2026-02-23 21:04:24,7.593467627,-6.425445561,1.447946133
2026-02-23 21:04:34,6.902972798,-7.325349373,0.697830846
2026-02-23 21:04:44,6.999664968,-6.766803169,1.140907901
2026-02-23 21:04:54,6.898234253,-7.687471568,1.021188160
2026-02-23 21:05:04,6.466339967,-6.710264472,1.108359295
2026-02-23 21:05:14,6.822914760,-6.555251056,1.855759477
2026-02-23 21:05:24,7.121337188,-6.950302303,2.218759457
2026-02-23 21:05:34,6.066286151,-7.484675566,0.396476065
2026-02-23 21:05:44,5.866686344,-7.451478247,1.950271190
2026-02-23 21:05:54,6.065036195,-8.041125760,1.532430179
2026-02-23 21:06:04,7.254900959,-6.440997218,1.996794732
2026-02-23 21:06:14,6.709203546,-6.767017949,1.216043584
2026-02-23 21:06:24,6.188462586,-7.900053969,1.046546867
2026-02-23 21:06:34,6.693758933,-6.798769753,-0.903655261
2026-02-23 21:06:44,6.770712992,-7.485541811,-0.006356209
2026-02-23 21:06:54,7.327737080,-6.806367283,0.013224768
2026-02-23 21:07:04,6.600343304,-7.231010187,0.518135749
2026-02-23 21:07:14,6.539282792,-7.722847839,-0.127210285
2026-02-23 21:07:24,5.099611812,-8.517834016,1.534707148
2026-02-23 21:07:34,4.850829235,-8.864048503,-0.387136598
2026-02-23 21:07:44,4.937060202,-8.074423438,0.718970997
2026-02-23 21:07:54,6.674192582,-7.729747758,0.642840150
2026-02-23 21:08:04,5.841766617,-7.690322906,0.689357944
2026-02-23 21:08:14,5.945832676,-7.806191752,1.232525968
2026-02-23 21:08:24,7.049564786,-6.901168202,2.188070259
2026-02-23 21:08:34,7.992790114,-5.893915962,2.380716303
2026-02-23 21:08:44,7.109554385,-5.741360777,2.451404321
2026-02-23 21:08:54,6.591662099,-6.627640786,2.447881930
2026-02-23 21:09:04,7.616457297,-5.726235111,3.895822468
2026-02-23 21:09:14,7.452630493,-5.499407232,2.947535647
2026-02-23 21:09:24,6.270701614,-6.448194421,1.147384228
2026-02-23 21:09:34,7.025709259,-6.946853390,1.023618216
2026-02-23 21:09:44,6.503312127,-6.687032195,1.145881016
2026-02-23 21:09:54,6.839916802,-7.769254247,0.596396408
2026-02-23 21:10:04,6.056686369,-7.213512669,1.104962394
2026-02-23 21:10:14,7.021870759,-6.852770576,0.443692630
2026-02-23 21:10:24,6.135949197,-8.035312332,0.609253552
2026-02-23 21:10:34,7.192159265,-7.497351669,0.438979443
2026-02-23 21:10:44,7.749653130,-7.005780551,0.846004310
2026-02-23 21:10:54,6.307296825,-8.050854663,2.144922066
2026-02-23 21:11:04,6.397036983,-7.318197077,0.363820287
2026-02-23 21:11:14,6.775717566,-7.023918515,1.797403296
2026-02-23 21:11:24,6.498117847,-7.836991176,1.781373692
2026-02-23 21:11:34,5.739773720,-8.075021888,2.136941851
2026-02-23 21:11:44,5.961322846,-6.640395747,3.166339988
2026-02-23 21:11:54,6.130404896,-6.503881827,3.057081535
2026-02-23 21:12:04,7.710818987,-5.832276372,1.930522994
2026-02-23 21:12:14,7.825466619,-6.091238465,1.846208031
2026-02-23 21:12:24,8.346151948,-5.087045546,0.744357026
2026-02-23 21:12:34,7.643493934,-6.426756281,0.022623197
2026-02-23 21:12:44,7.594708702,-6.227251530,0.281315412
2026-02-23 21:12:54,5.951740105,-7.771652539,0.240824011
2026-02-23 21:13:04,4.834436550,-8.338837402,-0.684150600
2026-02-23 21:13:14,5.849204371,-8.097044713,-0.477999389
2026-02-23 21:13:24,4.348242991,-8.898016095,-0.370771693
2026-02-23 21:13:34,3.967239089,-9.311926681,-0.260733811
2026-02-23 21:13:44,5.389762187,-8.378834688,0.070588154
2026-02-23 21:13:54,5.115712345,-9.053119637,-0.985401602
2026-02-23 21:14:04,6.391874546,-8.302255867,-0.534133164
2026-02-23 21:14:14,5.856781145,-7.709477238,0.051814962
2026-02-23 21:14:24,5.736917544,-7.458429124,-0.461787169
2026-02-23 21:14:34,6.465169358,-7.594437804,0.908962152
2026-02-23 21:14:44,5.360439382,-7.915932156,1.986825162
2026-02-23 21:14:54,5.403276552,-7.367274905,2.299146471
2026-02-23 21:15:04,5.624150479,-8.575690431,1.531556886
2026-02-23 21:15:14,5.780227294,-7.000012741,2.150689582
2026-02-23 21:15:24,5.371409921,-6.530805050,3.958477833
2026-02-23 21:15:34,5.766166763,-7.027835120,3.720935975
2026-02-23 21:15:44,7.130903868,-5.132778504,2.898053293
2026-02-23 21:15:54,7.533441714,-5.610873701,2.527450309
2026-02-23 21:16:04,7.275648390,-5.731353962,3.013793827
2026-02-23 21:16:14,7.780554031,-6.165896176,2.900257165
2026-02-23 21:16:24,7.397718025,-6.572753585,2.768811175
2026-02-23 21:16:34,7.775890437,-6.341865433,1.281936574
2026-02-23 21:16:44,7.149930230,-6.194605463,2.007431358
2026-02-23 21:16:54,7.191634053,-7.502253758,1.419911421
2026-02-23 21:17:04,7.220729178,-7.027392916,1.259928513
2026-02-23 21:17:14,8.092550072,-5.208437175,1.690438277
2026-02-23 21:17:24,7.744701922,-4.648110356,0.622590086
2026-02-23 21:17:34,7.955832734,-4.585557595,2.204840424
2026-02-23 21:17:44,8.714255178,-4.514420345,1.435800668
2026-02-23 21:17:54,7.854816430,-5.405514620,2.400758813
2026-02-23 21:18:04,8.166415529,-4.672072191,2.577510526
2026-02-23 21:18:14,7.466925007,-5.381094455,1.626138374
2026-02-23 21:18:24,8.135094490,-5.048757809,1.954490914
2026-02-23 21:18:34,7.510878076,-6.364744333,2.681805591
2026-02-23 21:18:44,6.486257811,-5.000166901,4.012245318
2026-02-23 21:18:54,6.230797348,-5.837972697,3.683783052
2026-02-23 21:19:04,6.894449965,-6.315137750,4.744279911
2026-02-23 21:19:14,6.307668848,-6.121789139,4.595038842
2026-02-23 21:19:24,5.624118484,-6.755421288,4.472664365
2026-02-23 21:19:34,6.026210166,-5.479100615,4.143947835
2026-02-23 21:19:44,6.433096001,-5.062602075,5.011991587
2026-02-23 21:19:54,7.112374666,-4.709895413,4.607242602
2026-02-23 21:20:04,7.108679270,-4.989298251,4.952364992
2026-02-23 21:20:14,8.255765796,-4.783349721,4.011111352
2026-02-23 21:20:24,7.796583189,-4.776203851,3.614432889
2026-02-23 21:20:34,8.056651502,-4.254299142,3.328649635
2026-02-23 21:20:44,7.364033851,-4.745180011,3.105546531
2026-02-23 21:20:54,7.932963632,-3.199203796,3.798780303
2026-02-23 21:21:04,9.022286996,-2.030367540,4.088392547
2026-02-23 21:21:14,8.560567526,-2.089834912,3.596879813
2026-02-23 21:21:24,8.840752678,-2.304969930,4.155872959
2026-02-23 21:21:34,8.616294983,-2.705031790,4.533716522
2026-02-23 21:21:44,8.616426658,-2.281099892,4.557523565
2026-02-23 21:21:54,8.506383881,-2.511051940,4.550847281
2026-02-23 21:22:04,8.102673461,-1.507014741,4.777682214
2026-02-23 21:22:14,8.862178872,-1.497512600,4.709534172
2026-02-23 21:22:24,7.511359819,-2.122027258,5.713091055
2026-02-23 21:22:34,8.663279413,-2.672400838,4.253512331
2026-02-23 21:22:44,8.704351482,-2.256336066,5.490205166
2026-02-23 21:22:54,8.333997425,-0.882643231,4.719566316
2026-02-23 21:23:04,8.535300820,-2.066521911,4.352423346
2026-02-23 21:23:14,8.751100145,-1.102325517,4.915748574
2026-02-23 21:23:24,8.941383562,-2.069748791,4.461980430
2026-02-23 21:23:34,8.070729368,-3.787163934,4.266407305
2026-02-23 21:23:44,7.097721639,-4.293780258,3.690313411
2026-02-23 21:23:54,7.816626471,-3.183360221,4.576540394
2026-02-23 21:24:04,8.628313867,-3.472859111,3.764918309
2026-02-23 21:24:14,8.178522370,-3.331695347,4.010349610
2026-02-23 21:24:24,7.897327959,-2.943945480,4.584173831
2026-02-23 21:24:34,8.039952986,-2.035607472,4.096251152
2026-02-23 21:24:44,8.028313063,-2.621611504,5.160975286
2026-02-23 21:24:54,8.106393762,-3.661596596,4.117899330
2026-02-23 21:25:04,7.634808835,-3.754325514,3.809394374
2026-02-23 21:25:14,8.511284170,-2.768941715,4.403770502
2026-02-23 21:25:24,9.058479590,-2.550211189,3.749167550
2026-02-23 21:25:34,9.880185751,-1.121076753,2.555558648
2026-02-23 21:25:44,8.953788110,-2.269486877,3.627203744
2026-02-23 21:25:54,8.255191035,-3.709241393,3.142178195
2026-02-23 21:26:04,8.046202721,-4.966029361,2.103406993
2026-02-23 21:26:14,7.607448573,-5.818021966,2.860899266
2026-02-23 21:26:24,8.194079085,-5.469743974,0.909024518
2026-02-23 21:26:34,8.089323463,-4.908913701,1.529943422
2026-02-23 21:26:44,8.144069620,-4.672474591,1.685526796
2026-02-23 21:26:54,6.572289487,-7.235966456,1.004535878
2026-02-23 21:27:04,7.413547434,-6.556412521,1.647359771
2026-02-23 21:27:14,6.922743473,-5.715863882,1.635241116
2026-02-23 21:27:24,7.621021294,-5.993892768,0.950493246
2026-02-23 21:27:34,7.773078375,-6.354193074,0.372586744
2026-02-23 21:27:44,7.522371343,-5.961804782,-0.608512568
2026-02-23 21:27:54,7.749211743,-6.156513827,-0.092613306
2026-02-23 21:28:04,8.472553135,-5.917249152,-0.371433787
2026-02-23 21:28:14,8.374200187,-4.737550638,0.706797757
2026-02-23 21:28:24,8.519560455,-4.316430999,-0.092329875
2026-02-23 21:28:34,7.683414210,-4.818811290,-1.788529204
2026-02-23 21:28:44,7.050959918,-5.186753774,-3.194865164
2026-02-23 21:28:54,8.752927222,-2.917941248,-4.000647468
2026-02-23 21:29:04,8.525636244,-2.992405235,-3.416626964
2026-02-23 21:29:14,8.600916322,-3.403324203,-3.228302735
2026-02-23 21:29:24,9.010270915,-3.772408539,-2.377966848
2026-02-23 21:29:34,8.874269154,-2.807218264,-2.368440175
2026-02-23 21:29:44,9.745957744,-2.803391264,-2.094238509
2026-02-23 21:29:54,9.346292125,-2.923711888,-1.708848544
2026-02-23 21:30:04,9.056759881,-2.705755214,-1.555361820
2026-02-23 21:30:14,9.277650328,-2.596607140,-2.876473566
2026-02-23 21:30:24,9.493047524,-2.136746417,-2.698846822
2026-02-23 21:30:34,8.216560098,-2.910042744,-4.085238912
2026-02-23 21:30:44,8.773386999,-2.322590856,-1.349532369
2026-02-23 21:30:54,8.910753261,-2.779811942,-2.721737124
2026-02-23 21:31:04,8.324799560,-2.678245902,-4.105003188
2026-02-23 21:31:14,9.096082935,-3.083152400,-3.532040060
2026-02-23 21:31:24,8.383246162,-4.831874300,-3.285889068
2026-02-23 21:31:34,7.858808231,-4.948684327,-3.351913866
2026-02-23 21:31:44,8.512733550,-5.349247503,-1.842079652
2026-02-23 21:31:54,8.217186877,-4.372528036,-1.902264737
2026-02-23 21:32:04,7.884218159,-5.791780389,-3.975335452
2026-02-23 21:32:14,7.505662024,-5.970401634,-2.362344796
2026-02-23 21:32:24,7.902419719,-5.375375551,-0.444175125
2026-02-23 21:32:34,7.727513617,-6.110134206,-1.436404300
2026-02-23 21:32:44,7.271278736,-6.475508616,-0.306851595
2026-02-23 21:32:54,8.791465679,-4.683821087,-1.134761154
2026-02-23 21:33:04,8.521686033,-5.414623085,-1.371584935
2026-02-23 21:33:14,7.712849044,-5.584474575,-2.466170738
2026-02-23 21:33:24,8.907274431,-4.289761976,-1.039037544
2026-02-23 21:33:34,9.050635797,-3.200637857,-1.390064669
2026-02-23 21:33:44,8.995791364,-4.075031934,-1.740509593
2026-02-23 21:33:54,8.991563450,-2.137908066,-2.544731903
2026-02-23 21:34:04,9.678482526,-2.098219841,-1.550098505
2026-02-23 21:34:14,9.564292223,-3.027542621,0.373912673
2026-02-23 21:34:24,9.783599010,-3.604488096,-1.146205542
2026-02-23 21:34:34,8.793327356,-4.937679732,-1.206744068
2026-02-23 21:34:44,9.491869568,-3.848617785,-1.709491966
2026-02-23 21:34:54,9.169494433,-4.032275534,-0.798822408
2026-02-23 21:35:04,8.920387085,-4.476357170,-0.368866442
2026-02-23 21:35:14,8.682644720,-4.933270874,-0.334958853
2026-02-23 21:35:24,7.830739329,-5.511053295,1.228658639
2026-02-23 21:35:34,9.086159756,-4.636008422,2.359487913
2026-02-23 21:35:44,8.470018397,-5.424072997,-0.863494177
2026-02-23 21:35:54,7.317681777,-5.980133205,-0.090867455
2026-02-23 21:36:04,7.425395325,-6.508637318,-0.716642759
2026-02-23 21:36:14,7.704878023,-5.184435837,-1.767537616
2026-02-23 21:36:24,7.555788651,-5.273910112,-2.498366045
2026-02-23 21:36:34,7.592185273,-5.249638364,-3.120782205
2026-02-23 21:36:44,6.725538638,-5.578961955,-4.032509355
2026-02-23 21:36:54,6.988884281,-5.087305577,-4.126385880
2026-02-23 21:37:04,6.410205096,-4.565565086,-5.102305622
2026-02-23 21:37:14,6.933941878,-4.505091830,-4.527400319
2026-02-23 21:37:24,6.421450132,-5.156888150,-4.460624975
2026-02-23 21:37:34,7.116417563,-3.531122544,-5.747621105
2026-02-23 21:37:44,7.276524524,-4.427742942,-5.837472506
2026-02-23 21:37:54,7.071153463,-4.884892983,-5.024134263
2026-02-23 21:38:04,7.025137486,-5.710453870,-4.731501577
2026-02-23 21:38:14,6.372228680,-5.200475135,-4.970801138
2026-02-23 21:38:24,6.294021160,-5.387553559,-3.926010478
2026-02-23 21:38:34,5.888883082,-6.457863013,-4.404544509
2026-02-23 21:38:44,5.800651760,-7.411911874,-4.328476213
2026-02-23 21:38:54,5.942730506,-6.107330577,-3.425981576
2026-02-23 21:39:04,6.446046154,-6.600743315,-3.393462291
2026-02-23 21:39:14,6.045539649,-6.865221064,-2.668694079
2026-02-23 21:39:24,6.323182578,-6.655881238,-3.103832888
2026-02-23 21:39:34,6.953486281,-5.546499167,-3.083100924
2026-02-23 21:39:44,6.065346098,-5.955119178,-4.719828947
2026-02-23 21:39:54,6.136583167,-6.049248103,-5.182056264
2026-02-23 21:40:04,6.426629943,-5.629300638,-4.862654072
2026-02-23 21:40:14,7.570287771,-5.486336738,-4.219415686
2026-02-23 21:40:24,6.002731888,-6.647734898,-5.069153352
2026-02-23 21:40:34,5.879636665,-5.692290693,-4.887218274
2026-02-23 21:40:44,6.366178015,-5.257984584,-6.266400167
2026-02-23 21:40:54,5.675816449,-5.134884921,-6.392012934
2026-02-23 21:41:04,6.120920194,-4.125451902,-6.085973235
2026-02-23 21:41:14,6.208160555,-5.242688076,-6.506106763
2026-02-23 21:41:24,6.205222937,-3.632267891,-6.570827699
2026-02-23 21:41:34,6.467807386,-3.109070784,-7.597244682
2026-02-23 21:41:44,7.099733650,-3.400833499,-6.548348214
2026-02-23 21:41:54,7.244236783,-2.985919823,-5.755139070
2026-02-23 21:42:04,7.272727341,-3.944406463,-5.733138846
2026-02-23 21:42:14,7.096065339,-4.076882468,-5.156357347
2026-02-23 21:42:24,6.750301237,-4.737657136,-6.582186538
2026-02-23 21:42:34,6.252442668,-4.473050469,-5.993672500
2026-02-23 21:42:44,6.720325075,-4.158996650,-5.335651057
2026-02-23 21:42:54,6.233563686,-3.688339889,-5.590715240
2026-02-23 21:43:04,7.069809044,-3.211178519,-5.623651367
2026-02-23 21:43:14,6.936728243,-3.431694578,-5.504391446
2026-02-23 21:43:24,7.528473542,-3.392226514,-6.112965254
2026-02-23 21:43:34,8.392240975,-2.755778139,-5.079393426
2026-02-23 21:43:44,7.368365932,-2.398237117,-5.377009450
2026-02-23 21:43:54,7.314722830,-3.427029532,-4.526512680
2026-02-23 21:44:04,7.822033982,-3.032503884,-4.612097492
2026-02-23 21:44:14,7.930450789,-2.943554619,-5.296596821
2026-02-23 21:44:24,7.783241015,-2.975606952,-4.941375816
2026-02-23 21:44:34,7.859622540,-2.750933244,-5.762690307
2026-02-23 21:44:44,7.729570449,-2.694873641,-5.582538321
2026-02-23 21:44:54,7.098186496,-3.098652722,-5.454232015
2026-02-23 21:45:04,8.173437744,-2.187245636,-5.230901657
2026-02-23 21:45:14,7.193251606,-2.317585532,-5.274610493
2026-02-23 21:45:24,7.484446788,-1.991076526,-5.618608261
2026-02-23 21:45:34,7.127304332,-3.097550695,-5.866993446
2026-02-23 21:45:44,6.884754793,-2.796522833,-6.591174433
2026-02-23 21:45:54,6.015039637,-3.539462902,-6.815064387
2026-02-23 21:46:04,6.157989175,-2.243139887,-7.185563576
2026-02-23 21:46:14,5.549152191,-2.334648206,-7.824614623
2026-02-23 21:46:24,5.623754133,-3.980225665,-6.752227086
2026-02-23 21:46:34,5.420740618,-3.826740088,-7.699462069
2026-02-23 21:46:44,5.128024894,-0.902395945,-7.678569790
2026-02-23 21:46:54,4.635049741,-1.102094027,-8.381051918
2026-02-23 21:47:04,4.282258974,-1.626512667,-9.031096840
2026-02-23 21:47:14,5.242911350,-0.797017856,-7.923388501
2026-02-23 21:47:24,5.907034037,-0.536738908,-8.748175859
2026-02-23 21:47:34,5.549149019,-0.015019293,-8.873523399
2026-02-23 21:47:44,6.044705663,-0.042159014,-8.043086376
2026-02-23 21:47:54,5.801814927,-0.589612077,-8.341380351
2026-02-23 21:48:04,4.738963825,-1.045341029,-8.201402091
2026-02-23 21:48:14,5.713003981,-0.398965353,-7.679629646
2026-02-23 21:48:24,5.609234418,-0.344486671,-7.971259197
2026-02-23 21:48:34,5.249402507,0.818040207,-7.999455017
2026-02-23 21:48:44,5.358619738,-0.738751403,-7.820943251
2026-02-23 21:48:54,4.115252579,-0.171472938,-9.098091410
2026-02-23 21:49:04,4.879332560,-1.006983112,-8.156810289
2026-02-23 21:49:14,4.509987592,1.842004771,-8.784072577
2026-02-23 21:49:24,4.515992559,1.408646449,-8.521658169
2026-02-23 21:49:34,4.504013154,3.168679661,-8.064776267
2026-02-23 21:49:44,4.052382403,3.688287077,-7.535816459
2026-02-23 21:49:54,4.771207163,3.022351968,-8.083224068
2026-02-23 21:50:04,5.349847854,2.320243106,-8.098537835
2026-02-23 21:50:14,5.590342023,3.396906688,-6.931879024
2026-02-23 21:50:24,4.490637108,1.583369960,-8.298086346
2026-02-23 21:50:34,3.691297025,1.094874063,-9.412192422
2026-02-23 21:50:44,4.170480067,-0.641070194,-8.787927313
2026-02-23 21:50:54,2.946738736,0.445484431,-8.433929538
2026-02-23 21:51:04,3.787107637,0.295373002,-8.827526921
2026-02-23 21:51:14,2.144749849,-0.540869287,-9.427924509
2026-02-23 21:51:24,2.489347871,-0.494700736,-9.466898979
2026-02-23 21:51:34,3.339958436,1.011758088,-9.473913095
2026-02-23 21:51:44,2.100327885,-0.739946284,-9.766771708
2026-02-23 21:51:54,3.151472903,0.331994041,-9.197865117
2026-02-23 21:52:04,3.192235133,0.726426406,-9.227412929
2026-02-23 21:52:14,1.534570256,-0.248457509,-9.750390341
2026-02-23 21:52:24,1.649787427,-1.147029923,-9.561810153
2026-02-23 21:52:34,2.132374032,-1.722672005,-9.498362287
2026-02-23 21:52:44,1.771136157,-0.970987827,-9.204697107
2026-02-23 21:52:54,3.589232394,0.015544844,-9.435771096
2026-02-23 21:53:04,3.760269851,0.501860295,-9.482378355
2026-02-23 21:53:14,3.298467593,-0.210095548,-9.851875735
2026-02-23 21:53:24,1.871818998,0.177066401,-9.366558793
2026-02-23 21:53:34,2.129018779,0.451324075,-10.618987000
2026-02-23 21:53:44,1.322932223,-0.695879116,-9.069372067
2026-02-23 21:53:54,0.791067947,0.389289866,-9.828701977
2026-02-23 21:54:04,3.325981150,0.607815630,-8.718938699
2026-02-23 21:54:14,2.538213181,0.769431319,-8.960735539
2026-02-23 21:54:24,2.668973261,1.536579423,-9.016062109
2026-02-23 21:54:34,2.826516524,0.343897420,-9.790583923
2026-02-23 21:54:44,1.213908364,0.200955527,-9.532452188
2026-02-23 21:54:54,2.279071936,-0.627274894,-9.786029410
2026-02-23 21:55:04,2.577063976,1.247501095,-9.460155815
2026-02-23 21:55:14,2.820264116,-0.966167366,-9.362199675
2026-02-23 21:55:24,1.153652575,-1.326149088,-10.262244676
2026-02-23 21:55:34,-0.614712468,-3.440725198,-9.847015614
2026-02-23 21:55:44,-0.577277461,-4.406166130,-8.208946385
2026-02-23 21:55:54,2.212517395,-3.584829821,-8.758056043
2026-02-23 21:56:04,2.131581027,-4.610855242,-8.813014094
2026-02-23 21:56:14,2.017513293,-5.610750644,-7.616566849
2026-02-23 21:56:24,2.335495823,-6.030975559,-7.293830514
2026-02-23 21:56:34,4.040200480,-5.331662459,-7.670878876
2026-02-23 21:56:44,2.063801969,-4.718950029,-7.772782778
2026-02-23 21:56:54,2.068724097,-5.322296628,-8.567036920
2026-02-23 21:57:04,2.162554504,-6.229570036,-7.822579134
2026-02-23 21:57:14,1.700336095,-6.668345075,-6.475616905
2026-02-23 21:57:24,2.142766102,-7.667174776,-5.466161099
2026-02-23 21:57:34,0.699449734,-6.700128556,-6.660205590
2026-02-23 21:57:44,0.640724905,-7.678079605,-4.912677211
2026-02-23 21:57:54,0.986206883,-8.315578046,-4.712393928
2026-02-23 21:58:04,1.832862707,-8.556465784,-5.895075796
2026-02-23 21:58:14,1.421419854,-7.362883794,-6.336420662
2026-02-23 21:58:24,1.662517765,-8.068098099,-4.927560713
2026-02-23 21:58:34,0.687441599,-8.383018645,-4.991173761
2026-02-23 21:58:44,-0.650143446,-8.059536243,-6.534674477
2026-02-23 21:58:54,0.228003547,-7.743866385,-5.195872285
2026-02-23 21:59:04,1.453910294,-8.938134361,-3.296851241
2026-02-23 21:59:14,0.786961563,-9.102143598,-3.540869337
2026-02-23 21:59:24,0.407953651,-9.286271224,-2.397078874
2026-02-23 21:59:34,1.554213053,-9.287237234,-1.600539571
2026-02-23 21:59:44,0.096155139,-9.968164666,-0.371921908
2026-02-23 21:59:54,-0.161235976,-9.874912905,0.199337011
2026-02-23 22:00:04,-0.937571618,-9.621023108,0.829294596
2026-02-23 22:00:14,-1.547535330,-9.354325788,1.174294129
2026-02-23 22:00:24,-0.000618584,-9.710406895,1.402309850
2026-02-23 22:00:34,-0.644529815,-9.539867232,2.237905474
2026-02-23 22:00:44,-0.313437216,-9.437240111,1.814941077
2026-02-23 22:00:54,-1.222175449,-9.459236364,1.400854978
2026-02-23 22:01:04,-0.948506816,-9.542023662,0.737303287
2026-02-23 22:01:14,-0.753403523,-9.102662496,0.552010111
2026-02-23 22:01:24,-0.274791757,-9.820099300,0.468882904
2026-02-23 22:01:34,-0.600949058,-10.420113834,0.145837067
2026-02-23 22:01:44,0.505126045,-9.338688332,1.304190060
2026-02-23 22:01:54,0.899415285,-10.045049823,0.476891533
2026-02-23 22:02:04,2.298374293,-9.663975635,0.087913335
2026-02-23 22:02:14,2.557908790,-8.882643413,-0.631024182
2026-02-23 22:02:24,3.524162904,-9.471709903,-0.563711766
2026-02-23 22:02:34,2.419391843,-9.896404066,-1.401376889
2026-02-23 22:02:44,2.121202846,-9.407310055,-2.446859905
2026-02-23 22:02:54,0.051060093,-9.490752789,-3.006761212
2026-02-23 22:03:04,0.260757358,-9.596608158,-2.236022283
2026-02-23 22:03:14,0.129421963,-9.114248699,-3.190728781
2026-02-23 22:03:24,2.002153683,-9.469245919,-3.539657225
2026-02-23 22:03:34,3.083845711,-9.110830517,-3.302731458
2026-02-23 22:03:44,2.396025408,-8.328652779,-4.189268650
2026-02-23 22:03:54,1.924884935,-8.857823996,-3.661565188
2026-02-23 22:04:04,0.770253329,-8.974112059,-2.154226692
2026-02-23 22:04:14,0.169596739,-10.232161419,-2.003416331
2026-02-23 22:04:24,-1.060413428,-9.746003250,-1.631722237
2026-02-23 22:04:34,-0.458110126,-9.727292126,-0.996655144
2026-02-23 22:04:44,0.921562984,-9.851887793,-1.538442802
2026-02-23 22:04:54,2.080124147,-9.339853607,-0.686054694
2026-02-23 22:05:04,2.671016508,-9.520186435,-2.524299499
2026-02-23 22:05:14,5.831626270,-7.840416363,-3.230006292
2026-02-23 22:05:24,5.411792746,-7.581004013,-2.121078698
2026-02-23 22:05:34,6.278657667,-6.773222826,-2.680573279
2026-02-23 22:05:44,7.640287471,-5.584177578,-3.978583575
2026-02-23 22:05:54,5.723285300,-5.169699107,-5.627974439
2026-02-23 22:06:04,5.507084135,-3.972630955,-5.818055553
2026-02-23 22:06:14,0.218163171,-1.787805197,-10.057634856
2026-02-23 22:06:24,-1.092251639,-0.701619621,-9.469727950
2026-02-23 22:06:34,0.401191394,-2.645042170,-9.688638244
2026-02-23 22:06:44,0.591935779,-2.555753461,-9.225618859
2026-02-23 22:06:54,0.795071766,-1.903611661,-9.723776515
2026-02-23 22:07:04,0.551279726,-2.455306910,-9.743522995
2026-02-23 22:07:14,-1.752614837,-1.739838222,-10.100459719
2026-02-23 22:07:24,-1.154568720,-2.139798194,-9.222869788
2026-02-23 22:07:34,-2.562171779,-2.444391860,-9.503249940
2026-02-23 22:07:44,-2.972080209,-2.346382900,-8.926930811
2026-02-23 22:07:54,-2.875892978,-2.041286769,-9.184335917
2026-02-23 22:08:04,-1.655215827,-1.759679384,-9.174761884
2026-02-23 22:08:14,-1.741893980,-2.616669593,-8.588679497
2026-02-23 22:08:24,-2.295883126,-1.667773013,-9.361878725
2026-02-23 22:08:34,-3.839275989,-2.294123549,-9.019122052
2026-02-23 22:08:44,-3.439958631,-1.366612593,-9.239193916
2026-02-23 22:08:54,-4.410742889,-2.164519814,-8.186683266
2026-02-23 22:09:04,-4.494214760,-0.152131630,-8.056049163
2026-02-23 22:09:14,-5.300748258,1.953811872,-8.843652566
2026-02-23 22:09:24,-5.011603175,4.205055970,-6.621945310
2026-02-23 22:09:34,-4.767819019,2.991481547,-9.167630743
2026-02-23 22:09:44,-5.947493011,2.004312796,-7.153609847
2026-02-23 22:09:54,-4.276929173,4.349033752,-7.523347848
2026-02-23 22:10:04,-5.670476363,3.636524375,-6.482806854
2026-02-23 22:10:14,-6.206433070,5.083580880,-6.825309251
2026-02-23 22:10:24,-5.118543241,2.699251768,-7.453984348
2026-02-23 22:10:34,-4.007757112,2.213735313,-8.470257088
2026-02-23 22:10:44,-4.621650599,2.218103080,-8.307856780
2026-02-23 22:10:54,-5.283807966,5.297592825,-6.301920951
2026-02-23 22:11:04,-4.236268692,6.973691377,-5.169657378
2026-02-23 22:11:14,-3.370408304,5.906965326,-7.404488262
2026-02-23 22:11:24,-2.505563407,6.621356577,-7.003787181
2026-02-23 22:11:34,-0.827956941,6.768803879,-6.417212741
2026-02-23 22:11:44,-0.187009710,6.328929695,-7.389838941
2026-02-23 22:11:54,-1.630319346,6.608186333,-7.430934931
2026-02-23 22:12:04,-4.013296229,5.679341201,-7.108779493
2026-02-23 22:12:14,-2.766330074,4.559790354,-7.932776376
2026-02-23 22:12:24,-2.778069237,3.596178664,-8.350875625
2026-02-23 22:12:34,-0.868056333,3.064397800,-8.877577264
2026-02-23 22:12:44,3.165524722,3.717702766,-8.407713565
2026-02-23 22:12:54,2.655055128,3.091091324,-9.034087784
2026-02-23 22:13:04,2.323059370,4.082463616,-9.113774308
2026-02-23 22:13:14,1.560593941,3.897556447,-8.311488698
2026-02-23 22:13:24,1.310375930,3.953577990,-8.753877713
2026-02-23 22:13:34,1.055787665,3.965553820,-9.020228674
2026-02-23 22:13:44,1.761874224,1.702559323,-8.865553673
2026-02-23 22:13:54,2.225688722,1.191404020,-9.536603694
2026-02-23 22:14:04,4.429695201,1.187933888,-8.891457823
2026-02-23 22:14:14,3.701187505,1.095237702,-9.205270057
2026-02-23 22:14:24,4.393598730,0.013113107,-9.018599490
2026-02-23 22:14:34,4.660407912,0.791727543,-9.466432536
2026-02-23 22:14:44,3.543175857,1.432459931,-9.049754052
2026-02-23 22:14:54,3.163062363,1.165483611,-9.409839959
2026-02-23 22:15:04,4.472137382,2.431189139,-8.637666487
2026-02-23 22:15:14,3.857751839,1.404506613,-8.276333969
2026-02-23 22:15:24,4.857736538,1.208206014,-8.513798902
2026-02-23 22:15:34,5.001699296,1.353926189,-8.061326428
2026-02-23 22:15:44,5.147860636,1.914870722,-8.227874077
2026-02-23 22:15:54,4.955948074,0.361062770,-8.042498668
2026-02-23 22:16:04,4.918965804,1.185326440,-8.487732548
2026-02-23 22:16:14,4.775785555,-0.281414580,-8.699315380
2026-02-23 22:16:24,5.687353501,-0.358214651,-8.424159338
2026-02-23 22:16:34,4.557453505,0.113013269,-8.821603986
2026-02-23 22:16:44,4.749341709,0.836622619,-8.658143432
2026-02-23 22:16:54,4.861067354,0.240177964,-7.759766386
2026-02-23 22:17:04,5.766758781,1.462176165,-8.285399513
2026-02-23 22:17:14,5.951457753,1.042306922,-8.021497657
2026-02-23 22:17:24,5.110104659,0.713854806,-8.198273119
2026-02-23 22:17:34,5.288717768,1.226664673,-7.589522843
2026-02-23 22:17:44,5.364516071,0.911722526,-8.466784657
2026-02-23 22:17:54,5.367155813,1.131066821,-8.118996967
2026-02-23 22:18:04,5.442434141,1.528792165,-8.199013698
2026-02-23 22:18:14,4.422351546,1.275798407,-8.592830888
2026-02-23 22:18:24,5.128711874,0.992752598,-8.571677874
2026-02-23 22:18:34,4.997290338,0.265870604,-8.204150780
2026-02-23 22:18:44,5.070426716,-0.141987225,-8.568908534
2026-02-23 22:18:54,5.391731917,0.403039770,-8.237884265
2026-02-23 22:19:04,4.896965769,-0.252933025,-8.668229034
2026-02-23 22:19:14,4.608771609,0.279417436,-8.364533442
2026-02-23 22:19:24,4.356748090,1.005824797,-8.938863806
2026-02-23 22:19:34,5.622196148,1.058010503,-8.363246384
2026-02-23 22:19:44,4.779516345,2.212062551,-8.600841949
2026-02-23 22:19:54,4.973143882,2.980615175,-7.807323214
2026-02-23 22:20:04,4.323826296,3.410646142,-7.815764397
2026-02-23 22:20:14,4.248632501,3.250363781,-8.215301655
2026-02-23 22:20:24,4.313797431,1.788222354,-7.815350664
2026-02-23 22:20:34,4.153939647,1.004526323,-9.207814243
2026-02-23 22:20:44,4.752168811,0.387527187,-8.724646682
2026-02-23 22:20:54,3.982391860,0.406190815,-8.802731114
2026-02-23 22:21:04,4.132231316,0.072713843,-8.610229499
2026-02-23 22:21:14,5.050976928,0.270557717,-8.609532484
2026-02-23 22:21:24,5.160501841,0.352476377,-8.527585684
2026-02-23 22:21:34,4.689961141,1.412785677,-8.790186490
2026-02-23 22:21:44,5.202988757,-0.269231317,-8.035663828
2026-02-23 22:21:54,4.903882406,-0.232200092,-7.926561834
2026-02-23 22:22:04,6.413383445,-0.087660689,-7.983788280
2026-02-23 22:22:14,4.687742222,-0.157178723,-8.644989780
2026-02-23 22:22:24,5.685741184,0.618392674,-8.160905924
2026-02-23 22:22:34,6.094265650,1.013755704,-7.625931399
2026-02-23 22:22:44,5.779885347,0.491366077,-7.792687234
2026-02-23 22:22:54,6.482530203,1.095261589,-8.228515784
2026-02-23 22:23:04,6.093748659,0.638437116,-8.191708393
2026-02-23 22:23:14,5.930769137,0.758574530,-7.568840126
2026-02-23 22:23:24,6.294939870,-0.456883667,-8.380343143
2026-02-23 22:23:34,6.571110637,0.031808063,-7.042515481
2026-02-23 22:23:44,7.452314657,0.818393137,-6.982240815
2026-02-23 22:23:54,7.173690334,1.739467018,-7.344458194
2026-02-23 22:24:04,6.380177293,1.635947903,-7.031920208
2026-02-23 22:24:14,6.521788568,1.288989782,-6.650688416
2026-02-23 22:24:24,6.471350436,1.296915716,-7.301405898
2026-02-23 22:24:34,5.812849730,1.730679743,-7.467348807
2026-02-23 22:24:44,6.117149632,1.308479119,-7.682553010
2026-02-23 22:24:54,5.289255353,1.359613533,-7.484836753
2026-02-23 22:25:04,6.013897005,1.348933136,-7.679224905
2026-02-23 22:25:14,5.988683014,1.113065657,-7.593820442
2026-02-23 22:25:24,6.077339497,1.174519965,-7.872875424
2026-02-23 22:25:34,5.519847254,0.894748799,-8.130788598
2026-02-23 22:25:44,4.971106151,0.334831328,-8.299025639
2026-02-23 22:25:54,5.403793170,-0.090488065,-8.046783614
2026-02-23 22:26:04,5.476481240,1.112701276,-7.840181587
2026-02-23 22:26:14,5.995152948,1.168497545,-7.563476106
2026-02-23 22:26:24,5.671128934,1.307269366,-7.901650805
2026-02-23 22:26:34,5.239062394,1.660533279,-8.664452134
2026-02-23 22:26:44,5.291225711,2.710071825,-7.968794414
2026-02-23 22:26:54,3.992862344,1.964610849,-8.987007708
2026-02-23 22:27:04,3.005212541,1.860857085,-9.611302923
2026-02-23 22:27:14,3.336165663,1.403971119,-9.513675934
2026-02-23 22:27:24,3.396026759,0.626155624,-8.894774066
2026-02-23 22:27:34,2.942439578,1.409826703,-8.769773102
2026-02-23 22:27:44,4.600818583,0.299683928,-8.243260072
2026-02-23 22:27:54,4.526445679,1.405522942,-9.182729486
2026-02-23 22:28:04,3.967306886,0.728289981,-8.475297618
2026-02-23 22:28:14,3.638695161,1.065002743,-8.816893788
2026-02-23 22:28:24,2.997366665,1.244333562,-9.249840038
2026-02-23 22:28:34,3.400275739,1.471329224,-9.140108008
2026-02-23 22:28:44,4.142861649,1.492655153,-9.029024984
2026-02-23 22:28:54,3.343948797,2.138758401,-8.511576282
2026-02-23 22:29:04,4.228650663,1.683667514,-8.796685281
2026-02-23 22:29:14,3.973904180,1.619327278,-8.697520981
2026-02-23 22:29:24,4.305854812,1.494661477,-8.898137093
2026-02-23 22:29:34,3.516151400,2.156258729,-9.003869428
2026-02-23 22:29:44,4.094027862,1.171043885,-8.960527554
2026-02-23 22:29:54,3.983162718,1.513562630,-9.295526689
2026-02-23 22:30:04,3.494430158,1.314268904,-9.235677903
2026-02-23 22:30:14,4.110311214,2.195284762,-8.244984831
2026-02-23 22:30:24,3.781696978,3.084204299,-8.913744310
2026-02-23 22:30:34,4.603579002,2.776792008,-8.549729591
2026-02-23 22:30:44,5.073353029,1.602912824,-8.572691273
2026-02-23 22:30:54,4.060673650,0.860982373,-8.069352607
2026-02-23 22:31:04,3.629739355,1.162873671,-9.577396056
2026-02-23 22:31:14,5.245189828,0.579024411,-8.887881236
2026-02-23 22:31:24,4.972475533,0.357990589,-8.310478563
2026-02-23 22:31:34,4.345199770,1.689761000,-8.447942742
2026-02-23 22:31:44,4.983581421,2.124567017,-8.851698587
2026-02-23 22:31:54,4.381757383,2.429309581,-8.079288947
2026-02-23 22:32:04,5.094380494,1.848233582,-7.861693827
2026-02-23 22:32:14,5.343311805,2.250996167,-8.327454903
2026-02-23 22:32:24,4.729445531,2.399983672,-8.186077335
2026-02-23 22:32:34,4.845546841,1.769960977,-8.560691509
2026-02-23 22:32:44,4.279783752,0.759847410,-8.757719271
2026-02-23 22:32:54,4.944942610,1.874817695,-8.330483480
2026-02-23 22:33:04,5.545514865,1.876085602,-7.718891989
2026-02-23 22:33:14,5.088835932,2.436089313,-7.724929017
2026-02-23 22:33:24,5.493906370,1.911417270,-8.029808111
2026-02-23 22:33:34,5.575263580,2.642575423,-7.943785863
2026-02-23 22:33:44,5.695699373,3.051686707,-7.144267955
2026-02-23 22:33:54,5.040030495,1.710083545,-7.547388546
2026-02-23 22:34:04,6.617556885,2.505330269,-7.317428385
2026-02-23 22:34:14,6.601085685,0.679360415,-7.703210189
2026-02-23 22:34:24,6.509807226,0.933667563,-8.483762303
2026-02-23 22:34:34,5.702316233,0.746359337,-8.245714835
2026-02-23 22:34:44,6.370198340,0.690845275,-6.403853252
2026-02-23 22:34:54,5.603458625,1.937734998,-7.277064317
2026-02-23 22:35:04,6.186563126,2.319554524,-7.672641845
2026-02-23 22:35:14,5.038358567,0.743239869,-8.219643352
2026-02-23 22:35:24,5.036059437,0.903991029,-8.014881930
2026-02-23 22:35:34,2.918037582,0.318727422,-9.548946726
2026-02-23 22:35:44,3.432320250,0.883312222,-9.359943808
2026-02-23 22:35:54,3.695165231,1.833006789,-8.014999352
2026-02-23 22:36:04,3.973239648,2.100818540,-8.421759160
2026-02-23 22:36:14,4.545803329,3.386386435,-8.492068281
2026-02-23 22:36:24,4.300550809,3.953836694,-7.664624237
2026-02-23 22:36:34,2.779729325,4.037026655,-8.662224134
2026-02-23 22:36:44,2.248789893,4.237124573,-7.989211593
2026-02-23 22:36:54,3.459706318,4.670107862,-6.757784897
2026-02-23 22:37:04,3.576469063,4.491825568,-7.902516518
2026-02-23 22:37:14,4.398358072,4.698139333,-7.638195322
2026-02-23 22:37:24,4.288770054,5.200348112,-6.783415799
2026-02-23 22:37:34,4.341644331,6.195759634,-6.086014385
2026-02-23 22:37:44,4.306417326,6.382945218,-7.131269917
2026-02-23 22:37:54,3.336596947,6.492190741,-7.272031672
2026-02-23 22:38:04,3.516371130,5.682607233,-7.446780578
2026-02-23 22:38:14,2.930341570,4.717150136,-8.058722049
2026-02-23 22:38:24,2.909780234,4.907677451,-8.257005621
2026-02-23 22:38:34,4.037692598,5.481124064,-7.380588108
2026-02-23 22:38:44,4.315101481,3.799370488,-7.495385956
2026-02-23 22:38:54,4.002643385,3.539253442,-7.740852437
2026-02-23 22:39:04,3.921482928,4.244978086,-7.982279017
2026-02-23 22:39:14,3.653768752,4.292827491,-8.098365827
2026-02-23 22:39:24,3.098346601,4.819129422,-7.912607965
2026-02-23 22:39:34,4.087876977,4.663127398,-7.572011862
2026-02-23 22:39:44,4.334221900,4.883723694,-8.444160952
2026-02-23 22:39:54,3.707866797,4.860589030,-7.878413210
2026-02-23 22:40:04,3.580573188,4.445736676,-7.513655119
2026-02-23 22:40:14,4.635420769,4.827760544,-6.969696546
2026-02-23 22:40:24,3.919803286,4.809466355,-6.891608543
2026-02-23 22:40:34,5.584555835,4.971419642,-6.379955482
2026-02-23 22:40:44,5.288947087,3.938741115,-6.893924157
2026-02-23 22:40:54,5.201685437,4.651668690,-7.175045470
2026-02-23 22:41:04,4.403091155,4.666900891,-7.070947128
2026-02-23 22:41:14,4.882536372,4.606497957,-7.501744810
2026-02-23 22:41:24,4.891685041,4.717697730,-6.970182934
2026-02-23 22:41:34,4.667707507,4.029302176,-7.261023951
2026-02-23 22:41:44,5.023578239,5.355898901,-6.996415507
2026-02-23 22:41:54,4.842966822,4.393070244,-7.013616490
2026-02-23 22:42:04,5.695320571,4.508154233,-6.735739083
2026-02-23 22:42:14,5.810875206,5.230623429,-6.595641462
2026-02-23 22:42:24,4.786439731,4.944347511,-6.435129266
2026-02-23 22:42:34,5.139403433,6.450126821,-5.620907376
2026-02-23 22:42:44,5.389209755,5.125122405,-6.031138213
2026-02-23 22:43:00,4.775438701,6.757585570,5.309226342
2026-02-23 22:43:10,0.987164345,9.494758966,2.365390545
2026-02-23 22:43:20,6.008465441,7.687670533,-0.705009665
2026-02-23 22:43:30,5.800441370,7.914616669,0.277598057
2026-02-23 22:43:40,5.964304835,7.745573058,-0.622369469
2026-02-23 22:43:50,7.351983426,6.355492923,-1.285477289
2026-02-23 22:44:00,9.765783550,0.781088698,-0.204872533
2026-02-23 22:44:10,9.384299646,2.258371605,-1.659983018
2026-02-23 22:44:20,9.032861719,3.761402261,0.627933876
2026-02-23 22:44:30,8.589786640,3.953771758,2.496755919
2026-02-23 22:44:40,9.147547186,2.423823467,2.508270119
2026-02-23 22:44:50,9.468464649,2.573293387,0.056079959
2026-02-23 22:45:00,9.407945220,2.504063837,0.985502157
2026-02-23 22:45:10,9.760010751,-0.489218153,0.683194120
2026-02-23 22:45:20,9.735162501,-0.167195902,1.220749530
2026-02-23 22:45:30,9.770178057,-0.810801068,-0.331789169
2026-02-23 22:45:40,9.723520498,-1.359708355,0.129501964
2026-02-23 22:45:50,9.506897148,-2.321990418,0.678564887
2026-02-23 22:46:00,9.819615541,0.093843717,0.567781281
2026-02-23 22:46:10,9.105727279,-2.602249586,2.686336457
2026-02-23 22:46:20,9.451651839,-2.467541752,-0.264177538
2026-02-23 22:46:30,6.546133616,-6.297811673,3.741325524
2026-02-23 22:46:40,4.787255463,-7.670473681,3.832159258
2026-02-23 22:46:50,4.485406301,-5.830159169,6.538421231
2026-02-23 22:47:00,4.626028310,-3.010063346,8.103893462
2026-02-23 22:47:10,5.321444106,-4.900343564,6.626725498
2026-02-23 22:47:20,6.081726762,-3.556516683,6.832294604
2026-02-23 22:47:30,4.180222197,-3.164732965,8.268791301
2026-02-23 22:47:40,4.363013323,-4.623801150,7.437360368
2026-02-23 22:47:50,3.521139221,-4.714743568,7.876474432
2026-02-23 22:48:00,4.961051568,-5.787209056,6.211978678
2026-02-23 22:48:10,5.304612421,-5.555264390,6.142751230
2026-02-23 22:48:20,5.837309385,-5.866751255,5.292696524
2026-02-23 22:48:30,5.118839471,-7.106978011,4.424610899
2026-02-23 22:48:40,5.993236491,-7.249691803,2.837369519
2026-02-23 22:48:50,6.761604871,-6.593274759,2.644834682
2026-02-23 22:49:00,5.816714140,-6.833675695,3.986522682
2026-02-23 22:49:10,5.758414287,-6.236993384,4.943494533
2026-02-23 22:49:20,5.019249182,-6.526969725,5.286098407
2026-02-23 22:49:30,5.519541559,-6.104095033,5.335345436
2026-02-23 22:49:40,5.279201152,-6.799259958,4.690529116
2026-02-23 22:49:50,4.720970459,-7.549532464,4.080611999
2026-02-23 22:50:00,3.933318550,-8.411403594,3.223171375
2026-02-23 22:50:10,3.822296674,-8.159432032,3.802093968
2026-02-23 22:50:20,2.036565459,-8.907132368,3.601506564
2026-02-23 22:50:30,1.564596552,-9.046285172,3.549627604
2026-02-23 22:50:40,1.463756364,-8.597644050,4.438871508
2026-02-23 22:50:50,1.453170161,-8.725638609,4.309000241
2026-02-23 22:51:00,0.469318008,-9.012367499,3.858323008
2026-02-23 22:51:10,2.283388846,-9.055811697,3.005505443
2026-02-23 22:51:20,0.688094922,-9.614632081,2.078405013
2026-02-23 22:51:30,0.271082980,-9.587783988,1.849232451
2026-02-23 22:51:40,0.820922792,-9.756336403,0.132366597
2026-02-23 22:51:50,-0.652521553,-9.799503220,-0.004368912
2026-02-23 22:52:00,1.245697279,-9.738715597,0.438839655
2026-02-23 22:52:10,-0.428790667,-9.800316042,0.413867968
2026-02-23 22:52:20,-0.080187970,-9.807819862,0.169753985
2026-02-23 22:52:30,0.138347277,-9.835031766,0.154730057
2026-02-23 22:52:40,0.692523063,-9.774469822,0.510244654
2026-02-23 22:52:50,0.182509647,-9.777367293,0.832250224
2026-02-23 22:53:00,0.119620334,-9.804314552,0.702551331
2026-02-23 22:53:10,0.301970594,-9.741310879,1.061822527
2026-02-23 22:53:20,0.013978839,-9.798312168,0.443571778
2026-02-23 22:53:30,0.373897070,-9.799535204,0.641951884
2026-02-23 22:53:40,0.421480669,-9.782468497,-0.414945012
2026-02-23 22:53:50,0.132518916,-9.719840076,-1.076681259
2026-02-23 22:54:00,1.516540329,-9.673251982,-0.817074859
2026-02-23 22:54:10,1.551376116,-9.666990464,-0.668681251
2026-02-23 22:54:20,2.022451884,-9.606378224,-0.337158143
2026-02-23 22:54:30,1.627542442,-9.633979114,0.736225456
2026-02-23 22:54:40,0.261659003,-9.719292719,1.448165424
2026-02-23 22:54:50,0.212400399,-9.815222511,0.165575926
2026-02-23 22:55:00,-1.054360079,-9.684830845,0.968133496
2026-02-23 22:55:10,0.103479384,-9.769512950,0.454252363
2026-02-23 22:55:20,-0.473703530,-9.726118880,1.209697262
2026-02-23 22:55:30,-1.646497210,-9.490852857,1.847237653
2026-02-23 22:55:40,-1.574632340,-9.477340665,1.982788303
2026-02-23 22:55:50,-0.891575311,-9.691085025,1.284706129
2026-02-23 22:56:00,0.534864149,-9.677678456,1.563372886
2026-02-23 22:56:10,2.016700739,-9.315498847,2.309555664
2026-02-23 22:56:20,3.569712297,-8.894225920,2.129023221
2026-02-23 22:56:30,5.996818497,-7.588943279,1.678201277
2026-02-23 22:56:40,5.902402119,-7.793162690,0.719954498
2026-02-23 22:56:50,6.434252765,-7.394104788,-0.202881736
2026-02-23 22:57:00,6.849557837,-7.018401342,-0.149638443
2026-02-23 22:57:10,7.165989679,-6.687051216,0.326306876
2026-02-23 22:57:20,5.111605300,-8.382095269,0.367077925
2026-02-23 22:57:30,4.113482559,-8.824968744,1.152448494
2026-02-23 22:57:40,4.781862719,-8.339789848,1.937307947
2026-02-23 22:57:50,6.088997482,-7.218711317,2.498219123
2026-02-23 22:58:00,5.093196380,-8.316606666,0.931380038
2026-02-23 22:58:10,5.487178353,-8.088089137,0.126555969
2026-02-23 22:58:20,3.754024436,-9.022312251,1.016521844
2026-02-23 22:58:30,3.495577418,-9.087432980,-1.024014019
2026-02-23 22:58:40,3.827896703,-9.007131340,-0.601584168
2026-02-23 22:58:50,2.664823898,-9.424540138,0.264789512
2026-02-23 22:59:00,1.498257197,-9.706478898,0.224634867
2026-02-23 22:59:10,2.610288228,-9.475534239,0.210468361
2026-02-23 22:59:20,2.544997784,-9.455473952,0.030585149
2026-02-23 22:59:30,1.982828201,-9.470969693,1.485272495
2026-02-23 22:59:40,2.643186740,-9.427990208,0.131186136
2026-02-23 22:59:50,1.249601744,-9.549624941,-1.711469026
2026-02-23 23:00:00,1.063532170,-9.565034119,-1.894138865
2026-02-23 23:00:10,0.744781593,-9.742691320,-0.793046008
2026-02-23 23:00:20,0.970572172,-9.717563876,-0.702077457
2026-02-23 23:00:30,0.569564376,-9.791426936,0.046847630
2026-02-23 23:00:40,0.909928685,-9.633657152,-1.393437080
2026-02-23 23:00:50,-0.664248053,-9.645193481,-1.732783699
2026-02-23 23:01:00,-1.497681644,-9.575243979,-1.558524688
2026-02-23 23:01:10,-2.790661290,-9.086973426,-2.238640146
2026-02-23 23:01:20,-2.757756682,-9.217210703,-2.007168836
2026-02-23 23:01:30,-2.928389755,-9.227314435,-1.525898373
2026-02-23 23:01:40,-3.022632753,-9.363606376,-0.028853531
2026-02-23 23:01:50,-3.177396147,-9.235770880,1.124858853
2026-02-23 23:02:00,-4.092361341,-8.579875319,2.458964418
2026-02-23 23:02:10,-3.354429341,-8.945511275,2.244479762
2026-02-23 23:02:20,-2.590509317,-9.466093710,0.523848402
2026-02-23 23:02:30,-3.996890624,-8.929956341,0.354636484
2026-02-23 23:02:40,-3.966921724,-9.013318655,0.053525113
2026-02-23 23:02:50,-2.507392040,-9.377505242,1.127741488
2026-02-23 23:03:00,-1.800387133,-9.583789734,1.259014573
2026-02-23 23:03:10,-0.057945036,-9.795911527,0.809069964
2026-02-23 23:03:20,-0.277386710,-9.818056543,0.350292435
2026-02-23 23:03:30,-0.265291193,-9.824522922,0.292499678
2026-02-23 23:03:40,-1.026788294,-9.785766511,0.121185974
2026-02-23 23:03:50,-1.776994039,-9.633308581,-0.366573564
2026-02-23 23:04:00,-1.057459723,-9.768066508,-0.076342680
2026-02-23 23:04:10,-0.485905535,-9.790270381,0.663930254
2026-02-23 23:04:20,-0.623292059,-9.454014543,2.599168603
2026-02-23 23:04:30,-1.643315332,-8.841454957,3.907369987
2026-02-23 23:04:40,-1.451226242,-9.050066002,3.390161286
2026-02-23 23:04:50,-2.115655489,-9.210345430,2.464893134
2026-02-23 23:05:00,-2.705507229,-8.919424729,3.103925767
2026-02-23 23:05:10,-2.324718017,-8.617791356,3.993029279
2026-02-23 23:05:20,-2.211211706,-8.443384646,4.507545821
2026-02-23 23:05:30,-0.904388423,-8.602969205,4.661355803
2026-02-23 23:05:40,-1.133749238,-8.660159316,4.475039434
2026-02-23 23:05:50,-0.093758239,-8.433893367,4.968815264
2026-02-23 23:06:00,0.789966687,-8.183133879,5.274203669
2026-02-23 23:06:10,1.610791671,-7.339397790,6.322201724
2026-02-23 23:06:20,1.211028889,-7.463349714,6.257481773
2026-02-23 23:06:30,1.578763263,-6.865704669,6.832952465
2026-02-23 23:06:40,2.804568278,-6.778804065,6.547559222
2026-02-23 23:06:50,2.722042290,-7.356629772,5.937283616
2026-02-23 23:07:00,3.156937394,-7.946852562,4.782758534
2026-02-23 23:07:10,3.931930694,-7.671364421,4.632354499
2026-02-23 23:07:20,4.027044858,-7.868061879,4.334363983
2026-02-23 23:07:30,4.312309369,-7.335149397,4.876791126
2026-02-23 23:07:40,3.867743012,-7.177292726,5.495703084
2026-02-23 23:07:50,3.116100934,-7.246601394,5.837558911
2026-02-23 23:08:00,2.268459633,-6.654078629,6.822702713
2026-02-23 23:08:10,0.493857117,-7.389415898,6.463996355
2026-02-23 23:08:20,-0.133620879,-7.545377175,6.289129847
2026-02-23 23:08:30,0.898050386,-7.892742085,5.774580770
2026-02-23 23:08:40,0.724135950,-8.122879117,5.486537550
2026-02-23 23:08:50,0.618953406,-8.304641866,5.177862471
2026-02-23 23:09:00,-0.130264347,-7.981405348,5.714602971
2026-02-23 23:09:10,0.351287235,-7.399762681,6.461573516
2026-02-23 23:09:20,0.936083804,-6.502826761,7.257936014
2026-02-23 23:09:30,1.746661782,-5.941986087,7.640862186
2026-02-23 23:09:40,0.624747601,-6.197280131,7.596870468
2026-02-23 23:09:50,0.981194790,-6.002911041,7.699365676
2026-02-23 23:10:00,0.394850156,-5.534644169,8.077428866
2026-02-23 23:10:10,0.774030093,-6.329063862,7.409848695
2026-02-23 23:10:20,-0.257522631,-6.712327989,7.134400276
2026-02-23 23:10:30,-0.192650855,-7.153706787,6.756759212
2026-02-23 23:10:40,-0.895701092,-7.064207056,6.752127170
2026-02-23 23:10:50,-0.625724610,-7.640379562,6.116383947
2026-02-23 23:11:00,-1.158710649,-7.635824753,6.080088414
2026-02-23 23:11:10,-1.212711757,-8.344375920,4.974792475
2026-02-23 23:11:20,-2.276421838,-8.106438423,5.074158782
2026-02-23 23:11:30,-2.593655199,-7.930861280,5.168423119
2026-02-23 23:11:40,-3.009184509,-7.911961125,4.965064449
2026-02-23 23:11:50,-3.089742112,-7.219038903,5.843574142
2026-02-23 23:12:00,-2.210705449,-7.487902513,5.901092616
2026-02-23 23:12:10,-2.465967319,-7.516323723,5.850611021
2026-02-23 23:12:20,-2.530656610,-7.374233358,6.033679845
2026-02-23 23:12:30,-2.256276558,-7.303290278,6.144042073
2026-02-23 23:12:40,-2.894347732,-7.562969030,5.547679080
2026-02-23 23:12:50,-3.152801051,-7.297405436,5.778130297
2026-02-23 23:13:00,-3.241471589,-7.301352304,5.691189395
2026-02-23 23:13:10,-3.835435583,-7.169460327,5.445721779
2026-02-23 23:13:20,-3.840715096,-7.384767510,5.243164620
2026-02-23 23:13:30,-4.048535729,-7.280758618,5.177854893
2026-02-23 23:13:40,-4.151091319,-6.891303116,5.605672773
2026-02-23 23:13:50,-4.428597618,-6.954307673,5.297009228
2026-02-23 23:14:00,-4.731471350,-7.084659127,4.895882818
2026-02-23 23:14:10,-5.284860207,-7.063417187,4.283257598
2026-02-23 23:14:20,-5.339901172,-6.818501184,4.579398884
2026-02-23 23:14:30,-5.967239885,-6.928276270,3.472050547
2026-02-23 23:14:40,-5.905054732,-6.965521480,3.583004343
2026-02-23 23:14:50,-6.075220706,-7.061986065,3.020195015
2026-02-23 23:15:00,-6.199321760,-6.767452702,3.527261622
2026-02-23 23:15:10,-6.347155274,-6.513713304,3.618614249
2026-02-23 23:15:20,-6.107278215,-6.787098750,3.645897927
2026-02-23 23:15:30,-6.387349035,-6.228282270,4.170159222
2026-02-23 23:15:40,-6.558801730,-6.327774849,3.598474477
2026-02-23 23:15:50,-6.239999930,-6.791755672,3.351109952
2026-02-23 23:16:00,-6.130650801,-6.832616465,3.416708023
2026-02-23 23:16:10,-6.556526818,-6.397097533,3.533848371
2026-02-23 23:16:20,-7.164684112,-5.564997561,3.677910297
2026-02-23 23:16:30,-7.085320890,-5.572549475,3.909235721
2026-02-23 23:16:40,-6.794961883,-6.237940927,3.309821076
2026-02-23 23:16:50,-6.721108745,-6.445063579,3.054625132
2026-02-23 23:17:00,-5.587451379,-7.018424651,3.979936750
2026-02-23 23:17:10,-4.899569485,-7.505540414,4.017044892
2026-02-23 23:17:20,-4.929286181,-7.612670837,3.746226507
2026-02-23 23:17:30,-4.937481920,-7.822102197,3.222063094
2026-02-23 23:17:40,-4.881339739,-7.608384714,3.686273604
2026-02-23 23:17:50,-5.301459894,-7.523964696,3.399444885
2026-02-23 23:18:00,-5.058652299,-7.663752148,3.406053078
2026-02-23 23:18:10,-5.514052099,-7.461810951,3.189446475
2026-02-23 23:18:20,-5.701636590,-7.435696575,2.988695799
2026-02-23 23:18:30,-6.077321607,-7.072770047,3.088217354
2026-02-23 23:18:40,-6.205923314,-7.062241904,2.961749028
2026-02-23 23:18:50,-6.599228713,-6.845885480,2.474490029
2026-02-23 23:19:00,-6.437611871,-7.101486239,2.195541794
2026-02-23 23:19:10,-6.190951495,-7.402857062,1.791251843
2026-02-23 23:19:20,-6.580285527,-7.141698800,1.309701272
2026-02-23 23:19:30,-6.748402830,-6.966385322,1.283975661
2026-02-23 23:19:40,-6.765251648,-6.950154605,1.408662668
2026-02-23 23:19:50,-6.880691000,-6.957511793,0.800876513
2026-02-23 23:20:00,-6.662716152,-7.164956881,0.262713978
2026-02-23 23:20:10,-6.617027018,-7.120820592,1.179021887
2026-02-23 23:20:20,-6.584696715,-7.303109677,0.024295245
2026-02-23 23:20:30,-6.275247500,-7.499324594,0.277123128
2026-02-23 23:20:40,-6.040556901,-7.709070769,0.820591761
2026-02-23 23:20:50,-5.206363378,-8.255398614,1.013808846
2026-02-23 23:21:00,-5.448511118,-7.940400067,1.845076255
2026-02-23 23:21:10,-5.183951089,-8.162128869,1.577546348
2026-02-23 23:21:20,-5.094731728,-8.350220705,1.329081813
2026-02-23 23:21:30,-5.526226982,-8.090289663,0.851573445
2026-02-23 23:21:40,-6.127068226,-7.643380960,0.779871109
2026-02-23 23:21:50,-6.332756304,-7.339564067,1.219021364
2026-02-23 23:22:00,-6.465403247,-7.307875062,1.016714471
2026-02-23 23:22:10,-6.136516312,-7.616050031,0.788343244
2026-02-23 23:22:20,-5.529162479,-8.098159618,0.704801049
2026-02-23 23:22:30,-5.453640170,-8.120340129,0.907084008
2026-02-23 23:22:40,-5.266023767,-8.224286872,0.969544748
2026-02-23 23:22:50,-5.401516024,-8.125949547,0.707430014
2026-02-23 23:23:00,-4.877677785,-8.375114273,1.358773278
2026-02-23 23:23:10,-4.813590967,-8.550402705,0.747880265
2026-02-23 23:23:20,-5.331118698,-8.240297789,0.129455898
2026-02-23 23:23:30,-5.649971982,-8.029786716,0.083944844
2026-02-23 23:23:40,-5.325363361,-8.250460261,-0.413767108
2026-02-23 23:23:50,-5.004027463,-8.429791387,-0.635668516
2026-02-23 23:24:00,-4.689437822,-8.567519021,-0.925748130
2026-02-23 23:24:10,-4.358946923,-8.648294063,-1.401840476
2026-02-23 23:24:20,-4.926497239,-8.322573912,-1.448530364
2026-02-23 23:24:30,-4.522720198,-8.551159647,-1.629902749
2026-02-23 23:24:40,-4.664616255,-8.470877476,-1.659732484
2026-02-23 23:24:50,-4.461656923,-8.625265522,-1.468382644
2026-02-23 23:25:00,-5.003940175,-8.340800423,-1.289025618
2026-02-23 23:25:10,-5.277581818,-8.226300271,-1.164406841
2026-02-23 23:25:20,-4.913945117,-8.310524044,-1.599390667
2026-02-23 23:25:30,-5.106176223,-8.225001011,-1.704892892
2026-02-23 23:25:40,-4.767969173,-8.278481830,-2.339555555
2026-02-23 23:25:50,-4.302772957,-8.393570404,-2.664633603
2026-02-23 23:26:00,-4.157939894,-8.590687302,-2.297566521
2026-02-23 23:26:10,-4.549368324,-8.362630329,-2.383474413
2026-02-23 23:26:20,-4.419412787,-8.462261784,-2.313523208
2026-02-23 23:26:30,-4.251826624,-8.335780416,-2.958340531
2026-02-23 23:26:40,-3.943634391,-8.407965816,-3.247438905
2026-02-23 23:26:50,-3.567947772,-8.534673909,-3.241300729
2026-02-23 23:27:00,-3.018938233,-8.907744209,-2.862199840
2026-02-23 23:27:10,-2.503773494,-9.111184421,-2.696719517
2026-02-23 23:27:20,-1.969946088,-9.124893112,-2.961953477
2026-02-23 23:27:30,-2.357181881,-8.929627077,-3.240355383
2026-02-23 23:27:40,-2.814056831,-8.904241211,-3.111886396
2026-02-23 23:27:50,-2.905859418,-8.895070565,-3.024217758
2026-02-23 23:28:00,-2.676003147,-8.964725635,-2.932495059
2026-02-23 23:28:10,-3.109404202,-8.716638302,-3.329652535
2026-02-23 23:28:20,-3.411288757,-8.595197366,-3.347443509
2026-02-23 23:28:30,-3.045024383,-8.613870355,-3.586084846
2026-02-23 23:28:40,-3.028098477,-8.589150928,-3.708143396
2026-02-23 23:28:50,-2.671318954,-8.768215895,-3.501856259
2026-02-23 23:29:00,-2.783071390,-9.128764146,-2.382966875
2026-02-23 23:29:10,-2.729690059,-9.261401182,-1.710378478
2026-02-23 23:29:20,-3.175172164,-9.177948519,-1.447034728
2026-02-23 23:29:30,-3.135515452,-9.193846959,-1.225128967
2026-02-23 23:29:40,-3.473699626,-9.119783342,-0.706992020
2026-02-23 23:29:50,-3.159333185,-9.276907381,-0.618006139
2026-02-23 23:30:00,-3.003099665,-9.234306080,-1.270130724
2026-02-23 23:30:10,-2.430439295,-9.296330769,-1.781118691
2026-02-23 23:30:20,-2.302672677,-9.310828535,-1.975533579
2026-02-23 23:30:30,-1.726342925,-9.497067778,-1.912938837
2026-02-23 23:30:40,-2.652462095,-9.158072793,-2.252945243
2026-02-23 23:30:50,-1.786324551,-9.397011470,-2.205481867
2026-02-23 23:31:00,-1.679328938,-9.581417660,-1.540393668
2026-02-23 23:31:10,-1.991827391,-9.524307693,-0.848316504
2026-02-23 23:31:20,-1.749278352,-9.630240826,-0.962042287
2026-02-23 23:31:30,-1.756750885,-9.659812015,-0.610574071
2026-02-23 23:31:40,-2.156209805,-9.550574766,-0.983364966
2026-02-23 23:31:50,-2.182846663,-9.557131671,-0.600073001
2026-02-23 23:32:00,-1.749309279,-9.597918692,-0.653695266
2026-02-23 23:32:10,-2.384925697,-9.506097938,-0.659754592
2026-02-23 23:32:20,-2.634921236,-9.415270079,-0.705423810
2026-02-23 23:32:30,-2.537282483,-9.468113843,-0.557937097
2026-02-23 23:32:40,-2.931258004,-9.331237860,-0.088004518
2026-02-23 23:32:50,-3.400666828,-9.216836322,0.163773490
2026-02-23 23:33:00,-3.414751453,-9.226481603,0.238882160
2026-02-23 23:33:10,-3.341764201,-9.242783815,0.166415994
2026-02-23 23:33:20,-2.949756410,-9.298414029,0.510239816
2026-02-23 23:33:30,-3.225909308,-9.258797165,0.195076026
2026-02-23 23:33:40,-3.781324171,-9.029930313,0.254339055
2026-02-23 23:33:50,-3.958976358,-8.958111095,0.137950666
2026-02-23 23:34:00,-3.885417562,-9.009979283,0.480857527
2026-02-23 23:34:10,-3.233624545,-9.243198479,0.376979014
2026-02-23 23:34:20,-3.680232996,-9.055211188,0.812984794
2026-02-23 23:34:30,-3.535520086,-9.096910976,1.087827579
2026-02-23 23:34:40,-2.964764848,-9.251346010,1.528433543
2026-02-23 23:34:50,-2.747424919,-9.300350215,1.426407715
2026-02-23 23:35:00,-2.408547988,-9.413849174,1.192687141
2026-02-23 23:35:10,-1.847228837,-9.622637189,1.055968645
2026-02-23 23:35:20,-1.684441990,-9.558082037,1.188717205
2026-02-23 23:35:30,-1.787981196,-9.604887238,0.987558120
2026-02-23 23:35:40,-2.487031950,-9.440502174,0.894760286
2026-02-23 23:35:50,-2.547173437,-9.365268634,1.345546722
2026-02-23 23:36:00,-2.169198498,-9.452984395,1.415540047
2026-02-23 23:36:10,-2.267551566,-9.510572500,1.058996055
2026-02-23 23:36:20,-1.868619498,-9.601578683,1.001080048
2026-02-23 23:36:30,-2.071294563,-9.462096533,1.534245363
2026-02-23 23:36:40,-2.044885725,-9.461170859,1.447736192
2026-02-23 23:36:50,-2.101348336,-9.302793694,2.335487781
2026-02-23 23:37:00,-1.782143599,-9.152316387,3.034581327
2026-02-23 23:37:10,-1.685773686,-9.321575483,2.708610717
2026-02-23 23:37:20,-0.718184363,-9.375096864,2.810325691
2026-02-23 23:37:30,-0.798251156,-9.470930228,2.437033872
2026-02-23 23:37:40,-0.236235452,-9.631356929,1.853859683
2026-02-23 23:37:50,-0.714451225,-9.557586954,1.984426925
2026-02-23 23:38:00,-1.260628877,-9.561490709,1.776159780
2026-02-23 23:38:10,-0.445691421,-9.540041572,2.232588344
2026-02-23 23:38:20,-0.833515199,-9.588897851,1.969916168
2026-02-23 23:38:30,-0.459761371,-9.600615913,1.906697592
2026-02-23 23:38:40,-1.430637291,-9.619219339,1.202022803
2026-02-23 23:38:50,-1.330788696,-9.558129512,1.579801734
2026-02-23 23:39:00,-1.849787647,-9.421727531,1.920965400
2026-02-23 23:39:10,-1.749794235,-9.517678209,1.722040474
2026-02-23 23:39:20,-2.240469859,-9.437000826,1.279446089
2026-02-23 23:39:30,-2.079190527,-9.511145645,1.393049297
2026-02-23 23:39:40,-2.598177173,-9.423442524,0.733729941
2026-02-23 23:39:50,-3.012531469,-9.271240139,0.977660741
2026-02-23 23:40:00,-3.015677172,-9.233428959,1.389181694
2026-02-23 23:40:10,-2.856119037,-9.262694814,1.599573778
2026-02-23 23:40:20,-2.973354332,-9.226208039,1.587697450
2026-02-23 23:40:30,-2.915844796,-9.282928272,1.269136150
2026-02-23 23:40:40,-2.477527844,-9.340946491,1.342716994
2026-02-23 23:40:50,-2.901931167,-9.258135764,1.115343877
2026-02-23 23:41:00,-2.551866346,-9.352245535,1.752387695
2026-02-23 23:41:10,-2.729400671,-9.233657128,1.671500094
2026-02-23 23:41:20,-3.442955914,-9.050963048,1.618359223
2026-02-23 23:41:30,-3.308969987,-9.046518232,1.905334134
2026-02-23 23:41:40,-3.919276115,-8.847535360,1.677936524
2026-02-23 23:41:50,-4.147671237,-8.706532524,1.879357448
2026-02-23 23:42:00,-4.050596127,-8.756638102,1.770167871
2026-02-23 23:42:10,-4.023169688,-8.854874237,1.369583896
2026-02-23 23:42:20,-3.998016368,-8.790717334,1.735036752
2026-02-23 23:42:30,-4.115891718,-8.532328656,2.540251813
2026-02-23 23:42:40,-4.021730855,-8.686998791,2.278644868
2026-02-23 23:42:50,-3.812654406,-8.827230757,1.794773501
2026-02-23 23:43:00,-4.158079846,-8.791785666,1.489839293
2026-02-23 23:43:10,-4.475509190,-8.702641013,0.945953572
2026-02-23 23:43:20,-4.106211199,-8.846170373,0.823882059
2026-02-23 23:43:30,-4.209709355,-8.863412721,0.561613658
2026-02-23 23:43:40,-4.300191026,-8.831774635,0.318679228
2026-02-23 23:43:50,-4.413850675,-8.796457826,-0.112694307
2026-02-23 23:44:00,-4.440535400,-8.773271746,-0.267874972
2026-02-23 23:44:10,-4.398129926,-8.724972563,-0.028849465
2026-02-23 23:44:20,-4.257877466,-8.851357441,-0.103241705
2026-02-23 23:44:30,-4.696452765,-8.619328897,0.120931874
2026-02-23 23:44:40,-4.544887498,-8.659949307,-0.040691226
2026-02-23 23:44:50,-5.095907100,-8.361209435,-0.497535801
2026-02-23 23:45:00,-5.001125211,-8.439546112,-0.680922105
2026-02-23 23:45:10,-5.356443135,-8.192841392,-0.234848102
2026-02-23 23:45:20,-5.408585745,-8.208283730,0.031744710
2026-02-23 23:45:30,-6.008583806,-7.736706651,0.170135125
2026-02-23 23:45:40,-5.823352311,-7.884443222,0.270624587
2026-02-23 23:45:50,-6.067162729,-7.658144876,0.448257401
2026-02-23 23:46:00,-6.073649045,-7.692251526,0.571850155
2026-02-23 23:46:10,-5.975988628,-7.777342505,0.860046133
2026-02-23 23:46:20,-6.133565193,-7.599688222,0.642331984
2026-02-23 23:46:30,-5.840407202,-7.849950598,1.027625675
2026-02-23 23:46:40,-5.485628639,-8.041114104,1.120540872
2026-02-23 23:46:50,-5.562031123,-7.992087590,0.877549888
2026-02-23 23:47:00,-5.428258800,-8.175170275,0.391553410
2026-02-23 23:47:10,-5.491210832,-8.142307314,0.312692628
2026-02-23 23:47:20,-5.599292690,-8.041733087,0.269112816
2026-02-23 23:47:30,-5.587977088,-8.041421318,0.094638279
2026-02-23 23:47:40,-5.305069233,-8.267963784,0.338054358
2026-02-23 23:47:50,-5.521981073,-8.088002126,0.576453287
2026-02-23 23:48:00,-5.301672314,-8.249276929,0.624213723
2026-02-23 23:48:10,-5.134108941,-8.341831770,0.523364070
2026-02-23 23:48:20,-5.535740365,-8.070387995,0.197530324
2026-02-23 23:48:30,-5.342951197,-8.182208750,0.554535946
2026-02-23 23:48:40,-5.468024501,-8.130531831,0.250674023
2026-02-23 23:48:50,-5.679389562,-8.017608545,0.146835542
2026-02-23 23:49:00,-5.573208704,-8.123810670,0.213345137
2026-02-23 23:49:10,-5.661390211,-7.978250580,-0.305817228
2026-02-23 23:49:20,-5.255410318,-8.260952242,-0.262156499
2026-02-23 23:49:30,-5.184164670,-8.319567064,-0.358427720
2026-02-23 23:49:40,-5.003395901,-8.435675463,-0.517168063
2026-02-23 23:49:50,-5.000550394,-8.447699244,-0.415770807
2026-02-23 23:50:00,-4.744438281,-8.562815205,-0.691030142
2026-02-23 23:50:10,-5.126245227,-8.347367300,-0.459401640
2026-02-23 23:50:20,-4.936935733,-8.430076210,-0.647474052
2026-02-23 23:50:30,-4.784822274,-8.565134742,-0.504996865
2026-02-23 23:50:40,-4.934527925,-8.437697103,-0.809235379
2026-02-23 23:50:50,-4.707496625,-8.534186727,-0.948146756
2026-02-23 23:51:00,-4.714936422,-8.587507268,-0.855435081
2026-02-23 23:51:10,-4.388190582,-8.722412743,-0.869091043
2026-02-23 23:51:20,-4.071652251,-8.871207054,-0.948120581
2026-02-23 23:51:30,-4.464770182,-8.627814441,-1.197230046
2026-02-23 23:51:40,-4.229836036,-8.746330532,-1.047617712
2026-02-23 23:51:50,-4.489993622,-8.680078730,-1.024332434
2026-02-23 23:52:00,-4.767436001,-8.502925966,-1.166970894
2026-02-23 23:52:10,-5.114967579,-8.284092929,-1.152592713
2026-02-23 23:52:20,-4.594676980,-8.599207900,-1.120335075
2026-02-23 23:52:30,-4.712309058,-8.558815153,-1.084791363
2026-02-23 23:52:40,-4.489569163,-8.668116112,-1.197137562
2026-02-23 23:52:50,-4.436938397,-8.690266392,-1.115433166
2026-02-23 23:53:00,-4.509501698,-8.585397249,-1.433821571
2026-02-23 23:53:10,-4.583663375,-8.585608647,-1.244008176
2026-02-23 23:53:20,-4.601332922,-8.525391792,-1.604671665
2026-02-23 23:53:30,-4.597816985,-8.496903867,-1.588001313
2026-02-23 23:53:40,-4.634880448,-8.585480646,-1.446436549
2026-02-23 23:53:50,-4.599707413,-8.553226950,-1.065608067
2026-02-23 23:54:00,-4.480003697,-8.643204071,-1.048440199
2026-02-23 23:54:10,-4.745068171,-8.539732988,-0.863210002
2026-02-23 23:54:20,-4.451586663,-8.705413667,-0.996382621
2026-02-23 23:54:30,-4.152044030,-8.771556425,-1.529898615
2026-02-23 23:54:40,-4.061662494,-8.854671311,-1.215670073
2026-02-23 23:54:50,-4.181494008,-8.806906604,-1.001536493
2026-02-23 23:55:00,-4.390995225,-8.721826215,-0.912066135
2026-02-23 23:55:10,-4.348735694,-8.746010410,-0.926220462
2026-02-23 23:55:20,-4.062599596,-8.866861577,-1.128909106
2026-02-23 23:55:30,-3.788733829,-8.918906469,-1.423638412
2026-02-23 23:55:40,-3.765207677,-8.938582332,-1.395839752
2026-02-23 23:55:50,-3.693699720,-9.042938592,-1.310515089
2026-02-23 23:56:00,-3.540892837,-9.086875685,-0.919307626
2026-02-23 23:56:10,-3.358431245,-9.150085934,-0.646154099
2026-02-23 23:56:20,-3.449565390,-9.117386009,-0.744321360
2026-02-23 23:56:30,-3.688091516,-9.101456904,-0.532766445
2026-02-23 23:56:40,-3.406317562,-9.190857676,-0.651783848
2026-02-23 23:56:50,-3.359225013,-9.181030357,-0.678255984
2026-02-23 23:57:00,-3.583749899,-9.083873722,-0.738483000
2026-02-23 23:57:10,-3.813529307,-9.029320333,-0.640202136
2026-02-23 23:57:20,-3.639488588,-8.997363192,-1.205690891
2026-02-23 23:57:30,-3.550654880,-9.106233188,-0.982264142
2026-02-23 23:57:40,-3.625645726,-9.056495831,-1.054508018
2026-02-23 23:57:50,-3.458917280,-9.113709996,-0.877430743
2026-02-23 23:58:00,-3.159174834,-9.235465334,-0.956369245
2026-02-23 23:58:10,-3.122836398,-9.250355684,-1.070066222
2026-02-23 23:58:20,-3.288805518,-9.110951953,-1.276470589
2026-02-23 23:58:30,-3.193595814,-9.117297975,-1.396040423
2026-02-23 23:58:40,-3.367708158,-9.099717469,-1.405007877
2026-02-23 23:58:50,-3.179717721,-9.141116028,-1.576495881
2026-02-23 23:59:00,-3.189778568,-9.164949557,-1.457927023
2026-02-23 23:59:10,-3.210358613,-9.163127053,-1.334639635
2026-02-23 23:59:20,-3.274503877,-9.133281784,-1.527779984
2026-02-23 23:59:30,-3.278151970,-9.139692316,-1.267247335
2026-02-23 23:59:40,-3.289839296,-9.164154520,-1.294862031
2026-02-23 23:59:50,-3.391441997,-9.069114982,-1.542640015
2026-02-24 00:00:00,-3.532335610,-8.972653913,-1.686212946
2026-02-24 00:00:10,-3.095957930,-9.195606664,-1.597830893
2026-02-24 00:00:20,-3.287863953,-9.133438329,-1.501538912
2026-02-24 00:00:30,-3.100007077,-9.170567054,-1.577744384
2026-02-24 00:00:40,-2.614759864,-9.354688424,-1.399853212
2026-02-24 00:00:50,-2.251205647,-9.394655235,-1.691196324
2026-02-24 00:01:00,-2.382875906,-9.380784342,-1.622409080
2026-02-24 00:01:10,-2.311931175,-9.424779798,-1.597338835
2026-02-24 00:01:20,-2.370925938,-9.360994221,-1.803735034
2026-02-24 00:01:30,-2.430073228,-9.309097384,-1.841031883
2026-02-24 00:01:40,-2.322707854,-9.391528884,-1.837269188
2026-02-24 00:01:50,-2.345266237,-9.344992687,-1.764509908
2026-02-24 00:02:00,-2.090032283,-9.366559412,-2.006362766
2026-02-24 00:02:10,-2.295601267,-9.331574415,-1.905445638
2026-02-24 00:02:20,-2.135300101,-9.345124700,-1.918383325
2026-02-24 00:02:30,-2.339687469,-9.366740600,-1.742283026
2026-02-24 00:02:40,-2.340977254,-9.347090944,-1.776065422
2026-02-24 00:02:50,-2.437956206,-9.349247330,-1.769466195
2026-02-24 00:03:00,-2.417089730,-9.358254562,-1.811551332
2026-02-24 00:03:10,-2.178306258,-9.345347967,-2.141480148
2026-02-24 00:03:20,-2.325942971,-9.328508721,-2.009966774
2026-02-24 00:03:30,-2.468009581,-9.266301831,-1.954934477
2026-02-24 00:03:40,-2.497334273,-9.180797759,-2.370074376
2026-02-24 00:03:50,-2.663137546,-9.066964745,-2.560991340
2026-02-24 00:04:00,-2.808005170,-9.077025074,-2.514176411
2026-02-24 00:04:10,-2.950804933,-9.041198779,-2.515258134
2026-02-24 00:04:20,-3.152838465,-8.820620005,-2.742074658
2026-02-24 00:04:30,-3.115016749,-8.815611123,-2.882610579
2026-02-24 00:04:40,-3.185947842,-8.859233646,-2.850072095
2026-02-24 00:04:50,-3.340146464,-8.831116134,-2.739952563
2026-02-24 00:05:00,-3.312996464,-8.832348656,-2.718632488
2026-02-24 00:05:10,-3.523970808,-8.767495095,-2.574892296
2026-02-24 00:05:20,-3.636385860,-8.859584477,-2.173137986
2026-02-24 00:05:30,-3.462397714,-8.913131890,-2.187033141
2026-02-24 00:05:40,-3.730100075,-8.850924790,-1.934194515
2026-02-24 00:05:50,-3.986764973,-8.788637710,-1.744604444
2026-02-24 00:06:00,-4.200188169,-8.575673469,-2.304808266
2026-02-24 00:06:10,-3.917598513,-8.631066262,-2.327248683
2026-02-24 00:06:20,-4.008055057,-8.626299626,-2.376118061
2026-02-24 00:06:30,-3.726207923,-8.755153122,-2.396893849
2026-02-24 00:06:40,-3.256962993,-8.948288774,-2.410366176
2026-02-24 00:06:50,-3.064838908,-8.928350121,-2.661922725
2026-02-24 00:07:00,-3.009837794,-8.903702724,-2.812929970
2026-02-24 00:07:10,-2.853455840,-8.946450585,-2.852859890
2026-02-24 00:07:20,-2.568048344,-8.973239020,-2.925627880
2026-02-24 00:07:30,-2.701778022,-9.010102103,-2.828130924
2026-02-24 00:07:40,-2.567599484,-9.014010950,-3.013157051
2026-02-24 00:07:50,-2.646199576,-8.987938129,-2.837478989
2026-02-24 00:08:00,-2.693755717,-8.959269203,-3.014131521
2026-02-24 00:08:10,-2.552745549,-8.888418341,-3.222623827
2026-02-24 00:08:20,-2.604119695,-8.877235586,-3.246437207
2026-02-24 00:08:30,-2.546379291,-9.033383122,-2.956438113
2026-02-24 00:08:40,-2.784847670,-8.943856145,-2.811133377
2026-02-24 00:08:50,-2.601289962,-8.853386521,-3.309492646
2026-02-24 00:09:00,-2.557047536,-8.825899400,-3.466129510
2026-02-24 00:09:10,-2.634472705,-8.798796247,-3.495240617
2026-02-24 00:09:20,-2.724836743,-8.735588160,-3.506388766
2026-02-24 00:09:30,-2.710261874,-8.705766458,-3.666579735
2026-02-24 00:09:40,-2.702564462,-8.663936450,-3.760930996
2026-02-24 00:09:50,-2.476679263,-8.705190048,-3.786965317
2026-02-24 00:10:00,-2.629500605,-8.693536711,-3.766485444
2026-02-24 00:10:10,-2.790116943,-8.653634562,-3.728764478
2026-02-24 00:10:20,-3.110085717,-8.495432622,-3.714501116
2026-02-24 00:10:30,-3.287477783,-8.533296743,-3.550055863
2026-02-24 00:10:40,-3.448565998,-8.509701394,-3.448190942
2026-02-24 00:10:50,-3.323285186,-8.579387786,-3.442778230
2026-02-24 00:11:00,-3.370552548,-8.585638438,-3.297444486
2026-02-24 00:11:10,-3.654381029,-8.592583327,-2.991230426
2026-02-24 00:11:20,-3.682203634,-8.633204064,-2.994366110
2026-02-24 00:11:30,-3.766699060,-8.539942869,-3.021643820
2026-02-24 00:11:40,-3.924640835,-8.450734635,-3.029649546
2026-02-24 00:11:50,-4.001491090,-8.433270125,-3.021031499
2026-02-24 00:12:00,-3.950504289,-8.394459175,-3.191190928
2026-02-24 00:12:10,-4.011821066,-8.418701050,-3.058233755
2026-02-24 00:12:20,-3.957698812,-8.527840088,-2.930790113
2026-02-24 00:12:30,-4.069332897,-8.375347114,-2.950332552
2026-02-24 00:12:40,-4.022952168,-8.524152764,-2.637181266
2026-02-24 00:12:50,-4.278233848,-8.411671138,-2.676549818
2026-02-24 00:13:00,-4.260556192,-8.446837628,-2.652607673
2026-02-24 00:13:10,-4.021865712,-8.326733061,-3.275076491
2026-02-24 00:13:20,-4.319491914,-8.193925175,-3.198558138
2026-02-24 00:13:30,-4.150760403,-8.284879094,-3.294574950
2026-02-24 00:13:40,-4.148196225,-8.183320680,-3.483331507
2026-02-24 00:13:50,-4.075692720,-8.213018341,-3.491867571
2026-02-24 00:14:00,-3.774398213,-8.169054455,-3.861543999
2026-02-24 00:14:10,-3.686355895,-8.061230341,-4.248782709
2026-02-24 00:14:20,-3.763020064,-8.078266812,-4.076718924
2026-02-24 00:14:30,-3.794796109,-7.859774637,-4.447246742
2026-02-24 00:14:40,-3.618772090,-8.021661646,-4.422452553
2026-02-24 00:14:50,-3.426902450,-8.130719280,-4.367663029
2026-02-24 00:15:00,-3.346779038,-8.176694375,-4.258343838
2026-02-24 00:15:10,-3.274856519,-8.279477072,-4.111849527
2026-02-24 00:15:20,-3.286918114,-8.232831224,-4.200644316
2026-02-24 00:15:30,-3.061019697,-8.175269201,-4.481242373
2026-02-24 00:15:40,-3.141747714,-8.127101150,-4.465639733
2026-02-24 00:15:50,-3.224724308,-8.013018503,-4.601548452
2026-02-24 00:16:00,-3.217696577,-8.126448416,-4.447880287
2026-02-24 00:16:10,-3.366136056,-8.179865588,-4.258707221
2026-02-24 00:16:20,-3.169655286,-8.324097858,-4.119799324
2026-02-24 00:16:30,-3.327068522,-8.317047046,-4.000681054
2026-02-24 00:16:40,-3.207041591,-8.233578217,-4.157171261
2026-02-24 00:16:50,-3.250698321,-8.311539706,-4.010490252
2026-02-24 00:17:00,-3.044862533,-8.354811507,-4.144460748
2026-02-24 00:17:10,-2.738994127,-8.384825831,-4.298836108
2026-02-24 00:17:20,-2.552858299,-8.468361680,-4.306799799
2026-02-24 00:17:30,-2.417319435,-8.285145105,-4.623227972
2026-02-24 00:17:40,-2.243701243,-8.370880189,-4.599936353
2026-02-24 00:17:50,-2.208715558,-8.459582976,-4.517049300
2026-02-24 00:18:00,-2.279583478,-8.437359993,-4.442940025
2026-02-24 00:18:10,-1.986780181,-8.546061278,-4.367727446
2026-02-24 00:18:20,-2.088438995,-8.585115304,-4.258212592
2026-02-24 00:18:30,-2.201638550,-8.551356868,-4.302667503
2026-02-24 00:18:40,-2.383884126,-8.609052924,-4.125963833
2026-02-24 00:18:50,-2.474008319,-8.476748569,-4.286964596
2026-02-24 00:19:00,-2.548063410,-8.403065740,-4.368440893
2026-02-24 00:19:10,-2.718457195,-8.316738761,-4.389907196
2026-02-24 00:19:20,-2.772520201,-8.333171684,-4.411215134
2026-02-24 00:19:30,-2.554927121,-8.406128306,-4.349550347
2026-02-24 00:19:40,-2.712154042,-8.254219013,-4.530026133
2026-02-24 00:19:50,-2.828244610,-8.192823979,-4.586806692
2026-02-24 00:20:00,-2.741337533,-8.376851185,-4.341710950
2026-02-24 00:20:10,-2.832920442,-8.409302015,-4.074160539
2026-02-24 00:20:20,-2.941603896,-8.379867933,-4.217991197
2026-02-24 00:20:30,-2.859032657,-8.442122731,-4.125762978
2026-02-24 00:20:40,-2.606196312,-8.461352716,-4.237717656
2026-02-24 00:20:50,-2.452948200,-8.442558382,-4.392231668
2026-02-24 00:21:00,-2.526465425,-8.432189972,-4.337650500
2026-02-24 00:21:10,-2.256673479,-8.475778021,-4.414550205
2026-02-24 00:21:20,-2.011112906,-8.487057534,-4.478336055
2026-02-24 00:21:30,-1.763198111,-8.594016849,-4.414988996
2026-02-24 00:21:40,-1.980360638,-8.507604645,-4.471308990
2026-02-24 00:21:50,-1.996915308,-8.533553742,-4.351729338
2026-02-24 00:22:00,-1.783949771,-8.640031075,-4.303189218
2026-02-24 00:22:10,-1.821869922,-8.623720476,-4.266390300
2026-02-24 00:22:20,-1.610581529,-8.720598221,-4.077911326
2026-02-24 00:22:30,-1.651577648,-8.905125446,-3.877975219
2026-02-24 00:22:40,-1.702497150,-8.797040983,-4.020559992
2026-02-24 00:22:50,-1.660206968,-8.801582109,-4.005964327
2026-02-24 00:23:00,-1.738192249,-8.710591379,-4.164378776
2026-02-24 00:23:10,-1.628863985,-8.635845489,-4.331569894
2026-02-24 00:23:20,-1.802981801,-8.559671327,-4.431658410
2026-02-24 00:23:30,-1.875079254,-8.608772399,-4.336814950
2026-02-24 00:23:40,-1.799973380,-8.604709450,-4.359560740
2026-02-24 00:23:50,-1.934383502,-8.556856114,-4.371427706
2026-02-24 00:24:00,-1.719911464,-8.588520478,-4.457038577
2026-02-24 00:24:10,-1.773818554,-8.570529054,-4.462055236
2026-02-24 00:24:20,-1.706945069,-8.659409257,-4.299677861
2026-02-24 00:24:30,-1.767849302,-8.696836617,-4.251671601
2026-02-24 00:24:40,-1.778072305,-8.736136504,-4.046549500
2026-02-24 00:24:50,-1.792190053,-8.769315376,-4.003268387
2026-02-24 00:25:00,-1.794548893,-8.810290640,-3.974056915
2026-02-24 00:25:10,-1.716794669,-8.809970667,-3.942608469
2026-02-24 00:25:20,-1.782866775,-8.886604076,-3.753847822
2026-02-24 00:25:30,-1.960069007,-8.837255362,-3.747715579
2026-02-24 00:25:40,-1.983845017,-8.818245068,-3.856464935
2026-02-24 00:25:50,-2.248474276,-8.830879095,-3.759644657
2026-02-24 00:26:00,-1.682934163,-8.855925748,-3.900719642
2026-02-24 00:26:10,-1.778250703,-8.809061441,-3.960022019
2026-02-24 00:26:20,-1.824355704,-8.784383104,-3.778449635
2026-02-24 00:26:30,-1.908219266,-8.808901704,-3.899695624
2026-02-24 00:26:40,-2.240127791,-8.766661235,-3.832521872
2026-02-24 00:26:50,-2.460891547,-8.675496822,-3.861648995
2026-02-24 00:27:00,-2.312005323,-8.680881743,-3.941021753
2026-02-24 00:27:10,-2.488304687,-8.610086753,-3.975228433
2026-02-24 00:27:20,-2.213392550,-8.655574528,-4.036669435
2026-02-24 00:27:30,-2.341573967,-8.610352373,-4.068697504
2026-02-24 00:27:40,-2.587637999,-8.563939557,-4.047682444
2026-02-24 00:27:50,-2.508117090,-8.705249553,-3.785302547
2026-02-24 00:28:00,-2.622672745,-8.636030013,-3.827035251
2026-02-24 00:28:10,-2.517407525,-8.687231534,-3.844676933
2026-02-24 00:28:20,-2.414655843,-8.695364161,-3.837220972
2026-02-24 00:28:30,-2.380279087,-8.594950660,-4.191615763
2026-02-24 00:28:40,-2.643832133,-8.508404308,-4.107568286
2026-02-24 00:28:50,-2.615389190,-8.534062083,-4.105171169
2026-02-24 00:29:00,-2.558311772,-8.569314561,-3.959812729
2026-02-24 00:29:10,-2.337409104,-8.665241169,-3.887321697
2026-02-24 00:29:20,-2.554337998,-8.663740340,-3.795368691
2026-02-24 00:29:30,-2.551003258,-8.657630664,-3.764831513
2026-02-24 00:29:40,-2.623394393,-8.622963110,-3.838993403
2026-02-24 00:29:50,-2.904719688,-8.534618972,-3.804244191
2026-02-24 00:30:00,-2.824478586,-8.572141708,-3.928320343
2026-02-24 00:30:10,-2.839922801,-8.499380946,-3.975822059
2026-02-24 00:30:20,-2.978761488,-8.383449266,-4.146665076
2026-02-24 00:30:30,-3.123940506,-8.372801149,-4.046858462
2026-02-24 00:30:40,-3.138114931,-8.368448436,-4.059133566
2026-02-24 00:30:50,-3.099370228,-8.251827779,-4.239414027
2026-02-24 00:31:00,-3.124672355,-8.366884511,-3.995279288
2026-02-24 00:31:10,-3.291108406,-8.260288427,-4.203916899
2026-02-24 00:31:20,-3.142212881,-8.247736901,-4.259869300
2026-02-24 00:31:30,-3.125100481,-8.313578887,-4.096410670
2026-02-24 00:31:40,-3.122138057,-8.278481439,-4.273170222
2026-02-24 00:31:50,-3.172759113,-8.147041243,-4.461456802
2026-02-24 00:32:00,-3.253008082,-8.171375577,-4.359731248
2026-02-24 00:32:10,-3.287277216,-8.034001483,-4.548473304
2026-02-24 00:32:20,-3.417201346,-7.969911506,-4.582235185
2026-02-24 00:32:30,-3.429530584,-7.916914795,-4.731708092
2026-02-24 00:32:40,-3.192913420,-8.010050780,-4.697922057
2026-02-24 00:32:50,-3.526368842,-7.933715891,-4.556811331
2026-02-24 00:33:00,-3.584250840,-7.827339884,-4.733320150
2026-02-24 00:33:10,-3.613052927,-7.879621000,-4.521578568
2026-02-24 00:33:20,-3.634451901,-7.935702314,-4.436158603
2026-02-24 00:33:30,-3.627232553,-7.998362324,-4.293481497
2026-02-24 00:33:40,-3.587318521,-8.025646438,-4.315859612
2026-02-24 00:33:50,-3.490745979,-7.902748439,-4.685254250
2026-02-24 00:34:00,-3.660791861,-7.737210621,-4.806862321
2026-02-24 00:34:10,-3.823453399,-7.707067665,-4.695933355
2026-02-24 00:34:20,-3.736087893,-7.716891082,-4.729456390
2026-02-24 00:34:30,-3.099704930,-7.978907862,-4.819570959
2026-02-24 00:34:40,-3.092198187,-8.031505185,-4.722649848
2026-02-24 00:34:50,-3.278172241,-7.950476824,-4.707019494
2026-02-24 00:35:00,-3.434096195,-8.066270523,-4.428021514
2026-02-24 00:35:10,-3.656099984,-8.016360986,-4.389328516
2026-02-24 00:35:20,-3.662952159,-7.988219489,-4.303205852
2026-02-24 00:35:30,-3.658510898,-8.068117314,-4.245649784
2026-02-24 00:35:40,-3.751430077,-7.898902589,-4.420431849
2026-02-24 00:35:50,-3.783617119,-7.846433459,-4.508652987
2026-02-24 00:36:00,-3.729011836,-7.837435532,-4.469313441
2026-02-24 00:36:10,-3.933389810,-7.954475762,-4.168001208
2026-02-24 00:36:20,-3.785683638,-8.071537698,-4.107197457
2026-02-24 00:36:30,-3.772154525,-8.160608079,-3.906043977
2026-02-24 00:36:40,-3.906977285,-8.123819551,-3.956214330
2026-02-24 00:36:50,-4.019636839,-8.192438710,-3.647959180
2026-02-24 00:37:00,-3.890810193,-8.263609512,-3.625867231
2026-02-24 00:37:10,-3.911057418,-8.214183220,-3.706861162
2026-02-24 00:37:20,-3.651235942,-8.204602108,-3.975416444
2026-02-24 00:37:30,-3.609532992,-8.156773293,-4.078620704
2026-02-24 00:37:40,-3.765251999,-8.008949878,-4.187090239
2026-02-24 00:37:50,-3.907457859,-8.149067879,-3.854868513
2026-02-24 00:38:00,-4.012814252,-8.209353388,-3.536665365
2026-02-24 00:38:10,-4.091959281,-8.207452607,-3.506938150
2026-02-24 00:38:20,-4.148086291,-8.166711297,-3.485016726
2026-02-24 00:38:30,-4.097221697,-8.227862147,-3.372075332
2026-02-24 00:38:40,-4.173031764,-8.198516918,-3.440523909
2026-02-24 00:38:50,-4.055993047,-8.255115608,-3.418523559
2026-02-24 00:39:00,-3.904162633,-8.305942576,-3.465500100
2026-02-24 00:39:10,-3.778646859,-8.226005988,-3.773739552
2026-02-24 00:39:20,-3.666085834,-8.279371143,-3.609269025
2026-02-24 00:39:30,-3.634533029,-8.309472210,-3.664499733
2026-02-24 00:39:40,-3.871319346,-8.233562487,-3.572644615
2026-02-24 00:39:50,-3.892042942,-8.254655152,-3.612647363
2026-02-24 00:40:00,-3.663186783,-8.401573587,-3.490623359
2026-02-24 00:40:10,-3.711148951,-8.337898205,-3.672310281
2026-02-24 00:40:20,-3.693619239,-8.423322456,-3.407281223
2026-02-24 00:40:30,-3.811607109,-8.299429015,-3.552157640
2026-02-24 00:40:40,-3.911598144,-8.398312561,-3.166963627
2026-02-24 00:40:50,-4.003404868,-8.392446327,-3.088281216
2026-02-24 00:41:00,-4.086705540,-8.361134526,-3.028774981
2026-02-24 00:41:10,-4.247439199,-8.284056911,-3.069038953
2026-02-24 00:41:20,-4.134636840,-8.369226218,-3.015373898
2026-02-24 00:41:30,-4.264525968,-8.303864818,-3.029914104
2026-02-24 00:41:40,-3.875931284,-8.573905209,-2.709652724
2026-02-24 00:41:50,-3.983371505,-8.487118482,-2.812621082
2026-02-24 00:42:00,-4.019204695,-8.461821845,-2.823746392
2026-02-24 00:42:10,-3.909881381,-8.557351308,-2.851048846
2026-02-24 00:42:20,-3.827006318,-8.645012815,-2.633137952
2026-02-24 00:42:30,-4.074759323,-8.622549075,-2.376107158
2026-02-24 00:42:40,-3.847038968,-8.598720028,-2.606131682
2026-02-24 00:42:50,-3.941825731,-8.522366437,-2.838612370
2026-02-24 00:43:00,-3.839014873,-8.610522675,-2.725222465
2026-02-24 00:43:10,-3.868836211,-8.629464061,-2.528466154
2026-02-24 00:43:20,-3.641027662,-8.725987135,-2.629529594
2026-02-24 00:43:30,-3.762147374,-8.651971432,-2.746747673
2026-02-24 00:43:40,-3.851413452,-8.599625249,-2.752377216
2026-02-24 00:43:50,-4.069744099,-8.518201290,-2.656460137
2026-02-24 00:44:00,-3.937151031,-8.633928110,-2.484712638
2026-02-24 00:44:10,-4.086199616,-8.635407804,-2.405602557
2026-02-24 00:44:20,-4.170000456,-8.522507855,-2.324430991
2026-02-24 00:44:30,-4.180650128,-8.599672755,-2.176079008
2026-02-24 00:44:40,-4.107519682,-8.613548689,-2.258423532
2026-02-24 00:44:50,-4.092711152,-8.592591221,-2.315855413
2026-02-24 00:45:00,-3.977793432,-8.715305135,-2.232706959
2026-02-24 00:45:10,-3.989687150,-8.619755790,-2.407400397
2026-02-24 00:45:20,-3.805000232,-8.689644800,-2.568413993
2026-02-24 00:45:30,-3.851289738,-8.645795258,-2.560927435
2026-02-24 00:45:40,-3.868876290,-8.650692286,-2.631517841
2026-02-24 00:45:50,-3.968296491,-8.545938234,-2.734553145
2026-02-24 00:46:00,-4.049493380,-8.508536157,-2.658941527
2026-02-24 00:46:10,-4.172834034,-8.520433300,-2.433140486
2026-02-24 00:46:20,-4.154738814,-8.529446858,-2.457500817
2026-02-24 00:46:30,-3.920138622,-8.719597954,-2.268806020
2026-02-24 00:46:40,-3.726121769,-8.794984443,-2.129618254
2026-02-24 00:46:50,-3.752704912,-8.845714304,-2.041218772
2026-02-24 00:47:00,-4.026190171,-8.725010009,-2.021517659
2026-02-24 00:47:10,-4.248947963,-8.588368022,-2.112921588
2026-02-24 00:47:20,-4.555873616,-8.397815469,-2.072550444
2026-02-24 00:47:30,-4.619798505,-8.420452961,-2.054872158
2026-02-24 00:47:40,-4.887067600,-8.273446173,-1.908554376
2026-02-24 00:47:50,-4.850844184,-8.381046210,-1.591375004
2026-02-24 00:48:00,-4.664163184,-8.459813776,-1.670918884
2026-02-24 00:48:10,-4.500248193,-8.551575772,-1.719243759
2026-02-24 00:48:20,-4.339970128,-8.552941146,-2.157613924
2026-02-24 00:48:30,-4.634551702,-8.361345895,-2.334534902
2026-02-24 00:48:40,-4.768793610,-8.243822163,-2.342371552
2026-02-24 00:48:50,-4.591106803,-8.355022115,-2.330855725
2026-02-24 00:49:00,-4.525938155,-8.295340888,-2.568011423
2026-02-24 00:49:10,-4.596215524,-8.346183890,-2.339217380
2026-02-24 00:49:20,-4.587521540,-8.346728352,-2.369457689
2026-02-24 00:49:30,-4.313199135,-8.403427093,-2.442828319
2026-02-24 00:49:40,-4.385105024,-8.489769645,-2.408018166
2026-02-24 00:49:50,-4.315858830,-8.435925683,-2.563816601
2026-02-24 00:50:00,-4.289996726,-8.512280010,-2.493850500
2026-02-24 00:50:10,-4.170947222,-8.593015885,-2.226566603
2026-02-24 00:50:20,-4.266911130,-8.613188830,-2.028938336
2026-02-24 00:50:30,-4.266398991,-8.592701646,-2.081249083
2026-02-24 00:50:40,-4.343841072,-8.523370505,-2.069317547
2026-02-24 00:50:50,-4.284206362,-8.608838390,-1.873146596
2026-02-24 00:51:00,-4.386974559,-8.565441444,-1.969254396
2026-02-24 00:51:10,-4.110741047,-8.652395131,-2.206909992
2026-02-24 00:51:20,-4.003557117,-8.644779576,-2.394985453
2026-02-24 00:51:30,-4.140035566,-8.570431741,-2.417424109
2026-02-24 00:51:40,-4.085484572,-8.565320905,-2.533657839
2026-02-24 00:51:50,-4.095881107,-8.638648087,-2.249501908
2026-02-24 00:52:00,-3.971350881,-8.707139242,-2.215094490
2026-02-24 00:52:10,-3.980200623,-8.695605525,-2.303842009
2026-02-24 00:52:20,-3.817757040,-8.728487826,-2.360259389
2026-02-24 00:52:30,-3.852271042,-8.800429056,-2.144819561
2026-02-24 00:52:40,-3.860365150,-8.809469301,-1.951096960
2026-02-24 00:52:50,-3.771037369,-8.876808057,-1.896927497
2026-02-24 00:53:00,-3.764852227,-8.858825129,-1.921571066
2026-02-24 00:53:10,-3.874822981,-8.747352034,-1.995683054
2026-02-24 00:53:20,-3.949237652,-8.746588126,-2.024642828
2026-02-24 00:53:30,-4.067494641,-8.699286568,-1.986446169
2026-02-24 00:53:40,-4.107006407,-8.740816715,-1.680653728
2026-02-24 00:53:50,-4.198360356,-8.754285566,-1.356305731
2026-02-24 00:54:00,-4.304367713,-8.699790725,-1.335032110
2026-02-24 00:54:10,-4.154010914,-8.759738014,-1.330590745
2026-02-24 00:54:20,-4.163805450,-8.782215441,-1.352610559
2026-02-24 00:54:30,-3.945723779,-8.880772295,-1.303607492
2026-02-24 00:54:40,-3.865222326,-8.960758231,-1.216217134
2026-02-24 00:54:50,-3.866992646,-8.971501729,-1.103776859
2026-02-24 00:55:00,-3.753550442,-8.986686962,-1.327876624
2026-02-24 00:55:10,-3.663921882,-8.981282085,-1.416124594
2026-02-24 00:55:20,-3.855098069,-8.889272184,-1.425287548
2026-02-24 00:55:30,-3.782531999,-8.944644299,-1.335313512
2026-02-24 00:55:40,-3.830364265,-8.891859794,-1.354413062
2026-02-24 00:55:50,-3.914637678,-8.830418884,-1.514458599
2026-02-24 00:56:00,-3.909949410,-8.881239360,-1.520510059
2026-02-24 00:56:10,-3.745745452,-9.007298410,-1.279166852
2026-02-24 00:56:20,-3.664574798,-9.037132625,-1.247390677
2026-02-24 00:56:30,-3.775559691,-8.972163153,-1.514453426
2026-02-24 00:56:40,-3.804039350,-8.842370398,-1.708211121
2026-02-24 00:56:50,-3.916451352,-8.861587452,-1.540721131
2026-02-24 00:57:00,-3.741089960,-8.932913207,-1.584008050
2026-02-24 00:57:10,-3.656977470,-8.990365660,-1.445160196
2026-02-24 00:57:20,-3.689078692,-8.982756595,-1.454697874
2026-02-24 00:57:30,-3.873297108,-8.917266199,-1.370907393
2026-02-24 00:57:40,-3.903932657,-8.871686035,-1.320756401
2026-02-24 00:57:50,-3.991797871,-8.842344704,-1.488089103
2026-02-24 00:58:00,-4.042014491,-8.830227176,-1.400271352
2026-02-24 00:58:10,-4.076707447,-8.804216243,-1.586799380
2026-02-24 00:58:20,-4.001573379,-8.841457689,-1.388399565
2026-02-24 00:58:30,-4.073313134,-8.812809535,-1.477166708
2026-02-24 00:58:40,-3.817095411,-8.994037325,-1.178383714
2026-02-24 00:58:50,-3.710267049,-9.063300822,-0.975736878
2026-02-24 00:59:00,-3.756459743,-9.017462110,-0.881762459
2026-02-24 00:59:10,-3.478381593,-9.141965556,-0.857444437
2026-02-24 00:59:20,-3.468419747,-9.132532453,-0.846586136
2026-02-24 00:59:30,-3.572700549,-9.109395229,-0.869172730
2026-02-24 00:59:40,-3.652375814,-9.022609255,-1.051589626
2026-02-24 00:59:50,-3.745386949,-9.033634972,-0.873997874
2026-02-24 01:00:00,-3.657385397,-9.069178214,-0.665646716
2026-02-24 01:00:10,-3.472053307,-9.129279248,-0.895228289
2026-02-24 01:00:20,-3.307615115,-9.201353509,-0.850662551
2026-02-24 01:00:30,-3.150587453,-9.263657113,-0.689335531
2026-02-24 01:00:40,-3.242382659,-9.236074541,-0.650237153
2026-02-24 01:00:50,-3.219336135,-9.236296512,-0.694249396
2026-02-24 01:01:00,-3.168543793,-9.252032283,-0.790893421
2026-02-24 01:01:10,-3.354634727,-9.192976644,-0.845915719
2026-02-24 01:01:20,-3.278014675,-9.222535350,-0.974516031
2026-02-24 01:01:30,-3.405187268,-9.225748775,-0.726287533
2026-02-24 01:01:40,-3.366029225,-9.210722298,-0.578701063
2026-02-24 01:01:50,-3.156983142,-9.253260932,-0.584577895
2026-02-24 01:02:00,-2.946330664,-9.347487406,-0.680445301
2026-02-24 01:02:10,-2.873012192,-9.346497593,-0.708801153
2026-02-24 01:02:20,-2.934592817,-9.357303785,-0.593623032
2026-02-24 01:02:30,-3.119773708,-9.293725604,-0.654814830
2026-02-24 01:02:40,-3.246856756,-9.212858715,-0.682379058
2026-02-24 01:02:50,-3.148850497,-9.257188081,-0.664358142
2026-02-24 01:03:00,-3.150368503,-9.317907035,-0.448505988
2026-02-24 01:03:10,-3.007770229,-9.337549271,-0.697523359
2026-02-24 01:03:20,-2.911958094,-9.328111054,-0.601683872
2026-02-24 01:03:30,-2.757044388,-9.397741120,-0.341799028
2026-02-24 01:03:40,-2.661565796,-9.453761241,-0.654297645
2026-02-24 01:03:50,-2.724633107,-9.357241020,-0.670593886
2026-02-24 01:04:00,-2.686001150,-9.435830125,-0.482230076
2026-02-24 01:04:10,-2.681171000,-9.434784978,-0.317162896
2026-02-24 01:04:20,-2.827513150,-9.378896334,-0.478774499
2026-02-24 01:04:30,-3.025224176,-9.322650463,-0.529312547
2026-02-24 01:04:40,-2.934903803,-9.307224208,-0.497328638
2026-02-24 01:04:50,-3.026727209,-9.357106789,-0.497818879
2026-02-24 01:05:00,-2.854299378,-9.353616531,-0.402396029
2026-02-24 01:05:10,-2.757883440,-9.369712048,-0.319639216
2026-02-24 01:05:20,-2.710154202,-9.416246415,-0.277519414
2026-02-24 01:05:30,-2.699502219,-9.475986578,-0.333228963
2026-02-24 01:05:40,-2.574389408,-9.441299066,-0.281247665
2026-02-24 01:05:50,-2.381622769,-9.537170548,-0.147581436
2026-02-24 01:06:00,-2.504600668,-9.496947559,-0.155663907
2026-02-24 01:06:10,-2.714624009,-9.435644354,-0.183237247
2026-02-24 01:06:20,-2.845546062,-9.360330037,-0.016342684
2026-02-24 01:06:30,-2.972117940,-9.343847016,0.010845946
2026-02-24 01:06:40,-3.055175046,-9.295474292,-0.112529110
2026-02-24 01:06:50,-3.180144100,-9.310552356,0.058942460
2026-02-24 01:07:00,-3.085390816,-9.316752619,0.009206579
2026-02-24 01:07:10,-3.123620324,-9.313723228,-0.042099420
2026-02-24 01:07:20,-3.325787198,-9.223915846,0.055047028
2026-02-24 01:07:30,-3.376712060,-9.205582547,0.294895148
2026-02-24 01:07:40,-3.469535253,-9.191934157,0.154181514
2026-02-24 01:07:50,-3.621015979,-9.115313439,0.156381199
2026-02-24 01:08:00,-3.542650050,-9.137074010,0.238775674
2026-02-24 01:08:10,-3.767498981,-9.034308712,0.313971290
2026-02-24 01:08:20,-3.712396672,-9.071159842,0.366210190
2026-02-24 01:08:30,-3.839394630,-8.995068104,0.498755004
2026-02-24 01:08:40,-3.814184737,-9.023043497,0.498880341
2026-02-24 01:08:50,-4.056974725,-8.933717351,0.365304638
2026-02-24 01:09:00,-4.141944471,-8.851379787,0.035954090
2026-02-24 01:09:10,-4.201473118,-8.877053710,0.008377352
2026-02-24 01:09:20,-4.006577205,-8.921299114,0.238672421
2026-02-24 01:09:30,-4.142779312,-8.893945959,0.385540722
2026-02-24 01:09:40,-4.252655345,-8.844568475,0.411176507
2026-02-24 01:09:50,-3.982288700,-8.920602854,0.725574316
2026-02-24 01:10:00,-3.809037352,-8.969003839,0.647401203
2026-02-24 01:10:10,-3.836590855,-8.996161306,0.584122513
2026-02-24 01:10:20,-4.060516095,-8.923143106,0.731229831
2026-02-24 01:10:30,-4.139422808,-8.880338415,0.654732842
2026-02-24 01:10:40,-4.216679822,-8.836581981,0.729329240
2026-02-24 01:10:50,-4.060286091,-8.881507855,0.922383010
2026-02-24 01:11:00,-4.038821111,-8.948073057,0.862612678
2026-02-24 01:11:10,-3.992067439,-8.935800459,0.807318183
2026-02-24 01:11:20,-4.152749980,-8.870389751,0.918203561
2026-02-24 01:11:30,-4.129917354,-8.870387217,0.818743924
2026-02-24 01:11:40,-4.060177256,-8.894240680,0.630562433
2026-02-24 01:11:50,-4.052481406,-8.888759622,0.661745567
2026-02-24 01:12:00,-4.217893099,-8.863254186,0.297219028
2026-02-24 01:12:10,-4.354832380,-8.782248012,0.390884164
2026-02-24 01:12:20,-4.265045254,-8.788597271,0.470740641
2026-02-24 01:12:30,-4.339104133,-8.749812250,0.504239588
2026-02-24 01:12:40,-4.560237311,-8.655825857,0.433014236
2026-02-24 01:12:50,-4.578808624,-8.653368745,0.356207810
2026-02-24 01:13:00,-4.630610255,-8.689202613,0.311786017
2026-02-24 01:13:10,-4.608172206,-8.626899801,0.238219306
2026-02-24 01:13:20,-4.413507211,-8.738222677,0.325306546
2026-02-24 01:13:30,-4.487576925,-8.717914869,0.287204896
2026-02-24 01:13:40,-4.444317847,-8.764601425,0.264118025
2026-02-24 01:13:50,-4.546153971,-8.664018878,0.155525497
2026-02-24 01:14:00,-4.542617848,-8.719343246,0.200195340
2026-02-24 01:14:10,-4.402822825,-8.778810733,-0.065476325
2026-02-24 01:14:20,-4.424432002,-8.757592838,0.049133742
2026-02-24 01:14:30,-4.572743739,-8.674324234,0.051350254
2026-02-24 01:14:40,-4.493622671,-8.723535342,-0.148064797
2026-02-24 01:14:50,-4.515397986,-8.698632692,-0.062570691
2026-02-24 01:15:00,-4.495777097,-8.714553386,-0.157980786
2026-02-24 01:15:10,-4.488645499,-8.692179024,-0.128696015
2026-02-24 01:15:20,-4.594356404,-8.642796950,-0.165985715
2026-02-24 01:15:30,-4.740802977,-8.582920634,-0.094174699
2026-02-24 01:15:40,-4.797182863,-8.556428960,-0.173236382
2026-02-24 01:15:50,-4.626961291,-8.652125547,-0.353088776
2026-02-24 01:16:00,-4.674351530,-8.580326775,-0.602755989
2026-02-24 01:16:10,-4.910680479,-8.471767556,-0.382199266
2026-02-24 01:16:20,-5.037001386,-8.412979004,-0.188850545
2026-02-24 01:16:30,-4.953396399,-8.467608087,-0.101845429
2026-02-24 01:16:40,-4.855335266,-8.519724673,0.161611491
2026-02-24 01:16:50,-4.780661251,-8.590531018,0.201767404
2026-02-24 01:17:00,-4.722598950,-8.575993812,0.231169140
2026-02-24 01:17:10,-4.637840904,-8.628833572,0.192190962
2026-02-24 01:17:20,-4.620026755,-8.675676125,0.170052976
2026-02-24 01:17:30,-4.626386089,-8.635371285,0.210237521
2026-02-24 01:17:40,-4.671065448,-8.627817798,-0.059334243
2026-02-24 01:17:50,-4.973216144,-8.471955268,0.134862631
2026-02-24 01:18:00,-4.971907708,-8.436355868,0.308427724
2026-02-24 01:18:10,-5.020520325,-8.434526544,0.485265816
2026-02-24 01:18:20,-5.158182546,-8.361863472,0.475136974
2026-02-24 01:18:30,-4.874946049,-8.533934560,0.306278543
2026-02-24 01:18:40,-4.872289205,-8.512295470,0.337107541
2026-02-24 01:18:50,-4.771567553,-8.591118249,0.307732401
2026-02-24 01:19:00,-4.879409272,-8.513638962,0.316712819
2026-02-24 01:19:10,-4.964823392,-8.448244846,0.260838763
2026-02-24 01:19:20,-4.945855969,-8.475018858,0.372285627
2026-02-24 01:19:30,-5.212454787,-8.270226898,0.544798379
2026-02-24 01:19:40,-5.404666308,-8.207734879,0.641956925
2026-02-24 01:19:50,-5.412653327,-8.180569695,0.602759644
2026-02-24 01:20:00,-5.404012246,-8.207150725,0.590928137
2026-02-24 01:20:10,-5.440223206,-8.189651103,0.593345725
2026-02-24 01:20:20,-5.556618099,-8.085862313,0.610905510
2026-02-24 01:20:30,-5.604144438,-8.045921896,0.856404973
2026-02-24 01:20:40,-5.488736271,-8.080918020,0.901595065
2026-02-24 01:20:50,-5.425897770,-8.068665293,1.165991722
2026-02-24 01:21:00,-5.522022961,-8.029661694,1.251600011
2026-02-24 01:21:10,-5.593263519,-7.975769236,1.123527432
2026-02-24 01:21:20,-5.585532549,-8.033857718,0.976803773
2026-02-24 01:21:30,-5.487372811,-8.059481410,1.073485949
2026-02-24 01:21:40,-5.386824408,-8.115046681,1.150448176
2026-02-24 01:21:50,-5.259331449,-8.196278990,1.089263837
2026-02-24 01:22:00,-5.255259342,-8.228858907,1.025495259
2026-02-24 01:22:10,-5.300556424,-8.161671250,1.041813287
2026-02-24 01:22:20,-5.324221273,-8.162733615,1.173351628
2026-02-24 01:22:30,-5.110496566,-8.255056756,1.440787344
2026-02-24 01:22:40,-5.143574713,-8.214474297,1.340532926
2026-02-24 01:22:50,-5.168958868,-8.272787430,1.306490982
2026-02-24 01:23:00,-5.228334839,-8.195719379,1.319902216
2026-02-24 01:23:10,-5.274034688,-8.136261422,1.354708162
2026-02-24 01:23:20,-5.340966929,-8.065297850,1.368800153
2026-02-24 01:23:30,-5.401122942,-8.103874130,1.339351283
2026-02-24 01:23:40,-5.540209674,-7.975609597,1.226887468
2026-02-24 01:23:50,-5.588186077,-7.968159581,1.225654292
2026-02-24 01:24:00,-5.464461870,-8.026313452,1.338014375
2026-02-24 01:24:10,-5.342827080,-8.114824543,1.236303625
2026-02-24 01:24:20,-5.455495605,-8.050303780,1.211957219
2026-02-24 01:24:30,-5.439217303,-8.068792254,1.199340028
2026-02-24 01:24:40,-5.579864947,-7.996335436,1.347577976
2026-02-24 01:24:50,-5.549481394,-7.993847172,1.309033679
2026-02-24 01:25:00,-5.564067672,-7.998881874,1.309587861
2026-02-24 01:25:10,-5.594526848,-7.963471378,1.361478152
2026-02-24 01:25:20,-5.682081149,-7.910894628,1.317018437
2026-02-24 01:25:30,-5.726061390,-7.847990583,1.253556533
2026-02-24 01:25:40,-5.852228068,-7.790849940,1.163064746
2026-02-24 01:25:50,-5.975072673,-7.693483171,1.393816993
2026-02-24 01:26:00,-6.111847510,-7.559171810,1.417578501
2026-02-24 01:26:10,-5.984127846,-7.614527424,1.458077019
2026-02-24 01:26:20,-5.940268434,-7.656774245,1.448000864
2026-02-24 01:26:30,-5.829308514,-7.747633255,1.552149501
2026-02-24 01:26:40,-5.784054243,-7.795435472,1.273977611
2026-02-24 01:26:50,-5.876563388,-7.742551555,1.182276033
2026-02-24 01:27:00,-5.677332904,-7.911805247,1.128177835
2026-02-24 01:27:10,-5.685990373,-7.928259009,0.997262968
2026-02-24 01:27:20,-5.697297895,-7.942191599,0.876446618
2026-02-24 01:27:30,-5.884666092,-7.833672419,0.940010057
2026-02-24 01:27:40,-5.962073993,-7.733048061,0.695668586
2026-02-24 01:27:50,-5.911975793,-7.826161953,0.713352538
2026-02-24 01:28:00,-5.866534095,-7.814935385,0.708686012
2026-02-24 01:28:10,-5.823630497,-7.837161596,0.750333855
2026-02-24 01:28:20,-5.883333882,-7.838027086,0.638814041
2026-02-24 01:28:30,-5.762020770,-7.952285844,0.600774180
2026-02-24 01:28:40,-5.657741011,-7.982407914,0.377634285
2026-02-24 01:28:50,-5.783596079,-7.911293113,0.404443672
2026-02-24 01:29:00,-5.699769572,-7.953666086,0.509014780
2026-02-24 01:29:10,-5.660614545,-7.988306631,0.566081356
2026-02-24 01:29:20,-5.684583982,-7.993834773,0.432634867
2026-02-24 01:29:30,-5.718069863,-7.938167941,0.450279538
2026-02-24 01:29:40,-5.893855949,-7.829114680,0.672485928
2026-02-24 01:29:50,-5.859522331,-7.898219663,0.343871906
2026-02-24 01:30:00,-5.784818898,-7.869648444,0.387362751
2026-02-24 01:30:10,-5.666299986,-8.011215702,0.548300363
2026-02-24 01:30:20,-5.627085409,-8.024095422,0.617958217
2026-02-24 01:30:30,-5.767134142,-7.898445517,0.624024082
2026-02-24 01:30:40,-5.789157743,-7.869230768,0.549965148
2026-02-24 01:30:50,-5.832054991,-7.829338879,0.418875018
2026-02-24 01:31:00,-6.076342629,-7.717239677,0.239675245
2026-02-24 01:31:10,-5.883921430,-7.815730912,0.283083362
2026-02-24 01:31:20,-5.839924939,-7.872810501,0.214190379
2026-02-24 01:31:30,-5.757671499,-7.911104876,0.163908883
2026-02-24 01:31:40,-5.728844361,-7.964069790,-0.224610481
2026-02-24 01:31:50,-5.701677861,-7.974392218,-0.119133691
2026-02-24 01:32:00,-5.758639374,-7.943348690,0.038314325
2026-02-24 01:32:10,-5.797554799,-7.877454772,0.052873802
2026-02-24 01:32:20,-5.869591926,-7.864351826,0.178698560
2026-02-24 01:32:30,-5.704350502,-7.968526287,0.185673825
2026-02-24 01:32:40,-5.769669141,-7.958533399,-0.067674437
2026-02-24 01:32:50,-5.575000178,-8.063565912,-0.020653159
2026-02-24 01:33:00,-5.643398327,-8.026334383,-0.027878794
2026-02-24 01:33:10,-5.558383829,-8.029668429,-0.162915043
2026-02-24 01:33:20,-5.461391975,-8.121850925,-0.074941135
2026-02-24 01:33:30,-5.572674561,-8.085294202,0.064199087
2026-02-24 01:33:40,-5.455493366,-8.158246655,0.140610510
2026-02-24 01:33:50,-5.377373630,-8.206639390,0.324009567
2026-02-24 01:34:00,-5.582545202,-8.077181824,0.043017389
2026-02-24 01:34:10,-5.626155910,-8.008305024,-0.192443966
2026-02-24 01:34:20,-5.569979213,-8.058899616,-0.038430237
2026-02-24 01:34:30,-5.680459392,-8.010644719,0.071786071
2026-02-24 01:34:40,-5.666360450,-8.004080378,0.212286620
2026-02-24 01:34:50,-5.568242178,-8.062203882,0.151032833
2026-02-24 01:35:00,-5.707255709,-8.020746242,0.205285082
2026-02-24 01:35:10,-5.813934315,-7.891524769,0.092123714
2026-02-24 01:35:20,-5.674753471,-7.981651522,0.142335385
2026-02-24 01:35:30,-5.712995476,-7.962414455,0.161452139
2026-02-24 01:35:40,-5.665970070,-7.963350927,0.558223109
2026-02-24 01:35:50,-5.643415377,-8.016223390,0.491688735
2026-02-24 01:36:00,-5.495892535,-8.131655243,0.517390597
2026-02-24 01:36:10,-5.317210147,-8.269173936,0.400803239
2026-02-24 01:36:20,-5.392786388,-8.143111244,0.419195938
2026-02-24 01:36:30,-5.444294498,-8.147326766,0.192414954
2026-02-24 01:36:40,-5.463915257,-8.141391028,0.137884018
2026-02-24 01:36:50,-5.576808292,-8.073714537,0.070745233
2026-02-24 01:37:00,-5.369363536,-8.192211506,0.022374734
2026-02-24 01:37:10,-5.524170712,-8.154735733,0.164934574
2026-02-24 01:37:20,-5.579419263,-8.041582975,-0.091023754
2026-02-24 01:37:30,-5.747438918,-8.017338615,0.065921148
2026-02-24 01:37:40,-5.767761296,-7.936752827,0.492248570
2026-02-24 01:37:50,-5.656853915,-7.974285517,0.627246918
2026-02-24 01:38:00,-5.615238977,-7.986977911,0.592011708
2026-02-24 01:38:10,-5.515295076,-8.048139467,0.800077236
2026-02-24 01:38:20,-5.564105932,-8.068627340,0.563882499
2026-02-24 01:38:30,-5.427074337,-8.153659493,0.339510609
2026-02-24 01:38:40,-5.421044027,-8.137252289,0.279998237
2026-02-24 01:38:50,-5.306701086,-8.246882636,0.496851772
2026-02-24 01:39:00,-5.214968658,-8.307002539,0.624471174
2026-02-24 01:39:10,-5.331708018,-8.199048969,0.540271040
2026-02-24 01:39:20,-5.373091546,-8.236634169,0.573476156
2026-02-24 01:39:30,-5.114377035,-8.331028218,0.495445136
2026-02-24 01:39:40,-5.347213540,-8.222293325,0.558610247
2026-02-24 01:39:50,-5.542429822,-8.074902036,0.457038615
2026-02-24 01:40:00,-5.660508389,-8.024323659,0.398828052
2026-02-24 01:40:10,-5.477198582,-8.090734790,0.344843788
2026-02-24 01:40:20,-5.520110904,-8.142989790,0.274769129
2026-02-24 01:40:30,-5.459509925,-8.119553256,0.380032070
2026-02-24 01:40:40,-5.569868244,-8.042866513,0.569192025
2026-02-24 01:40:50,-5.667936172,-8.009954422,0.502977242
2026-02-24 01:41:00,-5.396016936,-8.175676070,0.625444823
2026-02-24 01:41:10,-5.481434195,-8.155598764,0.540102462
2026-02-24 01:41:20,-5.488901038,-8.128571683,0.528501561
2026-02-24 01:41:30,-5.450415454,-8.100032246,0.601841272
2026-02-24 01:41:40,-5.498302328,-8.058910649,0.569262861
2026-02-24 01:41:50,-5.346885050,-8.229417627,0.499780352
2026-02-24 01:42:00,-5.201557755,-8.278487114,0.381120408
2026-02-24 01:42:10,-5.250376392,-8.315268930,0.069878481
2026-02-24 01:42:20,-5.203042998,-8.314684620,0.298762078
2026-02-24 01:42:30,-5.089476223,-8.401062606,0.403220484
2026-02-24 01:42:40,-4.895587657,-8.506838863,0.356128677
2026-02-24 01:42:50,-4.804618110,-8.553646143,0.379513501
2026-02-24 01:43:00,-4.667223176,-8.633751422,0.234385370
2026-02-24 01:43:10,-4.552960823,-8.655401377,0.102171188
2026-02-24 01:43:20,-4.722268866,-8.623946354,0.260193095
2026-02-24 01:43:30,-4.801608251,-8.591259749,0.101974975
2026-02-24 01:43:40,-4.974772582,-8.440656046,0.280905443
2026-02-24 01:43:50,-5.231673178,-8.330692790,0.467423446
2026-02-24 01:44:00,-5.270363478,-8.233125837,0.675845260
2026-02-24 01:44:10,-5.155327260,-8.266873846,0.824020747
2026-02-24 01:44:20,-5.157450049,-8.354329154,0.669987084
2026-02-24 01:44:30,-4.922586100,-8.483104876,0.567973918
2026-02-24 01:44:40,-4.809730609,-8.538379322,0.738795428
2026-02-24 01:44:50,-4.827370518,-8.549276831,0.844168003
2026-02-24 01:45:00,-4.940318795,-8.426171373,0.723200436
2026-02-24 01:45:10,-4.789344665,-8.496966389,0.934478870
2026-02-24 01:45:20,-5.070587740,-8.362386056,0.772172103
2026-02-24 01:45:30,-5.177030148,-8.346960664,0.743221014
2026-02-24 01:45:40,-5.012981082,-8.347740592,0.746864947
2026-02-24 01:45:50,-4.983031796,-8.430660475,0.967387489
2026-02-24 01:46:00,-5.104844293,-8.328502523,0.923957557
2026-02-24 01:46:10,-4.796543930,-8.495736328,0.705895318
2026-02-24 01:46:20,-4.886248357,-8.440820578,0.771285964
2026-02-24 01:46:30,-4.880435381,-8.469073977,0.603902461
2026-02-24 01:46:40,-4.767450012,-8.550804391,0.521796549
2026-02-24 01:46:50,-4.686409459,-8.631406350,0.749786474
2026-02-24 01:47:00,-4.625781918,-8.649868381,0.438906830
2026-02-24 01:47:10,-4.662979035,-8.641352184,0.703323733
2026-02-24 01:47:20,-4.763730271,-8.545439141,0.747373930
2026-02-24 01:47:30,-4.588706072,-8.652267013,0.739617975
2026-02-24 01:47:40,-4.355507991,-8.738567567,0.938057230
2026-02-24 01:47:50,-4.574892683,-8.620955984,0.799641915
2026-02-24 01:48:00,-4.451965136,-8.692556357,0.940036258
2026-02-24 01:48:10,-4.179127170,-8.812514363,0.904729305
2026-02-24 01:48:20,-4.469246623,-8.660027590,1.065715485
2026-02-24 01:48:30,-4.458377822,-8.615295153,1.164639179
2026-02-24 01:48:40,-4.549865790,-8.611823043,1.194736708
2026-02-24 01:48:50,-4.570354955,-8.631509539,1.214629352
2026-02-24 01:49:00,-4.680780201,-8.530634025,1.004640627
2026-02-24 01:49:10,-4.843832737,-8.463055816,1.128454282
2026-02-24 01:49:20,-4.913671872,-8.437765647,1.067961740
2026-02-24 01:49:30,-4.899864171,-8.435337210,1.193270093
2026-02-24 01:49:40,-4.961523042,-8.376757221,1.352196756
2026-02-24 01:49:50,-4.755924432,-8.477419182,1.395697020
2026-02-24 01:50:00,-4.469186731,-8.623486673,1.333154825
2026-02-24 01:50:10,-4.576631863,-8.560183218,1.318971906
2026-02-24 01:50:20,-4.597496381,-8.530794661,1.278131449
2026-02-24 01:50:30,-4.613648492,-8.616538999,1.145231544
2026-02-24 01:50:40,-4.354443379,-8.687182127,1.049921021
2026-02-24 01:50:50,-4.413897900,-8.714216027,0.826280507
2026-02-24 01:51:00,-4.321208765,-8.751039536,0.797301147
2026-02-24 01:51:10,-4.374223690,-8.732136929,0.587791482
2026-02-24 01:51:20,-4.458901878,-8.705649615,0.633097853
2026-02-24 01:51:30,-4.382765556,-8.706837348,0.767319054
2026-02-24 01:51:40,-4.414680108,-8.750825281,0.550457057
2026-02-24 01:51:50,-4.429279863,-8.718277676,0.759186502
2026-02-24 01:52:00,-4.506094186,-8.682405290,0.656808824
2026-02-24 01:52:10,-4.622034944,-8.637846546,0.623266808
2026-02-24 01:52:20,-4.479211098,-8.698740488,0.852621122
2026-02-24 01:52:30,-4.526711895,-8.691695063,0.717004822
2026-02-24 01:52:40,-4.488474478,-8.661173089,0.841086584
2026-02-24 01:52:50,-4.522976194,-8.684539939,0.756177899
2026-02-24 01:53:00,-4.694653833,-8.558404250,0.885946685
2026-02-24 01:53:10,-4.836177163,-8.508953780,0.761326638
2026-02-24 01:53:20,-4.949306463,-8.401888474,0.644352736
2026-02-24 01:53:30,-4.985774112,-8.396550706,0.613586185
2026-02-24 01:53:40,-4.901447746,-8.498996870,0.549743281
2026-02-24 01:53:50,-4.914515208,-8.490829890,0.741501820
2026-02-24 01:54:00,-4.967920648,-8.447262804,0.808823087
2026-02-24 01:54:10,-4.816730837,-8.519005154,0.829221405
2026-02-24 01:54:20,-4.948771197,-8.427311901,0.703499811
2026-02-24 01:54:30,-4.990792989,-8.430351046,0.776252126
2026-02-24 01:54:40,-4.938776668,-8.428474854,0.784693811
2026-02-24 01:54:50,-5.077430609,-8.342702760,0.933235593
2026-02-24 01:55:00,-5.053773801,-8.403325326,0.747036684
2026-02-24 01:55:10,-4.915787706,-8.488872737,0.742685928
2026-02-24 01:55:20,-5.041776482,-8.366838071,0.893014692
2026-02-24 01:55:30,-4.997599221,-8.411091436,0.892975113
2026-02-24 01:55:40,-4.857613489,-8.472883266,0.913794311
2026-02-24 01:55:50,-4.805515695,-8.495255517,0.819815930
2026-02-24 01:56:00,-4.641098940,-8.597425346,0.913657462
2026-02-24 01:56:10,-4.451080239,-8.651231980,1.050330559
2026-02-24 01:56:20,-4.532758211,-8.616556854,1.388361596
2026-02-24 01:56:30,-4.399716111,-8.627287824,1.511005731
2026-02-24 01:56:40,-4.427431535,-8.625110666,1.631363672
2026-02-24 01:56:50,-4.461614529,-8.612530401,1.625122650
2026-02-24 01:57:00,-4.597238030,-8.457722540,1.677233221
2026-02-24 01:57:10,-4.832360080,-8.362976697,1.740927354
2026-02-24 01:57:20,-4.835873422,-8.356887622,1.826581065
2026-02-24 01:57:30,-4.850265889,-8.366434761,1.702111842
2026-02-24 01:57:40,-4.859573717,-8.389395596,1.525038938
2026-02-24 01:57:50,-4.822617885,-8.406806929,1.576593262
2026-02-24 01:58:00,-4.872024028,-8.374486589,1.692589453
2026-02-24 01:58:10,-4.876421503,-8.360939187,1.633295917
2026-02-24 01:58:20,-4.861254581,-8.392864485,1.634114821
2026-02-24 01:58:30,-4.902580969,-8.340029690,1.668691910
2026-02-24 01:58:40,-4.851442062,-8.363397941,1.584245874
2026-02-24 01:58:50,-4.906493730,-8.428590120,1.270353502
2026-02-24 01:59:00,-4.837397322,-8.419252677,1.211166620
2026-02-24 01:59:10,-4.841986259,-8.450075100,1.213517442
2026-02-24 01:59:20,-4.839605142,-8.433831182,1.220791977
2026-02-24 01:59:30,-4.676632215,-8.489623054,1.386624082
2026-02-24 01:59:40,-4.718020637,-8.467498352,1.523249310
2026-02-24 01:59:50,-4.655047844,-8.509148014,1.642163574
2026-02-24 02:00:00,-4.756720766,-8.437582406,1.627409701
2026-02-24 02:00:10,-4.914254895,-8.341201069,1.725508092
2026-02-24 02:00:20,-4.914814868,-8.330710797,1.767836774
2026-02-24 02:00:30,-4.740242186,-8.410488267,1.752683113
2026-02-24 02:00:40,-4.712341643,-8.403946363,1.755975180
2026-02-24 02:00:50,-4.531732625,-8.502401475,1.858275305
2026-02-24 02:01:00,-4.501352690,-8.488076777,2.008484770
2026-02-24 02:01:10,-4.670802414,-8.382077444,2.024321139
2026-02-24 02:01:20,-4.540470165,-8.450426405,2.116347326
2026-02-24 02:01:30,-4.584334661,-8.408897153,2.089251654
2026-02-24 02:01:40,-4.472254091,-8.422407289,2.215443886
2026-02-24 02:01:50,-4.425422509,-8.438606820,2.349394720
2026-02-24 02:02:00,-4.327949241,-8.461350169,2.422776031
2026-02-24 02:02:10,-4.370663519,-8.434600826,2.418125063
2026-02-24 02:02:20,-4.559737156,-8.380407883,2.299636701
2026-02-24 02:02:30,-4.384780051,-8.487416724,2.261242268
2026-02-24 02:02:40,-4.300253484,-8.530337543,2.135352846
2026-02-24 02:02:50,-4.320029137,-8.590690991,1.946510870
2026-02-24 02:03:00,-4.364475517,-8.581262438,2.044541266
2026-02-24 02:03:10,-4.320767293,-8.579810632,1.979423641
2026-02-24 02:03:20,-4.306445918,-8.583322113,2.084921159
2026-02-24 02:03:30,-4.166870445,-8.621593651,2.052430218
2026-02-24 02:03:40,-4.041958395,-8.688631811,2.098731330
2026-02-24 02:03:50,-4.125799677,-8.652089612,2.052181442
2026-02-24 02:04:00,-4.017403532,-8.713510686,1.973649451
2026-02-24 02:04:10,-3.977274570,-8.707036388,1.991235723
2026-02-24 02:04:20,-4.134953732,-8.662230194,1.916646134
2026-02-24 02:04:30,-4.170912065,-8.708844239,1.768361746
2026-02-24 02:04:40,-4.181873589,-8.794065949,1.411778216
2026-02-24 02:04:50,-4.221194532,-8.730280555,1.312432474
2026-02-24 02:05:00,-4.235804734,-8.720268296,1.439008525
2026-02-24 02:05:10,-4.263474328,-8.678409316,1.577827773
2026-02-24 02:05:20,-4.306195749,-8.692419712,1.487014318
2026-02-24 02:05:30,-4.341437023,-8.667306604,1.519154937
2026-02-24 02:05:40,-4.299976752,-8.642036527,1.637452927
2026-02-24 02:05:50,-4.338130309,-8.685386612,1.642753670
2026-02-24 02:06:00,-4.270459906,-8.673492961,1.759040667
2026-02-24 02:06:10,-4.093413756,-8.792043045,1.672829686
2026-02-24 02:06:20,-3.773611934,-8.854526197,1.755524478
2026-02-24 02:06:30,-3.779174966,-8.881653130,1.720990897
2026-02-24 02:06:40,-3.871814339,-8.895740781,1.593960217
2026-02-24 02:06:50,-3.890236938,-8.844393092,1.487652497
2026-02-24 02:07:00,-3.852754476,-8.899061423,1.531274696
2026-02-24 02:07:10,-3.736202577,-8.911232054,1.614210199
2026-02-24 02:07:20,-3.809583433,-8.858912255,1.684573212
2026-02-24 02:07:30,-3.902455368,-8.859964331,1.470822669
2026-02-24 02:07:40,-4.020124195,-8.862287598,1.353437307
2026-02-24 02:07:50,-3.939529469,-8.882868734,1.193547522
2026-02-24 02:08:00,-4.050503165,-8.844847804,1.243674307
2026-02-24 02:08:10,-4.132528158,-8.840999647,1.299663454
2026-02-24 02:08:20,-4.189308787,-8.777714388,1.363059879
2026-02-24 02:08:30,-4.176330949,-8.767118588,1.416473393
2026-02-24 02:08:40,-4.065234787,-8.815955636,1.326997781
2026-02-24 02:08:50,-3.997258168,-8.892565412,1.266219012
2026-02-24 02:09:00,-3.989587888,-8.843853694,1.390167674
2026-02-24 02:09:10,-3.913630539,-8.850882578,1.348081587
2026-02-24 02:09:20,-3.861169594,-8.882527395,1.587687242
2026-02-24 02:09:30,-3.859714626,-8.901630402,1.621074421
2026-02-24 02:09:40,-3.985332991,-8.847597270,1.606810944
2026-02-24 02:09:50,-3.960477157,-8.787617230,1.693985203
2026-02-24 02:10:00,-3.973170388,-8.826832436,1.631432641
2026-02-24 02:10:10,-3.981217794,-8.803068675,1.698585860
2026-02-24 02:10:20,-4.019839160,-8.808380322,1.713172452
2026-02-24 02:10:30,-3.967296665,-8.792435640,1.812947923
2026-02-24 02:10:40,-3.988878937,-8.791656585,1.780033581
2026-02-24 02:10:50,-4.061688405,-8.754175290,1.741315414
2026-02-24 02:11:00,-4.166857645,-8.726441022,1.765605801
2026-02-24 02:11:10,-4.118442090,-8.693482291,1.767343011
2026-02-24 02:11:20,-4.299706644,-8.637448606,1.727177519
2026-02-24 02:11:30,-4.326467241,-8.626220740,1.634503544
2026-02-24 02:11:40,-4.338614973,-8.662946029,1.665060124
2026-02-24 02:11:50,-4.292298195,-8.648168004,1.663751018
2026-02-24 02:12:00,-4.249850671,-8.671634329,1.676774434
2026-02-24 02:12:10,-4.243603051,-8.674838476,1.692219936
2026-02-24 02:12:20,-4.260391065,-8.661875192,1.718763484
2026-02-24 02:12:30,-4.299659433,-8.719991594,1.429125393
2026-02-24 02:12:40,-4.385320593,-8.669932978,1.426312109
2026-02-24 02:12:50,-4.388584592,-8.688847314,1.305770291
2026-02-24 02:13:00,-4.391607220,-8.647665305,1.355296113
2026-02-24 02:13:10,-4.452506986,-8.621684035,1.262752160
2026-02-24 02:13:20,-4.538043024,-8.642053328,1.175325069
2026-02-24 02:13:30,-4.523527947,-8.681183399,1.148765396
2026-02-24 02:13:40,-4.431378959,-8.595817507,1.441552750
2026-02-24 02:13:50,-4.408771955,-8.630571831,1.355317523
2026-02-24 02:14:00,-4.563668007,-8.602783459,1.317390632
2026-02-24 02:14:10,-4.579879267,-8.569052272,1.334511196
2026-02-24 02:14:20,-4.548970669,-8.571697202,1.345872642
2026-02-24 02:14:30,-4.436454312,-8.589405899,1.523902142
2026-02-24 02:14:40,-4.704961667,-8.488354662,1.628354634
2026-02-24 02:14:50,-4.639459999,-8.510439428,1.610141279
2026-02-24 02:15:00,-4.485233075,-8.561733185,1.733561621
2026-02-24 02:15:10,-4.429069330,-8.562480014,1.661927330
2026-02-24 02:15:20,-4.453166103,-8.588031952,1.544944452
2026-02-24 02:15:30,-4.391447028,-8.606204821,1.777809511
2026-02-24 02:15:40,-4.369830121,-8.613865391,1.748765614
2026-02-24 02:15:50,-4.441799047,-8.594646996,1.558041524
2026-02-24 02:16:00,-4.662428841,-8.505792311,1.528200178
2026-02-24 02:16:10,-4.746630140,-8.461524213,1.476596024
2026-02-24 02:16:20,-4.773022760,-8.499041419,1.312688616
2026-02-24 02:16:30,-4.845069006,-8.427977232,1.258867582
2026-02-24 02:16:40,-4.702342258,-8.494183093,1.214483973
2026-02-24 02:16:50,-4.837501043,-8.429951347,1.430211418
2026-02-24 02:17:00,-4.892289907,-8.330365436,1.611772395
2026-02-24 02:17:10,-4.999435213,-8.274667182,1.731026598
2026-02-24 02:17:20,-4.965759099,-8.275870844,1.689189027
2026-02-24 02:17:30,-5.015290410,-8.227339145,1.689684679
2026-02-24 02:17:40,-4.980186532,-8.320335608,1.564222266
2026-02-24 02:17:50,-4.946041721,-8.260679277,1.788416998
2026-02-24 02:18:00,-4.993757755,-8.210092231,1.856363537
2026-02-24 02:18:10,-5.013429521,-8.196321815,1.957110036
2026-02-24 02:18:20,-5.198319273,-8.126604993,1.872833265
2026-02-24 02:18:30,-5.158243930,-8.110005893,1.893422031
2026-02-24 02:18:40,-5.218033941,-8.107792058,1.909522672
2026-02-24 02:18:50,-4.953895460,-8.229397009,1.878059054
2026-02-24 02:19:00,-5.079703833,-8.158531700,1.913951988
2026-02-24 02:19:10,-5.102427712,-8.169601351,1.824987179
2026-02-24 02:19:20,-5.170583625,-8.167498078,1.819273529
2026-02-24 02:19:30,-5.163274280,-8.170294355,1.716583061
2026-02-24 02:19:40,-5.174835471,-8.191362290,1.610089423
2026-02-24 02:19:50,-5.154280996,-8.171018173,1.537086344
2026-02-24 02:20:00,-4.962962813,-8.318709328,1.498517910
2026-02-24 02:20:10,-4.968499125,-8.298174558,1.632546709
2026-02-24 02:20:20,-5.010791298,-8.291877692,1.642213915
2026-02-24 02:20:30,-4.924948188,-8.314091594,1.658021633
2026-02-24 02:20:40,-4.961415281,-8.337244084,1.563857908
2026-02-24 02:20:50,-5.065586325,-8.289655697,1.418909648
2026-02-24 02:21:00,-5.012857043,-8.335565926,1.364390487
2026-02-24 02:21:10,-5.026041971,-8.319526029,1.307964874
2026-02-24 02:21:20,-5.014069938,-8.312923253,1.402146639
2026-02-24 02:21:30,-4.992803833,-8.348606903,1.531942350
2026-02-24 02:21:40,-5.027710458,-8.255370188,1.628613729
2026-02-24 02:21:50,-5.052396916,-8.259037183,1.596688312
2026-02-24 02:22:00,-5.103233712,-8.237595733,1.590304936
2026-02-24 02:22:10,-5.056105399,-8.269572185,1.442211516
2026-02-24 02:22:20,-5.005335087,-8.331612918,1.369275397
2026-02-24 02:22:30,-4.944622665,-8.317589269,1.378233907
2026-02-24 02:22:40,-5.064189801,-8.285128676,1.394090360
2026-02-24 02:22:50,-5.051821765,-8.300081554,1.269472746
2026-02-24 02:23:00,-5.160731768,-8.252898784,1.274610758
2026-02-24 02:23:10,-5.116503821,-8.277383551,1.269832538
2026-02-24 02:23:20,-5.213875779,-8.202783796,1.325250850
2026-02-24 02:23:30,-5.273408454,-8.187639644,1.286509237
2026-02-24 02:23:40,-5.352986578,-8.153656527,1.192803311
2026-02-24 02:23:50,-5.427641016,-8.119351959,1.202983236
2026-02-24 02:24:00,-5.166191325,-8.232319697,1.252424015
2026-02-24 02:24:10,-5.277426611,-8.156674741,1.310109228
2026-02-24 02:24:20,-5.083703179,-8.325614858,1.315206558
2026-02-24 02:24:30,-5.048459087,-8.298197380,1.284886532
2026-02-24 02:24:40,-5.225281709,-8.282599289,1.073668923
2026-02-24 02:24:50,-5.051761085,-8.331846847,1.029033490
2026-02-24 02:25:00,-4.906616160,-8.390262036,1.041306329
2026-02-24 02:25:10,-5.006750099,-8.331805512,1.120732801
2026-02-24 02:25:20,-4.803861415,-8.440615379,1.165387258
2026-02-24 02:25:30,-4.896152939,-8.427076855,1.272413728
2026-02-24 02:25:40,-4.992681564,-8.390671481,1.243606092
2026-02-24 02:25:50,-5.023737967,-8.319698690,1.308521771
2026-02-24 02:26:00,-5.041123293,-8.333284393,1.346895371
2026-02-24 02:26:10,-4.952977769,-8.372866795,1.116551244
2026-02-24 02:26:20,-4.970432521,-8.391227596,1.151343037
2026-02-24 02:26:30,-5.035087176,-8.357654690,0.967184255
2026-02-24 02:26:40,-4.921114905,-8.406983933,1.088586327
2026-02-24 02:26:50,-4.833600536,-8.462684299,1.093141413
2026-02-24 02:27:00,-4.728386133,-8.506061932,1.061210340
2026-02-24 02:27:10,-4.677229120,-8.536942180,1.137299982
2026-02-24 02:27:20,-4.822395750,-8.472845796,1.108803366
2026-02-24 02:27:30,-4.952660728,-8.388798286,1.076495367
2026-02-24 02:27:40,-4.994912874,-8.335406999,1.146270478
2026-02-24 02:27:50,-4.990750142,-8.349744090,1.254257594
2026-02-24 02:28:00,-5.109132606,-8.289331191,1.260535997
2026-02-24 02:28:10,-5.250545255,-8.227791214,1.181949308
2026-02-24 02:28:20,-5.222007980,-8.224505616,1.132030966
2026-02-24 02:28:30,-5.374916471,-8.148190110,1.029835866
2026-02-24 02:28:40,-5.348751393,-8.134419677,1.075492077
2026-02-24 02:28:50,-5.213098157,-8.233263847,1.117207733
2026-02-24 02:29:00,-5.090493654,-8.283176896,1.138821055
2026-02-24 02:29:10,-5.091260832,-8.327041893,1.127712761
2026-02-24 02:29:20,-5.161694706,-8.274992980,1.191408971
2026-02-24 02:29:30,-5.100403801,-8.329152703,1.068302759
2026-02-24 02:29:40,-5.138126889,-8.262396307,1.074986381
2026-02-24 02:29:50,-5.147290615,-8.313179610,0.950719188
2026-02-24 02:30:00,-5.226443971,-8.263978897,0.952401066
2026-02-24 02:30:10,-5.199870728,-8.250355190,1.022789364
2026-02-24 02:30:20,-5.024691614,-8.346614762,1.068382698
2026-02-24 02:30:30,-5.147800672,-8.236314498,1.184846755
2026-02-24 02:30:40,-5.094392788,-8.297370627,1.188143204
2026-02-24 02:30:50,-5.166796601,-8.218983639,1.285918580
2026-02-24 02:31:00,-5.348387943,-8.140556829,1.322753999
2026-02-24 02:31:10,-5.278098849,-8.119590536,1.236376525
2026-02-24 02:31:20,-5.240714623,-8.193896713,1.158225815
2026-02-24 02:31:30,-5.092786471,-8.278542892,1.152139186
2026-02-24 02:31:40,-5.085978030,-8.322325995,0.989242162
2026-02-24 02:31:50,-5.089881606,-8.305071874,1.142632229
2026-02-24 02:32:00,-5.003039949,-8.334564280,1.013754168
2026-02-24 02:32:10,-5.152311685,-8.318204491,0.915894223
2026-02-24 02:32:20,-5.173894396,-8.284364935,0.818893304
2026-02-24 02:32:30,-5.117978672,-8.358679705,0.784731184
2026-02-24 02:32:40,-5.185359016,-8.310233834,0.813548132
2026-02-24 02:32:50,-5.196033200,-8.311585122,0.711362081
2026-02-24 02:33:00,-5.429933105,-8.182819349,0.600854196
2026-02-24 02:33:10,-5.498842725,-8.125179832,0.576606114
2026-02-24 02:33:20,-5.464658598,-8.137257650,0.669154601
2026-02-24 02:33:30,-5.432789825,-8.165561754,0.590973683
2026-02-24 02:33:40,-5.526866868,-8.173490281,0.637763649
2026-02-24 02:33:50,-5.376645574,-8.184173010,0.548467529
2026-02-24 02:34:00,-5.326179341,-8.242583424,0.545321112
2026-02-24 02:34:10,-5.256918429,-8.249155710,0.637304503
2026-02-24 02:34:20,-5.322463326,-8.293764093,0.560378328
2026-02-24 02:34:30,-5.305987222,-8.228447906,0.654189979
2026-02-24 02:34:40,-5.240289795,-8.272109341,0.692345228
2026-02-24 02:34:50,-5.283107555,-8.164394766,0.767945861
2026-02-24 02:35:00,-5.283368378,-8.203804076,1.046184421
2026-02-24 02:35:10,-5.286174522,-8.205377060,1.081849292
2026-02-24 02:35:20,-5.387753475,-8.098127058,1.060126753
2026-02-24 02:35:30,-5.419259975,-8.075680902,1.112033920
2026-02-24 02:35:40,-5.442672708,-8.093334324,1.154587740
2026-02-24 02:35:50,-5.491241572,-8.078709254,1.222873062
2026-02-24 02:36:00,-5.509569896,-8.014373665,1.390795199
2026-02-24 02:36:10,-5.588767098,-7.924263806,1.522556867
2026-02-24 02:36:20,-5.642607317,-7.888952136,1.503318879
2026-02-24 02:36:30,-5.585751098,-7.900468161,1.517862961
2026-02-24 02:36:40,-5.641782621,-7.892513412,1.515962101
2026-02-24 02:36:50,-5.516916545,-7.989480901,1.606162691
2026-02-24 02:37:00,-5.552309133,-7.908457153,1.549266819
2026-02-24 02:37:10,-5.464905238,-7.981653200,1.426570676
2026-02-24 02:37:20,-5.520726757,-8.019605162,1.459731456
2026-02-24 02:37:30,-5.626567525,-7.849938484,1.541420086
2026-02-24 02:37:40,-5.490273630,-8.014200033,1.474207062
2026-02-24 02:37:50,-5.538996512,-7.969721169,1.410792068
2026-02-24 02:38:00,-5.609143922,-7.861229782,1.497098301
2026-02-24 02:38:10,-5.637038737,-7.864601245,1.567898321
2026-02-24 02:38:20,-5.616842854,-7.845409450,1.579368861
2026-02-24 02:38:30,-5.511598695,-7.984477514,1.605205246
2026-02-24 02:38:40,-5.555502220,-7.947958285,1.507993473
2026-02-24 02:38:50,-5.467713070,-8.037003537,1.507244249
2026-02-24 02:39:00,-5.445430396,-7.983306499,1.466071836
2026-02-24 02:39:10,-5.530173580,-8.012682130,1.348328414
2026-02-24 02:39:20,-5.530484941,-7.921412240,1.412149742
2026-02-24 02:39:30,-5.699810345,-7.832475448,1.447870866
2026-02-24 02:39:40,-5.803443548,-7.735451031,1.605387580
2026-02-24 02:39:50,-5.866215081,-7.738971219,1.539827820
2026-02-24 02:40:00,-5.865074764,-7.673954017,1.672658051
2026-02-24 02:40:10,-5.861914506,-7.670628390,1.517137747
2026-02-24 02:40:20,-5.778813701,-7.704805191,1.712095975
2026-02-24 02:40:30,-5.673661683,-7.793600736,1.827387805
2026-02-24 02:40:40,-5.840636382,-7.688053642,1.723860094
2026-02-24 02:40:50,-5.888979729,-7.631915964,1.816456918
2026-02-24 02:41:00,-5.977177127,-7.610099975,1.766987355
2026-02-24 02:41:10,-5.977840544,-7.521998313,1.948158901
2026-02-24 02:41:20,-5.881012172,-7.607912557,1.916471375
2026-02-24 02:41:30,-5.956528844,-7.517939384,1.956289718
2026-02-24 02:41:40,-5.967014897,-7.514821218,2.076358599
2026-02-24 02:41:50,-5.739767605,-7.652129090,2.215707914
2026-02-24 02:42:00,-5.829604880,-7.607449218,2.197623420
2026-02-24 02:42:10,-5.803353608,-7.617323264,2.072403775
2026-02-24 02:42:20,-5.900412448,-7.603840647,1.953552317
2026-02-24 02:42:30,-5.903606321,-7.571288609,2.116920551
2026-02-24 02:42:40,-5.970022013,-7.477199271,2.186051286
2026-02-24 02:42:50,-6.127315821,-7.341548454,2.091403213
2026-02-24 02:43:00,-6.159298400,-7.362441786,2.000776012
2026-02-24 02:43:10,-6.199580000,-7.301609444,2.071479137
2026-02-24 02:43:20,-6.180059356,-7.331783538,1.874378402
2026-02-24 02:43:30,-6.216296195,-7.347842885,1.813217073
2026-02-24 02:43:40,-6.107599161,-7.394592196,1.998502071
2026-02-24 02:43:50,-6.127483625,-7.399533635,1.929190190
2026-02-24 02:44:00,-6.234734151,-7.297212498,2.002819324
2026-02-24 02:44:10,-6.399768761,-7.202745192,1.813163906
2026-02-24 02:44:20,-6.524124003,-7.105095750,1.882509600
2026-02-24 02:44:30,-6.488478504,-7.116696894,1.878825158
2026-02-24 02:44:40,-6.458353565,-7.183459505,1.747061038
2026-02-24 02:44:50,-6.677411572,-6.986670665,1.745840361
2026-02-24 02:45:00,-6.654042687,-7.024522738,1.687155474
2026-02-24 02:45:10,-6.660457675,-6.989278009,1.573820781
2026-02-24 02:45:20,-6.707833679,-6.994027220,1.523467496
2026-02-24 02:45:30,-6.714305442,-6.966263783,1.598455902
2026-02-24 02:45:40,-6.655614131,-7.043937878,1.535013699
2026-02-24 02:45:50,-6.648929503,-7.049721384,1.425238453
2026-02-24 02:46:00,-6.805947709,-6.890068088,1.445907003
2026-02-24 02:46:10,-6.764451347,-7.041689757,1.297893332
2026-02-24 02:46:20,-6.804578799,-6.902759229,1.392171593
2026-02-24 02:46:30,-6.761503175,-6.954596232,1.345031592
2026-02-24 02:46:40,-6.799485006,-6.957263057,1.375242194
2026-02-24 02:46:50,-6.783499052,-6.925357135,1.399887760
2026-02-24 02:47:00,-6.786775416,-6.968363795,1.323291695
2026-02-24 02:47:10,-6.969918486,-6.800493421,1.331316520
2026-02-24 02:47:20,-6.771054854,-6.947025029,1.314986138
2026-02-24 02:47:30,-6.723860845,-7.009397104,1.298838039
2026-02-24 02:47:40,-6.663240228,-7.029622903,1.408686828
2026-02-24 02:47:50,-6.531315900,-7.218751473,1.453496340
2026-02-24 02:48:00,-6.583124584,-7.103816108,1.544542377
2026-02-24 02:48:10,-6.701438224,-6.986460068,1.563734210
2026-02-24 02:48:20,-6.720720697,-6.984767234,1.492856139
2026-02-24 02:48:30,-6.853355740,-6.902850865,1.501253615
2026-02-24 02:48:40,-6.837584462,-6.793431537,1.570112498
2026-02-24 02:48:50,-6.905833784,-6.785915322,1.622985220
2026-02-24 02:49:00,-6.903226614,-6.778444299,1.837471283
2026-02-24 02:49:10,-6.972269510,-6.610740340,1.785738638
2026-02-24 02:49:20,-6.895431258,-6.706253690,1.874163305
2026-02-24 02:49:30,-6.886963116,-6.738688427,1.665161195
2026-02-24 02:49:40,-6.959435659,-6.733577105,1.638842455
2026-02-24 02:49:50,-6.913580980,-6.740513735,1.705634128
2026-02-24 02:50:00,-6.963708858,-6.682654088,1.730353291
2026-02-24 02:50:10,-6.932482576,-6.694294595,1.683522074
2026-02-24 02:50:20,-6.916413893,-6.683670265,1.794747558
2026-02-24 02:50:30,-6.785738843,-6.817128267,1.804724143
2026-02-24 02:50:40,-6.726716365,-6.926273183,1.780236593
2026-02-24 02:50:50,-6.615641273,-7.014388996,1.721465005
2026-02-24 02:51:00,-6.627444563,-7.046182473,1.618033508
2026-02-24 02:51:10,-6.679803460,-7.067552355,1.389939842
2026-02-24 02:51:20,-6.679334988,-7.026749376,1.238761120
2026-02-24 02:51:30,-6.674482938,-7.086051289,1.111829812
2026-02-24 02:51:40,-6.708925679,-7.094664679,1.191839516
2026-02-24 02:51:50,-6.813935517,-6.942113013,1.113652441
2026-02-24 02:52:00,-6.901314808,-6.834616192,1.226093279
2026-02-24 02:52:10,-6.871543587,-6.913589653,0.893457248
2026-02-24 02:52:20,-6.875924942,-6.900633860,1.014602365
2026-02-24 02:52:30,-6.720374675,-7.049900954,0.901740300
2026-02-24 02:52:40,-6.600540498,-7.206648064,0.932573761
2026-02-24 02:52:50,-6.518816521,-7.278711392,0.880491003
2026-02-24 02:53:00,-6.646787082,-7.165922901,1.034925742
2026-02-24 02:53:10,-6.617134773,-7.108602765,1.139901317
2026-02-24 02:53:20,-6.716997298,-7.022756039,0.911452519
2026-02-24 02:53:30,-6.842829565,-7.008520807,0.751537623
2026-02-24 02:53:40,-6.828451600,-6.998303817,0.714592897
2026-02-24 02:53:50,-6.782396765,-7.021632069,0.755919404
2026-02-24 02:54:00,-6.931523656,-6.908515137,0.717879700
2026-02-24 02:54:10,-6.846030701,-6.989588457,0.747887134
2026-02-24 02:54:20,-7.036388723,-6.780671899,0.699069124
2026-02-24 02:54:30,-6.946471935,-6.922794797,0.733759080
2026-02-24 02:54:40,-7.054891697,-6.828765761,0.698659773
2026-02-24 02:54:50,-7.086461579,-6.766516828,0.619002962
2026-02-24 02:55:00,-7.146799781,-6.677231456,0.582083982
2026-02-24 02:55:10,-7.139717255,-6.727507419,0.566626487
2026-02-24 02:55:20,-7.110263782,-6.740477374,0.582642734
2026-02-24 02:55:30,-7.106900025,-6.769797379,0.676415397
2026-02-24 02:55:40,-7.025293534,-6.797037239,0.713123996
2026-02-24 02:55:50,-6.992387345,-6.813439409,0.843571892
2026-02-24 02:56:00,-6.906717614,-6.932034205,0.848462407
2026-02-24 02:56:10,-6.844233890,-6.941705970,0.905000068
2026-02-24 02:56:20,-6.880108064,-6.923481052,1.052305974
2026-02-24 02:56:30,-6.921781898,-6.873067672,0.967984178
2026-02-24 02:56:40,-6.885452255,-6.879449174,0.834407714
2026-02-24 02:56:50,-7.001036901,-6.843199903,0.765296736
2026-02-24 02:57:00,-6.948851708,-6.906832309,0.620532196
2026-02-24 02:57:10,-6.849417765,-7.007745065,0.535891300
2026-02-24 02:57:20,-6.862752446,-7.011436122,0.317969580
2026-02-24 02:57:30,-6.901055069,-6.963122572,0.295132861
2026-02-24 02:57:40,-6.903414306,-6.969184709,0.402631733
2026-02-24 02:57:50,-6.931681315,-6.953626853,0.227465921
2026-02-24 02:58:00,-7.095192584,-6.741231393,0.244562020
2026-02-24 02:58:10,-7.070115507,-6.752844725,0.155141684
2026-02-24 02:58:20,-7.141128870,-6.756909483,0.112130422
2026-02-24 02:58:30,-7.144842259,-6.725100024,0.042977043
2026-02-24 02:58:40,-6.973547496,-6.825245102,0.167494906
2026-02-24 02:58:50,-7.005766681,-6.831545051,0.346339739
2026-02-24 02:59:00,-6.911126460,-6.992428701,0.276507938
2026-02-24 02:59:10,-6.927946774,-6.941334003,0.062471387
2026-02-24 02:59:20,-6.858445021,-6.972045603,-0.063353990
2026-02-24 02:59:30,-6.977307511,-6.900964246,0.120699903
2026-02-24 02:59:40,-7.115936088,-6.760798579,0.264192964
2026-02-24 02:59:50,-7.139106354,-6.751917009,0.100757691
2026-02-24 03:00:00,-7.035811026,-6.808500970,0.188301819
2026-02-24 03:00:10,-7.077183321,-6.816700712,0.148032202
2026-02-24 03:00:20,-7.279089103,-6.558721023,0.093118305
2026-02-24 03:00:30,-7.379837487,-6.401685818,0.092872954
2026-02-24 03:00:40,-7.486670584,-6.331521061,0.130857770
2026-02-24 03:00:50,-7.443278605,-6.409044351,0.167285709
2026-02-24 03:01:00,-7.460874733,-6.274995377,0.120734535
2026-02-24 03:01:10,-7.559718453,-6.286589773,0.150605725
2026-02-24 03:01:20,-7.504418850,-6.293855514,0.421932256
2026-02-24 03:01:30,-7.525678784,-6.333197778,0.470762584
2026-02-24 03:01:40,-7.482299949,-6.332306867,0.517124236
2026-02-24 03:01:50,-7.432589053,-6.425022303,0.395737395
2026-02-24 03:02:00,-7.304180410,-6.583810480,0.350932903
2026-02-24 03:02:10,-7.293985153,-6.502973640,0.283658441
2026-02-24 03:02:20,-7.257207165,-6.586336327,0.302441660
2026-02-24 03:02:30,-7.395911677,-6.428152276,0.392817217
2026-02-24 03:02:40,-7.413679858,-6.419535187,0.406420477
2026-02-24 03:02:50,-7.508500156,-6.284004826,0.237961321
2026-02-24 03:03:00,-7.477744920,-6.361107001,0.100758839
2026-02-24 03:03:10,-7.447584483,-6.314729732,-0.050580325
2026-02-24 03:03:20,-7.453535007,-6.382998666,0.023748961
2026-02-24 03:03:30,-7.551475160,-6.251537842,0.171216800
2026-02-24 03:03:40,-7.610396687,-6.209607165,0.190972313
2026-02-24 03:03:50,-7.610546864,-6.260914916,0.263808552
2026-02-24 03:04:00,-7.530061601,-6.293849500,0.240389609
2026-02-24 03:04:10,-7.612095870,-6.178952528,-0.040382741
2026-02-24 03:04:20,-7.578785295,-6.267251575,0.084359341
2026-02-24 03:04:30,-7.317988738,-6.492492110,0.129290659
2026-02-24 03:04:40,-7.612962813,-6.191808900,0.154656416
2026-02-24 03:04:50,-7.508149184,-6.307031442,0.061150937
2026-02-24 03:05:00,-7.536830328,-6.283770212,0.027236923
2026-02-24 03:05:10,-7.444124907,-6.419040514,0.175327033
2026-02-24 03:05:20,-7.250240225,-6.580105477,-0.151165006
2026-02-24 03:05:30,-7.217125472,-6.637764419,0.086500733
2026-02-24 03:05:40,-7.127395076,-6.759747715,0.028123261
2026-02-24 03:05:50,-6.982348054,-6.808792744,0.233558426
2026-02-24 03:06:00,-7.188310915,-6.657951086,0.378477864
2026-02-24 03:06:10,-7.354781518,-6.407054338,0.460453637
2026-02-24 03:06:20,-7.411055986,-6.435840554,0.600123180
2026-02-24 03:06:30,-7.341439444,-6.488229425,0.462501936
2026-02-24 03:06:40,-7.410991076,-6.396493837,0.540224177
2026-02-24 03:06:50,-7.438699705,-6.368105789,0.682274794
2026-02-24 03:07:00,-7.447861033,-6.400494889,0.603356409
2026-02-24 03:07:10,-7.434972635,-6.401549097,0.616112937
2026-02-24 03:07:20,-7.356863995,-6.519612671,0.511800472
2026-02-24 03:07:30,-7.300556656,-6.513526576,0.574592807
2026-02-24 03:07:40,-7.315064292,-6.549048499,0.608171551
2026-02-24 03:07:50,-7.189665055,-6.662620387,0.576526720
2026-02-24 03:08:00,-7.209102491,-6.635649010,0.550555552
2026-02-24 03:08:10,-7.239410087,-6.564972759,0.614856180
2026-02-24 03:08:20,-7.393996768,-6.421470650,0.490797116
2026-02-24 03:08:30,-7.370120843,-6.412392428,0.698979188
2026-02-24 03:08:40,-7.471610365,-6.344461347,0.788419254
2026-02-24 03:08:50,-7.426711259,-6.406518548,0.621681145
2026-02-24 03:09:00,-7.417893042,-6.384947093,0.640309420
2026-02-24 03:09:10,-7.255714317,-6.586275955,0.806256839
2026-02-24 03:09:20,-7.230851915,-6.576017767,0.788322715
2026-02-24 03:09:30,-7.149442311,-6.629808344,1.047157509
2026-02-24 03:09:40,-7.142376818,-6.645564768,1.070616751
2026-02-24 03:09:50,-7.154757531,-6.709720125,0.833235638
2026-02-24 03:10:00,-7.120421908,-6.656004498,1.091532250
2026-02-24 03:10:10,-7.099197036,-6.659591232,1.089075510
2026-02-24 03:10:20,-7.270722625,-6.515062689,1.048932757
2026-02-24 03:10:30,-7.405646911,-6.394301138,0.861612493
2026-02-24 03:10:40,-7.370583601,-6.408219659,0.934388822
2026-02-24 03:10:50,-7.390004131,-6.371666107,0.871718263
2026-02-24 03:11:00,-7.314477801,-6.549309436,0.823137881
2026-02-24 03:11:10,-7.268063371,-6.489742312,1.047399963
2026-02-24 03:11:20,-7.285096224,-6.525018922,0.785273757
2026-02-24 03:11:30,-7.302926756,-6.507671203,0.826155406
2026-02-24 03:11:40,-7.276651334,-6.513704626,0.775750535
2026-02-24 03:11:50,-7.266056475,-6.536819785,0.765147222
2026-02-24 03:12:00,-7.168271417,-6.641211724,0.861519681
2026-02-24 03:12:10,-7.169449999,-6.693200388,0.729683059
2026-02-24 03:12:20,-7.206209623,-6.590463423,0.795111012
2026-02-24 03:12:30,-7.200771002,-6.564262022,0.828588629
2026-02-24 03:12:40,-7.365453599,-6.467703767,0.742087441
2026-02-24 03:12:50,-7.400841152,-6.389255321,0.624090684
2026-02-24 03:13:00,-7.371705845,-6.383566016,0.539750587
2026-02-24 03:13:10,-7.328461606,-6.465597015,0.652219853
2026-02-24 03:13:20,-7.335601730,-6.484827926,0.598793242
2026-02-24 03:13:30,-7.339024867,-6.427546768,0.671987054
2026-02-24 03:13:40,-7.361932507,-6.392879789,0.787362900
2026-02-24 03:13:50,-7.456986496,-6.327343969,0.829394745
2026-02-24 03:14:00,-7.375094480,-6.413790215,0.753504626
2026-02-24 03:14:10,-7.149251047,-6.720648214,0.617794741
2026-02-24 03:14:20,-7.137882420,-6.677724533,0.535649260
2026-02-24 03:14:30,-7.220525935,-6.663082844,0.623787525
2026-02-24 03:14:40,-7.168663702,-6.655805115,0.666923600
2026-02-24 03:14:50,-7.090788007,-6.729894432,0.667161725
2026-02-24 03:15:00,-7.156669336,-6.684839895,0.662171491
2026-02-24 03:15:10,-7.134133609,-6.754661539,0.466473690
2026-02-24 03:15:20,-7.015689828,-6.884495073,0.290699579
2026-02-24 03:15:30,-6.995422545,-6.831433631,0.286379413
2026-02-24 03:15:40,-7.014730675,-6.840346518,0.237666097
2026-02-24 03:15:50,-7.057748352,-6.836790994,0.204968115
2026-02-24 03:16:00,-7.101700551,-6.786973588,0.190789097
2026-02-24 03:16:10,-7.118856342,-6.753513180,0.214853497
2026-02-24 03:16:20,-7.140782336,-6.720611131,0.198835897
2026-02-24 03:16:30,-7.132306063,-6.778584198,0.232966344
2026-02-24 03:16:40,-7.062230929,-6.806847567,0.308568088
2026-02-24 03:16:50,-7.029171671,-6.754427346,0.348034874
2026-02-24 03:17:00,-6.969369651,-6.924251007,0.418052969
2026-02-24 03:17:10,-6.925619999,-6.969482206,0.509388137
2026-02-24 03:17:20,-6.951874141,-6.919808338,0.515261327
2026-02-24 03:17:30,-6.926803538,-6.890177581,0.612136685
2026-02-24 03:17:40,-6.898606842,-6.929321241,0.669902621
2026-02-24 03:17:50,-6.929273004,-6.864864737,0.680009935
2026-02-24 03:18:00,-6.966406876,-6.901340987,0.513293616
2026-02-24 03:18:10,-6.952411769,-6.901336815,0.546814469
2026-02-24 03:18:20,-7.016127794,-6.844324191,0.566696887
2026-02-24 03:18:30,-7.098824596,-6.747272026,0.624546532
2026-02-24 03:18:40,-7.077332356,-6.792435976,0.532159217
2026-02-24 03:18:50,-7.035968318,-6.895199570,0.678856331
2026-02-24 03:19:00,-6.918664459,-6.901846776,0.518718462
2026-02-24 03:19:10,-6.881313765,-6.916745040,0.531599601
2026-02-24 03:19:20,-6.896018893,-6.910474499,0.704977915
2026-02-24 03:19:30,-6.901954304,-6.942569403,0.775713589
2026-02-24 03:19:40,-6.923380881,-6.918034749,0.679193413
2026-02-24 03:19:50,-6.790663353,-7.022718486,0.882175299
2026-02-24 03:20:00,-6.767263314,-7.034504155,0.980738923
2026-02-24 03:20:10,-6.750786238,-7.085744442,0.841345437
2026-02-24 03:20:20,-6.831809941,-7.009589463,0.880593866
2026-02-24 03:20:30,-6.898818665,-6.921030924,0.905724760
2026-02-24 03:20:40,-6.776647360,-7.021205696,1.026661757
2026-02-24 03:20:50,-6.740129409,-7.055905834,0.969952054
2026-02-24 03:21:00,-6.709364267,-7.091273989,0.866915094
2026-02-24 03:21:10,-6.630315440,-7.201527701,0.933210486
2026-02-24 03:21:20,-6.641427676,-7.158918004,0.857061598
2026-02-24 03:21:30,-6.584131811,-7.232758724,0.901220065
2026-02-24 03:21:40,-6.749475442,-7.075762608,0.702752139
2026-02-24 03:21:50,-6.730440009,-7.062838633,0.629681511
2026-02-24 03:22:00,-6.722165251,-7.086192356,0.535441461
2026-02-24 03:22:10,-6.813049558,-7.048236720,0.574241176
2026-02-24 03:22:20,-6.762615731,-7.086793499,0.737555918
2026-02-24 03:22:30,-6.780275327,-7.052753467,0.877778603
2026-02-24 03:22:40,-6.831675367,-6.954073558,0.950916545
2026-02-24 03:22:50,-6.794713794,-7.020131915,0.819280177
2026-02-24 03:23:00,-6.745816939,-7.097594284,0.650361602
2026-02-24 03:23:10,-6.738599165,-7.146370763,0.657959698
2026-02-24 03:23:20,-6.632688738,-7.177494033,0.604050687
2026-02-24 03:23:30,-6.653991113,-7.238145284,0.707832664
2026-02-24 03:23:40,-6.595497834,-7.287922770,0.498645514
2026-02-24 03:23:50,-6.730284820,-7.112900502,0.458600743
2026-02-24 03:24:00,-6.592892475,-7.257862811,0.541381431
2026-02-24 03:24:10,-6.708960839,-7.139333318,0.630783240
2026-02-24 03:24:20,-6.856582780,-6.986368451,0.763051264
2026-02-24 03:24:30,-6.831912737,-6.941079719,0.700902104
2026-02-24 03:24:40,-6.871051582,-6.967762767,0.698416931
2026-02-24 03:24:50,-6.773260830,-7.065495148,0.670498588
2026-02-24 03:25:00,-6.580440673,-7.247448848,0.613153419
2026-02-24 03:25:10,-6.556029421,-7.274662959,0.597962940
2026-02-24 03:25:20,-6.579954704,-7.226127788,0.647356097
2026-02-24 03:25:30,-6.602511878,-7.188020304,0.732564889
2026-02-24 03:25:40,-6.638573950,-7.203490590,0.633129989
2026-02-24 03:25:50,-6.629483290,-7.177851078,0.626793551
2026-02-24 03:26:00,-6.550599580,-7.289961284,0.370426715
2026-02-24 03:26:10,-6.581735343,-7.294456812,0.322632263
2026-02-24 03:26:20,-6.661625070,-7.202550588,0.207125137
2026-02-24 03:26:30,-6.770993924,-7.093087903,0.299020152
2026-02-24 03:26:40,-6.635852785,-7.196591767,0.328278199
2026-02-24 03:26:50,-6.651157191,-7.177686175,0.266794204
2026-02-24 03:27:00,-6.594729925,-7.252313017,0.323113384
2026-02-24 03:27:10,-6.621988300,-7.249024371,0.249598083
2026-02-24 03:27:20,-6.713593273,-7.175982493,0.429027864
2026-02-24 03:27:30,-6.740125692,-7.138540002,0.419577686
2026-02-24 03:27:40,-6.683415529,-7.171275205,0.344277017
2026-02-24 03:27:50,-6.742013397,-7.068283909,0.351142844
2026-02-24 03:28:00,-6.795224274,-7.099179107,0.527284760
2026-02-24 03:28:10,-6.819116066,-7.077832891,0.597182048
2026-02-24 03:28:20,-6.668785652,-7.141529765,0.633706336
2026-02-24 03:28:30,-6.749649585,-7.145189060,0.639115185
2026-02-24 03:28:40,-6.633338855,-7.170358810,0.620157595
2026-02-24 03:28:50,-6.688897887,-7.126871938,0.603199918
2026-02-24 03:29:00,-6.733735127,-7.086130008,0.717657621
2026-02-24 03:29:10,-6.688454174,-7.172627856,0.975763156
2026-02-24 03:29:20,-6.821939963,-6.950497668,1.099465393
2026-02-24 03:29:30,-6.754625038,-7.012157511,1.253444018
2026-02-24 03:29:40,-6.869097445,-6.925424553,1.147394389
2026-02-24 03:29:50,-6.925382007,-6.874341027,1.177047310
2026-02-24 03:30:00,-7.024155318,-6.771800229,1.031891593
2026-02-24 03:30:10,-7.128353748,-6.702998618,0.944974502
2026-02-24 03:30:20,-7.126843300,-6.670038326,1.004529754
2026-02-24 03:30:30,-7.116807566,-6.676804391,0.958402197
2026-02-24 03:30:40,-7.150831110,-6.654934978,0.820864726
2026-02-24 03:30:50,-7.252652934,-6.613285599,0.786621931
2026-02-24 03:31:00,-7.162747395,-6.708568137,0.718781679
2026-02-24 03:31:10,-7.144972338,-6.705739305,0.529400596
2026-02-24 03:31:20,-7.206860126,-6.639759792,0.514328570
2026-02-24 03:31:30,-7.275028650,-6.533042355,0.609159583
2026-02-24 03:31:40,-7.159810813,-6.647560611,0.621436808
2026-02-24 03:31:50,-7.204225545,-6.647898389,0.623856821
2026-02-24 03:32:00,-7.200371759,-6.575935492,0.850836349
2026-02-24 03:32:10,-7.088687330,-6.749727498,0.820367370
2026-02-24 03:32:20,-6.992238250,-6.818754394,0.695954266
2026-02-24 03:32:30,-7.068090120,-6.804986297,0.670833397
2026-02-24 03:32:40,-7.125816497,-6.694338827,0.618869288
2026-02-24 03:32:50,-7.189073506,-6.631794369,0.468327596
2026-02-24 03:33:00,-7.254054299,-6.613674383,0.528648192
2026-02-24 03:33:10,-7.110971987,-6.698868503,0.634064318
2026-02-24 03:33:20,-7.133316133,-6.727851569,0.597037913
2026-02-24 03:33:30,-7.084431741,-6.748288531,0.528511670
2026-02-24 03:33:40,-7.077869288,-6.796345606,0.464755972
2026-02-24 03:33:50,-7.069102384,-6.787209915,0.352365235
2026-02-24 03:34:00,-7.102178493,-6.781799138,0.206805996
2026-02-24 03:34:10,-7.070024110,-6.817627882,0.158607027
2026-02-24 03:34:20,-7.150095089,-6.707481833,0.120596004
2026-02-24 03:34:30,-7.165251575,-6.658632548,0.164387635
2026-02-24 03:34:40,-7.091179477,-6.819343846,0.099939801
2026-02-24 03:34:50,-6.953721408,-6.907961575,0.086156338
2026-02-24 03:35:00,-6.974472412,-6.882240473,-0.055376488
2026-02-24 03:35:10,-7.079476453,-6.814416535,-0.034163047
2026-02-24 03:35:20,-7.082017900,-6.799102174,-0.255449958
2026-02-24 03:35:30,-7.063684455,-6.788315571,-0.336358464
2026-02-24 03:35:40,-6.986843260,-6.878361508,-0.381077202
2026-02-24 03:35:50,-7.039669896,-6.836034531,-0.380005587
2026-02-24 03:36:00,-7.126511981,-6.814087671,-0.229569817
2026-02-24 03:36:10,-7.037857058,-6.773024710,-0.163259833
2026-02-24 03:36:20,-7.271427201,-6.542354317,-0.201802949
2026-02-24 03:36:30,-7.154745427,-6.714627440,-0.473568773
2026-02-24 03:36:40,-7.210867182,-6.675344849,-0.300259986
2026-02-24 03:36:50,-7.198173051,-6.636469188,-0.269304039
2026-02-24 03:37:00,-7.082949046,-6.781139804,-0.398108828
2026-02-24 03:37:10,-7.195368613,-6.673822124,-0.331855502
2026-02-24 03:37:20,-7.159583355,-6.726195676,-0.293594994
2026-02-24 03:37:30,-7.108463136,-6.795460657,-0.333613139
2026-02-24 03:37:40,-7.059908243,-6.846350074,-0.228696829
2026-02-24 03:37:50,-7.032030908,-6.835668246,0.007210389
2026-02-24 03:38:00,-6.938215585,-6.939991825,-0.091261619
2026-02-24 03:38:10,-6.974118584,-6.930580271,0.063670933
2026-02-24 03:38:20,-6.985777747,-6.909260822,-0.038007203
2026-02-24 03:38:30,-7.000340186,-6.889986870,0.096404229
2026-02-24 03:38:40,-6.895909132,-6.909169817,0.196578885
2026-02-24 03:38:50,-6.937016791,-6.970016761,0.228098340
2026-02-24 03:39:00,-7.043052853,-6.834290433,0.232230417
2026-02-24 03:39:10,-6.972469414,-6.911828758,0.324363024
2026-02-24 03:39:20,-6.943749215,-6.882957510,0.398459759
2026-02-24 03:39:30,-6.990522162,-6.904988339,0.236064335
2026-02-24 03:39:40,-6.898608929,-6.969624035,0.095307936
2026-02-24 03:39:50,-7.065625805,-6.787916741,0.106124577
2026-02-24 03:40:00,-7.020858702,-6.852793841,-0.011610429
2026-02-24 03:40:10,-6.990138582,-6.830090404,0.081951502
2026-02-24 03:40:20,-7.008377077,-6.899907000,0.128163728
2026-02-24 03:40:30,-7.053864162,-6.812904234,0.278198459
2026-02-24 03:40:40,-7.020770495,-6.812206242,0.452509405
2026-02-24 03:40:50,-7.065825037,-6.842816897,0.464247476
2026-02-24 03:41:00,-6.825586096,-7.027285066,0.731472421
2026-02-24 03:41:10,-6.694621599,-7.148309132,0.663486717
2026-02-24 03:41:20,-6.752991777,-7.094653096,0.725778908
2026-02-24 03:41:30,-6.757178740,-7.084131398,0.780142778
2026-02-24 03:41:40,-6.581336173,-7.193491146,0.881154359
2026-02-24 03:41:50,-6.619444150,-7.125424829,0.930885981
2026-02-24 03:42:00,-6.676247886,-7.119605992,0.954378540
2026-02-24 03:42:10,-6.726126073,-7.085997069,0.756542449
2026-02-24 03:42:20,-6.825298663,-7.035339366,0.663328296
2026-02-24 03:42:30,-6.559713345,-7.234155600,0.792286771
2026-02-24 03:42:40,-6.555047235,-7.240822139,0.802153733
2026-02-24 03:42:50,-6.601141508,-7.223688631,0.858955734
2026-02-24 03:43:00,-6.601805392,-7.185776094,0.950636120
2026-02-24 03:43:10,-6.486516873,-7.322444799,0.819525084
2026-02-24 03:43:20,-6.659162918,-7.154819401,0.780990056
2026-02-24 03:43:30,-6.651108632,-7.183769927,0.853555880
2026-02-24 03:43:40,-6.551060151,-7.204325979,0.976297254
2026-02-24 03:43:50,-6.523996691,-7.214784496,1.131452893
2026-02-24 03:44:00,-6.509899114,-7.166567892,1.325240736
2026-02-24 03:44:10,-6.486596923,-7.247964495,1.414320231
2026-02-24 03:44:20,-6.510892649,-7.175681747,1.378140029
2026-02-24 03:44:30,-6.612032564,-7.118465122,1.250578944
2026-02-24 03:44:40,-6.536716016,-7.185595235,1.286281328
2026-02-24 03:44:50,-6.534555701,-7.259143577,1.235914337
2026-02-24 03:45:00,-6.475898813,-7.260187437,1.344096195
2026-02-24 03:45:10,-6.601534099,-7.179393982,1.250599091
2026-02-24 03:45:20,-6.643382272,-7.082296760,1.370376947
2026-02-24 03:45:30,-6.573417184,-7.140175683,1.338076898
2026-02-24 03:45:40,-6.585866256,-7.136976897,1.304600977
2026-02-24 03:45:50,-6.661039428,-7.013499992,1.487920363
2026-02-24 03:46:00,-6.684850705,-7.009731442,1.456985601
2026-02-24 03:46:10,-6.635669841,-7.120298741,1.297574866
2026-02-24 03:46:20,-6.634756284,-7.117156440,1.244156168
2026-02-24 03:46:30,-6.530588969,-7.208293725,1.152701503
2026-02-24 03:46:40,-6.546964139,-7.211019922,1.040277549
2026-02-24 03:46:50,-6.705927883,-7.123058377,0.907819117
2026-02-24 03:47:00,-6.570653759,-7.246425282,0.746849462
2026-02-24 03:47:10,-6.633203040,-7.241235559,0.643836468
2026-02-24 03:47:20,-6.569619721,-7.213468900,0.856143437
2026-02-24 03:47:30,-6.558941311,-7.268916035,0.730843100
2026-02-24 03:47:40,-6.585053479,-7.243828563,0.500224652
2026-02-24 03:47:50,-6.521501736,-7.261022723,0.382065177
2026-02-24 03:48:00,-6.540036119,-7.296458886,0.390939824
2026-02-24 03:48:10,-6.689984175,-7.179706477,0.583327827
2026-02-24 03:48:20,-6.675225969,-7.169451003,0.595488991
2026-02-24 03:48:30,-6.577394186,-7.216435684,0.730456996
2026-02-24 03:48:40,-6.778029134,-7.036613263,0.881016601
2026-02-24 03:48:50,-6.746479336,-7.042752156,1.097404283
2026-02-24 03:49:00,-6.813709190,-6.972374347,1.056155456
2026-02-24 03:49:10,-6.906883478,-6.896225221,1.104162549
2026-02-24 03:49:20,-6.838897652,-6.936514444,1.070127736
2026-02-24 03:49:30,-6.788195060,-7.007386696,0.986849293
2026-02-24 03:49:40,-6.680771595,-7.017376350,1.153411581
2026-02-24 03:49:50,-6.813298358,-6.932211104,1.210172032
2026-02-24 03:50:00,-6.870418743,-6.908506545,1.124849663
2026-02-24 03:50:10,-6.974533050,-6.832549052,1.098178251
2026-02-24 03:50:20,-6.918549831,-6.826170063,1.250013985
2026-02-24 03:50:30,-6.928399663,-6.832589666,1.250613514
2026-02-24 03:50:40,-6.925127484,-6.864918456,1.008652196
2026-02-24 03:50:50,-6.774424210,-7.007791711,1.082504843
2026-02-24 03:51:00,-6.816106733,-6.940741977,0.946466067
2026-02-24 03:51:10,-6.738352878,-7.051485737,0.944884406
2026-02-24 03:51:20,-6.750792794,-7.076827733,1.195841163
2026-02-24 03:51:30,-6.696051589,-7.117001171,1.021737846
2026-02-24 03:51:40,-6.771484989,-6.992469721,1.203717491
2026-02-24 03:51:50,-6.745138359,-7.020842512,1.299076018
2026-02-24 03:52:00,-6.799132160,-6.951702671,1.230587886
2026-02-24 03:52:10,-6.704844387,-7.045993788,1.432667488
2026-02-24 03:52:20,-6.723252579,-6.976238728,1.313141326
2026-02-24 03:52:30,-6.675857833,-7.049586214,1.353190429
2026-02-24 03:52:40,-6.798818963,-6.979247050,1.266453295
2026-02-24 03:52:50,-6.894526751,-6.912730392,1.249056227
2026-02-24 03:53:00,-6.919221621,-6.793789185,1.355128006
2026-02-24 03:53:10,-7.101620289,-6.666998120,1.287940556
2026-02-24 03:53:20,-7.133039475,-6.592800530,1.311420767
2026-02-24 03:53:30,-7.061695517,-6.647398144,1.339552676
2026-02-24 03:53:40,-7.120148165,-6.610266495,1.132373525
2026-02-24 03:53:50,-7.137469811,-6.610603464,1.135103526
2026-02-24 03:54:00,-7.220120589,-6.529902502,1.037805541
2026-02-24 03:54:10,-7.230710571,-6.597894366,1.053688063
2026-02-24 03:54:20,-7.096395389,-6.666420949,0.973822380
2026-02-24 03:54:30,-7.189484138,-6.617408599,1.109188379
2026-02-24 03:54:40,-7.211327635,-6.555147209,1.123277211
2026-02-24 03:54:50,-7.152458674,-6.636478505,1.037612441
2026-02-24 03:55:00,-7.185181224,-6.572056067,1.035850537
2026-02-24 03:55:10,-7.141867702,-6.583237071,0.971851295
2026-02-24 03:55:20,-7.189234875,-6.618416108,0.846143985
2026-02-24 03:55:30,-7.097576213,-6.705838828,0.767485583
2026-02-24 03:55:40,-7.059365503,-6.776437090,0.568833712
2026-02-24 03:55:50,-7.079018310,-6.794604232,0.621149960
2026-02-24 03:56:00,-7.082802093,-6.749624980,0.581319418
2026-02-24 03:56:10,-7.033261098,-6.805005992,0.752020036
2026-02-24 03:56:20,-6.988786559,-6.830353279,0.847757415
2026-02-24 03:56:30,-6.902968946,-6.899405484,0.939413582
2026-02-24 03:56:40,-6.801334209,-7.061975792,1.103141734
2026-02-24 03:56:50,-6.748472391,-7.040469695,0.943646679
2026-02-24 03:57:00,-6.737179351,-7.062562347,0.857915811
2026-02-24 03:57:10,-6.813258846,-7.043216045,0.895952166
2026-02-24 03:57:20,-6.650810396,-7.149942878,0.799861436
2026-02-24 03:57:30,-6.743750935,-7.078521836,0.634326792
2026-02-24 03:57:40,-6.887471686,-6.991205761,0.429218935
2026-02-24 03:57:50,-6.863314176,-6.978218163,0.470769286
2026-02-24 03:58:00,-6.838837478,-7.020998418,0.380474467
2026-02-24 03:58:10,-6.750220597,-7.119359317,0.301281177
2026-02-24 03:58:20,-6.764616599,-7.114249684,0.108993106
2026-02-24 03:58:30,-6.766659997,-7.100286244,0.315832916
2026-02-24 03:58:40,-6.932064396,-6.962370885,0.254891284
2026-02-24 03:58:50,-7.039785124,-6.823120078,0.349983803
2026-02-24 03:59:00,-7.066338997,-6.826461373,0.380431497
2026-02-24 03:59:10,-7.181233706,-6.593230265,0.661894544
2026-02-24 03:59:20,-7.239717388,-6.615977514,0.504358110
2026-02-24 03:59:30,-7.362744454,-6.505974117,0.509809246
2026-02-24 03:59:40,-7.264899594,-6.597308553,0.239097382
2026-02-24 03:59:50,-7.171400186,-6.701575256,0.161650120
2026-02-24 04:00:00,-7.366341110,-6.506775427,0.297001082
2026-02-24 04:00:10,-7.315474309,-6.543809498,0.243446448
2026-02-24 04:00:20,-7.179486865,-6.621970888,0.167778398
2026-02-24 04:00:30,-7.169958594,-6.679746922,0.267471654
2026-02-24 04:00:40,-7.191816274,-6.656768646,0.312889562
2026-02-24 04:00:50,-7.162809889,-6.704667366,0.198919161
2026-02-24 04:01:00,-7.204353182,-6.613282794,0.266901974
2026-02-24 04:01:10,-7.212543349,-6.632959762,0.240790108
2026-02-24 04:01:20,-7.265532280,-6.596911578,0.151644466
2026-02-24 04:01:30,-7.335642022,-6.536706641,0.225614244
2026-02-24 04:01:40,-7.285928356,-6.583184829,0.157095326
2026-02-24 04:01:50,-7.293203177,-6.608012067,0.254775427
2026-02-24 04:02:00,-7.308055032,-6.563281540,0.173980403
2026-02-24 04:02:10,-7.247862748,-6.562844080,0.255738356
2026-02-24 04:02:20,-7.216709144,-6.678073139,0.086324470
2026-02-24 04:02:30,-7.273495944,-6.616797149,0.185214873
2026-02-24 04:02:40,-7.223046890,-6.625367217,0.273743761
2026-02-24 04:02:50,-7.235114460,-6.655440702,0.225459396
2026-02-24 04:03:00,-7.178616017,-6.700816713,0.257971572
2026-02-24 04:03:10,-7.158543537,-6.724051496,0.013593187
2026-02-24 04:03:20,-7.129604533,-6.755512777,-0.113521375
2026-02-24 04:03:30,-7.066627050,-6.773836058,0.021740458
2026-02-24 04:03:40,-6.999140292,-6.931173170,0.006166044
2026-02-24 04:03:50,-7.042719624,-6.899561187,0.052155365
2026-02-24 04:04:00,-7.033705950,-6.856022742,-0.086393641
2026-02-24 04:04:10,-7.027240638,-6.888027807,-0.159256112
2026-02-24 04:04:20,-7.147133791,-6.757871661,-0.234185734
2026-02-24 04:04:30,-7.180155311,-6.614982813,-0.193140744
2026-02-24 04:04:40,-7.250391702,-6.591744012,-0.057258963
2026-02-24 04:04:50,-7.250361045,-6.580402991,-0.025338676
2026-02-24 04:05:00,-7.407784575,-6.473984544,-0.003694613
2026-02-24 04:05:10,-7.369075649,-6.458457734,-0.027239798
2026-02-24 04:05:20,-7.194665069,-6.632723011,0.139696434
2026-02-24 04:05:30,-7.247527127,-6.658673366,0.117356593
2026-02-24 04:05:40,-7.205703566,-6.627125848,0.166921280
2026-02-24 04:05:50,-7.262550191,-6.590918029,0.086491551
2026-02-24 04:06:00,-7.273625068,-6.586428514,-0.130464834
2026-02-24 04:06:10,-7.168736471,-6.625190552,-0.071987668
2026-02-24 04:06:20,-7.271461776,-6.614989634,-0.064323733
2026-02-24 04:06:30,-7.311748333,-6.546822701,-0.190405795
2026-02-24 04:06:40,-7.327135329,-6.540577358,-0.175685511
2026-02-24 04:06:50,-7.317320859,-6.507148296,-0.108726500
2026-02-24 04:07:00,-7.227767650,-6.601445097,-0.071948331
2026-02-24 04:07:10,-7.165810921,-6.719934112,-0.064862574
2026-02-24 04:07:20,-7.161102396,-6.708328829,-0.345457913
2026-02-24 04:07:30,-7.051821474,-6.826730456,-0.342536810
2026-02-24 04:07:40,-7.038217608,-6.816296885,-0.335864630
2026-02-24 04:07:50,-7.027435032,-6.838867317,-0.406449184
2026-02-24 04:08:00,-7.122097057,-6.736580148,-0.413753073
2026-02-24 04:08:10,-7.104657120,-6.750583757,-0.542116580
2026-02-24 04:08:20,-7.083071150,-6.756581065,-0.462638778
2026-02-24 04:08:30,-7.061024248,-6.751792034,-0.550387945
2026-02-24 04:08:40,-7.125298397,-6.731418867,-0.398668435
2026-02-24 04:08:50,-7.190404948,-6.657950049,-0.411668402
2026-02-24 04:09:00,-7.224994318,-6.576208039,-0.636022921
2026-02-24 04:09:10,-7.171667211,-6.649217560,-0.774003820
2026-02-24 04:09:20,-7.275630342,-6.545794362,-0.815065621
2026-02-24 04:09:30,-7.264826657,-6.532427488,-0.876131883
2026-02-24 04:09:40,-7.361137475,-6.435508268,-0.790410680
2026-02-24 04:09:50,-7.382357709,-6.428878401,-0.732574543
2026-02-24 04:10:00,-7.312295126,-6.507984726,-0.660538521
2026-02-24 04:10:10,-7.305156817,-6.537252902,-0.670512437
2026-02-24 04:10:20,-7.289474201,-6.563409911,-0.628089258
2026-02-24 04:10:30,-7.342932680,-6.454373986,-0.742310354
2026-02-24 04:10:40,-7.253748888,-6.580402184,-0.652425038
2026-02-24 04:10:50,-7.280878842,-6.522344589,-0.626368179
2026-02-24 04:11:00,-7.241298944,-6.549719918,-0.655131388
2026-02-24 04:11:10,-7.316617864,-6.498567592,-0.702616104
2026-02-24 04:11:20,-7.378371105,-6.470084929,-0.605447551
2026-02-24 04:11:30,-7.368605569,-6.411062497,-0.771318509
2026-02-24 04:11:40,-7.347151254,-6.481003681,-0.601417005
2026-02-24 04:11:50,-7.459148738,-6.358150847,-0.544511164
2026-02-24 04:12:00,-7.440965226,-6.355694466,-0.428680920
2026-02-24 04:12:10,-7.528095939,-6.272972045,-0.570298309
2026-02-24 04:12:20,-7.467199017,-6.355941157,-0.491549679
2026-02-24 04:12:30,-7.467820799,-6.340021314,-0.491308802
2026-02-24 04:12:40,-7.469853803,-6.320493731,-0.634691539
2026-02-24 04:12:50,-7.513555239,-6.322941704,-0.556232234
2026-02-24 04:13:00,-7.535202405,-6.267109473,-0.480402427
2026-02-24 04:13:10,-7.525213355,-6.219926468,-0.462921530
2026-02-24 04:13:20,-7.570382506,-6.176239177,-0.447821444
2026-02-24 04:13:30,-7.508406914,-6.243820825,-0.562329219
2026-02-24 04:13:40,-7.434579422,-6.342124593,-0.480014609
2026-02-24 04:13:50,-7.390577254,-6.442600111,-0.276014743
2026-02-24 04:14:00,-7.447255675,-6.405292803,-0.270777895
2026-02-24 04:14:10,-7.380877021,-6.414128898,-0.359129410
2026-02-24 04:14:20,-7.370605413,-6.482876312,-0.436861073
2026-02-24 04:14:30,-7.252565267,-6.512996463,-0.545721053
2026-02-24 04:14:40,-7.242459906,-6.545741028,-0.607634961
2026-02-24 04:14:50,-7.390734563,-6.366460237,-0.651039603
2026-02-24 04:15:00,-7.423968688,-6.356720037,-0.702576978
2026-02-24 04:15:10,-7.432718517,-6.353795004,-0.751066715
2026-02-24 04:15:20,-7.387585564,-6.383466928,-0.732700905
2026-02-24 04:15:30,-7.383109004,-6.484450259,-0.638973935
2026-02-24 04:15:40,-7.404621072,-6.392788325,-0.492780680
2026-02-24 04:15:50,-7.454557637,-6.382499870,-0.463390766
2026-02-24 04:16:00,-7.320960704,-6.490227936,-0.429462037
2026-02-24 04:16:10,-7.320272483,-6.550491170,-0.387707011
2026-02-24 04:16:20,-7.327544615,-6.491052618,-0.292057828
2026-02-24 04:16:30,-7.384265393,-6.430772286,-0.345047007
2026-02-24 04:16:40,-7.411890830,-6.432500805,-0.416344202
2026-02-24 04:16:50,-7.479615939,-6.342113160,-0.595235388
2026-02-24 04:17:00,-7.423977402,-6.395243997,-0.589012264
2026-02-24 04:17:10,-7.467291341,-6.389429437,-0.623068324
2026-02-24 04:17:20,-7.378165853,-6.487105973,-0.558340791
2026-02-24 04:17:30,-7.361733846,-6.476823304,-0.554250189
2026-02-24 04:17:40,-7.423365314,-6.381526736,-0.546069509
2026-02-24 04:17:50,-7.487149413,-6.315050508,-0.632883222
2026-02-24 04:18:00,-7.543415587,-6.261751764,-0.682788876
2026-02-24 04:18:10,-7.531565759,-6.266073540,-0.603233521
2026-02-24 04:18:20,-7.532943004,-6.285871582,-0.652032859
2026-02-24 04:18:30,-7.465647767,-6.335126839,-0.674965427
2026-02-24 04:18:40,-7.540060026,-6.254676885,-0.642098405
2026-02-24 04:18:50,-7.587373977,-6.250950477,-0.720492007
2026-02-24 04:19:00,-7.452644536,-6.259453782,-1.135244427
2026-02-24 04:19:10,-7.569122641,-6.159563990,-1.019869119
2026-02-24 04:19:20,-7.588224654,-6.141529428,-0.954994257
2026-02-24 04:19:30,-7.701633648,-6.024808787,-1.142749304
2026-02-24 04:19:40,-7.611695435,-6.076093918,-1.042246057
2026-02-24 04:19:50,-7.596006683,-6.155358825,-1.043604520
2026-02-24 04:20:00,-7.650141053,-6.061165189,-1.061592748
2026-02-24 04:20:10,-7.630223026,-6.110885046,-0.993079851
2026-02-24 04:20:20,-7.584553893,-6.140472052,-1.036754420
2026-02-24 04:20:30,-7.605592428,-6.149723915,-0.928543140
2026-02-24 04:20:40,-7.548111266,-6.185603991,-0.993745547
2026-02-24 04:20:50,-7.515958667,-6.182145350,-1.145350997
2026-02-24 04:21:00,-7.432313256,-6.262600188,-1.128908149
2026-02-24 04:21:10,-7.584368516,-6.156011531,-1.075419912
2026-02-24 04:21:20,-7.549540545,-6.176160025,-1.023284665
2026-02-24 04:21:30,-7.593163775,-6.060083971,-1.001378642
2026-02-24 04:21:40,-7.623773023,-6.081303269,-1.016576574
2026-02-24 04:21:50,-7.659513896,-6.052571113,-0.878691666
2026-02-24 04:22:00,-7.773248754,-5.937585517,-0.940187927
2026-02-24 04:22:10,-7.751222118,-5.926422776,-1.104648904
2026-02-24 04:22:20,-7.719101616,-6.009973491,-1.223676013
2026-02-24 04:22:30,-7.748790199,-5.929601555,-1.341409209
2026-02-24 04:22:40,-7.693746004,-5.925521811,-1.164430581
2026-02-24 04:22:50,-7.728468990,-5.901982263,-1.190900981
2026-02-24 04:23:00,-7.638372558,-6.055216225,-1.001132858
2026-02-24 04:23:10,-7.713180626,-5.989427725,-0.977105109
2026-02-24 04:23:20,-7.668703061,-6.087254732,-0.939073987
2026-02-24 04:23:30,-7.523984034,-6.281029012,-0.748703606
2026-02-24 04:23:40,-7.513835796,-6.258880064,-0.852807751
2026-02-24 04:23:50,-7.474735319,-6.327494856,-0.668645655
2026-02-24 04:24:00,-7.492188494,-6.339749256,-0.811645355
2026-02-24 04:24:10,-7.487150540,-6.298109896,-0.637629895
2026-02-24 04:24:20,-7.463598228,-6.348737714,-0.471746961
2026-02-24 04:24:30,-7.382195725,-6.462981139,-0.475253641
2026-02-24 04:24:40,-7.517432053,-6.262733908,-0.435943768
2026-02-24 04:24:50,-7.450220177,-6.354624306,-0.419650683
2026-02-24 04:25:00,-7.421756926,-6.408289307,-0.249449473
2026-02-24 04:25:10,-7.508594090,-6.313030277,-0.112063794
2026-02-24 04:25:20,-7.507447289,-6.280529050,-0.125094953
2026-02-24 04:25:30,-7.546188768,-6.297667674,-0.069950488
2026-02-24 04:25:40,-7.431444752,-6.414344304,-0.103632579
2026-02-24 04:25:50,-7.271595764,-6.640708775,-0.014528000
2026-02-24 04:26:00,-7.253859289,-6.589625915,-0.004383704
2026-02-24 04:26:10,-7.285033011,-6.595066801,-0.088500842
2026-02-24 04:26:20,-7.298148798,-6.579666454,-0.027922815
2026-02-24 04:26:30,-7.190182686,-6.627804033,0.009372942
2026-02-24 04:26:40,-7.274746339,-6.591907030,-0.178340345
2026-02-24 04:26:50,-7.260736536,-6.566237595,-0.231023801
2026-02-24 04:27:00,-7.297082101,-6.527534148,-0.333184617
2026-02-24 04:27:10,-7.288638273,-6.535725910,-0.481890956
2026-02-24 04:27:20,-7.296967020,-6.542713194,-0.677888242
2026-02-24 04:27:30,-7.292568569,-6.504250110,-0.597813195
2026-02-24 04:27:40,-7.399900746,-6.465890836,-0.611906707
2026-02-24 04:27:50,-7.349885788,-6.431061163,-0.538498978
2026-02-24 04:28:00,-7.282570733,-6.513710767,-0.672553867
2026-02-24 04:28:10,-7.140704712,-6.662809394,-0.689068708
2026-02-24 04:28:20,-7.142818972,-6.702481989,-0.702807517
2026-02-24 04:28:30,-7.023492609,-6.820886932,-0.627717027
2026-02-24 04:28:40,-7.088763204,-6.773358696,-0.573964343
2026-02-24 04:28:50,-6.997949430,-6.882369871,-0.807978558
2026-02-24 04:29:00,-7.007657617,-6.859009897,-0.730020179
2026-02-24 04:29:10,-6.824004321,-7.005337411,-0.750621541
2026-02-24 04:29:20,-6.789456994,-7.053803308,-0.763071636
2026-02-24 04:29:30,-6.820127731,-7.057431892,-0.557587330
2026-02-24 04:29:40,-6.818073002,-7.043958512,-0.476520098
2026-02-24 04:29:50,-6.908941537,-6.949923191,-0.549823931
2026-02-24 04:30:00,-6.891310229,-6.965166872,-0.415673861
2026-02-24 04:30:10,-6.927483036,-6.941484694,-0.348082563
2026-02-24 04:30:20,-6.950580935,-6.924351474,-0.502547293
2026-02-24 04:30:30,-6.990950015,-6.914100501,-0.438962500
2026-02-24 04:30:40,-7.020253897,-6.797910177,-0.477549099
2026-02-24 04:30:50,-7.072740173,-6.748909257,-0.486916481
2026-02-24 04:31:00,-7.004701012,-6.865468770,-0.419182629
2026-02-24 04:31:10,-6.998308990,-6.845793411,-0.418502107
2026-02-24 04:31:20,-7.088710981,-6.836427682,-0.323292181
2026-02-24 04:31:30,-6.946066147,-6.886274346,-0.557720243
2026-02-24 04:31:40,-6.962620015,-6.908159270,-0.420473878
2026-02-24 04:31:50,-6.977931942,-6.897355856,-0.574269884
2026-02-24 04:32:00,-7.039579934,-6.856966341,-0.643085920
2026-02-24 04:32:10,-7.113119180,-6.724121091,-0.675218008
2026-02-24 04:32:20,-7.016536691,-6.784231281,-0.749450832
2026-02-24 04:32:30,-6.969728538,-6.876981119,-0.719662626
2026-02-24 04:32:40,-7.029273835,-6.831634121,-0.760593723
2026-02-24 04:32:50,-7.031685513,-6.805354802,-0.681880354
2026-02-24 04:33:00,-6.985951380,-6.816087319,-0.806878972
2026-02-24 04:33:10,-6.950698428,-6.870947704,-0.818187213
2026-02-24 04:33:20,-7.007197827,-6.875028688,-0.755852126
2026-02-24 04:33:30,-6.965161514,-6.828488103,-0.819293423
2026-02-24 04:33:40,-7.011977598,-6.771573924,-0.805018336
2026-02-24 04:33:50,-7.009269999,-6.786385506,-0.921642770
2026-02-24 04:34:00,-7.044424198,-6.754645270,-0.997705388
2026-02-24 04:34:10,-7.145276187,-6.659065578,-1.145719284
2026-02-24 04:34:20,-7.268641419,-6.444632973,-1.309509219
2026-02-24 04:34:30,-7.204812583,-6.550184113,-1.307100680
2026-02-24 04:34:40,-7.297426927,-6.429487892,-1.125237546
2026-02-24 04:34:50,-7.276495555,-6.428798931,-1.306549364
2026-02-24 04:35:00,-7.289622067,-6.421372178,-1.251535535
2026-02-24 04:35:10,-7.344312480,-6.411299049,-1.128089531
2026-02-24 04:35:20,-7.296096673,-6.478109173,-1.155881967
2026-02-24 04:35:30,-7.240394354,-6.516653743,-1.267525197
2026-02-24 04:35:40,-7.194493738,-6.569196297,-1.288335606
2026-02-24 04:35:50,-7.087627864,-6.669965544,-1.231413319
2026-02-24 04:36:00,-7.085348643,-6.660313947,-1.102909604
2026-02-24 04:36:10,-7.224321858,-6.484213662,-1.239813913
2026-02-24 04:36:20,-7.213956056,-6.482561814,-1.359430575
2026-02-24 04:36:30,-7.238105888,-6.457354806,-1.316654271
2026-02-24 04:36:40,-7.287238978,-6.430743904,-1.352160964
2026-02-24 04:36:50,-7.363594626,-6.348671142,-1.384664326
2026-02-24 04:37:00,-7.392439063,-6.324241499,-1.426264201
2026-02-24 04:37:10,-7.476658414,-6.265085287,-1.361874962
2026-02-24 04:37:20,-7.482899219,-6.223048181,-1.270086421
2026-02-24 04:37:30,-7.568729759,-6.115070638,-1.183730072
2026-02-24 04:37:40,-7.497253185,-6.185297607,-1.212990849
2026-02-24 04:37:50,-7.656178299,-6.032775707,-1.290407253
2026-02-24 04:38:00,-7.641359658,-5.974132757,-1.420757144
2026-02-24 04:38:10,-7.619847649,-5.990470450,-1.405976245
2026-02-24 04:38:20,-7.551989067,-6.049413597,-1.577197048
2026-02-24 04:38:30,-7.664320156,-5.919471765,-1.598051879
2026-02-24 04:38:40,-7.680137585,-5.798345228,-1.690314404
2026-02-24 04:38:50,-7.658569240,-5.977196631,-1.701156490
2026-02-24 04:39:00,-7.690266080,-5.842283050,-1.718339757
2026-02-24 04:39:10,-7.749554905,-5.823917212,-1.584787750
2026-02-24 04:39:20,-7.683458883,-5.852882453,-1.703383839
2026-02-24 04:39:30,-7.667555550,-5.870963893,-1.736786240
2026-02-24 04:39:40,-7.623623756,-5.864018521,-1.802683585
2026-02-24 04:39:50,-7.540081404,-6.049823592,-1.850051699
2026-02-24 04:40:00,-7.630505785,-5.936695843,-1.727205957
2026-02-24 04:40:10,-7.803428720,-5.802453499,-1.486535959
2026-02-24 04:40:20,-7.792074501,-5.758920194,-1.585323214
2026-02-24 04:40:30,-7.783720103,-5.772626061,-1.607945055
2026-02-24 04:40:40,-7.607480557,-5.971993398,-1.567231121
2026-02-24 04:40:50,-7.744381537,-5.865269624,-1.464712264
2026-02-24 04:41:00,-7.629106692,-5.940459750,-1.621866623
2026-02-24 04:41:10,-7.705043264,-5.909706793,-1.502194828
2026-02-24 04:41:20,-7.656850753,-5.956126717,-1.412438408
2026-02-24 04:41:30,-7.659201414,-5.973354015,-1.401087821
2026-02-24 04:41:40,-7.703693899,-5.896152738,-1.475092950
2026-02-24 04:41:50,-7.623767489,-6.010692689,-1.416929299
2026-02-24 04:42:00,-7.587447166,-6.058905303,-1.444161476
2026-02-24 04:42:10,-7.795576368,-5.805367203,-1.251080056
2026-02-24 04:42:20,-7.721989335,-5.901450810,-1.345032561
2026-02-24 04:42:30,-7.790016012,-5.828144483,-1.432396687
2026-02-24 04:42:40,-7.839755919,-5.846336519,-1.290875043
2026-02-24 04:42:50,-7.864657307,-5.777300420,-1.180505795
2026-02-24 04:43:00,-7.921019840,-5.659092142,-1.113162597
2026-02-24 04:43:10,-7.744276416,-5.885239448,-1.213547778
2026-02-24 04:43:20,-7.671813643,-5.926305553,-1.263175416
2026-02-24 04:43:30,-7.711567422,-5.989733626,-1.117497610
2026-02-24 04:43:40,-7.695937620,-5.979180693,-1.038696103
2026-02-24 04:43:50,-7.546142633,-6.191498800,-0.980422867
2026-02-24 04:44:00,-7.499899864,-6.208702242,-0.994087893
2026-02-24 04:44:10,-7.494725740,-6.229182379,-0.966920949
2026-02-24 04:44:20,-7.454262612,-6.310392376,-0.989836717
2026-02-24 04:44:30,-7.431859900,-6.308403139,-0.845132796
2026-02-24 04:44:40,-7.456859683,-6.335816448,-0.880329815
2026-02-24 04:44:50,-7.549923434,-6.166237937,-1.065078101
2026-02-24 04:45:00,-7.458116292,-6.240842039,-0.993973632
2026-02-24 04:45:10,-7.506330556,-6.201213818,-1.101962340
2026-02-24 04:45:20,-7.496736218,-6.250582112,-1.011232789
2026-02-24 04:45:30,-7.416311479,-6.365958395,-0.911451298
2026-02-24 04:45:40,-7.468189384,-6.307510866,-1.057236679
2026-02-24 04:45:50,-7.360215116,-6.370249237,-1.013032727
2026-02-24 04:46:00,-7.380647065,-6.386853937,-1.017294844
2026-02-24 04:46:10,-7.307910734,-6.394107320,-1.123077122
2026-02-24 04:46:20,-7.393036881,-6.422128447,-1.002310722
2026-02-24 04:46:30,-7.357953117,-6.378161741,-0.971718061
2026-02-24 04:46:40,-7.305990938,-6.465418135,-1.045999227
2026-02-24 04:46:50,-7.264737578,-6.492989375,-1.101518913
2026-02-24 04:47:00,-7.152308055,-6.633278945,-1.050867062
2026-02-24 04:47:10,-7.135503680,-6.687966061,-0.852734020
2026-02-24 04:47:20,-7.134124568,-6.638036518,-0.776127173
2026-02-24 04:47:30,-7.177125120,-6.633382817,-0.806661958
2026-02-24 04:47:40,-7.148308019,-6.659203578,-0.885794606
2026-02-24 04:47:50,-7.170886289,-6.644868845,-1.116561487
2026-02-24 04:48:00,-7.097415643,-6.613235794,-1.237624189
2026-02-24 04:48:10,-7.085738917,-6.674091507,-1.341182811
2026-02-24 04:48:20,-7.138256173,-6.591630086,-1.345952254
2026-02-24 04:48:30,-7.082164156,-6.640482356,-1.373638576
2026-02-24 04:48:40,-7.121151834,-6.589814281,-1.435889559
2026-02-24 04:48:50,-7.088552160,-6.618653440,-1.524477201
2026-02-24 04:49:00,-7.101778682,-6.581609412,-1.485007518
2026-02-24 04:49:10,-7.167620230,-6.536910320,-1.371081195
2026-02-24 04:49:20,-7.324274935,-6.350677950,-1.353701378
2026-02-24 04:49:30,-7.378265635,-6.346401276,-1.342390609
2026-02-24 04:49:40,-7.409071614,-6.273591794,-1.391153279
2026-02-24 04:49:50,-7.474823122,-6.168569723,-1.587906928
2026-02-24 04:50:00,-7.478005730,-6.100666283,-1.711796689
2026-02-24 04:50:10,-7.436735949,-6.117911977,-1.732157467
2026-02-24 04:50:20,-7.558570078,-6.130251701,-1.606331003
2026-02-24 04:50:30,-7.599644083,-5.983805942,-1.592760599
2026-02-24 04:50:40,-7.489557707,-6.072687507,-1.712998714
2026-02-24 04:50:50,-7.614196709,-5.932379770,-1.706560964
2026-02-24 04:51:00,-7.697177884,-5.828932711,-1.563129052
2026-02-24 04:51:10,-7.786774703,-5.900120056,-1.287131348
2026-02-24 04:51:20,-7.744527578,-5.881933334,-1.375391021
2026-02-24 04:51:30,-7.616848252,-5.948270066,-1.453296175
2026-02-24 04:51:40,-7.730455723,-5.891625824,-1.310732897
2026-02-24 04:51:50,-7.679835759,-5.904596377,-1.487198039
2026-02-24 04:52:00,-7.880361683,-5.725404721,-1.307041586
2026-02-24 04:52:10,-7.828113991,-5.784932206,-1.239501868
2026-02-24 04:52:20,-7.816256136,-5.814595317,-1.192375978
2026-02-24 04:52:30,-7.832127603,-5.874993884,-1.103086559
2026-02-24 04:52:40,-7.752990409,-5.848144462,-1.252951434
2026-02-24 04:52:50,-7.713027072,-5.893506073,-1.502053938
2026-02-24 04:53:00,-7.827394752,-5.818858960,-1.289171325
2026-02-24 04:53:10,-7.766750068,-5.831219432,-1.335384337
2026-02-24 04:53:20,-7.817624382,-5.729331600,-1.490221187
2026-02-24 04:53:30,-7.842556767,-5.700214724,-1.644127887
2026-02-24 04:53:40,-7.771453784,-5.759147214,-1.535050141
2026-02-24 04:53:50,-7.803247436,-5.770490453,-1.529804046
2026-02-24 04:54:00,-7.831105208,-5.667070245,-1.761225860
2026-02-24 04:54:10,-7.874952242,-5.583697615,-1.613753176
2026-02-24 04:54:20,-7.979697666,-5.486449369,-1.441478111
2026-02-24 04:54:30,-8.024625078,-5.487814152,-1.377921646
2026-02-24 04:54:40,-8.034857635,-5.453631600,-1.474304144
2026-02-24 04:54:50,-8.014170345,-5.419382383,-1.404712276
2026-02-24 04:55:00,-7.929051546,-5.572231398,-1.415812544
2026-02-24 04:55:10,-7.936258622,-5.594697317,-1.313729825
2026-02-24 04:55:20,-7.899296020,-5.642583315,-1.525413362
2026-02-24 04:55:30,-7.849789277,-5.683781107,-1.503843996
2026-02-24 04:55:40,-7.933011208,-5.618963111,-1.423343632
2026-02-24 04:55:50,-7.868369319,-5.672362156,-1.447931921
2026-02-24 04:56:00,-7.768409418,-5.759205861,-1.465988016
2026-02-24 04:56:10,-7.815652000,-5.756841981,-1.356827053
2026-02-24 04:56:20,-7.858855782,-5.727138226,-1.261121083
2026-02-24 04:56:30,-7.816535043,-5.807030929,-1.072792747
2026-02-24 04:56:40,-7.683012997,-6.003699793,-1.065993729
2026-02-24 04:56:50,-7.766295262,-5.884082888,-1.146603323
2026-02-24 04:57:00,-7.577689578,-6.099597555,-1.150884787
2026-02-24 04:57:10,-7.736777966,-5.917768879,-1.154713649
2026-02-24 04:57:20,-7.686893087,-6.007978067,-1.181994628
2026-02-24 04:57:30,-7.560424391,-6.138840131,-1.148284125
2026-02-24 04:57:40,-7.368556114,-6.320878276,-1.335695136
2026-02-24 04:57:50,-7.449745398,-6.248654125,-1.194483595
2026-02-24 04:58:00,-7.352429952,-6.369073173,-1.433913776
2026-02-24 04:58:10,-7.235657707,-6.390843868,-1.706321864
2026-02-24 04:58:20,-7.176571129,-6.458755508,-1.730394722
2026-02-24 04:58:30,-7.181315033,-6.424781609,-1.909769982
2026-02-24 04:58:40,-7.074624002,-6.520572609,-2.000018086
2026-02-24 04:58:50,-6.978535693,-6.511457045,-2.172865545
2026-02-24 04:59:00,-7.023929918,-6.482052027,-2.188960564
2026-02-24 04:59:10,-7.002916422,-6.450021394,-2.358215449
2026-02-24 04:59:20,-7.010877773,-6.474910323,-2.243586196
2026-02-24 04:59:30,-6.888999293,-6.591627414,-2.297237296
2026-02-24 04:59:40,-6.764139338,-6.606136536,-2.533830449
2026-02-24 04:59:50,-6.836268720,-6.533238885,-2.523882168
2026-02-24 05:00:00,-6.821587371,-6.542717451,-2.636522301
2026-02-24 05:00:10,-6.905710574,-6.467036372,-2.599867386
2026-02-24 05:00:20,-6.860052288,-6.503801618,-2.622397270
2026-02-24 05:00:30,-6.924946564,-6.469896566,-2.560311778
2026-02-24 05:00:40,-6.959285135,-6.455714805,-2.412809724
2026-02-24 05:00:50,-6.913136781,-6.396915927,-2.503855156
2026-02-24 05:01:00,-6.823195840,-6.636579001,-2.453153540
2026-02-24 05:01:10,-6.905985234,-6.643843515,-2.184650491
2026-02-24 05:01:20,-6.827682771,-6.626849046,-2.458433552
2026-02-24 05:01:30,-6.778058398,-6.591504934,-2.562406199
2026-02-24 05:01:40,-6.891736884,-6.563452779,-2.547144778
2026-02-24 05:01:50,-6.854026016,-6.562049556,-2.533183316
2026-02-24 05:02:00,-7.060078259,-6.465306946,-2.156454050
2026-02-24 05:02:10,-7.156783635,-6.384443280,-2.079607280
2026-02-24 05:02:20,-7.179383179,-6.428531915,-1.918730033
2026-02-24 05:02:30,-7.150833623,-6.454577705,-1.827316214
2026-02-24 05:02:40,-7.164349953,-6.453243116,-1.907135174
2026-02-24 05:02:50,-7.193114434,-6.453565892,-1.780164871
2026-02-24 05:03:00,-7.162999376,-6.409405486,-1.788036077
2026-02-24 05:03:10,-7.134109763,-6.469310916,-1.806076368
2026-02-24 05:03:20,-7.099929556,-6.508760241,-1.792386913
2026-02-24 05:03:30,-7.034901703,-6.551448917,-1.990983461
2026-02-24 05:03:40,-7.012798499,-6.578340042,-2.057454282
2026-02-24 05:03:50,-6.994132795,-6.557204234,-2.063745136
2026-02-24 05:04:00,-6.981108048,-6.504024009,-2.274388953
2026-02-24 05:04:10,-6.940041609,-6.571855520,-2.188545891
2026-02-24 05:04:20,-6.783572212,-6.685475057,-2.239837365
2026-02-24 05:04:30,-6.735488652,-6.724782280,-2.325529894
2026-02-24 05:04:40,-6.785694802,-6.739543498,-2.287811109
2026-02-24 05:04:50,-6.732348485,-6.800701614,-2.370220787
2026-02-24 05:05:00,-6.738215372,-6.705054307,-2.405925439
2026-02-24 05:05:10,-6.798014731,-6.662032192,-2.292818099
2026-02-24 05:05:20,-6.797340908,-6.748553487,-2.160061250
2026-02-24 05:05:30,-6.928991770,-6.585766559,-2.311675531
2026-02-24 05:05:40,-6.988847066,-6.522084007,-2.293147460
2026-02-24 05:05:50,-7.074587388,-6.368389171,-2.298507414
2026-02-24 05:06:00,-6.991387512,-6.519296633,-2.376272063
2026-02-24 05:06:10,-7.016904647,-6.376997001,-2.401561508
2026-02-24 05:06:20,-7.029149004,-6.448747267,-2.314290634
2026-02-24 05:06:30,-6.972689763,-6.542259707,-2.160977515
2026-02-24 05:06:40,-7.065634920,-6.535553292,-1.899835613
2026-02-24 05:06:50,-7.117743820,-6.520494061,-1.932073681
2026-02-24 05:07:00,-7.023704668,-6.514382250,-1.923386629
2026-02-24 05:07:10,-7.119799292,-6.546077431,-1.735958102
2026-02-24 05:07:20,-7.113737011,-6.545414531,-1.724553844
2026-02-24 05:07:30,-7.061935671,-6.549869297,-1.705647196
2026-02-24 05:07:40,-7.133360723,-6.534081144,-1.679746948
2026-02-24 05:07:50,-7.084203121,-6.536055294,-1.717115400
2026-02-24 05:08:00,-7.123513195,-6.599587349,-1.476103087
2026-02-24 05:08:10,-7.132598229,-6.564020262,-1.571866878
2026-02-24 05:08:20,-7.087857989,-6.594233039,-1.530834415
2026-02-24 05:08:30,-7.138060138,-6.562157849,-1.394644940
2026-02-24 05:08:40,-7.094392439,-6.587953806,-1.357109808
2026-02-24 05:08:50,-7.084860573,-6.633674537,-1.375674361
2026-02-24 05:09:00,-7.073268828,-6.653944702,-1.356996397
2026-02-24 05:09:10,-6.891542413,-6.846626423,-1.551496355
2026-02-24 05:09:20,-6.884826754,-6.830546523,-1.533461032
2026-02-24 05:09:30,-6.840565043,-6.941705566,-1.454985201
2026-02-24 05:09:40,-6.874256579,-6.856244963,-1.525905986
2026-02-24 05:09:50,-6.759267977,-6.966263021,-1.521232009
2026-02-24 05:10:00,-6.853165300,-6.874214207,-1.568249250
2026-02-24 05:10:10,-6.750474713,-6.922493694,-1.730342166
2026-02-24 05:10:20,-6.628075036,-7.040732424,-1.648949044
2026-02-24 05:10:30,-6.676678037,-6.958809831,-1.600884670
2026-02-24 05:10:40,-6.692013073,-7.001944313,-1.659782337
2026-02-24 05:10:50,-6.731190737,-6.917967163,-1.722111738
2026-02-24 05:11:00,-6.630596770,-7.030474573,-1.683851173
2026-02-24 05:11:10,-6.762912415,-6.939362892,-1.795866337
2026-02-24 05:11:20,-6.810369327,-6.883662325,-1.654409723
2026-02-24 05:11:30,-6.858585167,-6.864956558,-1.424909153
2026-02-24 05:11:40,-6.944346988,-6.801578442,-1.211689367
2026-02-24 05:11:50,-6.979216515,-6.731040788,-1.289001176
2026-02-24 05:12:00,-7.072525441,-6.722050314,-1.131199046
2026-02-24 05:12:10,-6.984753135,-6.702709925,-1.373435110
2026-02-24 05:12:20,-7.019219294,-6.742018395,-1.360020342
2026-02-24 05:12:30,-7.155266339,-6.593735235,-1.342060328
2026-02-24 05:12:40,-7.176599961,-6.587331405,-1.264443602
2026-02-24 05:12:50,-7.210927874,-6.513806316,-1.346056705
2026-02-24 05:13:00,-7.293229852,-6.390730243,-1.265754187
2026-02-24 05:13:10,-7.307735742,-6.408979065,-1.315179452
2026-02-24 05:13:20,-7.341192025,-6.312184242,-1.315851706
2026-02-24 05:13:30,-7.398062856,-6.319694535,-1.051872926
2026-02-24 05:13:40,-7.457155302,-6.254411966,-1.128229014
2026-02-24 05:13:50,-7.440585195,-6.280788150,-1.184979073
2026-02-24 05:14:00,-7.445945772,-6.299355012,-1.093471975
2026-02-24 05:14:10,-7.437019434,-6.292256727,-1.035397988
2026-02-24 05:14:20,-7.448929170,-6.315745576,-1.031854845
2026-02-24 05:14:30,-7.468757815,-6.351738802,-1.141533555
2026-02-24 05:14:40,-7.504344646,-6.222659053,-1.017006034
2026-02-24 05:14:50,-7.485642294,-6.290273425,-1.006767099
2026-02-24 05:15:00,-7.455057918,-6.327463498,-0.924054525
2026-02-24 05:15:10,-7.456786506,-6.347367279,-0.816801991
2026-02-24 05:15:20,-7.361609954,-6.416970738,-0.724603062
2026-02-24 05:15:30,-7.454302907,-6.319297839,-0.643489202
2026-02-24 05:15:40,-7.414143967,-6.416829948,-0.547826990
2026-02-24 05:15:50,-7.470403710,-6.363200022,-0.641443632
2026-02-24 05:16:00,-7.382019444,-6.433386980,-0.470882024
2026-02-24 05:16:10,-7.359463461,-6.505220625,-0.392027910
2026-02-24 05:16:20,-7.441750750,-6.417882971,-0.361691035
2026-02-24 05:16:30,-7.592599236,-6.161253950,-0.467485410
2026-02-24 05:16:40,-7.553479227,-6.239355629,-0.494588345
2026-02-24 05:16:50,-7.585684625,-6.154162989,-0.569088621
2026-02-24 05:17:00,-7.739578430,-5.966570383,-0.797691489
2026-02-24 05:17:10,-7.695102965,-5.969745879,-1.013904171
2026-02-24 05:17:20,-7.676343987,-6.042658083,-0.977650688
2026-02-24 05:17:30,-7.615325604,-5.983741525,-1.168063794
2026-02-24 05:17:40,-7.571299933,-6.101362174,-1.339934488
2026-02-24 05:17:50,-7.604052564,-6.119268471,-1.206336415
2026-02-24 05:18:00,-7.732122509,-5.966338811,-0.961936449
2026-02-24 05:18:10,-7.845597668,-5.880528878,-1.101178109
2026-02-24 05:18:20,-7.806014610,-5.864591831,-1.031822598
2026-02-24 05:18:30,-7.836920610,-5.787108555,-1.144514183
2026-02-24 05:18:40,-7.940701969,-5.696823517,-1.078260900
2026-02-24 05:18:50,-7.891098319,-5.737785632,-1.261021367
2026-02-24 05:19:00,-7.922314268,-5.674822387,-1.202739378
2026-02-24 05:19:10,-7.946556355,-5.588286122,-1.337210111
2026-02-24 05:19:20,-7.986897272,-5.556823086,-1.345764743
2026-02-24 05:19:30,-7.973851848,-5.598131633,-1.233470521
2026-02-24 05:19:40,-8.026475831,-5.556362056,-1.043794321
2026-02-24 05:19:50,-8.025214215,-5.554093223,-1.128475356
2026-02-24 05:20:00,-8.065051316,-5.526745195,-0.996211442
2026-02-24 05:20:10,-8.021766811,-5.552760118,-0.863145777
2026-02-24 05:20:20,-7.982280900,-5.636960253,-1.082676473
2026-02-24 05:20:30,-7.921381405,-5.621043146,-1.289341608
2026-02-24 05:20:40,-7.881975732,-5.726489963,-1.236687437
2026-02-24 05:20:50,-7.848778602,-5.748922252,-1.224247529
2026-02-24 05:21:00,-7.934498680,-5.696974392,-1.037672177
2026-02-24 05:21:10,-8.080153505,-5.491236066,-1.086326145
2026-02-24 05:21:20,-8.043925597,-5.472382441,-1.205909231
2026-02-24 05:21:30,-8.137278399,-5.280157005,-1.266419951
2026-02-24 05:21:40,-8.197106599,-5.288008101,-1.204798765
2026-02-24 05:21:50,-8.161265622,-5.323498638,-1.171671141
2026-02-24 05:22:00,-8.079674170,-5.356357561,-1.153736369
2026-02-24 05:22:10,-8.102588284,-5.387409488,-1.184489188
2026-02-24 05:22:20,-8.072490257,-5.428741257,-1.051060622
2026-02-24 05:22:30,-8.090954020,-5.436497177,-1.080673808
2026-02-24 05:22:40,-8.098244929,-5.335972673,-1.260822990
2026-02-24 05:22:50,-8.058566967,-5.459001698,-1.409026101
2026-02-24 05:23:00,-8.086053772,-5.419096943,-1.367013112
2026-02-24 05:23:10,-8.092925689,-5.405335980,-1.319716646
2026-02-24 05:23:20,-8.095517717,-5.382708491,-1.266537625
2026-02-24 05:23:30,-8.088091808,-5.366966220,-1.387180146
2026-02-24 05:23:40,-8.023366708,-5.431824410,-1.420652771
2026-02-24 05:23:50,-8.107596385,-5.439319762,-1.299326658
2026-02-24 05:24:00,-8.094508248,-5.307464398,-1.208594931
2026-02-24 05:24:10,-8.095622581,-5.409118342,-1.294780262
2026-02-24 05:24:20,-8.053702760,-5.423368897,-1.415104670
2026-02-24 05:24:30,-8.019240039,-5.470417224,-1.427427866
2026-02-24 05:24:40,-7.869788001,-5.594660157,-1.479405073
2026-02-24 05:24:50,-7.787744641,-5.727588210,-1.615513896
2026-02-24 05:25:00,-7.908857167,-5.610855088,-1.524382973
2026-02-24 05:25:10,-7.963696270,-5.482724773,-1.389379077
2026-02-24 05:25:20,-8.029458246,-5.521595141,-1.358060210
2026-02-24 05:25:30,-7.990091492,-5.487009624,-1.341013283
2026-02-24 05:25:40,-8.036405718,-5.485822674,-1.423719622
2026-02-24 05:25:50,-7.948891250,-5.482433988,-1.593596324
2026-02-24 05:26:00,-7.923125560,-5.563474312,-1.540254543
2026-02-24 05:26:10,-7.938033625,-5.554889950,-1.382411694
2026-02-24 05:26:20,-7.965544646,-5.562245842,-1.344204452
2026-02-24 05:26:30,-8.053737537,-5.515686762,-1.049924915
2026-02-24 05:26:40,-8.046742757,-5.533273932,-1.116632094
2026-02-24 05:26:50,-8.063653226,-5.490740058,-1.028690817
2026-02-24 05:27:00,-8.138366963,-5.343330748,-0.984234321
2026-02-24 05:27:10,-8.102440847,-5.462717980,-0.905666559
2026-02-24 05:27:20,-8.067085708,-5.518836771,-0.819750643
2026-02-24 05:27:30,-8.042575470,-5.556510537,-0.708008843
2026-02-24 05:27:40,-8.155944729,-5.371608747,-0.678604613
2026-02-24 05:27:50,-8.186369073,-5.397148427,-0.457623902
2026-02-24 05:28:00,-8.136074546,-5.460292026,-0.500251811
2026-02-24 05:28:10,-8.123720344,-5.498112448,-0.336257473
2026-02-24 05:28:20,-8.259591951,-5.327782146,-0.271734293
2026-02-24 05:28:30,-8.086595594,-5.495573146,-0.350855374
2026-02-24 05:28:40,-8.000971601,-5.659373571,-0.272683908
2026-02-24 05:28:50,-8.108229496,-5.527962145,-0.393946786
2026-02-24 05:29:00,-8.139570624,-5.406510368,-0.428705942
2026-02-24 05:29:10,-8.183811048,-5.373864353,-0.489838184
2026-02-24 05:29:20,-8.264443951,-5.295440267,-0.518042112
2026-02-24 05:29:30,-8.118866902,-5.510393131,-0.502377843
2026-02-24 05:29:40,-8.005755015,-5.673690895,-0.559969727
2026-02-24 05:29:50,-7.969798867,-5.710934487,-0.456669458
2026-02-24 05:30:00,-8.046551776,-5.579179217,-0.390778800
2026-02-24 05:30:10,-8.167592439,-5.453187794,-0.497250784
2026-02-24 05:30:20,-8.045541726,-5.549719905,-0.624912942
2026-02-24 05:30:30,-8.060794329,-5.542756307,-0.637149908
2026-02-24 05:30:40,-7.938901294,-5.708191158,-0.725470087
2026-02-24 05:30:50,-7.834419272,-5.798891754,-0.752692098
2026-02-24 05:31:00,-7.937048481,-5.764236650,-0.713880861
2026-02-24 05:31:10,-7.929807416,-5.723946112,-0.749721413
2026-02-24 05:31:20,-7.835367792,-5.874157103,-0.747155593
2026-02-24 05:31:30,-7.845227189,-5.857329749,-0.768493434
2026-02-24 05:31:40,-7.745031910,-5.935822206,-0.586788343
2026-02-24 05:31:50,-7.737069562,-5.974988204,-0.614427708
2026-02-24 05:32:00,-7.820176407,-5.924607588,-0.538847550
2026-02-24 05:32:10,-7.904814239,-5.879007252,-0.539662860
2026-02-24 05:32:20,-7.813892755,-5.860428808,-0.514063498
2026-02-24 05:32:30,-7.646451997,-6.105319752,-0.455401081
2026-02-24 05:32:40,-7.714157992,-6.097568000,-0.629851711
2026-02-24 05:32:50,-7.683626086,-6.078545730,-0.643965597
2026-02-24 05:33:00,-7.669379051,-6.079458805,-0.611187043
2026-02-24 05:33:10,-7.561119452,-6.230944205,-0.643977380
2026-02-24 05:33:20,-7.641276281,-6.142262759,-0.412158713
2026-02-24 05:33:30,-7.645008149,-6.167489982,-0.433137982
2026-02-24 05:33:40,-7.605885097,-6.165439419,-0.470933805
2026-02-24 05:33:50,-7.687978047,-6.047810832,-0.624463101
2026-02-24 05:34:00,-7.754035701,-5.993378751,-0.600529685
2026-02-24 05:34:10,-7.719155270,-5.978915555,-0.708422112
2026-02-24 05:34:20,-7.703690967,-6.017326623,-0.791781530
2026-02-24 05:34:30,-7.580907212,-6.183734552,-0.722191386
2026-02-24 05:34:40,-7.443060869,-6.355758682,-0.649432555
2026-02-24 05:34:50,-7.382473758,-6.423745982,-0.707563444
2026-02-24 05:35:00,-7.324660258,-6.468861130,-0.750417596
2026-02-24 05:35:10,-7.332369598,-6.484217296,-0.817648245
2026-02-24 05:35:20,-7.417723484,-6.355077563,-0.846526599
2026-02-24 05:35:30,-7.441095294,-6.280421141,-1.039599450
2026-02-24 05:35:40,-7.412487841,-6.339575072,-0.932238444
2026-02-24 05:35:50,-7.510161188,-6.254324613,-0.718317727
2026-02-24 05:36:00,-7.507461391,-6.326477133,-0.499734990
2026-02-24 05:36:10,-7.523039562,-6.303403118,-0.532581496
2026-02-24 05:36:20,-7.401628313,-6.412115694,-0.675154055
2026-02-24 05:36:30,-7.579081111,-6.235442411,-0.653689494
2026-02-24 05:36:40,-7.510618675,-6.267000330,-0.733380730
2026-02-24 05:36:50,-7.463318058,-6.258096273,-0.679630573
2026-02-24 05:37:00,-7.534226777,-6.255377724,-0.697754573
2026-02-24 05:37:10,-7.514140029,-6.234895043,-0.778921508
2026-02-24 05:37:20,-7.661772605,-6.126382851,-0.717728741
2026-02-24 05:37:30,-7.626709858,-6.142690491,-0.648973948
2026-02-24 05:37:40,-7.587507045,-6.159002052,-0.710247564
2026-02-24 05:37:50,-7.524530561,-6.241050840,-0.739148868
2026-02-24 05:38:00,-7.588365475,-6.132502425,-0.844840903
2026-02-24 05:38:10,-7.670441028,-6.080765528,-1.097482464
2026-02-24 05:38:20,-7.581110288,-6.142015030,-0.910219330
2026-02-24 05:38:30,-7.733463451,-5.928973338,-0.781736313
2026-02-24 05:38:40,-7.807280567,-5.895746711,-0.834400855
2026-02-24 05:38:50,-7.817408522,-5.819845990,-0.905718934
2026-02-24 05:39:00,-7.787298141,-5.855032605,-0.969799039
2026-02-24 05:39:10,-7.782077244,-5.878529653,-0.864400290
2026-02-24 05:39:20,-7.849735177,-5.901542395,-0.798286151
2026-02-24 05:39:30,-7.806942991,-5.859623945,-0.598453035
2026-02-24 05:39:40,-7.930619849,-5.750401244,-0.658650658
2026-02-24 05:39:50,-7.989537131,-5.655819659,-0.790302877
2026-02-24 05:40:00,-7.963626763,-5.695544165,-0.669553030
2026-02-24 05:40:10,-7.950510809,-5.720899868,-0.581526216
2026-02-24 05:40:20,-8.069523348,-5.577361613,-0.614240164
2026-02-24 05:40:30,-8.043811930,-5.601051278,-0.788899501
2026-02-24 05:40:40,-8.002110864,-5.620780937,-0.849944014
2026-02-24 05:40:50,-7.957741170,-5.708097305,-0.908792496
2026-02-24 05:41:00,-7.842978427,-5.798751492,-1.059881468
2026-02-24 05:41:10,-7.781016755,-5.873290185,-1.035926120
2026-02-24 05:41:20,-7.834407722,-5.832303719,-1.089976814
2026-02-24 05:41:30,-7.860474629,-5.812351540,-1.113344762
2026-02-24 05:41:40,-7.822461726,-5.824661590,-1.188295783
2026-02-24 05:41:50,-7.754560803,-5.910868427,-1.170652637
2026-02-24 05:42:00,-7.672321088,-6.033632017,-1.168680632
2026-02-24 05:42:10,-7.705003159,-5.998345397,-0.894811046
2026-02-24 05:42:20,-7.737931043,-5.956410653,-0.962043274
2026-02-24 05:42:30,-7.733520028,-5.981267418,-0.950122626
2026-02-24 05:42:40,-7.758670025,-5.948650936,-0.959070474
2026-02-24 05:42:50,-7.724595958,-6.010372247,-0.901117700
2026-02-24 05:43:00,-7.629646722,-6.139184936,-0.801558128
2026-02-24 05:43:10,-7.754752785,-5.947563638,-0.769165467
2026-02-24 05:43:20,-7.775427526,-5.945901437,-0.884500485
2026-02-24 05:43:30,-7.652132496,-6.052525111,-0.858942881
2026-02-24 05:43:40,-7.493868288,-6.266669818,-0.859546074
2026-02-24 05:43:50,-7.443192427,-6.363391807,-0.806677963
2026-02-24 05:44:00,-7.386370571,-6.396809660,-0.842267689
2026-02-24 05:44:10,-7.367738256,-6.403148622,-0.725727159
2026-02-24 05:44:20,-7.337737953,-6.542110507,-0.792757623
2026-02-24 05:44:30,-7.319886615,-6.509716660,-0.747583745
2026-02-24 05:44:40,-7.388972841,-6.368423233,-0.786163768
2026-02-24 05:44:50,-7.480447400,-6.345632135,-0.648243965
2026-02-24 05:45:00,-7.415426767,-6.384883701,-0.856342859
2026-02-24 05:45:10,-7.477199137,-6.316790568,-0.753414971
2026-02-24 05:45:20,-7.517175848,-6.244852614,-0.865516396
2026-02-24 05:45:30,-7.500283065,-6.265551620,-0.852084485
2026-02-24 05:45:40,-7.505006642,-6.261368930,-0.935935738
2026-02-24 05:45:50,-7.430841549,-6.353782029,-0.770152849
2026-02-24 05:46:00,-7.510209908,-6.247112146,-0.770527542
2026-02-24 05:46:10,-7.578520165,-6.202044604,-0.565471543
2026-02-24 05:46:20,-7.595973421,-6.171721271,-0.751127631
2026-02-24 05:46:30,-7.519454652,-6.278803442,-0.654423233
2026-02-24 05:46:40,-7.540142110,-6.222851518,-0.790115821
2026-02-24 05:46:50,-7.460835943,-6.313206516,-0.836499257
2026-02-24 05:47:00,-7.432448918,-6.329221762,-0.831290631
2026-02-24 05:47:10,-7.428420582,-6.338816108,-0.955960230
2026-02-24 05:47:20,-7.409374175,-6.360557952,-0.881826210
2026-02-24 05:47:30,-7.402482055,-6.412885362,-0.765126569
2026-02-24 05:47:40,-7.383494298,-6.396561381,-0.692784391
2026-02-24 05:47:50,-7.385252160,-6.425243715,-0.595549032
2026-02-24 05:48:00,-7.410645568,-6.466148696,-0.603740137
2026-02-24 05:48:10,-7.359135856,-6.514275446,-0.297894599
2026-02-24 05:48:20,-7.256355563,-6.616085005,-0.345599289
2026-02-24 05:48:30,-7.343073372,-6.539547760,-0.284652099
2026-02-24 05:48:40,-7.281079199,-6.505674814,-0.290385684
2026-02-24 05:48:50,-7.304509693,-6.539429592,-0.446258633
2026-02-24 05:49:00,-7.401632995,-6.413732206,-0.431240701
2026-02-24 05:49:10,-7.467485967,-6.338197009,-0.634155667
2026-02-24 05:49:20,-7.498871410,-6.329397651,-0.556641973
2026-02-24 05:49:30,-7.489508814,-6.284169745,-0.643212016
2026-02-24 05:49:40,-7.527247263,-6.256220810,-0.432469907
2026-02-24 05:49:50,-7.566048245,-6.207722644,-0.493835212
2026-02-24 05:50:00,-7.571894865,-6.195615613,-0.401752458
2026-02-24 05:50:10,-7.657977703,-6.104453248,-0.487499905
2026-02-24 05:50:20,-7.683188609,-6.053229414,-0.398333694
2026-02-24 05:50:30,-7.617094197,-6.141365599,-0.291750656
2026-02-24 05:50:40,-7.582349836,-6.202718136,-0.280671386
2026-02-24 05:50:50,-7.606674016,-6.167522508,-0.374735379
2026-02-24 05:51:00,-7.618205444,-6.152488617,-0.331896627
2026-02-24 05:51:10,-7.658638114,-6.148081409,-0.211371736
2026-02-24 05:51:20,-7.681952122,-6.129775253,-0.224551151
2026-02-24 05:51:30,-7.650137212,-6.107092889,-0.157938670
2026-02-24 05:51:40,-7.722464078,-6.110896816,-0.171198975
2026-02-24 05:51:50,-7.704936021,-6.013062294,-0.406523480
2026-02-24 05:52:00,-7.700304192,-6.074755758,-0.389252297
2026-02-24 05:52:10,-7.541109723,-6.253281363,-0.286228046
2026-02-24 05:52:20,-7.514991790,-6.334169597,-0.274608488
2026-02-24 05:52:30,-7.480613829,-6.362590937,-0.319035219
2026-02-24 05:52:40,-7.459889469,-6.357723716,-0.481907115
2026-02-24 05:52:50,-7.428726196,-6.403782627,-0.386669837
2026-02-24 05:53:00,-7.447712580,-6.388164655,-0.397086649
2026-02-24 05:53:10,-7.385393401,-6.442261037,-0.445217729
2026-02-24 05:53:20,-7.307705895,-6.489998157,-0.372094184
2026-02-24 05:53:30,-7.350958905,-6.451658182,-0.446249514
2026-02-24 05:53:40,-7.249393751,-6.577040400,-0.611839199
2026-02-24 05:53:50,-7.110858635,-6.736534051,-0.649956241
2026-02-24 05:54:00,-7.207235085,-6.647465684,-0.457878260
2026-02-24 05:54:10,-7.199350491,-6.665459953,-0.389341486
2026-02-24 05:54:20,-7.222831127,-6.622992655,-0.388948038
2026-02-24 05:54:30,-7.143743018,-6.731504472,-0.516206011
2026-02-24 05:54:40,-7.078432374,-6.706659251,-0.667801478
2026-02-24 05:54:50,-7.149511351,-6.626379774,-0.619596405
2026-02-24 05:55:00,-7.211964703,-6.668005476,-0.554906306
2026-02-24 05:55:10,-7.253227185,-6.598125801,-0.620782897
2026-02-24 05:55:20,-7.264754420,-6.636095694,-0.721416576
2026-02-24 05:55:30,-7.373670184,-6.473715225,-0.721174255
2026-02-24 05:55:40,-7.345995681,-6.460869222,-0.585068572
2026-02-24 05:55:50,-7.349191658,-6.517328402,-0.641445066
2026-02-24 05:56:00,-7.327039408,-6.502118252,-0.725827530
2026-02-24 05:56:10,-7.300041008,-6.494449046,-0.748504875
2026-02-24 05:56:20,-7.321417442,-6.507369272,-0.604730752
2026-02-24 05:56:30,-7.286541776,-6.572693817,-0.526908739
2026-02-24 05:56:40,-7.231571490,-6.634092744,-0.544852088
2026-02-24 05:56:50,-7.143968291,-6.707034768,-0.562943732
2026-02-24 05:57:00,-7.157734947,-6.634978084,-0.678867784
2026-02-24 05:57:10,-7.135347173,-6.703133901,-0.618086939
2026-02-24 05:57:20,-7.119666041,-6.692870063,-0.692818575
2026-02-24 05:57:30,-7.076898543,-6.750587288,-0.670763706
2026-02-24 05:57:40,-7.035255428,-6.774464704,-0.704269886
2026-02-24 05:57:50,-7.106366141,-6.774274751,-0.636404617
2026-02-24 05:58:00,-7.062661557,-6.774847415,-0.687564745
2026-02-24 05:58:10,-7.091248539,-6.784481289,-0.726663238
2026-02-24 05:58:20,-7.127437498,-6.747373784,-0.821730105
2026-02-24 05:58:30,-7.137527429,-6.680254003,-0.738269769
2026-02-24 05:58:40,-7.072904349,-6.742573234,-0.712579532
2026-02-24 05:58:50,-7.030346503,-6.828822806,-0.773591421
2026-02-24 05:59:00,-7.036176542,-6.787260644,-0.676671340
2026-02-24 05:59:10,-7.111980294,-6.756201309,-0.698198587
2026-02-24 05:59:20,-7.084991902,-6.742904213,-0.576382852
2026-02-24 05:59:30,-7.194010814,-6.675100298,-0.444484049
2026-02-24 05:59:40,-7.128298273,-6.698165614,-0.407506547
2026-02-24 05:59:50,-7.059386600,-6.808939324,-0.197641268
2026-02-24 06:00:00,-7.059250713,-6.817661671,-0.384294564
2026-02-24 06:00:10,-7.122388406,-6.751215533,-0.384558122
2026-02-24 06:00:20,-7.202056039,-6.687059846,-0.396600780
2026-02-24 06:00:30,-7.208960496,-6.663555575,-0.305164001
2026-02-24 06:00:40,-7.236342818,-6.586292438,-0.237395535
2026-02-24 06:00:50,-7.260838256,-6.633167182,-0.329855163
2026-02-24 06:01:00,-7.160261328,-6.686008779,-0.404880586
2026-02-24 06:01:10,-7.128583814,-6.749121129,-0.324036214
2026-02-24 06:01:20,-7.046290760,-6.835431506,-0.240666595
2026-02-24 06:01:30,-7.010558047,-6.889839033,-0.188731307
2026-02-24 06:01:40,-6.974751473,-6.878156627,-0.290203838
2026-02-24 06:01:50,-7.071715266,-6.811314149,-0.328754639
2026-02-24 06:02:00,-7.083000730,-6.721135532,-0.409366775
2026-02-24 06:02:10,-7.158595481,-6.709975447,-0.369368598
2026-02-24 06:02:20,-7.129539939,-6.746731485,-0.273854058
2026-02-24 06:02:30,-7.060057803,-6.787192318,-0.252602896
2026-02-24 06:02:40,-6.966146426,-6.899684260,-0.370996792
2026-02-24 06:02:50,-6.998961224,-6.857054329,-0.423317130
2026-02-24 06:03:00,-7.008450986,-6.875699825,-0.555434946
2026-02-24 06:03:10,-7.034984735,-6.792379071,-0.675331041
2026-02-24 06:03:20,-7.052714721,-6.772557327,-0.664501639
2026-02-24 06:03:30,-7.047925279,-6.810398691,-0.629637804
2026-02-24 06:03:40,-7.143618732,-6.698108950,-0.513529619
2026-02-24 06:03:50,-7.105339529,-6.693507655,-0.557105781
2026-02-24 06:04:00,-7.170664734,-6.672256604,-0.610935799
2026-02-24 06:04:10,-7.037855545,-6.788064996,-0.474339848
2026-02-24 06:04:20,-7.084806323,-6.816563610,-0.448614584
2026-02-24 06:04:30,-7.127434541,-6.762062518,-0.389869025
2026-02-24 06:04:40,-7.156085302,-6.696110104,-0.325377625
2026-02-24 06:04:50,-7.192076983,-6.693080446,-0.293751386
2026-02-24 06:05:00,-7.218819063,-6.636478945,-0.140313729
2026-02-24 06:05:10,-7.209698378,-6.635508578,-0.226622263
2026-02-24 06:05:20,-7.154370388,-6.741188815,-0.207198261
2026-02-24 06:05:30,-7.081153863,-6.739818332,-0.128675984
2026-02-24 06:05:40,-7.117806356,-6.768214137,-0.206039814
2026-02-24 06:05:50,-7.126724697,-6.699535358,-0.297395733
2026-02-24 06:06:00,-7.099288333,-6.827741787,-0.312392649
2026-02-24 06:06:10,-7.028458844,-6.858706155,-0.320010431
2026-02-24 06:06:20,-6.973518158,-6.926728429,-0.475372803
2026-02-24 06:06:30,-6.910242899,-6.880205520,-0.606760729
2026-02-24 06:06:40,-6.892365097,-7.007653430,-0.572221277
2026-02-24 06:06:50,-6.935693235,-6.973706052,-0.476171776
2026-02-24 06:07:00,-6.824913388,-7.015850724,-0.667493067
2026-02-24 06:07:10,-6.951534362,-6.893452361,-0.510689538
2026-02-24 06:07:20,-7.015484559,-6.816282738,-0.521590589
2026-02-24 06:07:30,-6.991883352,-6.877236669,-0.583420617
2026-02-24 06:07:40,-6.940660563,-6.918193760,-0.500174971
2026-02-24 06:07:50,-6.811443085,-7.051985181,-0.558070940
2026-02-24 06:08:00,-6.839905737,-7.012145148,-0.474028749
2026-02-24 06:08:10,-6.775605449,-7.065251546,-0.648684799
2026-02-24 06:08:20,-6.737839165,-7.147890696,-0.711070728
2026-02-24 06:08:30,-6.567658574,-7.234750994,-0.694000062
2026-02-24 06:08:40,-6.554209135,-7.285969440,-0.803622747
2026-02-24 06:08:50,-6.552199976,-7.268949538,-0.757476855
2026-02-24 06:09:00,-6.500788156,-7.256561215,-0.888375924
2026-02-24 06:09:10,-6.491800661,-7.320751825,-0.880979966
2026-02-24 06:09:20,-6.449756264,-7.326188510,-0.939674274
2026-02-24 06:09:30,-6.401104892,-7.377438370,-0.902651810
2026-02-24 06:09:40,-6.323621643,-7.394905176,-0.971742751
2026-02-24 06:09:50,-6.437169442,-7.346394366,-1.000187615
2026-02-24 06:10:00,-6.420100385,-7.400479453,-1.072808179
2026-02-24 06:10:10,-6.304546667,-7.417975463,-1.118795176
2026-02-24 06:10:20,-6.162707655,-7.508945159,-1.162926638
2026-02-24 06:10:30,-6.150733603,-7.461760098,-1.265505696
2026-02-24 06:10:40,-6.123281140,-7.614724372,-1.075570501
2026-02-24 06:10:50,-6.148475655,-7.533644412,-1.192474279
2026-02-24 06:11:00,-6.093529325,-7.568958346,-1.133275607
2026-02-24 06:11:10,-6.111713128,-7.561547727,-1.213921620
2026-02-24 06:11:20,-6.154416536,-7.550267694,-1.111978824
2026-02-24 06:11:30,-6.224843958,-7.523258452,-1.137917815
2026-02-24 06:11:40,-6.157460619,-7.530003141,-1.040968280
2026-02-24 06:11:50,-6.093191690,-7.644241774,-1.072027635
2026-02-24 06:12:00,-6.023919983,-7.631114974,-1.119028650
2026-02-24 06:12:10,-6.032983054,-7.677947731,-1.154865987
2026-02-24 06:12:20,-6.017311085,-7.645676156,-1.292133964
2026-02-24 06:12:30,-6.032856903,-7.636879799,-1.280278064
2026-02-24 06:12:40,-6.027207672,-7.654946943,-1.210668835
2026-02-24 06:12:50,-6.011740548,-7.630267463,-1.148833971
2026-02-24 06:13:00,-6.018976477,-7.617591798,-1.225057392
2026-02-24 06:13:10,-5.954761185,-7.686917404,-1.315545041
2026-02-24 06:13:20,-5.912496124,-7.744051181,-1.302812144
2026-02-24 06:13:30,-5.792621950,-7.817133388,-1.292315559
2026-02-24 06:13:40,-5.684238983,-7.916102976,-1.210760078
2026-02-24 06:13:50,-5.564070058,-7.944943358,-1.402810574
2026-02-24 06:14:00,-5.449920034,-8.047273549,-1.360766390
2026-02-24 06:14:10,-5.439684680,-8.040140187,-1.340280741
2026-02-24 06:14:20,-5.469256873,-8.029337100,-1.249850465
2026-02-24 06:14:30,-5.327587063,-8.124381219,-1.179923447
2026-02-24 06:14:40,-5.247839364,-8.197896110,-1.305434256
2026-02-24 06:14:50,-5.333250314,-8.112788986,-1.342410284
2026-02-24 06:15:00,-5.337930461,-8.141594753,-1.288746164
2026-02-24 06:15:10,-5.465264951,-8.056785210,-1.357529655
2026-02-24 06:15:20,-5.563286726,-7.922352872,-1.386208055
2026-02-24 06:15:30,-5.569126391,-7.868383068,-1.540983747
2026-02-24 06:15:40,-5.667076990,-7.891183374,-1.383678004
2026-02-24 06:15:50,-5.602439527,-7.939573694,-1.268586785
2026-02-24 06:16:00,-5.633566157,-7.937380297,-1.208025814
2026-02-24 06:16:10,-5.610706546,-7.975859523,-1.355220082
2026-02-24 06:16:20,-5.647907439,-7.919672528,-1.357139211
2026-02-24 06:16:30,-5.622095917,-7.934403142,-1.323316410
2026-02-24 06:16:40,-5.667645685,-7.899056069,-1.278238676
2026-02-24 06:16:50,-5.676180691,-7.898949644,-1.149706786
2026-02-24 06:17:00,-5.725651832,-7.902278041,-1.115884170
2026-02-24 06:17:10,-5.707070207,-7.871132429,-1.187622607
2026-02-24 06:17:20,-5.686934577,-7.896655187,-1.132756560
2026-02-24 06:17:30,-5.813662254,-7.858146917,-1.126937134
2026-02-24 06:17:40,-5.734178196,-7.905287554,-1.071737050
2026-02-24 06:17:50,-5.675666034,-7.875516650,-1.140478767
2026-02-24 06:18:00,-5.828760062,-7.825985928,-1.206280145
2026-02-24 06:18:10,-5.752649159,-7.850385509,-0.965341329
2026-02-24 06:18:20,-5.839559212,-7.808827902,-0.952529026
2026-02-24 06:18:30,-5.818403533,-7.848598179,-1.112566262
2026-02-24 06:18:40,-5.794862565,-7.879819938,-1.138533130
2026-02-24 06:18:50,-5.869391290,-7.780306663,-0.998038910
2026-02-24 06:19:00,-5.853421163,-7.773744564,-1.013613581
2026-02-24 06:19:10,-5.907837196,-7.803028458,-1.015607508
2026-02-24 06:19:20,-5.938215966,-7.706104179,-1.180347160
2026-02-24 06:19:30,-5.952096850,-7.667026257,-1.148045136
2026-02-24 06:19:40,-5.912673767,-7.720370767,-1.192664832
2026-02-24 06:19:50,-5.944178188,-7.674625093,-1.167189453
2026-02-24 06:20:00,-6.057177449,-7.608870346,-1.318048086
2026-02-24 06:20:10,-6.080504365,-7.617993443,-1.355118548
2026-02-24 06:20:20,-6.005734862,-7.630264560,-1.272091460
2026-02-24 06:20:30,-5.952224013,-7.724436861,-1.356903577
2026-02-24 06:20:40,-6.049494245,-7.556837011,-1.473198705
2026-02-24 06:20:50,-6.048364509,-7.626277076,-1.423669096
2026-02-24 06:21:00,-5.986723579,-7.637019430,-1.480372466
2026-02-24 06:21:10,-6.015578776,-7.604144793,-1.437290496
2026-02-24 06:21:20,-5.985560776,-7.603214209,-1.382876536
2026-02-24 06:21:30,-6.000826304,-7.664724773,-1.277518007
2026-02-24 06:21:40,-5.938413517,-7.748586055,-1.241828760
2026-02-24 06:21:50,-5.819849399,-7.785906880,-1.134580357
2026-02-24 06:22:00,-5.802102411,-7.799096027,-1.195494419
2026-02-24 06:22:10,-5.743077557,-7.824523941,-1.165037660
2026-02-24 06:22:20,-5.733343299,-7.896260349,-1.226661804
2026-02-24 06:22:30,-5.648756083,-7.913568478,-1.304935767
2026-02-24 06:22:40,-5.677898372,-7.956129548,-1.195845151
2026-02-24 06:22:50,-5.693165936,-7.874627760,-1.144434514
2026-02-24 06:23:00,-5.675241189,-7.910776953,-1.023151634
2026-02-24 06:23:10,-5.580633010,-7.994178653,-1.073277607
2026-02-24 06:23:20,-5.624559370,-7.979676093,-1.149675134
2026-02-24 06:23:30,-5.533754061,-7.988937384,-1.127453755
2026-02-24 06:23:40,-5.489351335,-8.004040453,-1.249275637
2026-02-24 06:23:50,-5.573874027,-8.026621112,-1.183937775
2026-02-24 06:24:00,-5.506701722,-8.050182810,-1.105946536
2026-02-24 06:24:10,-5.465310696,-8.091096741,-1.202772160
2026-02-24 06:24:20,-5.537133833,-8.083540392,-1.060935352
2026-02-24 06:24:30,-5.406456266,-8.141876504,-1.025617798
2026-02-24 06:24:40,-5.363696303,-8.090882944,-0.965689514
2026-02-24 06:24:50,-5.248866051,-8.178916461,-1.047954145
2026-02-24 06:25:00,-5.372177657,-8.171127946,-1.033046166
2026-02-24 06:25:10,-5.311435376,-8.141938506,-1.120566757
2026-02-24 06:25:20,-5.281663513,-8.172576354,-1.211492022
2026-02-24 06:25:30,-5.343122387,-8.151776621,-1.208007620
2026-02-24 06:25:40,-5.289913004,-8.138089801,-1.330509256
2026-02-24 06:25:50,-5.253699675,-8.177495804,-1.381800675
2026-02-24 06:26:00,-5.283167859,-8.164115462,-1.332035026
2026-02-24 06:26:10,-5.302705053,-8.140767240,-1.270931548
2026-02-24 06:26:20,-5.292105560,-8.142411339,-1.341420132
2026-02-24 06:26:30,-5.356139337,-8.076625705,-1.263706604
2026-02-24 06:26:40,-5.439642596,-8.052527560,-1.156887468
2026-02-24 06:26:50,-5.368120881,-8.122461323,-1.306631181
2026-02-24 06:27:00,-5.312524428,-8.173391659,-1.365195042
2026-02-24 06:27:10,-5.404329983,-8.046790707,-1.461175784
2026-02-24 06:27:20,-5.462431061,-8.037024740,-1.454003028
2026-02-24 06:27:30,-5.272544212,-8.154764226,-1.370298563
2026-02-24 06:27:40,-5.290379304,-8.136225196,-1.427107634
2026-02-24 06:27:50,-5.102624230,-8.254137851,-1.503247723
2026-02-24 06:28:00,-5.140624367,-8.183501617,-1.718721722
2026-02-24 06:28:10,-5.263308633,-8.097047624,-1.658228720
2026-02-24 06:28:20,-5.142587109,-8.163395915,-1.656042843
2026-02-24 06:28:30,-5.235020424,-8.143172275,-1.629747220
2026-02-24 06:28:40,-5.239811846,-8.172960816,-1.473664534
2026-02-24 06:28:50,-5.362408979,-8.098175220,-1.408983060
2026-02-24 06:29:00,-5.364631245,-8.062022681,-1.490831653
2026-02-24 06:29:10,-5.503035627,-7.952098212,-1.557244284
2026-02-24 06:29:20,-5.409088949,-7.970044573,-1.729338483
2026-02-24 06:29:30,-5.466206589,-7.937301492,-1.814140930
2026-02-24 06:29:40,-5.647707367,-7.826326710,-1.732365977
2026-02-24 06:29:50,-5.696335926,-7.798936434,-1.654552083
2026-02-24 06:30:00,-5.566929162,-7.905680758,-1.705963660
2026-02-24 06:30:10,-5.675219136,-7.836527963,-1.579206344
2026-02-24 06:30:20,-5.641437882,-7.917294622,-1.592890536
2026-02-24 06:30:30,-5.545738182,-7.958903905,-1.585393721
2026-02-24 06:30:40,-5.542406199,-7.921646594,-1.582759068
2026-02-24 06:30:50,-5.515257690,-7.971116760,-1.566540060
2026-02-24 06:31:00,-5.493055769,-8.010462422,-1.511096558
2026-02-24 06:31:10,-5.443001779,-8.098363843,-1.209753744
2026-02-24 06:31:20,-5.338625244,-8.139400832,-1.363622976
2026-02-24 06:31:30,-5.393234961,-8.050859779,-1.397696783
2026-02-24 06:31:40,-5.369230416,-8.073474165,-1.424706618
2026-02-24 06:31:50,-5.334241369,-8.131199875,-1.340921624
2026-02-24 06:32:00,-5.333450608,-8.087700863,-1.518340047
2026-02-24 06:32:10,-5.451489709,-7.997183124,-1.528884622
2026-02-24 06:32:20,-5.384768839,-8.015385026,-1.522596988
2026-02-24 06:32:30,-5.488487032,-8.012864481,-1.371964029
2026-02-24 06:32:40,-5.569823323,-7.955070536,-1.535058685
2026-02-24 06:32:50,-5.419486193,-8.059775231,-1.383611453
2026-02-24 06:33:00,-5.451150600,-8.040673380,-1.360015915
2026-02-24 06:33:10,-5.400165447,-8.110485036,-1.317207679
2026-02-24 06:33:20,-5.398522747,-8.054971515,-1.501033433
2026-02-24 06:33:30,-5.363958950,-8.091318111,-1.497648301
2026-02-24 06:33:40,-5.347673279,-8.094054421,-1.531758353
2026-02-24 06:33:50,-5.286207473,-8.079301400,-1.483949395
2026-02-24 06:34:00,-5.332909170,-8.126109320,-1.458226928
2026-02-24 06:34:10,-5.291490602,-8.161312712,-1.381896284
2026-02-24 06:34:20,-5.381603461,-8.120352227,-1.369065636
2026-02-24 06:34:30,-5.380427560,-8.083298773,-1.322901661
2026-02-24 06:34:40,-5.363093912,-8.093956682,-1.369710353
2026-02-24 06:34:50,-5.385144648,-8.140558400,-1.267814269
2026-02-24 06:35:00,-5.360600869,-8.125044944,-1.185470247
2026-02-24 06:35:10,-5.218817721,-8.228271208,-1.080550305
2026-02-24 06:35:20,-5.044833256,-8.333266967,-1.214235026
2026-02-24 06:35:30,-5.128646711,-8.289585711,-1.210933273
2026-02-24 06:35:40,-5.086539857,-8.346081767,-1.163131990
2026-02-24 06:35:50,-5.042867657,-8.367779595,-1.010557075
2026-02-24 06:36:00,-5.025900957,-8.377205558,-1.112971527
2026-02-24 06:36:10,-5.033288280,-8.318164440,-1.186846337
2026-02-24 06:36:20,-5.164220320,-8.300228551,-1.083895100
2026-02-24 06:36:30,-5.037828033,-8.302209372,-1.053880254
2026-02-24 06:36:40,-4.967606535,-8.399036686,-1.069720220
2026-02-24 06:36:50,-4.958643968,-8.455274647,-0.942104673
2026-02-24 06:37:00,-4.979990233,-8.387347808,-1.054519079
2026-02-24 06:37:10,-4.933987217,-8.452126284,-1.029613841
2026-02-24 06:37:20,-4.890371642,-8.407555121,-1.035580026
2026-02-24 06:37:30,-4.985096241,-8.456824887,-0.898114976
2026-02-24 06:37:40,-4.937698660,-8.411200092,-0.886837238
2026-02-24 06:37:50,-4.923343211,-8.419260276,-0.822900541
2026-02-24 06:38:00,-4.938589725,-8.452112962,-0.659303273
2026-02-24 06:38:10,-5.034192263,-8.419114508,-0.707034244
2026-02-24 06:38:20,-4.967373801,-8.424204068,-0.566575284
2026-02-24 06:38:30,-4.863524402,-8.492444002,-0.586496112
2026-02-24 06:38:40,-4.879574447,-8.462530342,-0.463714294
2026-02-24 06:38:50,-4.823165540,-8.559675932,-0.295792861
2026-02-24 06:39:00,-4.818119181,-8.555340767,-0.309973458
2026-02-24 06:39:10,-4.902703692,-8.547383518,-0.377935918
2026-02-24 06:39:20,-4.767649403,-8.559214619,-0.342210554
2026-02-24 06:39:30,-4.654240886,-8.602058983,-0.468145854
2026-02-24 06:39:40,-4.649806813,-8.646433554,-0.529067081
2026-02-24 06:39:50,-4.638503431,-8.605927720,-0.684281377
2026-02-24 06:40:00,-4.569065471,-8.673175283,-0.843359408
2026-02-24 06:40:10,-4.512686490,-8.654947143,-0.679789633
2026-02-24 06:40:20,-4.491273351,-8.676785046,-0.612214481
2026-02-24 06:40:30,-4.532551964,-8.720683150,-0.533548854
2026-02-24 06:40:40,-4.570728128,-8.660108212,-0.484440361
2026-02-24 06:40:50,-4.359819062,-8.778523875,-0.612904793
2026-02-24 06:41:00,-4.449852770,-8.767558440,-0.394413041
2026-02-24 06:41:10,-4.390397432,-8.799122874,-0.238206667
2026-02-24 06:41:20,-4.399402590,-8.766021213,-0.290390758
2026-02-24 06:41:30,-4.397787670,-8.780301742,-0.228057977
2026-02-24 06:41:40,-4.443914231,-8.731315962,-0.140477117
2026-02-24 06:41:50,-4.444083935,-8.746466725,-0.125604660
2026-02-24 06:42:00,-4.365469403,-8.778768415,-0.200663645
2026-02-24 06:42:10,-4.299571200,-8.849447793,-0.076892715
2026-02-24 06:42:20,-4.325567180,-8.768309637,-0.225600090
2026-02-24 06:42:30,-4.269275167,-8.851888381,-0.216481018
2026-02-24 06:42:40,-4.257737281,-8.879037812,-0.217718482
2026-02-24 06:42:50,-4.122518749,-8.889223715,-0.251181887
2026-02-24 06:43:00,-4.112335696,-8.887784854,-0.220202401
2026-02-24 06:43:10,-4.154361108,-8.884996842,-0.245017075
2026-02-24 06:43:20,-4.084251659,-8.918777750,-0.278204140
2026-02-24 06:43:30,-4.042936385,-8.911451624,-0.278727032
2026-02-24 06:43:40,-4.091703941,-8.888294996,-0.504954846
2026-02-24 06:43:50,-3.922331588,-8.978353048,-0.480158751
2026-02-24 06:44:00,-4.023633227,-8.961066426,-0.482108419
2026-02-24 06:44:10,-3.967829696,-8.957184553,-0.609707647
2026-02-24 06:44:20,-4.006193540,-8.943068187,-0.585514968
2026-02-24 06:44:30,-4.020998065,-8.921008240,-0.582159583
2026-02-24 06:44:40,-3.982705962,-8.928300521,-0.622359813
2026-02-24 06:44:50,-3.841255399,-8.957394161,-0.755770799
2026-02-24 06:45:00,-3.847690650,-8.997866234,-0.675892296
2026-02-24 06:45:10,-3.834028673,-8.984659953,-0.753907368
2026-02-24 06:45:20,-3.801177016,-9.000050517,-0.787282646
2026-02-24 06:45:30,-3.757503434,-9.044279488,-0.743971835
2026-02-24 06:45:40,-3.718738714,-9.018361211,-0.653716967
2026-02-24 06:45:50,-3.926467311,-8.963739973,-0.661153250
2026-02-24 06:46:00,-3.952457125,-8.917225719,-0.690187418
2026-02-24 06:46:10,-3.930819559,-8.917252989,-0.926445707
2026-02-24 06:46:20,-3.956333251,-8.889886729,-1.031243411
2026-02-24 06:46:30,-4.041198891,-8.926862250,-1.025549131
2026-02-24 06:46:40,-4.030623059,-8.932155244,-1.182818786
2026-02-24 06:46:50,-4.029749282,-8.845026595,-1.128573630
2026-02-24 06:47:00,-4.033379142,-8.933488995,-1.051665270
2026-02-24 06:47:10,-3.896160597,-8.933663615,-1.051817541
2026-02-24 06:47:20,-3.838820335,-8.960037187,-1.058662363
2026-02-24 06:47:30,-3.863150042,-8.915677182,-1.147408026
2026-02-24 06:47:40,-3.870286518,-8.984873827,-1.095334150
2026-02-24 06:47:50,-3.598878807,-9.007432652,-1.211589692
2026-02-24 06:48:00,-3.551547346,-9.004237085,-1.260100495
2026-02-24 06:48:10,-3.626055822,-9.016706355,-1.203576060
2026-02-24 06:48:20,-3.631907593,-9.016885089,-1.119827521
2026-02-24 06:48:30,-3.592490923,-9.095862757,-1.094001582
2026-02-24 06:48:40,-3.650844378,-9.033296888,-1.141557055
2026-02-24 06:48:50,-3.667967269,-9.017263450,-1.214973946
2026-02-24 06:49:00,-3.696201647,-9.065062898,-0.942749604
2026-02-24 06:49:10,-3.724271718,-9.027603584,-1.014129721
2026-02-24 06:49:20,-3.759237282,-8.982212871,-1.141599402
2026-02-24 06:49:30,-3.618105291,-9.013290098,-1.175733394
2026-02-24 06:49:40,-3.546851012,-9.084032635,-1.113347489
2026-02-24 06:49:50,-3.634349926,-9.033006183,-1.165156555
2026-02-24 06:50:00,-3.571381022,-9.039193056,-1.122317931
2026-02-24 06:50:10,-3.621387490,-9.029004111,-1.144260747
2026-02-24 06:50:20,-3.555966311,-9.052275767,-1.079864485
2026-02-24 06:50:30,-3.581079890,-9.065016652,-1.145728406
2026-02-24 06:50:40,-3.679766706,-9.108458397,-0.948380377
2026-02-24 06:50:50,-3.597063636,-9.110604366,-0.946143379
2026-02-24 06:51:00,-3.703293282,-9.035371800,-0.911007435
2026-02-24 06:51:10,-3.603955099,-9.055127973,-0.885457448
2026-02-24 06:51:20,-3.645328206,-9.022660576,-0.995784858
2026-02-24 06:51:30,-3.624947731,-9.049238698,-1.063304506
2026-02-24 06:51:40,-3.500833294,-9.077124107,-1.149867666
2026-02-24 06:51:50,-3.485867885,-9.072645601,-1.280777069
2026-02-24 06:52:00,-3.485580783,-9.077778935,-1.280658815
2026-02-24 06:52:10,-3.384498135,-9.151829722,-1.144501762
2026-02-24 06:52:20,-3.366787846,-9.133787519,-1.200105617
2026-02-24 06:52:30,-3.323427990,-9.135296368,-1.237082792
2026-02-24 06:52:40,-3.496937078,-9.079072911,-1.428200783
2026-02-24 06:52:50,-3.469843307,-9.067883318,-1.391527934
2026-02-24 06:53:00,-3.376517733,-9.089951906,-1.542887090
2026-02-24 06:53:10,-3.443098021,-9.044028941,-1.607842911
2026-02-24 06:53:20,-3.547448787,-9.024764359,-1.614899302
2026-02-24 06:53:30,-3.425463722,-9.037909354,-1.645969608
2026-02-24 06:53:40,-3.591041440,-8.951300907,-1.786978414
2026-02-24 06:53:50,-3.651912884,-8.932280283,-1.829146864
2026-02-24 06:54:00,-3.699413607,-8.877055774,-1.824154495
2026-02-24 06:54:10,-3.693297927,-8.893370912,-1.876284618
2026-02-24 06:54:20,-3.757295325,-8.879348302,-1.853709870
2026-02-24 06:54:30,-3.730865503,-8.884804565,-1.893650309
2026-02-24 06:54:40,-3.877390225,-8.827223765,-1.813751876
2026-02-24 06:54:50,-3.864526136,-8.825992119,-1.954699601
2026-02-24 06:55:00,-3.939931478,-8.783387221,-1.870580523
2026-02-24 06:55:10,-3.874981276,-8.789107481,-1.849779216
2026-02-24 06:55:20,-3.968977246,-8.733962575,-1.923151269
2026-02-24 06:55:30,-3.979899624,-8.814450746,-1.731662308
2026-02-24 06:55:40,-3.928966873,-8.845753723,-1.726263706
2026-02-24 06:55:50,-3.777045677,-8.837902902,-1.862804337
2026-02-24 06:56:00,-3.748893038,-8.831938855,-1.941528312
2026-02-24 06:56:10,-3.812740357,-8.781762258,-1.922999937
2026-02-24 06:56:20,-3.817918792,-8.862386240,-1.945684511
2026-02-24 06:56:30,-3.785317349,-8.819152698,-1.939883572
2026-02-24 06:56:40,-3.824620646,-8.799622296,-2.054694349
2026-02-24 06:56:50,-3.741956085,-8.815172885,-2.096464128
2026-02-24 06:57:00,-3.647965957,-8.829710673,-2.309372497
2026-02-24 06:57:10,-3.599465463,-8.819171398,-2.250576213
2026-02-24 06:57:20,-3.717031935,-8.788205391,-2.214565422
2026-02-24 06:57:30,-3.684025732,-8.852169407,-2.138739828
2026-02-24 06:57:40,-3.822155762,-8.839330760,-2.098116388
2026-02-24 06:57:50,-3.721202382,-8.829393007,-1.994684565
2026-02-24 06:58:00,-3.757094734,-8.860344457,-1.953602643
2026-02-24 06:58:10,-3.860620701,-8.848581539,-1.982697901
2026-02-24 06:58:20,-3.756267827,-8.854596003,-2.063854518
2026-02-24 06:58:30,-3.738081020,-8.843174872,-1.972658904
2026-02-24 06:58:40,-3.749750488,-8.853011683,-1.948450513
2026-02-24 06:58:50,-3.781702338,-8.829294658,-2.045306565
2026-02-24 06:59:00,-3.887197625,-8.800584285,-1.932473692
2026-02-24 06:59:10,-3.943793018,-8.823282361,-1.864195825
2026-02-24 06:59:20,-3.832994427,-8.814420968,-1.915201540
2026-02-24 06:59:30,-3.777802574,-8.808234550,-1.893053011
2026-02-24 06:59:40,-3.793036296,-8.876856938,-1.729041170
2026-02-24 06:59:50,-3.849407926,-8.867430468,-1.627112197
2026-02-24 07:00:00,-3.760301923,-8.892277148,-1.696412554
2026-02-24 07:00:10,-3.749560496,-8.921057738,-1.666884731
2026-02-24 07:00:20,-3.720762808,-8.897342751,-1.629531946
2026-02-24 07:00:30,-3.736238594,-8.920868215,-1.622880003
2026-02-24 07:00:40,-3.725795521,-8.908240020,-1.556680370
2026-02-24 07:00:50,-3.732155856,-8.928527809,-1.619490232
2026-02-24 07:01:00,-3.686265249,-8.933474662,-1.695991322
2026-02-24 07:01:10,-3.647391889,-8.989907693,-1.481883455
2026-02-24 07:01:20,-3.670754560,-8.967484657,-1.698116825
2026-02-24 07:01:30,-3.747120834,-8.878538696,-1.730564446
2026-02-24 07:01:40,-3.725632556,-8.904946779,-1.877778528
2026-02-24 07:01:50,-3.853279438,-8.829228929,-1.825681688
2026-02-24 07:02:00,-3.841012155,-8.824687357,-1.914834883
2026-02-24 07:02:10,-3.942783453,-8.818297155,-1.858924424
2026-02-24 07:02:20,-3.990035343,-8.803964866,-1.745403886
2026-02-24 07:02:30,-4.056028998,-8.736587625,-1.680163808
2026-02-24 07:02:40,-4.106880079,-8.746154516,-1.728421274
2026-02-24 07:02:50,-4.043072603,-8.763784966,-1.756028714
2026-02-24 07:03:00,-4.036527878,-8.770671181,-1.811740207
2026-02-24 07:03:10,-4.018555770,-8.773554159,-1.736926547
2026-02-24 07:03:20,-4.083782963,-8.771053529,-1.776684289
2026-02-24 07:03:30,-4.088448107,-8.711832544,-1.899465982
2026-02-24 07:03:40,-4.015366899,-8.718062995,-2.028696940
2026-02-24 07:03:50,-3.970239880,-8.750148435,-2.035031028
2026-02-24 07:04:00,-3.903721245,-8.809168178,-1.943509680
2026-02-24 07:04:10,-3.748924796,-8.822576504,-1.866948354
2026-02-24 07:04:20,-3.724776691,-8.903052968,-1.879863264
2026-02-24 07:04:30,-3.590816477,-8.902075524,-1.997605555
2026-02-24 07:04:40,-3.530814078,-8.915847656,-2.065910809
2026-02-24 07:04:50,-3.548979282,-8.893835824,-2.078474720
2026-02-24 07:05:00,-3.600994995,-8.849341104,-2.228793435
2026-02-24 07:05:10,-3.635532467,-8.834920709,-2.140577643
2026-02-24 07:05:20,-3.504707135,-8.900548763,-2.147471042
2026-02-24 07:05:30,-3.568997385,-8.846911264,-2.244481592
2026-02-24 07:05:40,-3.742362490,-8.827491810,-2.152215305
2026-02-24 07:05:50,-3.824160678,-8.759110083,-2.153146863
2026-02-24 07:06:00,-3.726582964,-8.828761247,-2.026454685
2026-02-24 07:06:10,-3.659279428,-8.885434765,-2.070839907
2026-02-24 07:06:20,-3.806292924,-8.817721458,-2.049810781
2026-02-24 07:06:30,-3.836031937,-8.832680095,-2.033626447
2026-02-24 07:06:40,-3.751122855,-8.841941544,-1.950249040
2026-02-24 07:06:50,-3.529380424,-8.927303526,-1.985164271
2026-02-24 07:07:00,-3.516007434,-8.969129279,-1.946383809
2026-02-24 07:07:10,-3.537433811,-8.943676209,-1.979319564
2026-02-24 07:07:20,-3.624474540,-8.914416437,-2.023347427
2026-02-24 07:07:30,-3.579666131,-8.936773022,-1.971193768
2026-02-24 07:07:40,-3.503283042,-8.971982380,-1.937222375
2026-02-24 07:07:50,-3.521564472,-8.948714803,-1.893231274
2026-02-24 07:08:00,-3.523359719,-8.982298584,-1.868679699
2026-02-24 07:08:10,-3.518867951,-8.977980956,-1.843079214
2026-02-24 07:08:20,-3.284940542,-9.073899472,-1.707545143
2026-02-24 07:08:30,-3.280485589,-9.060730539,-1.622233671
2026-02-24 07:08:40,-3.303266481,-9.111922335,-1.646686646
2026-02-24 07:08:50,-3.441552492,-9.058587572,-1.535071740
2026-02-24 07:09:00,-3.529386882,-9.030020219,-1.538855000
2026-02-24 07:09:10,-3.489372312,-9.076949084,-1.502214753
2026-02-24 07:09:20,-3.501768284,-8.988465683,-1.675590031
2026-02-24 07:09:30,-3.421407242,-9.065155264,-1.552602521
2026-02-24 07:09:40,-3.332992010,-9.050517333,-1.595121918
2026-02-24 07:09:50,-3.476720149,-8.986659062,-1.719162552
2026-02-24 07:10:00,-3.487774563,-8.965018996,-1.888934487
2026-02-24 07:10:10,-3.494295415,-8.933219220,-1.891883606
2026-02-24 07:10:20,-3.507687756,-8.981814406,-1.813023055
2026-02-24 07:10:30,-3.671721282,-8.895034050,-1.845509200
2026-02-24 07:10:40,-3.585229585,-8.910212794,-1.863807728
2026-02-24 07:10:50,-3.477278027,-8.991498739,-1.772785684
2026-02-24 07:11:00,-3.545295877,-8.927519908,-1.901968611
2026-02-24 07:11:10,-3.598163072,-8.927700093,-1.960086602
2026-02-24 07:11:20,-3.510891112,-8.953342461,-2.003417990
2026-02-24 07:11:30,-3.490087341,-8.934518620,-2.084708389
2026-02-24 07:11:40,-3.517567086,-8.835416054,-2.289529999
2026-02-24 07:11:50,-3.503333126,-8.865953388,-2.403856131
2026-02-24 07:12:00,-3.448558506,-8.838659223,-2.480906254
2026-02-24 07:12:10,-3.435590129,-8.867394756,-2.516325391
2026-02-24 07:12:20,-3.418741628,-8.838350408,-2.534954179
2026-02-24 07:12:30,-3.279444988,-8.888374174,-2.541000969
2026-02-24 07:12:40,-3.271807439,-8.891994071,-2.531586960
2026-02-24 07:12:50,-3.135204335,-8.974495246,-2.449315363
2026-02-24 07:13:00,-3.167892965,-8.944584026,-2.601325422
2026-02-24 07:13:10,-3.216668582,-8.925663956,-2.502754813
2026-02-24 07:13:20,-3.243274643,-8.957753003,-2.425469130
2026-02-24 07:13:30,-3.292069824,-8.871366285,-2.485422855
2026-02-24 07:13:40,-3.247200754,-8.937663723,-2.418439267
2026-02-24 07:13:50,-3.344753542,-8.904079552,-2.430048022
2026-02-24 07:14:00,-3.282479055,-8.946888480,-2.285196428
2026-02-24 07:14:10,-3.322793520,-8.942963757,-2.365557883
2026-02-24 07:14:20,-3.337626546,-8.935365683,-2.387856699
2026-02-24 07:14:30,-3.309890852,-8.936112371,-2.375066637
2026-02-24 07:14:40,-3.348554821,-8.919997831,-2.361783723
2026-02-24 07:14:50,-3.322890834,-8.950765867,-2.293687055
2026-02-24 07:15:00,-3.395777583,-8.894376408,-2.243738260
2026-02-24 07:15:10,-3.286315022,-8.977319913,-2.187333238
2026-02-24 07:15:20,-3.350567198,-8.968271219,-2.335168347
2026-02-24 07:15:30,-3.464105607,-8.891053394,-2.285126697
2026-02-24 07:15:40,-3.512319498,-8.876910206,-2.213772089
2026-02-24 07:15:50,-3.383866422,-8.928247255,-2.228231692
2026-02-24 07:16:00,-3.262541566,-8.935742690,-2.309072936
2026-02-24 07:16:10,-3.254051168,-9.013835359,-2.195086592
2026-02-24 07:16:20,-3.142856523,-9.021300320,-2.151831243
2026-02-24 07:16:30,-3.122536624,-9.005265589,-2.170001716
2026-02-24 07:16:40,-3.069410177,-9.081234275,-2.042921496
2026-02-24 07:16:50,-2.998995677,-9.096256642,-2.058086568
2026-02-24 07:17:00,-3.066517019,-9.127226153,-1.892786257
2026-02-24 07:17:10,-3.092319848,-9.144518439,-1.840041444
2026-02-24 07:17:20,-3.130185264,-9.148644104,-1.649430863
2026-02-24 07:17:30,-3.031821051,-9.237932657,-1.590735286
2026-02-24 07:17:40,-3.127658767,-9.193011061,-1.510645233
2026-02-24 07:17:50,-3.158145726,-9.119886847,-1.523947240
2026-02-24 07:18:00,-3.196320273,-9.128726556,-1.571918547
2026-02-24 07:18:10,-3.140139756,-9.154882380,-1.717011418
2026-02-24 07:18:20,-3.145686086,-9.160641584,-1.625216217
2026-02-24 07:18:30,-3.163827671,-9.176191755,-1.431685761
2026-02-24 07:18:40,-3.052837145,-9.229739125,-1.390287327
2026-02-24 07:18:50,-2.977719765,-9.275369039,-1.466401182
2026-02-24 07:19:00,-2.912591756,-9.288842959,-1.291098193
2026-02-24 07:19:10,-2.946661639,-9.247552280,-1.305278874
2026-02-24 07:19:20,-3.083540701,-9.239291741,-1.306558838
2026-02-24 07:19:30,-3.014383500,-9.213861714,-1.473491098
2026-02-24 07:19:40,-3.063090478,-9.171990916,-1.555721597
2026-02-24 07:19:50,-3.130320207,-9.174502457,-1.479608395
2026-02-24 07:20:00,-3.045029405,-9.260787393,-1.412878640
2026-02-24 07:20:10,-3.100920877,-9.200482645,-1.332063003
2026-02-24 07:20:20,-3.135195972,-9.200087923,-1.275308831
2026-02-24 07:20:30,-3.093704830,-9.271259890,-1.240080864
2026-02-24 07:20:40,-3.019100703,-9.266227707,-1.206120478
2026-02-24 07:20:50,-3.093758214,-9.258772088,-1.183995919
2026-02-24 07:21:00,-3.007247784,-9.266166749,-1.269072366
2026-02-24 07:21:10,-3.038455466,-9.221711386,-1.359947083
2026-02-24 07:21:20,-2.883351709,-9.283355901,-1.298645310
2026-02-24 07:21:30,-2.782187436,-9.322516341,-1.348275631
2026-02-24 07:21:40,-2.802016750,-9.303639571,-1.388535054
2026-02-24 07:21:50,-2.636186529,-9.375156654,-1.313438749
2026-02-24 07:22:00,-2.729800029,-9.279976214,-1.462310648
2026-02-24 07:22:10,-2.895587755,-9.280776754,-1.313629381
2026-02-24 07:22:20,-2.790277767,-9.316989429,-1.196525363
2026-02-24 07:22:30,-2.891566039,-9.295097623,-1.235023757
2026-02-24 07:22:40,-2.938982476,-9.283784783,-1.324179419
2026-02-24 07:22:50,-2.964519412,-9.225284170,-1.426642362
2026-02-24 07:23:00,-2.970735397,-9.199827730,-1.549657614
2026-02-24 07:23:10,-3.008264052,-9.237650634,-1.517445229
2026-02-24 07:23:20,-2.972997001,-9.216907704,-1.557526662
2026-02-24 07:23:30,-3.105757506,-9.199221776,-1.534342024
2026-02-24 07:23:40,-2.943167397,-9.258559275,-1.469844073
2026-02-24 07:23:50,-2.877488089,-9.229974898,-1.681855593
2026-02-24 07:24:00,-2.852870443,-9.222427581,-1.737246470
2026-02-24 07:24:10,-2.803860921,-9.223384963,-1.804734520
2026-02-24 07:24:20,-3.021394788,-9.183676765,-1.678911807
2026-02-24 07:24:30,-3.077101589,-9.146030109,-1.764073651
2026-02-24 07:24:40,-3.014990251,-9.157466767,-1.700972883
2026-02-24 07:24:50,-2.943451753,-9.203353867,-1.695252847
2026-02-24 07:25:00,-2.856836260,-9.236360390,-1.628443321
2026-02-24 07:25:10,-2.845653572,-9.249610324,-1.732359700
2026-02-24 07:25:20,-2.846362904,-9.225129655,-1.724383976
2026-02-24 07:25:30,-2.796779854,-9.234768249,-1.768578056
2026-02-24 07:25:40,-3.034393410,-9.193409985,-1.641800711
2026-02-24 07:25:50,-3.103954251,-9.154515551,-1.732902488
2026-02-24 07:26:00,-3.153906580,-9.152710069,-1.691146022
2026-02-24 07:26:10,-3.171217806,-9.130830137,-1.622516527
2026-02-24 07:26:20,-3.136979858,-9.150215210,-1.564970787
2026-02-24 07:26:30,-3.057211730,-9.192090769,-1.644458816
2026-02-24 07:26:40,-3.113889312,-9.164941516,-1.679065019
2026-02-24 07:26:50,-3.123091323,-9.120579080,-1.735421303
2026-02-24 07:27:00,-3.156616325,-9.126568794,-1.878568018
2026-02-24 07:27:10,-3.011854104,-9.162058325,-1.847355909
2026-02-24 07:27:20,-3.052208323,-9.114946826,-1.822878366
2026-02-24 07:27:30,-2.989479952,-9.128117985,-1.944473493
2026-02-24 07:27:40,-2.781489866,-9.210891560,-1.849631797
2026-02-24 07:27:50,-2.713614017,-9.251222790,-1.937150493
2026-02-24 07:28:00,-2.813765332,-9.179824261,-1.912807882
2026-02-24 07:28:10,-2.798504977,-9.227376438,-1.940250217
2026-02-24 07:28:20,-2.824401917,-9.193398378,-1.817147377
2026-02-24 07:28:30,-2.857138256,-9.136600166,-1.998880432
2026-02-24 07:28:40,-2.825602647,-9.173692387,-2.023090915
2026-02-24 07:28:50,-2.727907037,-9.228017322,-1.952750376
2026-02-24 07:29:00,-2.841955975,-9.225611922,-1.913772877
2026-02-24 07:29:10,-2.739690299,-9.197951067,-2.026854427
2026-02-24 07:29:20,-2.712239846,-9.250925689,-1.834954029
2026-02-24 07:29:30,-2.719143729,-9.284649473,-1.813097948
2026-02-24 07:29:40,-2.841817713,-9.164503985,-2.027420835
2026-02-24 07:29:50,-2.806239305,-9.190889807,-1.984691315
2026-02-24 07:30:00,-2.579481500,-9.273715241,-1.909455339
2026-02-24 07:30:10,-2.605481716,-9.274944300,-1.945786552
2026-02-24 07:30:20,-2.462190653,-9.290148474,-1.882883896
2026-02-24 07:30:30,-2.497161534,-9.294073947,-1.851901043
2026-02-24 07:30:40,-2.400851564,-9.261487692,-2.000481446
2026-02-24 07:30:50,-2.380722453,-9.300198820,-1.993240432
2026-02-24 07:31:00,-2.366470325,-9.304642511,-1.972983990
2026-02-24 07:31:10,-2.188273498,-9.367334301,-1.949994406
2026-02-24 07:31:20,-2.057838519,-9.413080600,-1.825121884
2026-02-24 07:31:30,-1.896731613,-9.479115820,-1.773268956
2026-02-24 07:31:40,-2.011430114,-9.420001039,-1.838249000
2026-02-24 07:31:50,-2.100996860,-9.399990697,-1.886791569
2026-02-24 07:32:00,-2.115884234,-9.385613828,-1.930615186
2026-02-24 07:32:10,-2.189023322,-9.348869227,-1.925308804
2026-02-24 07:32:20,-2.215355126,-9.353467872,-1.881868172
2026-02-24 07:32:30,-2.120511282,-9.302660595,-2.137130221
2026-02-24 07:32:40,-1.943942883,-9.358415125,-2.268161241
2026-02-24 07:32:50,-1.767899003,-9.381280759,-2.219433496
2026-02-24 07:33:00,-1.724417341,-9.359123223,-2.236631551
2026-02-24 07:33:10,-1.800929224,-9.397213268,-2.326614808
2026-02-24 07:33:20,-1.803155707,-9.402496627,-2.111250030
2026-02-24 07:33:30,-1.940253294,-9.398147003,-2.168599482
2026-02-24 07:33:40,-1.904365261,-9.378673614,-2.105729059
2026-02-24 07:33:50,-2.055329527,-9.367528877,-2.025558848
2026-02-24 07:34:00,-2.049561183,-9.394733146,-1.910037325
2026-02-24 07:34:10,-2.147493321,-9.379871755,-1.924821530
2026-02-24 07:34:20,-2.057564364,-9.407139407,-1.876085206
2026-02-24 07:34:30,-1.992304093,-9.372638122,-1.886447950
2026-02-24 07:34:40,-2.117494519,-9.392472768,-1.931539460
2026-02-24 07:34:50,-2.335070788,-9.337582030,-1.872194826
2026-02-24 07:35:00,-2.308133541,-9.339423214,-1.871002356
2026-02-24 07:35:10,-2.198982216,-9.351245218,-1.926934924
2026-02-24 07:35:20,-2.303356451,-9.353232129,-2.026553137
2026-02-24 07:35:30,-2.198291472,-9.352565644,-1.994324152
2026-02-24 07:35:40,-2.259442536,-9.339921854,-1.871353825
2026-02-24 07:35:50,-2.332602006,-9.346744380,-1.849157220
2026-02-24 07:36:00,-2.337643893,-9.340359713,-1.798625700
2026-02-24 07:36:10,-2.446260618,-9.338642390,-1.857098072
2026-02-24 07:36:20,-2.421261779,-9.335233586,-1.713087099
2026-02-24 07:36:30,-2.392672990,-9.373544991,-1.699386564
2026-02-24 07:36:40,-2.414394629,-9.404449080,-1.463259477
2026-02-24 07:36:50,-2.496634848,-9.354320960,-1.408451999
2026-02-24 07:37:00,-2.551852787,-9.366337582,-1.397061753
2026-02-24 07:37:10,-2.583813338,-9.382358934,-1.296199321
2026-02-24 07:37:20,-2.480042461,-9.409565644,-1.171983078
2026-02-24 07:37:30,-2.424793004,-9.400306110,-1.228745189
2026-02-24 07:37:40,-2.374865682,-9.455105797,-1.307402881
2026-02-24 07:37:50,-2.456423822,-9.425970854,-1.179668868
2026-02-24 07:38:00,-2.354900965,-9.461718229,-1.100361722
2026-02-24 07:38:10,-2.457184092,-9.435687506,-1.029364298
2026-02-24 07:38:20,-2.626708637,-9.367833856,-0.936864468
2026-02-24 07:38:30,-2.582684200,-9.415141186,-1.134069288
2026-02-24 07:38:40,-2.583095866,-9.403202968,-1.133632967
2026-02-24 07:38:50,-2.573286358,-9.380961796,-1.085933662
2026-02-24 07:39:00,-2.642149297,-9.425249683,-0.902668267
2026-02-24 07:39:10,-2.691737928,-9.394330960,-1.031815412
2026-02-24 07:39:20,-2.646322652,-9.398912098,-0.994808931
2026-02-24 07:39:30,-2.754312178,-9.355896554,-1.065508419
2026-02-24 07:39:40,-2.533042500,-9.405106019,-0.849489662
2026-02-24 07:39:50,-2.635515934,-9.402642823,-1.015115570
2026-02-24 07:40:00,-2.754716760,-9.366987004,-1.052491106
2026-02-24 07:40:10,-2.618383024,-9.385362894,-0.973296650
2026-02-24 07:40:20,-2.570742322,-9.449312931,-0.907929065
2026-02-24 07:40:30,-2.631597965,-9.396280414,-0.910647123
2026-02-24 07:40:40,-2.636945876,-9.394926535,-0.832476615
2026-02-24 07:40:50,-2.742599027,-9.358811687,-0.891217213
2026-02-24 07:41:00,-2.756202906,-9.373636887,-0.917226061
2026-02-24 07:41:10,-2.814485973,-9.330646350,-1.023141011
2026-02-24 07:41:20,-2.794388155,-9.337223139,-1.002576917
2026-02-24 07:41:30,-2.762645255,-9.345916316,-1.036686057
2026-02-24 07:41:40,-2.828439555,-9.339051637,-1.173828790
2026-02-24 07:41:50,-2.858315511,-9.307582737,-1.246640599
2026-02-24 07:42:00,-2.963149098,-9.252447585,-1.398612522
2026-02-24 07:42:10,-3.032090029,-9.211602802,-1.430810128
2026-02-24 07:42:20,-3.143078774,-9.209503295,-1.372657463
2026-02-24 07:42:30,-3.195888884,-9.186315689,-1.339147128
2026-02-24 07:42:40,-3.115324623,-9.192797809,-1.392455872
2026-02-24 07:42:50,-3.123828572,-9.214537027,-1.446547447
2026-02-24 07:43:00,-3.229968197,-9.144487942,-1.462601667
2026-02-24 07:43:10,-3.284448696,-9.096919470,-1.609664278
2026-02-24 07:43:20,-3.293643003,-9.074578919,-1.679666482
2026-02-24 07:43:30,-3.342479104,-9.096388972,-1.532747885
2026-02-24 07:43:40,-3.407100596,-9.067400691,-1.511691223
2026-02-24 07:43:50,-3.512740527,-9.050985910,-1.420203993
2026-02-24 07:44:00,-3.385717244,-9.102377981,-1.443595707
2026-02-24 07:44:10,-3.550625261,-9.022742946,-1.429190650
2026-02-24 07:44:20,-3.591002491,-9.044828909,-1.398575070
2026-02-24 07:44:30,-3.672800789,-8.966794562,-1.339614602
2026-02-24 07:44:40,-3.713669829,-8.937183079,-1.356931366
2026-02-24 07:44:50,-3.740824748,-8.973078555,-1.495098101
2026-02-24 07:45:00,-3.855599581,-8.915157761,-1.379269196
2026-02-24 07:45:10,-3.796862093,-8.919976366,-1.305485477
2026-02-24 07:45:20,-3.757770076,-8.982462880,-1.111545408
2026-02-24 07:45:30,-3.862600794,-8.946576305,-1.175451142
2026-02-24 07:45:40,-3.831454181,-8.975705402,-1.220221301
2026-02-24 07:45:50,-3.768092594,-8.979321177,-1.145867340
2026-02-24 07:46:00,-3.779195922,-8.966597633,-1.248049980
2026-02-24 07:46:10,-3.855178339,-8.948111458,-1.269980023
2026-02-24 07:46:20,-3.809361262,-8.928002329,-1.425202621
2026-02-24 07:46:30,-3.921526082,-8.855487446,-1.364825535
2026-02-24 07:46:40,-4.051745291,-8.848295053,-1.393373355
2026-02-24 07:46:50,-3.972992306,-8.817512372,-1.492133749
2026-02-24 07:47:00,-4.056200224,-8.772282933,-1.620445542
2026-02-24 07:47:10,-3.979482894,-8.818022643,-1.558905445
2026-02-24 07:47:20,-3.995632381,-8.841555743,-1.536696296
2026-02-24 07:47:30,-4.063971740,-8.793819073,-1.530813172
2026-02-24 07:47:40,-4.030721528,-8.793053338,-1.533359595
2026-02-24 07:47:50,-3.982557896,-8.816792036,-1.622460087
2026-02-24 07:48:00,-4.138443997,-8.731750454,-1.574303171
2026-02-24 07:48:10,-4.194790872,-8.714913139,-1.709881372
2026-02-24 07:48:20,-4.063354299,-8.710408799,-1.723512492
2026-02-24 07:48:30,-4.134383436,-8.721671356,-1.800655797
2026-02-24 07:48:40,-4.234434218,-8.688375172,-1.767839195
2026-02-24 07:48:50,-4.181208333,-8.790380748,-1.526118723
2026-02-24 07:49:00,-4.215410085,-8.714998396,-1.565131629
2026-02-24 07:49:10,-4.224021326,-8.754142214,-1.331664013
2026-02-24 07:49:20,-4.211966323,-8.747442529,-1.296072913
2026-02-24 07:49:30,-4.141714871,-8.812047080,-1.296764624
2026-02-24 07:49:40,-4.037468470,-8.783683664,-1.443015936
2026-02-24 07:49:50,-4.247104853,-8.764436284,-1.458187006
2026-02-24 07:50:00,-4.175195408,-8.707190456,-1.488884902
2026-02-24 07:50:10,-4.289188052,-8.695366643,-1.434990017
2026-02-24 07:50:20,-4.204094512,-8.708485154,-1.437754463
2026-02-24 07:50:30,-4.190846445,-8.768857481,-1.353061437
2026-02-24 07:50:40,-4.281687403,-8.709149545,-1.227647991
2026-02-24 07:50:50,-4.407326723,-8.714138142,-1.147396293
2026-02-24 07:51:00,-4.418086487,-8.712963610,-1.258230887
2026-02-24 07:51:10,-4.272522937,-8.698429346,-1.172385636
2026-02-24 07:51:20,-4.356185063,-8.703770283,-1.175256965
2026-02-24 07:51:30,-4.300077524,-8.723551063,-1.177567093
2026-02-24 07:51:40,-4.226363397,-8.793367862,-1.119482275
2026-02-24 07:51:50,-4.203966316,-8.819065947,-1.140146414
2026-02-24 07:52:00,-4.163466645,-8.814409812,-1.097954185
2026-02-24 07:52:10,-4.205581242,-8.772045257,-1.325678655
2026-02-24 07:52:20,-4.121400340,-8.826197731,-1.299135774
2026-02-24 07:52:30,-4.096832918,-8.852465356,-1.211552730
2026-02-24 07:52:40,-4.199241828,-8.776780016,-1.191209084
2026-02-24 07:52:50,-4.177363296,-8.794758689,-1.105765525
2026-02-24 07:53:00,-4.118715618,-8.817978887,-1.120284381
2026-02-24 07:53:10,-4.163589647,-8.807053074,-1.059350180
2026-02-24 07:53:20,-4.083161925,-8.889141319,-0.960516297
2026-02-24 07:53:30,-4.262449144,-8.769786965,-0.914072228
2026-02-24 07:53:40,-4.290729284,-8.763991046,-0.856085124
2026-02-24 07:53:50,-4.284219759,-8.755050696,-0.878053286
2026-02-24 07:54:00,-4.311056368,-8.762982700,-0.987146957
2026-02-24 07:54:10,-4.197384709,-8.831505916,-0.961397341
2026-02-24 07:54:20,-4.168951057,-8.829058563,-1.006628943
2026-02-24 07:54:30,-4.219407649,-8.817387906,-0.862680117
2026-02-24 07:54:40,-4.381954837,-8.741755761,-0.797698106
2026-02-24 07:54:50,-4.435548991,-8.706925519,-0.843382074
2026-02-24 07:55:00,-4.376321944,-8.724064306,-0.841937427
2026-02-24 07:55:10,-4.382959440,-8.707638065,-0.875499381
2026-02-24 07:55:20,-4.218862514,-8.831562275,-1.145042627
2026-02-24 07:55:30,-4.255220124,-8.750436779,-1.238145096
2026-02-24 07:55:40,-4.242591840,-8.736923347,-1.323104712
2026-02-24 07:55:50,-4.261977637,-8.752680690,-1.414159275
2026-02-24 07:56:00,-4.263558557,-8.734937908,-1.390201065
2026-02-24 07:56:10,-4.262612291,-8.773895908,-1.351413920
2026-02-24 07:56:20,-4.294538163,-8.732696306,-1.242124406
2026-02-24 07:56:30,-4.218605711,-8.781691913,-1.251229549
2026-02-24 07:56:40,-4.360083394,-8.710737895,-1.243484074
2026-02-24 07:56:50,-4.287959369,-8.720196110,-1.245711998
2026-02-24 07:57:00,-4.350640026,-8.698966314,-1.252894918
2026-02-24 07:57:10,-4.415380899,-8.659944555,-1.122887362
2026-02-24 07:57:20,-4.474926383,-8.647098347,-1.167387014
2026-02-24 07:57:30,-4.600409133,-8.660387559,-1.028929377
2026-02-24 07:57:40,-4.754565651,-8.517546351,-0.919130383
2026-02-24 07:57:50,-4.755719623,-8.538204090,-1.007751584
2026-02-24 07:58:00,-4.796924644,-8.489899952,-0.906037453
2026-02-24 07:58:10,-4.801102847,-8.523746817,-0.816928987
2026-02-24 07:58:20,-4.783566229,-8.558611667,-0.714682148
2026-02-24 07:58:30,-4.847814431,-8.545617552,-0.629997223
2026-02-24 07:58:40,-4.653794426,-8.583075153,-0.834142518
2026-02-24 07:58:50,-4.679454241,-8.592296328,-0.807181704
2026-02-24 07:59:00,-4.640377499,-8.615929335,-0.810696477
2026-02-24 07:59:10,-4.695092874,-8.577924917,-0.716328665
2026-02-24 07:59:20,-4.777787008,-8.544780603,-0.691539384
2026-02-24 07:59:30,-4.866184669,-8.493242784,-0.689649523
2026-02-24 07:59:40,-4.839311822,-8.493587693,-0.872996146
2026-02-24 07:59:50,-4.744083451,-8.565939043,-0.721319267
2026-02-24 08:00:00,-4.719754853,-8.561566892,-0.747784646
2026-02-24 08:00:10,-4.653866434,-8.595518617,-0.841020753
2026-02-24 08:00:20,-4.714666359,-8.605425017,-0.781411406
2026-02-24 08:00:30,-4.563286401,-8.641434594,-0.677836472
2026-02-24 08:00:40,-4.567041956,-8.634587555,-0.699854650
2026-02-24 08:00:50,-4.577445589,-8.646898647,-0.691072053
2026-02-24 08:01:00,-4.810052342,-8.507596202,-0.819310393
2026-02-24 08:01:10,-4.770886028,-8.548726228,-0.922835209
2026-02-24 08:01:20,-4.840555165,-8.505032135,-0.674844297
2026-02-24 08:01:30,-4.906399462,-8.490453700,-0.688744170
2026-02-24 08:01:40,-4.805882850,-8.527588577,-0.705171830
2026-02-24 08:01:50,-5.020149080,-8.403543330,-0.684810968
2026-02-24 08:02:00,-5.040708083,-8.329940925,-0.743258302
2026-02-24 08:02:10,-5.096000301,-8.291691518,-0.717590774
2026-02-24 08:02:20,-5.023180701,-8.375617637,-0.666506028
2026-02-24 08:02:30,-4.839450117,-8.489770001,-0.780692042
2026-02-24 08:02:40,-4.884056739,-8.476115590,-0.636089277
2026-02-24 08:02:50,-4.888324135,-8.479432213,-0.512358594
2026-02-24 08:03:00,-4.866028134,-8.489925441,-0.544521298
2026-02-24 08:03:10,-4.924715806,-8.447565470,-0.666384716
2026-02-24 08:03:20,-4.931940339,-8.428527559,-0.586357424
2026-02-24 08:03:30,-4.898298291,-8.478030951,-0.552431794
2026-02-24 08:03:40,-4.788321052,-8.506740431,-0.794394055
2026-02-24 08:03:50,-4.911608623,-8.478197011,-0.834326673
2026-02-24 08:04:00,-4.809512657,-8.488326630,-0.830168552
2026-02-24 08:04:10,-4.786283705,-8.523216903,-0.826714662
2026-02-24 08:04:20,-4.906365742,-8.472103486,-0.793455914
2026-02-24 08:04:30,-4.913979936,-8.459565223,-0.916501687
2026-02-24 08:04:40,-4.832296330,-8.520207235,-0.812710801
2026-02-24 08:04:50,-4.755758782,-8.529687500,-0.743208351
2026-02-24 08:05:00,-4.776908069,-8.511604907,-0.952540279
2026-02-24 08:05:10,-4.854924044,-8.471051958,-0.965056475
2026-02-24 08:05:20,-4.844106004,-8.428810433,-1.200726780
2026-02-24 08:05:30,-4.894026071,-8.477527488,-1.175635666
2026-02-24 08:05:40,-4.907958556,-8.384465571,-1.106826947
2026-02-24 08:05:50,-4.673380522,-8.562199009,-1.005066080
2026-02-24 08:06:00,-4.598936809,-8.590833630,-1.036830551
2026-02-24 08:06:10,-4.610598632,-8.626624171,-0.859574774
2026-02-24 08:06:20,-4.598263668,-8.653594185,-0.815244711
2026-02-24 08:06:30,-4.666232556,-8.604725912,-0.777279549
2026-02-24 08:06:40,-4.738159368,-8.596635369,-0.714715955
2026-02-24 08:06:50,-4.754227759,-8.552188699,-0.618247218
2026-02-24 08:07:00,-4.682723613,-8.567438965,-0.733715222
2026-02-24 08:07:10,-4.652807966,-8.566213942,-0.782236558
2026-02-24 08:07:20,-4.774237754,-8.517533255,-0.885872739
2026-02-24 08:07:30,-4.759494092,-8.512252816,-1.093168865
2026-02-24 08:07:40,-4.803173867,-8.500144757,-0.989352418
2026-02-24 08:07:50,-4.812874668,-8.502146604,-0.976622140
2026-02-24 08:08:00,-4.867250908,-8.482199113,-1.081089944
2026-02-24 08:08:10,-4.829960424,-8.441828984,-1.080168418
2026-02-24 08:08:20,-4.737400840,-8.511084630,-1.023502662
2026-02-24 08:08:30,-4.713992034,-8.568887002,-0.836713475
2026-02-24 08:08:40,-4.668910505,-8.565897479,-0.894645360
2026-02-24 08:08:50,-4.733812366,-8.568010612,-0.967687842
2026-02-24 08:09:00,-4.707517715,-8.571618899,-0.871106955
2026-02-24 08:09:10,-4.680923759,-8.600700236,-0.871810607
2026-02-24 08:09:20,-4.783531603,-8.518866283,-0.831215030
2026-02-24 08:09:30,-4.714121414,-8.561116829,-0.829714301
2026-02-24 08:09:40,-4.542201989,-8.662107372,-0.831666970
2026-02-24 08:09:50,-4.660318494,-8.619527237,-0.611352313
2026-02-24 08:10:00,-4.658389974,-8.581499557,-0.609147787
2026-02-24 08:10:10,-4.475574597,-8.689305321,-0.666601047
2026-02-24 08:10:20,-4.460168797,-8.706164426,-0.788287267
2026-02-24 08:10:30,-4.368500076,-8.755006169,-0.629604037
2026-02-24 08:10:40,-4.548355378,-8.666864582,-0.617169758
2026-02-24 08:10:50,-4.618534365,-8.627358294,-0.492993476
2026-02-24 08:11:00,-4.740098644,-8.627102751,-0.427142041
2026-02-24 08:11:10,-4.757568900,-8.581603001,-0.533869784
2026-02-24 08:11:20,-4.635360461,-8.688316251,-0.462326512
2026-02-24 08:11:30,-4.542238848,-8.713417558,-0.320988987
2026-02-24 08:11:40,-4.487164524,-8.671529296,-0.405603763
2026-02-24 08:11:50,-4.663577229,-8.659960156,-0.459527034
2026-02-24 08:12:00,-4.475140320,-8.712809154,-0.586950495
2026-02-24 08:12:10,-4.614470099,-8.653475960,-0.459316466
2026-02-24 08:12:20,-4.556040284,-8.699236913,-0.395423503
2026-02-24 08:12:30,-4.502606808,-8.685188935,-0.472641671
2026-02-24 08:12:40,-4.622256674,-8.656755096,-0.470382533
2026-02-24 08:12:50,-4.476957050,-8.736699805,-0.403261745
2026-02-24 08:13:00,-4.545892565,-8.660045937,-0.405315928
2026-02-24 08:13:10,-4.563538950,-8.633111280,-0.310325858
2026-02-24 08:13:20,-4.745318567,-8.593984993,-0.378255735
2026-02-24 08:13:30,-4.710783969,-8.545738328,-0.410246599
2026-02-24 08:13:40,-4.774707874,-8.578398728,-0.307565610
2026-02-24 08:13:50,-4.763359708,-8.583480686,-0.314217615
2026-02-24 08:14:00,-4.841986338,-8.512217421,-0.297929560
2026-02-24 08:14:10,-4.881344276,-8.511060678,-0.332152522
2026-02-24 08:14:20,-4.834625822,-8.529328396,-0.352028884
2026-02-24 08:14:30,-4.785057421,-8.565105580,-0.385372351
2026-02-24 08:14:40,-4.604506040,-8.628121552,-0.380348387
2026-02-24 08:14:50,-4.660245556,-8.640811121,-0.315606267
2026-02-24 08:15:00,-4.641492092,-8.679890378,-0.352786276
2026-02-24 08:15:10,-4.637033353,-8.645034940,-0.393322409
2026-02-24 08:15:20,-4.746386774,-8.554347091,-0.404778947
2026-02-24 08:15:30,-4.792837814,-8.561997624,-0.407691927
2026-02-24 08:15:40,-4.801199905,-8.520169878,-0.511558651
2026-02-24 08:15:50,-4.742432542,-8.547393496,-0.647126398
2026-02-24 08:16:00,-4.722042286,-8.583739149,-0.590025857
2026-02-24 08:16:10,-4.879888760,-8.508359730,-0.655733851
2026-02-24 08:16:20,-4.986436198,-8.455110520,-0.458243618
2026-02-24 08:16:30,-4.951989218,-8.429132062,-0.524511338
2026-02-24 08:16:40,-4.886475420,-8.508379533,-0.529119392
2026-02-24 08:16:50,-4.839955653,-8.510981993,-0.469202645
2026-02-24 08:17:00,-4.805856481,-8.541378993,-0.460333652
2026-02-24 08:17:10,-4.774546256,-8.578915311,-0.439708482
2026-02-24 08:17:20,-4.718672855,-8.643871242,-0.460064712
2026-02-24 08:17:30,-4.671957433,-8.565961583,-0.421706671
2026-02-24 08:17:40,-4.704465220,-8.583188053,-0.488582461
2026-02-24 08:17:50,-4.707446502,-8.595581356,-0.429882401
2026-02-24 08:18:00,-4.630842345,-8.670124615,-0.426107647
2026-02-24 08:18:10,-4.537934229,-8.677410755,-0.459506323
2026-02-24 08:18:20,-4.360241742,-8.766841833,-0.269530534
2026-02-24 08:18:30,-4.291517538,-8.821455475,-0.260106402
2026-02-24 08:18:40,-4.306319115,-8.796195990,-0.315406018
2026-02-24 08:18:50,-4.316887322,-8.840457962,-0.368551431
2026-02-24 08:19:00,-4.340004621,-8.781540968,-0.302821881
2026-02-24 08:19:10,-4.303439923,-8.859499548,-0.310959423
2026-02-24 08:19:20,-4.256131973,-8.834623167,-0.205778948
2026-02-24 08:19:30,-4.235424946,-8.805998796,-0.302770169
2026-02-24 08:19:40,-4.373545801,-8.740932568,-0.585413840
2026-02-24 08:19:50,-4.365590567,-8.780794671,-0.531060011
2026-02-24 08:20:00,-4.346138815,-8.775136479,-0.622602159
2026-02-24 08:20:10,-4.465539662,-8.733685960,-0.551791475
2026-02-24 08:20:20,-4.457057575,-8.766708621,-0.550373274
2026-02-24 08:20:30,-4.325777713,-8.766948609,-0.467736379
2026-02-24 08:20:40,-4.299514577,-8.848617879,-0.353811669
2026-02-24 08:20:50,-4.402681767,-8.756285397,-0.455465116
2026-02-24 08:21:00,-4.468322148,-8.700998687,-0.410066560
2026-02-24 08:21:10,-4.584510917,-8.668716182,-0.249592235
2026-02-24 08:21:20,-4.498714090,-8.702285795,-0.141536440
2026-02-24 08:21:30,-4.335267417,-8.769664076,-0.163200382
2026-02-24 08:21:40,-4.235183539,-8.842673799,-0.286349833
2026-02-24 08:21:50,-4.138492916,-8.966341668,-0.173559649
2026-02-24 08:22:00,-4.185047163,-8.857433607,-0.001047905
2026-02-24 08:22:10,-4.129062964,-8.906270271,0.042588458
2026-02-24 08:22:20,-4.012990981,-8.955011525,0.038175178
2026-02-24 08:22:30,-4.047102273,-8.917831556,0.072686651
2026-02-24 08:22:40,-4.003083973,-8.923544448,0.054891050
2026-02-24 08:22:50,-4.016415936,-8.940718715,-0.008382889
2026-02-24 08:23:00,-3.874928479,-8.981026125,-0.044748953
2026-02-24 08:23:10,-3.932541898,-9.003355077,0.020192552
2026-02-24 08:23:20,-3.915973617,-8.977283604,-0.010850999
2026-02-24 08:23:30,-4.038768350,-8.962255011,0.121105926
2026-02-24 08:23:40,-4.012002068,-8.920100194,-0.023044806
2026-02-24 08:23:50,-4.130834937,-8.910640282,-0.105811004
2026-02-24 08:24:00,-4.211688134,-8.866232441,-0.142684072
2026-02-24 08:24:10,-4.214755498,-8.840546284,-0.106838665
2026-02-24 08:24:20,-4.326669598,-8.813929534,-0.039341749
2026-02-24 08:24:30,-4.309164653,-8.814972612,-0.195881333
2026-02-24 08:24:40,-4.320401330,-8.791268332,-0.193496628
2026-02-24 08:24:50,-4.205728140,-8.833230741,-0.147304077
2026-02-24 08:25:00,-4.061404164,-8.900026307,-0.173680540
2026-02-24 08:25:10,-3.969187142,-8.960438477,-0.409510964
2026-02-24 08:25:20,-4.036782353,-8.930222834,-0.199694493
2026-02-24 08:25:30,-4.151116038,-8.908945772,-0.161096162
2026-02-24 08:25:40,-4.240013154,-8.845342213,-0.010638030
2026-02-24 08:25:50,-4.088920701,-8.907575246,0.047838033
2026-02-24 08:26:00,-4.132099026,-8.871963215,-0.081975453
2026-02-24 08:26:10,-4.015164814,-8.897756483,-0.093758775
2026-02-24 08:26:20,-4.084254106,-8.902488660,-0.238276013
2026-02-24 08:26:30,-3.962039009,-8.904728398,-0.315378285
2026-02-24 08:26:40,-4.091718114,-8.924174432,-0.000944069
2026-02-24 08:26:50,-4.164271351,-8.884545632,-0.029961754
2026-02-24 08:27:00,-4.139198645,-8.883302976,-0.218111279
2026-02-24 08:27:10,-4.228978485,-8.863732599,-0.196473225
2026-02-24 08:27:20,-4.224896820,-8.870659133,-0.271351169
2026-02-24 08:27:30,-4.114093015,-8.929736783,-0.227147578
2026-02-24 08:27:40,-4.121992879,-8.906300013,-0.185552897
2026-02-24 08:27:50,-4.110627638,-8.891810546,-0.428912425
2026-02-24 08:28:00,-4.172424321,-8.878493878,-0.166725911
2026-02-24 08:28:10,-4.284652110,-8.829971311,0.059396923
2026-02-24 08:28:20,-4.150588011,-8.904108386,0.025759492
2026-02-24 08:28:30,-4.214135932,-8.827349613,0.090331445
2026-02-24 08:28:40,-4.325935722,-8.816049282,0.192209256
2026-02-24 08:28:50,-4.232275614,-8.806233270,0.239344157
2026-02-24 08:29:00,-4.332962702,-8.797869203,0.241266229
2026-02-24 08:29:10,-4.463893511,-8.720580606,0.167875554
2026-02-24 08:29:20,-4.654149170,-8.632460375,0.248998408
2026-02-24 08:29:30,-4.677613399,-8.623166299,0.380037933
2026-02-24 08:29:40,-4.762652270,-8.550572911,0.295511232
2026-02-24 08:29:50,-4.618822148,-8.674041170,0.332429877
2026-02-24 08:30:00,-4.659731224,-8.598674680,0.566111986
2026-02-24 08:30:10,-4.816986076,-8.471485311,0.626806798
2026-02-24 08:30:20,-4.880801197,-8.433426593,0.772144080
2026-02-24 08:30:30,-4.816826808,-8.516212994,0.783003217
2026-02-24 08:30:40,-4.815661332,-8.509441300,0.831291773
2026-02-24 08:30:50,-4.838477979,-8.462054415,0.901037217
2026-02-24 08:31:00,-4.881291755,-8.494246776,0.889291360
2026-02-24 08:31:10,-4.864995940,-8.499083811,0.822951168
2026-02-24 08:31:20,-4.961680072,-8.434894792,0.872991676
2026-02-24 08:31:30,-4.996090768,-8.394290538,0.895181014
2026-02-24 08:31:40,-5.013994323,-8.363439524,0.932379676
2026-02-24 08:31:50,-5.052519490,-8.338847115,1.003835589
2026-02-24 08:32:00,-4.917488917,-8.407563867,1.019966596
2026-02-24 08:32:10,-4.987159380,-8.421000802,1.075430494
2026-02-24 08:32:20,-4.978746346,-8.366207157,1.133864112
2026-02-24 08:32:30,-5.036013310,-8.356123464,1.032347274
2026-02-24 08:32:40,-4.900804772,-8.420160042,1.023410447
2026-02-24 08:32:50,-4.907429955,-8.451276340,0.972135013
2026-02-24 08:33:00,-4.858384988,-8.456796705,1.038823951
2026-02-24 08:33:10,-4.921838847,-8.418195334,0.908643155
2026-02-24 08:33:20,-4.961680951,-8.412871791,1.063375791
2026-02-24 08:33:30,-4.977053057,-8.397560235,1.108225346
2026-02-24 08:33:40,-5.011108634,-8.385375819,1.118986421
2026-02-24 08:33:50,-5.192438055,-8.224664091,1.151529830
2026-02-24 08:34:00,-5.104227385,-8.269717670,1.225899776
2026-02-24 08:34:10,-4.967536905,-8.324832995,1.373272586
2026-02-24 08:34:20,-4.976045933,-8.290276784,1.540090786
2026-02-24 08:34:30,-5.083766054,-8.281567364,1.631185201
2026-02-24 08:34:40,-5.159125404,-8.196008597,1.491017713
2026-02-24 08:34:50,-5.212494727,-8.158226754,1.463229923
2026-02-24 08:35:00,-5.096423035,-8.268673605,1.404291663
2026-02-24 08:35:10,-5.109993745,-8.264636540,1.484695058
2026-02-24 08:35:20,-5.107590359,-8.215849618,1.541611190
2026-02-24 08:35:30,-5.180209013,-8.151083852,1.614723680
2026-02-24 08:35:40,-5.294494936,-8.101547024,1.638768945
2026-02-24 08:35:50,-5.357289728,-8.083067581,1.560505971
2026-02-24 08:36:00,-5.384855918,-8.038709083,1.676719023
2026-02-24 08:36:10,-5.249073516,-8.103660600,1.722508201
2026-02-24 08:36:20,-5.177239067,-8.186196868,1.679784456
2026-02-24 08:36:30,-5.179786073,-8.137984678,1.831546212
2026-02-24 08:36:40,-5.134756129,-8.141751441,2.049874660
2026-02-24 08:36:50,-5.036478217,-8.172676780,1.958856098
2026-02-24 08:37:00,-4.968050960,-8.211704869,1.982608797
2026-02-24 08:37:10,-4.851157866,-8.276238848,2.072624406
2026-02-24 08:37:20,-4.833678517,-8.302077653,2.068519819
2026-02-24 08:37:30,-4.820298429,-8.306939250,2.119912624
2026-02-24 08:37:40,-4.872095049,-8.270142916,2.121436530
2026-02-24 08:37:50,-4.818603964,-8.251078016,2.119364092
2026-02-24 08:38:00,-4.891341400,-8.267951614,1.968966676
2026-02-24 08:38:10,-4.888684181,-8.309345970,1.932111552
2026-02-24 08:38:20,-5.013481804,-8.227417813,1.848312753
2026-02-24 08:38:30,-4.904188492,-8.270229560,2.121690669
2026-02-24 08:38:40,-4.767240725,-8.370183847,1.949582225
2026-02-24 08:38:50,-4.789977159,-8.257067363,2.071942029
2026-02-24 08:39:00,-4.775790099,-8.350099713,1.914620475
2026-02-24 08:39:10,-4.901638405,-8.303464704,1.800881654
2026-02-24 08:39:20,-5.057966598,-8.207876735,1.628739887
2026-02-24 08:39:30,-4.905276710,-8.389169625,1.425950601
2026-02-24 08:39:40,-5.028358161,-8.338468850,1.356437550
2026-02-24 08:39:50,-4.968599085,-8.321400194,1.304760407
2026-02-24 08:40:00,-4.917238188,-8.349669628,1.299343561
2026-02-24 08:40:10,-4.939750567,-8.362401465,1.477417437
2026-02-24 08:40:20,-4.932636131,-8.334008398,1.562194379
2026-02-24 08:40:30,-4.873579539,-8.411549767,1.260842561
2026-02-24 08:40:40,-4.925349980,-8.367176835,1.288380804
2026-02-24 08:40:50,-5.121591625,-8.261900335,1.250112188
2026-02-24 08:41:00,-5.108865266,-8.295625051,1.071409267
2026-02-24 08:41:10,-4.999138927,-8.390033910,1.017379412
2026-02-24 08:41:20,-5.139081052,-8.337071564,0.807112525
2026-02-24 08:41:30,-5.232993515,-8.261985820,0.750701888
2026-02-24 08:41:40,-5.134069691,-8.299283837,0.835938991
2026-02-24 08:41:50,-5.309691747,-8.195128582,0.851760528
2026-02-24 08:42:00,-5.210726674,-8.280803219,0.962166560
2026-02-24 08:42:10,-5.121807251,-8.322879162,0.831673481
2026-02-24 08:42:20,-5.207332458,-8.309567455,0.755294126
2026-02-24 08:42:30,-5.334029625,-8.228306452,0.728306387
2026-02-24 08:42:40,-5.284490740,-8.249147325,0.725646871
2026-02-24 08:42:50,-5.183522891,-8.280067800,0.716503527
2026-02-24 08:43:00,-5.230693153,-8.298292712,0.690246953
2026-02-24 08:43:10,-5.231681024,-8.250603234,0.577312381
2026-02-24 08:43:20,-5.150061911,-8.323492232,0.652059799
2026-02-24 08:43:30,-5.119265859,-8.359642885,0.559633916
2026-02-24 08:43:40,-5.060963938,-8.390810737,0.504857189
2026-02-24 08:43:50,-5.192778858,-8.364634993,0.415262367
2026-02-24 08:44:00,-5.184398982,-8.321093158,0.358310273
2026-02-24 08:44:10,-5.111689449,-8.359616500,0.560213869
2026-02-24 08:44:20,-5.191242694,-8.289176320,0.666831820
2026-02-24 08:44:30,-5.235792204,-8.231023481,0.675603241
2026-02-24 08:44:40,-5.349038878,-8.200554406,0.604493923
2026-02-24 08:44:50,-5.382644249,-8.210825664,0.526488748
2026-02-24 08:45:00,-5.311252631,-8.233043244,0.614713709
2026-02-24 08:45:10,-5.176432886,-8.335187216,0.697700003
2026-02-24 08:45:20,-5.214785129,-8.300633157,0.643409601
2026-02-24 08:45:30,-5.141523530,-8.313020076,0.545220810
2026-02-24 08:45:40,-5.122923791,-8.370899375,0.458286885
2026-02-24 08:45:50,-5.051623638,-8.385618362,0.358078256
2026-02-24 08:46:00,-5.013704197,-8.435428684,0.379444256
2026-02-24 08:46:10,-5.141264003,-8.361087910,0.572326569
2026-02-24 08:46:20,-5.307148968,-8.207816802,0.651489661
2026-02-24 08:46:30,-5.290210081,-8.226727312,0.610154764
2026-02-24 08:46:40,-5.179531539,-8.316030422,0.783319528
2026-02-24 08:46:50,-5.279581661,-8.207354317,0.993142239
2026-02-24 08:47:00,-5.259861231,-8.193622319,1.059168327
2026-02-24 08:47:10,-5.155296534,-8.295134155,0.785125762
2026-02-24 08:47:20,-5.063814971,-8.379576242,0.558745801
2026-02-24 08:47:30,-5.225703345,-8.303143595,0.418899740
2026-02-24 08:47:40,-5.257692877,-8.280755552,0.447815340
2026-02-24 08:47:50,-5.331019798,-8.195393927,0.516587013
2026-02-24 08:48:00,-5.153223810,-8.298490425,0.542110383
2026-02-24 08:48:10,-5.181478427,-8.302801294,0.763621901
2026-02-24 08:48:20,-5.202762858,-8.255551146,0.800525589
2026-02-24 08:48:30,-5.165653714,-8.310682501,0.881388890
2026-02-24 08:48:40,-5.212905558,-8.228690909,0.814288138
2026-02-24 08:48:50,-5.150746407,-8.301489777,0.819839934
2026-02-24 08:49:00,-5.069145608,-8.428964839,0.628761472
2026-02-24 08:49:10,-4.957316603,-8.410064131,0.850120088
2026-02-24 08:49:20,-4.936800112,-8.403997723,0.823945054
2026-02-24 08:49:30,-4.779724225,-8.531776453,0.786106439
2026-02-24 08:49:40,-4.815311746,-8.546087778,0.820232608
2026-02-24 08:49:50,-4.848359152,-8.508709707,0.681755236
2026-02-24 08:50:00,-4.871209687,-8.494534651,0.654213571
2026-02-24 08:50:10,-4.783449008,-8.544325518,0.601427062
2026-02-24 08:50:20,-4.657152126,-8.607396094,0.765849690
2026-02-24 08:50:30,-4.643119742,-8.592008506,0.762181977
2026-02-24 08:50:40,-4.701480248,-8.575265412,0.952044520
2026-02-24 08:50:50,-4.524523220,-8.606246316,1.053624576
2026-02-24 08:51:00,-4.544281146,-8.613732968,1.173430870
2026-02-24 08:51:10,-4.493865914,-8.654190616,1.215684600
2026-02-24 08:51:20,-4.536820949,-8.651799500,1.150711996
2026-02-24 08:51:30,-4.536384457,-8.591210019,1.300066081
2026-02-24 08:51:40,-4.559297131,-8.613195182,1.096994282
2026-02-24 08:51:50,-4.430379779,-8.695895649,0.974261645
2026-02-24 08:52:00,-4.494772902,-8.642400519,1.101530646
2026-02-24 08:52:10,-4.434183274,-8.660777662,1.094230483
2026-02-24 08:52:20,-4.461635789,-8.691879733,0.982270655
2026-02-24 08:52:30,-4.412468554,-8.636689278,1.081238670
2026-02-24 08:52:40,-4.440034765,-8.668802676,1.056783620
2026-02-24 08:52:50,-4.403089972,-8.657885326,1.103693606
2026-02-24 08:53:00,-4.406109323,-8.710611536,0.990967654
2026-02-24 08:53:10,-4.405674138,-8.694876662,0.884671160
2026-02-24 08:53:20,-4.434313460,-8.718235145,0.824446007
2026-02-24 08:53:30,-4.387616021,-8.751901220,0.936484115
2026-02-24 08:53:40,-4.270367856,-8.768867479,0.931502298
2026-02-24 08:53:50,-4.308043606,-8.773341619,0.878577662
2026-02-24 08:54:00,-4.284845380,-8.812456345,0.931971288
2026-02-24 08:54:10,-4.277284823,-8.756730688,1.026889692
2026-02-24 08:54:20,-4.270526497,-8.799723022,1.107772103
2026-02-24 08:54:30,-4.242032579,-8.801348143,1.079518296
2026-02-24 08:54:40,-4.172676685,-8.806812175,1.115674158
2026-02-24 08:54:50,-4.110683999,-8.779729938,1.291840636
2026-02-24 08:55:00,-4.125716154,-8.876851332,1.298004713
2026-02-24 08:55:10,-4.112345751,-8.810093223,1.359935502
2026-02-24 08:55:20,-4.090949613,-8.845602410,1.344925396
2026-02-24 08:55:30,-4.241473499,-8.775419262,1.262343702
2026-02-24 08:55:40,-4.008585250,-8.869430072,1.266676190
2026-02-24 08:55:50,-4.025772032,-8.849573038,1.212449984
2026-02-24 08:56:00,-4.049810946,-8.841030060,1.302317716
2026-02-24 08:56:10,-4.019703359,-8.882952301,1.243889265
2026-02-24 08:56:20,-4.034113355,-8.917421770,1.134182464
2026-02-24 08:56:30,-3.911227076,-8.966363302,1.085903130
2026-02-24 08:56:40,-4.010911177,-8.923023236,0.986078494
2026-02-24 08:56:50,-4.032733784,-8.902292288,0.915803147
2026-02-24 08:57:00,-3.995397522,-8.944001240,0.917507556
2026-02-24 08:57:10,-3.843147005,-8.990873446,0.927763281
2026-02-24 08:57:20,-4.024371364,-8.914269759,0.901900723
2026-02-24 08:57:30,-4.070696178,-8.902083564,0.864049446
2026-02-24 08:57:40,-4.081424567,-8.903182861,0.812566150
2026-02-24 08:57:50,-3.944708919,-8.958948587,0.860254709
2026-02-24 08:58:00,-3.926374741,-8.919950410,0.940611392
2026-02-24 08:58:10,-4.041287611,-8.939349793,0.937450381
2026-02-24 08:58:20,-3.935725372,-8.916087374,0.930508336
2026-02-24 08:58:30,-3.977976607,-8.921165656,0.965741900
2026-02-24 08:58:40,-4.050739326,-8.864671336,1.001507876
2026-02-24 08:58:50,-3.948942413,-8.916957062,1.138300241
2026-02-24 08:59:00,-4.022851867,-8.881630699,1.127143583
2026-02-24 08:59:10,-4.066482839,-8.852154037,0.961280318
2026-02-24 08:59:20,-3.953673982,-8.949612270,0.866604003
2026-02-24 08:59:30,-3.899388035,-8.935722549,0.845148902
2026-02-24 08:59:40,-4.053448339,-8.863073132,0.823429473
2026-02-24 08:59:50,-4.158332203,-8.887913640,0.647947213
2026-02-24 09:00:00,-4.253272525,-8.825304791,0.559410983
2026-02-24 09:00:10,-4.351849204,-8.807362196,0.569548722
2026-02-24 09:00:20,-4.500854310,-8.734047088,0.556590376
2026-02-24 09:00:30,-4.493075851,-8.720838418,0.555474241
2026-02-24 09:00:40,-4.408207544,-8.773156319,0.380592895
2026-02-24 09:00:50,-4.295648894,-8.827256412,0.282456624
2026-02-24 09:01:00,-4.319322565,-8.831280709,0.404757190
2026-02-24 09:01:10,-4.251938586,-8.886772179,0.502048393
2026-02-24 09:01:20,-4.231581589,-8.823651245,0.598395764
2026-02-24 09:01:30,-4.170810692,-8.840307974,0.686180883
2026-02-24 09:01:40,-4.047707431,-8.925272719,0.754265997
2026-02-24 09:01:50,-3.930198391,-8.964990323,0.837993779
2026-02-24 09:02:00,-3.998120045,-8.937522426,0.950794849
2026-02-24 09:02:10,-3.899172766,-8.955465791,0.954032466
2026-02-24 09:02:20,-3.813234760,-8.986371706,0.993845636
2026-02-24 09:02:30,-3.729005805,-9.014072948,1.051643346
2026-02-24 09:02:40,-3.824401367,-9.018959630,0.918746799
2026-02-24 09:02:50,-3.614357788,-9.099741850,0.753258668
2026-02-24 09:03:00,-3.576712419,-9.091097572,0.650787673
2026-02-24 09:03:10,-3.491482561,-9.139455867,0.757972732
2026-02-24 09:03:20,-3.403866861,-9.139039723,0.782199146
2026-02-24 09:03:30,-3.521795530,-9.068478241,0.872966843
2026-02-24 09:03:40,-3.708454606,-9.020150171,0.995348276
2026-02-24 09:03:50,-3.661189690,-9.056986701,0.995092195
2026-02-24 09:04:00,-3.665478110,-9.036471642,1.105779815
2026-02-24 09:04:10,-3.631714794,-9.079460721,0.821680059
2026-02-24 09:04:20,-3.530814999,-9.132710233,0.762380037
2026-02-24 09:04:30,-3.463181157,-9.156191287,0.735301867
2026-02-24 09:04:40,-3.416932188,-9.167521549,0.659780408
2026-02-24 09:04:50,-3.530439843,-9.120696700,0.744232630
2026-02-24 09:05:00,-3.524630809,-9.120944972,0.855268623
2026-02-24 09:05:10,-3.415404305,-9.160593460,0.953305959
2026-02-24 09:05:20,-3.531575333,-9.107276823,0.753123427
2026-02-24 09:05:30,-3.562164438,-9.063699399,0.863854798
2026-02-24 09:05:40,-3.528394392,-9.084016912,0.896474540
2026-02-24 09:05:50,-3.615179997,-9.084031867,0.950592260
2026-02-24 09:06:00,-3.643579240,-9.036992349,1.100126144
2026-02-24 09:06:10,-3.642378781,-9.023858046,1.086051165
2026-02-24 09:06:20,-3.627863626,-9.069649076,1.060614675
2026-02-24 09:06:30,-3.688415500,-9.042859327,1.036312933
2026-02-24 09:06:40,-3.551579907,-9.076779496,0.936931168
2026-02-24 09:06:50,-3.490472856,-9.152046559,0.798907844
2026-02-24 09:07:00,-3.381442414,-9.194117309,0.794487025
2026-02-24 09:07:10,-3.320327661,-9.143193361,0.904414667
2026-02-24 09:07:20,-3.363097577,-9.157052574,1.019768879
2026-02-24 09:07:30,-3.338058132,-9.154769464,1.066346414
2026-02-24 09:07:40,-3.319431560,-9.181861309,0.991946030
2026-02-24 09:07:50,-3.324004641,-9.181174386,0.886410779
2026-02-24 09:08:00,-3.264341733,-9.237478700,0.929492743
2026-02-24 09:08:10,-3.099569709,-9.296758707,0.813065577
2026-02-24 09:08:20,-3.117854711,-9.275021413,0.866993108
2026-02-24 09:08:30,-3.190766491,-9.256962790,0.833628455
2026-02-24 09:08:40,-3.226052372,-9.241156387,0.855028698
2026-02-24 09:08:50,-3.120684311,-9.239761788,0.696788223
2026-02-24 09:09:00,-3.137778326,-9.266721630,0.665429328
2026-02-24 09:09:10,-3.160022917,-9.301614904,0.574662453
2026-02-24 09:09:20,-3.109589393,-9.297029987,0.734125900
2026-02-24 09:09:30,-3.136830699,-9.275213356,0.599719008
2026-02-24 09:09:40,-2.920517498,-9.360673434,0.673847670
2026-02-24 09:09:50,-2.929530376,-9.340528938,0.800002310
2026-02-24 09:10:00,-2.793143445,-9.407358284,0.531379700
2026-02-24 09:10:10,-2.885265168,-9.367330849,0.649878576
2026-02-24 09:10:20,-2.806862542,-9.369995749,0.629457272
2026-02-24 09:10:30,-2.879897939,-9.373179618,0.621163525
2026-02-24 09:10:40,-2.746331622,-9.409910072,0.580152228
2026-02-24 09:10:50,-2.937536179,-9.359209106,0.508771120
2026-02-24 09:11:00,-3.157033874,-9.311924415,0.529919408
2026-02-24 09:11:10,-3.076946750,-9.280581388,0.531135087
2026-02-24 09:11:20,-3.237234929,-9.284653572,0.461381904
2026-02-24 09:11:30,-3.276941766,-9.222760778,0.569109319
2026-02-24 09:11:40,-3.448699748,-9.127473281,0.748326217
2026-02-24 09:11:50,-3.379478558,-9.230453367,0.667640347
2026-02-24 09:12:00,-3.452165182,-9.154141040,0.637892049
2026-02-24 09:12:10,-3.449809980,-9.183427866,0.499823948
2026-02-24 09:12:20,-3.517362721,-9.162225232,0.425124980
2026-02-24 09:12:30,-3.497668988,-9.136798492,0.354573859
2026-02-24 09:12:40,-3.362537678,-9.221166959,0.384087835
2026-02-24 09:12:50,-3.205602540,-9.228098240,0.496851024
2026-02-24 09:13:00,-3.198816318,-9.231189640,0.619031033
2026-02-24 09:13:10,-3.253724863,-9.230093338,0.564187726
2026-02-24 09:13:20,-3.280992234,-9.217808892,0.457910664
2026-02-24 09:13:30,-3.209443671,-9.275261454,0.249118065
2026-02-24 09:13:40,-3.101932186,-9.316818421,0.274179451
2026-02-24 09:13:50,-2.993731184,-9.365051470,0.339626177
2026-02-24 09:14:00,-3.227847092,-9.224267286,0.314500270
2026-02-24 09:14:10,-3.159165412,-9.335159596,0.298662835
2026-02-24 09:14:20,-3.072988803,-9.328609068,0.300403851
2026-02-24 09:14:30,-3.230108114,-9.253782567,0.382965257
2026-02-24 09:14:40,-3.050585488,-9.298879910,0.577778369
2026-02-24 09:14:50,-3.078479643,-9.288378709,0.523792851
2026-02-24 09:15:00,-3.046779049,-9.286489253,0.604280920
2026-02-24 09:15:10,-3.118511480,-9.288334622,0.705470177
2026-02-24 09:15:20,-3.180361141,-9.240692934,0.866506774
2026-02-24 09:15:30,-3.391632406,-9.162278855,0.929917789
2026-02-24 09:15:40,-3.265734793,-9.178229080,1.120029139
2026-02-24 09:15:50,-3.168230121,-9.235803058,1.075337724
2026-02-24 09:16:00,-3.123083187,-9.236593051,1.149828823
2026-02-24 09:16:10,-3.266862632,-9.180482037,1.192022842
2026-02-24 09:16:20,-3.211423466,-9.172112755,1.475699213
2026-02-24 09:16:30,-3.087326101,-9.157144354,1.362735352
2026-02-24 09:16:40,-3.182685965,-9.205345447,1.286901814
2026-02-24 09:16:50,-3.198783183,-9.184098780,1.378912529
2026-02-24 09:17:00,-3.229737222,-9.209415686,1.140057351
2026-02-24 09:17:10,-3.096153833,-9.221625550,1.322559899
2026-02-24 09:17:20,-3.028460787,-9.212029359,1.457482225
2026-02-24 09:17:30,-3.098223749,-9.197613977,1.572715920
2026-02-24 09:17:40,-2.983445530,-9.217809276,1.537759840
2026-02-24 09:17:50,-2.934804130,-9.233733451,1.560049862
2026-02-24 09:18:00,-2.937587122,-9.227085174,1.588298160
2026-02-24 09:18:10,-3.027513396,-9.197461951,1.483578577
2026-02-24 09:18:20,-3.135781715,-9.186166731,1.454869783
2026-02-24 09:18:30,-3.121092835,-9.210025328,1.335220246
2026-02-24 09:18:40,-3.081107341,-9.214481664,1.364115488
2026-02-24 09:18:50,-2.856577509,-9.265347766,1.468281871
2026-02-24 09:19:00,-2.780697301,-9.237521415,1.712180856
2026-02-24 09:19:10,-2.836365242,-9.238715808,1.660527417
2026-02-24 09:19:20,-2.844226663,-9.161779770,1.874832870
2026-02-24 09:19:30,-2.724335127,-9.271209267,1.714816090
2026-02-24 09:19:40,-2.878546596,-9.237145451,1.629226846
2026-02-24 09:19:50,-2.848183776,-9.274903697,1.624832877
2026-02-24 09:20:00,-2.833413919,-9.288778010,1.541566812
2026-02-24 09:20:10,-2.751723837,-9.291164799,1.711492474
2026-02-24 09:20:20,-2.797279200,-9.247615893,1.781754562
2026-02-24 09:20:30,-2.837547577,-9.263581626,1.591060163
2026-02-24 09:20:40,-2.770563864,-9.257810332,1.682749635
2026-02-24 09:20:50,-2.807131542,-9.237762610,1.632518189
2026-02-24 09:21:00,-2.801816492,-9.260486305,1.653266475
2026-02-24 09:21:10,-2.876383453,-9.242447221,1.716240888
2026-02-24 09:21:20,-2.895410329,-9.245994978,1.541421798
2026-02-24 09:21:30,-2.933613337,-9.230896146,1.673744389
2026-02-24 09:21:40,-2.919987055,-9.183479543,1.705229045
2026-02-24 09:21:50,-3.030585327,-9.204508688,1.601366372
2026-02-24 09:22:00,-2.908440785,-9.198474582,1.633681807
2026-02-24 09:22:10,-2.842983407,-9.251899663,1.692302171
2026-02-24 09:22:20,-2.751630325,-9.209416725,1.950694594
2026-02-24 09:22:30,-2.730117619,-9.184734338,1.842398265
2026-02-24 09:22:40,-2.690185088,-9.289744415,1.584901940
2026-02-24 09:22:50,-2.649001330,-9.344895669,1.481727102
2026-02-24 09:23:00,-2.720869304,-9.303074535,1.325160683
2026-02-24 09:23:10,-2.806877436,-9.327581547,1.261669723
2026-02-24 09:23:20,-2.729176997,-9.376363579,0.861341092
2026-02-24 09:23:30,-2.689640809,-9.323662494,1.064202589
2026-02-24 09:23:40,-2.739090505,-9.316413347,1.089747837
2026-02-24 09:23:50,-2.477596856,-9.431256244,1.135893469
2026-02-24 09:24:00,-2.644775873,-9.345019595,1.181246933
2026-02-24 09:24:10,-2.902411762,-9.267313052,1.284122868
2026-02-24 09:24:20,-2.920555944,-9.276248855,1.420080671
2026-02-24 09:24:30,-2.871831310,-9.288127587,1.281937880
2026-02-24 09:24:40,-2.917925868,-9.303410763,1.271973907
2026-02-24 09:24:50,-2.868074672,-9.324958759,1.116645436
2026-02-24 09:25:00,-2.859944750,-9.325970219,0.807971081
2026-02-24 09:25:10,-2.759918645,-9.427976693,0.784111907
2026-02-24 09:25:20,-2.750612559,-9.405970820,0.645928425
2026-02-24 09:25:30,-2.771684811,-9.440544251,0.598840812
2026-02-24 09:25:40,-2.607099086,-9.454765741,0.608513582
2026-02-24 09:25:50,-2.822769303,-9.375897265,0.557382488
2026-02-24 09:26:00,-2.845289951,-9.402674094,0.615973723
2026-02-24 09:26:10,-3.081596695,-9.289857243,0.674406556
2026-02-24 09:26:20,-3.126526187,-9.247751124,0.844208727
2026-02-24 09:26:30,-2.953538131,-9.330551166,0.993923154
2026-02-24 09:26:40,-3.195036464,-9.243057051,0.743265293
2026-02-24 09:26:50,-2.977293854,-9.324235257,0.745482723
2026-02-24 09:27:00,-2.975647732,-9.297399442,0.661896890
2026-02-24 09:27:10,-3.171837290,-9.248520475,0.702518587
2026-02-24 09:27:20,-3.170843503,-9.266362342,0.797649201
2026-02-24 09:27:30,-3.139478141,-9.245096604,0.897075566
2026-02-24 09:27:40,-3.183771903,-9.270261259,0.762645378
2026-02-24 09:27:50,-3.249458870,-9.229888262,0.825054674
2026-02-24 09:28:00,-3.172794514,-9.273852310,0.721150004
2026-02-24 09:28:10,-3.173382342,-9.312150168,0.790384262
2026-02-24 09:28:20,-3.347815625,-9.177840552,0.715431626
2026-02-24 09:28:30,-3.575423057,-9.166366005,0.470870285
2026-02-24 09:28:40,-3.674249993,-9.054389822,0.436584781
2026-02-24 09:28:50,-3.659576285,-9.068431503,0.391486406
2026-02-24 09:29:00,-3.857145163,-9.006219374,0.550190573
2026-02-24 09:29:10,-3.905373123,-9.014178574,0.443350455
2026-02-24 09:29:20,-3.789638370,-9.039092412,0.389225970
2026-02-24 09:29:30,-3.713928342,-9.079303051,0.439540770
2026-02-24 09:29:40,-3.606479874,-9.142671340,0.366192082
2026-02-24 09:29:50,-3.739210709,-9.049171362,0.443583410
2026-02-24 09:30:00,-3.803321433,-9.048529096,0.558120334
2026-02-24 09:30:10,-3.924099253,-8.938637775,0.669691130
2026-02-24 09:30:20,-4.008584749,-8.922447830,0.838854506
2026-02-24 09:30:30,-3.822842065,-8.975968629,0.849423131
2026-02-24 09:30:40,-3.670089235,-9.092346265,0.664711974
2026-02-24 09:30:50,-3.656020984,-9.072908075,0.751647573
2026-02-24 09:31:00,-3.914700068,-8.982923583,0.885459838
2026-02-24 09:31:10,-4.020583062,-8.939014110,0.636249360
2026-02-24 09:31:20,-3.958208977,-8.962704364,0.592677410
2026-02-24 09:31:30,-3.843753905,-8.982198755,0.537887045
2026-02-24 09:31:40,-3.827472727,-9.002894729,0.705970396
2026-02-24 09:31:50,-3.919109665,-8.970186350,0.636359801
2026-02-24 09:32:00,-1.916871863,-5.245858475,7.994663579
2026-02-24 09:32:10,-1.515039370,-4.493622077,8.725447830
2026-02-24 09:32:20,-1.704566497,-5.351156824,8.148328672
2026-02-24 09:32:30,3.321006615,-3.602701322,8.588008024
2026-02-24 09:32:40,-1.047166616,-5.650675802,7.849420612
2026-02-24 09:32:50,4.008912756,-5.418327277,7.245703257
2026-02-24 09:33:00,1.937785231,-8.881063538,3.995349189
2026-02-24 09:33:10,2.430534738,-9.302694649,1.808978271
2026-02-24 09:33:20,5.289056644,-5.303540626,6.206912653
2026-02-24 09:33:30,3.359819330,-7.028857158,5.983684425
2026-02-24 09:33:40,4.098903719,-5.609810983,6.995654449
2026-02-24 09:33:50,2.903533151,-3.617795536,8.597083378
2026-02-24 09:34:00,6.246518222,1.676197052,7.381843987
2026-02-24 09:34:10,8.411978210,1.568491044,4.778794011
2026-02-24 09:34:20,5.272506834,-5.888431622,5.869893976
2026-02-24 09:34:30,5.013082061,-3.331259644,7.808550188
2026-02-24 09:34:40,1.653918723,-6.442174366,7.371234436
2026-02-24 09:34:50,0.124367725,-5.047809293,8.053448088
2026-02-24 09:35:00,0.057792206,-4.387135922,8.637353362
2026-02-24 09:35:10,0.761867753,-5.961595136,7.749797769
2026-02-24 09:35:20,5.485212403,-3.375214605,7.847583660
2026-02-24 09:35:30,0.794039995,-4.726284539,8.594898468
2026-02-24 09:35:40,1.125905855,-4.351410613,8.644356776
2026-02-24 09:35:50,2.417747050,-4.242681008,8.689202057
2026-02-24 09:36:00,-0.052652642,-3.420997055,9.079553372
2026-02-24 09:36:10,-0.395293185,-4.897943470,8.537060972
2026-02-24 09:36:20,-0.773243968,-3.373957732,9.088423892
2026-02-24 09:36:30,1.177656887,-4.522930391,8.965872081
2026-02-24 09:36:40,4.287507639,-4.623630165,7.486031667
2026-02-24 09:36:50,4.437357384,-3.755030044,7.660615679
2026-02-24 09:37:00,4.465563270,-4.619898891,7.761700612
2026-02-24 09:37:10,4.700605095,-6.035950471,6.013812465
2026-02-24 09:37:20,4.684267133,-6.396218512,5.656775738
2026-02-24 09:37:30,6.335578274,-5.251789771,5.320601745
2026-02-24 09:37:40,7.368133531,-4.466996755,4.980234576
2026-02-24 09:37:50,7.070407950,-4.623719662,4.816071140
2026-02-24 09:38:00,6.603300956,-4.703855644,5.838075294
2026-02-24 09:38:10,6.454712933,-5.310971394,4.984202731
2026-02-24 09:38:20,5.314216177,-4.519577644,6.839315123
2026-02-24 09:38:30,3.942045862,-6.079628023,7.118684963
2026-02-24 09:38:40,3.644192301,-5.629658521,6.951265684
2026-02-24 09:38:50,2.780603277,-6.112043946,7.097380607
2026-02-24 09:39:00,3.878980043,-5.666194062,7.511035561
2026-02-24 09:39:10,3.377447697,-4.803203379,8.031831528
2026-02-24 09:39:20,2.161805451,-4.822251443,8.143376937
2026-02-24 09:39:30,2.293100591,-3.585710436,8.880173134
2026-02-24 09:39:40,2.641292882,-4.503063069,8.388632815
2026-02-24 09:39:50,2.398824420,-4.417021360,8.181142512
2026-02-24 09:40:00,2.718234347,-4.627825788,8.359707356
2026-02-24 09:40:10,2.824805966,-3.761408447,8.567985961
2026-02-24 09:40:20,2.120612259,-3.558250544,8.809112555
2026-02-24 09:40:30,3.181563129,-3.814337319,8.517874395
2026-02-24 09:40:40,2.475540508,-3.517261672,8.639874114
2026-02-24 09:40:50,3.377749841,-2.995085843,8.773123626
2026-02-24 09:41:00,3.269854667,-3.553645932,8.471719751
2026-02-24 09:41:10,3.581897714,-2.956508500,8.690429419
2026-02-24 09:41:20,3.336187399,-2.749126817,8.831033882
2026-02-24 09:41:30,3.434217504,-2.515174914,8.890616680
2026-02-24 09:41:40,2.607481605,-1.636847714,9.484675440
2026-02-24 09:41:50,2.708102229,-1.203993533,9.386616040
2026-02-24 09:42:00,3.557392201,-1.700956496,9.041644388
2026-02-24 09:42:10,3.373585304,-1.520566319,9.059049853
2026-02-24 09:42:20,2.265130034,-1.468400757,9.477011138
2026-02-24 09:42:30,2.560278629,-1.372982562,9.247257431
2026-02-24 09:42:40,2.362668093,-1.544725367,9.519527853
2026-02-24 09:42:50,2.227653195,-1.539160630,9.521019754
2026-02-24 09:43:00,2.669043964,-1.873071024,9.144141367
2026-02-24 09:43:10,2.915900265,-2.001999970,9.032727225
2026-02-24 09:43:20,1.832147308,-1.853213141,9.309707306
2026-02-24 09:43:30,2.442511661,-0.990535087,9.407662392
2026-02-24 09:43:40,1.733294047,-0.379296882,9.614597799
2026-02-24 09:43:50,2.174688704,-0.527000841,9.391517169
2026-02-24 09:44:00,2.124085006,-0.924617877,9.537697633
2026-02-24 09:44:10,1.601381078,-1.591670245,9.433902286
2026-02-24 09:44:20,1.018330657,-1.661103938,9.451208422
2026-02-24 09:44:30,-0.082220570,-1.210972980,10.088308459
2026-02-24 09:44:40,0.759611763,-1.585762163,9.523881109
2026-02-24 09:44:50,0.431380992,-1.676131046,9.767429857
2026-02-24 09:45:00,0.751412191,-0.999487366,9.549783194
2026-02-24 09:45:10,0.406928490,-1.789740946,9.579454934
2026-02-24 09:45:20,0.764246710,-1.288751891,9.845743018
2026-02-24 09:45:30,1.326939075,-1.518551782,9.673117820
2026-02-24 09:45:40,0.924780709,-1.579859613,9.634257466
2026-02-24 09:45:50,0.354795759,-1.578992418,9.981473189
2026-02-24 09:46:00,0.275144656,-1.338919293,9.599693009
2026-02-24 09:46:10,0.233819825,-0.717764217,9.849941396
2026-02-24 09:46:20,0.611170415,-0.997440604,9.644336631
2026-02-24 09:46:30,1.379944879,-1.115925072,9.428174094
2026-02-24 09:46:40,0.888934140,-0.724526412,9.772921934
2026-02-24 09:46:50,1.271548903,-1.081662684,9.627214037
2026-02-24 09:47:00,1.997164411,-0.453653133,9.485290583
2026-02-24 09:47:10,1.151969959,-0.374098851,9.733961890
2026-02-24 09:47:20,0.714787283,-0.714670180,9.437801560
2026-02-24 09:47:30,1.586630856,-0.191955474,9.718806563
2026-02-24 09:47:40,1.279530871,-0.709968715,9.893826278
2026-02-24 09:47:50,1.579060709,-0.975859502,9.480023975
2026-02-24 09:48:00,1.179517218,-0.925350886,9.654164004
2026-02-24 09:48:10,1.752904417,-1.616041874,9.324222236
2026-02-24 09:48:20,1.909558096,-0.932488137,9.907701299
2026-02-24 09:48:30,3.024830332,-0.448043179,9.233947564
2026-02-24 09:48:40,3.231801943,-0.176447669,9.452828287
2026-02-24 09:48:50,2.358371416,0.187214617,9.369154098
2026-02-24 09:49:00,2.224800660,-0.060119176,9.792300605
2026-02-24 09:49:10,2.142505527,0.908098470,9.754528183
2026-02-24 09:49:20,2.595586829,1.369734841,9.380020861
2026-02-24 09:49:30,2.883728094,1.657315653,9.253486034
2026-02-24 09:49:40,3.031059709,1.555575456,9.131936954
2026-02-24 09:49:50,3.029886790,1.343076387,9.298693004
2026-02-24 09:50:00,2.847797200,1.214621277,9.299908327
2026-02-24 09:50:10,2.071973134,1.037663263,9.439144746
2026-02-24 09:50:20,2.133102892,0.142028002,9.629685444
2026-02-24 09:50:30,2.225188104,0.729531881,9.679265887
2026-02-24 09:50:40,2.330523680,0.640944411,9.742236998
2026-02-24 09:50:50,2.437767080,0.149702833,9.571894251
2026-02-24 09:51:00,2.262494608,0.637105839,9.676493994
2026-02-24 09:51:10,2.697116861,0.356914388,9.583082173
2026-02-24 09:51:20,3.024643867,0.858270209,9.252897105
2026-02-24 09:51:30,2.645890809,0.604945093,9.301270579
2026-02-24 09:51:40,3.219027019,-0.329563927,9.309778274
2026-02-24 09:51:50,2.776841977,0.255521078,9.217818435
2026-02-24 09:52:00,2.905187471,0.046478954,9.590824145
2026-02-24 09:52:10,2.819727363,-0.472134797,9.357826138
2026-02-24 09:52:20,2.848789012,-1.002378040,9.157717335
2026-02-24 09:52:30,2.778717213,-1.239677880,9.273720179
2026-02-24 09:52:40,3.514746059,-1.549766766,9.011223119
2026-02-24 09:52:50,2.957609752,-1.689645596,9.228022704
2026-02-24 09:53:00,3.561965017,-1.545612759,9.127335717
2026-02-24 09:53:10,3.342786716,-1.366369475,9.054353225
2026-02-24 09:53:20,2.639104749,-0.452976888,9.452582481
2026-02-24 09:53:30,2.450997331,-0.106218988,9.469289447
2026-02-24 09:53:40,2.153429069,-0.192702698,9.705414117
2026-02-24 09:53:50,2.614932551,-0.793720839,9.519244278
2026-02-24 09:54:00,2.341101133,-0.381994297,9.612822955
2026-02-24 09:54:10,1.889832311,-0.308045703,9.502127656
2026-02-24 09:54:20,1.403389657,0.070041610,9.801077549
2026-02-24 09:54:30,1.417559532,-0.406639424,9.716600647
2026-02-24 09:54:40,1.008981201,-0.030201870,9.906587633
2026-02-24 09:54:50,1.811533678,0.538497382,9.948284768
2026-02-24 09:55:00,1.553069897,0.440215688,9.674166313
2026-02-24 09:55:10,1.896448759,-0.135675232,9.681421890
2026-02-24 09:55:20,1.654685849,-0.651885831,9.813573059
2026-02-24 09:55:30,2.023488112,-1.000589290,9.453158806
2026-02-24 09:55:40,2.585704828,0.040503401,9.431892094
2026-02-24 09:55:50,2.538650537,0.530928576,9.245227801
2026-02-24 09:56:00,2.767601343,0.859774417,9.424799810
2026-02-24 09:56:10,1.741839227,1.362568337,9.522071891
2026-02-24 09:56:20,1.493761323,1.099741325,9.618682402
2026-02-24 09:56:30,1.366911806,1.084474862,9.597211538
2026-02-24 09:56:40,1.291478042,1.045137466,9.474868929
2026-02-24 09:56:50,1.971872053,0.790768944,9.666332932
2026-02-24 09:57:00,1.934308727,1.248248534,9.408420413
2026-02-24 09:57:10,2.068104964,1.242243652,9.754795624
2026-02-24 09:57:20,2.429237089,1.310548772,9.597892098
2026-02-24 09:57:30,2.184902110,1.610871096,9.527902975
2026-02-24 09:57:40,2.588591639,1.217672254,9.637043237
2026-02-24 09:57:50,2.669531081,1.324131424,9.723642882
2026-02-24 09:58:00,2.109832277,1.217915942,9.592998088
2026-02-24 09:58:10,1.542211205,1.306973156,9.595026589
2026-02-24 09:58:20,1.510801957,2.189382206,9.632014432
2026-02-24 09:58:30,1.665867614,1.768784791,9.597107076
2026-02-24 09:58:40,1.932876601,1.843524380,9.439154021
2026-02-24 09:58:50,2.174109007,1.878378294,9.478370062
2026-02-24 09:59:00,1.905617862,1.734836378,9.494698885
2026-02-24 09:59:10,2.402431713,1.834159160,9.263996846
2026-02-24 09:59:20,2.937738713,1.800921880,9.103309852
2026-02-24 09:59:30,2.517104587,1.944963284,9.019010685
2026-02-24 09:59:40,2.384168277,2.263877322,9.082982539
2026-02-24 09:59:50,3.144341580,1.943356748,9.192015218
2026-02-24 10:00:00,2.969429511,2.441526757,8.980089315
2026-02-24 10:00:10,2.974425235,2.097160940,9.234953714
2026-02-24 10:00:20,3.077215754,1.854880933,8.827920854
2026-02-24 10:00:30,2.663093953,1.517055119,9.222739442
2026-02-24 10:00:40,3.173209156,1.643067962,8.894795266
2026-02-24 10:00:50,3.295054050,1.369277730,9.138348007
2026-02-24 10:01:00,2.727616550,0.944143767,9.083180751
2026-02-24 10:01:10,2.180971376,0.655840524,9.599944170
2026-02-24 10:01:20,2.306254538,0.381692506,9.500382029
2026-02-24 10:01:30,3.171658468,0.464785223,9.086833846
2026-02-24 10:01:40,2.740657558,0.364920798,9.076483592
2026-02-24 10:01:50,3.018231779,0.658859847,9.420454342
2026-02-24 10:02:00,3.173317380,0.722420744,9.224494498
2026-02-24 10:02:10,2.884424790,0.652812040,9.090942864
2026-02-24 10:02:20,3.177124547,0.280388542,9.456823758
2026-02-24 10:02:30,3.267625740,0.937201098,9.135429645
2026-02-24 10:02:40,3.620839364,0.840307109,9.252752184
2026-02-24 10:02:50,3.014078988,0.898004716,9.115095155
2026-02-24 10:03:00,2.840423248,0.821646215,9.456421569
2026-02-24 10:03:10,2.760768943,0.671803456,9.376696134
2026-02-24 10:03:20,3.056604541,0.434711278,9.236880156
2026-02-24 10:03:30,2.717056326,0.846538502,9.382706969
2026-02-24 10:03:40,2.576075087,0.883385088,9.576926106
2026-02-24 10:03:50,2.872832825,0.112863245,9.254275084
2026-02-24 10:04:00,2.367338373,0.426136351,9.237133655
2026-02-24 10:04:10,2.847593924,0.838554116,9.414637884
2026-02-24 10:04:20,2.452600885,0.996529593,9.373575802
2026-02-24 10:04:30,2.454790408,1.310156473,9.410320528
2026-02-24 10:04:40,1.798100071,1.185991580,9.691043924
2026-02-24 10:04:50,2.030964294,1.537385955,9.507592482
2026-02-24 10:05:00,2.295371523,1.245453709,9.873920380
2026-02-24 10:05:10,2.516372566,1.112117706,9.418973430
2026-02-24 10:05:20,2.440232178,1.263618323,9.216720318
2026-02-24 10:05:30,2.578119029,1.180041219,9.278477307
2026-02-24 10:05:40,2.546768276,1.339192307,9.349139808
2026-02-24 10:05:50,2.554347922,1.061786419,9.267756886
2026-02-24 10:06:00,2.704925818,1.856226807,9.427014080
2026-02-24 10:06:10,2.954335233,1.957178278,9.096658437
2026-02-24 10:06:20,2.689279125,2.133961455,9.202712604
2026-02-24 10:06:30,2.505888374,1.858672175,9.092148691
2026-02-24 10:06:40,2.600145007,1.964891110,9.443550573
2026-02-24 10:06:50,2.918322682,2.006982672,9.049579932
2026-02-24 10:07:00,2.607809306,2.461654074,9.189853717
2026-02-24 10:07:10,2.546877912,2.374259704,9.371010622
2026-02-24 10:07:20,2.682582571,2.129640365,9.215033837
2026-02-24 10:07:30,1.915643391,3.525813362,9.017422778
2026-02-24 10:07:40,2.888292855,3.867064882,8.636869664
2026-02-24 10:07:50,2.970302011,3.245927236,8.765727825
2026-02-24 10:08:00,2.997818485,3.423211613,8.755753478
2026-02-24 10:08:10,2.596117525,3.620915687,8.614156574
2026-02-24 10:08:20,2.868637596,3.643129391,8.762535102
2026-02-24 10:08:30,1.918593101,3.365371467,8.729807573
2026-02-24 10:08:40,1.808481892,3.308783742,8.890254367
2026-02-24 10:08:50,1.982636818,2.746569210,9.226191870
2026-02-24 10:09:00,1.183087509,1.827068481,9.623083924
2026-02-24 10:09:10,1.341639303,2.385215963,9.498723550
2026-02-24 10:09:20,1.523647213,1.912251876,9.506905160
2026-02-24 10:09:30,1.650177367,2.230846010,9.216422751
2026-02-24 10:09:40,1.575774185,2.314438898,9.308245318
2026-02-24 10:09:50,0.908172606,2.820906915,9.812015884
2026-02-24 10:10:00,1.269635678,2.533031085,9.163188864
2026-02-24 10:10:10,0.836409315,1.812134774,9.929400960
2026-02-24 10:10:20,1.220579491,1.695784086,9.342090696
2026-02-24 10:10:30,1.228655141,1.761314017,9.528589459
2026-02-24 10:10:40,1.600645766,1.450541207,9.477113270
2026-02-24 10:10:50,1.769545855,1.446815156,9.788945685
2026-02-24 10:11:00,1.747950181,1.199020800,9.401163725
2026-02-24 10:11:10,2.091768510,1.304088206,9.707011525
2026-02-24 10:11:20,1.720576515,1.274933371,9.501135473
2026-02-24 10:11:30,2.057066501,0.854165216,9.616214875
2026-02-24 10:11:40,2.141236419,1.276930301,9.382279443
2026-02-24 10:11:50,2.049460552,0.867269938,9.359880216
2026-02-24 10:12:00,2.432271254,0.816305134,9.365043348
2026-02-24 10:12:10,2.774624823,0.915604467,9.414614869
2026-02-24 10:12:20,2.721513010,0.546178457,9.486252711
2026-02-24 10:12:30,2.472332730,1.201285224,9.487052721
2026-02-24 10:12:40,2.814418547,1.030459739,9.715437852
2026-02-24 10:12:50,2.746150445,0.446494909,9.325680078
2026-02-24 10:13:00,2.834942120,0.300806008,9.177573918
2026-02-24 10:13:10,2.756302598,0.594123164,9.677096594
2026-02-24 10:13:20,2.936399936,0.914798431,9.270829446
2026-02-24 10:13:30,2.773708427,0.819015289,9.427595435
2026-02-24 10:13:40,2.936173213,0.727447768,9.213055509
2026-02-24 10:13:50,2.936544698,0.878207913,9.495554261
2026-02-24 10:14:00,2.769347724,0.827564720,9.223100214
2026-02-24 10:14:10,2.727777235,0.781604396,9.221934576
2026-02-24 10:14:20,2.927487094,0.897033950,9.546793869
2026-02-24 10:14:30,2.672916029,0.653525705,9.117873183
2026-02-24 10:14:40,3.251281329,0.589113575,9.300881465
2026-02-24 10:14:50,3.514694108,0.351443629,9.181364645
2026-02-24 10:15:00,3.021692215,0.217037799,9.068606412
2026-02-24 10:15:10,2.823825622,0.787392972,9.370678355
2026-02-24 10:15:20,2.789657710,1.189270947,9.274789952
2026-02-24 10:15:30,2.410055156,1.108418597,9.212331876
2026-02-24 10:15:40,2.659950827,1.321572718,9.285094056
2026-02-24 10:15:50,2.292288064,1.680963843,9.327716091
2026-02-24 10:16:00,2.203155619,1.560016679,9.238075524
2026-02-24 10:16:10,2.021862723,1.379541483,9.613169401
2026-02-24 10:16:20,1.950469638,1.201996071,9.524573940
2026-02-24 10:16:30,2.033560013,0.334035938,9.708850551
2026-02-24 10:16:40,2.751732812,0.402440029,9.508854551
2026-02-24 10:16:50,2.735957953,0.673369725,9.383224446
2026-02-24 10:17:00,2.138551775,0.963724964,9.485523205
2026-02-24 10:17:10,1.824258816,0.816104681,9.584043927
2026-02-24 10:17:20,2.637429367,0.932256533,9.403770520
2026-02-24 10:17:30,2.618529994,1.107468105,9.598190185
2026-02-24 10:17:40,2.846582952,0.866204895,9.500881170
2026-02-24 10:17:50,2.501283680,1.018035876,9.482604978
2026-02-24 10:18:00,2.948132326,0.574876624,9.406523829
2026-02-24 10:18:10,2.882739352,1.334088138,9.416467338
2026-02-24 10:18:20,2.761264060,1.095940272,9.581372597
2026-02-24 10:18:30,2.936596785,0.808355930,8.977970639
2026-02-24 10:18:40,3.241605421,0.779753750,9.154257700
2026-02-24 10:18:50,3.746337155,0.640212157,9.218786685
2026-02-24 10:19:00,3.383334031,0.458258660,9.022524331
2026-02-24 10:19:10,3.327519130,0.640291854,9.219270661
2026-02-24 10:19:20,3.716029493,1.116175368,9.218045551
2026-02-24 10:19:30,3.632639850,0.647913985,8.776214200
2026-02-24 10:19:40,3.783979021,0.336947670,9.297186928
2026-02-24 10:19:50,3.927125389,0.548049086,8.747093489
2026-02-24 10:20:00,3.558261255,0.137067360,8.918826616
2026-02-24 10:20:10,4.069046675,0.052748040,9.118273132
2026-02-24 10:20:20,4.413277254,-0.249804612,8.724604098
2026-02-24 10:20:30,4.371281908,0.186435761,8.649725201
2026-02-24 10:20:40,4.066067601,0.479519996,8.735131280
2026-02-24 10:20:50,4.024710248,-0.113628278,8.555602121
2026-02-24 10:21:00,3.767624618,0.115554561,9.172716303
2026-02-24 10:21:10,4.306234247,0.085739755,9.045932786
2026-02-24 10:21:20,4.251610454,-0.135371581,8.756959960
2026-02-24 10:21:30,4.466105424,0.345283590,8.713030241
2026-02-24 10:21:40,4.078235193,0.552225212,8.736911453
2026-02-24 10:21:50,4.279057865,0.341843926,8.722380956
2026-02-24 10:22:00,4.057758536,0.462553054,9.110433310
2026-02-24 10:22:10,3.932764327,-0.283881236,8.954036404
2026-02-24 10:22:20,4.076336982,-0.812251179,8.946244218
2026-02-24 10:22:30,4.380794883,-0.671828235,8.804181902
2026-02-24 10:22:40,4.103250484,0.026377884,8.909918264
2026-02-24 10:22:50,3.801676107,0.260221748,8.936922266
2026-02-24 10:23:00,3.684753915,0.413206721,8.945614937
2026-02-24 10:23:10,3.959279577,-0.032861176,8.985579050
2026-02-24 10:23:20,3.563484059,-0.149579718,9.110113152
2026-02-24 10:23:30,3.843728129,-0.120217601,8.776704293
2026-02-24 10:23:40,4.225733727,-0.347011613,8.910443779
2026-02-24 10:23:50,4.491995030,-0.506826702,8.485610138
2026-02-24 10:24:00,4.355517673,-0.909393696,8.893206860
2026-02-24 10:24:10,3.565860831,-0.837371573,9.169841053
2026-02-24 10:24:20,3.154858336,-1.422107611,9.077878404
2026-02-24 10:24:30,3.641483001,-1.077035197,8.960218307
2026-02-24 10:24:40,4.244724833,-1.342813312,8.866286726
2026-02-24 10:24:50,4.060422183,-2.018073165,8.690464234
2026-02-24 10:25:00,4.382555015,-2.428520340,8.486090197
2026-02-24 10:25:10,4.081133361,-2.569863308,8.592436508
2026-02-24 10:25:20,3.986920411,-2.200702853,8.397856076
2026-02-24 10:25:30,4.038138642,-2.421817961,8.427148721
2026-02-24 10:25:40,4.066443262,-2.215360031,8.394089089
2026-02-24 10:25:50,3.691323667,-2.001796478,8.888046429
2026-02-24 10:26:00,4.041513329,-1.705011894,9.058588518
2026-02-24 10:26:10,3.831192665,-1.007542311,8.918246829
2026-02-24 10:26:20,3.594952931,-1.554255473,8.922993300
2026-02-24 10:26:30,3.505078339,-1.379357639,9.104767871
2026-02-24 10:26:40,3.606366676,-1.903566899,8.752721274
2026-02-24 10:26:50,3.500530243,-1.797780535,9.076662318
2026-02-24 10:27:00,3.730721110,-1.334585488,8.968486361
2026-02-24 10:27:10,3.673359975,-1.797018412,8.841154404
2026-02-24 10:27:20,3.119059767,-2.265549977,9.240017971
2026-02-24 10:27:30,3.277672536,-2.624191140,8.605255978
2026-02-24 10:27:40,3.295288570,-2.423648662,8.895587275
2026-02-24 10:27:50,3.500435821,-2.912734624,8.822249161
2026-02-24 10:28:00,3.632957300,-2.644590762,8.759890910
2026-02-24 10:28:10,3.715007386,-3.108841401,8.522172813
2026-02-24 10:28:20,3.728309101,-3.524904621,8.075826762
2026-02-24 10:28:30,4.261683416,-3.983089650,7.762368824
2026-02-24 10:28:40,4.157733429,-3.585250796,8.126356365
2026-02-24 10:28:50,3.990356306,-3.496779220,8.021067370
2026-02-24 10:29:00,3.541632579,-3.411658295,8.465708667
2026-02-24 10:29:10,3.211700801,-3.218090096,8.450139282
2026-02-24 10:29:20,3.617708659,-3.148831655,8.180870749
2026-02-24 10:29:30,3.125320210,-2.988506363,8.679638452
2026-02-24 10:29:40,3.221236156,-3.386127634,8.633106431
2026-02-24 10:29:50,3.042116987,-3.223670878,8.745666560
2026-02-24 10:30:00,2.255529758,-2.946319495,9.191722412
2026-02-24 10:30:10,1.849574494,-2.967580247,9.143422010
2026-02-24 10:30:20,2.163678993,-2.449863365,9.236079240
2026-02-24 10:30:30,2.089269243,-2.735236508,9.279799629
2026-02-24 10:30:40,2.139089380,-2.743639295,9.270421667
2026-02-24 10:30:50,2.160076662,-2.271759653,9.038240894
2026-02-24 10:31:00,1.877005165,-2.244156844,9.379496510
2026-02-24 10:31:10,1.740994086,-2.449427947,9.320668287
2026-02-24 10:31:20,1.861443261,-2.166619023,9.181871332
2026-02-24 10:31:30,1.111260214,-2.159048696,9.736531973
2026-02-24 10:31:40,0.940159574,-2.246253235,9.841547136
2026-02-24 10:31:50,0.990767727,-2.151655166,9.444543988
2026-02-24 10:32:00,1.399609222,-2.179184354,9.330287987
2026-02-24 10:32:10,1.262472149,-1.845118318,9.377271442
2026-02-24 10:32:20,1.015145248,-1.787079205,9.631559126
2026-02-24 10:32:30,1.234499147,-2.427759449,9.309342871
2026-02-24 10:32:40,0.876119846,-2.156760230,9.574061382
2026-02-24 10:32:50,0.904733768,-2.645303108,9.473652620
2026-02-24 10:33:00,0.952765760,-2.540696899,9.436545851
2026-02-24 10:33:10,1.303264893,-2.256966312,9.280902155
2026-02-24 10:33:20,0.246954171,-2.237551021,9.423378474
2026-02-24 10:33:30,0.536011980,-1.896968188,9.510967016
2026-02-24 10:33:40,1.145999099,-2.131242794,9.462600506
2026-02-24 10:33:50,1.158516791,-2.178971763,9.638409991
2026-02-24 10:34:00,1.677011983,-1.916270686,9.372589521
2026-02-24 10:34:10,1.964781415,-1.600505602,9.539874615
2026-02-24 10:34:20,1.835246328,-1.686223529,9.511658425
2026-02-24 10:34:30,2.060148357,-1.879822184,9.162787915
2026-02-24 10:34:40,1.828900519,-1.800597217,9.439098572
2026-02-24 10:34:50,1.797724730,-2.296375544,9.497585397
2026-02-24 10:35:00,1.839934269,-2.405469646,9.295278923
2026-02-24 10:35:10,1.274734695,-1.972769897,9.469394272
2026-02-24 10:35:20,1.960957190,-2.089402137,9.634053418
2026-02-24 10:35:30,2.242114255,-2.158087134,9.311229569
2026-02-24 10:35:40,2.612599851,-1.862269137,9.529773588
2026-02-24 10:35:50,2.230268962,-1.721024898,9.314269364
2026-02-24 10:36:00,1.775946439,-1.719999268,9.507391669
2026-02-24 10:36:10,1.829380951,-1.674372468,9.579888810
2026-02-24 10:36:20,1.639217335,-1.442087060,9.820250279
2026-02-24 10:36:30,1.057603303,-2.031209319,9.558002158
2026-02-24 10:36:40,1.107743688,-1.514501393,9.698003096
2026-02-24 10:36:50,0.646852623,-1.048210616,9.778701608
2026-02-24 10:37:00,1.044807597,-0.916397374,9.661398862
2026-02-24 10:37:10,0.607905380,-1.707400926,9.849804625
2026-02-24 10:37:20,0.658534522,-1.525705063,9.685021226
2026-02-24 10:37:30,0.147483086,-1.467218239,9.608685663
2026-02-24 10:37:40,0.262784324,-1.763732278,9.389579117
2026-02-24 10:37:50,0.183760473,-1.590439206,9.517102416
2026-02-24 10:38:00,0.319635365,-1.927564616,9.443138890
2026-02-24 10:38:10,0.590064138,-2.631614167,9.353326412
2026-02-24 10:38:20,0.768480920,-2.144729376,9.407483457
2026-02-24 10:38:30,0.927868455,-2.752494379,9.501553921
2026-02-24 10:38:40,0.697167877,-2.703513290,9.516751027
2026-02-24 10:38:50,1.118605729,-2.660459763,9.443151399
2026-02-24 10:39:00,1.349232009,-2.435654871,9.464962646
2026-02-24 10:39:10,1.649246869,-2.409652716,9.555337394
2026-02-24 10:39:20,1.248608030,-2.843274622,9.162170403
2026-02-24 10:39:30,1.792779517,-3.025988525,9.127557711
2026-02-24 10:39:40,1.670551357,-3.560045671,8.683222760
2026-02-24 10:39:50,1.878657001,-3.827595658,9.052480644
2026-02-24 10:40:00,1.437772702,-3.666245439,8.889724797
2026-02-24 10:40:10,1.329557131,-4.114228619,8.421987972
2026-02-24 10:40:20,1.957573657,-3.633460153,8.966348953
2026-02-24 10:40:30,2.053463802,-3.758364208,8.865528042
2026-02-24 10:40:40,1.415949186,-4.012184662,8.991841147
2026-02-24 10:40:50,1.044691985,-3.669503067,9.230644613
2026-02-24 10:41:00,0.660804946,-3.992299351,9.227379365
2026-02-24 10:41:10,1.169168226,-4.356552486,9.026922876
2026-02-24 10:41:20,1.441397250,-4.786055391,8.667708256
2026-02-24 10:41:30,2.058741853,-5.715906060,8.018045237
2026-02-24 10:41:40,1.523195730,-5.396614986,8.213199069
2026-02-24 10:41:50,1.157236711,-5.694041971,7.951216249
2026-02-24 10:42:00,0.849794971,-5.165578220,8.454567506
2026-02-24 10:42:10,1.104076326,-4.960626563,8.593711902
2026-02-24 10:42:20,0.692414600,-5.080533366,8.597012141
2026-02-24 10:42:30,1.242806297,-4.750167469,8.425945492
2026-02-24 10:42:40,0.585236027,-5.024918014,8.771221598
2026-02-24 10:42:50,0.704186541,-4.528531809,8.448976221
2026-02-24 10:43:00,0.816632161,-4.351229345,8.555722117
2026-02-24 10:43:10,0.586991008,-4.829113465,8.602957118
2026-02-24 10:43:20,0.157066522,-4.687543165,8.720733372
2026-02-24 10:43:30,0.146790384,-4.694507899,8.777417323
2026-02-24 10:43:40,0.060455675,-4.471148706,8.592489076
2026-02-24 10:43:50,0.017580534,-4.792769824,8.787110800
2026-02-24 10:44:00,0.500798543,-4.632614837,8.823582068
2026-02-24 10:44:10,1.118829507,-4.799500874,8.359127213
2026-02-24 10:44:20,1.581411101,-5.039691093,8.516494915
2026-02-24 10:44:30,1.613983970,-4.352534937,8.571980691
2026-02-24 10:44:40,2.028314482,-4.876753912,8.133545511
2026-02-24 10:44:50,1.485599133,-4.579808017,8.788324696
2026-02-24 10:45:00,1.148183959,-4.472737699,8.576853104
2026-02-24 10:45:10,1.430346160,-5.020710567,8.276866704
2026-02-24 10:45:20,1.648405371,-5.059740803,8.198116560
2026-02-24 10:45:30,1.722818027,-5.461294192,8.244280930
2026-02-24 10:45:40,2.433214529,-4.842821365,8.061652052
2026-02-24 10:45:50,2.312979005,-5.165792707,7.839512561
2026-02-24 10:46:00,2.385021977,-5.369180517,7.626405810
2026-02-24 10:46:10,2.965326414,-5.311087412,7.573863584
2026-02-24 10:46:20,3.084549411,-5.196859679,8.038062214
2026-02-24 10:46:30,2.771742298,-4.693032435,8.466189490
2026-02-24 10:46:40,3.312593140,-4.178565069,7.850216722
2026-02-24 10:46:50,2.766756763,-3.897932084,8.425438284
2026-02-24 10:47:00,3.383632861,-4.468114926,8.054070702
2026-02-24 10:47:10,3.152693613,-4.557067947,7.963344689
2026-02-24 10:47:20,3.263952956,-4.900022009,8.264127524
2026-02-24 10:47:30,3.550417149,-5.084709218,7.860007686
2026-02-24 10:47:40,3.508692576,-5.147567184,7.460667310
2026-02-24 10:47:50,3.400302373,-5.355151406,7.676058447
2026-02-24 10:48:00,3.306898494,-5.251940252,7.830635478
2026-02-24 10:48:10,3.314476861,-5.211401665,7.426740375
2026-02-24 10:48:20,3.631613928,-5.174019303,7.616328085
2026-02-24 10:48:30,3.801907124,-5.300109864,6.971591067
2026-02-24 10:48:40,3.443515172,-5.827344163,7.381845899
2026-02-24 10:48:50,3.008612740,-5.964999086,7.114096570
2026-02-24 10:49:00,2.910488939,-5.974906258,6.938645127
2026-02-24 10:49:10,2.783524960,-6.167171042,6.699647002
2026-02-24 10:49:20,3.315856347,-6.342487831,6.612037127
2026-02-24 10:49:30,3.892312200,-6.362971713,6.746835597
2026-02-24 10:49:40,3.462565017,-6.429530360,6.540354789
2026-02-24 10:49:50,4.460102224,-6.125140325,5.940016295
2026-02-24 10:50:00,4.115126985,-6.463904612,6.453387890
2026-02-24 10:50:10,4.411368129,-6.474620859,6.196079823
2026-02-24 10:50:20,4.259364993,-6.321827430,6.040703665
2026-02-24 10:50:30,4.448932608,-6.485541299,6.290791249
2026-02-24 10:50:40,4.232067201,-6.204795065,6.586919302
2026-02-24 10:50:50,3.446390886,-5.806322892,6.795788858
2026-02-24 10:51:00,3.583599992,-6.173696586,7.012449530
2026-02-24 10:51:10,3.143146300,-6.094414520,7.358561328
2026-02-24 10:51:20,2.662408882,-6.203164016,7.119014532
2026-02-24 10:51:30,2.224182468,-6.526249044,7.232805342
2026-02-24 10:51:40,2.448032482,-6.664901522,7.054640004
2026-02-24 10:51:50,2.460495035,-5.619741650,7.571220320
2026-02-24 10:52:00,1.940043482,-5.946541364,7.565784190
2026-02-24 10:52:10,1.347346317,-6.165515050,7.797964834
2026-02-24 10:52:20,1.315044990,-6.056083667,7.936097577
2026-02-24 10:52:30,1.612955472,-5.987089727,7.591777233
2026-02-24 10:52:40,1.426069274,-5.837085552,8.103244739
2026-02-24 10:52:50,1.636352929,-5.580317507,8.335982738
2026-02-24 10:53:00,1.758478763,-5.042442180,7.937798759
2026-02-24 10:53:10,1.493012819,-5.197230618,7.981777730
2026-02-24 10:53:20,1.915896975,-5.163644315,8.092222071
2026-02-24 10:53:30,1.330243003,-5.274991088,7.835533052
2026-02-24 10:53:40,1.795845935,-4.829285620,8.301547102
2026-02-24 10:53:50,1.378405386,-5.015516460,8.494519931
2026-02-24 10:54:00,1.336954407,-4.542554549,8.450326218
2026-02-24 10:54:10,1.381436175,-5.200783711,8.546925803
2026-02-24 10:54:20,1.808092521,-4.874842626,8.279727309
2026-02-24 10:54:30,1.693073236,-5.010642391,8.219611156
2026-02-24 10:54:40,1.835686494,-5.352409750,7.857012057
2026-02-24 10:54:50,2.206513555,-5.434565152,7.965452445
2026-02-24 10:55:00,1.930093258,-5.282443245,7.837086143
2026-02-24 10:55:10,1.965935330,-5.375959654,7.895326113
2026-02-24 10:55:20,2.182428426,-5.221951686,8.177340475
2026-02-24 10:55:30,2.113217152,-5.242216694,8.065820585
2026-02-24 10:55:40,2.056332233,-4.777001188,8.050521469
2026-02-24 10:55:50,1.804450483,-5.295912158,8.444492556
2026-02-24 10:56:00,1.786387613,-4.642432717,8.000687755
2026-02-24 10:56:10,1.889281595,-4.722118106,8.720819577
2026-02-24 10:56:20,1.880904968,-4.821510825,8.296157834
2026-02-24 10:56:30,1.428062805,-4.812082011,8.518959569
2026-02-24 10:56:40,1.513777305,-4.809061993,8.601692643
2026-02-24 10:56:50,1.729183309,-4.824261327,8.391792518
2026-02-24 10:57:00,1.461630183,-4.927131649,8.484244677
2026-02-24 10:57:10,1.574775957,-4.347817923,8.737476145
2026-02-24 10:57:20,1.666052597,-4.530487442,8.780248675
2026-02-24 10:57:30,1.573632664,-4.344759381,8.418070110
2026-02-24 10:57:40,0.835003668,-4.923940444,8.176621192
2026-02-24 10:57:50,0.498697069,-4.880019695,8.614406548
2026-02-24 10:58:00,0.753436740,-4.871331252,8.670625143
2026-02-24 10:58:10,0.346807380,-4.904681368,8.470113177
2026-02-24 10:58:20,0.043208166,-4.705578417,8.413295197
2026-02-24 10:58:30,0.256800315,-4.635460697,8.466101984
2026-02-24 10:58:40,-0.131224034,-4.617048712,8.589889224
2026-02-24 10:58:50,-0.592089812,-4.746961138,8.718360501
2026-02-24 10:59:00,-0.263609689,-3.820765975,8.776074189
2026-02-24 10:59:10,-0.625006940,-4.307258644,8.772782842
2026-02-24 10:59:20,-0.485972464,-4.450788108,8.694469792
2026-02-24 10:59:30,-0.593987359,-4.617281192,8.838238317
2026-02-24 10:59:40,-0.755528897,-4.984158542,8.539589791
2026-02-24 10:59:50,-0.497121840,-4.864642465,8.554700919
2026-02-24 11:00:00,-0.547721769,-4.750509647,8.492861057
2026-02-24 11:00:10,-0.619650404,-4.641506835,8.538266937
2026-02-24 11:00:20,-0.457019397,-4.386122741,8.285685821
2026-02-24 11:00:30,-0.458131820,-4.869703877,8.650503716
2026-02-24 11:00:40,-0.709669187,-4.769894719,8.478799547
2026-02-24 11:00:50,-0.629626174,-5.276532552,8.572393418
2026-02-24 11:01:00,-0.728621847,-4.972309528,8.821595533
2026-02-24 11:01:10,-0.674196642,-4.751351200,8.347845765
2026-02-24 11:01:20,-0.983738192,-5.312660361,8.181896387
2026-02-24 11:01:30,-0.662466042,-4.708458700,8.359595509
2026-02-24 11:01:40,-0.824034273,-5.343742376,8.317965054
2026-02-24 11:01:50,-0.596517583,-5.386772206,8.132986592
2026-02-24 11:02:00,-0.639838079,-5.389884637,8.166579191
2026-02-24 11:02:10,-0.473043508,-5.142088614,8.306652489
2026-02-24 11:02:20,0.015508958,-5.426934568,8.305924784
2026-02-24 11:02:30,0.391195982,-5.290967406,8.584825786
2026-02-24 11:02:40,0.139090305,-5.431224514,8.341235269
2026-02-24 11:02:50,0.733351314,-5.034032033,8.642868869
2026-02-24 11:03:00,0.389442926,-4.806446097,8.592850503
2026-02-24 11:03:10,1.124819655,-5.114669604,8.583120133
2026-02-24 11:03:20,0.822868390,-5.011747797,8.382508865
2026-02-24 11:03:30,0.819221960,-4.931361200,8.351380475
2026-02-24 11:03:40,1.423460100,-4.881033120,8.535188936
2026-02-24 11:03:50,1.476497080,-4.907200103,8.359075434
2026-02-24 11:04:00,1.600455481,-5.059337150,8.290712920
2026-02-24 11:04:10,1.376180366,-5.530063167,8.032915862
2026-02-24 11:04:20,1.874228660,-5.387441077,7.830657298
2026-02-24 11:04:30,1.113829055,-5.093324093,8.339601127
2026-02-24 11:04:40,1.064889417,-5.478457894,8.134636780
2026-02-24 11:04:50,1.530504907,-5.192522611,7.952485742
2026-02-24 11:05:00,1.388330989,-5.200578100,8.037526802
2026-02-24 11:05:10,1.496936137,-4.949635859,8.312331528
2026-02-24 11:05:20,1.713570440,-5.478031255,7.867138942
2026-02-24 11:05:30,1.476913758,-5.524290157,8.415902134
2026-02-24 11:05:40,1.981157661,-5.284141670,8.558839972
2026-02-24 11:05:50,1.697835855,-5.029718263,7.942281241
2026-02-24 11:06:00,0.833429626,-5.497961161,8.493246397
2026-02-24 11:06:10,0.945867732,-5.374899772,8.036404784
2026-02-24 11:06:20,0.893312785,-5.782676963,7.815772779
2026-02-24 11:06:30,0.876890683,-5.122712923,8.154059218
2026-02-24 11:06:40,0.320704796,-5.607048025,7.940460841
2026-02-24 11:06:50,0.265974025,-5.270328137,8.325164395
2026-02-24 11:07:00,-0.430620537,-5.203575711,8.063173948
2026-02-24 11:07:10,0.043109458,-5.562355269,8.478029060
2026-02-24 11:07:20,0.107513848,-5.393773276,8.345721730
2026-02-24 11:07:30,-1.189202812,-5.408365418,8.190731916
2026-02-24 11:07:40,-1.139497732,-4.959012489,8.545868953
2026-02-24 11:07:50,-1.610272036,-4.925602701,8.359042545
2026-02-24 11:08:00,-2.214718388,-4.453047435,8.203505573
2026-02-24 11:08:10,-2.264909869,-4.258233101,8.356179265
2026-02-24 11:08:20,-2.685998634,-4.093468241,8.702828891
2026-02-24 11:08:30,-2.569252222,-3.488813783,8.875399787
2026-02-24 11:08:40,-2.519646461,-3.276026958,8.848250303
2026-02-24 11:08:50,-2.282008492,-3.538936299,8.766377419
2026-02-24 11:09:00,-2.546036689,-3.616396845,8.451530159
2026-02-24 11:09:10,-2.961361817,-2.794487968,8.920931599
2026-02-24 11:09:20,-2.996456278,-3.135275924,8.842624930
2026-02-24 11:09:30,-3.736474186,-3.114788692,8.548336249
2026-02-24 11:09:40,-3.478702391,-3.247428716,8.493013380
2026-02-24 11:09:50,-3.425113224,-3.698787047,8.302484204
2026-02-24 11:10:00,-3.023901394,-3.833760124,8.368342821
2026-02-24 11:10:10,-2.683171205,-3.528140955,8.884701698
2026-02-24 11:10:20,-2.493551499,-3.503833999,9.225204651
2026-02-24 11:10:30,-2.360348705,-2.708126817,8.989899731
2026-02-24 11:10:40,-2.342957683,-2.769666078,9.168417043
2026-02-24 11:10:50,-2.427865228,-2.730246898,9.188181568
2026-02-24 11:11:00,-2.372366662,-2.919421579,9.131374964
2026-02-24 11:11:10,-1.742207665,-2.692668745,9.193407279
2026-02-24 11:11:20,-2.248778034,-2.993487783,9.106460623
2026-02-24 11:11:30,-2.031747996,-2.859819979,9.060672097
2026-02-24 11:11:40,-2.156740352,-2.890291453,8.870644485
2026-02-24 11:11:50,-2.299427005,-2.699530232,9.242687787
2026-02-24 11:12:00,-2.448653454,-2.647843733,8.905472056
2026-02-24 11:12:10,-2.869125605,-2.534499200,9.214435031
2026-02-24 11:12:20,-2.990746446,-2.832839614,9.158545388
2026-02-24 11:12:30,-3.089342827,-3.363994634,8.739081475
2026-02-24 11:12:40,-3.276579514,-2.955314642,8.876981807
2026-02-24 11:12:50,-2.900762299,-2.687156817,8.866945025
2026-02-24 11:13:00,-3.216689314,-2.030455113,9.128712114
2026-02-24 11:13:10,-3.111990265,-1.874903945,9.102874517
2026-02-24 11:13:20,-2.701800270,-1.546564048,9.502484627
2026-02-24 11:13:30,-3.015238901,-1.624716837,9.268233647
2026-02-24 11:13:40,-2.395627496,-1.813243006,9.073314451
2026-02-24 11:13:50,-2.594626468,-1.697960168,9.444324283
2026-02-24 11:14:00,-2.815165878,-1.678486705,9.116644323
2026-02-24 11:14:10,-3.191370333,-1.393324253,9.338995829
2026-02-24 11:14:20,-3.513004608,-1.607335940,9.323513631
2026-02-24 11:14:30,-3.101044210,-1.715028492,9.122705431
2026-02-24 11:14:40,-3.348633880,-1.795123397,9.232086703
2026-02-24 11:14:50,-3.425216514,-1.511166496,9.069300825
2026-02-24 11:15:00,-3.474234269,-1.307446959,9.339959289
2026-02-24 11:15:10,-3.652734299,-1.411259050,9.022805752
2026-02-24 11:15:20,-3.258513350,-1.270046314,9.276892238
2026-02-24 11:15:30,-3.521737942,-1.067543550,9.224925438
2026-02-24 11:15:40,-3.542699216,-0.900469774,9.095224872
2026-02-24 11:15:50,-3.363645891,-0.720676642,9.556533352
2026-02-24 11:16:00,-3.025430589,-1.218465846,9.040635668
2026-02-24 11:16:10,-3.025778026,-0.697610016,9.455924174
2026-02-24 11:16:20,-3.530678576,-0.471524597,9.327790521
2026-02-24 11:16:30,-3.203140312,-0.701443975,9.141577714
2026-02-24 11:16:40,-3.454284864,-0.714052028,9.206238759
2026-02-24 11:16:50,-3.482748858,-0.574557521,9.308199277
2026-02-24 11:17:00,-3.159412644,-0.370421665,9.424390358
2026-02-24 11:17:10,-3.284847933,-0.752688709,9.137817190
2026-02-24 11:17:20,-3.425186971,-0.542854453,9.271225742
2026-02-24 11:17:30,-2.882699696,-1.074922404,9.360529318
2026-02-24 11:17:40,-3.146774962,-1.313059699,9.297199814
2026-02-24 11:17:50,-3.046035170,-1.163824869,9.143192130
2026-02-24 11:18:00,-3.184946776,-0.906022118,9.104101335
2026-02-24 11:18:10,-3.017668538,-0.909504019,9.234303376
2026-02-24 11:18:20,-2.813546453,-1.318658095,9.312575332
2026-02-24 11:18:30,-3.119901425,-0.869066172,9.112524776
2026-02-24 11:18:40,-3.405958613,-0.856846359,9.132082510
2026-02-24 11:18:50,-2.879497954,0.066779639,9.343136485
2026-02-24 11:19:00,-3.155235277,0.112618888,9.298150808
2026-02-24 11:19:10,-2.774498381,0.354056966,9.449779246
2026-02-24 11:19:20,-3.128316396,0.203878304,9.043837960
2026-02-24 11:19:30,-3.287193649,0.587354395,9.401361126
2026-02-24 11:19:40,-3.104345890,0.274671067,9.358706483
2026-02-24 11:19:50,-3.093135795,-0.270816548,9.297329515
2026-02-24 11:20:00,-3.273731326,-0.014068965,9.183880120
2026-02-24 11:20:10,-3.346151952,0.044178296,9.217116594
2026-02-24 11:20:20,-3.347992805,-0.028468629,8.944642660
2026-02-24 11:20:30,-3.212534309,-0.313986231,9.424689652
2026-02-24 11:20:40,-3.274939509,-0.660289307,9.347712101
2026-02-24 11:20:50,-3.245240595,-0.844109683,9.206969865
2026-02-24 11:21:00,-3.250280907,-0.677960880,9.200630087
2026-02-24 11:21:10,-2.835453826,-0.334973304,9.614996031
2026-02-24 11:21:20,-2.705469242,-0.640858348,9.270952407
2026-02-24 11:21:30,-3.087488465,-0.896759952,9.296206861
2026-02-24 11:21:40,-3.266335877,-0.086845550,8.955871103
2026-02-24 11:21:50,-3.124152883,-0.262829953,9.094885048
2026-02-24 11:22:00,-3.468340346,-0.349619839,9.180575339
2026-02-24 11:22:10,-3.359983300,-0.405837042,9.037334690
2026-02-24 11:22:20,-3.166414408,-0.656993324,9.278446014
2026-02-24 11:22:30,-3.981543329,-0.182570704,9.042171262
2026-02-24 11:22:40,-3.576258353,-0.400879294,9.024483219
2026-02-24 11:22:50,-3.312861667,-0.844210766,9.183589459
2026-02-24 11:23:00,-3.310945483,-0.936987911,9.301641703
2026-02-24 11:23:10,-3.175544245,-0.699756765,9.423921482
2026-02-24 11:23:20,-3.185324326,-0.782830402,9.161500741
2026-02-24 11:23:30,-3.152986519,-1.160198019,9.278807660
2026-02-24 11:23:40,-3.306200511,-1.130206678,9.125903103
2026-02-24 11:23:50,-3.114824015,-1.639425806,9.261848047
2026-02-24 11:24:00,-2.979127208,-1.505209493,9.248548144
2026-02-24 11:24:10,-2.263552258,-1.367981219,9.382523828
2026-02-24 11:24:20,-2.769721781,-1.054885442,9.245987601
2026-02-24 11:24:30,-2.720875705,-1.429653523,9.288993013
2026-02-24 11:24:40,-2.181672914,-0.892796100,9.659779725
2026-02-24 11:24:50,-2.657100070,-0.980311851,9.596388053
2026-02-24 11:25:00,-1.825145200,-0.452549687,9.359233543
2026-02-24 11:25:10,-2.178023231,-0.939339777,9.570359872
2026-02-24 11:25:20,-2.264666261,-1.110276235,9.507340491
2026-02-24 11:25:30,-1.848387312,-1.145703301,9.441070248
2026-02-24 11:25:40,-1.816440735,-1.041481164,9.540255679
2026-02-24 11:25:50,-1.835519451,-0.961155863,9.389204776
2026-02-24 11:26:00,-1.763466824,-0.724856956,9.529046435
2026-02-24 11:26:10,-1.891450208,-0.993196883,9.426550367
2026-02-24 11:26:20,-2.082710063,-0.967245191,9.254301344
2026-02-24 11:26:30,-2.659226178,-0.789124316,9.502343240
2026-02-24 11:26:40,-2.402569934,-1.155550051,9.615738873
2026-02-24 11:26:50,-1.881946170,-1.198325647,9.465439765
2026-02-24 11:27:00,-1.997690392,-1.209277004,9.960678354
2026-02-24 11:27:10,-1.900841755,-1.555356867,9.858791130
2026-02-24 11:27:20,-1.777533174,-1.294304140,9.609842969
2026-02-24 11:27:30,-1.432151980,-1.237980864,9.486319547
2026-02-24 11:27:40,-1.546168843,-1.240453288,9.615817887
2026-02-24 11:27:50,-1.259714300,-1.290607811,9.583324591
2026-02-24 11:28:00,-1.254117059,-1.308656503,9.594380374
2026-02-24 11:28:10,-0.894073256,-0.784618170,9.589555362
2026-02-24 11:28:20,-1.038507510,-1.029573552,9.691441955
2026-02-24 11:28:30,-0.944212900,-1.417537115,9.582892752
2026-02-24 11:28:40,-1.054058253,-1.973623151,9.480874698
2026-02-24 11:28:50,-1.499319658,-1.888700574,9.525001550
2026-02-24 11:29:00,-1.159623002,-2.063828613,9.558769298
2026-02-24 11:29:10,-0.956117132,-1.397717021,9.575147374
2026-02-24 11:29:20,-0.683435818,-1.728951457,9.556237705
2026-02-24 11:29:30,-0.941489762,-1.954885412,9.795684246
2026-02-24 11:29:40,-0.786678003,-2.004319478,9.416681471
2026-02-24 11:29:50,-1.022394862,-1.736471742,9.786874933
2026-02-24 11:30:00,-1.606647138,-1.701232182,9.555093897
2026-02-24 11:30:10,-1.476794072,-1.555348374,9.153118140
2026-02-24 11:30:20,-1.120888711,-1.191936195,9.406985842
2026-02-24 11:30:30,-1.034277379,-1.465355548,9.450871086
2026-02-24 11:30:40,-0.620343316,-1.552166820,9.664923755
2026-02-24 11:30:50,-0.709540786,-1.689002783,9.629435300
2026-02-24 11:31:00,-0.575203009,-0.673841983,9.839488707
2026-02-24 11:31:10,-0.709033055,-0.839075263,9.886176331
2026-02-24 11:31:20,-0.973515891,-0.615815844,9.924776950
2026-02-24 11:31:30,-1.196633099,-0.181364867,9.707500535
2026-02-24 11:31:40,-1.516701989,0.351887155,9.863657252
2026-02-24 11:31:50,-0.879106609,-0.756669972,9.719471913
2026-02-24 11:32:00,-0.966865101,-0.555316558,10.043614081
2026-02-24 11:32:10,-1.049405408,-0.304799412,9.882612020
2026-02-24 11:32:20,-0.766182484,-0.109268710,9.829360015
2026-02-24 11:32:30,-0.973113356,-0.633891242,9.774480811
2026-02-24 11:32:40,-0.734805750,-1.022924092,10.048102066
2026-02-24 11:32:50,-0.182321782,-1.061146658,9.694063658
2026-02-24 11:33:00,-0.574731739,-1.513759610,9.908482277
2026-02-24 11:33:10,-0.733420438,-1.112078400,10.052220943
2026-02-24 11:33:20,-1.095737554,-1.267997779,9.594589789
2026-02-24 11:33:30,-1.022204527,-1.412820603,9.512916966
2026-02-24 11:33:40,-0.972633106,-0.704622389,9.848803786
2026-02-24 11:33:50,-0.832722833,-0.827455933,9.542588878
2026-02-24 11:34:00,-1.132460896,-0.870242379,9.690377756
2026-02-24 11:34:10,-0.404850025,-1.262085652,9.629471926
2026-02-24 11:34:20,-0.518287779,-0.885936327,9.765785868
2026-02-24 11:34:30,-0.471859285,-0.565676533,9.808914524
2026-02-24 11:34:40,-0.759224017,-0.702851982,9.664113771
2026-02-24 11:34:50,-0.920228743,-0.164740793,9.647408555
2026-02-24 11:35:00,-1.303119917,-0.706604926,10.018932453
2026-02-24 11:35:10,-1.263577482,-0.471785857,9.411645593
2026-02-24 11:35:20,-2.099344801,-0.343147466,9.699334479
2026-02-24 11:35:30,-1.945412965,0.265393536,9.748952892
2026-02-24 11:35:40,-1.526990847,-0.175547011,9.385680400
2026-02-24 11:35:50,-1.346598720,-0.442561141,9.753030061
2026-02-24 11:36:00,-1.072249209,-0.125155547,9.671445465
2026-02-24 11:36:10,-1.856130902,-0.456189374,9.483507497
2026-02-24 11:36:20,-1.839355455,-0.541963848,9.645224286
2026-02-24 11:36:30,-1.658336616,-0.861078418,9.647738553
2026-02-24 11:36:40,-2.058686750,-0.871408038,9.363523250
2026-02-24 11:36:50,-1.579230300,-0.863836592,9.683458882
2026-02-24 11:37:00,-1.463063399,-0.575215106,9.728320266
2026-02-24 11:37:10,-1.622155137,-0.731945301,9.565573266
2026-02-24 11:37:20,-1.534201510,-0.705569805,9.746868166
2026-02-24 11:37:30,-1.403603829,-1.115266847,9.894225957
2026-02-24 11:37:40,-1.410097848,-1.224572670,9.443509041
2026-02-24 11:37:50,-1.278794731,-1.087253012,9.645045748
2026-02-24 11:38:00,-1.387847980,-1.005287545,9.475338701
2026-02-24 11:38:10,-1.131556090,-0.798219556,9.707930784
2026-02-24 11:38:20,-1.007102656,-0.880110268,9.723713319
2026-02-24 11:38:30,-1.345152507,-1.139072151,9.588802340
2026-02-24 11:38:40,-0.861300576,-1.538726038,9.373657172
2026-02-24 11:38:50,-1.231097660,-1.576835921,9.618061092
2026-02-24 11:39:00,-1.241443786,-1.390286536,9.718348763
2026-02-24 11:39:10,-1.399491680,-1.232525412,9.828397938
2026-02-24 11:39:20,-1.479463797,-1.686304329,9.594810961
2026-02-24 11:39:30,-0.892545812,-1.705247301,9.825764259
2026-02-24 11:39:40,-0.530919271,-1.862959008,9.924148870
2026-02-24 11:39:50,-0.837573567,-1.941043291,9.669658409
2026-02-24 11:40:00,-0.749073940,-2.447334828,9.639002637
2026-02-24 11:40:10,-0.608860487,-2.296045484,9.333074001
2026-02-24 11:40:20,-0.430917659,-2.605874439,9.662936799
2026-02-24 11:40:30,-0.642760213,-2.464797067,9.410592414
2026-02-24 11:40:40,-0.214069949,-2.251170909,9.617344332
2026-02-24 11:40:50,-0.697762378,-2.312454315,9.546101579
2026-02-24 11:41:00,-0.477497143,-2.169177153,9.248825685
2026-02-24 11:41:10,-0.115656672,-1.912560884,9.570711743
2026-02-24 11:41:20,0.496872483,-1.958895384,9.591847954
2026-02-24 11:41:30,0.340039774,-1.704733770,9.734822194
2026-02-24 11:41:40,0.274712345,-0.838185287,9.722287091
2026-02-24 11:41:50,0.415609946,-0.869815652,9.896091341
2026-02-24 11:42:00,0.690463225,-1.815129472,9.694205976
2026-02-24 11:42:10,0.695629970,-1.721258903,9.333014277
2026-02-24 11:42:20,0.960052206,-1.689675965,9.517317942
2026-02-24 11:42:30,1.444060382,-1.499156661,9.356975208
2026-02-24 11:42:40,1.530408763,-1.110355740,9.782507611
2026-02-24 11:42:50,1.660753054,-1.259778276,9.492926550
2026-02-24 11:43:00,1.770754295,-0.738430966,9.674823297
2026-02-24 11:43:10,1.401648271,-0.721122954,9.926783532
2026-02-24 11:43:20,1.597906138,-1.156280942,9.844276120
2026-02-24 11:43:30,1.870307269,-1.348695033,9.574066264
2026-02-24 11:43:40,1.980636248,-1.621436370,9.308667990
2026-02-24 11:43:50,2.127843096,-1.593709800,9.351068907
2026-02-24 11:44:00,1.924961906,-1.930488787,9.632921693
2026-02-24 11:44:10,2.466842278,-1.765607206,9.439190444
2026-02-24 11:44:20,2.469992803,-2.541983308,9.060777734
2026-02-24 11:44:30,2.130919052,-2.250611669,9.552940816
2026-02-24 11:44:40,1.786969012,-1.587215016,9.271533929
2026-02-24 11:44:50,2.123385129,-1.793021919,9.224407456
2026-02-24 11:45:00,2.638793583,-1.879280757,9.446193448
2026-02-24 11:45:10,2.575682950,-2.239826976,9.303710912
2026-02-24 11:45:20,2.803818614,-2.211726031,9.502725833
2026-02-24 11:45:30,2.869312458,-2.305290703,9.068673684
2026-02-24 11:45:40,3.121959154,-2.520529438,9.003152423
2026-02-24 11:45:50,2.730792482,-2.443170649,8.961344570
2026-02-24 11:46:00,3.210993258,-2.478912555,9.032788231
2026-02-24 11:46:10,2.992022782,-2.433323162,8.689547086
2026-02-24 11:46:20,3.678078725,-2.633367107,9.026323090
2026-02-24 11:46:30,3.435868370,-2.614837825,9.173326009
2026-02-24 11:46:40,3.177711969,-2.546034070,8.971343624
2026-02-24 11:46:50,3.116828345,-2.881014008,8.833337455
2026-02-24 11:47:00,3.625881672,-3.103416328,8.720808767
2026-02-24 11:47:10,3.716234709,-3.157601590,8.555842313
2026-02-24 11:47:20,3.354345604,-3.500790962,8.482456016
2026-02-24 11:47:30,3.321842260,-3.111629824,8.287932712
2026-02-24 11:47:40,3.026705700,-3.119526574,8.841816575
2026-02-24 11:47:50,3.358683123,-3.055330170,8.548809648
2026-02-24 11:48:00,3.123789043,-2.927587389,8.908173724
2026-02-24 11:48:10,2.960420928,-3.171676770,8.783517632
2026-02-24 11:48:20,3.364817357,-3.276094579,8.918686794
2026-02-24 11:48:30,3.223141685,-3.420733796,8.672760801
2026-02-24 11:48:40,3.209826062,-3.714392750,8.688673991
2026-02-24 11:48:50,3.019312338,-2.904686607,8.632896499
2026-02-24 11:49:00,3.317366923,-3.227130580,8.821980678
2026-02-24 11:49:10,3.367267436,-3.221332333,8.903684648
2026-02-24 11:49:20,3.172865958,-2.910810495,8.571297694
2026-02-24 11:49:30,3.519436856,-2.799496740,8.655147498
2026-02-24 11:49:40,3.374640967,-2.924031578,8.718823003
2026-02-24 11:49:50,3.472419810,-2.700067955,8.740800204
2026-02-24 11:50:00,3.223160576,-2.694899326,8.766649041
2026-02-24 11:50:10,3.641110100,-2.080078685,8.669662083
2026-02-24 11:50:20,3.416478627,-2.234821546,8.979417923
2026-02-24 11:50:30,3.849578951,-1.768851217,8.968879159
2026-02-24 11:50:40,3.828214532,-2.175802570,8.674024553
2026-02-24 11:50:50,3.458866136,-2.752391017,8.599931495
2026-02-24 11:51:00,3.870597842,-2.158752539,8.754236284
2026-02-24 11:51:10,3.272064200,-2.194489180,9.251023020
2026-02-24 11:51:20,3.069748026,-2.395134091,9.147970214
2026-02-24 11:51:30,2.432571603,-2.595271378,9.019733538
2026-02-24 11:51:40,2.603746992,-2.244373959,9.434823620
2026-02-24 11:51:50,2.783083860,-2.272960054,9.036846241
2026-02-24 11:52:00,3.422529771,-2.210555371,9.134859966
2026-02-24 11:52:10,2.803819083,-2.026053950,9.110022519
2026-02-24 11:52:20,2.663005878,-1.766133867,9.147205120
2026-02-24 11:52:30,2.623431673,-1.603570028,9.364223940
2026-02-24 11:52:40,3.033519783,-1.595017955,9.164559250
2026-02-24 11:52:50,3.140757025,-1.936183575,8.995829350
2026-02-24 11:53:00,3.352442312,-9.169691942,-1.887885046
2026-02-24 11:53:10,-1.928345844,-6.966272773,-6.660573504
2026-02-24 11:53:20,-0.447483273,-4.540995822,-8.600794150
2026-02-24 11:53:30,-1.043940877,-7.390101161,-6.296232610
2026-02-24 11:53:40,-7.231276373,-3.400551118,-6.130989368
2026-02-24 11:53:50,-5.791683345,-0.799655484,-8.156560662
2026-02-24 11:54:00,-9.110237691,-1.820008563,-3.410674007
2026-02-24 11:54:10,-8.708995561,-0.870810206,-4.128852569
2026-02-24 11:54:20,-9.484486409,-1.820289136,-3.175737165
2026-02-24 11:54:30,-4.167994940,8.534321074,-2.610097260
2026-02-24 11:54:40,-0.509071059,8.279263626,-5.145644894
2026-02-24 11:54:50,2.715024510,7.620867612,-5.458959615
2026-02-24 11:55:00,5.313202913,5.156076502,-5.844440625
2026-02-24 11:55:10,7.575789852,3.543898199,-5.624499499
2026-02-24 11:55:20,6.489780320,3.603963675,-6.238519714
2026-02-24 11:55:30,6.916960109,1.343793174,-6.557231537
2026-02-24 11:55:40,7.673013471,-0.724700413,-6.580057651
2026-02-24 11:55:50,8.393034178,1.571902938,-4.674109471
2026-02-24 11:56:00,7.796155586,0.394059568,-5.894773456
2026-02-24 11:56:10,6.543457727,-0.195155321,-7.096342346
2026-02-24 11:56:20,5.278952958,1.897373664,-8.066850377
2026-02-24 11:56:30,6.647961936,2.170750522,-7.119770060
2026-02-24 11:56:40,5.178461740,2.945216352,-7.819308937
2026-02-24 11:56:50,6.513273833,5.777754359,-4.685607916
2026-02-24 11:57:00,7.154380926,5.505385242,-3.187052969
2026-02-24 11:57:10,9.116726760,-0.248197719,-3.761690242
2026-02-24 11:57:20,9.604942867,-0.167709029,-1.842974067
2026-02-24 11:57:30,9.638088485,-1.490113255,-1.297109761
2026-02-24 11:57:40,9.282643611,-3.237098790,0.797619290
2026-02-24 11:57:50,8.922462492,-2.972869564,-2.374020127
2026-02-24 11:58:00,7.239475241,-6.173103196,2.500192325
2026-02-24 11:58:10,8.778600106,-3.990507851,-1.129912552
2026-02-24 11:58:20,9.811043126,1.321210536,-0.203773056
2026-02-24 11:58:30,9.700898188,-0.127154829,-1.837710099
2026-02-24 11:58:40,8.945624277,4.124990734,-1.532062317
2026-02-24 11:58:50,9.666007329,1.304215240,-1.220955927
2026-02-24 11:59:00,4.306517416,5.550798752,-6.779105444
2026-02-24 11:59:10,1.983389733,4.721594683,-8.623692461
2026-02-24 11:59:20,0.226537703,6.800906866,-6.907764219
2026-02-24 11:59:30,1.938017410,8.581722066,-4.476335548
2026-02-24 11:59:40,-2.228474745,7.554333386,-5.888189156
2026-02-24 11:59:50,-1.959282390,9.407444078,-2.205334419
2026-02-24 12:00:00,-1.718979731,8.818261183,-3.484862762
2026-02-24 12:00:10,-1.211187242,9.237839424,-3.817919227
2026-02-24 12:00:20,-2.258678939,8.751336213,-3.936386275
2026-02-24 12:00:30,-0.617287466,9.725198497,-1.948788460
2026-02-24 12:00:40,1.188554246,9.342622494,-1.839729272
2026-02-24 12:00:50,-0.446155927,9.692213748,-1.385578016
2026-02-24 12:01:00,3.436832895,9.417852780,0.078369881
2026-02-24 12:01:10,3.351038214,9.272982504,-1.121094469
2026-02-24 12:01:20,1.079020409,9.622511800,-2.235068867
2026-02-24 12:01:30,2.605899095,9.315798972,-2.983813992
2026-02-24 12:01:40,1.403583737,9.321779872,-2.750953766
2026-02-24 12:01:50,0.666810369,9.446100315,-2.595541900
2026-02-24 12:02:00,1.151241586,9.522569208,-1.997354504
2026-02-24 12:02:10,0.351670669,9.533387729,-2.175746035
2026-02-24 12:02:20,0.404022034,9.584790802,-2.255759234
2026-02-24 12:02:30,1.204004525,9.577637752,-1.487306470
2026-02-24 12:02:40,0.861608371,9.878363276,-0.289462773
2026-02-24 12:02:50,0.428854824,9.910853086,-0.856710080
2026-02-24 12:03:00,1.626400403,9.583055977,-2.190247406
2026-02-24 12:03:10,1.986582223,9.369046745,-2.599154543
2026-02-24 12:03:20,2.188578533,8.755246105,-3.849523714
2026-02-24 12:03:30,3.704431883,8.877564155,-2.581662961
2026-02-24 12:03:40,2.531414817,9.240294206,-1.662342871
2026-02-24 12:03:50,5.015482992,8.204410191,-2.137875702
2026-02-24 12:04:00,5.464301669,8.227038031,-2.420825907
2026-02-24 12:04:10,6.044633116,7.376920727,-2.604665020
2026-02-24 12:04:20,5.682712550,8.057193251,-0.382605991
2026-02-24 12:04:30,5.677784608,8.039329241,0.894810085
2026-02-24 12:04:40,4.284933831,8.526393230,2.809148007
2026-02-24 12:04:50,3.428079149,8.699740582,2.960049187
2026-02-24 12:05:00,2.576406954,7.956947482,4.776272353
2026-02-24 12:05:10,2.772721365,8.520145511,4.246193232
2026-02-24 12:05:20,2.275202160,7.438111166,5.713983277
2026-02-24 12:05:30,2.041041361,7.657655863,5.398060746
2026-02-24 12:05:40,2.629611971,8.017121308,5.189977450
2026-02-24 12:05:50,3.758210820,7.966764736,5.146386688
2026-02-24 12:06:00,4.099906661,8.622757360,2.673272107
2026-02-24 12:06:10,3.354747896,8.588412805,3.116357068
2026-02-24 12:06:20,4.753323859,8.691336540,1.349521986
2026-02-24 12:06:30,4.956653334,8.267102898,0.683100115
2026-02-24 12:06:40,4.344340870,8.385406823,-3.072578299
2026-02-24 12:06:50,4.519299985,8.142551311,-2.133341795
2026-02-24 12:07:00,3.864857182,8.873312293,-1.048760226
2026-02-24 12:07:10,3.781228729,8.791092234,-1.378408042
2026-02-24 12:07:20,1.709271532,9.320731944,-1.454940290
2026-02-24 12:07:30,1.213424990,9.589523317,-1.050189001
2026-02-24 12:07:40,1.170334142,9.804653212,-0.469644961
2026-02-24 12:07:50,1.546789126,9.629853528,-0.790163189
2026-02-24 12:08:00,1.293322863,10.140866786,0.825322046
2026-02-24 12:08:10,1.227860787,9.675962596,1.181461398
2026-02-24 12:08:20,1.473975027,9.707384741,0.695027484
2026-02-24 12:08:30,1.551626538,9.085387659,1.694308352
2026-02-24 12:08:40,1.788294562,9.583375563,1.348408990
2026-02-24 12:08:50,1.324407381,9.427125888,2.379461858
2026-02-24 12:09:00,0.058856994,9.558819857,2.885306254
2026-02-24 12:09:10,2.575849576,8.838437953,2.996739575
2026-02-24 12:09:20,2.773139281,8.162008389,4.301682264
2026-02-24 12:09:30,3.280356042,8.468914127,3.125282491
2026-02-24 12:09:40,3.666131620,8.587483035,3.535921465
2026-02-24 12:09:50,3.599979688,8.253275402,3.308028713
2026-02-24 12:10:00,4.300817907,8.515297222,2.410348690
2026-02-24 12:10:10,5.569873199,7.334808526,2.970538948
2026-02-24 12:10:20,6.602252263,7.260745563,1.407335886
2026-02-24 12:10:30,7.215506688,6.640182924,1.298609630
2026-02-24 12:10:40,7.827533614,5.892928888,1.241864848
2026-02-24 12:10:50,7.099231956,6.874570801,0.240462928
2026-02-24 12:11:00,6.039812201,7.819285246,1.199251355
2026-02-24 12:11:10,6.056013059,7.633809867,0.609061069
2026-02-24 12:11:20,5.304967522,7.983550343,1.435543399
2026-02-24 12:11:30,5.158862366,8.179461210,1.215251592
2026-02-24 12:11:40,5.181876249,8.085369365,2.016187132
2026-02-24 12:11:50,5.067565522,7.757580865,3.720717955
2026-02-24 12:12:00,5.288703922,7.604767224,3.155858378
2026-02-24 12:12:10,5.782583122,7.071139842,2.368605659
2026-02-24 12:12:20,6.875568749,6.316111874,2.471826092
2026-02-24 12:12:30,7.530070654,5.578574115,2.993984697
2026-02-24 12:12:40,6.816339797,6.171753342,3.090915302
2026-02-24 12:12:50,7.191815302,5.338983110,4.206503635
2026-02-24 12:13:00,5.660601138,6.725256919,4.670784508
2026-02-24 12:13:10,6.763919097,6.023735248,3.789851414
2026-02-24 12:13:20,6.793870431,5.511446936,4.139741416
2026-02-24 12:13:30,6.968080947,4.912531096,4.737540916
2026-02-24 12:13:40,6.998026047,4.833659994,5.041949560
2026-02-24 12:13:50,7.181915309,4.891313924,4.650558691
2026-02-24 12:14:00,5.634901203,6.274974305,3.941840870
2026-02-24 12:14:10,6.178823832,6.902740779,2.388594234
2026-02-24 12:14:20,4.949108428,7.546300867,3.986106767
2026-02-24 12:14:30,5.619062683,7.877432615,2.107534051
2026-02-24 12:14:40,4.568581778,8.259574741,1.875863793
2026-02-24 12:14:50,4.673535111,8.450593332,2.168394235
2026-02-24 12:15:00,3.400207811,8.958468303,0.736844849
2026-02-24 12:15:10,3.552061641,9.276266719,1.589546683
2026-02-24 12:15:20,2.908832089,9.610083109,0.156465586
2026-02-24 12:15:30,2.994792063,9.681055885,-0.017969449
2026-02-24 12:15:40,3.708928107,8.749273937,1.074791155
2026-02-24 12:15:50,3.083121456,9.530167659,0.746007355
2026-02-24 12:16:00,4.249156560,8.715466976,1.316280958
2026-02-24 12:16:10,4.205319938,8.959641298,1.696940488
2026-02-24 12:16:20,4.593594832,8.077824867,3.294591447
2026-02-24 12:16:30,4.650354076,7.719327661,3.718232924
2026-02-24 12:16:40,2.543536196,7.780165502,4.489361430
2026-02-24 12:16:50,1.230303067,9.053673585,3.795643469
2026-02-24 12:17:00,1.936155874,8.974761855,3.783408017
2026-02-24 12:17:10,2.304707753,8.987172375,3.007822789
2026-02-24 12:17:20,2.106966302,8.551083147,4.219640915
2026-02-24 12:17:30,3.592292962,7.682579192,4.963777340
2026-02-24 12:17:40,2.559157882,7.837047287,5.056014255
2026-02-24 12:17:50,4.203612526,6.971938227,5.673360553
2026-02-24 12:18:00,4.759309345,6.203380353,5.598395502
2026-02-24 12:18:10,4.074241161,6.996161262,5.737915356
2026-02-24 12:18:20,3.588955561,7.376498334,5.617506205
2026-02-24 12:18:30,4.639845221,7.350766335,4.548015902
2026-02-24 12:18:40,3.731686253,8.222310704,3.729660091
2026-02-24 12:18:50,4.068360651,7.924330781,4.411229967
2026-02-24 12:19:00,3.883812884,7.960890056,3.727583335
2026-02-24 12:19:10,4.431235687,7.920423352,3.713079933
2026-02-24 12:19:20,4.265986425,8.435294336,2.492942592
2026-02-24 12:19:30,4.434987922,7.997781906,3.604469389
2026-02-24 12:19:40,5.542463359,7.388098751,3.275182387
2026-02-24 12:19:50,6.013202307,6.740698610,3.595249426
2026-02-24 12:20:00,5.719380484,7.360431894,3.562142858
2026-02-24 12:20:10,6.155997742,6.865329228,3.533361494
2026-02-24 12:20:20,5.159448009,6.608719538,3.913368714
2026-02-24 12:20:30,6.109329125,6.373732399,3.974820577
2026-02-24 12:20:40,6.863462375,5.903849189,4.303840715
2026-02-24 12:20:50,6.668808390,6.231564418,3.190584298
2026-02-24 12:21:00,6.647590606,6.806845385,2.950209533
2026-02-24 12:21:10,5.873100012,6.699820405,3.296314017
2026-02-24 12:21:20,5.746960869,6.958545734,4.242539214
2026-02-24 12:21:30,6.319802261,6.656260049,3.132463228
2026-02-24 12:21:40,6.142236468,6.100340080,4.157830524
2026-02-24 12:21:50,5.398204044,6.686248689,4.563382292
2026-02-24 12:22:00,5.621352856,6.093743634,5.112173232
2026-02-24 12:22:10,5.413964412,6.727957347,4.578292566
2026-02-24 12:22:20,6.009206269,6.437974439,4.685931125
2026-02-24 12:22:30,6.111268136,5.684545315,5.160438070
2026-02-24 12:22:40,6.088895992,6.031110747,5.102590961
2026-02-24 12:22:50,5.698834234,5.901484345,5.336782311
2026-02-24 12:23:00,6.359685082,5.639170563,5.293760225
2026-02-24 12:23:10,6.032612949,5.730246214,5.216028165
2026-02-24 12:23:20,6.518951268,4.969153704,5.178525408
2026-02-24 12:23:30,6.746975723,4.313832226,5.735078254
2026-02-24 12:23:40,6.903379703,4.203601221,5.197792007
2026-02-24 12:23:50,6.527702187,4.510011557,5.774959541
2026-02-24 12:24:00,6.506557760,4.472417578,5.880031266
2026-02-24 12:24:10,6.893446172,4.562883696,5.510756176
2026-02-24 12:24:20,7.218029539,4.495994886,4.983226179
2026-02-24 12:24:30,7.145253108,4.950658516,4.728146992
2026-02-24 12:24:40,6.934825091,4.944986306,4.471743067
2026-02-24 12:24:50,7.247724898,5.147988139,4.648592946
2026-02-24 12:25:00,7.245506581,5.266854824,4.176540481
2026-02-24 12:25:10,7.274632206,5.384644172,3.885439705
2026-02-24 12:25:20,7.269437290,5.838103037,3.441722063
2026-02-24 12:25:30,7.120177451,5.439965172,3.370134056
2026-02-24 12:25:40,7.739207316,5.236760724,3.055455236
2026-02-24 12:25:50,7.867305253,5.589433964,3.319388755
2026-02-24 12:26:00,7.760435845,5.373824184,2.786509515
2026-02-24 12:26:10,7.496786165,6.231581908,2.895248197
2026-02-24 12:26:20,7.056275794,5.766679887,2.943138888
2026-02-24 12:26:30,7.115773836,6.082970983,2.939504988
2026-02-24 12:26:40,7.001155245,6.271930364,3.166616945
2026-02-24 12:26:50,6.632865250,6.142009459,3.304668090
2026-02-24 12:27:00,6.081434863,6.989081367,2.990223158
2026-02-24 12:27:10,6.586666633,6.791367034,3.580426046
2026-02-24 12:27:20,5.858667287,6.920181292,3.690571513
2026-02-24 12:27:30,5.609328346,7.552411766,3.086113689
2026-02-24 12:27:40,5.453936479,7.672479263,3.395692192
2026-02-24 12:27:50,5.198837065,7.563055060,3.504072616
2026-02-24 12:28:00,5.025920656,7.987151082,3.163390428
2026-02-24 12:28:10,4.574503390,8.158350211,3.148005524
2026-02-24 12:28:20,4.807754408,7.973885839,2.977536663
2026-02-24 12:28:30,5.371001653,7.948085796,2.760044912
2026-02-24 12:28:40,4.956320152,7.614406508,2.691038261
2026-02-24 12:28:50,5.064707045,7.683470248,2.989599290
2026-02-24 12:29:00,4.818877153,8.091010827,3.078916393
2026-02-24 12:29:10,4.932464340,7.793044629,3.065895986
2026-02-24 12:29:20,4.981020213,8.262793747,2.687474470
2026-02-24 12:29:30,5.588179735,7.812225544,2.063255803
2026-02-24 12:29:40,5.777592678,7.431146890,2.047734584
2026-02-24 12:29:50,6.243814295,7.289728370,2.062055654
2026-02-24 12:30:00,5.609934008,7.625445627,2.389396915
2026-02-24 12:30:10,5.629154250,7.655248055,2.230758181
2026-02-24 12:30:20,6.091344647,7.560547426,2.529556217
2026-02-24 12:30:30,5.949789191,7.397577786,2.671924723
2026-02-24 12:30:40,6.093199640,7.370868353,2.717779589
2026-02-24 12:30:50,6.006876676,7.360191514,2.158152611
2026-02-24 12:31:00,5.925969986,7.293665187,2.318405055
2026-02-24 12:31:10,5.603503133,7.291724004,1.972461260
2026-02-24 12:31:20,5.424585666,7.763842935,1.822398041
2026-02-24 12:31:30,5.963250481,7.317898354,2.285882518
2026-02-24 12:31:40,5.984564631,7.408498683,2.241307580
2026-02-24 12:31:50,5.658538030,7.532526807,2.076488938
2026-02-24 12:32:00,5.917360385,7.670650253,2.104353858
2026-02-24 12:32:10,5.786112081,7.535362147,2.299707861
2026-02-24 12:32:20,5.858676360,7.738513681,1.806909344
2026-02-24 12:32:30,5.878432417,7.405720935,2.461618984
2026-02-24 12:32:40,5.357275633,7.785671564,2.050270987
2026-02-24 12:32:50,5.111130885,7.893614767,2.383160704
2026-02-24 12:33:00,5.978677243,7.454588223,2.554414212
2026-02-24 12:33:10,5.940532307,7.427355324,2.436200416
2026-02-24 12:33:20,6.099191008,7.670373073,2.054794935
2026-02-24 12:33:30,5.914811540,7.757430962,2.029944076
2026-02-24 12:33:40,5.695533106,7.527658408,1.819209986
2026-02-24 12:33:50,6.250434681,7.427624677,1.962947856
2026-02-24 12:34:00,6.485944141,7.426082460,1.857054582
2026-02-24 12:34:10,6.271478308,7.321862581,1.671742152
2026-02-24 12:34:20,6.161226425,7.220893134,0.878664393
2026-02-24 12:34:30,6.622003313,6.978576421,1.279634624
2026-02-24 12:34:40,6.446454831,7.286425741,1.492523383
2026-02-24 12:34:50,5.854082157,7.263988161,1.398076340
2026-02-24 12:35:00,5.877794586,7.651341755,1.646779650
2026-02-24 12:35:10,5.792054489,7.562691390,2.193262150
2026-02-24 12:35:20,5.519583879,7.944900591,2.713526227
2026-02-24 12:35:30,5.425165223,7.790819883,2.085460475
2026-02-24 12:35:40,5.766826444,7.594058241,2.185080027
2026-02-24 12:35:50,5.631152417,7.662767413,1.701621775
2026-02-24 12:36:00,5.606829837,7.739929332,1.173287405
2026-02-24 12:36:10,6.021570946,7.636996277,1.337982262
2026-02-24 12:36:20,6.166691420,7.496799483,1.224533434
2026-02-24 12:36:30,6.124490947,7.690157952,1.415216179
2026-02-24 12:36:40,5.907568902,7.887857585,1.283635720
2026-02-24 12:36:50,5.159528197,8.334707286,1.209180742
2026-02-24 12:37:00,5.293941602,8.178573289,1.159223550
2026-02-24 12:37:10,5.290361495,7.813802726,1.387122454
2026-02-24 12:37:20,5.701021842,8.062756125,1.175996677
2026-02-24 12:37:30,5.490080880,8.057951151,0.981279721
2026-02-24 12:37:40,5.091122007,7.904919547,0.894045205
2026-02-24 12:37:50,5.861683497,7.961910214,0.970751702
2026-02-24 12:38:00,5.476487056,7.773573028,1.463556980
2026-02-24 12:38:10,5.702933901,7.667232355,1.228363920
2026-02-24 12:38:20,5.922449625,7.793328742,1.000407288
2026-02-24 12:38:30,5.736687356,8.014283476,0.369383934
2026-02-24 12:38:40,5.436166306,7.838893663,1.406947660
2026-02-24 12:38:50,5.884814821,7.688194034,1.108922274
2026-02-24 12:39:00,5.301293596,8.156710512,1.350939130
2026-02-24 12:39:10,5.345433269,7.945367235,1.381635653
2026-02-24 12:39:20,5.180594768,8.346519031,0.933944758
2026-02-24 12:39:30,5.519348002,8.113363367,1.094958976
2026-02-24 12:39:40,5.910463384,8.059394217,0.901322234
2026-02-24 12:39:50,6.024142675,7.740699353,0.879455912
2026-02-24 12:40:00,5.965747914,7.835665523,0.889723900
2026-02-24 12:40:10,5.828898475,8.065826229,0.841023376
2026-02-24 12:40:20,5.420290104,8.088579094,0.951402768
2026-02-24 12:40:30,5.231672346,8.066949828,1.082200200
2026-02-24 12:40:40,5.025209710,8.713541726,1.077603000
2026-02-24 12:40:50,4.774657218,8.161944474,1.126493820
2026-02-24 12:41:00,4.252460660,8.329448404,1.248953931
2026-02-24 12:41:10,4.684457420,8.614808651,1.448757517
2026-02-24 12:41:20,4.398566474,8.696792674,2.025695746
2026-02-24 12:41:30,4.516726298,8.715208048,1.646571098
2026-02-24 12:41:40,4.649672791,8.511749150,2.283371758
2026-02-24 12:41:50,4.267169933,8.630182408,1.825882990
2026-02-24 12:42:00,4.088669072,8.901134829,1.869598729
2026-02-24 12:42:10,3.994853571,8.997772322,2.019844275
2026-02-24 12:42:20,4.036187802,8.785521437,1.772630164
2026-02-24 12:42:30,4.278916336,8.673912374,2.101997019
2026-02-24 12:42:40,4.184854201,8.533856811,2.082820986
2026-02-24 12:42:50,3.553240389,9.039942989,1.994900050
2026-02-24 12:43:00,4.123084305,8.692158075,2.277207046
2026-02-24 12:43:10,3.681589314,8.964705857,2.434778303
2026-02-24 12:43:20,3.517310725,8.727543652,2.186713831
2026-02-24 12:43:30,3.258706651,9.096090674,2.511959533
2026-02-24 12:43:40,3.561388781,8.694455752,2.462155401
2026-02-24 12:43:50,3.686700740,8.920494543,2.305630050
2026-02-24 12:44:00,4.003368447,8.726333557,2.157645046
2026-02-24 12:44:10,4.091886620,8.724268797,2.754172366
2026-02-24 12:44:20,3.481536658,8.661398779,2.566487187
2026-02-24 12:44:30,3.568813211,8.391570972,3.198752739
2026-02-24 12:44:40,3.907928233,8.742279884,3.093198686
2026-02-24 12:44:50,4.017985954,8.478760821,3.108558950
2026-02-24 12:45:00,3.917320629,8.576834000,2.917681530
2026-02-24 12:45:10,3.605326911,8.377634498,3.225296224
2026-02-24 12:45:20,4.040909113,8.482994610,3.288210352
2026-02-24 12:45:30,4.267794626,8.176584358,3.286081569
2026-02-24 12:45:40,4.349818528,7.816074142,3.258065461
2026-02-24 12:45:50,4.278210917,8.016326462,3.091764414
2026-02-24 12:46:00,4.024961637,8.266264884,3.165669913
2026-02-24 12:46:10,4.219540114,8.393361551,2.961505835
2026-02-24 12:46:20,4.131050522,8.284217232,2.674066387
2026-02-24 12:46:30,4.636333943,8.338681155,2.790456279
2026-02-24 12:46:40,4.058494945,8.336767083,3.021630176
2026-02-24 12:46:50,4.304044237,8.450355415,3.011564060
2026-02-24 12:47:00,4.283271856,8.533169833,2.459863001
2026-02-24 12:47:10,4.375753117,8.501408072,2.923035708
2026-02-24 12:47:20,3.769122860,8.738655917,2.489861115
2026-02-24 12:47:30,4.074670291,8.480826832,2.547503163
2026-02-24 12:47:40,3.869013136,8.659705980,2.315807621
2026-02-24 12:47:50,3.575941774,8.668048993,2.694718356
2026-02-24 12:48:00,3.710933198,8.477342920,3.050128219
2026-02-24 12:48:10,3.387620720,8.672978452,2.999920168
2026-02-24 12:48:20,3.459544629,8.653398235,2.935328499
2026-02-24 12:48:30,3.443245071,8.572759427,2.675659981
2026-02-24 12:48:40,3.774740397,8.816401034,2.547433180
2026-02-24 12:48:50,3.410605517,8.629057741,2.383453405
2026-02-24 12:49:00,3.187838197,8.766985823,2.922759272
2026-02-24 12:49:10,3.015004553,8.735869898,3.134483515
2026-02-24 12:49:20,3.307632937,8.813156774,2.726856844
2026-02-24 12:49:30,2.930832134,8.595524823,2.738527788
2026-02-24 12:49:40,3.097328677,8.858489234,2.945313492
2026-02-24 12:49:50,3.121303607,8.793853513,3.164212326
2026-02-24 12:50:00,3.291281091,8.848458745,2.548083996
2026-02-24 12:50:10,3.403716564,8.953002982,2.770703706
2026-02-24 12:50:20,3.576262942,9.001735244,2.800361887
2026-02-24 12:50:30,3.631171013,8.520175312,2.352613193
2026-02-24 12:50:40,3.413998091,8.646776106,2.637928823
2026-02-24 12:50:50,3.719611160,8.522069979,2.648140849
2026-02-24 12:51:00,3.608029846,8.974590587,2.811997522
2026-02-24 12:51:10,3.340632232,8.755321431,2.978764517
2026-02-24 12:51:20,3.336057163,8.918702878,2.364669292
2026-02-24 12:51:30,2.750521361,8.983229256,2.658369247
2026-02-24 12:51:40,3.044755682,9.061200665,2.095859115
2026-02-24 12:51:50,2.517681431,9.418790584,1.793875955
2026-02-24 12:52:00,2.864825051,9.508911493,1.841136067
2026-02-24 12:52:10,2.802928890,9.308893235,1.756496916
2026-02-24 12:52:20,2.962024185,9.234968512,1.821883329
2026-02-24 12:52:30,2.447947558,9.283402719,1.701271923
2026-02-24 12:52:40,3.025323751,9.336546250,1.954956791
2026-02-24 12:52:50,2.655626889,9.042735492,1.309070349
2026-02-24 12:53:00,2.496572630,9.418898644,1.791292441
2026-02-24 12:53:10,2.632450928,9.206497514,1.724234592
2026-02-24 12:53:20,2.621872306,9.373719922,1.414071863
2026-02-24 12:53:30,2.956222555,9.294724006,1.661728738
2026-02-24 12:53:40,2.597349129,9.207961864,1.540589492
2026-02-24 12:53:50,2.772685445,9.109297858,1.402416762
2026-02-24 12:54:00,2.501828436,9.236356095,1.660890957
2026-02-24 12:54:10,2.858660352,9.040293130,1.483906702
2026-02-24 12:54:20,3.238147960,9.343717262,1.369424805
2026-02-24 12:54:30,2.967236692,9.227494253,1.600816630
2026-02-24 12:54:40,2.659585370,9.262109476,0.956611142
2026-02-24 12:54:50,2.778541521,9.134952423,1.170765295
2026-02-24 12:55:00,2.619554537,9.102169695,1.520032976
2026-02-24 12:55:10,2.877871934,9.226442984,1.552896552
2026-02-24 12:55:20,2.933427525,9.318767062,1.432987124
2026-02-24 12:55:30,2.513221569,9.366351983,1.586461674
2026-02-24 12:55:40,2.318774095,9.366122086,1.347659531
2026-02-24 12:55:50,2.404679084,9.368381522,1.500232316
2026-02-24 12:56:00,2.581961755,9.779892064,1.420003453
2026-02-24 12:56:10,2.482738575,9.658327388,1.401675560
2026-02-24 12:56:20,2.181908133,9.596637367,1.600247461
2026-02-24 12:56:30,2.206909550,9.466601041,1.514530404
2026-02-24 12:56:40,1.883818184,9.530534787,1.714964893
2026-02-24 12:56:50,2.397976543,9.350729255,1.194164279
2026-02-24 12:57:00,2.204069996,9.230036930,1.055990980
2026-02-24 12:57:10,2.486429167,9.320921675,1.339897574
2026-02-24 12:57:20,2.173292873,9.266086393,1.508372517
2026-02-24 12:57:30,2.243894970,9.333027426,1.433496810
2026-02-24 12:57:40,1.770453392,9.426124400,1.244800192
2026-02-24 12:57:50,1.963525100,9.782799471,1.098225477
2026-02-24 12:58:00,2.156348270,9.653328222,1.245130397
2026-02-24 12:58:10,2.115404141,9.412470438,1.320541149
2026-02-24 12:58:20,2.228741883,9.349362960,0.743852350
2026-02-24 12:58:30,2.007842648,9.728322909,1.222542394
2026-02-24 12:58:40,2.085782847,9.289492384,1.264318857
2026-02-24 12:58:50,1.481837859,10.104183416,0.763814831
2026-02-24 12:59:00,1.590618933,9.534108816,0.604639153
2026-02-24 12:59:10,1.403669021,9.551031013,0.560108643
2026-02-24 12:59:20,1.324587346,9.579700862,0.195759953
2026-02-24 12:59:30,1.410439720,9.549751397,0.189051018
2026-02-24 12:59:40,1.738839609,9.714523513,0.325482605
2026-02-24 12:59:50,2.144125447,9.669411265,0.003280380
2026-02-24 13:00:00,2.002348589,9.695394704,0.171540523
2026-02-24 13:00:10,2.029420749,9.571259122,0.097003846
2026-02-24 13:00:20,2.183488167,9.611492429,-0.355237899
2026-02-24 13:00:30,2.224818146,9.497355730,-0.068358868
2026-02-24 13:00:40,2.735681836,9.385251970,-0.724032779
2026-02-24 13:00:50,2.606691226,9.547587982,-0.368828030
2026-02-24 13:01:00,2.690024093,9.639974206,-0.742324359
2026-02-24 13:01:10,2.401461833,9.406509753,-0.903002583
2026-02-24 13:01:20,2.648447900,9.218844033,-1.125670320
2026-02-24 13:01:30,2.308782205,9.491123540,-1.261768538
2026-02-24 13:01:40,2.409213506,9.477750348,-1.356677341
2026-02-24 13:01:50,2.537163800,9.367000949,-1.661695055
2026-02-24 13:02:00,2.877024268,9.252750970,-1.118873432
2026-02-24 13:02:10,2.333593120,9.254981412,-1.900730222
2026-02-24 13:02:20,2.329770349,9.382215382,-1.351026888
2026-02-24 13:02:30,2.523321285,9.061241538,-1.573751449
2026-02-24 13:02:40,2.243513035,9.470936549,-1.454202019
2026-02-24 13:02:50,2.007191588,9.342054137,-1.309020665
2026-02-24 13:03:00,2.254457297,9.243481835,-1.512234568
2026-02-24 13:03:10,2.099483653,9.662996265,-1.752909649
2026-02-24 13:03:20,1.837998192,9.307825307,-1.937980421
2026-02-24 13:03:30,1.923075642,9.185529811,-2.200294192
2026-02-24 13:03:40,1.944332218,9.350625020,-2.179707673
2026-02-24 13:03:50,2.024161962,9.360735923,-2.270574147
2026-02-24 13:04:00,2.143396283,9.148705577,-2.201357320
2026-02-24 13:04:10,1.782311687,9.404615408,-2.019723407
2026-02-24 13:04:20,1.923476216,9.202311367,-2.307656415
2026-02-24 13:04:30,1.814787330,9.318556498,-2.448245075
2026-02-24 13:04:40,1.798906988,9.344033139,-2.519148048
2026-02-24 13:04:50,1.795289437,9.253609378,-2.799483197
2026-02-24 13:05:00,1.997544525,9.227960969,-2.457209162
2026-02-24 13:05:10,1.753733761,9.479106272,-2.335068599
2026-02-24 13:05:20,1.534873181,9.385748792,-2.370454772
2026-02-24 13:05:30,1.668469719,9.351834712,-2.411987457
2026-02-24 13:05:40,1.611972104,9.603877185,-2.878760991
2026-02-24 13:05:50,1.601338880,9.343990530,-2.882179636
2026-02-24 13:06:00,2.002487276,9.272238338,-2.739212090
2026-02-24 13:06:10,2.386279967,9.263093812,-2.766299693
2026-02-24 13:06:20,2.398491004,9.320825331,-2.304532527
2026-02-24 13:06:30,2.163015652,9.064192448,-2.518630254
2026-02-24 13:06:40,2.003424176,9.341620364,-2.705610040
2026-02-24 13:06:50,2.305855547,9.482277787,-2.746364864
2026-02-24 13:07:00,2.057929558,9.077586923,-2.165572774
2026-02-24 13:07:10,2.289564794,9.512178308,-2.615183756
2026-02-24 13:07:20,2.304709362,9.130618998,-2.236078048
2026-02-24 13:07:30,1.921875901,9.283442702,-2.669880761
2026-02-24 13:07:40,2.108593908,9.439834636,-2.538719051
2026-02-24 13:07:50,2.650315217,9.252517213,-2.256048552
2026-02-24 13:08:00,2.540276106,9.301924829,-2.109209229
2026-02-24 13:08:10,2.170513512,9.466881061,-1.962789971
2026-02-24 13:08:20,2.439027206,9.425386039,-1.570976762
2026-02-24 13:08:30,2.675154819,9.257154328,-1.365718439
2026-02-24 13:08:40,2.261057047,9.353966491,-1.044514295
2026-02-24 13:08:50,3.110505826,9.447905900,-1.093759818
2026-02-24 13:09:00,2.769037014,9.292806476,-1.107740361
2026-02-24 13:09:10,2.915839189,9.364314214,-0.884876785
2026-02-24 13:09:20,2.851122506,9.495896300,-0.691952320
2026-02-24 13:09:30,3.193367241,9.051698381,-0.600046292
2026-02-24 13:09:40,3.008824445,9.268627551,-0.500832714
2026-02-24 13:09:50,3.117912853,9.343124621,-0.734861415
2026-02-24 13:10:00,3.387591093,9.296131710,-0.488501238
2026-02-24 13:10:10,3.203317476,9.259017123,-0.365553660
2026-02-24 13:10:20,3.349546550,9.368390680,-0.835205208
2026-02-24 13:10:30,3.364857109,9.242654521,-0.635750463
2026-02-24 13:10:40,3.465508605,9.174681821,-0.847616641
2026-02-24 13:10:50,3.010792920,9.205150178,-1.023136865
2026-02-24 13:11:00,3.551610598,8.828053051,-1.279575865
2026-02-24 13:11:10,3.297326302,9.026183934,-1.269162273
2026-02-24 13:11:20,3.374750013,9.121717954,-1.132173286
2026-02-24 13:11:30,3.371882228,9.123552228,-0.746110921
2026-02-24 13:11:40,3.641284331,9.168766863,-0.809522144
2026-02-24 13:11:50,3.903327072,9.024649235,-0.896900549
2026-02-24 13:12:00,3.794363015,9.097809536,-1.218568543
2026-02-24 13:12:10,3.675480735,8.934214384,-1.181035517
2026-02-24 13:12:20,3.834182937,9.086438795,-1.194071874
2026-02-24 13:12:30,3.512253509,9.089033255,-1.294510964
2026-02-24 13:12:40,3.903711853,8.620335344,-1.520766625
2026-02-24 13:12:50,3.672718332,8.699102368,-1.344151446
2026-02-24 13:13:00,4.206469196,8.806805188,-1.508259340
2026-02-24 13:13:10,4.683564258,8.587429632,-1.767526463
2026-02-24 13:13:20,4.282760138,8.566076813,-2.073302489
2026-02-24 13:13:30,4.323356175,8.611443706,-1.544647973
2026-02-24 13:13:40,4.274160805,8.732923382,-1.650789510
2026-02-24 13:13:50,4.395504318,8.758894044,-1.521736494
2026-02-24 13:14:00,4.389545894,8.617972034,-1.698533890
2026-02-24 13:14:10,4.331151205,8.791172842,-1.742598253
2026-02-24 13:14:20,4.471163123,8.643986001,-1.719113564
2026-02-24 13:14:30,4.652575960,8.292661764,-1.951476952
2026-02-24 13:14:40,4.441945905,8.682729721,-1.491714834
2026-02-24 13:14:50,3.936017110,8.702734389,-1.627031810
2026-02-24 13:15:00,4.049691039,8.790778016,-1.409309096
2026-02-24 13:15:10,3.733444585,8.883354268,-1.476843683
2026-02-24 13:15:20,3.478702442,8.818743695,-1.248009386
2026-02-24 13:15:30,3.474372914,9.079467895,-1.023936535
2026-02-24 13:15:40,4.012837624,9.016634063,-1.096990389
2026-02-24 13:15:50,3.745659927,8.807164921,-1.347531137
2026-02-24 13:16:00,3.971691374,8.671114475,-1.169339764
2026-02-24 13:16:10,4.028577496,8.705937910,-1.264443578
2026-02-24 13:16:20,3.768630504,9.047452071,-1.147912693
2026-02-24 13:16:30,3.603521730,8.848275192,-1.392843147
2026-02-24 13:16:40,3.793236834,9.026048989,-1.430106299
2026-02-24 13:16:50,3.699272625,8.886871121,-1.874766257
2026-02-24 13:17:00,3.529066419,8.891887700,-1.691642741
2026-02-24 13:17:10,3.274314088,8.952151769,-1.971143083
2026-02-24 13:17:20,3.675100012,8.708837176,-1.754712247
2026-02-24 13:17:30,3.394711290,8.751560668,-1.817993221
2026-02-24 13:17:40,3.358204702,8.946694899,-1.943368572
2026-02-24 13:17:50,3.934047357,8.524501123,-2.110493304
2026-02-24 13:18:00,4.040484251,8.990859146,-2.200265622
2026-02-24 13:18:10,3.711143040,9.119398885,-1.027417231
2026-02-24 13:18:20,3.831555404,9.055631399,-1.525054468
2026-02-24 13:18:30,3.577285148,9.166214269,-1.661294260
2026-02-24 13:18:40,3.595068584,8.897423716,-2.386037141
2026-02-24 13:18:50,3.326849498,8.651267548,-1.998403543
2026-02-24 13:19:00,3.019171654,9.022578356,-2.287010194
2026-02-24 13:19:10,3.309012266,9.104402947,-2.199887391
2026-02-24 13:19:20,3.289746889,8.738827372,-2.290029006
2026-02-24 13:19:30,3.124496752,9.155175493,-2.295713655
2026-02-24 13:19:40,2.857107829,9.009419832,-2.231669727
2026-02-24 13:19:50,2.859105932,9.315146074,-1.905111122
2026-02-24 13:20:00,2.665869675,9.180003831,-2.279886915
2026-02-24 13:20:10,2.764062604,9.317594386,-2.331142234
2026-02-24 13:20:20,2.873895845,9.152724136,-2.023057096
2026-02-24 13:20:30,3.101683899,9.047687523,-2.116556514
2026-02-24 13:20:40,2.613313765,9.069831292,-2.233549935
2026-02-24 13:20:50,2.850523571,9.017064271,-1.851350137
2026-02-24 13:21:00,2.483501689,9.235465042,-1.685257686
2026-02-24 13:21:10,2.653761301,9.130939524,-1.961365015
2026-02-24 13:21:20,3.249707690,9.260458359,-1.857101024
2026-02-24 13:21:30,3.329447895,9.237158096,-1.418778507
2026-02-24 13:21:40,3.014682195,9.246115482,-1.629832343
2026-02-24 13:21:50,2.402289913,9.079100343,-1.753463403
2026-02-24 13:22:00,2.848978965,9.372152249,-1.633428498
2026-02-24 13:22:10,2.382228764,9.006662521,-1.917683474
2026-02-24 13:22:20,2.443849068,9.336818932,-1.909202604
2026-02-24 13:22:30,2.428524572,9.229224436,-1.803423235
2026-02-24 13:22:40,2.415519289,9.652881447,-2.224720350
2026-02-24 13:22:50,2.226289095,9.462593430,-1.865966466
2026-02-24 13:23:00,2.586229248,9.093963524,-1.700209646
2026-02-24 13:23:10,2.415828726,9.472020714,-1.951727982
2026-02-24 13:23:20,2.845625356,9.023169918,-2.266571536
2026-02-24 13:23:30,3.310657749,9.141816889,-2.392499612
2026-02-24 13:23:40,3.205198770,8.994493203,-1.961199154
2026-02-24 13:23:50,3.459489383,8.792306400,-1.884744121
2026-02-24 13:24:00,9.495604411,0.520141981,-1.261613009
2026-02-24 13:24:10,7.681788304,0.396637585,-6.379387300
2026-02-24 13:24:20,9.024575958,1.286759977,-3.857206626
2026-02-24 13:24:30,7.997941304,3.412930953,-4.323364557
2026-02-24 13:24:40,8.594696590,1.788213825,-3.960946407
2026-02-24 13:24:50,8.241159975,4.851674876,-3.160036730
2026-02-24 13:25:00,7.981401092,5.652323148,-1.619266157
2026-02-24 13:25:10,7.759654251,5.312330310,-2.923955751
2026-02-24 13:25:20,8.036292780,4.545729654,-3.284841676
2026-02-24 13:25:30,9.214779084,2.777664587,-1.950093596
2026-02-24 13:25:40,8.439218642,-3.777587263,-3.048512711
2026-02-24 13:25:50,7.735980430,-2.125057577,-5.917057963
2026-02-24 13:26:00,6.406401455,-0.415727395,-7.465149170
2026-02-24 13:26:10,8.098663063,-1.306188202,-4.811196553
2026-02-24 13:26:20,8.617434397,-2.698104497,-3.832381587
2026-02-24 13:26:30,9.227174796,-1.957057240,-1.702235133
2026-02-24 13:26:40,9.577275096,-2.721322422,-0.202150010
2026-02-24 13:26:50,9.960045023,-2.000686707,1.837187512
2026-02-24 13:27:00,9.428883808,-0.057584347,1.442482587
2026-02-24 13:27:10,9.211419888,0.343495908,2.790951000
2026-02-24 13:27:20,9.293862395,-2.396617665,2.694318066
2026-02-24 13:27:30,8.416392677,-3.170007128,3.477757908
2026-02-24 13:27:40,6.672190267,-5.078798781,4.668960948
2026-02-24 13:27:50,7.124117141,-3.501108517,5.674492535
2026-02-24 13:28:00,7.343406564,-3.631440870,5.612502215
2026-02-24 13:28:10,7.565326932,-2.953300407,5.636889411
2026-02-24 13:28:20,6.587596330,-4.346380502,5.525408734
2026-02-24 13:28:30,6.779279853,-3.223512239,6.120011932
2026-02-24 13:28:40,6.332313778,-4.281232290,6.079970440
2026-02-24 13:28:50,6.897163123,-3.951264017,5.734923525
2026-02-24 13:29:00,6.856182323,-4.963174986,4.874617186
2026-02-24 13:29:10,6.483306226,-5.598714836,4.966215231
2026-02-24 13:29:20,7.065639360,-5.648022774,4.251812128
2026-02-24 13:29:30,6.982074774,-5.919484565,3.781393767
2026-02-24 13:29:40,6.695345414,-5.339615016,4.268846719
2026-02-24 13:29:50,6.928856233,-5.638335501,4.432736784
2026-02-24 13:30:00,6.715510854,-5.983269459,4.165749206
2026-02-24 13:30:10,7.499110116,-4.478710304,3.858893878
2026-02-24 13:30:20,6.836545597,-4.100238382,6.042136924
2026-02-24 13:30:30,7.164029589,-3.753723038,5.195090063
2026-02-24 13:30:40,6.330960954,-4.809413187,6.199055387
2026-02-24 13:30:50,6.772276359,-4.889902931,5.409190371
2026-02-24 13:31:00,7.070241727,-4.474577423,4.858276801
2026-02-24 13:31:10,6.162959795,-6.467127312,3.507390830
2026-02-24 13:31:20,7.044361981,-5.280661018,4.623329576
2026-02-24 13:31:30,6.201062862,-6.373050472,4.229699805
2026-02-24 13:31:40,6.713493687,-5.184458341,4.942339377
2026-02-24 13:31:50,6.445543990,-5.372430240,4.544753611
2026-02-24 13:32:00,6.266912178,-6.063697581,4.293934322
2026-02-24 13:32:10,6.436411051,-6.642524112,3.156005373
2026-02-24 13:32:20,5.614618350,-5.692040608,5.406093657
2026-02-24 13:32:30,2.444734674,-7.583208976,5.405736737
2026-02-24 13:32:40,2.409951811,-7.224968987,5.885601545
2026-02-24 13:32:50,4.255426295,-6.930582663,5.619508357
2026-02-24 13:33:00,6.602512350,-5.443833842,4.865921519
2026-02-24 13:33:10,7.225443840,-5.256875224,4.409852570
2026-02-24 13:33:20,9.002441307,-3.062282165,1.705069938
2026-02-24 13:33:30,9.155567749,-3.795158182,-0.231572491
2026-02-24 13:33:40,9.131834173,-3.326094534,0.580998734
2026-02-24 13:33:50,8.985051989,-2.844019894,2.978340476
2026-02-24 13:34:00,8.984131145,-3.027622091,3.097555748
2026-02-24 13:34:10,9.241339581,-2.912546941,1.201704206
2026-02-24 13:34:20,8.330491501,-4.158815986,2.152744073
2026-02-24 13:34:30,8.528341746,-4.438555521,1.827322862
2026-02-24 13:34:40,9.141975127,-3.651729444,0.079837002
2026-02-24 13:34:50,9.248791810,-3.230211773,-0.387706151
2026-02-24 13:35:00,8.843513812,-4.158928029,-0.649888882
2026-02-24 13:35:10,8.851813253,-3.687674016,-0.850175458
2026-02-24 13:35:20,8.903329166,-3.021918929,-3.051335616
2026-02-24 13:35:30,8.313645266,-2.099793707,-4.745914579
2026-02-24 13:35:40,8.566928174,-1.482336835,-4.516995284
2026-02-24 13:35:50,7.879777466,-4.805741837,-2.986005990
2026-02-24 13:36:00,8.514117417,-4.314373054,-1.457495536
2026-02-24 13:36:10,8.658727575,-3.544868029,-2.854668670
2026-02-24 13:36:20,7.630878054,-2.966183249,-5.760451467
2026-02-24 13:36:30,7.354908999,-5.612453705,-2.668935706
2026-02-24 13:36:40,8.309064959,-5.053307390,-0.901102063
2026-02-24 13:36:50,5.528857744,-8.340709755,-0.272911114
2026-02-24 13:37:00,7.297233864,-5.809348521,-3.087134459
2026-02-24 13:37:10,7.355711313,-3.105645759,-5.699936118
2026-02-24 13:37:20,7.365159747,-2.740567265,-5.597396510
2026-02-24 13:37:30,7.624750793,-4.514236105,-4.128266467
2026-02-24 13:37:40,9.022667811,-2.770141023,-2.665463390
2026-02-24 13:37:50,9.472858525,-0.782882277,-2.579454785
2026-02-24 13:38:00,8.704549283,-1.653264398,-3.494709073
2026-02-24 13:38:10,9.649306437,-1.402459074,-2.053364916
2026-02-24 13:38:20,9.235711076,-3.234824502,-2.062115845
2026-02-24 13:38:30,8.531738697,-3.508165000,-2.824745828
2026-02-24 13:38:40,7.826347503,-3.099019422,-4.421858621
2026-02-24 13:38:50,7.771780189,-3.108817520,-5.274148730
2026-02-24 13:39:00,7.417070777,-2.215704464,-6.140721255
2026-02-24 13:39:10,6.853580829,-2.316616150,-6.863530827
2026-02-24 13:39:20,6.069846930,-0.634932447,-7.955197838
2026-02-24 13:39:30,6.251597728,1.780740807,-7.494210108
2026-02-24 13:39:40,6.050177990,2.712106119,-7.053363225
2026-02-24 13:39:50,6.669753511,4.151325055,-5.727697646
2026-02-24 13:40:00,7.053860364,2.613652075,-6.400255029
2026-02-24 13:40:10,6.544237009,5.614259123,-5.272265541
2026-02-24 13:40:20,6.022452952,5.951890793,-5.225089664
2026-02-24 13:40:30,5.421521261,6.516121848,-4.875697861
2026-02-24 13:40:40,5.588959512,3.806518994,-7.107804144
2026-02-24 13:40:50,3.799982453,5.368789759,-7.120479564
2026-02-24 13:41:00,3.458137718,5.377770928,-7.033051729
2026-02-24 13:41:10,5.514070628,4.599584302,-6.610735468
2026-02-24 13:41:20,3.591918675,4.304518594,-8.104161444
2026-02-24 13:41:30,3.482631041,4.186779705,-7.866366310
2026-02-24 13:41:40,6.492165123,2.430960311,-6.926119963
2026-02-24 13:41:50,5.444805776,4.836283453,-6.321931103
2026-02-24 13:42:00,4.576762477,7.035529383,-5.667485700
2026-02-24 13:42:10,4.195932446,7.351018208,-4.987446062
2026-02-24 13:42:20,3.342638805,8.866039230,-1.213087186
2026-02-24 13:42:30,5.450716097,7.950786123,-2.240671248
2026-02-24 13:42:40,6.059009788,6.060470859,-4.886083630
2026-02-24 13:42:50,7.624040842,5.472661399,-2.792535563
2026-02-24 13:43:00,6.416227301,6.505646430,-2.625593834
2026-02-24 13:43:10,5.643499415,7.575599098,-2.309885510
2026-02-24 13:43:20,5.347396316,8.347207138,-0.840138208
2026-02-24 13:43:30,4.024368770,8.777273691,-0.837677049
2026-02-24 13:43:40,5.507650907,8.030472415,-1.234775314
2026-02-24 13:43:50,5.569698763,7.984789629,-1.360037242
2026-02-24 13:44:00,4.949905827,8.787802931,-1.004111455
2026-02-24 13:44:10,4.863450814,8.822375797,-0.617738533
2026-02-24 13:44:20,5.168460155,8.134370952,0.783045879
2026-02-24 13:44:30,5.293355711,8.062548063,-2.217588183
2026-02-24 13:44:40,4.927205790,8.018736463,-2.749214173
2026-02-24 13:44:50,3.990971997,8.283227529,-3.546139417
2026-02-24 13:45:00,3.877758563,8.730987893,-2.958269828
2026-02-24 13:45:10,2.626955459,9.598344738,0.495071341
2026-02-24 13:45:20,3.590188902,8.715448523,1.597980340
2026-02-24 13:45:30,5.177453823,7.918845056,1.624199558
2026-02-24 13:45:40,6.526016643,7.320245298,2.045524733
2026-02-24 13:45:50,6.714912585,6.576048574,3.599540893
2026-02-24 13:46:00,5.557593189,6.608599853,4.432164441
2026-02-24 13:46:10,5.021054185,6.130458119,5.964954706
2026-02-24 13:46:20,8.621642282,2.581054188,3.079811511
2026-02-24 13:46:30,8.330473209,4.347899884,3.140357070
2026-02-24 13:46:40,6.857895402,6.846660906,2.430062482
2026-02-24 13:46:50,7.303177601,6.078114168,2.406789753
2026-02-24 13:47:00,4.830736258,6.827840526,5.053562179
2026-02-24 13:47:10,4.213344390,6.372976858,6.239040978
2026-02-24 13:47:20,4.468163019,7.454451706,4.608940915
2026-02-24 13:47:30,5.999249588,5.941081240,4.929171162
2026-02-24 13:47:40,5.283490406,7.917994717,1.269240491
2026-02-24 13:47:50,6.820397486,6.786729641,1.560946203
2026-02-24 13:48:00,5.055102266,7.907119116,0.335866770
2026-02-24 13:48:10,5.193127758,8.105592463,1.916471674
2026-02-24 13:48:20,6.287798708,7.631512406,0.972467289
2026-02-24 13:48:30,8.823552293,4.347376777,0.390232677
2026-02-24 13:48:40,9.407047231,2.627478622,0.711732718
2026-02-24 13:48:50,8.417871675,3.697904529,2.450530780
2026-02-24 13:49:00,9.495646372,2.346689930,-1.100877489
2026-02-24 13:49:10,8.486569756,5.003721387,-0.859697004
2026-02-24 13:49:20,9.180652882,3.797139351,-0.131907129
2026-02-24 13:49:30,8.924685083,3.556623716,-1.949422614
2026-02-24 13:49:40,6.639045395,6.138446337,-3.424310896
2026-02-24 13:49:50,8.006882070,5.603481268,0.912264601
2026-02-24 13:50:00,9.380583133,2.780893141,-0.019445869
2026-02-24 13:50:10,9.791008536,0.876127033,-0.110770501
2026-02-24 13:50:20,9.681129145,1.337493321,-0.384131368
2026-02-24 13:50:30,9.860782794,0.864847106,-0.040903186
2026-02-24 13:50:40,9.470269238,2.674685640,-0.862360315
2026-02-24 13:50:50,8.948095762,2.789837218,2.424423342
2026-02-24 13:51:00,8.775499996,4.436013168,0.620248760
2026-02-24 13:51:10,9.118946247,3.519679391,0.005546923
2026-02-24 13:51:20,8.960565774,3.359909415,2.040559668
2026-02-24 13:51:30,8.014554227,1.300446898,5.670310615
2026-02-24 13:51:40,5.857798297,3.854712226,6.797651859
2026-02-24 13:51:50,5.230634643,4.142322609,7.557943139
2026-02-24 13:52:00,6.778859569,2.753483604,6.773006170
2026-02-24 13:52:10,7.055814370,1.920631322,6.608186443
2026-02-24 13:52:20,7.784064528,1.837807824,5.674414643
2026-02-24 13:52:30,8.435818304,-0.773480643,5.324408456
2026-02-24 13:52:40,8.340479272,-1.361458210,5.276689480
2026-02-24 13:52:50,8.443453930,-1.210081171,4.840226523
2026-02-24 13:53:00,8.844467968,-0.807388682,4.259247750
2026-02-24 13:53:10,9.215579946,0.329514656,2.644549924
2026-02-24 13:53:20,9.082895791,1.740632240,3.265786454
2026-02-24 13:53:30,9.094069384,2.123471678,3.695717814
2026-02-24 13:53:40,9.046103476,2.086300643,3.200093010
2026-02-24 13:53:50,8.855095376,1.366274982,4.900336135
2026-02-24 13:54:00,9.044560773,0.673576171,3.452675643
2026-02-24 13:54:10,9.181916292,1.059602898,3.533862071
2026-02-24 13:54:20,8.757238012,1.249460572,3.337648959
2026-02-24 13:54:30,9.073493411,0.396002551,3.623929785
2026-02-24 13:54:40,8.426188212,1.445326173,5.397219716
2026-02-24 13:54:50,7.805429348,2.609037584,5.015967654
2026-02-24 13:55:00,7.489885830,3.302610899,5.205157894
2026-02-24 13:55:10,7.602204561,3.396324817,5.036208192
2026-02-24 13:55:20,8.008263119,3.732938625,4.479850124
2026-02-24 13:55:30,7.673078849,4.060573458,4.628951069
2026-02-24 13:55:40,8.426054592,4.384877359,2.638282335
2026-02-24 13:55:50,8.337993620,3.624015748,3.207753803
2026-02-24 13:56:00,8.027040899,4.000939568,3.917379721
2026-02-24 13:56:10,8.152842343,3.760802163,3.926044961
2026-02-24 13:56:20,7.816837125,3.557299517,5.269348036
2026-02-24 13:56:30,7.495820662,2.631279268,5.864515518
2026-02-24 13:56:40,7.523056974,2.766466426,5.622156453
2026-02-24 13:56:50,7.674045485,2.379563593,5.715330071
2026-02-24 13:57:00,7.368021983,3.156866105,5.906617632
2026-02-24 13:57:10,7.731533368,2.877874437,5.895479093
2026-02-24 13:57:20,7.477513104,2.179836674,6.253190052
2026-02-24 13:57:30,7.004180652,2.886068559,5.637060587
2026-02-24 13:57:40,7.351933703,2.614707155,5.714489882
2026-02-24 13:57:50,6.881493812,2.894051157,6.518832002
2026-02-24 13:58:00,6.359601518,2.727710776,6.616473801
2026-02-24 13:58:10,5.903689731,2.903039393,7.124693500
2026-02-24 13:58:20,6.880244621,2.353861295,6.895925849
2026-02-24 13:58:30,6.408055345,2.504360770,6.861713503
2026-02-24 13:58:40,6.043502566,2.732027565,7.220057012
2026-02-24 13:58:50,6.200664280,3.405236814,6.853604303
2026-02-24 13:59:00,5.952371362,2.663688269,7.663068852
2026-02-24 13:59:10,6.424117817,2.857170633,7.072258211
2026-02-24 13:59:20,6.522778274,2.736033642,6.868770201
2026-02-24 13:59:30,6.242297798,2.177950992,6.957197073
2026-02-24 13:59:40,6.320334451,2.303486775,7.524190554
2026-02-24 13:59:50,5.880654255,2.404473602,7.476709221
2026-02-24 14:00:00,6.584241939,3.002926971,7.132563175
2026-02-24 14:00:10,6.461190359,3.028656231,6.610543740
2026-02-24 14:00:20,6.813926836,2.958379549,6.670310023
2026-02-24 14:00:30,5.715705899,2.630550331,7.584003086
2026-02-24 14:00:40,5.424410101,2.449559290,7.735863873
2026-02-24 14:00:50,5.621449231,3.207659278,7.778543507
2026-02-24 14:01:00,5.141364506,2.524246072,8.137667267
2026-02-24 14:01:10,5.462109347,2.757581419,7.682399246
2026-02-24 14:01:20,5.204048031,2.426052294,8.111878650
2026-02-24 14:01:30,5.078873755,3.267197947,7.848607224
2026-02-24 14:01:40,4.943908647,3.321639949,7.845273261
2026-02-24 14:01:50,5.261752861,4.262576870,7.380550964
2026-02-24 14:02:00,4.795339357,4.571536874,6.984957913
2026-02-24 14:02:10,5.218430536,4.947801071,6.579600652
2026-02-24 14:02:20,5.643634423,5.111433679,6.306700783
2026-02-24 14:02:30,6.199756122,4.706093851,6.172482761
2026-02-24 14:02:40,6.435846202,4.193367530,6.243810124
2026-02-24 14:02:50,6.155165909,4.272439775,6.386318991
2026-02-24 14:03:00,5.697267546,5.329752000,5.963632457
2026-02-24 14:03:10,5.455101231,5.052666490,6.060594238
2026-02-24 14:03:20,5.657480081,4.841564947,6.233599316
2026-02-24 14:03:30,5.757636936,4.777951177,6.415363426
2026-02-24 14:03:40,4.678232195,5.249135598,6.728282109
2026-02-24 14:03:50,4.370642163,5.589572165,6.821487507
2026-02-24 14:04:00,3.601657181,5.131631522,7.436632690
2026-02-24 14:04:10,4.215503497,4.660909327,7.662147749
2026-02-24 14:04:20,4.094025867,4.266622592,7.954430716
2026-02-24 14:04:30,4.582998064,4.447006752,7.649804827
2026-02-24 14:04:40,4.244975880,3.881154610,7.997719914
2026-02-24 14:04:50,4.427726610,4.082227236,7.661337581
2026-02-24 14:05:00,4.773658576,3.427492139,7.710311955
2026-02-24 14:05:10,5.135242021,3.098966190,7.993896685
2026-02-24 14:05:20,4.521747551,3.037952787,7.893319054
2026-02-24 14:05:30,5.950421418,3.227891788,7.095370345
2026-02-24 14:05:40,6.275215125,3.812574011,6.792044657
2026-02-24 14:05:50,6.492841281,4.033159301,6.360112593
2026-02-24 14:06:00,7.038454148,3.600709137,5.900628997
2026-02-24 14:06:10,7.239834713,3.667414188,5.519636504
2026-02-24 14:06:20,6.974547008,4.168436828,5.568236647
2026-02-24 14:06:30,6.711867036,4.414821463,5.718599727
2026-02-24 14:06:40,5.662268254,4.961487569,6.087641689
2026-02-24 14:06:50,5.773282245,5.250736193,5.508946294
2026-02-24 14:07:00,6.134395326,5.650240370,5.498947987
2026-02-24 14:07:10,5.193941684,5.041581970,6.478853445
2026-02-24 14:07:20,5.584791375,4.683146520,6.808365943
2026-02-24 14:07:30,6.373927964,3.523536919,6.646834269
2026-02-24 14:07:40,5.595503648,3.517418863,7.185921121
2026-02-24 14:07:50,5.905294613,3.865363197,6.673320977
2026-02-24 14:08:00,6.550271703,4.833292063,5.368145099
2026-02-24 14:08:10,7.293694078,5.174606895,4.431377919
2026-02-24 14:08:20,7.913888412,4.458925025,4.124084242
2026-02-24 14:08:30,7.184639734,4.554575172,4.676406985
2026-02-24 14:08:40,7.310874644,4.256537114,4.792895488
2026-02-24 14:08:50,7.432196924,4.383744980,4.961316140
2026-02-24 14:09:00,7.460261383,4.519829736,4.252853596
2026-02-24 14:09:10,7.379803699,4.222883779,5.047273934
2026-02-24 14:09:20,7.204047640,4.193111615,5.446868879
2026-02-24 14:09:30,6.741670861,4.176854312,5.377748493
2026-02-24 14:09:40,6.570846764,4.658660487,5.685309881
2026-02-24 14:09:50,6.548355711,4.683179868,5.931757904
2026-02-24 14:10:00,6.150859827,4.272363347,6.106142466
2026-02-24 14:10:10,5.525830782,4.469467589,6.998666573
2026-02-24 14:10:20,5.546167998,4.696072057,6.534605294
2026-02-24 14:10:30,5.640164284,3.938390562,7.184951688
2026-02-24 14:10:40,5.734297649,3.532103732,7.014867296
2026-02-24 14:10:50,6.109088787,3.380541106,7.171139746
2026-02-24 14:11:00,5.501082225,3.133830889,7.453546903
2026-02-24 14:11:10,6.093341809,3.121144494,6.988180966
2026-02-24 14:11:20,6.195179249,3.154934753,6.782304450
2026-02-24 14:11:30,5.896273855,3.586016236,6.936567512
2026-02-24 14:11:40,5.437707963,3.748608549,6.875066326
2026-02-24 14:11:50,5.837637312,3.788103050,7.137581578
2026-02-24 14:12:00,5.727908227,3.377373150,7.217099218
2026-02-24 14:12:10,5.792947186,3.019009634,7.215107410
2026-02-24 14:12:20,5.521225892,3.138057187,7.244276033
2026-02-24 14:12:30,5.846707258,2.705320054,7.279801560
2026-02-24 14:12:40,5.086473871,3.197910328,7.789554950
2026-02-24 14:12:50,4.575188447,3.989055377,7.965128800
2026-02-24 14:13:00,5.037069816,2.848911963,7.910128686
2026-02-24 14:13:10,4.815549214,2.966114075,7.715050330
2026-02-24 14:13:20,4.842257812,2.607825424,8.292233593
2026-02-24 14:13:30,5.266633038,2.790938979,7.892313130
2026-02-24 14:13:40,5.346687256,2.446825342,7.537960302
2026-02-24 14:13:50,6.044633094,2.240854773,7.730785947
2026-02-24 14:14:00,5.359425614,2.396420557,7.882381228
2026-02-24 14:14:10,6.054804804,2.031672200,7.296012609
2026-02-24 14:14:20,6.082245464,2.417115827,7.849790445
2026-02-24 14:14:30,6.189482832,2.342367885,7.144357427
2026-02-24 14:14:40,6.685210923,1.653803990,7.298328898
2026-02-24 14:14:50,5.732939491,1.652765761,7.740278946
2026-02-24 14:15:00,5.599215276,2.367002159,7.294142109
2026-02-24 14:15:10,5.545183442,2.228563750,7.831135749
2026-02-24 14:15:20,5.375020357,1.971924779,8.035363545
2026-02-24 14:15:30,5.280221323,1.778183669,8.027206673
2026-02-24 14:15:40,5.547641736,2.209165360,7.621047922
2026-02-24 14:15:50,5.260515830,2.629007988,7.947476843
2026-02-24 14:16:00,5.433641722,2.775435990,7.870814592
2026-02-24 14:16:10,5.682928241,2.291763508,7.759174089
2026-02-24 14:16:20,5.765623158,2.483604644,7.847270776
2026-02-24 14:16:30,5.636379229,2.322974795,7.464222266
2026-02-24 14:16:40,5.793748380,2.358228736,7.851462849
2026-02-24 14:16:50,5.145403277,2.103666554,7.554382687
2026-02-24 14:17:00,5.141301348,1.853518811,7.737384345
2026-02-24 14:17:10,5.648467903,1.984866396,7.696150917
2026-02-24 14:17:20,5.398474418,2.273457172,7.679288803
2026-02-24 14:17:30,5.563265756,1.695739870,7.791300599
2026-02-24 14:17:40,5.647118210,2.940054815,7.717333971
2026-02-24 14:17:50,5.775681488,2.934795189,7.809168673
2026-02-24 14:18:00,6.417275721,3.187474289,7.189250768
2026-02-24 14:18:10,5.629070679,2.777413957,7.000335707
2026-02-24 14:18:20,6.650498120,2.545254505,6.952893005
2026-02-24 14:18:30,6.585221709,2.223142445,6.946432151
2026-02-24 14:18:40,6.355711025,2.842279920,7.026447914
2026-02-24 14:18:50,6.172350482,2.838691221,7.188907749
2026-02-24 14:19:00,5.749819911,2.886346360,7.261204677
2026-02-24 14:19:10,6.273257962,2.522391112,7.371109642
2026-02-24 14:19:20,6.443014600,2.196737658,7.579896238
2026-02-24 14:19:30,5.872213350,1.510839829,7.549412140
2026-02-24 14:19:40,6.544263075,0.787147248,7.757864926
2026-02-24 14:19:50,6.687581724,0.569721915,7.343891843
2026-02-24 14:20:00,7.022632729,0.447373831,6.999741616
2026-02-24 14:20:10,7.112887462,0.369528362,6.753812113
2026-02-24 14:20:20,6.607978966,0.409681396,6.994816555
2026-02-24 14:20:30,6.990075665,0.706279348,6.854394411
2026-02-24 14:20:40,6.621039135,0.584978666,7.013394151
2026-02-24 14:20:50,6.856571867,0.612117987,6.870415697
2026-02-24 14:21:00,6.908485526,0.138137469,6.687239964
2026-02-24 14:21:10,7.107369167,0.208549503,6.811396041
2026-02-24 14:21:20,6.898843639,0.037079051,6.684251514
2026-02-24 14:21:30,7.297373250,-0.453446168,6.658862322
2026-02-24 14:21:40,7.327762211,0.031669763,6.894150894
2026-02-24 14:21:50,7.220167186,-0.163124104,6.902582388
2026-02-24 14:22:00,7.377158910,-0.620159090,6.648075652
2026-02-24 14:22:10,6.971709503,-0.375520644,7.250755066
2026-02-24 14:22:20,6.458570850,-0.061520860,7.260091828
2026-02-24 14:22:30,6.195627783,-0.378269906,7.416311234
2026-02-24 14:22:40,6.625655940,0.063321440,7.484655872
2026-02-24 14:22:50,6.696333037,-0.323138410,7.212958305
2026-02-24 14:23:00,5.723010264,-0.333438095,7.553933871
2026-02-24 14:23:10,5.696575607,-0.225018591,8.028212672
2026-02-24 14:23:20,5.511589209,0.294557650,8.145269318
2026-02-24 14:23:30,5.762679800,0.115743988,7.595940504
2026-02-24 14:23:40,5.971701331,0.157877650,7.927959277
2026-02-24 14:23:50,5.239722539,-0.164249926,8.490479805
2026-02-24 14:24:00,5.275885883,-0.903245912,8.307614102
2026-02-24 14:24:10,5.506767537,-1.395767882,7.963538247
2026-02-24 14:24:20,5.425810886,-1.245969600,8.097679292
2026-02-24 14:24:30,5.460724485,-1.372949429,7.982685463
2026-02-24 14:24:40,5.682923456,-1.313917857,7.743771161
2026-02-24 14:24:50,5.861221875,-1.710790505,7.539190319
2026-02-24 14:25:00,5.677622537,-1.431846733,7.582714671
2026-02-24 14:25:10,6.393060179,-1.414996268,7.475414915
2026-02-24 14:25:20,6.256283412,-1.567371009,7.461704807
2026-02-24 14:25:30,6.363921482,-2.274494146,7.333968193
2026-02-24 14:25:40,5.860372201,-2.611437196,7.399617927
2026-02-24 14:25:50,6.239617332,-1.993952624,7.171410856
2026-02-24 14:26:00,2.919506812,-7.793378914,-5.387763099
2026-02-24 14:26:10,-3.939322476,-3.121861198,-7.496239049
2026-02-24 14:26:20,-4.085956890,-8.519786335,-1.585538612
2026-02-24 14:26:30,-1.332200649,-9.425805369,0.699354016
2026-02-24 14:26:40,2.001828699,-8.546482723,-2.751698724
2026-02-24 14:26:50,-6.683293729,-7.734578910,-1.109609143
2026-02-24 14:27:00,-3.131928692,-9.212085743,-0.628325392
2026-02-24 14:27:10,-0.909766212,-8.891029527,2.258178523
2026-02-24 14:27:20,4.294613531,-8.135556712,2.818140627
2026-02-24 14:27:30,5.856154319,-7.094082175,-0.370617872
2026-02-24 14:27:40,6.032173691,-7.241083830,3.144976218
2026-02-24 14:27:50,7.533711304,-5.152628635,3.285296536
2026-02-24 14:28:00,8.680522649,-3.747199648,3.644398796
2026-02-24 14:28:10,8.777529481,-3.175564573,2.024713222
2026-02-24 14:28:20,8.826024921,-1.031226516,-3.256011439
2026-02-24 14:28:30,6.042465783,-3.146675569,-6.116545314
2026-02-24 14:28:40,6.871041287,0.024639529,-7.151432788
2026-02-24 14:28:50,7.550186667,0.935423230,-5.903763114
2026-02-24 14:29:00,8.398069264,0.297315667,-4.611955973
2026-02-24 14:29:10,7.118869807,0.029159446,-6.146189916
2026-02-24 14:29:20,7.978031834,-0.186309919,-5.813510702
2026-02-24 14:29:30,7.726274918,1.335130610,-4.853801932
2026-02-24 14:29:40,8.894781966,0.516870452,-3.668532372
2026-02-24 14:29:50,8.672967401,-1.250650653,-4.301415167
2026-02-24 14:30:00,9.060988723,-0.902456303,-4.355673330
2026-02-24 14:30:10,8.100991112,0.856535684,-5.570978746
2026-02-24 14:30:20,8.868619042,0.978708598,-5.177232115
2026-02-24 14:30:30,7.840301931,0.673878558,-6.255568563
2026-02-24 14:30:40,8.233308845,0.217366426,-5.405249263
2026-02-24 14:30:50,7.065335457,0.099115267,-6.330170320
2026-02-24 14:31:00,7.728668714,0.607946619,-6.375753084
2026-02-24 14:31:10,6.560703815,0.658774742,-6.780692186
2026-02-24 14:31:20,6.003136428,0.712439916,-7.510596873
2026-02-24 14:31:30,5.601653135,0.872867577,-7.593082159
2026-02-24 14:31:40,5.818718513,-0.481799010,-7.903443066
2026-02-24 14:31:50,4.778868267,-0.796000370,-8.466750342
2026-02-24 14:32:00,3.924992133,0.673117626,-9.114170085
2026-02-24 14:32:10,4.950879365,0.760576777,-8.158007626
2026-02-24 14:32:20,4.295351682,1.902113707,-8.536320476
2026-02-24 14:32:30,3.578962965,2.413905113,-9.212602835
2026-02-24 14:32:40,3.970001457,2.842203315,-9.002618959
2026-02-24 14:32:50,2.978618321,1.526308472,-9.489005492
2026-02-24 14:33:00,2.707876775,1.597666921,-9.104616106
2026-02-24 14:33:10,2.619584596,1.316831633,-9.260988697
2026-02-24 14:33:20,3.718112158,1.701887168,-9.126537064
2026-02-24 14:33:30,3.632302950,1.235050897,-9.568702471
2026-02-24 14:33:40,2.848935024,0.885820187,-9.480322144
2026-02-24 14:33:50,3.157239639,0.701553510,-8.250708234
2026-02-24 14:34:00,3.654483099,0.709048695,-8.838964214
2026-02-24 14:34:10,3.281060737,-0.236238495,-8.726882010
2026-02-24 14:34:20,2.266208927,0.461710886,-9.646620110
2026-02-24 14:34:30,3.390448524,-1.437712605,-8.478785966
2026-02-24 14:34:40,3.666621518,-1.873978082,-8.725885231
2026-02-24 14:34:50,1.741348378,-1.327984925,-9.543011927
2026-02-24 14:35:00,1.816497629,-1.189404748,-9.348666375
2026-02-24 14:35:10,2.551816737,0.224095219,-9.518773919
2026-02-24 14:35:20,1.883702273,-0.000866759,-9.859302374
2026-02-24 14:35:30,2.745580544,0.845226284,-9.956193740
2026-02-24 14:35:40,0.952038048,0.973768848,-9.675970689
2026-02-24 14:35:50,1.851862352,2.485912752,-9.455532778
2026-02-24 14:36:00,2.557312350,2.696290238,-9.063467174
2026-02-24 14:36:10,1.589901178,2.501235690,-9.493489148
2026-02-24 14:36:20,2.006397466,2.784934840,-9.524005593
2026-02-24 14:36:30,1.187503443,2.563514832,-8.852147998
2026-02-24 14:36:40,-0.224380775,2.567007463,-9.093960715
2026-02-24 14:36:50,0.479492214,2.132745708,-9.278646455
2026-02-24 14:37:00,0.925449719,2.667695913,-9.542620268
2026-02-24 14:37:10,0.968857673,1.344205815,-9.989854429
2026-02-24 14:37:20,0.912195542,1.819455437,-9.302176603
2026-02-24 14:37:30,2.175059352,1.870761925,-9.965801206
2026-02-24 14:37:40,0.766921519,1.779522186,-9.929646027
2026-02-24 14:37:50,1.572864306,1.281712986,-10.598978158
2026-02-24 14:38:00,0.894704370,0.910039297,-9.649273840
2026-02-24 14:38:10,1.795496759,2.805092973,-8.783253288
2026-02-24 14:38:20,1.760044904,3.022506123,-9.731298361
2026-02-24 14:38:30,1.712371950,2.891931736,-9.533548291
2026-02-24 14:38:40,1.586793687,2.560851536,-9.388957807
2026-02-24 14:38:50,1.280231314,1.879720534,-9.313646118
2026-02-24 14:39:00,0.558016913,2.934238353,-9.472271880
2026-02-24 14:39:10,0.266703909,2.767453520,-9.613963343
2026-02-24 14:39:20,0.339435185,2.104504679,-9.100328315
2026-02-24 14:39:30,0.298846317,1.349832963,-9.502674891
2026-02-24 14:39:40,0.496065930,1.339994346,-9.827775403
2026-02-24 14:39:50,0.736434063,1.137324331,-9.171218049
2026-02-24 14:40:00,1.230435120,1.662749822,-9.330741690
2026-02-24 14:40:10,1.172973157,1.368911834,-10.493343924
2026-02-24 14:40:20,0.650974892,0.910803658,-9.520194218
2026-02-24 14:40:30,1.837431601,1.138194407,-9.476603085
2026-02-24 14:40:40,1.882706118,1.022908981,-9.362538848
2026-02-24 14:40:50,2.351778456,0.454279069,-9.770288511
2026-02-24 14:41:00,1.216067591,0.579174680,-9.343284840
2026-02-24 14:41:10,1.784219296,0.872141570,-9.582464421
2026-02-24 14:41:20,1.399685766,2.340375480,-9.643965223
2026-02-24 14:41:30,1.086378689,3.061407430,-9.230805971
2026-02-24 14:41:40,1.241681872,3.159969291,-9.097268913
2026-02-24 14:41:50,1.424169936,2.180504557,-9.743656823
2026-02-24 14:42:00,0.631754415,1.689113710,-9.553718786
2026-02-24 14:42:10,0.409304180,2.355397873,-9.183967901
2026-02-24 14:42:20,-0.347896637,3.069885615,-9.558351347
2026-02-24 14:42:30,-0.678837601,1.795872446,-9.480422965
2026-02-24 14:42:40,0.109077590,2.167475293,-9.522675995
2026-02-24 14:42:50,-0.192263404,3.166557204,-9.174721113
2026-02-24 14:43:00,0.173388086,3.104823590,-9.101971011
2026-02-24 14:43:10,-0.002344561,3.131583548,-9.137952233
2026-02-24 14:43:20,-1.233231296,2.547207292,-9.598154668
2026-02-24 14:43:30,-0.443182882,3.713264097,-9.013349274
2026-02-24 14:43:40,-0.473763700,3.730438319,-9.060180220
2026-02-24 14:43:50,-1.291571938,3.839829811,-9.089685746
2026-02-24 14:44:00,-0.719480726,3.740378510,-9.439291390
2026-02-24 14:44:10,-0.985464825,3.557112572,-8.838856051
2026-02-24 14:44:20,0.789193216,3.277274381,-9.281033913
2026-02-24 14:44:30,0.639935545,3.319708767,-9.102260585
2026-02-24 14:44:40,0.636109624,2.959363384,-8.856765114
2026-02-24 14:44:50,-0.159114323,2.983690040,-8.988660172
2026-02-24 14:45:00,-0.187965393,4.192502172,-9.353037033
2026-02-24 14:45:10,-0.134051225,4.652401177,-9.107065382
2026-02-24 14:45:20,0.554484966,4.921323476,-8.830989448
2026-02-24 14:45:30,0.638103842,4.829460977,-8.464231270
2026-02-24 14:45:40,0.554346472,5.334001223,-8.431946456
2026-02-24 14:45:50,0.461781043,4.332360681,-9.263144150
2026-02-24 14:46:00,1.202671511,5.084447874,-8.230218164
2026-02-24 14:46:10,0.474415490,5.746539561,-7.640800548
2026-02-24 14:46:20,0.360340554,6.523561515,-7.931981209
2026-02-24 14:46:30,0.117681534,6.447226958,-7.139005612
2026-02-24 14:46:40,-0.026758753,6.863189361,-6.837366079
2026-02-24 14:46:50,-0.709892233,7.289053783,-6.607487299
2026-02-24 14:47:00,-0.339691649,7.328118423,-6.943287168
2026-02-24 14:47:10,0.013211405,7.621380145,-6.715605601
2026-02-24 14:47:20,-0.250696918,5.658869499,-7.651027906
2026-02-24 14:47:30,0.350512231,6.569173734,-7.860436894
2026-02-24 14:47:40,0.569040077,6.331975169,-7.451667265
2026-02-24 14:47:50,1.016647407,7.536862772,-7.153306344
2026-02-24 14:48:00,-0.250510250,7.233060582,-6.627403309
2026-02-24 14:48:10,0.573364483,7.606386322,-6.682285725
2026-02-24 14:48:20,0.122948254,7.643453598,-6.960038405
2026-02-24 14:48:30,-0.051100677,7.982188886,-6.836694208
2026-02-24 14:48:40,-0.212957598,7.118274668,-5.954795580
2026-02-24 14:48:50,-0.017884473,6.999508074,-6.349437070
2026-02-24 14:49:00,-0.440719679,7.430974858,-6.194986453
2026-02-24 14:49:10,-1.723167050,7.384414025,-6.024647742
2026-02-24 14:49:20,-1.309523199,8.105998893,-5.052872836
2026-02-24 14:49:30,-0.622756092,8.203597088,-5.606996883
2026-02-24 14:49:40,-0.539829069,8.100627978,-5.582509850
2026-02-24 14:49:50,-2.317068117,9.149275346,-4.758770956
2026-02-24 14:50:00,-1.347998113,8.784948939,-4.281882434
2026-02-24 14:50:10,-2.061167227,8.205442594,-4.581012411
2026-02-24 14:50:20,-2.128155084,8.656900860,-3.230088213
2026-02-24 14:50:30,-1.393291680,9.130833074,-2.960692956
2026-02-24 14:50:40,-1.279638206,9.196892739,-2.694436767
2026-02-24 14:50:50,-2.345634196,9.727733591,-2.348987006
2026-02-24 14:51:00,-3.126733365,9.309785277,-1.698928192
2026-02-24 14:51:10,-2.177403348,9.796092080,-1.530908681
2026-02-24 14:51:20,-3.054687513,9.041628188,-1.814340325
2026-02-24 14:51:30,-2.201033289,9.346083185,-1.690737276
2026-02-24 14:51:40,-1.696445944,9.100662078,-1.295881639
2026-02-24 14:51:50,-1.704366331,9.745043468,-0.423543076
2026-02-24 14:52:00,-1.994189005,9.518752661,-1.910486877
2026-02-24 14:52:10,-2.087574032,9.155263410,-2.208027095
2026-02-24 14:52:20,-2.361802392,9.635520219,-1.929900056
2026-02-24 14:52:30,-2.918312103,9.731315787,-2.480796296
2026-02-24 14:52:40,-2.313131399,8.620678528,-3.031567052
2026-02-24 14:52:50,-3.074586010,9.203786685,-2.970415720
2026-02-24 14:53:00,-3.099668667,8.963583849,-3.680591786
2026-02-24 14:53:10,-2.287651228,8.166817755,-4.119814787
2026-02-24 14:53:20,-3.455719184,8.930730874,-3.645994538
2026-02-24 14:53:30,-1.972129556,9.384733388,-3.363532652
2026-02-24 14:53:40,-1.188744933,8.776444202,-3.907252979
2026-02-24 14:53:50,-1.109723364,8.359187388,-4.451427627
2026-02-24 14:54:00,-1.071754487,8.568341271,-4.341811950
2026-02-24 14:54:10,-0.761952335,8.840177036,-4.784206342
2026-02-24 14:54:20,-0.364339220,8.937052374,-4.161419145
2026-02-24 14:54:30,-0.808342995,7.930338052,-5.658581077
2026-02-24 14:54:40,-0.450223593,8.620740331,-4.898797251
2026-02-24 14:54:50,-0.623394492,8.676644327,-4.990919785
2026-02-24 14:55:00,-0.978401604,8.547433742,-4.534501494
2026-02-24 14:55:10,-1.276573192,9.081377690,-4.669870394
2026-02-24 14:55:20,-0.471629677,7.696044280,-4.669318965
2026-02-24 14:55:30,-0.955305811,7.815249477,-4.558417757
2026-02-24 14:55:40,-0.987472510,8.684322763,-4.751471819
2026-02-24 14:55:50,-1.039598345,8.563014802,-5.391380280
2026-02-24 14:56:00,-1.108047615,8.898095174,-4.365386613
2026-02-24 14:56:10,-0.913348793,8.975297225,-4.718089766
2026-02-24 14:56:20,-1.293190995,8.636960727,-4.250968929
2026-02-24 14:56:30,-0.636332683,8.227683329,-4.753153891
2026-02-24 14:56:40,-1.091077381,8.435583112,-4.538181859
2026-02-24 14:56:50,-1.458276578,8.818250960,-3.641102095
2026-02-24 14:57:00,-0.676820942,8.144604637,-4.288012941
2026-02-24 14:57:10,-0.653897160,9.653382834,-3.844528795
2026-02-24 14:57:20,-0.612373058,8.956392470,-3.790692898
2026-02-24 14:57:30,-1.273008534,8.332375656,-4.125039585
2026-02-24 14:57:40,-0.078591763,8.678786522,-4.519011304
2026-02-24 14:57:50,0.444897902,8.685902137,-5.300874132
2026-02-24 14:58:00,0.627775818,8.561423187,-4.480618790
2026-02-24 14:58:10,0.992534657,8.600550455,-4.488053598
2026-02-24 14:58:20,1.373940429,8.920360525,-4.730749320
2026-02-24 14:58:30,0.453999508,8.431472721,-4.528037035
2026-02-24 14:58:40,0.698759481,8.248493946,-4.456720110
2026-02-24 14:58:50,0.967375047,8.335058597,-3.468301441
2026-02-24 14:59:00,0.902285749,8.837503370,-3.907972496
2026-02-24 14:59:10,0.843130921,8.227966879,-3.876229221
2026-02-24 14:59:20,0.386323135,8.533822099,-4.324520725
2026-02-24 14:59:30,1.717481430,8.760790583,-4.323222144
2026-02-24 14:59:40,1.176128087,8.677124236,-4.643065390
2026-02-24 14:59:50,1.075278246,8.361132261,-5.174191637
2026-02-24 15:00:00,1.007918531,8.645163017,-4.283816254
2026-02-24 15:00:10,1.895941701,7.535835802,-5.502392745
2026-02-24 15:00:20,2.752087885,8.819778679,-5.187927725
2026-02-24 15:00:30,2.743647734,8.086537749,-5.580581515
2026-02-24 15:00:40,2.443548287,7.112895058,-5.239625170
2026-02-24 15:00:50,3.709072770,7.363658167,-4.751551829
2026-02-24 15:01:00,3.549499745,6.980803051,-5.489226864
2026-02-24 15:01:10,3.159266011,7.915520074,-5.305126672
2026-02-24 15:01:20,2.567507665,8.603468062,-5.130640991
2026-02-24 15:01:30,3.079957047,7.995998292,-4.673998690
2026-02-24 15:01:40,2.609108332,7.821742580,-5.231070002
2026-02-24 15:01:50,3.853430236,8.520918018,-5.089222222
2026-02-24 15:02:00,3.870596987,8.719196586,-4.687317701
2026-02-24 15:02:10,3.872694168,7.569777624,-3.571128444
2026-02-24 15:02:20,4.409968473,7.706109578,-4.456261470
2026-02-24 15:02:30,4.653175653,6.667326306,-5.341221904
2026-02-24 15:02:40,4.466150225,7.348107787,-4.616860572
2026-02-24 15:02:50,4.709296987,7.671845343,-4.766293929
2026-02-24 15:03:00,3.899572357,7.369539168,-4.881962637
2026-02-24 15:03:10,3.875356530,7.220893102,-4.760191622
2026-02-24 15:03:20,3.995659321,7.550042314,-5.604250498
2026-02-24 15:03:30,2.454680819,7.906100993,-6.055774415
2026-02-24 15:03:40,2.788707053,7.284519191,-5.556560374
2026-02-24 15:03:50,2.467691595,7.386659148,-5.993417101
2026-02-24 15:04:00,2.200538228,6.872242257,-5.911979548
2026-02-24 15:04:10,2.354082182,7.120622882,-5.527235063
2026-02-24 15:04:20,1.240722141,7.692488487,-6.487445671
2026-02-24 15:04:30,1.616425047,7.315474786,-6.227688508
2026-02-24 15:04:40,1.873447426,6.551105604,-5.994162786
2026-02-24 15:04:50,1.511580024,7.066059659,-6.061370337
2026-02-24 15:05:00,2.267012943,5.643285505,-7.424529981
2026-02-24 15:05:10,2.775467558,5.520451592,-6.609875558
2026-02-24 15:05:20,3.830209011,5.668739448,-7.205066567
2026-02-24 15:05:30,4.316016566,5.541593506,-7.638697366
2026-02-24 15:05:40,3.549396831,5.621340939,-6.703051591
2026-02-24 15:05:50,4.548606648,5.498640194,-6.998276192
2026-02-24 15:06:00,3.297579594,5.765065779,-7.603078094
2026-02-24 15:06:10,3.838212267,4.276952221,-7.680974701
2026-02-24 15:06:20,4.219871953,3.287732318,-7.685264257
2026-02-24 15:06:30,4.113983148,3.938254773,-7.982767164
2026-02-24 15:06:40,3.568774477,3.996060656,-9.209857661
2026-02-24 15:06:50,4.301262286,3.304386856,-7.985889906
2026-02-24 15:07:00,4.083827960,3.276060925,-7.709856743
2026-02-24 15:07:10,4.541789013,2.836863145,-8.420594601
2026-02-24 15:07:20,4.611227743,2.727607653,-8.737801727
2026-02-24 15:07:30,4.132624243,2.186982250,-8.255804447
2026-02-24 15:07:40,3.912778592,2.751206630,-8.613151131
2026-02-24 15:07:50,4.417030267,1.845877571,-8.879298007
2026-02-24 15:08:00,3.894973976,1.882031505,-9.205537795
2026-02-24 15:08:10,3.474877837,1.642049835,-8.638838208
2026-02-24 15:08:20,3.583700617,1.544347635,-8.901970512
2026-02-24 15:08:30,3.415073239,1.724046242,-8.869077153
2026-02-24 15:08:40,3.681157363,1.928791239,-9.300712768
2026-02-24 15:08:50,4.155419005,1.866411138,-8.045612186
2026-02-24 15:09:00,3.952840486,2.022462902,-8.829653583
2026-02-24 15:09:10,3.968092404,1.645241967,-9.046162036
2026-02-24 15:09:20,3.731236174,1.596075003,-8.532415808
2026-02-24 15:09:30,3.698531011,1.560228165,-9.000123124
2026-02-24 15:09:40,4.028466673,1.514869962,-9.395290442
2026-02-24 15:09:50,4.639401165,1.080032167,-8.779926608
2026-02-24 15:10:00,4.538018975,1.895199348,-8.600313874
2026-02-24 15:10:10,4.582929635,2.410424769,-8.216472302
2026-02-24 15:10:20,4.620822359,1.770766387,-8.743993894
2026-02-24 15:10:30,4.746193198,1.937063437,-8.310304613
2026-02-24 15:10:40,4.456542614,1.692895571,-8.671790155
2026-02-24 15:10:50,3.547339309,2.081948232,-8.590833770
2026-02-24 15:11:00,4.423755009,1.234482427,-9.652866999
2026-02-24 15:11:10,3.514726775,2.195269240,-9.394494757
2026-02-24 15:11:20,3.094906657,1.446791025,-9.102947251
2026-02-24 15:11:30,3.181211990,2.040771328,-9.278296915
2026-02-24 15:11:40,3.633781761,1.931716474,-9.453027110
2026-02-24 15:11:50,3.714389444,1.718485061,-9.717859455
2026-02-24 15:12:00,3.880065753,1.351474608,-8.218415465
2026-02-24 15:12:10,4.025523020,1.857579967,-8.622304896
2026-02-24 15:12:20,3.352108502,1.770143393,-9.264058255
2026-02-24 15:12:30,3.704331134,2.032155143,-8.967957213
2026-02-24 15:12:40,4.201594682,2.005128460,-9.164153377
2026-02-24 15:12:50,3.201999789,2.050636184,-8.786563331
2026-02-24 15:13:00,2.992349166,1.825500106,-9.257021264
2026-02-24 15:13:10,2.964151189,2.514471174,-8.748390989
2026-02-24 15:13:20,3.349058353,2.690199554,-9.193947637
2026-02-24 15:13:30,3.674578813,2.299446658,-8.651332118
2026-02-24 15:13:40,2.874227567,2.270084058,-9.236130235
2026-02-24 15:13:50,2.649678381,1.489187991,-9.001353682
2026-02-24 15:14:00,2.070182991,1.183422976,-9.630312428
2026-02-24 15:14:10,2.201916540,0.435733390,-9.167913093
2026-02-24 15:14:20,2.261752841,-0.143731658,-9.897900598
2026-02-24 15:14:30,2.928544174,0.240352299,-10.432329628
2026-02-24 15:14:40,2.098705601,0.468327257,-9.666020846
2026-02-24 15:14:50,1.793919999,0.625444182,-8.932918542
2026-02-24 15:15:00,2.883218095,1.660174994,-9.504826178
2026-02-24 15:15:10,2.618776534,0.380627367,-9.646722647
2026-02-24 15:15:20,2.415945061,0.284674541,-9.202158779
2026-02-24 15:15:30,1.844683202,0.865614621,-9.157476545
2026-02-24 15:15:40,1.275905432,0.598126585,-9.119680042
2026-02-24 15:15:50,1.296482986,0.433195009,-9.884405107
2026-02-24 15:16:00,1.747859442,0.359674536,-9.963285166
2026-02-24 15:16:10,1.619552345,0.074483881,-9.852909555
2026-02-24 15:16:20,1.344567306,-1.002442612,-9.556348587
2026-02-24 15:16:30,1.494810143,-0.474004524,-10.199915198
2026-02-24 15:16:40,1.182780303,-0.342740421,-10.139703101
2026-02-24 15:16:50,1.680296307,-0.622938908,-9.090981837
2026-02-24 15:17:00,0.887573327,-0.950722284,-10.005873252
2026-02-24 15:17:10,1.193235261,-0.155825395,-9.546698008
2026-02-24 15:17:20,1.715138696,-0.185769247,-9.491219262
2026-02-24 15:17:30,1.243072732,0.238835191,-9.646637203
2026-02-24 15:17:40,1.877415662,0.139961464,-9.477889409
2026-02-24 15:17:50,1.354285104,0.261067034,-9.335184328
2026-02-24 15:18:00,0.998356698,0.338641851,-9.993521969
2026-02-24 15:18:10,0.948537623,0.287974604,-10.256138883
2026-02-24 15:18:20,1.062229898,-0.277845944,-9.835643087
2026-02-24 15:18:30,0.657734321,0.467971733,-9.910717002
2026-02-24 15:18:40,0.676324495,0.610198052,-9.412003447
2026-02-24 15:18:50,0.788613137,-0.273756759,-10.128468843
2026-02-24 15:19:00,0.477399300,-0.678882518,-9.379119056
2026-02-24 15:19:10,0.494961256,-0.328142233,-10.131212424
2026-02-24 15:19:20,0.944622768,-0.597238833,-9.433897764
2026-02-24 15:19:30,0.541384185,-1.129603553,-9.435837239
2026-02-24 15:19:40,1.078747510,-0.273607873,-9.617978737
2026-02-24 15:19:50,0.536961278,-0.395909940,-9.968143579
2026-02-24 15:20:00,0.305653150,-0.954281684,-10.196471804
2026-02-24 15:20:10,-0.037069480,-1.433184796,-9.119689457
2026-02-24 15:20:20,0.946501948,-1.457168608,-10.000670489
2026-02-24 15:20:30,0.793815645,-2.083936026,-9.435098544
2026-02-24 15:20:40,0.129474816,-1.249669980,-10.247467417
2026-02-24 15:20:50,0.455693681,-1.199454181,-9.476397567
2026-02-24 15:21:00,-0.612446292,-1.015434437,-9.482609718
2026-02-24 15:21:10,0.218407659,-1.296587640,-9.438072446
2026-02-24 15:21:20,-0.079456014,-1.954021066,-9.770748280
2026-02-24 15:21:30,0.158441573,-1.263901609,-9.849177772
2026-02-24 15:21:40,-1.240632073,-0.408975649,-9.646636205
2026-02-24 15:21:50,-0.536311453,-1.295770518,-9.469974455
2026-02-24 15:22:00,-0.849734883,-1.785080211,-10.023369987
2026-02-24 15:22:10,0.067513964,-0.700995734,-9.083618395
2026-02-24 15:22:20,-0.411541116,-1.488511010,-9.809556946
2026-02-24 15:22:30,-0.125467354,-1.487827345,-9.344523810
2026-02-24 15:22:40,-0.147758943,-1.896695781,-9.819868295
2026-02-24 15:22:50,0.196468600,-1.951254728,-9.708191426
2026-02-24 15:23:00,-0.305575036,-2.391912735,-9.685490870
2026-02-24 15:23:10,0.087941853,-1.779934211,-9.482678975
2026-02-24 15:23:20,0.865352092,-2.049848928,-9.433072505
2026-02-24 15:23:30,0.810197319,-2.509856054,-9.226783817
2026-02-24 15:23:40,-0.052140249,-1.617646419,-8.976004771
2026-02-24 15:23:50,0.556214652,-2.133808048,-9.629968793
2026-02-24 15:24:00,0.860341313,-1.698188593,-9.497526842
2026-02-24 15:24:10,1.711268251,-1.550236546,-9.503441343
2026-02-24 15:24:20,1.593848635,-2.384342749,-9.196711964
2026-02-24 15:24:30,1.311569155,-2.286042120,-9.739372053
2026-02-24 15:24:40,0.936724534,-2.117403582,-9.815278427
2026-02-24 15:24:50,0.424554734,-2.047764508,-8.687511960
2026-02-24 15:25:00,2.183552511,-2.421187603,-9.322542455
2026-02-24 15:25:10,0.692060436,-2.619523168,-8.788559124
2026-02-24 15:25:20,0.852755686,-2.580170950,-9.053589556
2026-02-24 15:25:30,0.213727154,-2.750358441,-9.842060231
2026-02-24 15:25:40,-0.194523465,-2.654540495,-8.713645193
2026-02-24 15:25:50,-0.581882931,-2.169182583,-8.953135258
2026-02-24 15:26:00,-0.186749217,-2.256737348,-9.812052427
2026-02-24 15:26:10,-0.676767352,-2.345566287,-9.351375199
2026-02-24 15:26:20,0.022912283,-2.186668452,-9.355957175
2026-02-24 15:26:30,-0.571038781,-2.834965463,-9.592324519
2026-02-24 15:26:40,-1.179007978,-2.108800508,-9.455105748
2026-02-24 15:26:50,-0.507751729,-1.968919526,-9.557906133
2026-02-24 15:27:00,-0.049601928,-2.035806235,-9.440707955
2026-02-24 15:27:10,-1.401906429,-2.160718325,-9.934291841
2026-02-24 15:27:20,-0.856723235,-2.855836060,-9.867892186
2026-02-24 15:27:30,-0.793071983,-2.731136673,-9.183081356
2026-02-24 15:27:40,-0.935938435,-2.132768154,-9.276548310
2026-02-24 15:27:50,-1.104147892,-2.134638013,-9.973113561
2026-02-24 15:28:00,-1.009026001,-1.667149124,-8.923147593
2026-02-24 15:28:10,-1.123577802,-2.696045163,-9.012472714
2026-02-24 15:28:20,-0.469864987,-2.185411716,-8.919541936
2026-02-24 15:28:30,-0.646764440,-2.209658440,-9.951148010
2026-02-24 15:28:40,-0.854704877,-2.584676915,-9.741920432
2026-02-24 15:28:50,-0.060614232,-2.337835244,-10.001234105
2026-02-24 15:29:00,0.043932887,-1.836986880,-9.968632491
2026-02-24 15:29:10,-0.687440867,-2.279037201,-10.359989305
2026-02-24 15:29:20,-0.370585399,-2.245947460,-9.677052163
2026-02-24 15:29:30,-0.553833206,-2.684334866,-9.214716951
2026-02-24 15:29:40,-1.355942543,-2.483879983,-9.645397498
2026-02-24 15:29:50,-0.468335124,-2.380924853,-10.050344511
2026-02-24 15:30:00,-0.490120936,-1.738376141,-9.665366787
2026-02-24 15:30:10,-1.586203376,-1.578939752,-9.530758238
2026-02-24 15:30:20,-0.975181807,-1.102057294,-9.654370242
2026-02-24 15:30:30,-1.754122984,-1.895040589,-9.556139474
2026-02-24 15:30:40,-1.046278047,-1.708828262,-9.697760916
2026-02-24 15:30:50,-0.746560024,-2.469994548,-9.554947488
2026-02-24 15:31:00,-0.997538000,-2.122909987,-9.176935429
2026-02-24 15:31:10,-0.888624056,-2.287037825,-9.897384631
2026-02-24 15:31:20,-0.838381228,-1.681615058,-9.595503840
2026-02-24 15:31:30,-0.127972466,-0.719472676,-9.758749218
2026-02-24 15:31:40,-0.070498565,-1.591692109,-9.836363908
2026-02-24 15:31:50,-0.429602799,-0.434284515,-9.948604245
2026-02-24 15:32:00,-0.556486074,-1.014312464,-9.686088946
2026-02-24 15:32:10,-0.435807966,-0.195513044,-9.569937455
2026-02-24 15:32:20,-0.713499569,-0.475265713,-10.014634571
2026-02-24 15:32:30,-1.120763290,-0.818243610,-9.867633254
2026-02-24 15:32:40,-1.819753765,0.181660780,-9.810366228
2026-02-24 15:32:50,-1.952634453,0.179260027,-9.602397652
2026-02-24 15:33:00,-1.771142046,0.151802498,-9.784670858
2026-02-24 15:33:10,-1.701266603,0.176962447,-9.821397746
2026-02-24 15:33:20,-1.437915561,-0.113958350,-10.366663607
2026-02-24 15:33:30,-0.805487324,-0.392598091,-9.900955017
2026-02-24 15:33:40,-0.241526860,-0.233832071,-10.257489483
2026-02-24 15:33:50,-0.617665878,0.251337401,-10.062226747
2026-02-24 15:34:00,-1.068967079,0.711719419,-9.861398192
2026-02-24 15:34:10,-0.793160731,0.367075000,-9.851994509
2026-02-24 15:34:20,-0.495501224,-0.326627811,-9.769520207
2026-02-24 15:34:30,-1.655207921,-0.354850552,-9.410331156
2026-02-24 15:34:40,-0.911607519,-0.192001125,-9.549083083
2026-02-24 15:34:50,-1.470722435,-0.457053548,-9.621318447
2026-02-24 15:35:00,-1.957755334,-0.215199656,-9.372843572
2026-02-24 15:35:10,-2.071619700,-0.689913751,-9.936070179
2026-02-24 15:35:20,-1.909997196,-0.561679190,-9.535534913
2026-02-24 15:35:30,-1.492087103,-0.417898800,-9.229042677
2026-02-24 15:35:40,-1.095211243,0.521805492,-10.030929510
2026-02-24 15:35:50,-1.527372153,0.376813441,-10.154864718
2026-02-24 15:36:00,-1.589441115,-0.423309716,-10.044515701
2026-02-24 15:36:10,-2.306015620,-0.130989767,-9.807044433
2026-02-24 15:36:20,-1.535831369,-0.361414397,-9.847944396
2026-02-24 15:36:30,-2.168267629,0.631175528,-9.582884850
2026-02-24 15:36:40,-2.732500323,0.179527519,-9.249769903
2026-02-24 15:36:50,-2.438897351,0.683590864,-9.622341851
2026-02-24 15:37:00,-2.299873405,0.603725700,-9.559118495
2026-02-24 15:37:10,-2.129212674,0.321047800,-8.939238577
2026-02-24 15:37:20,-2.579839999,-0.146698772,-8.855238698
2026-02-24 15:37:30,-3.006479318,0.700067881,-9.541382072
2026-02-24 15:37:40,-2.912545809,0.049199794,-9.255960869
2026-02-24 15:37:50,-3.349279293,0.509660942,-9.162107180
2026-02-24 15:38:00,-2.692206894,0.104972411,-9.575422816
2026-02-24 15:38:10,-2.496325688,1.171782767,-9.364680943
2026-02-24 15:38:20,-3.494558599,0.977784851,-9.152756039
2026-02-24 15:38:30,-3.340388816,1.397719807,-8.865538054
2026-02-24 15:38:40,-2.729961181,0.814841782,-9.041173120
2026-02-24 15:38:50,-3.214784600,0.667149118,-9.199663021
2026-02-24 15:39:00,-3.479389553,1.405696703,-9.089401942
2026-02-24 15:39:10,-2.561395957,0.514868056,-9.327498376
2026-02-24 15:39:20,-2.531753498,0.953415527,-10.142565738
2026-02-24 15:39:30,-1.705814046,0.542092383,-9.908689751
2026-02-24 15:39:40,-2.428832984,0.603761961,-9.390649132
2026-02-24 15:39:50,-2.327932714,0.331381625,-8.797334700
2026-02-24 15:40:00,-2.745673882,-0.176832079,-9.633571996
2026-02-24 15:40:10,-2.884026316,-0.276891004,-9.533151468
2026-02-24 15:40:20,-2.255241790,-1.055685862,-9.801683891
2026-02-24 15:40:30,-2.360016593,-0.225971546,-9.072361684
2026-02-24 15:40:40,-2.641193703,0.186598337,-9.213275804
2026-02-24 15:40:50,-2.051517955,0.311659906,-9.117319797
2026-02-24 15:41:00,-1.906599747,-0.509824073,-9.508210798
2026-02-24 15:41:10,-2.583544796,-0.704256765,-8.774648038
2026-02-24 15:41:20,-2.314926343,-0.566593403,-9.635067556
2026-02-24 15:41:30,-1.468961989,-1.501897813,-9.913692117
2026-02-24 15:41:40,-2.613201841,-1.477260942,-9.274485298
2026-02-24 15:41:50,-1.954189168,-1.137830103,-9.702950262
2026-02-24 15:42:00,-0.934460394,-0.758175701,-9.886242791
2026-02-24 15:42:10,-1.937061190,-0.950686876,-9.397882917
2026-02-24 15:42:20,-1.588788823,-1.291785402,-9.981085377
2026-02-24 15:42:30,-1.627176845,-0.715034138,-9.862368741
2026-02-24 15:42:40,-1.793942495,-0.660536719,-9.671599529
2026-02-24 15:42:50,-2.839245839,-0.896905536,-10.078718440
2026-02-24 15:43:00,-2.903916997,-0.019333880,-9.040187016
2026-02-24 15:43:10,-1.750090184,-0.509775973,-9.530799478
2026-02-24 15:43:20,-2.128712745,-0.456504260,-9.242213205
2026-02-24 15:43:30,-2.042022827,-0.749406783,-9.801132919
2026-02-24 15:43:40,-1.936831595,-0.119862150,-9.696083504
2026-02-24 15:43:50,-1.386170792,0.412156425,-9.546055831
2026-02-24 15:44:00,-1.377670517,-0.288550590,-9.375933381
2026-02-24 15:44:10,-1.062943051,-0.596689585,-10.085494014
2026-02-24 15:44:20,-1.016712915,0.133812780,-9.806053520
2026-02-24 15:44:30,-0.390335566,0.291998875,-8.941821686
2026-02-24 15:44:40,-1.854946559,-0.121552722,-9.439861850
2026-02-24 15:44:50,-1.730690297,-0.267769487,-9.501671672
2026-02-24 15:45:00,-1.379243515,-0.908445850,-10.021643776
2026-02-24 15:45:10,-1.099915238,-0.520153505,-9.572344791
2026-02-24 15:45:20,-1.282821850,-0.639589379,-10.502419692
2026-02-24 15:45:30,-1.904609141,-0.671402934,-9.679823169
2026-02-24 15:45:40,-1.051300336,-0.778699614,-9.291960580
2026-02-24 15:45:50,-0.672678510,-1.371673694,-10.358607398
2026-02-24 15:46:00,-0.987589860,-0.756589746,-9.908400790
2026-02-24 15:46:10,-0.578529311,-1.072780845,-9.908575645
2026-02-24 15:46:20,-0.375307657,-0.912774962,-9.926771929
2026-02-24 15:46:30,-0.176916832,-0.887166037,-10.186645063
2026-02-24 15:46:40,-1.721045494,-0.916666697,-8.644915692
2026-02-24 15:46:50,-2.210588418,-0.763035038,-9.330803678
2026-02-24 15:47:00,-0.811762447,-0.586909734,-9.571404997
2026-02-24 15:47:10,-1.111899674,-0.793182305,-9.564230512
2026-02-24 15:47:20,-1.187080329,-1.105791317,-9.741990217
2026-02-24 15:47:30,-1.487108762,-0.671035743,-9.445286738
2026-02-24 15:47:40,-0.959481072,-0.452144981,-9.676504312
2026-02-24 15:47:50,-2.356762395,-0.756557021,-9.211875909
2026-02-24 15:48:00,-1.553435041,-0.628135418,-9.125515476
2026-02-24 15:48:10,-1.497113385,-1.573116410,-10.048295908
2026-02-24 15:48:20,-2.467660748,-0.517106670,-9.606926954
2026-02-24 15:48:30,-1.301912776,-0.393338505,-10.187797775
2026-02-24 15:48:40,-2.675510833,-0.219136014,-8.684309451
2026-02-24 15:48:50,-2.748961929,0.343365312,-9.600385598
2026-02-24 15:49:00,-1.939516492,-0.421984477,-9.208728581
2026-02-24 15:49:10,-3.291417420,-0.974360309,-8.853822498
2026-02-24 15:49:20,-2.985648215,-2.032018931,-8.736171701
2026-02-24 15:49:30,-3.499148403,-0.596012218,-9.161569692
2026-02-24 15:49:40,-2.763230614,-0.708697111,-9.025278419
2026-02-24 15:49:50,-2.705575193,-0.784041932,-9.334433970
2026-02-24 15:50:00,-2.737236874,-0.518741204,-9.944404465
2026-02-24 15:50:10,-2.804844670,-0.571632844,-9.655621226
2026-02-24 15:50:20,-2.966671826,-0.658796898,-9.029486546
2026-02-24 15:50:30,-3.030935490,-1.256419806,-9.604509949
2026-02-24 15:50:40,-2.411303997,-1.257926348,-9.175773643
2026-02-24 15:50:50,-3.665525866,-0.674985185,-9.595874461
2026-02-24 15:51:00,-3.284211431,-0.614446921,-9.057652058
2026-02-24 15:51:10,-3.071525875,-0.483665920,-9.173451939
2026-02-24 15:51:20,-2.288052731,-1.447018839,-9.275573222
2026-02-24 15:51:30,-2.979467787,-1.089436491,-9.215881255
2026-02-24 15:51:40,-3.320449412,-1.389662469,-9.452958333
2026-02-24 15:51:50,-3.629235125,-1.337850932,-9.494539143
2026-02-24 15:52:00,-4.305695584,-0.860575056,-9.159394271
2026-02-24 15:52:10,-4.019415813,-0.383720773,-8.436507199
2026-02-24 15:52:20,-3.199924356,-1.065116309,-9.188568234
2026-02-24 15:52:30,-3.531269714,-1.224136476,-8.907663436
2026-02-24 15:52:40,-3.809320425,-0.529117247,-9.218014556
2026-02-24 15:52:50,-4.040447588,-0.846882524,-8.660170517
2026-02-24 15:53:00,-4.340458189,0.017135053,-9.214087584
2026-02-24 15:53:10,-3.281257406,-0.418137571,-8.885272931
2026-02-24 15:53:20,-3.591823392,-0.571888639,-9.428955473
2026-02-24 15:53:30,-3.299553463,-0.091123716,-9.229887431
2026-02-24 15:53:40,-3.795365954,-0.529501560,-9.570059064
2026-02-24 15:53:50,-2.824998812,-0.723024738,-9.549590735
2026-02-24 15:54:00,-3.126302883,-0.224687604,-9.845404194
2026-02-24 15:54:10,-2.896735983,-0.965843250,-9.331101304
2026-02-24 15:54:20,-2.338743062,-0.333796215,-9.114915605
2026-02-24 15:54:30,-3.064118396,-0.551748405,-8.885493954
2026-02-24 15:54:40,-3.296969947,-0.598173492,-9.607370121
2026-02-24 15:54:50,-2.429194188,-0.887458177,-9.520273333
2026-02-24 15:55:00,-2.535344652,-0.676191488,-9.205738141
2026-02-24 15:55:10,-2.977904479,0.089919762,-9.410351476
2026-02-24 15:55:20,-2.331275749,-0.324425500,-9.057822296
2026-02-24 15:55:30,-2.263462802,-0.783163584,-9.164143352
2026-02-24 15:55:40,-2.494441857,0.034026453,-9.631752838
2026-02-24 15:55:50,-2.734377888,0.281091907,-9.685839445
2026-02-24 15:56:00,-2.835476362,-0.229201052,-9.779842774
2026-02-24 15:56:10,-2.412684760,-0.838090304,-9.792597090
2026-02-24 15:56:20,-2.458399530,-0.671669691,-9.098577255
2026-02-24 15:56:30,-2.459628004,-0.395158203,-9.388754873
2026-02-24 15:56:40,-1.630719659,-0.975917532,-9.512570618
2026-02-24 15:56:50,-2.335463269,-1.907678710,-9.992256207
2026-02-24 15:57:00,-2.973467129,-1.164842846,-9.399229595
2026-02-24 15:57:10,-1.920979114,-1.198674627,-8.861975399
2026-02-24 15:57:20,-1.443207642,-0.881475550,-9.531672062
2026-02-24 15:57:30,-2.916742479,-1.826612950,-9.131386527
2026-02-24 15:57:40,-2.495020602,-0.854051673,-9.434665199
2026-02-24 15:57:50,-3.233191483,-0.371157518,-10.066699243
2026-02-24 15:58:00,-2.345380607,-1.322853195,-9.491237057
2026-02-24 15:58:10,-2.262983878,-0.774255950,-9.612983785
2026-02-24 15:58:20,-1.577097046,-0.505791629,-9.388013609
2026-02-24 15:58:30,-2.309628972,-0.742156190,-9.367199655
2026-02-24 15:58:40,-2.362508919,-0.875332046,-9.315696645
2026-02-24 15:58:50,-2.636657771,-0.657820545,-9.679432664
2026-02-24 15:59:00,-2.677343010,-1.893069677,-9.033410966
2026-02-24 15:59:10,-3.088929978,-2.121657688,-9.495235770
2026-02-24 15:59:20,-3.025013292,-1.850506736,-9.141803724
2026-02-24 15:59:30,-3.410129488,-1.504614472,-8.962023696
2026-02-24 15:59:40,-3.449284732,-2.114568586,-9.181782325
2026-02-24 15:59:50,-3.590002862,-1.914150271,-9.475477809
2026-02-24 16:00:00,-3.940265459,-1.617672298,-9.022603632
2026-02-24 16:00:10,-3.096136137,-1.803459435,-9.505132850
2026-02-24 16:00:20,-3.172250444,-1.427325665,-8.570557944
2026-02-24 16:00:30,-2.970685770,-2.023751194,-9.142256221
2026-02-24 16:00:40,-2.869623989,-1.830664614,-9.015595764
2026-02-24 16:00:50,-3.105491452,-2.667139614,-9.051856344
2026-02-24 16:01:00,-1.477382387,-2.550868055,-9.061535042
2026-02-24 16:01:10,-1.535991698,-3.779599667,-8.922385473
2026-02-24 16:01:20,-2.001828451,-2.225368508,-9.760616965
2026-02-24 16:01:30,-1.783070859,-3.761794290,-8.747073975
2026-02-24 16:01:40,-2.109709695,-3.507513379,-8.610659515
2026-02-24 16:01:50,-2.356496618,-3.871751407,-8.816679715
2026-02-24 16:02:00,-1.798857371,-4.644567947,-8.141984615
2026-02-24 16:02:10,-1.751874063,-4.485090893,-8.786612307
2026-02-24 16:02:20,-1.883684744,-3.975605504,-9.161032375
2026-02-24 16:02:30,-2.074840183,-3.826202317,-9.225494827
2026-02-24 16:02:40,-2.592347015,-3.994999275,-8.853260100
2026-02-24 16:02:50,-3.630642738,-3.923228293,-8.370861932
2026-02-24 16:03:00,-4.174713127,-2.923575076,-7.895927696
2026-02-24 16:03:10,-4.488497433,-2.514517658,-8.277013875
2026-02-24 16:03:20,-5.418848231,-2.368090082,-7.932514678
2026-02-24 16:03:30,-4.933873557,-2.220547957,-8.026611658
2026-02-24 16:03:40,-5.009423642,-2.233569772,-8.162640222
2026-02-24 16:03:50,-5.367038591,-2.479467661,-7.789580102
2026-02-24 16:04:00,-5.600000977,-2.468286046,-7.129141195
2026-02-24 16:04:10,-6.003071053,-2.425121846,-6.726257195
2026-02-24 16:04:20,-7.139098528,-2.556536780,-6.252158800
2026-02-24 16:04:30,-7.608568200,-1.766065245,-6.203064526
2026-02-24 16:04:40,-7.725455487,-2.266730742,-5.751014834
2026-02-24 16:04:50,-8.001630075,-3.566499974,-4.961084391
2026-02-24 16:05:00,-7.790903013,-2.863509164,-5.002785954
2026-02-24 16:05:10,-7.643404440,-3.618396151,-5.416685342
2026-02-24 16:05:20,-7.083403192,-4.769221091,-4.907001288
2026-02-24 16:05:30,-6.654845832,-3.907489961,-6.242550235
2026-02-24 16:05:40,-7.365550587,-2.142673050,-5.529781155
2026-02-24 16:05:50,-8.320260537,-2.041382318,-5.167999189
2026-02-24 16:06:00,-7.129656012,-1.578657788,-5.543783290
2026-02-24 16:06:10,-8.241071154,-0.102963974,-4.727332277
2026-02-24 16:06:20,-7.640157277,-1.249338707,-5.847471549
2026-02-24 16:06:30,-8.717227942,-1.445321582,-4.946276362
2026-02-24 16:06:40,-8.566058370,0.138091820,-5.091942522
2026-02-24 16:06:50,-7.947568002,0.684546960,-5.092413419
2026-02-24 16:07:00,-7.586644418,-0.410868202,-5.717196376
2026-02-24 16:07:10,-7.086396936,-0.067955992,-6.309423955
2026-02-24 16:07:20,-7.456502185,-0.821799341,-5.744512080
2026-02-24 16:07:30,-7.529561798,0.012615874,-6.700768853
2026-02-24 16:07:40,-6.653971936,-2.279709446,-6.063539373
2026-02-24 16:07:50,-8.092366625,-1.075232980,-5.992629840
2026-02-24 16:08:00,-5.725360829,-1.414469057,-7.189602191
2026-02-24 16:08:10,-5.785293055,-1.732627744,-7.897248191
2026-02-24 16:08:20,-5.743086923,-2.244687039,-7.306527880
2026-02-24 16:08:30,-6.576249540,-2.103696007,-7.590995557
2026-02-24 16:08:40,-6.548941184,-2.719903610,-7.062908997
2026-02-24 16:08:50,-6.836737120,-3.668374544,-7.296695272
2026-02-24 16:09:00,-6.728871756,-3.698731867,-5.946743889
2026-02-24 16:09:10,-7.047719443,-4.849949377,-4.753563027
2026-02-24 16:09:20,-7.328582390,-5.354124901,-4.024583270
2026-02-24 16:09:30,-5.793260178,-7.128198663,-3.862842368
2026-02-24 16:09:40,-5.004839133,-7.041096949,-2.428140134
2026-02-24 16:09:50,-5.913422231,-6.876389487,-2.397632715
2026-02-24 16:10:00,-6.073587552,-8.147837347,-2.313677271
2026-02-24 16:10:10,-5.152130849,-7.727669401,-1.722544262
2026-02-24 16:10:20,-4.988392886,-8.227732123,-1.397035101
2026-02-24 16:10:30,-4.577674692,-8.784946134,-0.388571106
2026-02-24 16:10:40,-4.826789389,-8.720727127,0.807015940
2026-02-24 16:10:50,-3.953584422,-8.640859744,0.846253416
2026-02-24 16:11:00,-5.339025535,-8.717701232,0.763746939
2026-02-24 16:11:10,-5.713033242,-8.481342964,-0.430395230
2026-02-24 16:11:20,-5.466442745,-7.506340839,1.228648418
2026-02-24 16:11:30,-6.569392925,-7.627844987,0.004141491
2026-02-24 16:11:40,-6.136373483,-7.404330283,2.055348937
2026-02-24 16:11:50,-4.913147856,-8.162382639,2.135958673
2026-02-24 16:12:00,-4.242164452,-8.269200469,2.909006378
2026-02-24 16:12:10,-4.125283313,-8.377418120,2.963741116
2026-02-24 16:12:20,-3.118857169,-7.972051577,4.125921630
2026-02-24 16:12:30,-2.393410045,-9.027217492,4.284155016
2026-02-24 16:12:40,-2.775784573,-8.847987456,3.961650261
2026-02-24 16:12:50,-2.450237838,-8.767047115,3.148139773
2026-02-24 16:13:00,-2.125879088,-8.957601961,2.949527102
2026-02-24 16:13:10,-1.532938559,-9.325284982,2.719011755
2026-02-24 16:13:20,-0.439708865,-9.082109069,3.144648896
2026-02-24 16:13:30,-0.776823358,-9.274426120,3.332109377
2026-02-24 16:13:40,-1.489249197,-8.752583790,5.737657585
2026-02-24 16:13:50,-1.827934797,-8.076781112,4.816341497
2026-02-24 16:14:00,-2.944487182,-7.727184067,4.563788679
2026-02-24 16:14:10,-3.059707370,-8.370676419,4.532340708
2026-02-24 16:14:20,-3.406392048,-7.790814054,4.301601690
2026-02-24 16:14:30,-4.643902018,-7.893243921,2.195797947
2026-02-24 16:14:40,-4.710685413,-8.481948316,1.174846683
2026-02-24 16:14:50,-3.973399495,-8.637731914,0.393838726
2026-02-24 16:15:00,-4.764987788,-9.031536100,0.253911449
2026-02-24 16:15:10,-4.131411301,-9.097539988,-0.734324249
2026-02-24 16:15:20,-5.180902032,-7.866765683,-2.260915525
2026-02-24 16:15:30,-5.657592332,-8.409139722,-2.489484165
2026-02-24 16:15:40,-4.594263677,-7.791146437,-3.393494336
2026-02-24 16:15:50,-5.343961085,-7.183507810,-2.413992137
2026-02-24 16:16:00,-5.830802700,-7.932146221,-1.330788166
2026-02-24 16:16:10,-6.388981813,-7.107303998,0.059170590
2026-02-24 16:16:20,-6.312744715,-7.235942378,1.387366870
2026-02-24 16:16:30,-6.153123546,-6.626549052,1.828651056
2026-02-24 16:16:40,-7.434338039,-5.877577960,2.197470434
2026-02-24 16:16:50,-7.475359800,-6.065049691,2.486578482
2026-02-24 16:17:00,-7.384584356,-5.288069202,2.283977545
2026-02-24 16:17:10,-7.056569896,-5.370721130,3.465417337
2026-02-24 16:17:20,-7.587906033,-4.081865226,3.841260091
2026-02-24 16:17:30,-7.312592538,-4.835077302,4.556639198
2026-02-24 16:17:40,-7.773134189,-4.949867262,2.548484241
2026-02-24 16:17:50,-8.022126209,-4.572569008,2.173763284
2026-02-24 16:18:00,-8.444561547,-5.158643139,2.415482886
2026-02-24 16:18:10,-7.940742252,-4.699116987,2.176174726
2026-02-24 16:18:20,-7.937328755,-4.769034843,1.586367143
2026-02-24 16:18:30,-8.426330820,-5.071312687,2.190599740
2026-02-24 16:18:40,-8.851824484,-5.146199225,1.585007394
2026-02-24 16:18:50,-8.040259585,-5.224666185,1.414859250
2026-02-24 16:19:00,-8.417413237,-5.117722046,1.220134280
2026-02-24 16:19:10,-7.923798298,-4.073982589,1.864791775
2026-02-24 16:19:20,-8.216870886,-4.850301547,1.239436358
2026-02-24 16:19:30,-7.612051127,-5.697914524,1.613990107
2026-02-24 16:19:40,-8.442862456,-5.831761535,2.120206791
2026-02-24 16:19:50,-7.384841117,-4.904574983,1.965041396
2026-02-24 16:20:00,-8.193995057,-5.560837683,0.720517990
2026-02-24 16:20:10,-7.330057076,-6.433324591,2.728028143
2026-02-24 16:20:20,-8.134704017,-5.863690672,1.421498578
2026-02-24 16:20:30,-7.535276216,-6.179354243,1.056195931
2026-02-24 16:20:40,-7.358113324,-6.483749388,2.006327370
2026-02-24 16:20:50,-7.494721218,-5.796146306,1.965021553
2026-02-24 16:21:00,-6.967776904,-6.846344288,1.716153398
2026-02-24 16:21:10,-7.326291167,-6.440833922,2.397651663
2026-02-24 16:21:20,-7.522053934,-7.408094788,1.892581590
2026-02-24 16:21:30,-7.208058267,-6.248005311,1.496308206
2026-02-24 16:21:40,-6.736033908,-6.441775754,1.749087112
2026-02-24 16:21:50,-7.892747676,-6.125159470,2.172019346
2026-02-24 16:22:00,-7.496734038,-5.996738435,2.020671395
2026-02-24 16:22:10,-7.884972437,-5.698761756,1.056068878
2026-02-24 16:22:20,-8.368485223,-6.003837774,1.661176960
2026-02-24 16:22:30,-8.266970866,-5.693889486,2.318427064
2026-02-24 16:22:40,-7.632297869,-5.494872453,2.220158439
2026-02-24 16:22:50,-7.201329702,-5.451690413,2.479685858
2026-02-24 16:23:00,-8.795413525,-5.886646142,1.196780968
2026-02-24 16:23:10,-7.834580353,-5.682390476,1.642342686
2026-02-24 16:23:20,-7.386036303,-5.733020477,3.380266648
2026-02-24 16:23:30,-7.606342422,-5.246920076,2.818190779
2026-02-24 16:23:40,-7.604692305,-6.095477911,1.964444217
2026-02-24 16:23:50,-7.856972107,-5.379729677,1.922996805
2026-02-24 16:24:00,-7.220393661,-6.324614554,2.750299975
2026-02-24 16:24:10,-6.577496112,-7.320606188,3.211916661
2026-02-24 16:24:20,-7.313010655,-7.030885560,1.628286697
2026-02-24 16:24:30,-6.723222743,-7.110746729,2.061153816
2026-02-24 16:24:40,-6.107512523,-7.152860644,2.626428606
2026-02-24 16:24:50,-5.138111229,-7.335138030,2.174287857
2026-02-24 16:25:00,-5.837468904,-8.002516014,2.761201913
2026-02-24 16:25:10,-6.529901698,-7.947472141,1.971486244
2026-02-24 16:25:20,-5.718214551,-7.458178115,1.916090619
2026-02-24 16:25:30,-5.522873151,-7.080224011,2.022533012
2026-02-24 16:25:40,-6.595286306,-7.172439965,0.810914144
2026-02-24 16:25:50,-6.274768269,-7.435176547,-0.328756232
2026-02-24 16:26:00,-6.189373557,-7.638022754,-0.020430284
2026-02-24 16:26:10,-5.622532543,-7.855742313,1.022971751
2026-02-24 16:26:20,-4.751660458,-8.965464200,1.078817082
2026-02-24 16:26:30,-3.723647764,-8.974563268,1.603124609
2026-02-24 16:26:40,-4.085248533,-8.410363349,1.983841370
2026-02-24 16:26:50,-4.841868881,-9.212285956,0.619016675
2026-02-24 16:27:00,-5.495327267,-8.064825342,0.669473936
2026-02-24 16:27:10,-4.901899080,-8.492059351,1.584323610
2026-02-24 16:27:20,-4.795793719,-8.332815479,2.087895010
2026-02-24 16:27:30,-4.842139639,-7.907409962,2.159321424
2026-02-24 16:27:40,-3.015525788,-9.192623714,2.712055292
2026-02-24 16:27:50,-2.644200832,-8.588797732,2.775571351
2026-02-24 16:28:00,-2.413473244,-9.066202507,3.795412956
2026-02-24 16:28:10,-2.886570255,-8.241442053,4.578434044
2026-02-24 16:28:20,-2.535138386,-8.546093523,4.367338485
2026-02-24 16:28:30,-2.840031976,-8.180649738,4.326922944
2026-02-24 16:28:40,-2.718057790,-9.137839084,3.681610247
2026-02-24 16:28:50,-2.702600687,-7.936657804,4.000887721
2026-02-24 16:29:00,-3.341103849,-8.076067341,4.514923947
2026-02-24 16:29:10,-1.761571339,-8.068618619,5.246670867
2026-02-24 16:29:20,-1.796737015,-7.326371566,5.864030137
2026-02-24 16:29:30,-1.759404708,-6.460407303,6.259830454
2026-02-24 16:29:40,-1.972044937,-7.497179955,6.239393513
2026-02-24 16:29:50,-1.714206879,-6.834662749,6.671387447
2026-02-24 16:30:00,-2.579845911,-6.770326770,6.301335518
2026-02-24 16:30:10,-2.567321457,-7.091370598,6.531906500
2026-02-24 16:30:20,-2.291932361,-7.347210118,5.903638666
2026-02-24 16:30:30,-2.901442959,-6.979566675,5.902956876
2026-02-24 16:30:40,-3.550576428,-6.299240805,5.721537033
2026-02-24 16:30:50,-2.276620616,-7.121675952,6.356574587
2026-02-24 16:31:00,-3.120675265,-7.716014092,5.480593885
2026-02-24 16:31:10,-3.550712098,-7.096414756,5.542176654
2026-02-24 16:31:20,-4.382298111,-6.483980187,4.975584609
2026-02-24 16:31:30,-3.259257093,-6.674608861,6.306161777
2026-02-24 16:31:40,-3.999823354,-6.249104009,6.209057090
2026-02-24 16:31:50,-4.222948912,-5.659706422,6.103624806
2026-02-24 16:32:00,-3.700896567,-6.267724657,6.520866935
2026-02-24 16:32:10,-4.360897869,-6.093379683,5.951613673
2026-02-24 16:32:20,-5.339356286,-4.408128109,7.277884376
2026-02-24 16:32:30,-5.657595386,-4.236852184,6.894231201
2026-02-24 16:32:40,-5.092313112,-3.933423667,7.225239143
2026-02-24 16:32:50,-4.388243224,-3.955552421,7.582710626
2026-02-24 16:33:00,-4.321016956,-3.402062042,7.620939498
2026-02-24 16:33:10,-4.230143953,-2.982944700,8.714124204
2026-02-24 16:33:20,-3.759143296,-2.916128406,8.321858248
2026-02-24 16:33:30,-3.810139314,-2.762367571,8.719285412
2026-02-24 16:33:40,-3.803294528,-2.308984616,8.645342719
2026-02-24 16:33:50,-2.811984183,-1.693393344,9.397904562
2026-02-24 16:34:00,-3.708815052,-1.783274198,9.191203065
2026-02-24 16:34:10,-4.082192938,-0.906870246,8.309161121
2026-02-24 16:34:20,-3.450405872,-1.215633582,9.170145895
2026-02-24 16:34:30,-3.910694900,-2.177142493,8.507539177
2026-02-24 16:34:40,-4.557019561,-3.036349116,8.202966295
2026-02-24 16:34:50,-5.149638162,-2.185024886,8.256431467
2026-02-24 16:35:00,-4.230514134,-2.110955096,9.060424731
2026-02-24 16:35:10,-4.176023507,-1.183514052,9.053059432
2026-02-24 16:35:20,-3.934381316,-0.184766945,8.624977437
2026-02-24 16:35:30,-3.873447658,0.594734346,9.697887633
2026-02-24 16:35:40,-2.376888810,1.579754444,8.903528792
2026-02-24 16:35:50,-3.448454339,0.572020883,9.128688368
2026-02-24 16:36:00,-2.416572933,0.696243931,9.941962030
2026-02-24 16:36:10,-2.382306586,1.980921337,9.020754730
2026-02-24 16:36:20,-1.032121761,1.940131981,9.077073138
2026-02-24 16:36:30,-2.325127129,1.206576136,9.329650269
2026-02-24 16:36:40,-2.010901200,1.129724722,9.577158649
2026-02-24 16:36:50,-1.340777474,2.191273929,9.462147731
2026-02-24 16:37:00,1.102569901,2.012069833,9.248265237
2026-02-24 16:37:10,-6.872340581,7.509209915,-1.183208846
2026-02-24 16:37:20,-2.181844045,9.648591998,3.345131949
2026-02-24 16:37:30,1.743933647,7.406440158,-6.462850228
2026-02-24 16:37:40,2.335048234,8.575757821,-4.269879811
2026-02-24 16:37:50,-0.147627308,8.816010219,-3.396684662
2026-02-24 16:38:00,6.648480182,6.085158189,4.096088184
2026-02-24 16:38:10,5.714367559,2.910051175,7.589565489
2026-02-24 16:38:20,3.613164574,4.722231230,7.658660919
2026-02-24 16:38:30,4.737423190,4.270378828,7.308654065
2026-02-24 16:38:40,7.178439165,3.787405813,5.996086856
2026-02-24 16:38:50,7.608107344,5.420239766,2.991140694
2026-02-24 16:39:00,6.234930598,6.194298873,3.245466430
2026-02-24 16:39:10,5.298397966,7.418998029,3.889438094
2026-02-24 16:39:20,4.925021072,7.842002952,2.889322297
2026-02-24 16:39:30,4.536282935,9.461275639,1.866807225
2026-02-24 16:39:40,4.215168414,8.398941688,2.385304240
2026-02-24 16:39:50,4.162564556,8.919871891,2.124336409
2026-02-24 16:40:00,5.928698265,8.150703804,2.350663627
2026-02-24 16:40:10,7.141995688,7.404858378,-0.076262969
2026-02-24 16:40:20,6.121121758,6.783502800,2.297812431
2026-02-24 16:40:30,6.453168723,6.848997551,3.877758219
2026-02-24 16:40:40,8.624149600,4.071402701,3.042123518
2026-02-24 16:40:50,5.895379609,6.172842699,5.231183756
2026-02-24 16:41:00,3.980703667,7.676528639,5.846220104
2026-02-24 16:41:10,4.169613046,7.470468365,4.203525562
2026-02-24 16:41:20,4.598863375,7.644330205,5.034515427
2026-02-24 16:41:30,5.783446592,7.095288940,3.444301084
2026-02-24 16:41:40,6.995854312,6.588624552,1.178187027
2026-02-24 16:41:50,5.696429014,7.560808048,2.137729357
2026-02-24 16:42:00,4.354758585,6.918935977,4.664480323
2026-02-24 16:42:10,5.373552661,7.504334668,-0.411027516
2026-02-24 16:42:20,6.016298168,8.132626420,-0.700782506
2026-02-24 16:42:30,6.878124200,6.563441445,-1.916921884
2026-02-24 16:42:40,8.989551061,2.433276768,-2.023668971
2026-02-24 16:42:50,8.182574394,2.428157429,3.881257858
2026-02-24 16:43:00,6.451377262,6.805953334,3.679803315
2026-02-24 16:43:10,6.388017390,6.507221733,3.771289003
2026-02-24 16:43:20,7.441704213,4.545601907,4.021508325
2026-02-24 16:43:30,7.925136290,4.960254976,3.263992093
2026-02-24 16:43:40,8.562256025,4.364094970,1.601379233
2026-02-24 16:43:50,6.972600767,5.395915107,5.327848758
2026-02-24 16:44:00,6.030236502,5.663976709,5.291620075
2026-02-24 16:44:10,6.324913725,7.532030335,3.968708984
2026-02-24 16:44:20,7.223623228,5.725247758,4.781625804
2026-02-24 16:44:30,8.561329330,3.137289224,4.935607831
2026-02-24 16:44:40,5.866486218,0.814725763,7.547370338
2026-02-24 16:44:50,7.996303123,1.744683753,4.812253247
2026-02-24 16:45:00,7.289466763,1.995531316,6.048250122
2026-02-24 16:45:10,7.428065851,0.918838582,6.695411061
2026-02-24 16:45:20,7.894723407,1.141178066,5.684719752
2026-02-24 16:45:30,7.507062723,3.024472760,5.709292752
2026-02-24 16:45:40,8.871752196,3.009169197,4.312160618
2026-02-24 16:45:50,6.964382871,2.165892215,5.346403903
2026-02-24 16:46:00,7.350825941,1.734881236,5.493028022
2026-02-24 16:46:10,8.006331071,0.772707989,5.072420851
2026-02-24 16:46:20,8.121690526,1.173332854,4.543213877
2026-02-24 16:46:30,9.157144248,2.381801335,3.645545839
2026-02-24 16:46:40,9.235554264,0.659578460,3.169226292
2026-02-24 16:46:50,9.709109576,-0.434000003,2.265650588
2026-02-24 16:47:00,9.233199896,-0.873009949,2.601538774
2026-02-24 16:47:10,9.085550953,-0.369107605,3.028065158
2026-02-24 16:47:20,8.359523075,0.518601105,5.134737804
2026-02-24 16:47:30,7.894293627,-0.586617814,5.403228168
2026-02-24 16:47:40,8.206329629,0.188963669,5.189710398
2026-02-24 16:47:50,8.685990425,0.023766516,5.028503794
2026-02-24 16:48:00,8.322489680,1.109562079,4.756324598
2026-02-24 16:48:10,8.677863962,0.657480286,4.079106604
2026-02-24 16:48:20,9.224224653,0.657800681,2.940733899
2026-02-24 16:48:30,8.680126049,1.089997974,3.282777946
2026-02-24 16:48:40,9.037701357,1.073750787,4.175138908
2026-02-24 16:48:50,9.033895642,1.084556124,4.164128706
2026-02-24 16:49:00,8.455137490,-0.391597616,4.480372773
2026-02-24 16:49:10,9.083041244,-0.342190689,4.290590519
2026-02-24 16:49:20,8.738092377,-0.418192815,4.953842213
2026-02-24 16:49:30,7.331843948,0.783917432,6.060122090
2026-02-24 16:49:40,7.873243162,-0.620794873,5.567686225
2026-02-24 16:49:50,6.617296634,0.591275702,5.686713692
2026-02-24 16:50:00,6.848138263,-0.051342517,6.708619139
2026-02-24 16:50:10,5.888131408,-0.999403659,7.589326780
2026-02-24 16:50:20,5.797761527,-0.686811046,7.444275654
2026-02-24 16:50:30,4.519995986,-1.090899438,8.674692634
2026-02-24 16:50:40,6.223467914,0.417047313,7.699295086
2026-02-24 16:50:50,6.920195477,-1.114830252,6.850118983
2026-02-24 16:51:00,8.021149540,-2.442029904,6.255458395
2026-02-24 16:51:10,7.241116632,-1.382689291,6.195808486
2026-02-24 16:51:20,8.071959727,-1.446784536,6.144658797
2026-02-24 16:51:30,8.668995835,-0.591160935,4.629233446
2026-02-24 16:51:40,8.993724033,-2.875283633,3.966600941
2026-02-24 16:51:50,8.768291943,-0.047176916,3.641721017
2026-02-24 16:52:00,9.018718546,-0.641788928,2.771458810
2026-02-24 16:52:10,8.828961524,-1.257507602,3.484717242
2026-02-24 16:52:20,7.518339016,-2.470897435,6.143427505
2026-02-24 16:52:30,8.205731963,-1.485467197,5.615839826
2026-02-24 16:52:40,7.046583401,-5.080305973,5.553222778
2026-02-24 16:52:50,5.604262069,-3.822710463,6.786082866
2026-02-24 16:53:00,6.187319217,-5.192037421,4.676684594
2026-02-24 16:53:10,6.387808533,-2.585287872,6.441628672
2026-02-24 16:53:20,8.392844277,-3.379285341,3.438085314
2026-02-24 16:53:30,7.627933698,-4.604506889,3.009218453
2026-02-24 16:53:40,3.557158329,-6.576431420,7.045499692
2026-02-24 16:53:50,0.623899140,-7.763210083,5.945187176
2026-02-24 16:54:00,-0.352035567,-7.354560724,6.623070596
2026-02-24 16:54:10,1.276431950,-7.735623377,5.856604347
2026-02-24 16:54:20,0.019902502,-7.980659879,6.138733631
2026-02-24 16:54:30,-0.187208441,-8.336058268,4.980234574
2026-02-24 16:54:40,-0.828171842,-8.554207937,5.557423822
2026-02-24 16:54:50,0.254872643,-9.035112147,4.140554245
2026-02-24 16:55:00,0.047904899,-9.008700875,3.507700843
2026-02-24 16:55:10,-2.559641306,-9.128630191,2.359032274
2026-02-24 16:55:20,-1.198403417,-8.648394535,2.392790646
2026-02-24 16:55:30,-0.517281969,-9.547645747,1.285066430
2026-02-24 16:55:40,-0.838559725,-9.709380070,2.369670247
2026-02-24 16:55:50,-0.333408677,-9.851765038,2.650122089
2026-02-24 16:56:00,0.646935365,-9.892375480,1.987007166
2026-02-24 16:56:10,1.422576139,-9.586285402,2.707813514
2026-02-24 16:56:20,2.237445952,-9.824463620,0.710405101
2026-02-24 16:56:30,2.061165164,-9.443774343,2.244610170
2026-02-24 16:56:40,1.591178204,-9.004624792,2.004277304
2026-02-24 16:56:50,1.939739647,-9.419935903,1.507251215
2026-02-24 16:57:00,2.513822242,-8.653203536,3.071970259
2026-02-24 16:57:10,2.189947132,-8.954099603,4.736966771
2026-02-24 16:57:20,2.208154311,-9.057603254,4.845681291
2026-02-24 16:57:30,1.821037468,-7.867005764,5.267864851
2026-02-24 16:57:40,0.751763791,-7.095603065,6.296886798
2026-02-24 16:57:50,2.096339017,-8.638285550,4.554216549
2026-02-24 16:58:00,1.862190002,-9.008286173,4.687001900
2026-02-24 16:58:10,2.524107422,-7.656558210,5.976758055
2026-02-24 16:58:20,3.217096269,-7.595784736,4.707596141
2026-02-24 16:58:30,5.687330736,-7.222774114,3.748311162
2026-02-24 16:58:40,7.477076313,-5.208451435,2.855598975
2026-02-24 16:58:50,6.501252322,-4.688752335,6.168689110
2026-02-24 16:59:00,3.649167347,-6.207882411,5.440548380
2026-02-24 16:59:10,4.761675307,-6.892293443,5.704072962
2026-02-24 16:59:20,3.806458157,-8.224333593,4.505814785
2026-02-24 16:59:30,2.548781697,-8.179873278,4.973611919
2026-02-24 16:59:40,3.200818312,-7.873347778,3.800690187
2026-02-24 16:59:50,2.929718430,-8.130243667,5.596693353
2026-02-24 17:00:00,3.304100576,-7.079092844,5.108806465
2026-02-24 17:00:10,3.638803803,-7.642478639,4.374612628
2026-02-24 17:00:20,1.765345945,-7.700499214,6.302068579
2026-02-24 17:00:30,1.808928163,-8.072937002,5.706774224
2026-02-24 17:00:40,2.391392756,-8.060316429,3.380011695
2026-02-24 17:00:50,1.703092069,-8.836751767,4.499414193
2026-02-24 17:01:00,3.881594695,-8.422822825,2.645080784
2026-02-24 17:01:10,3.231586521,-9.092749432,2.001571105
2026-02-24 17:01:20,4.395488037,-9.303790214,-1.165415232
2026-02-24 17:01:30,5.141458223,-8.330723139,-1.319519028
2026-02-24 17:01:40,6.449601698,-7.338128663,-2.945887206
2026-02-24 17:01:50,6.852267978,-5.615442748,-3.719623974
2026-02-24 17:02:00,5.481782918,-7.119607908,-3.394145909
2026-02-24 17:02:10,4.858577373,-6.947262459,-3.342221251
2026-02-24 17:02:20,4.894778774,-7.931362068,-3.807203892
2026-02-24 17:02:30,3.241406037,-8.650439897,-3.710096620
2026-02-24 17:02:40,5.759887855,-7.943168606,-1.086845472
2026-02-24 17:02:50,6.973681570,-5.724254356,-3.295034656
2026-02-24 17:03:00,6.414063229,-3.277817790,-6.518202842
2026-02-24 17:03:10,1.828045995,-3.073307564,-9.136080863
2026-02-24 17:03:20,1.242063803,-2.738541188,-9.728316184
2026-02-24 17:03:30,0.379201794,2.285145070,-9.579816908
2026-02-24 17:03:40,-2.042072297,3.593186603,-8.879884924
2026-02-24 17:03:50,-2.368179435,4.215067274,-9.144361492
2026-02-24 17:04:00,-4.731919404,1.293957756,-9.208677091
2026-02-24 17:04:10,-4.818585733,-1.379586948,-8.059976769
2026-02-24 17:04:20,-4.086325598,-0.071319399,-8.973349129
2026-02-24 17:04:30,-3.164025714,-1.988167127,-9.178590389
2026-02-24 17:04:40,-0.700168353,-3.790106697,-8.119967021
2026-02-24 17:04:50,-0.838939309,-4.525003519,-8.953846152
2026-02-24 17:05:00,0.248210265,-4.647588993,-8.400324263
2026-02-24 17:05:10,0.729052474,-5.907091401,-7.656025050
2026-02-24 17:05:20,2.272572816,-5.232077373,-7.965104460
2026-02-24 17:05:30,2.353428520,-5.902050264,-8.170040458
2026-02-24 17:05:40,3.333024857,-4.420491495,-8.061161713
2026-02-24 17:05:50,2.667090072,-4.302189419,-8.082229773
2026-02-24 17:06:00,0.355174398,-3.753376013,-9.029817229
2026-02-24 17:06:10,0.074379166,-3.703052582,-8.592539786
2026-02-24 17:06:20,-0.185831447,-6.952914885,-8.524778388
2026-02-24 17:06:30,-0.590424747,-7.083014238,-7.974391424
2026-02-24 17:06:40,-0.514513779,-6.403622693,-7.609905439
2026-02-24 17:06:50,-0.393681040,-7.427712909,-7.895864939
2026-02-24 17:07:00,-0.394108942,-3.894061226,-8.677159518
2026-02-24 17:07:10,-1.387708572,-4.781852120,-8.896166348
2026-02-24 17:07:20,-0.888113980,-3.915324089,-8.825382659
2026-02-24 17:07:30,-1.610309065,-4.856758453,-7.866886775
2026-02-24 17:07:40,-1.971171418,-5.508326968,-8.251789105
2026-02-24 17:07:50,-0.873528732,-5.035925559,-8.389001549
2026-02-24 17:08:00,-2.266023692,-4.654484319,-8.572784659
2026-02-24 17:08:10,-1.417561911,-4.997765222,-7.987314841
2026-02-24 17:08:20,-2.510861549,-3.933903826,-8.541404506
2026-02-24 17:08:30,-1.265208349,-4.216439562,-8.391760084
2026-02-24 17:08:40,-1.114437221,-5.614538707,-8.825779566
2026-02-24 17:08:50,-0.964386248,-4.746825212,-8.854998416
2026-02-24 17:09:00,-1.996096690,-4.112338217,-8.246492472
2026-02-24 17:09:10,-1.388529445,-3.987240070,-8.187847702
2026-02-24 17:09:20,-2.329537014,-4.074897296,-8.381708437
2026-02-24 17:09:30,-3.239542626,-3.955856620,-8.231669509
2026-02-24 17:09:40,-2.658781092,-3.182166721,-8.747657966
2026-02-24 17:09:50,-3.655308790,-4.014076917,-8.436749037
2026-02-24 17:10:00,-2.959179502,-4.021514349,-8.127406540
2026-02-24 17:10:10,-3.398996299,-4.094289618,-7.707626301
2026-02-24 17:10:20,-4.032635455,-4.090938578,-8.041997562
2026-02-24 17:10:30,-4.691938474,-4.509820388,-7.194873904
2026-02-24 17:10:40,-3.651517911,-4.365393030,-7.663684549
2026-02-24 17:10:50,-4.571585310,-4.135639313,-7.731585448
2026-02-24 17:11:00,-4.917641252,-4.345611293,-7.626200596
2026-02-24 17:11:10,-4.662080769,-3.355360755,-7.368095926
2026-02-24 17:11:20,-5.144472064,-3.331887104,-6.936169415
2026-02-24 17:11:30,-5.915573927,-2.832776447,-7.405209951
2026-02-24 17:11:40,-5.676061801,-2.286212555,-7.617677909
2026-02-24 17:11:50,-5.060054033,-3.715003348,-7.289045412
2026-02-24 17:12:00,-5.828487213,-3.490832172,-7.594016281
2026-02-24 17:12:10,-5.947384318,-3.508400141,-7.108756090
2026-02-24 17:12:20,-4.788908583,-3.466679877,-6.915154234
2026-02-24 17:12:30,-5.837933241,-4.062445604,-7.249785711
2026-02-24 17:12:40,-6.142312788,-4.467899752,-7.353276099
2026-02-24 17:12:50,-5.251627459,-3.992789102,-6.733006004
2026-02-24 17:13:00,-6.401260733,-4.148673584,-6.410056836
2026-02-24 17:13:10,-5.241207162,-3.733328763,-7.227295758
2026-02-24 17:13:20,-6.250314672,-3.766944005,-7.024989871
2026-02-24 17:13:30,-5.866095672,-4.987430221,-6.992266056
2026-02-24 17:13:40,-4.577557975,-4.630307153,-7.353514479
2026-02-24 17:13:50,-5.497796330,-4.493773792,-6.504357150
2026-02-24 17:14:00,-5.813402137,-4.573593187,-7.522490545
2026-02-24 17:14:10,-5.803923778,-3.828123894,-6.399047578
2026-02-24 17:14:20,-5.487104997,-4.050347672,-6.849724181
2026-02-24 17:14:30,-6.350018424,-4.650101173,-6.005590810
2026-02-24 17:14:40,-7.169660288,-3.891074537,-5.728952261
2026-02-24 17:14:50,-6.878365473,-4.526219933,-5.699795683
2026-02-24 17:15:00,-7.517788008,-4.159931515,-5.267715608
2026-02-24 17:15:10,-6.523614614,-3.830342549,-5.994390308
2026-02-24 17:15:20,-6.447360379,-4.775261344,-6.416847935
2026-02-24 17:15:30,-5.759961418,-4.458692958,-5.432392840
2026-02-24 17:15:40,-5.471238076,-4.357574147,-6.030773339
2026-02-24 17:15:50,-6.090335980,-5.303447206,-6.706732298
2026-02-24 17:16:00,-5.989930316,-4.781668556,-6.786888803
2026-02-24 17:16:10,-5.188319783,-5.237636902,-6.824312199
2026-02-24 17:16:20,-6.071705898,-4.212870638,-6.162774069
2026-02-24 17:16:30,-5.489342345,-5.505405240,-5.906821480
2026-02-24 17:16:40,-4.349759346,-5.483968158,-6.410028855
2026-02-24 17:16:50,-5.446208081,-4.870328352,-5.379288255
2026-02-24 17:17:00,-5.339932448,-5.529720123,-6.052426343
2026-02-24 17:17:10,-4.561430786,-6.208972351,-6.779360699
2026-02-24 17:17:20,-4.233170906,-6.401030109,-6.549574006
2026-02-24 17:17:30,-3.194438024,-5.718834917,-6.610035354
2026-02-24 17:17:40,-3.140831769,-5.849796374,-7.000162391
2026-02-24 17:17:50,-4.084234949,-5.866852308,-7.033071005
2026-02-24 17:18:00,-4.387871815,-5.874799006,-5.989561881
2026-02-24 17:18:10,-3.529733569,-5.897034775,-6.800383193
2026-02-24 17:18:20,-3.778659936,-6.279467628,-6.881671402
2026-02-24 17:18:30,-3.279578170,-5.699456639,-7.653786569
2026-02-24 17:18:40,-3.688514620,-5.442426342,-7.374539964
2026-02-24 17:18:50,-3.682757970,-5.163303389,-7.334577674
2026-02-24 17:19:00,-3.790879833,-4.631346306,-7.975900013
2026-02-24 17:19:10,-4.372178678,-4.385482060,-7.547483710
2026-02-24 17:19:20,-3.103819761,-4.750285814,-7.277066421
2026-02-24 17:19:30,-2.882860208,-3.919091390,-9.082965796
2026-02-24 17:19:40,-3.400575757,-4.411653660,-8.268125329
2026-02-24 17:19:50,-2.136900951,-5.538635717,-7.663106746
2026-02-24 17:20:00,-2.415771200,-4.979638757,-8.181679613
2026-02-24 17:20:10,-2.595884281,-4.810830138,-7.851024486
2026-02-24 17:20:20,-3.574530323,-4.922602887,-8.216656936
2026-02-24 17:20:30,-3.634143199,-4.388560571,-7.055517199
2026-02-24 17:20:40,-2.997438080,-4.905788094,-7.537960069
2026-02-24 17:20:50,-3.862422772,-5.067806789,-8.314474149
2026-02-24 17:21:00,-3.590306538,-5.306195263,-8.016412892
2026-02-24 17:21:10,-4.068936920,-5.425903005,-7.827408830
2026-02-24 17:21:20,-4.057642308,-5.003737615,-7.847293122
2026-02-24 17:21:30,-4.241031460,-5.616752591,-7.271372713
2026-02-24 17:21:40,-3.347642590,-5.419107389,-6.827284562
2026-02-24 17:21:50,-4.167117540,-5.811039715,-7.253889222
2026-02-24 17:22:00,-4.475562408,-5.561107909,-7.164620234
2026-02-24 17:22:10,-4.935545213,-5.346733924,-7.571090887
2026-02-24 17:22:20,-4.547875183,-5.984624025,-7.502522271
2026-02-24 17:22:30,-3.536914519,-5.839294388,-6.926341950
2026-02-24 17:22:40,-3.743700912,-5.325882896,-6.400013698
2026-02-24 17:22:50,-5.044309712,-4.796756189,-7.096467836
2026-02-24 17:23:00,-4.393740223,-4.644744531,-7.179384761
2026-02-24 17:23:10,-3.878070297,-5.159752713,-7.835893956
2026-02-24 17:23:20,-4.373370981,-5.199910485,-7.300287662
2026-02-24 17:23:30,-4.374654065,-5.239590284,-6.988424770
2026-02-24 17:23:40,-3.809596087,-6.345817378,-7.294444933
2026-02-24 17:23:50,-4.178473440,-5.691525253,-6.705866092
2026-02-24 17:24:00,-3.360132152,-5.990811788,-6.857520753
2026-02-24 17:24:10,-2.720002740,-6.579305946,-7.744818051
2026-02-24 17:24:20,-2.296293411,-6.271549517,-7.800458833
2026-02-24 17:24:30,-0.720288983,-6.723843197,-7.831421867
2026-02-24 17:24:40,-0.933197745,-6.575584501,-6.937321424
2026-02-24 17:24:50,-1.487741519,-6.935126366,-6.526112900
2026-02-24 17:25:00,-1.210479627,-7.135200378,-6.268212489
2026-02-24 17:25:10,-0.190846324,-7.428225462,-6.421277524
2026-02-24 17:25:20,-1.033589623,-6.975871967,-6.975021074
2026-02-24 17:25:30,0.109165129,-7.847546465,-6.512909599
2026-02-24 17:25:40,0.755747273,-7.716175805,-6.170007246
2026-02-24 17:25:50,1.614987215,-8.180995575,-5.483848008
2026-02-24 17:26:00,1.131864943,-7.592042407,-5.865730529
2026-02-24 17:26:10,0.525395332,-8.209350349,-5.515983385
2026-02-24 17:26:20,0.432873587,-7.576025608,-6.264628812
2026-02-24 17:26:30,1.496091459,-7.390085633,-6.951641673
2026-02-24 17:26:40,1.261840464,-7.517387115,-6.458661360
2026-02-24 17:26:50,0.479044853,-7.307048061,-6.119366263
2026-02-24 17:27:00,1.258447142,-7.444579848,-6.240089835
2026-02-24 17:27:10,1.229160659,-7.115819943,-6.544627318
2026-02-24 17:27:20,0.938699326,-7.230553410,-6.062804599
2026-02-24 17:27:30,1.311388007,-7.190749793,-6.074786963
2026-02-24 17:27:40,1.815568465,-6.911435641,-5.873109916
2026-02-24 17:27:50,1.035277192,-7.750166789,-6.207031264
2026-02-24 17:28:00,0.753642080,-6.705313775,-6.155160629
2026-02-24 17:28:10,-0.168903905,-7.952391025,-5.970469415
2026-02-24 17:28:20,0.132709354,-6.951108432,-7.487552140
2026-02-24 17:28:30,-0.264339437,-6.044618180,-8.032132739
2026-02-24 17:28:40,-0.437975884,-6.976074576,-7.356105277
2026-02-24 17:28:50,-0.999860541,-6.937644895,-7.196061362
2026-02-24 17:29:00,-1.209206959,-6.813516887,-6.639340418
2026-02-24 17:29:10,-1.266391870,-6.605563792,-6.744873823
2026-02-24 17:29:20,-2.534804762,-6.736224660,-6.503865019
2026-02-24 17:29:30,-2.677636012,-6.604949146,-6.209291547
2026-02-24 17:29:40,-3.128649644,-6.735255055,-6.153444087
2026-02-24 17:29:50,-3.666612498,-7.469340192,-5.719081350
2026-02-24 17:30:00,-3.164999776,-7.017686505,-5.699095993
2026-02-24 17:30:10,-4.088289808,-6.702242570,-6.504073382
2026-02-24 17:30:20,-4.243867192,-6.409580214,-5.759754808
2026-02-24 17:30:30,-4.049496643,-6.262227343,-5.826001317
2026-02-24 17:30:40,-3.593809588,-6.699985871,-6.236065508
2026-02-24 17:30:50,-4.463117186,-6.639961424,-6.554644220
2026-02-24 17:31:00,-4.179716441,-6.628483839,-6.773606010
2026-02-24 17:31:10,-3.326148046,-6.819719740,-5.560943121
2026-02-24 17:31:20,-4.641497265,-6.611466849,-5.576175006
2026-02-24 17:31:30,-4.240378526,-6.751087112,-5.578413762
2026-02-24 17:31:40,-5.189113463,-6.042871954,-5.898339859
2026-02-24 17:31:50,-4.343256128,-6.170817694,-5.944113789
2026-02-24 17:32:00,-4.772332406,-6.325737880,-5.793665998
2026-02-24 17:32:10,-5.262573569,-5.672183462,-6.427157522
2026-02-24 17:32:20,-5.824266968,-4.743758804,-5.496608932
2026-02-24 17:32:30,-5.550775449,-4.944264265,-6.320772454
2026-02-24 17:32:40,-5.876330696,-3.281949929,-5.775767782
2026-02-24 17:32:50,-5.931108190,-3.955088210,-6.031258266
2026-02-24 17:33:00,-6.151444254,-5.060073659,-5.746765796
2026-02-24 17:33:10,-5.866306590,-4.283475238,-6.612359140
2026-02-24 17:33:20,-5.619950951,-4.309334205,-6.083023182
2026-02-24 17:33:30,-4.914636416,-4.237639070,-6.151893584
2026-02-24 17:33:40,-5.612658562,-4.271301353,-6.677745086
2026-02-24 17:33:50,-5.765474352,-5.279459530,-6.765959251
2026-02-24 17:34:00,-4.308040056,-5.421577873,-6.474560999
2026-02-24 17:34:10,-5.203914528,-5.213143799,-6.550061814
2026-02-24 17:34:20,-5.598390922,-3.954010261,-6.683050568
2026-02-24 17:34:30,-5.988385289,-4.804678558,-6.252280427
2026-02-24 17:34:40,-6.412080040,-4.824895573,-6.222260622
2026-02-24 17:34:50,-5.913438508,-4.174580669,-6.372350228
2026-02-24 17:35:00,-6.152633022,-4.038137230,-6.638268871
2026-02-24 17:35:10,-5.128513041,-3.555910103,-6.418940086
2026-02-24 17:35:20,-5.698946252,-3.879878255,-6.534188548
2026-02-24 17:35:30,-5.601508013,-3.876427460,-6.980206392
2026-02-24 17:35:40,-5.555771200,-3.574843381,-6.500160899
2026-02-24 17:35:50,-6.051050319,-3.803229633,-7.272750272
2026-02-24 17:36:00,-5.275770195,-3.998831290,-7.444477449
2026-02-24 17:36:10,-5.549523479,-3.212561435,-7.110535155
2026-02-24 17:36:20,-5.925631845,-3.593536238,-7.306811280
2026-02-24 17:36:30,-5.691555735,-3.523284801,-7.058065053
2026-02-24 17:36:40,-5.666743073,-3.487629975,-6.891620814
2026-02-24 17:36:50,-6.479845618,-3.607057976,-6.245089004
2026-02-24 17:37:00,-5.892300789,-4.024726441,-7.272120728
2026-02-24 17:37:10,-5.759304655,-6.086529312,-6.480357885
2026-02-24 17:37:20,-5.099797513,-4.752947735,-6.779648736
2026-02-24 17:37:30,-5.525253112,-3.821289654,-6.949599792
2026-02-24 17:37:40,-4.807691606,-5.273044494,-7.153311561
2026-02-24 17:37:50,-5.258325877,-4.815426727,-6.475144459
2026-02-24 17:38:00,-5.477006095,-4.492373121,-7.067420865
2026-02-24 17:38:10,-6.213344325,-4.171477577,-6.758166703
2026-02-24 17:38:20,-4.783816851,-4.568136499,-6.060918911
2026-02-24 17:38:30,-4.471511652,-5.262330757,-7.064421251
2026-02-24 17:38:40,-3.498672908,-6.330709342,-7.127097219
2026-02-24 17:38:50,-3.326806890,-6.101892548,-7.039934269
2026-02-24 17:39:00,-3.608984807,-5.861364528,-7.341466006
2026-02-24 17:39:10,-3.275267511,-5.851315430,-7.064450452
2026-02-24 17:39:20,-2.737320098,-5.236234175,-7.102376621
2026-02-24 17:39:30,-3.008769292,-5.136066477,-7.271597818
2026-02-24 17:39:40,-3.016807551,-5.581104198,-7.365087656
2026-02-24 17:39:50,-3.329895803,-6.084452977,-7.589554798
2026-02-24 17:40:00,-3.473867657,-4.957071638,-7.187139738
2026-02-24 17:40:10,-3.684007123,-5.559366486,-7.177405900
2026-02-24 17:40:20,-2.464405465,-5.199660600,-7.798749859
2026-02-24 17:40:30,-2.980520084,-5.675753224,-8.286210747
2026-02-24 17:40:40,-1.663464561,-6.697063184,-7.131804441
2026-02-24 17:40:50,-2.719294075,-6.329412179,-7.689476184
2026-02-24 17:41:00,-2.528006102,-6.327693827,-7.529737860
2026-02-24 17:41:10,-2.946472908,-5.539017543,-7.755587428
2026-02-24 17:41:20,-3.192120900,-5.203588862,-7.606949413
2026-02-24 17:41:30,-3.351440102,-5.165671687,-7.277218984
2026-02-24 17:41:40,-3.481690115,-5.743332684,-7.069877252
2026-02-24 17:41:50,-2.688750888,-4.725359950,-6.694487937
2026-02-24 17:42:00,-3.047754664,-5.671915799,-7.520061819
2026-02-24 17:42:10,-3.744619443,-5.480025974,-7.846911731
2026-02-24 17:42:20,-3.263708946,-6.150368943,-7.356658617
2026-02-24 17:42:30,-3.666561815,-5.112018481,-7.286653967
2026-02-24 17:42:40,-2.701219234,-5.575226562,-7.159094148
2026-02-24 17:42:50,-2.378759330,-5.915061968,-7.286781444
2026-02-24 17:43:00,-1.317189497,-5.713560674,-7.441263675
2026-02-24 17:43:10,-0.938430210,-5.933938520,-8.177259113
2026-02-24 17:43:20,-0.963697543,-6.212197002,-7.266697327
2026-02-24 17:43:30,-0.862598861,-6.340926387,-7.976824252
2026-02-24 17:43:40,0.780888019,-5.812550390,-8.298637115
2026-02-24 17:43:50,0.442678324,-5.730896368,-7.655271024
2026-02-24 17:44:00,0.326438653,-6.164885698,-6.892276071
2026-02-24 17:44:10,-0.247410003,-6.157999561,-7.918916237
2026-02-24 17:44:20,-0.513245009,-6.274877486,-7.748943572
2026-02-24 17:44:30,-1.368559474,-6.405438730,-6.791291766
2026-02-24 17:44:40,-0.640023403,-6.351658046,-7.870380777
2026-02-24 17:44:50,0.408591024,-6.498655582,-7.282001275
2026-02-24 17:45:00,0.496767064,-7.359310835,-7.538093931
2026-02-24 17:45:10,0.655080502,-7.318746926,-6.768901064
2026-02-24 17:45:20,0.673134238,-7.238057284,-6.906368102
2026-02-24 17:45:30,0.637440422,-6.928344877,-7.137042445
2026-02-24 17:45:40,0.094773674,-6.352328690,-7.043945216
2026-02-24 17:45:50,-0.723412239,-6.673304074,-7.771612486
2026-02-24 17:46:00,-0.590121562,-7.193758051,-6.587068565
2026-02-24 17:46:10,-1.268580766,-6.813239017,-6.264739841
2026-02-24 17:46:20,-2.177582748,-7.361550941,-4.698662956
2026-02-24 17:46:30,-0.980515820,-7.548823243,-5.975829952
2026-02-24 17:46:40,-1.145818383,-7.613999015,-5.776637667
2026-02-24 17:46:50,-0.994549170,-7.431877437,-5.652850485
2026-02-24 17:47:00,-1.641449510,-8.296451019,-5.389645480
2026-02-24 17:47:10,-1.451350294,-7.565483793,-6.494585886
2026-02-24 17:47:20,-0.597465711,-7.431385705,-6.756009338
2026-02-24 17:47:30,-0.117565299,-8.215602693,-5.609661619
2026-02-24 17:47:40,-0.035446057,-7.474979615,-5.800522256
2026-02-24 17:47:50,-0.949108080,-8.511970336,-5.128444860
2026-02-24 17:48:00,-1.254289167,-8.430335784,-5.158702508
2026-02-24 17:48:10,-0.953740121,-7.336280332,-5.751547863
2026-02-24 17:48:20,-1.669810957,-7.520766925,-6.259231085
2026-02-24 17:48:30,-0.215856266,-7.741246664,-6.631874196
2026-02-24 17:48:40,-0.349837517,-7.241045557,-6.302340402
2026-02-24 17:48:50,0.349108560,-8.215952614,-5.708390384
2026-02-24 17:49:00,-0.557575750,-7.458242893,-6.260993051
2026-02-24 17:49:10,0.159669481,-7.622882906,-6.186113034
2026-02-24 17:49:20,-0.020689233,-7.198919112,-5.795381927
2026-02-24 17:49:30,-0.812182573,-7.354602209,-7.091643247
2026-02-24 17:49:40,-0.786569860,-6.432751528,-7.201635519
2026-02-24 17:49:50,-0.611143932,-7.410609500,-6.642021038
2026-02-24 17:50:00,-1.054639488,-6.173948232,-6.587718332
2026-02-24 17:50:10,-0.543904918,-7.306559281,-7.105006325
2026-02-24 17:50:20,-0.390577386,-7.532807596,-6.325403035
2026-02-24 17:50:30,0.301186032,-7.356087368,-6.626800702
2026-02-24 17:50:40,0.351039839,-7.537700822,-6.165938247
2026-02-24 17:50:50,-0.220208208,-7.633083296,-5.749691227
2026-02-24 17:51:00,0.291854246,-8.068660906,-6.410893778
2026-02-24 17:51:10,1.044953897,-8.213185655,-6.268817776
2026-02-24 17:51:20,0.174736276,-7.704102765,-5.764163680
2026-02-24 17:51:30,-0.284195375,-8.324833099,-6.092228905
2026-02-24 17:51:40,-0.226410396,-7.241429989,-5.715602695
2026-02-24 17:51:50,0.056464908,-8.331063138,-5.502067780
2026-02-24 17:52:00,-0.459847311,-7.465199359,-6.717204051
2026-02-24 17:52:10,1.354492496,-7.703406983,-6.756408887
2026-02-24 17:52:20,0.495054514,-7.729378773,-6.451542570
2026-02-24 17:52:30,0.101564026,-6.690160208,-6.619223662
2026-02-24 17:52:40,-0.101280241,-7.135128171,-6.312050651
2026-02-24 17:52:50,0.773657985,-7.523147276,-6.924312664
2026-02-24 17:53:00,0.045715754,-7.069307736,-6.952481257
2026-02-24 17:53:10,0.701223179,-7.793785154,-6.143312119
2026-02-24 17:53:20,0.222632212,-7.295617450,-5.529862402
2026-02-24 17:53:30,0.376299997,-7.307436606,-6.368836019
2026-02-24 17:53:40,-0.065487941,-7.243703204,-6.348596996
2026-02-24 17:53:50,0.243257656,-7.051720284,-7.109947688
2026-02-24 17:54:00,0.907013945,-6.595126658,-7.140467199
2026-02-24 17:54:10,1.311160407,-6.584073025,-6.747303131
2026-02-24 17:54:20,1.571569360,-7.284026515,-6.299823508
2026-02-24 17:54:30,0.984608431,-6.947067305,-6.966968679
2026-02-24 17:54:40,1.083851882,-7.323459570,-7.200438075
2026-02-24 17:54:50,1.608432627,-7.495205523,-6.342698505
2026-02-24 17:55:00,0.956285461,-7.431070430,-7.054204479
2026-02-24 17:55:10,1.877958490,-6.526990759,-7.035476339
2026-02-24 17:55:20,1.852292745,-7.314143426,-6.665672921
2026-02-24 17:55:30,1.582524859,-6.438272629,-6.585175316
2026-02-24 17:55:40,1.399441873,-6.377125201,-6.646126812
2026-02-24 17:55:50,2.576775781,-6.495582944,-6.857560358
2026-02-24 17:56:00,1.875198675,-6.700403166,-6.652238037
2026-02-24 17:56:10,1.850719918,-6.133336338,-6.775869733
2026-02-24 17:56:20,2.205068453,-6.954496028,-6.333709987
2026-02-24 17:56:30,2.019114893,-7.066553703,-6.426264232
2026-02-24 17:56:40,1.448078360,-6.685554379,-6.953147881
2026-02-24 17:56:50,1.174290955,-7.253982889,-6.387868126
2026-02-24 17:57:00,1.271055340,-7.953131878,-5.676116286
2026-02-24 17:57:10,0.935895503,-6.868265021,-6.820058627
2026-02-24 17:57:20,1.523508172,-6.933799396,-6.075372309
2026-02-24 17:57:30,2.011976423,-7.026402043,-6.198373375
2026-02-24 17:57:40,1.030277359,-7.600373850,-6.328330570
2026-02-24 17:57:50,1.939533701,-7.096310676,-6.845600232
2026-02-24 17:58:00,1.824231623,-7.076093034,-6.231991082
2026-02-24 17:58:10,1.961761483,-6.862231230,-6.511898019
2026-02-24 17:58:20,1.039259772,-6.809686680,-6.868950080
2026-02-24 17:58:30,1.624815904,-6.651953320,-7.420648960
2026-02-24 17:58:40,2.193572936,-6.809374710,-6.836144397
2026-02-24 17:58:50,0.647799961,-6.783797347,-6.599169136
2026-02-24 17:59:00,0.107709320,-7.195557077,-7.021230648
2026-02-24 17:59:10,0.756521121,-7.188747362,-6.574877756
2026-02-24 17:59:20,1.579805978,-6.424041086,-6.643493952
2026-02-24 17:59:30,2.270080904,-6.163418374,-7.805337443
2026-02-24 17:59:40,2.464117527,-6.449299815,-6.943170079
2026-02-24 17:59:50,2.093695061,-6.253499578,-6.252590560
2026-02-24 18:00:00,3.146337306,-6.563718809,-6.539126253
2026-02-24 18:00:10,2.577376701,-6.603688514,-6.614792270
2026-02-24 18:00:20,2.418317805,-6.232902038,-6.940444596
2026-02-24 18:00:30,2.108129392,-6.463276901,-7.044503147
2026-02-24 18:00:40,2.074287615,-7.571873920,-6.191625898
2026-02-24 18:00:50,1.352798172,-7.684573891,-5.699727971
2026-02-24 18:01:00,1.249275746,-8.075494103,-7.270153531
2026-02-24 18:01:10,1.603379591,-7.621840034,-6.715746974
2026-02-24 18:01:20,1.026092506,-7.107258196,-5.697115103
2026-02-24 18:01:30,1.347267633,-8.382857050,-6.004371859
2026-02-24 18:01:40,1.921107388,-8.017420734,-5.603663317
2026-02-24 18:01:50,1.859968376,-6.833266711,-6.452593505
2026-02-24 18:02:00,1.547512845,-6.676158627,-6.352594772
2026-02-24 18:02:10,0.977901437,-7.227420741,-5.847306807
2026-02-24 18:02:20,1.807527004,-6.883792653,-5.612844800
2026-02-24 18:02:30,2.212050197,-7.274770345,-6.366514924
2026-02-24 18:02:40,2.357803718,-7.406937881,-5.786599713
2026-02-24 18:02:50,2.213373623,-7.297866178,-5.925810063
2026-02-24 18:03:00,2.841034477,-7.292705882,-6.236894158
2026-02-24 18:03:10,2.994360234,-6.964851608,-5.958506980
2026-02-24 18:03:20,3.173307919,-6.916986857,-5.972134429
2026-02-24 18:03:30,4.356366349,-5.799307896,-6.432611289
2026-02-24 18:03:40,3.137890071,-6.160584961,-6.542371814
2026-02-24 18:03:50,3.520969175,-7.034730650,-6.409625155
2026-02-24 18:04:00,2.854756695,-6.813922413,-6.486110772
2026-02-24 18:04:10,2.735221692,-6.396478431,-6.307586858
2026-02-24 18:04:20,2.741283819,-7.214210025,-6.466244427
2026-02-24 18:04:30,2.481115772,-7.125036970,-5.787258646
2026-02-24 18:04:40,1.855238639,-7.192163022,-5.707467740
2026-02-24 18:04:50,1.765487718,-7.911170296,-6.783308748
2026-02-24 18:05:00,2.114805937,-7.392970512,-5.302109106
2026-02-24 18:05:10,2.413785779,-7.723949016,-5.945938972
2026-02-24 18:05:20,1.305256543,-7.488767449,-5.505243576
2026-02-24 18:05:30,1.146246251,-7.243874062,-5.842467087
2026-02-24 18:05:40,1.720176581,-7.677380244,-5.005192993
2026-02-24 18:05:50,0.754907224,-7.949871513,-5.815070936
2026-02-24 18:06:00,1.096259891,-7.571245674,-6.126326074
2026-02-24 18:06:10,1.441543131,-7.432948335,-6.389879424
2026-02-24 18:06:20,1.913079022,-7.877093957,-6.046296047
2026-02-24 18:06:30,1.675996613,-7.259479869,-6.315885286
2026-02-24 18:06:40,1.827965158,-7.243018895,-6.588089570
2026-02-24 18:06:50,1.779951099,-7.438679682,-5.985223690
2026-02-24 18:07:00,1.664769502,-7.056615063,-7.051755582
2026-02-24 18:07:10,2.366677902,-7.444811434,-6.843899645
2026-02-24 18:07:20,2.015482879,-7.217902491,-5.748469298
2026-02-24 18:07:30,3.207586397,-7.186200735,-6.713809163
2026-02-24 18:07:40,2.722047178,-6.184090686,-7.269658065
2026-02-24 18:07:50,2.288917514,-6.626028878,-7.091231379
2026-02-24 18:08:00,2.327205903,-6.478160141,-6.723998563
2026-02-24 18:08:10,2.788402121,-7.333780789,-5.926095194
2026-02-24 18:08:20,3.050742842,-6.675273099,-6.646723085
2026-02-24 18:08:30,2.649078096,-7.409860015,-6.113112099
2026-02-24 18:08:40,2.363454211,-7.450665736,-6.692971520
2026-02-24 18:08:50,2.338153373,-7.025550684,-6.286559585
2026-02-24 18:09:00,2.363445747,-7.391686510,-6.214003764
2026-02-24 18:09:10,2.093231942,-7.507705693,-5.577112211
2026-02-24 18:09:20,2.392208618,-7.425979533,-5.796915204
2026-02-24 18:09:30,2.296725229,-7.175968168,-6.103751556
2026-02-24 18:09:40,2.758091694,-7.638631795,-7.032772068
2026-02-24 18:09:50,3.274813166,-7.356576620,-6.015619233
2026-02-24 18:10:00,3.132492250,-6.618955804,-5.988432274
2026-02-24 18:10:10,3.184346338,-6.031948535,-6.669445210
2026-02-24 18:10:20,3.218098234,-6.298906602,-6.826083254
2026-02-24 18:10:30,2.120274497,-5.342546842,-7.905630591
2026-02-24 18:10:40,2.550253827,-5.274751983,-7.411378456
2026-02-24 18:10:50,2.040051290,-5.421472248,-7.432146459
2026-02-24 18:11:00,1.247007167,-5.123214188,-8.773470552
2026-02-24 18:11:10,0.987114143,-5.020956859,-7.732194839
2026-02-24 18:11:20,1.609181588,-3.824895814,-8.651539446
2026-02-24 18:11:30,1.145407998,-4.611439737,-8.815421296
2026-02-24 18:11:40,0.398863937,-5.758639917,-8.037918920
2026-02-24 18:11:50,0.748428472,-6.242691552,-8.222667379
2026-02-24 18:12:00,0.143551468,-5.675802035,-7.797738172
2026-02-24 18:12:10,-0.427835718,-5.658240176,-7.927753933
2026-02-24 18:12:20,-0.819666932,-6.151095019,-7.835600681
2026-02-24 18:12:30,-1.138654393,-6.455732345,-7.511977421
2026-02-24 18:12:40,-1.267607069,-6.604519936,-7.065683095
2026-02-24 18:12:50,-1.369992119,-6.453950323,-7.429817755
2026-02-24 18:13:00,-0.787519308,-6.669692608,-6.814033654
2026-02-24 18:13:10,-1.219422389,-7.470830473,-6.362105569
2026-02-24 18:13:20,-2.877846315,-7.541707209,-6.339636958
2026-02-24 18:13:30,-3.617564909,-6.464462751,-6.875508202
2026-02-24 18:13:40,-2.805845180,-5.638465275,-6.904880042
2026-02-24 18:13:50,-2.587274816,-6.882443362,-6.045631324
2026-02-24 18:14:00,-2.127920312,-7.662371548,-6.327882207
2026-02-24 18:14:10,-2.482030253,-6.762696115,-6.183675488
2026-02-24 18:14:20,-1.982040683,-6.396701419,-7.296867399
2026-02-24 18:14:30,-0.885535237,-5.902246495,-7.857610196
2026-02-24 18:14:40,-1.356765664,-5.646619710,-7.547850925
2026-02-24 18:14:50,-1.939116986,-5.365868443,-8.332916065
2026-02-24 18:15:00,-1.333060922,-5.238774582,-8.576750248
2026-02-24 18:15:10,-0.597764949,-6.222300454,-8.115822642
2026-02-24 18:15:20,-1.171183980,-4.956512746,-9.059609437
2026-02-24 18:15:30,-2.724286614,-5.310540300,-7.845828074
2026-02-24 18:15:40,-2.191037452,-5.985314326,-7.950622607
2026-02-24 18:15:50,-1.514240792,-4.885558473,-7.961701752
2026-02-24 18:16:00,-1.165243723,-5.447513132,-8.394560565
2026-02-24 18:16:10,-1.968059095,-6.140992221,-7.413908900
2026-02-24 18:16:20,-1.691710141,-4.888755351,-7.978033799
2026-02-24 18:16:30,-1.147318384,-6.140569376,-7.067188420
2026-02-24 18:16:40,-0.426950949,-5.921410180,-7.539909687
2026-02-24 18:16:50,-0.507438456,-7.332017330,-7.818054447
2026-02-24 18:17:00,-0.223417772,-6.487328941,-6.397404989
2026-02-24 18:17:10,-1.043406284,-6.326187382,-7.398064561
2026-02-24 18:17:20,-0.601290836,-6.465059291,-7.184798772
2026-02-24 18:17:30,-0.261990171,-7.254135000,-6.990341051
2026-02-24 18:17:40,-0.066030168,-7.588574836,-6.109312216
2026-02-24 18:17:50,-0.720228072,-8.219398012,-6.455083554
2026-02-24 18:18:00,0.222174874,-8.185497869,-5.203517387
2026-02-24 18:18:10,-0.509446231,-8.132727371,-4.811519606
2026-02-24 18:18:20,-2.021201608,-8.366939118,-4.918051999
2026-02-24 18:18:30,-1.934061422,-7.941431102,-5.672848214
2026-02-24 18:18:40,-1.864427992,-7.904274073,-5.180289394
2026-02-24 18:18:50,-1.945147855,-8.130006648,-4.901000890
2026-02-24 18:19:00,-2.370892480,-8.633570167,-4.228431064
2026-02-24 18:19:10,-1.541609457,-8.004531575,-4.433665598
2026-02-24 18:19:20,-1.681190757,-8.532480722,-5.060579253
2026-02-24 18:19:30,-0.319417557,-8.928318328,-4.165091862
2026-02-24 18:19:40,0.473031181,-8.370710934,-5.069770531
2026-02-24 18:19:50,0.359471075,-8.936756057,-4.122024125
2026-02-24 18:20:00,-0.657563617,-8.922691928,-4.493819551
2026-02-24 18:20:10,0.938746674,-9.097787082,-4.014428123
2026-02-24 18:20:20,-0.805745516,-9.134355273,-2.745593357
2026-02-24 18:20:30,-0.062467686,-9.731176686,-1.626940924
2026-02-24 18:20:40,0.365181308,-9.907146438,0.898883900
2026-02-24 18:20:50,1.157909478,-9.721859660,-1.682174743
2026-02-24 18:21:00,1.209894591,-9.354309497,-3.327483805
2026-02-24 18:21:10,1.081750229,-9.034436158,-2.348170800
2026-02-24 18:21:20,0.111283177,-10.029253715,-2.777767549
2026-02-24 18:21:30,0.846691392,-9.610519704,-3.024455049
2026-02-24 18:21:40,-0.535611398,-8.866734282,-3.699997410
2026-02-24 18:21:50,-0.754220647,-9.678701882,-2.273208815
2026-02-24 18:22:00,-1.187260096,-9.196156984,-3.741978702
2026-02-24 18:22:10,-1.249056711,-8.653182485,-4.330110542
2026-02-24 18:22:20,-2.136133978,-8.551228966,-5.052425933
2026-02-24 18:22:30,-3.272079848,-8.115945775,-4.419829031
2026-02-24 18:22:40,-3.021115504,-7.739969602,-4.957538886
2026-02-24 18:22:50,-2.295292684,-8.060995936,-5.110273426
2026-02-24 18:23:00,-3.113213881,-8.277885634,-4.061991470
2026-02-24 18:23:10,-1.522178951,-8.431944643,-4.034904457
2026-02-24 18:23:20,0.614257303,-9.015930757,-3.895571104
2026-02-24 18:23:30,0.265504214,-8.626516321,-4.048487850
2026-02-24 18:23:40,0.947637220,-8.852522349,-4.644791492
2026-02-24 18:23:50,1.084667580,-8.088260000,-4.886997586
2026-02-24 18:24:00,-0.711017462,-8.621476756,-4.924047573
2026-02-24 18:24:10,-1.841591085,-7.923229217,-6.092954571
2026-02-24 18:24:20,-1.379148126,-9.120741102,-4.342392394
2026-02-24 18:24:30,-2.207301642,-8.387437908,-3.884359642
2026-02-24 18:24:40,-2.710219571,-8.451701430,-3.221480809
2026-02-24 18:24:50,-2.540422520,-9.033366059,-2.983936106
2026-02-24 18:25:00,-2.844361912,-9.046173741,-3.569909458
2026-02-24 18:25:10,-3.178779819,-8.792933857,-2.804343202
2026-02-24 18:25:20,-3.647702167,-8.446769518,-3.050444968
2026-02-24 18:25:30,-2.761312785,-8.571663884,-3.299881174
2026-02-24 18:25:40,-1.726195253,-8.553563570,-3.028039260
2026-02-24 18:25:50,-1.897801134,-8.593410038,-2.904640908
2026-02-24 18:26:00,-2.663056609,-8.883995960,-2.559170863
2026-02-24 18:26:10,-2.528964972,-9.328368679,-2.385046188
2026-02-24 18:26:20,-4.439536158,-8.234441425,-3.251712280
2026-02-24 18:26:30,-3.753356711,-8.700778430,-2.517196433
2026-02-24 18:26:40,-5.461585221,-8.400476504,-1.429442589
2026-02-24 18:26:50,-5.371080969,-7.878410638,-2.336724204
2026-02-24 18:27:00,-6.222108029,-7.732661202,-1.666200271
2026-02-24 18:27:10,-4.673477341,-7.882903092,-1.270240122
2026-02-24 18:27:20,-5.496181424,-8.230931732,-1.542052120
2026-02-24 18:27:30,-4.961233884,-8.110563584,-2.317479210
2026-02-24 18:27:40,-5.682778123,-8.005928844,-1.243522418
2026-02-24 18:27:50,-4.595323027,-8.119919119,-1.720209527
2026-02-24 18:28:00,-4.216161164,-9.416613445,-0.995170073
2026-02-24 18:28:10,-4.041974332,-8.953484093,-0.545947095
2026-02-24 18:28:20,-3.174000947,-8.655924681,-0.648489713
2026-02-24 18:28:30,-4.341317902,-9.246921572,-0.520734431
2026-02-24 18:28:40,-3.183291960,-8.916267005,-0.789250118
2026-02-24 18:28:50,-2.601876757,-9.115135276,1.049619454
2026-02-24 18:29:00,-2.505693147,-9.582915699,0.939656695
2026-02-24 18:29:10,-3.329105976,-9.340174496,2.165709557
2026-02-24 18:29:20,-2.930815656,-9.207063062,2.392909495
2026-02-24 18:29:30,-2.160393369,-8.888371487,2.828796497
2026-02-24 18:29:40,-2.860956639,-8.784419565,3.167057594
2026-02-24 18:29:50,-2.103990918,-9.588856827,2.486303611
2026-02-24 18:30:00,-1.633532836,-9.676415580,1.361439045
2026-02-24 18:30:10,-2.741921905,-9.750551505,0.973016841
2026-02-24 18:30:20,-2.975715293,-9.239859904,2.128519172
2026-02-24 18:30:30,-1.356173606,-9.364737183,1.390881812
2026-02-24 18:30:40,-0.634799588,-9.844251363,-0.449988414
2026-02-24 18:30:50,-1.499073495,-9.529341769,-0.268302570
2026-02-24 18:31:00,-0.114334423,-9.635336149,-1.416535322
2026-02-24 18:31:10,0.850558512,-9.721494017,-0.522729677
2026-02-24 18:31:20,1.590236220,-9.733759342,-1.542515126
2026-02-24 18:31:30,0.883233809,-9.203646660,-1.932957328
2026-02-24 18:31:40,-0.360577258,-10.105640429,-1.691954295
2026-02-24 18:31:50,0.698568947,-9.633495604,-1.852176288
2026-02-24 18:32:00,0.786139159,-9.874335303,-0.742326980
2026-02-24 18:32:10,1.812804704,-10.015686824,-0.540562837
2026-02-24 18:32:20,1.409122839,-9.559478498,-0.613335961
2026-02-24 18:32:30,1.339289523,-9.781210342,-0.528046881
2026-02-24 18:32:40,1.478362799,-9.427488480,-1.029946991
2026-02-24 18:32:50,0.074997299,-9.452922104,-2.308633092
2026-02-24 18:33:00,-0.303001626,-9.608373909,-1.787085860
2026-02-24 18:33:10,0.192386590,-10.105295810,-0.919034731
2026-02-24 18:33:20,-0.370851304,-9.617880521,-1.855058615
2026-02-24 18:33:30,0.351795908,-9.271323821,-1.639548726
2026-02-24 18:33:40,0.010013536,-9.007184357,-1.859151705
2026-02-24 18:33:50,-0.571413231,-9.213326712,-1.574542993
2026-02-24 18:34:00,-0.935965918,-9.936661803,-1.418739986
2026-02-24 18:34:10,-1.575784472,-9.841345006,-2.034082856
2026-02-24 18:34:20,-1.027297329,-9.360946856,-2.028988393
2026-02-24 18:34:30,-0.483804347,-9.124071306,-2.881068244
2026-02-24 18:34:40,-1.963765281,-9.391276397,-3.087385504
2026-02-24 18:34:50,-1.124704654,-9.240324234,-3.839461596
2026-02-24 18:35:00,-1.521781763,-10.009810567,-3.214524752
2026-02-24 18:35:10,-2.882488934,-8.980654784,-3.976137975
2026-02-24 18:35:20,-1.766844087,-9.087608921,-3.723490762
2026-02-24 18:35:30,-1.634432618,-8.812320804,-3.647477795
2026-02-24 18:35:40,-1.800309827,-8.955515225,-4.680357367
2026-02-24 18:35:50,-1.319752963,-9.687321285,-3.485340956
2026-02-24 18:36:00,-1.544317091,-8.461987661,-4.339191769
2026-02-24 18:36:10,-1.074707875,-8.877020622,-4.278993531
2026-02-24 18:36:20,-1.057191349,-8.658296693,-5.205878928
2026-02-24 18:36:30,-0.068281493,-8.609294860,-4.620531634
2026-02-24 18:36:40,0.194760273,-8.513471987,-4.600130188
2026-02-24 18:36:50,0.739402862,-8.674172149,-4.355998920
2026-02-24 18:37:00,1.079598386,-9.086981871,-4.834441107
2026-02-24 18:37:10,0.541159479,-8.923804315,-4.418337569
2026-02-24 18:37:20,-0.336126870,-8.695942121,-3.819631716
2026-02-24 18:37:30,0.291616258,-8.860741431,-4.276206906
2026-02-24 18:37:40,0.819951772,-8.708400855,-4.578560321
2026-02-24 18:37:50,1.167534443,-8.215649902,-4.673178601
2026-02-24 18:38:00,0.063854254,-8.510660887,-4.410916926
2026-02-24 18:38:10,0.186838785,-7.939769162,-4.782888837
2026-02-24 18:38:20,0.892375499,-9.139059534,-5.707446045
2026-02-24 18:38:30,1.659107964,-8.272253305,-4.578968281
2026-02-24 18:38:40,1.935181526,-8.702691138,-4.622898525
2026-02-24 18:38:50,2.370184905,-8.293448985,-4.999621639
2026-02-24 18:39:00,2.272822282,-8.493856130,-4.173845523
2026-02-24 18:39:10,2.931073149,-8.940212199,-3.760982958
2026-02-24 18:39:20,3.119072141,-8.221457235,-3.225690226
2026-02-24 18:39:30,3.550533522,-7.727095170,-3.288515615
2026-02-24 18:39:40,3.828824520,-8.544207809,-3.198628230
2026-02-24 18:39:50,4.801963045,-8.806634179,-3.136048289
2026-02-24 18:40:00,-2.698874265,-4.766568338,8.099362872
2026-02-24 18:40:10,9.055753395,-0.798187161,3.336771347
2026-02-24 18:40:20,5.642605473,7.594980672,-2.179569738
2026-02-24 18:40:30,0.829956462,-3.925037672,9.241191287
2026-02-24 18:40:40,-2.226792281,-4.053429738,8.515946034
2026-02-24 18:40:50,-7.816193774,-2.596065110,5.459363645
2026-02-24 18:41:00,-6.077475219,-5.943370885,-4.811704295
2026-02-24 18:41:10,-4.673723977,-3.324964040,-7.799117615
2026-02-24 18:41:20,-3.077526758,-8.755587284,-2.944434750
2026-02-24 18:41:30,-1.488769059,-8.142521184,4.983523404
2026-02-24 18:41:40,-1.220947814,-9.108922334,3.343440758
2026-02-24 18:41:50,-3.532356154,-8.106749314,4.032194031
2026-02-24 18:42:00,-4.883286767,-6.199946281,5.838367944
2026-02-24 18:42:10,-5.931203210,-3.980238849,6.642886490
2026-02-24 18:42:20,-6.251426917,-4.905473986,5.315100073
2026-02-24 18:42:30,-4.081637481,-7.732316799,4.725080640
2026-02-24 18:42:40,-4.639396363,-7.385342021,4.402781186
2026-02-24 18:42:50,-1.379546046,-7.590820109,5.848169070
2026-02-24 18:43:00,-2.727726243,-6.372249628,6.825195782
2026-02-24 18:43:10,-5.528311939,-8.275078785,0.268472742
2026-02-24 18:43:20,-5.573691560,-7.801896658,-1.752313972
2026-02-24 18:43:30,-6.219981022,-7.245087783,-1.656527998
2026-02-24 18:43:40,-5.101473689,-8.624397153,0.321213962
2026-02-24 18:43:50,-2.647265212,-9.351662278,-1.040987629
2026-02-24 18:44:00,-2.801738112,-9.127601220,-0.188849554
2026-02-24 18:44:10,-1.781070354,-9.579157009,-1.073533293
2026-02-24 18:44:20,-2.796043356,-9.371537247,-0.002262863
2026-02-24 18:44:30,-1.203642554,-9.093598699,2.554042766
2026-02-24 18:44:40,-1.906004890,-9.652029494,1.344926657
2026-02-24 18:44:50,-1.068608517,-9.523410221,-1.561047297
2026-02-24 18:45:00,2.495480377,-9.599801671,-0.229699870
2026-02-24 18:45:10,4.080897782,-8.666891668,-2.432922462
2026-02-24 18:45:20,3.429381313,-8.747203041,-2.257075176
2026-02-24 18:45:30,1.538798782,-9.363091518,-2.601562852
2026-02-24 18:45:40,3.331461084,-9.454082578,-1.125783561
2026-02-24 18:45:50,3.340141960,-9.302163237,-0.892818328
2026-02-24 18:46:00,4.504848451,-8.786698065,-0.563328450
2026-02-24 18:46:10,3.857616928,-8.578593080,-2.857399675
2026-02-24 18:46:20,3.036936807,-8.155539949,-3.938019033
2026-02-24 18:46:30,3.772407952,-8.507333581,-3.128780847
2026-02-24 18:46:40,4.324992330,-8.288728205,-3.532961065
2026-02-24 18:46:50,4.574801095,-7.043193195,-5.021657418
2026-02-24 18:47:00,3.120459164,-7.341758877,-5.415710613
2026-02-24 18:47:10,0.480085176,-7.832118879,-5.571025604
2026-02-24 18:47:20,0.426779963,-8.768495764,-4.525656565
2026-02-24 18:47:30,0.381387545,-7.870723402,-5.786012382
2026-02-24 18:47:40,-1.091568579,-8.602711575,-4.669585007
2026-02-24 18:47:50,0.962054733,-8.816993742,-4.726363678
2026-02-24 18:48:00,0.723689675,-9.171214874,-2.949870328
2026-02-24 18:48:10,0.527683041,-9.348375235,-2.863697080
2026-02-24 18:48:20,2.202914934,-9.344870758,-2.725079256
2026-02-24 18:48:30,-1.027182787,-9.643924894,-2.102733270
2026-02-24 18:48:40,-1.886953960,-9.183461419,-2.267920300
2026-02-24 18:48:50,-3.753517698,-8.792041084,-2.253634719
2026-02-24 18:49:00,-4.842749248,-8.157650243,-2.165962941
2026-02-24 18:49:10,-5.717075496,-7.972723975,-2.190663558
2026-02-24 18:49:20,-6.154406683,-7.404487185,-1.416867861
2026-02-24 18:49:30,-7.803014211,-6.149811615,-1.091074470
2026-02-24 18:49:40,-6.474833840,-7.358121888,-1.839050052
2026-02-24 18:49:50,-5.921024009,-7.896183191,-1.341722996
2026-02-24 18:50:00,-6.458745692,-6.959988046,-3.297658437
2026-02-24 18:50:10,-7.080827595,-6.147908741,-3.105252242
2026-02-24 18:50:20,-7.802102436,-5.993470118,-1.768455854
2026-02-24 18:50:30,-6.673514856,-7.175593770,-1.214470295
2026-02-24 18:50:40,-7.063807978,-7.031632248,-0.139529907
2026-02-24 18:50:50,-7.463113316,-6.902120030,1.018264460
2026-02-24 18:51:00,-6.413677444,-7.005095077,-0.000861373
2026-02-24 18:51:10,-6.650100415,-7.269592038,0.563656885
2026-02-24 18:51:20,-5.274427969,-8.428129600,0.117426945
2026-02-24 18:51:30,-4.449043453,-8.645719278,0.207722246
2026-02-24 18:51:40,-3.503262808,-9.197888294,0.410063127
2026-02-24 18:51:50,-4.132862070,-8.867904657,0.519365897
2026-02-24 18:52:00,-2.452568590,-9.317707959,-0.813419557
2026-02-24 18:52:10,-4.255973680,-8.823820900,0.143428098
2026-02-24 18:52:20,-4.949934828,-8.516181775,-0.408750835
2026-02-24 18:52:30,-4.847250621,-8.556675276,-0.184869735
2026-02-24 18:52:40,-4.400155288,-8.657086906,-0.378570937
2026-02-24 18:52:50,-3.436899275,-9.097999181,-0.574487727
2026-02-24 18:53:00,-3.752348768,-9.154065125,-0.389031966
2026-02-24 18:53:10,-3.948965053,-8.942681061,-0.179359245
2026-02-24 18:53:20,-3.334449303,-9.151359125,0.840732104
2026-02-24 18:53:30,-3.961398153,-8.903723579,1.017793554
2026-02-24 18:53:40,-3.356591505,-9.324753884,1.471059449
2026-02-24 18:53:50,-3.122178580,-9.136788788,1.274802080
2026-02-24 18:54:00,-3.437538878,-9.007886939,0.373266022
2026-02-24 18:54:10,-2.863559145,-9.533456840,0.130888017
2026-02-24 18:54:20,-3.564106217,-9.153071089,0.587903929
2026-02-24 18:54:30,-4.142291282,-8.811468420,0.116836162
2026-02-24 18:54:40,-3.425021197,-9.206177232,0.960771455
2026-02-24 18:54:50,-3.133409261,-9.291235775,1.241297478
2026-02-24 18:55:00,-2.510075237,-9.676512165,0.675470966
2026-02-24 18:55:10,-2.764478864,-9.481423582,0.982428700
2026-02-24 18:55:20,-2.887428460,-9.463769381,1.351434276
2026-02-24 18:55:30,-2.423411802,-9.381291989,1.752066845
2026-02-24 18:55:40,-1.137524275,-9.658626198,1.298071751
2026-02-24 18:55:50,-1.463156708,-9.861195647,0.089278129
2026-02-24 18:56:00,-1.155361306,-9.577075413,0.153361925
2026-02-24 18:56:10,-0.664429097,-9.594565907,0.769605302
2026-02-24 18:56:20,-0.846073249,-9.591612097,0.255769765
2026-02-24 18:56:30,-0.826322951,-10.093760745,0.035953199
2026-02-24 18:56:40,-0.252266292,-9.780947412,0.342948661
2026-02-24 18:56:50,-1.603901862,-9.776778369,0.347593789
2026-02-24 18:57:00,-0.934308572,-9.829582558,-0.848880675
2026-02-24 18:57:10,-0.933626687,-9.391456723,-1.751842655
2026-02-24 18:57:20,-0.083952512,-9.818551340,-1.014352054
2026-02-24 18:57:30,-1.024896201,-9.680053859,-0.069985018
2026-02-24 18:57:40,-0.408367279,-9.954855710,0.028525859
2026-02-24 18:57:50,1.123569695,-9.717216561,0.340531089
2026-02-24 18:58:00,1.420059753,-9.776518996,0.348552446
2026-02-24 18:58:10,1.005973807,-9.694568710,1.059167645
2026-02-24 18:58:20,0.945512594,-9.484707308,0.362048102
2026-02-24 18:58:30,1.205771994,-9.796957399,-0.029671553
2026-02-24 18:58:40,1.230064658,-9.674306186,-0.348736070
2026-02-24 18:58:50,1.223177647,-9.899917574,-0.757736321
2026-02-24 18:59:00,1.991717893,-9.652455576,-0.105142491
2026-02-24 18:59:10,0.371553572,-9.692391900,-1.644930795
2026-02-24 18:59:20,0.265853575,-9.322526069,-2.332315249
2026-02-24 18:59:30,-0.347873716,-9.535519901,-2.085384894
2026-02-24 18:59:40,0.049263694,-9.551830716,-2.360590864
2026-02-24 18:59:50,0.201614000,-9.683640163,-1.022340729
2026-02-24 19:00:00,-0.122915263,-9.981377781,-0.914803080
2026-02-24 19:00:10,-0.068689941,-10.023051404,0.841644912
2026-02-24 19:00:20,0.077761438,-9.555964362,0.020012252
2026-02-24 19:00:30,0.609655328,-9.950199444,-0.436858875
2026-02-24 19:00:40,1.196031811,-9.616675776,0.069756661
2026-02-24 19:00:50,1.505981312,-9.426767531,-1.935600482
2026-02-24 19:01:00,0.386973870,-9.486428569,-1.067684502
2026-02-24 19:01:10,0.688705242,-9.631056011,-1.608865038
2026-02-24 19:01:20,-0.144933064,-9.718158004,-0.867598030
2026-02-24 19:01:30,-0.457405350,-9.810915658,-1.733655242
2026-02-24 19:01:40,-1.040305968,-9.701265308,-1.327072739
2026-02-24 19:01:50,0.260574935,-9.538463612,-2.202054384
2026-02-24 19:02:00,-0.170187921,-9.340100885,-3.111673664
2026-02-24 19:02:10,-0.818182612,-8.993689156,-3.544820780
2026-02-24 19:02:20,-0.861339652,-9.474323295,-2.474710399
2026-02-24 19:02:30,-2.139887663,-9.466995265,-2.371494749
2026-02-24 19:02:40,-2.642553298,-9.052711987,-2.468493569
2026-02-24 19:02:50,-2.024724313,-9.252231082,-2.248638656
2026-02-24 19:03:00,-0.830742696,-9.526457482,-2.852870031
2026-02-24 19:03:10,-1.126475734,-9.386007386,-2.980526897
2026-02-24 19:03:20,-0.251417280,-9.517754705,-1.099068639
2026-02-24 19:03:30,-0.068289844,-9.707252028,-1.974545695
2026-02-24 19:03:40,-0.410123418,-9.860302612,-1.067720523
2026-02-24 19:03:50,-0.834837163,-9.883107022,-1.786984529
2026-02-24 19:04:00,-0.614767769,-9.582901048,-2.547972538
2026-02-24 19:04:10,-0.282440278,-9.385744619,-1.815342668
2026-02-24 19:04:20,-0.802811800,-9.419477936,-1.575950935
2026-02-24 19:04:30,-1.209145288,-9.596967161,-1.922333995
2026-02-24 19:04:40,-1.211264209,-9.884233732,-0.936937351
2026-02-24 19:04:50,-1.772729841,-9.315137954,-0.570605124
2026-02-24 19:05:00,-1.728454160,-9.804000285,-0.093491518
2026-02-24 19:05:10,-1.442870168,-9.591084698,-0.137067747
2026-02-24 19:05:20,-1.362350250,-9.597061959,-0.032397837
2026-02-24 19:05:30,-1.366991058,-9.690220859,-1.537670624
2026-02-24 19:05:40,-1.691654963,-9.516398219,-1.594651579
2026-02-24 19:05:50,-2.107313053,-9.591960119,0.095078422
2026-02-24 19:06:00,-3.016113440,-9.320102956,-0.056911232
2026-02-24 19:06:10,-3.454942889,-9.293238337,0.049779557
2026-02-24 19:06:20,-4.134193131,-8.931054109,0.641548771
2026-02-24 19:06:30,-4.339420198,-8.604558648,0.289813925
2026-02-24 19:06:40,-4.382151609,-8.549543471,0.369259379
2026-02-24 19:06:50,-4.010310307,-8.941176544,0.794272640
2026-02-24 19:07:00,-4.069853411,-8.826334899,0.869893244
2026-02-24 19:07:10,-3.808336640,-9.063551561,1.608511561
2026-02-24 19:07:20,-3.363572446,-9.016191776,1.527830134
2026-02-24 19:07:30,-3.024752229,-9.102259019,1.205464524
2026-02-24 19:07:40,-2.607483572,-9.576934113,1.555852291
2026-02-24 19:07:50,-2.464447112,-9.441823969,0.863320149
2026-02-24 19:08:00,-1.706607283,-9.434859215,0.855617565
2026-02-24 19:08:10,-0.389527181,-9.660663079,0.778297629
2026-02-24 19:08:20,-0.227840567,-9.621317298,0.761016840
2026-02-24 19:08:30,0.507118239,-9.679893714,-0.013549401
2026-02-24 19:08:40,1.375741393,-9.734551271,-0.425379686
2026-02-24 19:08:50,0.674290415,-9.714862418,-0.662717796
2026-02-24 19:09:00,0.867660932,-9.803718893,-0.726974843
2026-02-24 19:09:10,1.170881957,-9.682810495,-0.289914541
2026-02-24 19:09:20,0.352077562,-9.617513597,-1.048581308
2026-02-24 19:09:30,-0.513098649,-9.767359890,-1.210266361
2026-02-24 19:09:40,0.080086988,-9.811398231,-0.230205109
2026-02-24 19:09:50,0.117431938,-9.750959505,0.219090796
2026-02-24 19:10:00,1.008608121,-9.654167737,0.026412128
2026-02-24 19:10:10,0.098187520,-9.657809911,0.612771112
2026-02-24 19:10:20,0.693276369,-9.774394690,0.270711734
2026-02-24 19:10:30,1.075152197,-9.926472291,0.085061696
2026-02-24 19:10:40,1.612124699,-9.774693627,-0.099481210
2026-02-24 19:10:50,2.556265347,-9.449331510,-1.117533610
2026-02-24 19:11:00,2.703005573,-9.231169852,-1.149943060
2026-02-24 19:11:10,3.622343596,-9.072912149,-1.060992663
2026-02-24 19:11:20,3.279260293,-9.106889351,-2.101047618
2026-02-24 19:11:30,3.626954215,-8.807518273,-1.735276073
2026-02-24 19:11:40,2.981612961,-9.413915205,-1.289052176
2026-02-24 19:11:50,3.006014547,-9.254206323,-0.506280446
2026-02-24 19:12:00,2.900297115,-9.274897277,-1.207724828
2026-02-24 19:12:10,2.244339386,-9.246471605,-1.837805697
2026-02-24 19:12:20,1.632588967,-9.257987385,-1.989415223
2026-02-24 19:12:30,1.648011475,-9.462247389,-1.812343427
2026-02-24 19:12:40,0.973850825,-9.605756163,-1.833262149
2026-02-24 19:12:50,-0.279522117,-9.906387833,-0.786569646
2026-02-24 19:13:00,0.242850543,-9.663115853,-0.453706010
2026-02-24 19:13:10,0.060627024,-9.801249058,-1.039749570
2026-02-24 19:13:20,0.780518942,-9.577366092,-1.046684731
2026-02-24 19:13:30,0.560436403,-9.598498828,-0.647466181
2026-02-24 19:13:40,0.654110505,-9.867178362,-1.132324482
2026-02-24 19:13:50,0.460852843,-9.617822759,-1.694180724
2026-02-24 19:14:00,0.714039601,-9.633651257,-1.568889324
2026-02-24 19:14:10,0.739934128,-9.496915062,-1.506571702
2026-02-24 19:14:20,1.265038951,-9.465084963,-2.685635159
2026-02-24 19:14:30,1.994510909,-8.861166359,-3.897837282
2026-02-24 19:14:40,1.530506062,-9.023834534,-3.494673736
2026-02-24 19:14:50,1.730211857,-9.090538923,-3.406766889
2026-02-24 19:15:00,1.374167457,-9.413453562,-3.015928143
2026-02-24 19:15:10,0.890748308,-9.667935105,-2.435604432
2026-02-24 19:15:20,0.228372091,-9.454993035,-2.639819994
2026-02-24 19:15:30,-0.398779731,-9.558159246,-2.740411882
2026-02-24 19:15:40,-0.187406941,-9.112674380,-3.681621122
2026-02-24 19:15:50,-0.597943302,-9.041939242,-2.927198493
2026-02-24 19:16:00,0.077703446,-9.263591735,-3.900511069
2026-02-24 19:16:10,-0.504169471,-9.094348672,-3.321055843
2026-02-24 19:16:20,-1.405245511,-9.135542641,-3.293921945
2026-02-24 19:16:30,-0.962927236,-9.528234300,-2.989005650
2026-02-24 19:16:40,-1.294823198,-9.310382655,-3.093873144
2026-02-24 19:16:50,-1.729078442,-9.035272739,-3.369415638
2026-02-24 19:17:00,-1.180559157,-9.173487275,-3.295500012
2026-02-24 19:17:10,-1.393040299,-9.317292233,-2.717861310
2026-02-24 19:17:20,-0.742426672,-9.541565204,-2.470643128
2026-02-24 19:17:30,-0.217539015,-9.776690455,-2.482424374
2026-02-24 19:17:40,0.012226342,-9.392429968,-2.677112640
2026-02-24 19:17:50,0.161958790,-9.497442874,-2.918875437
2026-02-24 19:18:00,0.316877068,-9.522353250,-2.574016394
2026-02-24 19:18:10,-0.445972762,-9.424931876,-2.186106222
2026-02-24 19:18:20,-0.391180746,-9.269085275,-2.135570168
2026-02-24 19:18:30,-0.756625075,-9.387467860,-2.394646704
2026-02-24 19:18:40,-0.809628921,-9.360221947,-2.722361632
2026-02-24 19:18:50,-0.237927420,-9.417852740,-2.557997251
2026-02-24 19:19:00,0.006134809,-9.497311641,-2.883926769
2026-02-24 19:19:10,0.393248380,-9.408127365,-3.270817478
2026-02-24 19:19:20,0.451615220,-9.359931733,-3.353252053
2026-02-24 19:19:30,0.267355730,-9.004981162,-3.179644748
2026-02-24 19:19:40,0.150000567,-9.272656203,-3.214418666
2026-02-24 19:19:50,0.072513037,-9.146742869,-3.191882335
2026-02-24 19:20:00,0.572905360,-9.372627768,-3.450345743
2026-02-24 19:20:10,0.128018530,-9.371678045,-2.608858659
2026-02-24 19:20:20,0.005560164,-9.571789871,-2.628237612
2026-02-24 19:20:30,-0.503959087,-9.286095773,-2.880120283
2026-02-24 19:20:40,0.026160919,-9.434935877,-2.877015221
2026-02-24 19:20:50,-0.138664866,-9.662831081,-2.986372665
2026-02-24 19:21:00,0.304085841,-9.398956620,-2.767655676
2026-02-24 19:21:10,0.517805764,-10.075660084,-2.751633000
2026-02-24 19:21:20,0.189994517,-9.386808372,-2.853279582
2026-02-24 19:21:30,1.308027883,-9.415212717,-2.932211692
2026-02-24 19:21:40,1.143501074,-9.397592788,-3.383656197
2026-02-24 19:21:50,0.930772098,-9.091934899,-3.462791106
2026-02-24 19:22:00,1.185689920,-9.145546477,-3.425768406
2026-02-24 19:22:10,1.208136653,-9.521966113,-3.013237224
2026-02-24 19:22:20,0.545189812,-9.141888293,-3.416752240
2026-02-24 19:22:30,0.417206492,-9.221411479,-3.577745813
2026-02-24 19:22:40,0.875915309,-8.720046900,-3.896453002
2026-02-24 19:22:50,0.275283592,-8.986923246,-4.087575048
2026-02-24 19:23:00,0.749252466,-9.025830602,-3.952050084
2026-02-24 19:23:10,0.944667594,-8.961438295,-3.418713424
2026-02-24 19:23:20,0.044892567,-9.148124841,-4.170515231
2026-02-24 19:23:30,0.715122886,-8.716839373,-3.965841719
2026-02-24 19:23:40,1.108486804,-9.043545614,-4.526104209
2026-02-24 19:23:50,0.725884629,-8.543881099,-4.673682470
2026-02-24 19:24:00,1.107328927,-8.658640275,-4.011639549
2026-02-24 19:24:10,-0.195371105,-8.573768879,-4.754271892
2026-02-24 19:24:20,-0.295136583,-8.531752694,-4.505031201
2026-02-24 19:24:30,-0.236698636,-8.377988300,-5.180601682
2026-02-24 19:24:40,0.701115605,-8.788700058,-4.202423713
2026-02-24 19:24:50,0.995818534,-9.074359304,-3.987977335
2026-02-24 19:25:00,0.375401330,-9.266137536,-3.049955193
2026-02-24 19:25:10,-0.003172326,-9.254541459,-3.072487409
2026-02-24 19:25:20,-0.212822639,-9.076448788,-3.515860414
2026-02-24 19:25:30,-0.384983752,-9.319310510,-2.869985970
2026-02-24 19:25:40,-0.342698503,-8.977554738,-3.495874179
2026-02-24 19:25:50,0.055476133,-8.716564487,-3.518283993
2026-02-24 19:26:00,0.365824110,-9.394728957,-3.123972827
2026-02-24 19:26:10,0.325149523,-9.180080839,-3.271699639
2026-02-24 19:26:20,-0.058960152,-9.144463790,-3.576132176
2026-02-24 19:26:30,0.309372442,-9.437582984,-3.490835886
2026-02-24 19:26:40,0.899745511,-9.651717754,-3.584054640
2026-02-24 19:26:50,0.056816810,-8.870695286,-3.958833167
2026-02-24 19:27:00,0.062932810,-8.977497537,-4.389604290
2026-02-24 19:27:10,-0.502065696,-8.661889906,-4.708807357
2026-02-24 19:27:20,-0.716057629,-8.540741589,-4.656083016
2026-02-24 19:27:30,-0.590764315,-8.712460074,-4.196038996
2026-02-24 19:27:40,-0.582120759,-8.863093178,-4.035681521
2026-02-24 19:27:50,-0.649823420,-9.238759829,-3.466496765
2026-02-24 19:28:00,-1.521024915,-9.517352080,-2.891993216
2026-02-24 19:28:10,-1.387981593,-9.092722715,-2.813084429
2026-02-24 19:28:20,-1.820185727,-9.256056112,-2.689529110
2026-02-24 19:28:30,-2.113837509,-9.104040617,-3.033059595
2026-02-24 19:28:40,-2.602309858,-8.811411602,-3.855106205
2026-02-24 19:28:50,-2.358892047,-9.035239997,-3.002733132
2026-02-24 19:29:00,-2.467671601,-9.392730933,-3.236852016
2026-02-24 19:29:10,-2.170132192,-9.270897907,-2.242108854
2026-02-24 19:29:20,-2.155125641,-9.354918053,-2.354318763
2026-02-24 19:29:30,-2.198832399,-9.189190640,-2.647287120
2026-02-24 19:29:40,-2.594896281,-9.317472491,-2.457043469
2026-02-24 19:29:50,-2.862276962,-8.793698874,-2.567969383
2026-02-24 19:30:00,-2.892453612,-9.193696601,-2.646045936
2026-02-24 19:30:10,-2.835300909,-9.131805764,-1.961708709
2026-02-24 19:30:20,-3.093158684,-9.236499314,-1.391531184
2026-02-24 19:30:30,-3.048030682,-9.158759918,-1.210382007
2026-02-24 19:30:40,-3.473812608,-8.892273426,-1.132099123
2026-02-24 19:30:50,-3.603878583,-9.237975605,-2.272051951
2026-02-24 19:31:00,-3.719710603,-9.036260923,-1.809993588
2026-02-24 19:31:10,-4.256382806,-8.380137461,-1.587467098
2026-02-24 19:31:20,-4.149557268,-8.653925615,-1.692840768
2026-02-24 19:31:30,-3.884238362,-8.950824119,-1.060211093
2026-02-24 19:31:40,-4.601567148,-8.611587410,-1.370807949
2026-02-24 19:31:50,-4.232734724,-8.573858481,-1.200305827
2026-02-24 19:32:00,-4.856409106,-8.780900404,-1.156374036
2026-02-24 19:32:10,-4.427873388,-8.774161371,-1.289668654
2026-02-24 19:32:20,-4.162213517,-8.804398002,-1.236900923
2026-02-24 19:32:30,-4.060429060,-8.962683634,-1.018423496
2026-02-24 19:32:40,-4.513308143,-8.942664162,-1.114307704
2026-02-24 19:32:50,-4.680890550,-8.589969400,-1.651635583
2026-02-24 19:33:00,-4.789252585,-8.191661625,-1.610675215
2026-02-24 19:33:10,-4.577554522,-8.383734644,-1.127246644
2026-02-24 19:33:20,-4.668802929,-8.702451874,-1.465069244
2026-02-24 19:33:30,-4.543386782,-8.833635254,-1.491049780
2026-02-24 19:33:40,-4.461655550,-8.621116242,-1.757007343
2026-02-24 19:33:50,-4.259497076,-8.758492265,-2.154692389
2026-02-24 19:34:00,-4.264036618,-8.806426924,-1.926624859
2026-02-24 19:34:10,-4.144974783,-8.653013763,-1.609025590
2026-02-24 19:34:20,-4.309951510,-8.524857852,-1.833767012
2026-02-24 19:34:30,-4.814090001,-8.571002307,-1.935465467
2026-02-24 19:34:40,-4.622217302,-8.830401074,-1.027972503
2026-02-24 19:34:50,-3.891408967,-8.779888383,-1.457075212
2026-02-24 19:35:00,-3.975351687,-8.800223098,-1.612520321
2026-02-24 19:35:10,-4.082923174,-9.230005396,-1.166765079
2026-02-24 19:35:20,-3.948736844,-9.110335874,-1.692048843
2026-02-24 19:35:30,-4.311933677,-8.588455152,-1.702037061
2026-02-24 19:35:40,-3.818938876,-8.630432908,-1.789442410
2026-02-24 19:35:50,-3.949259948,-8.856520236,-1.996494147
2026-02-24 19:36:00,-3.801473381,-8.840708637,-2.729671374
2026-02-24 19:36:10,-3.562470559,-8.453572005,-3.039871260
2026-02-24 19:36:20,-3.756099829,-8.429909299,-3.636920749
2026-02-24 19:36:30,-3.313188726,-8.823725314,-3.220240934
2026-02-24 19:36:40,-3.329899221,-8.789502029,-2.979112611
2026-02-24 19:36:50,-3.513997498,-8.523744928,-3.375294401
2026-02-24 19:37:00,-3.463492085,-8.314899153,-3.667468080
2026-02-24 19:37:10,-3.837783137,-8.568413073,-3.205190290
2026-02-24 19:37:20,-3.425152390,-8.772921784,-2.747445081
2026-02-24 19:37:30,-2.912734796,-8.633205701,-3.111778074
2026-02-24 19:37:40,-3.043342170,-8.843710260,-2.900732365
2026-02-24 19:37:50,-2.815080106,-9.033338331,-2.693801450
2026-02-24 19:38:00,-2.667712416,-8.801874176,-3.370650326
2026-02-24 19:38:10,-2.902139681,-8.761813450,-2.649258283
2026-02-24 19:38:20,-3.255453590,-8.995680136,-2.954698990
2026-02-24 19:38:30,-3.409875647,-8.749873999,-2.452695700
2026-02-24 19:38:40,-3.853919030,-8.818307323,-2.442110481
2026-02-24 19:38:50,-4.281489584,-8.655832556,-2.229620794
2026-02-24 19:39:00,-3.564178661,-8.752750857,-2.702650761
2026-02-24 19:39:10,-3.678886341,-8.673345659,-2.490044103
2026-02-24 19:39:20,-3.775302550,-8.849099526,-1.993514886
2026-02-24 19:39:30,-3.719094690,-8.946483480,-1.916387453
2026-02-24 19:39:40,-2.661056648,-9.359365844,-1.695023770
2026-02-24 19:39:50,-3.268540854,-8.931267115,-1.744125466
2026-02-24 19:40:00,-2.970650119,-9.275470752,-1.715854273
2026-02-24 19:40:10,-3.022836570,-9.227785758,-1.790041100
2026-02-24 19:40:20,-2.886382398,-8.915904943,-2.338184540
2026-02-24 19:40:30,-2.704931645,-9.305927879,-1.453412243
2026-02-24 19:40:40,-2.868606143,-9.431153614,-1.353179287
2026-02-24 19:40:50,-2.860556604,-9.306460670,-1.135663213
2026-02-24 19:41:00,-2.924225950,-9.286353675,-1.023476615
2026-02-24 19:41:10,-3.233229525,-9.237010039,-0.968630374
2026-02-24 19:41:20,-2.753753031,-9.214856264,-0.910542442
2026-02-24 19:41:30,-2.604248083,-9.407914242,-0.427692584
2026-02-24 19:41:40,-2.591491459,-9.546488916,-1.006074878
2026-02-24 19:41:50,-2.739344252,-9.635572142,-0.903218323
2026-02-24 19:42:00,-2.467400589,-9.433393210,-0.969648982
2026-02-24 19:42:10,-2.143386749,-9.735762251,-1.347583787
2026-02-24 19:42:20,-2.192475079,-9.591469885,-1.710741633
2026-02-24 19:42:30,-1.489033324,-9.397310035,-1.986409431
2026-02-24 19:42:40,-1.782472810,-9.616098028,-1.472959883
2026-02-24 19:42:50,-2.350735232,-9.504355144,-1.611249723
2026-02-24 19:43:00,-2.909791092,-9.173237062,-1.631279820
2026-02-24 19:43:10,-2.416683437,-9.007465237,-2.099687991
2026-02-24 19:43:20,-2.109498925,-9.493915457,-2.302685604
2026-02-24 19:43:30,-2.544181713,-9.059639366,-2.405529786
2026-02-24 19:43:40,-2.213100760,-9.301518187,-2.296961046
2026-02-24 19:43:50,-1.605015876,-9.104019077,-2.605717399
2026-02-24 19:44:00,-1.466159429,-9.576069795,-2.487577265
2026-02-24 19:44:10,-1.746309751,-8.919986150,-2.349384572
2026-02-24 19:44:20,-2.151460619,-9.261750513,-1.924243279
2026-02-24 19:44:30,-2.435400932,-9.583718593,-2.237045294
2026-02-24 19:44:40,-1.656868778,-9.350725060,-2.837648938
2026-02-24 19:44:50,-1.689253403,-9.387560458,-2.391732297
2026-02-24 19:45:00,-1.684108177,-9.373877898,-2.437937899
2026-02-24 19:45:10,-1.135616547,-9.318652912,-2.708216005
2026-02-24 19:45:20,-1.015676814,-9.257305867,-2.282589194
2026-02-24 19:45:30,-1.622020506,-9.633968003,-2.312813393
2026-02-24 19:45:40,-1.740021026,-9.499467688,-1.871232147
2026-02-24 19:45:50,-1.811849261,-9.420079110,-1.615323226
2026-02-24 19:46:00,-2.128871498,-9.414198438,-1.581466543
2026-02-24 19:46:10,-1.395960589,-9.674028537,-1.644611806
2026-02-24 19:46:20,-2.232256660,-9.426572248,-1.497632913
2026-02-24 19:46:30,-2.039284701,-9.686316645,-1.310682761
2026-02-24 19:46:40,-1.291466477,-9.754600039,-1.917219271
2026-02-24 19:46:50,-1.439994942,-9.712410509,-2.204694790
2026-02-24 19:47:00,-1.569810337,-9.581588275,-2.287128202
2026-02-24 19:47:10,-1.335176593,-9.228914632,-2.234294840
2026-02-24 19:47:20,-1.167411349,-9.142400609,-2.423472313
2026-02-24 19:47:30,-1.224831485,-9.275428859,-2.514436867
2026-02-24 19:47:40,-1.308094128,-9.133599455,-2.721210490
2026-02-24 19:47:50,-2.032322983,-9.190984683,-3.200494327
2026-02-24 19:48:00,-1.738217233,-9.130215842,-3.209413042
2026-02-24 19:48:10,-1.155558087,-9.311420059,-3.208529091
2026-02-24 19:48:20,-2.028559637,-8.830815282,-3.348493172
2026-02-24 19:48:30,-2.675170076,-9.193051595,-3.104917139
2026-02-24 19:48:40,-2.053908548,-9.002144202,-2.722580134
2026-02-24 19:48:50,-1.934101479,-9.150069585,-3.230448673
2026-02-24 19:49:00,-0.869041318,-9.348303038,-2.821653366
2026-02-24 19:49:10,-1.009611676,-9.433883746,-2.550796871
2026-02-24 19:49:20,-0.674237469,-9.382184877,-2.318311209
2026-02-24 19:49:30,-0.494034307,-9.489432264,-2.155634626
2026-02-24 19:49:40,-0.906392224,-9.327415481,-2.593809304
2026-02-24 19:49:50,-1.446251075,-9.455268893,-2.558939359
2026-02-24 19:50:00,-1.883539436,-9.330762673,-1.897303282
2026-02-24 19:50:10,-2.347581419,-9.460724068,-2.065593242
2026-02-24 19:50:20,-2.465573658,-9.295771148,-2.371366711
2026-02-24 19:50:30,-2.507719606,-9.104070370,-2.773973308
2026-02-24 19:50:40,-2.391282915,-9.166030472,-2.088033449
2026-02-24 19:50:50,-3.363499252,-9.119487502,-2.080639599
2026-02-24 19:51:00,-3.130631260,-8.683770866,-2.768305402
2026-02-24 19:51:10,-3.312909868,-8.814401422,-2.407954729
2026-02-24 19:51:20,-3.773814608,-8.759740625,-2.054380022
2026-02-24 19:51:30,-3.907105657,-8.953845228,-2.330848229
2026-02-24 19:51:40,-3.459918231,-8.942115416,-2.757206114
2026-02-24 19:51:50,-3.064343293,-8.792498993,-2.715697675
2026-02-24 19:52:00,-2.135686013,-9.289961039,-2.201761148
2026-02-24 19:52:10,-2.535478270,-8.963722172,-2.775175725
2026-02-24 19:52:20,-2.626388108,-9.109203738,-2.860332736
2026-02-24 19:52:30,-2.887119722,-9.032074531,-3.010539041
2026-02-24 19:52:40,-2.657141920,-8.985844130,-3.476008286
2026-02-24 19:52:50,-2.084714402,-8.820441658,-3.581661602
2026-02-24 19:53:00,-2.601914633,-8.360649491,-4.235630721
2026-02-24 19:53:10,-3.549467940,-8.119055540,-4.142558220
2026-02-24 19:53:20,-2.742499035,-7.919118618,-4.369890392
2026-02-24 19:53:30,-3.352271234,-8.083471129,-3.877642840
2026-02-24 19:53:40,-3.276549626,-8.514598221,-3.658898849
2026-02-24 19:53:50,-3.045173148,-8.463853387,-3.688476111
2026-02-24 19:54:00,-3.695405703,-7.847515036,-4.206947501
2026-02-24 19:54:10,-3.597047873,-8.484181907,-3.410385204
2026-02-24 19:54:20,-3.502947567,-8.740235222,-3.186860596
2026-02-24 19:54:30,-2.862837882,-8.567071652,-3.438327758
2026-02-24 19:54:40,-3.446207671,-8.753759430,-2.815390216
2026-02-24 19:54:50,-3.527879764,-8.887709137,-2.503319248
2026-02-24 19:55:00,-3.141110186,-8.819880766,-2.272055925
2026-02-24 19:55:10,-2.280983692,-9.192721668,-2.691569098
2026-02-24 19:55:20,-1.962092005,-9.550865690,-2.374809934
2026-02-24 19:55:30,-2.075095800,-9.016439718,-3.289902588
2026-02-24 19:55:40,-2.096605172,-8.873740952,-3.631264376
2026-02-24 19:55:50,-2.129378675,-9.024345964,-3.420609382
2026-02-24 19:56:00,-2.034067833,-8.906273472,-3.653395669
2026-02-24 19:56:10,-1.735827389,-8.629933862,-4.135894981
2026-02-24 19:56:20,-0.986970066,-9.183085653,-3.824086492
2026-02-24 19:56:30,-1.443338820,-9.003030734,-3.246422296
2026-02-24 19:56:40,-1.981588035,-8.941420504,-3.459734589
2026-02-24 19:56:50,-1.872942432,-9.013851589,-3.711598780
2026-02-24 19:57:00,-2.053815747,-9.106677373,-3.283330580
2026-02-24 19:57:10,-2.283781467,-8.754920927,-3.192376226
2026-02-24 19:57:20,-2.032345422,-8.668146519,-3.072555655
2026-02-24 19:57:30,-1.977742588,-9.089292394,-3.186698492
2026-02-24 19:57:40,-1.791992763,-9.194267125,-3.204826929
2026-02-24 19:57:50,-1.794511192,-8.706153550,-3.780848497
2026-02-24 19:58:00,-2.527197960,-8.759391063,-3.474264270
2026-02-24 19:58:10,-1.655770140,-8.940751489,-3.646996974
2026-02-24 19:58:20,-1.034248933,-9.152470699,-3.345775597
2026-02-24 19:58:30,-1.598238484,-9.697488747,-2.769954740
2026-02-24 19:58:40,-1.041400129,-9.047615606,-3.071575884
2026-02-24 19:58:50,-1.384946389,-9.111183888,-2.968663402
2026-02-24 19:59:00,-1.435416262,-9.385578760,-3.289749262
2026-02-24 19:59:10,-1.447257992,-9.288466279,-3.188251434
2026-02-24 19:59:20,-1.056351569,-9.231739905,-3.377061432
2026-02-24 19:59:30,-0.543940680,-9.254617804,-3.230637470
2026-02-24 19:59:40,-0.199549212,-9.008619536,-3.158307319
2026-02-24 19:59:50,-0.002885091,-9.294796587,-3.709266904
2026-02-24 20:00:00,-0.525153564,-9.217952481,-3.145954033
2026-02-24 20:00:10,-0.560316739,-9.648538791,-3.045297273
2026-02-24 20:00:20,-0.131307551,-9.262635008,-3.163792657
2026-02-24 20:00:30,-0.139458874,-9.384254158,-3.177192419
2026-02-24 20:00:40,0.231840645,-9.552709623,-2.168792955
2026-02-24 20:00:50,0.310657490,-9.486302292,-2.110463372
2026-02-24 20:01:00,0.429336736,-9.646768930,-1.686944570
2026-02-24 20:01:10,0.342381163,-9.613105152,-2.542290605
2026-02-24 20:01:20,0.605141457,-9.428347613,-1.890096785
2026-02-24 20:01:30,0.932990672,-9.758815339,-2.175117858
2026-02-24 20:01:40,0.920403620,-9.382773531,-2.258522756
2026-02-24 20:01:50,0.107408890,-9.675365834,-2.114956578
2026-02-24 20:02:00,0.661982197,-9.742821030,-0.752180447
2026-02-24 20:02:10,0.196296600,-9.492648364,-0.504134890
2026-02-24 20:02:20,-0.521983908,-9.840127797,-0.181014851
2026-02-24 20:02:30,-0.613548281,-9.595585932,-0.136376191
2026-02-24 20:02:40,-0.219578696,-9.475603582,-0.954893357
2026-02-24 20:02:50,-0.191554668,-9.579135490,-0.442644322
2026-02-24 20:03:00,0.150474004,-9.691165624,0.417774978
2026-02-24 20:03:10,0.585147883,-9.904174779,0.561742399
2026-02-24 20:03:20,0.441461371,-10.008157969,0.182968674
2026-02-24 20:03:30,0.488239714,-9.849274520,-0.058490321
2026-02-24 20:03:40,0.064229482,-9.637564328,0.089226156
2026-02-24 20:03:50,0.051858730,-9.883067152,-0.517439369
2026-02-24 20:04:00,0.456270390,-9.701783606,-0.050238357
2026-02-24 20:04:10,0.470400518,-9.679796589,-0.269019687
2026-02-24 20:04:20,0.375475553,-9.824127821,-0.238792806
2026-02-24 20:04:30,0.918505846,-9.566726493,-0.701109210
2026-02-24 20:04:40,0.754665877,-9.814418541,-0.591738078
2026-02-24 20:04:50,0.605343964,-9.873379515,-0.564112395
2026-02-24 20:05:00,-0.286912171,-9.580663236,-0.664187535
2026-02-24 20:05:10,0.180398987,-9.533211711,-1.023219860
2026-02-24 20:05:20,0.465192124,-9.666817921,-1.282296722
2026-02-24 20:05:30,0.409959136,-9.641114765,-1.266408862
2026-02-24 20:05:40,0.348548752,-9.600119969,-1.670203002
2026-02-24 20:05:50,0.886896701,-9.655598050,-1.940052021
2026-02-24 20:06:00,1.172135288,-9.958286538,-1.372454455
2026-02-24 20:06:10,1.328904447,-9.511572203,-1.171236396
2026-02-24 20:06:20,1.047408899,-9.765796006,-1.314858336
2026-02-24 20:06:30,1.040081742,-9.647095429,-1.375235734
2026-02-24 20:06:40,0.409406358,-9.868385720,-1.077676932
2026-02-24 20:06:50,0.740210012,-9.646191728,-1.512702812
2026-02-24 20:07:00,-0.067212950,-9.741919876,-0.918796397
2026-02-24 20:07:10,-0.113748743,-9.593289828,-1.054070396
2026-02-24 20:07:20,-0.029708408,-9.881890271,-0.503126794
2026-02-24 20:07:30,0.599260309,-9.666223679,-0.984241507
2026-02-24 20:07:40,0.661055676,-9.771939972,-1.471699674
2026-02-24 20:07:50,0.745307018,-9.886245369,-1.733134290
2026-02-24 20:08:00,1.048549580,-9.401581590,-1.921493506
2026-02-24 20:08:10,0.724880468,-9.587921765,-1.650605355
2026-02-24 20:08:20,1.168900379,-9.411775083,-1.163912363
2026-02-24 20:08:30,1.867821295,-9.256660141,-1.232435009
2026-02-24 20:08:40,2.041311481,-9.636266621,-0.957988077
2026-02-24 20:08:50,1.548167792,-9.727954528,-0.486618137
2026-02-24 20:09:00,1.678567754,-9.599841604,-0.577610547
2026-02-24 20:09:10,1.355241912,-9.959458439,-1.198075897
2026-02-24 20:09:20,1.917491153,-9.392309344,-1.632303261
2026-02-24 20:09:30,2.389408019,-9.569557533,-1.844352798
2026-02-24 20:09:40,2.619339812,-9.199508663,-1.870740054
2026-02-24 20:09:50,2.813691146,-9.225517201,-1.710341143
2026-02-24 20:10:00,2.781268292,-9.206753876,-1.774300579
2026-02-24 20:10:10,2.802193392,-8.945727289,-1.472654844
2026-02-24 20:10:20,3.033719545,-9.292524763,-1.444883020
2026-02-24 20:10:30,2.950596629,-9.256639411,-1.859400774
2026-02-24 20:10:40,3.224899338,-9.157851615,-1.548363588
2026-02-24 20:10:50,3.001426417,-9.173672977,-1.628395401
2026-02-24 20:11:00,2.789915901,-9.100646441,-1.933527966
2026-02-24 20:11:10,3.090340988,-8.683476723,-2.348638832
2026-02-24 20:11:20,3.296774963,-9.135898845,-2.395757280
2026-02-24 20:11:30,3.985881948,-8.761260007,-2.147293316
2026-02-24 20:11:40,3.628414487,-9.042057193,-2.198494323
2026-02-24 20:11:50,3.910496270,-8.457506749,-2.370596108
2026-02-24 20:12:00,3.952079583,-8.421211513,-2.759526579
2026-02-24 20:12:10,3.688699948,-8.369910273,-3.038595157
2026-02-24 20:12:20,3.644425216,-8.407320458,-3.023383725
2026-02-24 20:12:30,4.010409667,-8.340858225,-3.460086331
2026-02-24 20:12:40,3.191305042,-8.353897885,-3.850604747
2026-02-24 20:12:50,3.225668043,-8.384429946,-3.704460624
2026-02-24 20:13:00,3.950533353,-7.816039552,-4.375544563
2026-02-24 20:13:10,4.390622568,-7.708318782,-3.867835935
2026-02-24 20:13:20,4.205449268,-8.083964685,-3.648008663
2026-02-24 20:13:30,4.352459096,-8.002168456,-3.709513338
2026-02-24 20:13:40,4.704990716,-7.525024876,-4.050944016
2026-02-24 20:13:50,4.135933807,-7.745139334,-3.983565802
2026-02-24 20:14:00,4.048577587,-8.396151360,-3.318823418
2026-02-24 20:14:10,3.881312484,-8.329018081,-3.824163070
2026-02-24 20:14:20,3.706716586,-8.064075214,-4.118747968
2026-02-24 20:14:30,3.480183121,-8.162384338,-4.479179160
2026-02-24 20:14:40,3.267709309,-8.154891689,-4.355491414
2026-02-24 20:14:50,3.371918704,-7.854619193,-4.578432703
2026-02-24 20:15:00,2.972769089,-8.175106162,-4.504823764
2026-02-24 20:15:10,3.418576464,-7.598057621,-5.010503869
2026-02-24 20:15:20,3.640115844,-7.806251667,-4.774712993
2026-02-24 20:15:30,3.653620649,-7.605394345,-5.206607823
2026-02-24 20:15:40,4.129436485,-7.625780849,-5.145176203
2026-02-24 20:15:50,3.009827200,-7.093823171,-5.386820565
2026-02-24 20:16:00,-9.686563199,1.483290211,-0.027487882
2026-02-24 20:16:10,-7.457668596,-5.980291354,-2.077746929
2026-02-24 20:16:20,-9.259419173,-1.380484544,-2.867294667
2026-02-24 20:16:30,-4.580604641,-1.219546877,-8.508723601
2026-02-24 20:16:40,-7.522541463,-3.227448761,-5.324009397
2026-02-24 20:16:50,-7.043100133,-3.695165352,-5.773432049
2026-02-24 20:17:00,-5.242427576,-6.433806924,-5.195125058
2026-02-24 20:17:10,-5.965065532,-6.481805939,-4.394216223
2026-02-24 20:17:20,-6.644389332,-6.828325025,-2.019488667
2026-02-24 20:17:30,-6.059575371,-7.507269875,0.764868415
2026-02-24 20:17:40,-6.861928375,-6.615894728,2.282882967
2026-02-24 20:17:50,-5.867007721,-6.833381962,4.034139016
2026-02-24 20:18:00,-4.005489606,-6.106802654,6.593548923
2026-02-24 20:18:10,-3.198725810,-6.113471226,6.891240008
2026-02-24 20:18:20,-5.599998689,-5.726589666,5.655370842
2026-02-24 20:18:30,-6.406680900,-3.988991672,6.239312098
2026-02-24 20:18:40,-5.196609232,-4.161676612,7.275485656
2026-02-24 20:18:50,-4.126706646,-3.517042573,8.225471157
2026-02-24 20:19:00,-2.009589884,-0.567558325,9.598154664
2026-02-24 20:19:10,-1.678084309,1.951843944,9.479064422
2026-02-24 20:19:20,-4.109738152,-0.463630193,8.832385588
2026-02-24 20:19:30,-5.664741363,0.240886508,8.001416078
2026-02-24 20:19:40,-5.673543227,0.109735155,8.024830027
2026-02-24 20:19:50,-5.026043693,-0.746002146,8.384305676
2026-02-24 20:20:00,-4.092251520,-1.346868217,8.830925057
2026-02-24 20:20:10,-4.391559452,-1.119460479,8.634671303
2026-02-24 20:20:20,-5.626056899,1.017552754,8.080308234
2026-02-24 20:20:30,-4.986049201,1.515348986,8.341800297
2026-02-24 20:20:40,-5.713389587,2.587396642,7.577172331
2026-02-24 20:20:50,-5.543717245,3.204848324,7.402174977
2026-02-24 20:21:00,-6.794862801,3.204896304,6.369121248
2026-02-24 20:21:10,-6.910633085,2.425866277,6.683957441
2026-02-24 20:21:20,-8.023028464,2.860902937,4.685855321
2026-02-24 20:21:30,-8.168364086,4.876771705,2.506842480
2026-02-24 20:21:40,-7.826539924,5.412575745,2.231588671
2026-02-24 20:21:50,-7.645642922,4.832532225,3.603636956
2026-02-24 20:22:00,-6.772628422,5.297617697,4.827100923
2026-02-24 20:22:10,-6.921993325,5.596254137,4.065130893
2026-02-24 20:22:20,-9.445707756,2.654608288,-0.054144408
2026-02-24 20:22:30,-9.575245435,0.948740152,-1.687704493
2026-02-24 20:22:40,-9.592247722,2.010950230,-0.822984071
2026-02-24 20:22:50,-9.149841070,-3.390936431,1.009683781
2026-02-24 20:23:00,-8.071920008,-3.434598249,4.475477587
2026-02-24 20:23:10,-9.167873991,-3.058593329,1.746014782
2026-02-24 20:23:20,-8.870907358,-3.991601808,1.672762137
2026-02-24 20:23:30,-6.699900693,-5.683867749,4.388734718
2026-02-24 20:23:40,-8.063452281,-2.737749508,4.957116183
2026-02-24 20:23:50,-7.122323370,-2.561673978,6.222581796
2026-02-24 20:24:00,-6.314912503,-3.752689332,6.477740152
2026-02-24 20:24:10,-6.420844203,-3.654477941,6.440668253
2026-02-24 20:24:20,-6.208456898,-3.466276204,6.815164104
2026-02-24 20:24:30,-5.976531306,-3.799516480,6.822425777
2026-02-24 20:24:40,-6.793860276,-3.793085795,5.974081350
2026-02-24 20:24:50,-6.757092655,-3.193335166,6.241308201
2026-02-24 20:25:00,-7.266741721,-2.283201587,6.151366934
2026-02-24 20:25:10,-7.558716680,-1.994031380,6.000382339
2026-02-24 20:25:20,-5.909492075,-3.358793678,7.102200364
2026-02-24 20:25:30,-5.946284005,-4.660314373,6.186303899
2026-02-24 20:25:40,-5.806686852,-4.011909145,6.803410102
2026-02-24 20:25:50,-7.468821116,-2.092601312,5.947834021
2026-02-24 20:26:00,-8.322858950,-2.194238791,4.770504413
2026-02-24 20:26:10,-8.352442724,-2.167467796,4.708432024
2026-02-24 20:26:20,-8.355438317,-2.218336905,4.732670363
2026-02-24 20:26:30,-7.939308717,-1.198079736,5.582041907
2026-02-24 20:26:40,-8.260450907,-1.807853637,4.871054935
2026-02-24 20:26:50,-9.028169310,-0.394246145,3.464708901
2026-02-24 20:27:00,-9.404650211,-0.739230552,2.927188472
2026-02-24 20:27:10,-9.517549404,-1.437449733,1.418888333
2026-02-24 20:27:20,-9.541550476,-2.041298740,0.819194351
2026-02-24 20:27:30,-9.703220145,-1.510658502,0.540831718
2026-02-24 20:27:40,-9.806297190,-0.672717878,0.156755879
2026-02-24 20:27:50,-9.741189749,-1.625016961,-0.096914570
2026-02-24 20:28:00,-9.754993910,-0.947439516,-0.311601016
2026-02-24 20:28:10,-9.627276648,-1.239536745,-1.840375562
2026-02-24 20:28:20,-9.635178879,-1.712979468,-1.429857396
2026-02-24 20:28:30,-9.759162129,-1.172080034,-1.043336539
2026-02-24 20:28:40,-9.702538796,-1.595873047,-0.362489290
2026-02-24 20:28:50,-9.760979081,-1.255114576,0.098576414
2026-02-24 20:29:00,-9.702217500,-1.416501052,-0.256100988
2026-02-24 20:29:10,-9.723744194,-0.430081537,-1.320035565
2026-02-24 20:29:20,-9.702384073,-0.065370674,-1.695301978
2026-02-24 20:29:30,-9.718468680,-0.561559261,-1.383970459
2026-02-24 20:29:40,-9.782338840,-0.118709437,-1.434129688
2026-02-24 20:29:50,-9.814807212,-0.597452095,-0.626568050
2026-02-24 20:30:00,-9.676022225,-1.913503127,-0.230856597
2026-02-24 20:30:10,-9.643661081,-2.109809076,0.228752694
2026-02-24 20:30:20,-9.665511550,-1.923159599,0.352130601
2026-02-24 20:30:30,-9.581248246,-1.665674649,1.220219924
2026-02-24 20:30:40,-9.574919096,-0.924697827,0.896546205
2026-02-24 20:30:50,-9.685917355,-1.290590673,1.130327735
2026-02-24 20:31:00,-9.725823757,-1.594710761,0.684000014
2026-02-24 20:31:10,-9.663422105,-1.605326444,-0.017508121
2026-02-24 20:31:20,-9.765648205,-1.391284259,-0.040499134
2026-02-24 20:31:30,-9.561153563,-1.955281881,1.349879020
2026-02-24 20:31:40,-9.422788468,-2.108960486,1.928694415
2026-02-24 20:31:50,-8.982034962,-2.613569938,2.976064241
2026-02-24 20:32:00,-9.146511306,-2.841562347,2.259604804
2026-02-24 20:32:10,-9.073551859,-1.823578360,3.360207283
2026-02-24 20:32:20,-9.446516763,-1.235354092,2.452010561
2026-02-24 20:32:30,-9.614765542,-0.836867516,1.335052342
2026-02-24 20:32:40,-9.758516169,-0.441574259,1.096158685
2026-02-24 20:32:50,-9.710157712,-0.858373587,1.723541636
2026-02-24 20:33:00,-9.503202986,-1.318787696,2.304040532
2026-02-24 20:33:10,-9.094663671,-1.961180550,3.245718588
2026-02-24 20:33:20,-9.078233767,-1.024475840,3.608864634
2026-02-24 20:33:30,-8.821469657,-2.222290574,3.685564680
2026-02-24 20:33:40,-8.959110293,-2.362675443,2.838256821
2026-02-24 20:33:50,-8.695609883,-3.028998812,3.502396913
2026-02-24 20:34:00,-8.975776666,-2.379118654,3.101185328
2026-02-24 20:34:10,-8.429228812,-2.574206495,4.255661722
2026-02-24 20:34:20,-8.298068410,-3.118805562,4.191226949
2026-02-24 20:34:30,-8.565036847,-3.249783896,3.425465553
2026-02-24 20:34:40,-8.583372285,-3.268071653,3.527239960
2026-02-24 20:34:50,-8.872672545,-2.955063126,2.862787078
2026-02-24 20:35:00,-9.106018694,-2.466790289,2.713622963
2026-02-24 20:35:10,-9.252831074,-2.377252877,2.189469848
2026-02-24 20:35:20,-9.207063332,-2.881132138,2.228493162
2026-02-24 20:35:30,-9.157596872,-3.211299138,1.884597970
2026-02-24 20:35:40,-8.762737555,-3.964461192,1.798162037
2026-02-24 20:35:50,-8.861152729,-4.005510672,1.345042820
2026-02-24 20:36:00,-8.860442211,-4.314306958,0.126549054
2026-02-24 20:36:10,-8.708550606,-4.662418679,-0.325984163
2026-02-24 20:36:20,-8.829540505,-4.156952483,-0.565074896
2026-02-24 20:36:30,-8.825831810,-4.429043271,-0.564324508
2026-02-24 20:36:40,-8.635423401,-4.612507491,-0.642259407
2026-02-24 20:36:50,-8.719145545,-4.438549394,-0.372457321
2026-02-24 20:37:00,-8.536454021,-4.819348092,-0.277998156
2026-02-24 20:37:10,-8.700642979,-4.509772437,-0.724693027
2026-02-24 20:37:20,-8.536419397,-4.586531265,-0.093070841
2026-02-24 20:37:30,-8.649220152,-4.578767063,-0.182883608
2026-02-24 20:37:40,-8.860695680,-4.199332336,-0.403867570
2026-02-24 20:37:50,-9.071477692,-3.778505362,-0.131745075
2026-02-24 20:38:00,-8.891660905,-3.918292686,-0.416190998
2026-02-24 20:38:10,-9.322433851,-3.197191537,-0.304902008
2026-02-24 20:38:20,-9.261828141,-3.121519131,-0.291927021
2026-02-24 20:38:30,-9.516415759,-2.255706673,-0.478852722
2026-02-24 20:38:40,-9.543217791,-1.971756316,0.310619568
2026-02-24 20:38:50,-9.589521016,-1.851033860,-0.070065891
2026-02-24 20:39:00,-9.698542770,-1.928947548,-0.167623214
2026-02-24 20:39:10,-9.569738166,-1.775734666,-0.435116199
2026-02-24 20:39:20,-9.570106756,-2.242948799,-0.647362726
2026-02-24 20:39:30,-9.652402157,-1.930844462,-0.607648766
2026-02-24 20:39:40,-9.491800382,-2.363187846,-0.312605124
2026-02-24 20:39:50,-9.719292517,-1.141541664,-0.898441355
2026-02-24 20:40:00,-9.576806239,-1.834843106,-0.558638269
2026-02-24 20:40:10,-9.710534004,-1.528987506,-0.965127812
2026-02-24 20:40:20,-9.672388811,-1.409255076,-0.454062633
2026-02-24 20:40:30,-9.759014610,-1.230868170,-0.420908168
2026-02-24 20:40:40,-9.609180329,-1.455873554,0.204382277
2026-02-24 20:40:50,-9.762102448,-0.766071386,0.588478475
2026-02-24 20:41:00,-9.724183846,-0.522411642,0.633182431
2026-02-24 20:41:10,-9.783802060,-0.284850119,0.106365058
2026-02-24 20:41:20,-9.780649863,0.285684414,0.128062910
2026-02-24 20:41:30,-9.820430199,0.482022695,0.817408416
2026-02-24 20:41:40,-9.850367693,0.541133909,0.952455474
2026-02-24 20:41:50,-9.566120218,0.837667560,1.819130247
2026-02-24 20:42:00,-9.488024670,0.854119905,1.610897687
2026-02-24 20:42:10,-9.628681959,0.758766473,1.518752345
2026-02-24 20:42:20,-9.553954770,1.432662070,1.513438460
2026-02-24 20:42:30,-9.484070859,1.684267708,1.807644488
2026-02-24 20:42:40,-9.574783092,1.450692171,1.795353345
2026-02-24 20:42:50,-9.495593108,1.954050700,2.027728658
2026-02-24 20:43:00,-9.467178693,1.768738675,1.814585812
2026-02-24 20:43:10,-9.404426906,1.766029366,2.402384497
2026-02-24 20:43:20,-9.377611187,2.024482478,1.965503465
2026-02-24 20:43:30,-9.289860507,1.495009625,2.728014999
2026-02-24 20:43:40,-9.394290334,1.368058534,2.551604269
2026-02-24 20:43:50,-9.531283722,1.337022435,1.817277361
2026-02-24 20:44:00,-9.562977012,1.252694475,2.081905662
2026-02-24 20:44:10,-9.551847989,0.835573846,2.006359181
2026-02-24 20:44:20,-9.467015628,1.457225578,2.277861518
2026-02-24 20:44:30,-9.464967963,1.381015841,2.293401126
2026-02-24 20:44:40,-9.328049361,1.784953578,2.248729510
2026-02-24 20:44:50,-9.261179928,2.272236644,2.060571460
2026-02-24 20:45:00,-9.397442393,2.351281603,1.939394112
2026-02-24 20:45:10,-9.283085810,2.029190462,2.410405374
2026-02-24 20:45:20,-9.273510539,2.130936936,2.303886542
2026-02-24 20:45:30,-9.507656391,1.551181876,1.821045725
2026-02-24 20:45:40,-9.623561012,1.101457894,1.574306431
2026-02-24 20:45:50,-9.516554337,1.363609011,2.103724096
2026-02-24 20:46:00,-9.640430358,1.301633287,1.818371504
2026-02-24 20:46:10,-9.566755899,1.335912457,1.319206696
2026-02-24 20:46:20,-9.519448830,1.984956188,1.518978311
2026-02-24 20:46:30,-9.583944188,2.037758849,0.984945452
2026-02-24 20:46:40,-9.573301017,1.428567467,0.829573126
2026-02-24 20:46:50,-9.509242735,1.862126119,1.050235676
2026-02-24 20:47:00,-9.554521191,2.357964547,1.013107858
2026-02-24 20:47:10,-9.363737514,2.482717035,1.735437773
2026-02-24 20:47:20,-9.516700700,2.035666210,1.591356899
2026-02-24 20:47:30,-9.579179837,2.173094506,0.769989425
2026-02-24 20:47:40,-9.446221561,2.408177694,0.359169299
2026-02-24 20:47:50,-9.424045045,2.561431415,0.367036180
2026-02-24 20:48:00,-9.348416997,2.768001003,0.223588633
2026-02-24 20:48:10,-9.494714256,2.218852519,-0.270612244
2026-02-24 20:48:20,-9.465945307,2.452380802,0.110879920
2026-02-24 20:48:30,-9.647960445,2.053984889,0.355137515
2026-02-24 20:48:40,-9.506448540,2.281534182,0.558099706
2026-02-24 20:48:50,-9.512944496,2.557388379,0.648842973
2026-02-24 20:49:00,-9.476584979,2.556143857,0.316165265
2026-02-24 20:49:10,-9.501757940,2.231529759,0.794089450
2026-02-24 20:49:20,-9.480395652,1.848097476,1.080169673
2026-02-24 20:49:30,-9.539374913,1.997932723,0.937339587
2026-02-24 20:49:40,-9.478788106,2.273584717,1.269056631
2026-02-24 20:49:50,-9.390933291,1.913237809,1.939235117
2026-02-24 20:50:00,-9.375971527,2.020992987,1.909267122
2026-02-24 20:50:10,-9.429968558,1.804841267,1.991986682
2026-02-24 20:50:20,-9.415257965,1.625098737,2.685368720
2026-02-24 20:50:30,-9.321093914,1.213665327,3.039792996
2026-02-24 20:50:40,-9.303206111,0.985557715,2.929643001
2026-02-24 20:50:50,-8.978273313,0.814882085,3.894379876
2026-02-24 20:51:00,-8.983057843,1.157389649,3.984180816
2026-02-24 20:51:10,-9.253879250,1.475723409,2.986975505
2026-02-24 20:51:20,-9.141193042,1.211090112,3.399916793
2026-02-24 20:51:30,-9.196250526,1.662264892,3.078542188
2026-02-24 20:51:40,-9.292891631,2.221588211,2.162418535
2026-02-24 20:51:50,-9.281818431,2.264590045,1.931364440
2026-02-24 20:52:00,-9.729301222,1.337561142,1.061955479
2026-02-24 20:52:10,-9.603925262,1.382671105,0.847957467
2026-02-24 20:52:20,-9.486976026,2.062379612,1.030045030
2026-02-24 20:52:30,-9.644780058,1.603733266,0.725711240
2026-02-24 20:52:40,-9.632093643,0.864296210,1.235906892
2026-02-24 20:52:50,-9.661290910,1.365894643,1.069551881
2026-02-24 20:53:00,-9.556234839,1.157541462,1.578761821
2026-02-24 20:53:10,-9.601362561,1.344680871,1.293577766
2026-02-24 20:53:20,-9.741306017,0.994417830,1.107335009
2026-02-24 20:53:30,-9.706633240,0.678466681,0.945367962
2026-02-24 20:53:40,-9.557247208,1.040218666,1.927834273
2026-02-24 20:53:50,-9.608376927,0.965373291,1.881553995
2026-02-24 20:54:00,-9.540159053,-0.031645707,1.846362199
2026-02-24 20:54:10,-9.676773088,0.743387630,1.493643729
2026-02-24 20:54:20,-9.581765276,1.090099962,1.672200187
2026-02-24 20:54:30,-9.411524408,0.569107012,2.495716947
2026-02-24 20:54:40,-9.056280431,0.110175998,3.605622125
2026-02-24 20:54:50,-9.206403828,0.279846365,3.465775591
2026-02-24 20:55:00,-9.134255326,0.556208092,3.660824036
2026-02-24 20:55:10,-9.256363647,0.775154111,3.423523142
2026-02-24 20:55:20,-9.417800639,0.838355576,2.838199883
2026-02-24 20:55:30,-9.515179508,0.918526918,1.693393350
2026-02-24 20:55:40,-9.408936413,1.685957797,2.085550787
2026-02-24 20:55:50,-9.448011524,2.256257839,1.994876343
2026-02-24 20:56:00,-9.439274618,1.867249419,1.590545799
2026-02-24 20:56:10,-9.470646790,1.885692636,1.762642129
2026-02-24 20:56:20,-9.380373396,2.225774598,1.948286100
2026-02-24 20:56:30,-9.231014469,2.161062448,2.219187164
2026-02-24 20:56:40,-9.436310210,2.013826452,1.782188143
2026-02-24 20:56:50,-9.389572987,1.500225025,2.222516148
2026-02-24 20:57:00,-9.526537004,1.357008622,1.679999043
2026-02-24 20:57:10,-9.576230926,1.124461413,1.748604210
2026-02-24 20:57:20,-9.584030765,1.508244425,1.618697374
2026-02-24 20:57:30,-9.668139579,0.928195904,1.600533328
2026-02-24 20:57:40,-9.492681243,1.549538820,1.819611127
2026-02-24 20:57:50,-9.263220405,2.119953765,2.072339153
2026-02-24 20:58:00,-9.111903129,2.084668930,2.697013472
2026-02-24 20:58:10,-9.047234353,2.275474359,3.132178979
2026-02-24 20:58:20,-8.837173053,2.358960579,3.526460290
2026-02-24 20:58:30,-8.927543320,2.117062681,3.111545019
2026-02-24 20:58:40,-8.964107940,2.357518783,3.224758117
2026-02-24 20:58:50,-9.140556748,1.837289326,3.052170556
2026-02-24 20:59:00,-9.006410553,2.208083835,3.340832679
2026-02-24 20:59:10,-9.000095403,2.033956166,3.531179037
2026-02-24 20:59:20,-9.218878526,2.009389583,2.841434855
2026-02-24 20:59:30,-9.049090443,2.098571944,3.101163990
2026-02-24 20:59:40,-9.159484632,2.130321358,2.583492838
2026-02-24 20:59:50,-9.132110144,2.211511989,2.549201759
2026-02-24 21:00:00,-9.163041212,2.180135439,2.497208430
2026-02-24 21:00:10,-9.239254659,1.293604674,2.868727563
2026-02-24 21:00:20,-9.020166292,1.681539067,3.441991195
2026-02-24 21:00:30,-9.013148011,1.484425763,3.440828561
2026-02-24 21:00:40,-9.101536518,1.589525621,3.365861570
2026-02-24 21:00:50,-9.156999415,1.589487637,3.173616875
2026-02-24 21:01:00,-9.134988549,1.589613521,3.262329453
2026-02-24 21:01:10,-9.137148152,1.369005766,3.258678089
2026-02-24 21:01:20,-9.204241994,0.924073676,3.328914020
2026-02-24 21:01:30,-9.287092531,0.484123125,3.146110826
2026-02-24 21:01:40,-9.359857350,0.466146304,2.707185217
2026-02-24 21:01:50,-9.320385725,0.768249699,3.079728207
2026-02-24 21:02:00,-9.155824327,0.975004572,3.301704439
2026-02-24 21:02:10,-9.187695692,0.769410177,3.282176227
2026-02-24 21:02:20,-9.027549830,0.637457869,3.756515767
2026-02-24 21:02:30,-8.953739578,-0.206820618,4.068697023
2026-02-24 21:02:40,-9.073916286,0.115315187,3.823208592
2026-02-24 21:02:50,-8.837735421,0.246231750,4.194959541
2026-02-24 21:03:00,-8.758650767,-0.008447595,4.433155540
2026-02-24 21:03:10,-8.517204075,0.479663857,4.808896022
2026-02-24 21:03:20,-8.436185447,0.898768214,4.948438854
2026-02-24 21:03:30,-8.545421253,0.560031816,4.888248144
2026-02-24 21:03:40,-8.702367797,0.577072825,4.660544920
2026-02-24 21:03:50,-8.855918035,0.434031075,4.117175837
2026-02-24 21:04:00,-9.095038070,0.065292807,3.700295237
2026-02-24 21:04:10,-9.149678892,0.273888484,3.542935332
2026-02-24 21:04:20,-8.950117445,-0.067366245,3.988541137
2026-02-24 21:04:30,-9.295786799,0.086841366,3.084588298
2026-02-24 21:04:40,-9.170536547,-0.565077685,3.267212326
2026-02-24 21:04:50,-8.993170019,-0.793399581,3.962941327
2026-02-24 21:05:00,-8.975783194,-1.191175219,3.973532346
2026-02-24 21:05:10,-8.980788003,-1.745363247,3.478698144
2026-02-24 21:05:20,-9.120832194,-1.205327356,3.407888322
2026-02-24 21:05:30,-9.157168996,-1.405985028,3.195024880
2026-02-24 21:05:40,-9.035539363,-1.671239432,3.235356480
2026-02-24 21:05:50,-9.066770530,-1.804687727,3.350535049
2026-02-24 21:06:00,-9.102916236,-1.833477634,3.207664151
2026-02-24 21:06:10,-9.025019247,-1.841602804,3.274091426
2026-02-24 21:06:20,-8.962157840,-2.236146523,3.469788605
2026-02-24 21:06:30,-8.803597924,-2.748807908,3.446745559
2026-02-24 21:06:40,-8.828764331,-2.344613221,3.580020069
2026-02-24 21:06:50,-8.803080865,-2.422407762,3.530490372
2026-02-24 21:07:00,-8.872035427,-2.312881131,3.708651895
2026-02-24 21:07:10,-8.988608330,-1.684364544,3.539966158
2026-02-24 21:07:20,-8.969076987,-1.675036451,3.684354148
2026-02-24 21:07:30,-8.929801694,-1.736852319,3.613610088
2026-02-24 21:07:40,-8.912640496,-1.765763604,3.923266467
2026-02-24 21:07:50,-8.831722353,-2.081233444,3.742072079
2026-02-24 21:08:00,-8.642732052,-2.217311408,4.078553009
2026-02-24 21:08:10,-8.722006134,-2.154337827,4.121519110
2026-02-24 21:08:20,-9.005816086,-1.543492667,3.995208858
2026-02-24 21:08:30,-8.947052230,-1.064580425,3.826491060
2026-02-24 21:08:40,-8.938996510,-1.667267341,3.926675227
2026-02-24 21:08:50,-8.954921009,-1.574907193,3.882905822
2026-02-24 21:09:00,-8.899763164,-1.526512090,3.928646559
2026-02-24 21:09:10,-8.910594398,-1.366267001,3.907358453
2026-02-24 21:09:20,-8.844477537,-1.509034889,3.946991170
2026-02-24 21:09:30,-8.784042032,-1.635379302,3.879939181
2026-02-24 21:09:40,-8.912347541,-2.042245928,3.481305323
2026-02-24 21:09:50,-9.056919237,-1.942068140,3.200592829
2026-02-24 21:10:00,-9.153536967,-1.752714891,3.029170241
2026-02-24 21:10:10,-9.240696498,-1.776448949,2.766182368
2026-02-24 21:10:20,-9.161746008,-2.120633606,2.667364997
2026-02-24 21:10:30,-9.135271007,-2.064770673,3.000448557
2026-02-24 21:10:40,-9.093029114,-2.282664306,3.108506571
2026-02-24 21:10:50,-9.079562264,-1.973428410,3.076557307
2026-02-24 21:11:00,-9.102708660,-1.676095288,3.319150043
2026-02-24 21:11:10,-9.174527244,-1.442889986,3.221956501
2026-02-24 21:11:20,-9.354851811,-1.437340578,2.797623647
2026-02-24 21:11:30,-9.137345282,-1.736712517,3.124358723
2026-02-24 21:11:40,-9.047663762,-1.369831224,3.512110186
2026-02-24 21:11:50,-8.903180962,-1.629464091,3.744319202
2026-02-24 21:12:00,-8.745393993,-1.963363259,3.969031326
2026-02-24 21:12:10,-8.742978294,-1.570191294,4.185331349
2026-02-24 21:12:20,-8.582637252,-2.259669262,4.323199547
2026-02-24 21:12:30,-8.622438450,-2.215628466,3.914259908
2026-02-24 21:12:40,-8.797225416,-2.321041428,3.550549042
2026-02-24 21:12:50,-8.588533699,-1.808446217,4.362300680
2026-02-24 21:13:00,-8.573521523,-2.160777061,4.312735523
2026-02-24 21:13:10,-8.953775203,-1.755530817,3.846452357
2026-02-24 21:13:20,-8.913591877,-2.232428805,3.589811732
2026-02-24 21:13:30,-8.696150750,-2.682900175,3.885460778
2026-02-24 21:13:40,-8.576217055,-3.407448960,3.233292382
2026-02-24 21:13:50,-8.536325083,-3.444927499,3.357483739
2026-02-24 21:14:00,-8.556122233,-3.554992480,3.287387234
2026-02-24 21:14:10,-8.666275141,-3.568927456,3.014814054
2026-02-24 21:14:20,-8.694366005,-3.617091347,2.875616362
2026-02-24 21:14:30,-8.795436797,-3.458690113,2.518247049
2026-02-24 21:14:40,-8.495934676,-3.745172142,3.024796208
2026-02-24 21:14:50,-8.489201571,-4.191231018,2.356771545
2026-02-24 21:15:00,-8.754013444,-3.448722151,2.552039658
2026-02-24 21:15:10,-8.930021492,-3.409383736,2.468244663
2026-02-24 21:15:20,-8.778056776,-3.802189854,2.388048792
2026-02-24 21:15:30,-8.603790499,-3.867882040,2.491475475
2026-02-24 21:15:40,-8.304925221,-4.493010045,2.648166969
2026-02-24 21:15:50,-8.315736793,-4.661660528,2.358413964
2026-02-24 21:16:00,-8.158368313,-4.957733976,1.919180803
2026-02-24 21:16:10,-8.246808333,-5.298077591,1.645371704
2026-02-24 21:16:20,-7.971590098,-5.481669672,1.878858668
2026-02-24 21:16:30,-7.730806422,-5.841380983,1.262686796
2026-02-24 21:16:40,-7.329901777,-6.397933802,0.986512349
2026-02-24 21:16:50,-7.291162105,-6.585230179,0.640738410
2026-02-24 21:17:00,-7.287136290,-6.585664596,0.421521312
2026-02-24 21:17:10,-7.515346612,-6.263148175,0.234543827
2026-02-24 21:17:20,-7.495621017,-6.314128064,-0.413606861
2026-02-24 21:17:30,-7.354377896,-6.658490846,-0.083058628
2026-02-24 21:17:40,-7.245115754,-6.585986623,-0.187325456
2026-02-24 21:17:50,-7.093168243,-6.744859237,-0.075665717
2026-02-24 21:18:00,-7.147293010,-6.626137941,0.053052848
2026-02-24 21:18:10,-7.377570558,-6.421501682,0.080802370
2026-02-24 21:18:20,-7.607807670,-6.244042558,0.180259405
2026-02-24 21:18:30,-7.853408732,-5.866082838,0.288272343
2026-02-24 21:18:40,-8.075970251,-5.545418019,-0.140348715
2026-02-24 21:18:50,-7.962131519,-5.775150551,0.565486688
2026-02-24 21:19:00,-8.341907514,-5.215888721,0.147056804
2026-02-24 21:19:10,-8.124424908,-5.471105526,-0.749323457
2026-02-24 21:19:20,-8.034717043,-5.745022312,-0.609581902
2026-02-24 21:19:30,-8.028276634,-5.613810267,-0.956329966
2026-02-24 21:19:40,-8.138709089,-5.350414469,-0.664800845
2026-02-24 21:19:50,-8.037843656,-5.536082327,-0.494786801
2026-02-24 21:20:00,-7.927962117,-5.630163081,-0.691974537
2026-02-24 21:20:10,-8.209815078,-5.413545528,-0.342819376
2026-02-24 21:20:20,-7.954897806,-5.604001414,-0.647829181
2026-02-24 21:20:30,-8.284101231,-5.222008721,-0.133167773
2026-02-24 21:20:40,-8.520068678,-4.694456492,0.837479435
2026-02-24 21:20:50,-8.404661365,-4.963463440,1.078292780
2026-02-24 21:21:00,-8.121906913,-5.370032777,1.493142831
2026-02-24 21:21:10,-8.262051753,-5.182867456,1.694782931
2026-02-24 21:21:20,-8.280736725,-5.086158008,2.012889699
2026-02-24 21:21:30,-8.067550500,-5.203466032,1.942321985
2026-02-24 21:21:40,-8.343459981,-4.416104460,2.775553830
2026-02-24 21:21:50,-8.518582780,-3.687205395,2.884770442
2026-02-24 21:22:00,-8.477738712,-3.850120899,3.155161951
2026-02-24 21:22:10,-8.609048835,-4.076773589,2.389109654
2026-02-24 21:22:20,-8.297875618,-4.540255445,2.856240854
2026-02-24 21:22:30,-7.967913865,-4.845779372,3.078728780
2026-02-24 21:22:40,-8.350389882,-4.397815170,2.582813442
2026-02-24 21:22:50,-8.072850746,-4.813545173,2.930884411
2026-02-24 21:23:00,-7.987692708,-5.390751290,1.930715426
2026-02-24 21:23:10,-6.981082793,-6.447894095,2.312349115
2026-02-24 21:23:20,-7.542590530,-5.606569039,2.684832505
2026-02-24 21:23:30,-7.577900984,-5.339337963,3.196656176
2026-02-24 21:23:40,-7.411711574,-5.676523778,3.066517061
2026-02-24 21:23:50,-7.133193739,-5.882146365,3.018873657
2026-02-24 21:24:00,-6.933777236,-5.828812646,3.557428071
2026-02-24 21:24:10,-6.657893687,-6.404338534,3.398116547
2026-02-24 21:24:20,-6.974742431,-5.934866042,3.660457520
2026-02-24 21:24:30,-7.144417945,-5.601619934,3.707039905
2026-02-24 21:24:40,-7.072296091,-5.540770187,3.800752115
2026-02-24 21:24:50,-7.069807730,-5.664750156,3.772629774
2026-02-24 21:25:00,-7.267030950,-5.659743464,3.200101060
2026-02-24 21:25:10,-7.180944308,-5.780822184,3.465730520
2026-02-24 21:25:20,-7.749562853,-5.084276241,3.343252448
2026-02-24 21:25:30,-8.047980407,-5.093002466,2.525066712
2026-02-24 21:25:40,-7.946614390,-5.006116254,2.877134264
2026-02-24 21:25:50,-7.652309139,-5.104335124,3.349598233
2026-02-24 21:26:00,-7.592173440,-5.302000318,3.370633943
2026-02-24 21:26:10,-7.690978023,-5.153693856,3.477069827
2026-02-24 21:26:20,-7.477803646,-5.121041326,3.588263105
2026-02-24 21:26:30,-7.252632958,-5.463586860,3.701620219
2026-02-24 21:26:40,-7.494057721,-5.616530722,2.818743294
2026-02-24 21:26:50,-7.457245818,-5.596711652,2.930303629
2026-02-24 21:27:00,-7.653473384,-5.556332854,2.729153284
2026-02-24 21:27:10,-7.758718691,-5.403484647,2.745598010
2026-02-24 21:27:20,-7.354136232,-5.446065011,3.464897616
2026-02-24 21:27:30,-7.267627265,-5.203989202,4.026349526
2026-02-24 21:27:40,-7.923662285,-4.489111751,3.775658771
2026-02-24 21:27:50,-7.746915101,-4.848295885,3.588951700
2026-02-24 21:28:00,-7.541569808,-4.817395127,3.929518967
2026-02-24 21:28:10,-7.528450227,-4.666303958,4.213339084
2026-02-24 21:28:20,-7.182411060,-4.865575266,4.620874232
2026-02-24 21:28:30,-7.157457439,-4.805765779,4.702988492
2026-02-24 21:28:40,-7.171618283,-4.965643715,4.548554000
2026-02-24 21:28:50,-7.028403751,-5.048066760,4.354989722
2026-02-24 21:29:00,-7.368582407,-4.809287775,4.503657738
2026-02-24 21:29:10,-7.571878364,-4.378191606,4.202551137
2026-02-24 21:29:20,-7.337240919,-4.827950643,4.222041842
2026-02-24 21:29:30,-7.595413661,-4.736839719,3.898268864
2026-02-24 21:29:40,-7.653767239,-4.617464215,3.847887450
2026-02-24 21:29:50,-7.486367581,-4.471540338,4.558607225
2026-02-24 21:30:00,-7.590798817,-4.107158231,4.687508075
2026-02-24 21:30:10,-7.513436424,-4.230336568,4.547219173
2026-02-24 21:30:20,-7.503801303,-4.292445822,4.612569948
2026-02-24 21:30:30,-7.392791769,-4.489702875,4.520658189
2026-02-24 21:30:40,-7.612293948,-4.396393778,4.389952841
2026-02-24 21:30:50,-7.761117132,-3.698520007,4.553663358
2026-02-24 21:31:00,-7.934922711,-3.937042941,4.238051824
2026-02-24 21:31:10,-7.600934755,-4.098232143,4.738249571
2026-02-24 21:31:20,-7.385429212,-4.391209415,4.744673275
2026-02-24 21:31:30,-7.528834507,-4.501176985,4.331279545
2026-02-24 21:31:40,-7.663746359,-4.465925793,4.280840041
2026-02-24 21:31:50,-7.957905978,-3.842060485,4.285396440
2026-02-24 21:32:00,-7.513552810,-4.008685923,4.876361511
2026-02-24 21:32:10,-7.655080288,-4.020080188,4.894637473
2026-02-24 21:32:20,-7.326023240,-4.579104256,4.684784435
2026-02-24 21:32:30,-7.162405670,-4.505196624,4.921902363
2026-02-24 21:32:40,-6.524341374,-4.942631433,5.267300231
2026-02-24 21:32:50,-6.263941998,-5.002132998,5.545501823
2026-02-24 21:33:00,-6.387861007,-4.831984005,5.626439466
2026-02-24 21:33:10,-6.425440222,-4.970101402,5.610843852
2026-02-24 21:33:20,-6.479697855,-4.664850748,5.668566120
2026-02-24 21:33:30,-6.512796303,-4.694731695,5.590933870
2026-02-24 21:33:40,-6.464983993,-5.296787441,5.145234861
2026-02-24 21:33:50,-6.335702288,-5.440021333,5.002304728
2026-02-24 21:34:00,-6.603023324,-5.064233052,5.207064971
2026-02-24 21:34:10,-6.875855624,-4.639380574,5.327152611
2026-02-24 21:34:20,-6.843855922,-4.702121955,5.160734309
2026-02-24 21:34:30,-6.943155375,-5.175817379,4.657231084
2026-02-24 21:34:40,-6.793148664,-5.155713685,4.790176606
2026-02-24 21:34:50,-6.325031049,-5.745949847,4.838920428
2026-02-24 21:35:00,-6.356530299,-5.826250750,4.804334422
2026-02-24 21:35:10,-6.437608010,-5.501939953,4.860797164
2026-02-24 21:35:20,-6.515531519,-5.617839538,4.685811186
2026-02-24 21:35:30,-7.089487166,-5.217858108,4.257280194
2026-02-24 21:35:40,-7.271513292,-4.846730645,4.294431555
2026-02-24 21:35:50,-7.133708819,-5.149208001,4.349142181
2026-02-24 21:36:00,-7.148252717,-5.474812691,3.809490929
2026-02-24 21:36:10,-7.120046742,-5.214644215,4.281898353
2026-02-24 21:36:20,-6.924500120,-5.644237502,4.249879293
2026-02-24 21:36:30,-7.089649088,-5.685647043,3.662467182
2026-02-24 21:36:40,-7.294894060,-5.291038551,3.702953078
2026-02-24 21:36:50,-6.924281802,-5.235855963,4.434019899
2026-02-24 21:37:00,-6.916348636,-5.435766954,4.435562236
2026-02-24 21:37:10,-6.952126872,-5.288978138,4.518008822
2026-02-24 21:37:20,-6.896698609,-5.518971012,4.198134101
2026-02-24 21:37:30,-6.997664763,-5.449589630,4.138852922
2026-02-24 21:37:40,-6.763741310,-5.688907772,4.471113589
2026-02-24 21:37:50,-6.991517307,-5.255312642,4.352952382
2026-02-24 21:38:00,-7.100996344,-5.418298068,3.943497205
2026-02-24 21:38:10,-7.418853870,-5.152256341,3.650992023
2026-02-24 21:38:20,-7.189160840,-5.408674931,3.875221368
2026-02-24 21:38:30,-7.200797248,-5.305883709,4.184647645
2026-02-24 21:38:40,-6.970612965,-5.549031732,4.094445197
2026-02-24 21:38:50,-6.820030616,-5.717606973,4.180620404
2026-02-24 21:39:00,-6.569191645,-5.937899689,4.184612396
2026-02-24 21:39:10,-6.835972616,-5.616470411,4.227163512
2026-02-24 21:39:20,-6.674266993,-5.690007904,4.345134156
2026-02-24 21:39:30,-7.251744567,-5.352497773,3.773047288
2026-02-24 21:39:40,-7.199513646,-5.643904359,3.675412341
2026-02-24 21:39:50,-7.029584584,-5.855599867,3.452108001
2026-02-24 21:40:00,-6.972988905,-6.062264569,3.316076543
2026-02-24 21:40:10,-6.604500341,-6.486962193,3.252337165
2026-02-24 21:40:20,-6.412356706,-6.515141877,3.485035350
2026-02-24 21:40:30,-6.374898124,-6.547018310,3.512979567
2026-02-24 21:40:40,-6.808448634,-6.050363739,3.727290558
2026-02-24 21:40:50,-6.680793069,-6.260534451,3.469002962
2026-02-24 21:41:00,-6.463963060,-5.945509080,4.476397543
2026-02-24 21:41:10,-6.528638968,-6.004433392,4.452734470
2026-02-24 21:41:20,-6.587577290,-5.834891489,4.311766284
2026-02-24 21:41:30,-6.618405594,-5.772585791,4.377852317
2026-02-24 21:41:40,-6.316524260,-5.708346092,4.963958680
2026-02-24 21:41:50,-6.148790908,-5.502742634,5.220535068
2026-02-24 21:42:00,-6.129592801,-5.812510626,4.947451226
2026-02-24 21:42:10,-5.729800039,-6.142984359,5.119022167
2026-02-24 21:42:20,-5.637145729,-6.355264233,4.994328030
2026-02-24 21:42:30,-5.588118347,-6.056849460,5.243366787
2026-02-24 21:42:40,-5.915022553,-5.583033563,5.464530772
2026-02-24 21:42:50,-6.092112260,-5.725290947,5.233659525
2026-02-24 21:43:00,-6.184966370,-5.874861559,4.902233038
2026-02-24 21:43:10,-6.390412697,-5.460180078,4.971967725
2026-02-24 21:43:20,-5.825706685,-5.838393120,5.141208615
2026-02-24 21:43:30,-5.673331988,-5.932308191,5.358574559
2026-02-24 21:43:40,-5.077349875,-6.261132930,5.526324987
2026-02-24 21:43:50,-4.687579892,-6.430685201,5.709653961
2026-02-24 21:44:00,-4.688457829,-6.495440390,5.443246222
2026-02-24 21:44:10,-4.781668751,-6.062791600,6.122773459
2026-02-24 21:44:20,-4.919207531,-6.191595773,5.926318567
2026-02-24 21:44:30,-5.292597774,-6.143738413,5.548803721
2026-02-24 21:44:40,-5.173331445,-6.327688305,5.246793013
2026-02-24 21:44:50,-4.781571328,-6.774595553,5.318767677
2026-02-24 21:45:00,-4.710000137,-6.885848814,5.310479520
2026-02-24 21:45:10,-4.906996839,-6.790421773,5.043384905
2026-02-24 21:45:20,-4.900626127,-6.659218191,5.139408910
2026-02-24 21:45:30,-4.688475086,-7.284470980,4.690308893
2026-02-24 21:45:40,-4.438876811,-7.096468987,5.132943603
2026-02-24 21:45:50,-3.768099450,-7.312921279,5.398878654
2026-02-24 21:46:00,-3.884810790,-7.702682446,4.771391880
2026-02-24 21:46:10,-4.208530056,-7.369105759,4.945447813
2026-02-24 21:46:20,-3.999058041,-6.884760367,5.718058774
2026-02-24 21:46:30,-3.833827273,-6.762320101,5.990410930
2026-02-24 21:46:40,-3.390947339,-6.421002707,6.490937109
2026-02-24 21:46:50,-3.705476368,-6.637687637,6.189007943
2026-02-24 21:47:00,-4.329153599,-6.578073780,5.814386348
2026-02-24 21:47:10,-4.371809261,-6.686924563,5.645091980
2026-02-24 21:47:20,-4.241282442,-6.831815777,5.506981213
2026-02-24 21:47:30,-3.866238312,-6.489168894,6.255957247
2026-02-24 21:47:40,-3.683568103,-6.566092284,6.200429895
2026-02-24 21:47:50,-3.482870499,-6.774925332,6.159025590
2026-02-24 21:48:00,-3.259475514,-7.248569604,5.648413081
2026-02-24 21:48:10,-3.369862154,-7.482528235,5.451670808
2026-02-24 21:48:20,-3.203395822,-7.518420507,5.537370100
2026-02-24 21:48:30,-3.327167404,-7.756383760,4.961601131
2026-02-24 21:48:40,-3.103901589,-7.850856055,5.038733265
2026-02-24 21:48:50,-2.873376922,-7.985952315,5.045781571
2026-02-24 21:49:00,-3.131700781,-7.875322136,4.857882711
2026-02-24 21:49:10,-2.863979366,-7.985080547,4.988345476
2026-02-24 21:49:20,-2.746168008,-7.762276902,5.312646381
2026-02-24 21:49:30,-2.361937730,-7.970935822,5.195817323
2026-02-24 21:49:40,-2.541522942,-7.680320071,5.489884758
2026-02-24 21:49:50,-2.297403879,-7.857753459,5.346744105
2026-02-24 21:50:00,-2.861830452,-7.571763654,5.548878846
2026-02-24 21:50:10,-3.158392811,-7.585209923,5.328289201
2026-02-24 21:50:20,-3.007080339,-7.599650695,5.413661448
2026-02-24 21:50:30,-3.081031450,-7.467498401,5.497942976
2026-02-24 21:50:40,-2.266727854,-7.792373108,5.538968074
2026-02-24 21:50:50,-2.610499578,-8.056885346,5.091786423
2026-02-24 21:51:00,-2.827026427,-7.739361078,5.271783712
2026-02-24 21:51:10,-3.079072013,-7.663565270,5.268747820
2026-02-24 21:51:20,-2.789142399,-7.826470747,5.086099248
2026-02-24 21:51:30,-2.657871946,-7.867711522,5.151806036
2026-02-24 21:51:40,-2.765730086,-7.754521239,5.362181633
2026-02-24 21:51:50,-2.791241016,-7.641745114,5.286505851
2026-02-24 21:52:00,-3.202413110,-7.637571084,5.211336584
2026-02-24 21:52:10,-3.324692020,-7.463363255,5.460320877
2026-02-24 21:52:20,-3.046666912,-7.819217819,5.014186523
2026-02-24 21:52:30,-3.500626012,-7.685836516,5.032928625
2026-02-24 21:52:40,-3.398222444,-7.454323915,5.227203566
2026-02-24 21:52:50,-3.405800501,-7.385824715,5.494350814
2026-02-24 21:53:00,-3.551105869,-7.180318342,5.814365380
2026-02-24 21:53:10,-3.760549271,-6.864373333,5.877117330
2026-02-24 21:53:20,-3.362274639,-6.859965341,6.098802127
2026-02-24 21:53:30,-3.528196063,-6.867494487,5.997813670
2026-02-24 21:53:40,-3.717864630,-7.059802285,5.896811417
2026-02-24 21:53:50,-3.672714770,-6.931134201,5.828404726
2026-02-24 21:54:00,-3.518667763,-7.042334418,5.917331127
2026-02-24 21:54:10,-3.258344831,-6.657143769,6.354895735
2026-02-24 21:54:20,-3.139227850,-6.806389535,6.267785254
2026-02-24 21:54:30,-2.915396642,-6.956970777,6.294404936
2026-02-24 21:54:40,-3.150562598,-6.685332357,6.342544529
2026-02-24 21:54:50,-3.390354262,-6.833189212,6.096931189
2026-02-24 21:55:00,-3.366746792,-6.595993369,6.410017060
2026-02-24 21:55:10,-3.506028109,-6.532042312,6.402802474
2026-02-24 21:55:20,-3.218543226,-6.766246476,6.296131966
2026-02-24 21:55:30,-3.178163136,-6.567129949,6.487993452
2026-02-24 21:55:40,-2.913473846,-6.674872708,6.594420802
2026-02-24 21:55:50,-2.734663197,-6.969179994,6.348794170
2026-02-24 21:56:00,-2.771894412,-6.967038114,6.285086115
2026-02-24 21:56:10,-2.662641225,-6.806487706,6.480940039
2026-02-24 21:56:20,-2.474297586,-7.098651077,6.277912767
2026-02-24 21:56:30,-2.491624908,-7.108997029,6.417748874
2026-02-24 21:56:40,-2.091610665,-7.513849473,5.976640114
2026-02-24 21:56:50,-2.125636317,-7.312346025,6.217913012
2026-02-24 21:57:00,-1.839441823,-7.233869396,6.280492783
2026-02-24 21:57:10,-2.301240286,-7.324120064,6.104102105
2026-02-24 21:57:20,-2.279417193,-7.392141171,5.968873649
2026-02-24 21:57:30,-2.338697847,-7.488045636,6.050273490
2026-02-24 21:57:40,-1.969936996,-7.369426306,6.248907153
2026-02-24 21:57:50,-2.048060177,-7.180617649,6.325781684
2026-02-24 21:58:00,-2.127546733,-2.108211503,9.402807102
2026-02-24 21:58:10,-4.006391492,-3.259960357,8.520734968
2026-02-24 21:58:20,-6.236488069,-0.830607921,7.322885917
2026-02-24 21:58:30,-8.543852524,1.910767095,4.567672391
2026-02-24 21:58:40,-8.493483651,1.304380066,5.100890612
2026-02-24 21:58:50,-7.808482670,4.113193563,4.445640487
2026-02-24 21:59:00,-7.347451895,6.347265859,0.855723235
2026-02-24 21:59:10,-8.657212738,5.052570000,2.516887348
2026-02-24 21:59:20,-8.008825466,3.680848105,3.923765690
2026-02-24 21:59:30,-2.757461614,8.729464096,2.637480685
2026-02-24 21:59:40,-1.185081507,9.299824566,-3.922632956
2026-02-24 21:59:50,2.336356779,9.199193083,0.816441829
2026-02-24 22:00:00,2.498895094,8.001979717,4.979962222
2026-02-24 22:00:10,-1.680491997,7.474291391,6.523826810
