timestamp,x,y,z
2026-03-02 17:01:55,-9.421756605,-2.253364509,-2.042829062
2026-03-02 17:02:05,-7.795809878,-5.652182163,-1.268840940
2026-03-02 17:02:15,-7.999108033,-5.465899174,-0.500885262
2026-03-02 17:02:25,-8.625033753,-4.501506203,1.101198766
2026-03-02 17:02:35,-8.680577619,-3.045342707,2.385737892
2026-03-02 17:02:45,-9.742107589,-0.937254257,0.249447982
2026-03-02 17:02:55,-9.722871259,0.954892328,-0.829596331
2026-03-02 17:03:05,-7.990323172,5.379077238,-1.581192779
2026-03-02 17:03:15,-7.957339930,3.898750423,-3.821812301
2026-03-02 17:03:25,-6.294848345,2.371527031,-6.812078008
2026-03-02 17:03:35,-6.525805638,0.440305955,-7.499666906
2026-03-02 17:03:45,-6.416195738,0.164225284,-7.533350474
2026-03-02 17:03:55,-5.820464273,-1.311792895,-8.000235675
2026-03-02 17:04:05,-5.319789677,-1.279475807,-8.037308917
2026-03-02 17:04:15,-3.908318946,-1.100170182,-8.828265824
2026-03-02 17:04:25,-3.452350994,0.837387657,-9.385078516
2026-03-02 17:04:35,-3.657005915,3.150338554,-8.559140278
2026-03-02 17:04:45,-3.122155558,2.881208101,-9.039001067
2026-03-02 17:04:55,-3.097055684,3.584191480,-8.775416541
2026-03-02 17:05:05,-4.130867795,5.094035626,-7.369637553
2026-03-02 17:05:15,-5.893767718,5.843499579,-5.499408090
2026-03-02 17:05:25,-6.247411985,5.746798613,-4.834248577
2026-03-02 17:05:35,-6.678462982,5.300777957,-4.686774069
2026-03-02 17:05:45,-6.857765638,4.655788381,-5.470450942
2026-03-02 17:05:55,-5.917194076,5.867375414,-5.094087868
2026-03-02 17:06:05,-5.741181216,4.099501220,-6.633064503
2026-03-02 17:06:15,-5.706076416,2.595797713,-7.506544570
2026-03-02 17:06:25,-6.386816458,1.331124512,-7.199410219
2026-03-02 17:06:35,-6.358655341,2.252424958,-7.263209009
2026-03-02 17:06:45,-5.955386886,3.496235152,-7.268628575
2026-03-02 17:06:55,-7.546181425,1.902748399,-5.971418986
2026-03-02 17:07:05,-7.248128613,1.256252059,-6.433104085
2026-03-02 17:07:15,-7.270850353,-0.045806334,-6.372194623
2026-03-02 17:07:25,-5.582116703,-2.464410400,-7.495271949
2026-03-02 17:07:35,-6.307732375,-1.779469256,-7.366048706
2026-03-02 17:07:45,-6.068302484,-2.104124334,-7.761801428
2026-03-02 17:07:55,-2.930790382,-3.761327161,-8.741361313
2026-03-02 17:08:05,-3.041780455,-1.605592747,-9.570578416
2026-03-02 17:08:15,-1.460824790,-2.106524067,-9.481504146
2026-03-02 17:08:25,-1.904417490,-3.060446958,-9.090248631
2026-03-02 17:08:35,-2.295323316,-1.794516241,-9.380997528
2026-03-02 17:08:45,-1.242424399,0.582562963,-9.643786574
2026-03-02 17:08:55,-2.575335298,1.225317953,-9.658248644
2026-03-02 17:09:05,-3.787085171,1.127802869,-9.005939010
2026-03-02 17:09:15,-5.090151085,1.584705204,-8.285498390
2026-03-02 17:09:25,-4.633366146,1.351107070,-8.523551880
2026-03-02 17:09:35,-5.911753777,0.917641263,-7.960319315
2026-03-02 17:09:45,-5.949848398,0.979535856,-7.432060985
2026-03-02 17:09:55,-6.037914365,2.324056679,-6.980682950
2026-03-02 17:10:05,-7.338759998,3.004638179,-6.175482929
2026-03-02 17:10:15,-6.793230915,1.954021848,-7.296189129
2026-03-02 17:10:25,-7.639394971,0.341725244,-6.326566921
2026-03-02 17:10:35,-7.774938394,-0.137255353,-5.670401068
2026-03-02 17:10:45,-6.839772656,0.373888398,-6.796882655
2026-03-02 17:10:55,-7.356419142,2.209103151,-5.863187607
2026-03-02 17:11:05,-7.825571721,0.816042045,-6.016920888
2026-03-02 17:11:15,-7.869814353,2.001322187,-5.618341572
2026-03-02 17:11:25,-8.514723947,0.917940463,-4.747036715
2026-03-02 17:11:35,-8.678733143,0.747661418,-4.794774415
2026-03-02 17:11:45,-7.599326126,2.704640683,-5.715248725
2026-03-02 17:11:55,-6.790220730,3.934987167,-6.432050056
2026-03-02 17:12:05,-6.138201895,4.018768648,-6.433557963
2026-03-02 17:12:15,-6.359622007,3.472936430,-6.942679158
2026-03-02 17:12:25,-6.282030106,3.758862253,-6.794128825
2026-03-02 17:12:35,-5.403495275,5.404988962,-6.349491272
2026-03-02 17:12:45,-5.401380695,5.176948266,-6.504333502
2026-03-02 17:12:55,-4.134081266,6.265394559,-6.877788759
2026-03-02 17:13:05,-4.185139864,5.993287537,-6.478544370
2026-03-02 17:13:15,-3.977174565,5.738564157,-6.770175078
2026-03-02 17:13:25,-5.115086001,5.767935130,-6.253413369
2026-03-02 17:13:35,-5.482313746,5.977606553,-6.078738463
2026-03-02 17:13:45,-5.052255566,5.579656796,-6.273749846
2026-03-02 17:13:55,-4.965050171,5.665983994,-6.166430540
2026-03-02 17:14:05,-5.336265699,5.556523447,-5.532380258
2026-03-02 17:14:15,-5.671917503,4.308646558,-6.377140799
2026-03-02 17:14:25,-6.067693092,5.129288778,-5.888659552
2026-03-02 17:14:35,-6.871571887,4.805716709,-5.200557453
2026-03-02 17:14:45,-6.722630589,5.251337267,-4.756726480
2026-03-02 17:14:55,-6.390686013,5.742924059,-5.000345358
2026-03-02 17:15:05,-6.757228653,5.608679844,-4.210989648
2026-03-02 17:15:15,-6.454049831,6.409474911,-4.160057867
2026-03-02 17:15:25,-6.489563163,5.718160173,-4.559287183
2026-03-02 17:15:35,-7.047294777,5.981522813,-4.209841539
2026-03-02 17:15:45,-6.090906235,6.072358976,-4.342742357
2026-03-02 17:15:55,-6.300816701,5.882623318,-3.989687473
2026-03-02 17:16:05,-6.674483596,6.286414611,-3.679635473
2026-03-02 17:16:15,-6.853594778,6.242235373,-3.272627999
2026-03-02 17:16:25,-6.681858206,6.321022487,-3.379735241
2026-03-02 17:16:35,-6.771520780,6.115935377,-4.250154512
2026-03-02 17:16:45,-6.617592471,5.849795774,-4.474291355
2026-03-02 17:16:55,-6.236530982,5.483199362,-4.986978238
2026-03-02 17:17:05,-6.390563286,5.383646953,-5.204423396
2026-03-02 17:17:15,-6.377705870,5.714620204,-4.812050893
2026-03-02 17:17:25,-6.136269475,5.124324445,-5.757545320
2026-03-02 17:17:35,-6.314626358,4.858101914,-5.366293770
2026-03-02 17:17:45,-6.462226397,5.543934250,-4.930064645
2026-03-02 17:17:55,-6.659829451,4.846908383,-5.568604213
2026-03-02 17:18:05,-6.402335276,4.877128958,-5.295680228
2026-03-02 17:18:15,-6.102415562,5.283732289,-5.700091151
2026-03-02 17:18:25,-6.243585336,4.694365454,-5.820800101
2026-03-02 17:18:35,-5.863242179,4.353127320,-6.614436540
2026-03-02 17:18:45,-4.931396105,5.076186259,-6.639083413
2026-03-02 17:18:55,-5.345140964,5.331099732,-6.342597983
2026-03-02 17:19:05,-4.572925054,5.397094989,-6.806942212
2026-03-02 17:19:15,-5.469908953,4.860563729,-6.686547109
2026-03-02 17:19:25,-5.161722085,4.854152385,-6.388103903
2026-03-02 17:19:35,-5.334623103,5.302367713,-6.680883142
2026-03-02 17:19:45,-5.234648626,5.344262473,-6.668246680
2026-03-02 17:19:55,-4.555975278,5.317814140,-6.817727757
2026-03-02 17:20:05,-4.122236517,5.254251330,-7.112643204
2026-03-02 17:20:15,-3.914813205,5.624544870,-6.993917016
2026-03-02 17:20:25,-4.597679505,5.475056442,-6.841465490
2026-03-02 17:20:35,-4.241330305,5.796072854,-6.456049780
2026-03-02 17:20:45,-4.979556106,5.371433870,-6.580597625
2026-03-02 17:20:55,-4.608159163,5.796005915,-6.537510222
2026-03-02 17:21:05,-4.199097568,5.278101464,-6.860719412
2026-03-02 17:21:15,-3.864867674,6.142107034,-6.621925555
2026-03-02 17:21:25,-4.153941658,5.670939561,-7.069592445
2026-03-02 17:21:35,-3.828172824,5.779049609,-6.955351037
2026-03-02 17:21:45,-4.120726455,5.391754654,-6.892370256
2026-03-02 17:21:55,-4.165219802,5.444700819,-6.716555532
2026-03-02 17:22:05,-4.298020036,5.435619566,-7.030965157
2026-03-02 17:22:15,-3.851085418,5.916548539,-6.954888555
2026-03-02 17:22:25,-3.570584941,5.782257243,-6.751113772
2026-03-02 17:22:35,-4.023011869,5.485020367,-6.988650068
2026-03-02 17:22:45,-4.647241933,6.390499520,-6.124276703
2026-03-02 17:22:55,-4.501118359,5.772080562,-6.587065972
2026-03-02 17:23:05,-4.206533784,5.357352692,-6.793748952
2026-03-02 17:23:15,-4.097523400,6.038916034,-6.667749007
2026-03-02 17:23:25,-4.362699442,5.793078569,-6.513400271
2026-03-02 17:23:35,-4.597897558,5.874728880,-6.147507232
2026-03-02 17:23:45,-4.663178005,6.100803117,-6.094526666
2026-03-02 17:23:55,-4.841906642,5.644606370,-6.424933146
2026-03-02 17:24:05,-4.332576099,5.617914369,-6.947427400
2026-03-02 17:24:15,-4.387827058,5.619785787,-6.996531522
2026-03-02 17:24:25,-4.024358303,6.488765553,-6.250033300
2026-03-02 17:24:35,-3.788832536,6.539177558,-6.450960199
2026-03-02 17:24:45,-3.622337279,6.570539785,-6.221170441
2026-03-02 17:24:55,-3.478192028,6.600255413,-6.317243533
2026-03-02 17:25:05,-4.295260729,6.279635784,-6.050357922
2026-03-02 17:25:15,-4.150073956,6.441166722,-6.359262574
2026-03-02 17:25:25,-3.835114533,6.150848743,-6.925570527
2026-03-02 17:25:35,-3.954152566,6.345091917,-6.409160556
2026-03-02 17:25:45,-3.775844744,6.073314842,-6.332049088
2026-03-02 17:25:55,-4.162258888,5.509315226,-6.613360343
2026-03-02 17:26:05,-4.843450064,5.993330442,-6.142825997
2026-03-02 17:26:15,-4.822945477,5.166758583,-6.677094167
2026-03-02 17:26:25,-5.092498115,5.333937885,-6.343448703
2026-03-02 17:26:35,-4.785007699,5.903003067,-6.285818413
2026-03-02 17:26:45,-5.097271629,5.487041438,-6.364146985
2026-03-02 17:26:55,-4.801258633,5.551558485,-6.661299256
2026-03-02 17:27:05,-4.813929503,5.901196743,-6.338677655
2026-03-02 17:27:15,-5.041380773,5.548307332,-6.406907429
2026-03-02 17:27:25,-5.216218158,5.414354530,-5.939822916
2026-03-02 17:27:35,-5.521271512,5.548984592,-6.240561536
2026-03-02 17:27:45,-5.244046152,5.731201698,-5.836659210
2026-03-02 17:27:55,-5.134386141,6.124382928,-5.650032677
2026-03-02 17:28:05,-5.051843921,6.051280304,-5.514059072
2026-03-02 17:28:15,-5.013287730,6.384703203,-5.619535104
2026-03-02 17:28:25,-5.679250826,6.713544986,-4.769938436
2026-03-02 17:28:35,-5.488053963,6.719747509,-4.383580425
2026-03-02 17:28:45,-5.398578179,6.954722316,-4.484520675
2026-03-02 17:28:55,-5.639642096,7.112552808,-4.378516651
2026-03-02 17:29:05,-5.183016469,7.776486419,-4.168338821
2026-03-02 17:29:15,-4.866444510,7.303099662,-4.056435184
2026-03-02 17:29:25,-4.452737167,7.347578623,-4.607089379
2026-03-02 17:29:35,-4.328955757,7.491669062,-4.293651812
2026-03-02 17:29:45,-4.340143923,7.596233521,-4.195359524
2026-03-02 17:29:55,-5.049717020,7.052996088,-4.562789961
2026-03-02 17:30:05,-5.217384201,7.099799363,-4.126502522
2026-03-02 17:30:15,-5.154252348,6.756923146,-4.352430528
2026-03-02 17:30:25,-5.389481544,6.667306024,-4.978630056
2026-03-02 17:30:35,-5.043609167,6.917664878,-4.644040868
2026-03-02 17:30:45,-4.999706287,6.878396238,-4.542473956
2026-03-02 17:30:55,-4.881588210,7.146829158,-4.347492384
2026-03-02 17:31:05,-5.029886901,7.157694523,-4.537303969
2026-03-02 17:31:15,-5.162818904,7.106457579,-4.370756165
2026-03-02 17:31:25,-5.294199331,7.162233089,-4.341989589
2026-03-02 17:31:35,-5.272657311,7.649133570,-4.002497045
2026-03-02 17:31:45,-5.279057794,7.379723006,-4.135104924
2026-03-02 17:31:55,-5.512905805,7.192895692,-3.971757094
2026-03-02 17:32:05,-5.721318576,7.057937944,-3.525428941
2026-03-02 17:32:15,-5.716111348,7.275462205,-3.694415271
2026-03-02 17:32:25,-5.921168529,6.863089566,-3.684495022
2026-03-02 17:32:35,-5.903669896,7.282864215,-3.154438768
2026-03-02 17:32:45,-5.563798235,7.359434454,-3.131344315
2026-03-02 17:32:55,-5.393827860,7.246410889,-3.357194250
2026-03-02 17:33:05,-5.809265304,7.494582468,-3.124428149
2026-03-02 17:33:15,-5.596318027,7.708687867,-3.051435121
2026-03-02 17:33:25,-5.612437719,7.249065853,-2.991008813
2026-03-02 17:33:35,-5.762219015,6.991790521,-2.875448685
2026-03-02 17:33:45,-5.803462962,7.357555025,-2.998186840
2026-03-02 17:33:55,-5.547515672,7.368460367,-3.040636450
2026-03-02 17:34:05,-5.520880234,7.312919924,-3.232368592
2026-03-02 17:34:15,-5.722282657,7.287274724,-3.355844122
2026-03-02 17:34:25,-5.933807757,7.276705209,-3.581687363
2026-03-02 17:34:35,-5.706447037,7.258352070,-3.266948610
2026-03-02 17:34:45,-5.730391459,7.259311746,-3.442970500
2026-03-02 17:34:55,-5.865370269,6.767714810,-3.421523149
2026-03-02 17:35:05,-5.924253459,6.994784932,-3.083327532
2026-03-02 17:35:15,-5.606369735,6.941306041,-3.496540370
2026-03-02 17:35:25,-5.815041650,7.038951953,-4.005614017
2026-03-02 17:35:35,-5.238309011,7.276348237,-4.203629141
2026-03-02 17:35:45,-5.182634121,7.233440856,-4.213136638
2026-03-02 17:35:55,-5.312085076,7.400501845,-3.517969623
2026-03-02 17:36:05,-5.526464743,7.126470761,-3.750236680
2026-03-02 17:36:15,-5.538693256,7.133254143,-3.816216602
2026-03-02 17:36:25,-5.413145746,6.921061135,-4.168331532
2026-03-02 17:36:35,-5.514325240,7.021335419,-3.915977575
2026-03-02 17:36:45,-5.918360513,6.818697105,-4.133211919
2026-03-02 17:36:55,-6.034844808,6.446871472,-3.682627892
2026-03-02 17:37:05,-6.262590374,6.885048312,-3.785616546
2026-03-02 17:37:15,-6.180016394,6.604817740,-3.960665416
2026-03-02 17:37:25,-6.036601672,6.803751709,-3.357886071
2026-03-02 17:37:35,-6.529782017,6.496384940,-3.384758529
2026-03-02 17:37:45,-6.517759229,6.685724933,-3.243548914
2026-03-02 17:37:55,-6.244691380,6.740708461,-3.089773136
2026-03-02 17:38:05,-6.106362725,6.969607415,-3.242220354
2026-03-02 17:38:15,-6.669006141,6.923259243,-2.856409326
2026-03-02 17:38:25,-6.487388454,6.862186372,-2.740796975
2026-03-02 17:38:35,-6.499652122,6.958798240,-2.463525957
2026-03-02 17:38:45,-6.499826796,7.045514883,-2.811518183
2026-03-02 17:38:55,-6.583551618,6.518759806,-2.804798506
2026-03-02 17:39:05,-6.469741462,6.594669183,-2.576668765
2026-03-02 17:39:15,-6.694007841,6.880675471,-2.733547911
2026-03-02 17:39:25,-6.337930495,6.887342258,-2.630221757
2026-03-02 17:39:35,-6.011644080,6.955472110,-3.035742549
2026-03-02 17:39:45,-6.276024517,6.765513830,-2.713086812
2026-03-02 17:39:55,-6.371111783,6.737066350,-2.770224481
2026-03-02 17:40:05,-6.811071071,6.444369424,-2.745190990
2026-03-02 17:40:15,-6.702683548,6.315614160,-3.077827608
2026-03-02 17:40:25,-6.759294949,6.553997500,-3.151847938
2026-03-02 17:40:35,-7.054401798,6.182408719,-2.945406425
2026-03-02 17:40:45,-6.553911230,5.976967237,-2.950756950
2026-03-02 17:40:55,-6.945299834,6.163057710,-3.056470805
2026-03-02 17:41:05,-6.588723269,6.177184876,-3.150616930
2026-03-02 17:41:15,-7.016817899,6.182196045,-3.420341102
2026-03-02 17:41:25,-6.836522676,5.850248406,-3.170439642
2026-03-02 17:41:35,-6.751236719,6.211201779,-3.195636891
2026-03-02 17:41:45,-7.259932885,6.215027285,-3.211268694
2026-03-02 17:41:55,-6.795352733,6.346169778,-2.973695574
2026-03-02 17:42:05,-6.478352316,6.257310821,-3.199799193
2026-03-02 17:42:15,-6.717306784,6.467639897,-2.722286331
2026-03-02 17:42:25,-6.501760546,6.852757122,-3.132040265
2026-03-02 17:42:35,-6.368568334,6.584852986,-2.851775617
2026-03-02 17:42:45,-6.452594627,6.596548218,-3.030133919
2026-03-02 17:42:55,-6.402940804,6.531585792,-3.594667936
2026-03-02 17:43:05,-6.494844815,6.433624215,-3.849278288
2026-03-02 17:43:15,-5.941856944,6.460214593,-3.593596681
2026-03-02 17:43:25,-6.184448416,6.629425527,-3.885832909
2026-03-02 17:43:35,-6.375830512,6.491322602,-4.194762105
2026-03-02 17:43:45,-6.519001341,6.013101856,-4.223312778
2026-03-02 17:43:55,-6.152901526,6.417452239,-4.383358278
2026-03-02 17:44:05,-6.274989408,6.177589297,-3.913489416
2026-03-02 17:44:15,-6.618649659,6.135933926,-3.972197103
2026-03-02 17:44:25,-6.730099316,5.688820512,-4.262848020
2026-03-02 17:44:35,-6.677052288,5.571998634,-4.602974119
2026-03-02 17:44:45,-6.584508334,5.387548413,-4.964401594
2026-03-02 17:44:55,-6.478082647,5.436067202,-4.609844411
2026-03-02 17:45:05,-6.165484473,5.761927061,-4.637540247
2026-03-02 17:45:15,-6.482182429,5.923575583,-4.452139292
2026-03-02 17:45:25,-6.251195647,6.176582012,-4.475959818
2026-03-02 17:45:35,-6.731966344,5.656572836,-4.631666522
2026-03-02 17:45:45,-6.338872536,5.874402434,-4.701780049
2026-03-02 17:45:55,-5.873245223,6.349120695,-4.782994848
2026-03-02 17:46:05,-5.789175524,6.099375114,-4.650923612
2026-03-02 17:46:15,-5.818281422,6.409455595,-4.915582762
2026-03-02 17:46:25,-5.954189094,6.303325818,-4.783363064
2026-03-02 17:46:35,-5.740900460,6.546430894,-4.848221207
2026-03-02 17:46:45,-5.296790112,6.143444554,-5.263538332
2026-03-02 17:46:55,-5.677902954,6.120378579,-5.411726041
2026-03-02 17:47:05,-5.439393990,6.304766050,-5.362010566
2026-03-02 17:47:15,-5.971265374,6.277198066,-5.208213812
2026-03-02 17:47:25,-5.281339735,6.306729447,-5.252373176
2026-03-02 17:47:35,-5.420680054,6.114594408,-5.253363299
2026-03-02 17:47:45,-5.254631198,6.067602339,-5.537622494
2026-03-02 17:47:55,-5.644611843,6.051689234,-5.164078217
2026-03-02 17:48:05,-5.417630684,5.859474136,-5.262430925
2026-03-02 17:48:15,-5.680278350,6.158675054,-5.236315119
2026-03-02 17:48:25,-5.487587739,6.115325012,-5.356823866
2026-03-02 17:48:35,-5.247484699,6.188107499,-5.247887341
2026-03-02 17:48:45,-5.440074523,5.792919787,-5.470043316
2026-03-02 17:48:55,-5.346242665,6.210177113,-5.387011919
2026-03-02 17:49:05,-5.331057415,6.254602457,-5.520994730
2026-03-02 17:49:15,-5.433278092,6.421328620,-5.250538120
2026-03-02 17:49:25,-4.923766984,5.830989151,-5.930011699
2026-03-02 17:49:35,-4.676895017,6.432752689,-5.546351887
2026-03-02 17:49:45,-5.174554278,6.507927555,-5.382499966
2026-03-02 17:49:55,-4.819659305,6.257851209,-5.629829117
2026-03-02 17:50:05,-5.112689367,6.037896545,-5.175080305
2026-03-02 17:50:15,-5.340882733,6.429486600,-5.307057401
2026-03-02 17:50:25,-5.243323916,6.164744411,-5.578045255
2026-03-02 17:50:35,-4.970539811,5.978943138,-5.738146316
2026-03-02 17:50:45,-5.633120875,5.995460552,-5.249895360
2026-03-02 17:50:55,-5.445767413,5.677185359,-5.636608656
2026-03-02 17:51:05,-5.782803670,5.944750553,-5.380361404
2026-03-02 17:51:15,-5.673216247,5.656168543,-5.534753721
2026-03-02 17:51:25,-6.134806947,5.776127946,-5.584710240
2026-03-02 17:51:35,-5.810091445,5.632813897,-5.491831072
2026-03-02 17:51:45,-5.835353431,5.605291024,-5.143348277
2026-03-02 17:51:55,-6.246227593,5.452618132,-5.466373167
2026-03-02 17:52:05,-5.834760826,5.764536016,-5.516889279
2026-03-02 17:52:15,-6.164846252,5.730632834,-5.768265128
2026-03-02 17:52:25,-6.223322848,5.573907426,-5.513485708
2026-03-02 17:52:35,-5.856390531,5.517513160,-5.579592619
2026-03-02 17:52:45,-5.927682921,5.446279579,-5.637247831
2026-03-02 17:52:55,-5.934343352,5.076397904,-5.582816924
2026-03-02 17:53:05,-6.313761910,5.433911020,-5.579120853
2026-03-02 17:53:15,-5.939628010,5.600100832,-5.623112450
2026-03-02 17:53:25,-5.892178540,5.545294481,-5.669097384
2026-03-02 17:53:35,-5.922920972,5.770520813,-5.478486068
2026-03-02 17:53:45,-5.855009320,5.357917361,-5.542593164
2026-03-02 17:53:55,-5.845819845,5.253944418,-5.463195146
2026-03-02 17:54:05,-5.898175006,5.234695276,-6.016615093
2026-03-02 17:54:15,-5.987827952,5.466513933,-5.579098362
2026-03-02 17:54:25,-5.966016727,5.585087331,-5.331037473
2026-03-02 17:54:35,-6.035976120,5.544779854,-5.338863961
2026-03-02 17:54:45,-5.823058760,5.106718193,-5.929253894
2026-03-02 17:54:55,-5.773111484,5.140024021,-5.565158673
2026-03-02 17:55:05,-5.743401042,5.394961929,-5.986522079
2026-03-02 17:55:15,-5.898329148,5.324011706,-5.827169836
2026-03-02 17:55:25,-5.710775213,5.485799676,-5.377145888
2026-03-02 17:55:35,-6.116695867,5.369304024,-5.352274076
2026-03-02 17:55:45,-6.148846042,5.270919416,-5.239063699
2026-03-02 17:55:55,-6.060352580,5.223162430,-5.139159296
2026-03-02 17:56:05,-6.230698313,5.307605685,-5.656489079
2026-03-02 17:56:15,-6.025779637,5.283473166,-5.573931839
2026-03-02 17:56:25,-6.302953756,5.326024932,-5.291717414
2026-03-02 17:56:35,-6.434215320,5.495196816,-5.215311953
2026-03-02 17:56:45,-6.097603141,5.213935416,-5.105830915
2026-03-02 17:56:55,-6.184671163,5.335185948,-5.237712500
2026-03-02 17:57:05,-6.377000162,5.242198337,-5.085923644
2026-03-02 17:57:15,-6.114776150,5.323424257,-5.115340776
2026-03-02 17:57:25,-6.462348225,5.210657106,-5.684948012
2026-03-02 17:57:35,-6.251089528,5.461273031,-5.382982271
2026-03-02 17:57:45,-6.004831808,5.247984285,-5.411173003
2026-03-02 17:57:55,-6.078976102,5.607802176,-4.903987497
2026-03-02 17:58:05,-6.446422197,6.081598025,-4.723876627
2026-03-02 17:58:15,-6.275242442,5.385224205,-4.987039487
2026-03-02 17:58:25,-6.335854901,5.451964437,-4.995183173
2026-03-02 17:58:35,-6.596042612,4.846684720,-5.410187830
2026-03-02 17:58:45,-6.679325776,4.970704307,-5.144001768
2026-03-02 17:58:55,-7.043409380,4.705303216,-5.335888419
2026-03-02 17:59:05,-7.073739150,4.414591508,-5.184907549
2026-03-02 17:59:15,-7.101524376,4.435122747,-5.192319122
2026-03-02 17:59:25,-7.091777215,4.056610533,-5.351218455
2026-03-02 17:59:35,-7.161329147,4.490280440,-5.054538853
2026-03-02 17:59:45,-7.490984473,4.489989567,-4.957985209
2026-03-02 17:59:55,-7.463838949,4.102596934,-5.028880129
2026-03-02 18:00:05,-7.347599655,4.415678770,-4.965335714
2026-03-02 18:00:15,-7.208565499,4.439486071,-5.273317816
2026-03-02 18:00:25,-7.048351073,4.034171913,-4.834191537
2026-03-02 18:00:35,-7.518514202,4.244688058,-4.805201860
2026-03-02 18:00:45,-7.563151224,3.922003102,-4.634679681
2026-03-02 18:00:55,-7.716153525,4.470664735,-4.698187649
2026-03-02 18:01:05,-7.847187254,4.288212061,-4.630505709
2026-03-02 18:01:15,-7.877148853,4.336372414,-4.185604159
2026-03-02 18:01:25,-7.871995008,3.863852500,-4.370703908
2026-03-02 18:01:35,-7.853406526,3.867151322,-4.200826676
2026-03-02 18:01:45,-7.713650205,4.070643432,-4.058186988
2026-03-02 18:01:55,-7.985250192,3.961299732,-4.121632759
2026-03-02 18:02:05,-7.819280241,3.825646267,-4.327449067
2026-03-02 18:02:15,-8.098059259,3.733048676,-3.910886123
2026-03-02 18:02:25,-7.701085838,4.066546286,-4.166286449
2026-03-02 18:02:35,-7.954790094,3.925629777,-4.190956553
2026-03-02 18:02:45,-8.088352565,3.843329450,-4.025309974
2026-03-02 18:02:55,-8.060604318,3.414048737,-4.604208595
2026-03-02 18:03:05,-7.961434906,3.637847482,-4.441996385
2026-03-02 18:03:15,-7.903587465,3.681890764,-4.687203185
2026-03-02 18:03:25,-7.753719803,3.679313347,-4.850335660
2026-03-02 18:03:35,-7.775555021,3.962127721,-4.953844877
2026-03-02 18:03:45,-7.765315810,3.755057936,-4.752654958
2026-03-02 18:03:55,-7.509816006,4.014285432,-4.528092103
2026-03-02 18:04:05,-7.793950109,4.250520310,-4.709855246
2026-03-02 18:04:15,-7.694328960,4.193258673,-4.296295198
2026-03-02 18:04:25,-7.588685700,4.161984757,-4.389496345
2026-03-02 18:04:35,-7.934392538,3.975884761,-4.341152301
2026-03-02 18:04:45,-7.673544690,4.230827153,-4.113058270
2026-03-02 18:04:55,-7.947757105,4.142777011,-4.132622440
2026-03-02 18:05:05,-7.969279508,3.922995521,-4.306702516
2026-03-02 18:05:15,-8.021120870,3.880180785,-4.608876048
2026-03-02 18:05:25,-7.878584329,4.058531876,-4.532603857
2026-03-02 18:05:35,-7.878900330,4.062553067,-4.147422752
2026-03-02 18:05:45,-7.463217947,3.977657536,-4.432132978
2026-03-02 18:05:55,-7.576929560,4.734812833,-4.247267868
2026-03-02 18:06:05,-7.799190178,4.530626317,-4.274458490
2026-03-02 18:06:15,-7.702025991,4.033273343,-4.446110473
2026-03-02 18:06:25,-7.913099317,3.769761921,-4.055897186
2026-03-02 18:06:35,-7.824111764,3.969071210,-4.125953435
2026-03-02 18:06:45,-7.930921023,4.310496105,-3.770116055
2026-03-02 18:06:55,-8.466256679,3.965451419,-3.672176499
2026-03-02 18:07:05,-8.411985609,3.725032816,-3.335807046
2026-03-02 18:07:15,-8.327224763,4.027580522,-3.515674471
2026-03-02 18:07:25,-8.131818363,3.903426717,-3.735653897
2026-03-02 18:07:35,-8.773950186,3.668690640,-3.049773641
2026-03-02 18:07:45,-8.670939856,3.555922871,-3.304335725
2026-03-02 18:07:55,-8.544114608,3.443088258,-3.057870217
2026-03-02 18:08:05,-8.739031962,3.710624426,-2.862132490
2026-03-02 18:08:15,-8.859187509,3.437147102,-2.418939043
2026-03-02 18:08:25,-8.900458528,3.392641255,-2.523298924
2026-03-02 18:08:35,-8.526324717,3.470576584,-2.820625587
2026-03-02 18:08:45,-9.020929655,3.606804776,-2.724135883
2026-03-02 18:08:55,-8.853239263,3.383144644,-2.701516764
2026-03-02 18:09:05,-9.004607280,3.458319920,-2.483309282
2026-03-02 18:09:15,-8.854062033,3.329090012,-2.762723590
2026-03-02 18:09:25,-8.801851486,3.144696366,-2.681392849
2026-03-02 18:09:35,-8.807595208,3.045842166,-2.703672419
2026-03-02 18:09:45,-8.983515002,3.022294685,-2.963760266
2026-03-02 18:09:55,-9.007628625,3.077930873,-2.759049082
2026-03-02 18:10:05,-8.965941914,2.575883744,-2.674905264
2026-03-02 18:10:15,-8.980133553,3.023483439,-2.714643488
2026-03-02 18:10:25,-8.729864052,3.352291635,-2.870987912
2026-03-02 18:10:35,-8.594037146,3.227620164,-2.919700593
2026-03-02 18:10:45,-8.559391862,3.274982047,-2.903653888
2026-03-02 18:10:55,-8.773020377,3.603345538,-2.847954489
2026-03-02 18:11:05,-8.648993906,3.639909874,-2.409554013
2026-03-02 18:11:15,-8.927811445,3.759735520,-2.287003658
2026-03-02 18:11:25,-8.760768811,4.068632760,-2.238259684
2026-03-02 18:11:35,-8.660138088,3.710970434,-2.758028993
2026-03-02 18:11:45,-9.018539278,3.502949954,-2.526770397
2026-03-02 18:11:55,-8.779542861,3.655844732,-2.835102519
2026-03-02 18:12:05,-8.737936898,3.730873874,-2.560726468
2026-03-02 18:12:15,-8.870484598,3.431932982,-2.664580870
2026-03-02 18:12:25,-8.477038747,3.518658827,-2.988072489
2026-03-02 18:12:35,-8.746848746,3.864201174,-3.093297748
2026-03-02 18:12:45,-8.617537712,3.176120237,-3.070269687
2026-03-02 18:12:55,-8.639900967,2.907643102,-3.229047794
2026-03-02 18:13:05,-8.724056594,3.222521083,-3.631889550
2026-03-02 18:13:15,-8.812579176,3.250068840,-3.207410690
2026-03-02 18:13:25,-8.549020145,3.355220113,-2.789630649
2026-03-02 18:13:35,-8.795896141,2.964740464,-3.148253835
2026-03-02 18:13:45,-8.725478499,2.848276929,-2.939548714
2026-03-02 18:13:55,-8.874587025,3.141504811,-3.074225368
2026-03-02 18:14:05,-8.800354478,3.125459683,-3.224698083
2026-03-02 18:14:15,-8.702225042,3.181354661,-3.092429723
2026-03-02 18:14:25,-8.579660718,2.977736666,-3.171371473
2026-03-02 18:14:35,-8.648267895,3.077222944,-3.396041305
2026-03-02 18:14:45,-8.848286990,3.241828717,-3.280418360
2026-03-02 18:14:55,-8.462010552,3.280878601,-3.861742754
2026-03-02 18:15:05,-8.637141219,3.091019229,-3.445614860
2026-03-02 18:15:15,-8.875201536,3.192990525,-3.399021659
2026-03-02 18:15:25,-8.575628335,3.259655593,-3.284094621
2026-03-02 18:15:35,-8.485545375,3.189321672,-3.440375809
2026-03-02 18:15:45,-8.609844787,2.999331595,-3.704573026
2026-03-02 18:15:55,-8.546256611,3.099730559,-3.542596164
2026-03-02 18:16:05,-8.843348888,3.075531106,-3.402157160
2026-03-02 18:16:15,-8.356707176,2.723284262,-3.942520830
2026-03-02 18:16:25,-8.469337117,2.808879875,-3.996411847
2026-03-02 18:16:35,-8.387631377,2.791555139,-3.588579126
2026-03-02 18:16:45,-8.695468185,2.655185743,-3.592880847
2026-03-02 18:16:55,-8.924599155,2.427057768,-3.505571910
2026-03-02 18:17:05,-8.848282776,2.661570337,-3.453592010
2026-03-02 18:17:15,-8.822682974,2.439908519,-3.293489626
2026-03-02 18:17:25,-8.657017089,2.516384248,-3.618210757
2026-03-02 18:17:35,-8.904336023,2.397989670,-3.660949533
2026-03-02 18:17:45,-8.623883267,2.468440934,-3.520225276
2026-03-02 18:17:55,-8.498137638,2.639806173,-3.980263142
2026-03-02 18:18:05,-8.437189444,2.435539720,-4.086893236
2026-03-02 18:18:15,-8.680507464,2.407612819,-4.386916265
2026-03-02 18:18:25,-8.281761740,2.283276187,-4.402163440
2026-03-02 18:18:35,-8.450065971,2.173643690,-4.262913478
2026-03-02 18:18:45,-8.406425512,2.233051250,-4.350692500
2026-03-02 18:18:55,-8.817741443,1.926105269,-4.483979291
2026-03-02 18:19:05,-8.607752083,1.580888018,-4.454736430
2026-03-02 18:19:15,-8.761837790,1.727724014,-4.485316250
2026-03-02 18:19:25,-8.417138173,2.454302369,-4.462761065
2026-03-02 18:19:35,-8.402883896,2.167921429,-4.506517971
2026-03-02 18:19:45,-8.637415913,2.162448969,-4.421551848
2026-03-02 18:19:55,-8.553865676,1.947956944,-4.497989086
2026-03-02 18:20:05,-8.683427237,1.840196506,-4.086742402
2026-03-02 18:20:15,-8.339860615,1.852392965,-4.570713214
2026-03-02 18:20:25,-8.706770483,1.971626599,-4.183478110
2026-03-02 18:20:35,-8.665160983,2.312413169,-4.065449890
2026-03-02 18:20:45,-8.785354991,2.293341959,-3.984907754
2026-03-02 18:20:55,-8.615424466,1.772787751,-3.997524978
2026-03-02 18:21:05,-8.661076498,1.773832838,-4.115029106
2026-03-02 18:21:15,-8.761182502,1.943286546,-4.051551225
2026-03-02 18:21:25,-8.752192145,1.993633081,-3.796706933
2026-03-02 18:21:35,-8.787706880,1.929019314,-3.940861254
2026-03-02 18:21:45,-8.770558131,1.831584617,-3.962968534
2026-03-02 18:21:55,-8.873844324,2.624196838,-3.918111670
2026-03-02 18:22:05,-8.596546371,2.408164811,-4.402269671
2026-03-02 18:22:15,-8.617972401,1.962762211,-4.574321223
2026-03-02 18:22:25,-8.217089568,2.489709465,-4.381925348
2026-03-02 18:22:35,-8.305887159,2.020668220,-4.656634297
2026-03-02 18:22:45,-8.412463911,2.069007473,-4.300361875
2026-03-02 18:22:55,-8.386290339,2.085440890,-4.362755369
2026-03-02 18:23:05,-8.558804322,1.977160579,-4.377210295
2026-03-02 18:23:15,-8.419792639,1.818123847,-4.505033516
2026-03-02 18:23:25,-8.398305260,2.427257645,-4.444877661
2026-03-02 18:23:35,-8.590670056,1.889020380,-4.339631084
2026-03-02 18:23:45,-8.244089073,2.115345649,-4.389113764
2026-03-02 18:23:55,-8.394737099,2.309282725,-4.120649931
2026-03-02 18:24:05,-8.636200506,2.213229707,-4.356213271
2026-03-02 18:24:15,-8.394959797,2.075475300,-4.342961893
2026-03-02 18:24:25,-8.369856748,2.228492520,-4.035213976
2026-03-02 18:24:35,-8.866886719,2.583498234,-4.352365288
2026-03-02 18:24:45,-8.346167291,2.780087827,-3.940800773
2026-03-02 18:24:55,-8.283828129,2.994610930,-4.141623613
2026-03-02 18:25:05,-8.723471333,2.418479171,-4.136934501
2026-03-02 18:25:15,-8.569351596,2.440306315,-4.182757911
2026-03-02 18:25:25,-8.557972247,2.602058264,-4.288578675
2026-03-02 18:25:35,-8.692736862,2.394594470,-4.109656031
2026-03-02 18:25:45,-8.494480609,2.508005541,-4.540012079
2026-03-02 18:25:55,-8.532885779,2.628621240,-3.767764948
2026-03-02 18:26:05,-8.841264288,2.837291482,-3.248672097
2026-03-02 18:26:15,-8.682680965,2.725421839,-3.810168228
2026-03-02 18:26:25,-8.316883740,2.604955127,-4.053720854
2026-03-02 18:26:35,-8.539433130,2.303131438,-3.872473104
2026-03-02 18:26:45,-8.625586986,2.473141276,-4.143696274
2026-03-02 18:26:55,-8.713485276,2.507816067,-3.951968529
2026-03-02 18:27:05,-8.517779317,2.406148140,-4.124716338
2026-03-02 18:27:15,-8.603593407,2.515187761,-4.291523142
2026-03-02 18:27:25,-8.196413440,2.624487798,-4.430481422
2026-03-02 18:27:35,-8.475499239,2.274714488,-4.942156943
2026-03-02 18:27:45,-8.413522590,2.160001792,-4.968600846
2026-03-02 18:27:55,-8.187938020,2.348520617,-4.474515050
2026-03-02 18:28:05,-8.305444109,2.247082302,-4.943855303
2026-03-02 18:28:15,-7.928506955,2.541853798,-5.045190323
2026-03-02 18:28:25,-7.923509333,2.526166198,-4.706707561
2026-03-02 18:28:35,-7.707942433,2.313629955,-5.077462057
2026-03-02 18:28:45,-8.200524093,1.832032449,-5.035825283
2026-03-02 18:28:55,-8.314105642,1.874796875,-5.011300915
2026-03-02 18:29:05,-7.890047067,1.959455408,-5.377320337
2026-03-02 18:29:15,-8.097490944,1.632470961,-5.525435364
2026-03-02 18:29:25,-8.117705928,1.837924098,-5.364949727
2026-03-02 18:29:35,-7.906176296,1.886074625,-5.026359720
2026-03-02 18:29:45,-7.933767563,1.768104807,-5.374714676
2026-03-02 18:29:55,-7.990078670,2.025357085,-5.155676929
2026-03-02 18:30:05,-8.156802546,1.893491243,-5.267204628
2026-03-02 18:30:15,-7.943937961,2.462965060,-5.163394310
2026-03-02 18:30:25,-8.269048243,2.172136417,-5.492438019
2026-03-02 18:30:35,-8.169041935,2.040790052,-5.039341462
2026-03-02 18:30:45,-7.992379120,1.929504099,-5.217633908
2026-03-02 18:30:55,-7.999067638,2.205842945,-5.660908872
2026-03-02 18:31:05,-8.191407930,1.659542614,-5.407639837
2026-03-02 18:31:15,-8.095489530,2.023871542,-5.305068071
2026-03-02 18:31:25,-8.110953244,2.104994733,-5.331503797
2026-03-02 18:31:35,-8.052741375,2.324125990,-5.200260149
2026-03-02 18:31:45,-7.838825827,2.127241354,-5.429215467
2026-03-02 18:31:55,-3.367655518,8.482772235,3.634419813
2026-03-02 18:32:05,-0.265583139,9.549363339,2.167274101
2026-03-02 18:32:15,-0.056355809,3.447669413,9.249199986
2026-03-02 18:32:25,-3.598282429,1.868320824,9.029395772
2026-03-02 18:32:35,-0.885149025,0.197197096,9.717329056
2026-03-02 18:32:45,-1.938977630,6.357248136,7.321554576
2026-03-02 18:32:55,-1.385272393,9.375739047,2.456013921
2026-03-02 18:33:05,1.936519253,9.512861113,-0.643006492
2026-03-02 18:33:15,0.341985035,9.421999998,2.868443210
2026-03-02 18:33:25,1.014430659,9.320931620,2.876732254
2026-03-02 18:33:35,2.998412361,9.041683792,2.469654943
2026-03-02 18:33:45,2.392302663,9.109253134,2.392009545
2026-03-02 18:33:55,4.403781456,8.854296958,-0.110445972
2026-03-02 18:34:05,4.592836946,8.594670119,0.417660186
2026-03-02 18:34:15,4.392042859,8.694023305,-1.262906958
2026-03-02 18:34:25,6.239675060,7.049641360,2.694834162
2026-03-02 18:34:35,4.509745221,7.957154032,3.849405660
2026-03-02 18:34:45,-2.144027166,9.454249331,0.889414858
2026-03-02 18:34:55,3.400674217,8.361806261,-3.760488662
2026-03-02 18:35:05,2.482981577,9.083674443,-3.124618739
2026-03-02 18:35:15,-2.247766788,8.303837316,-4.734073178
2026-03-02 18:35:25,-2.035477092,7.731459156,-5.516869309
2026-03-02 18:35:35,-2.300311973,9.121163977,-2.792281675
2026-03-02 18:35:45,-5.035912539,8.308087496,1.256737583
2026-03-02 18:35:55,-6.213249104,7.541739440,0.035575022
2026-03-02 18:36:05,-5.790670735,7.610902815,1.973715765
2026-03-02 18:36:15,-7.077097124,6.731319202,0.972456009
2026-03-02 18:36:25,-7.305614346,5.944808502,-2.680118017
2026-03-02 18:36:35,-5.677683922,7.727815845,-2.127792685
2026-03-02 18:36:45,-5.787331148,6.613715593,-4.274200793
2026-03-02 18:36:55,-5.455966760,7.375853343,-3.411018647
2026-03-02 18:37:05,-5.163486047,7.594318402,-3.567380363
2026-03-02 18:37:15,-6.544021212,6.535013506,-3.187127511
2026-03-02 18:37:25,-6.009888670,5.260620500,-5.750673293
2026-03-02 18:37:35,-6.409661040,5.629132673,-4.797501129
2026-03-02 18:37:45,-6.346090281,5.651478906,-4.894336521
2026-03-02 18:37:55,-5.057927452,7.090408398,-4.402089237
2026-03-02 18:38:05,-5.081984448,6.258466529,-5.474305998
2026-03-02 18:38:15,-4.249654944,7.075017828,-5.370262648
2026-03-02 18:38:25,-5.533406089,5.590403447,-5.980307123
2026-03-02 18:38:35,-6.220279068,5.709179676,-4.996427342
2026-03-02 18:38:45,-6.002187390,6.716055611,-3.896668338
2026-03-02 18:38:55,-6.672742331,5.869395467,-4.381396431
2026-03-02 18:39:05,-6.306317933,5.320248001,-5.255053436
2026-03-02 18:39:15,-6.202670424,5.756947402,-5.115563049
2026-03-02 18:39:25,-5.862144737,4.495628284,-6.377830402
2026-03-02 18:39:35,-6.068446442,5.132739836,-5.726905651
2026-03-02 18:39:45,-6.372484321,5.484417681,-5.094160558
2026-03-02 18:39:55,-6.333641352,5.128144637,-5.524167942
2026-03-02 18:40:05,-5.766647027,5.552015479,-5.565183698
2026-03-02 18:40:15,-5.316362636,5.995586405,-5.714496613
2026-03-02 18:40:25,-5.254994590,6.804397291,-4.676834322
2026-03-02 18:40:35,-4.654782738,7.954259575,-3.430941279
2026-03-02 18:40:45,-5.550082155,6.979860540,-3.937492644
2026-03-02 18:40:55,-6.099363812,6.580942464,-4.061657122
2026-03-02 18:41:05,-5.774161078,6.906602497,-3.835545163
2026-03-02 18:41:15,-5.366634484,7.374076445,-3.680391403
2026-03-02 18:41:25,-4.482953552,8.060213160,-3.483569234
2026-03-02 18:41:35,-5.180645409,7.643827588,-3.374127815
2026-03-02 18:41:45,-6.034871175,6.817530323,-3.700667642
2026-03-02 18:41:55,-5.726939262,6.898333737,-4.138193325
2026-03-02 18:42:05,-6.568932652,5.332461208,-4.934714696
2026-03-02 18:42:15,-6.486726560,6.115128669,-4.038096190
2026-03-02 18:42:25,-6.969040869,5.481368938,-4.300637481
2026-03-02 18:42:35,-7.521252879,4.919816356,-3.830578066
2026-03-02 18:42:45,-5.943792986,5.759631862,-5.168611351
2026-03-02 18:42:55,-4.504513616,6.636048096,-5.843632569
2026-03-02 18:43:05,-4.772209354,6.757641694,-5.260536515
2026-03-02 18:43:15,-4.486495137,7.313960082,-4.710540481
2026-03-02 18:43:25,-6.398851649,6.518086142,-3.835590998
2026-03-02 18:43:35,-6.377019786,5.920816134,-4.483260780
2026-03-02 18:43:45,-7.152438317,6.258304551,-2.532048045
2026-03-02 18:43:55,-7.136984730,5.541373064,-3.816344325
2026-03-02 18:44:05,-8.391374656,3.824622463,-3.172084130
2026-03-02 18:44:15,-8.737432679,3.734731398,-2.247008678
2026-03-02 18:44:25,-7.937980341,4.569160255,-3.060811992
2026-03-02 18:44:35,-7.576443543,4.622071779,-4.216594343
2026-03-02 18:44:45,-7.415438656,4.529090040,-4.314764544
2026-03-02 18:44:55,-8.671606217,1.156336652,-4.337622193
2026-03-02 18:45:05,-6.621850890,3.374662999,-6.313904457
2026-03-02 18:45:15,-5.661746925,7.006504306,-4.113391192
2026-03-02 18:45:25,-5.997305305,7.160100925,-2.908562020
2026-03-02 18:45:35,-6.646601508,6.994592297,-1.622240965
2026-03-02 18:45:45,-6.014679740,7.666439400,-0.118090084
2026-03-02 18:45:55,-4.525191449,8.714601219,0.227708001
2026-03-02 18:46:05,-1.092136737,9.805627628,-0.031602989
2026-03-02 18:46:15,-0.418551754,9.478134473,2.647872004
2026-03-02 18:46:25,1.983235439,9.627122920,0.728768714
2026-03-02 18:46:35,2.503880406,9.299458375,2.278137628
2026-03-02 18:46:45,2.389063042,9.465022941,0.814136220
2026-03-02 18:46:55,-0.930891982,9.687982010,1.416736225
2026-03-02 18:47:05,-0.375039539,9.295664199,2.964553821
2026-03-02 18:47:15,0.380893711,8.734181420,4.606836185
2026-03-02 18:47:25,-0.350177203,8.507156811,5.007771042
2026-03-02 18:47:35,-2.093196236,8.211987129,4.942166889
2026-03-02 18:47:45,-2.403962571,7.901156085,5.417159686
2026-03-02 18:47:55,-1.889779439,7.607173516,5.930597911
2026-03-02 18:48:05,-3.211435606,7.300723006,5.583661157
2026-03-02 18:48:15,-3.164265765,8.134335100,4.428110710
2026-03-02 18:48:25,-2.565726274,8.187117280,4.744585058
2026-03-02 18:48:35,0.515400418,8.288168218,5.283903293
2026-03-02 18:48:45,0.809181472,8.020935576,5.424424148
2026-03-02 18:48:55,2.714419602,8.225260505,4.440294878
2026-03-02 18:49:05,2.203573120,8.481678132,4.395930496
2026-03-02 18:49:15,2.971993064,8.606268155,3.786651408
2026-03-02 18:49:25,2.685130998,9.148373524,1.891744076
2026-03-02 18:49:35,2.011784732,9.636926064,0.797205906
2026-03-02 18:49:45,2.293949498,9.312938184,-2.165673356
2026-03-02 18:49:55,3.533907033,9.041783942,-1.711458812
2026-03-02 18:50:05,3.405652277,8.193688303,-4.120983319
2026-03-02 18:50:15,3.743773699,7.418529125,-5.234807690
2026-03-02 18:50:25,2.734261993,5.860766734,-7.395714253
2026-03-02 18:50:35,0.603977635,6.364773700,-7.533729190
2026-03-02 18:50:45,-0.411271685,7.609769095,-6.121585149
2026-03-02 18:50:55,0.291170057,7.814716727,-5.896772546
2026-03-02 18:51:05,0.789247051,6.401370636,-7.320934144
2026-03-02 18:51:15,0.645108055,5.614956199,-8.025359337
2026-03-02 18:51:25,-1.182958179,5.279524723,-8.262935371
2026-03-02 18:51:35,1.549429748,5.895133643,-7.645114618
2026-03-02 18:51:45,1.840659118,6.536046962,-7.105591382
2026-03-02 18:51:55,1.018471803,4.628975310,-8.673426818
2026-03-02 18:52:05,1.702815235,2.130965142,-9.449928773
2026-03-02 18:52:15,2.074052896,2.415125581,-9.258067050
2026-03-02 18:52:25,2.193097090,0.641260662,-9.581959760
2026-03-02 18:52:35,1.723855077,-2.388331591,-9.371788999
2026-03-02 18:52:45,1.928518886,-3.550786249,-8.998589449
2026-03-02 18:52:55,2.835915032,-4.446215731,-8.296897265
2026-03-02 18:53:05,1.994316619,-3.262228088,-9.005097603
2026-03-02 18:53:15,2.210968206,-3.765005043,-8.695380117
2026-03-02 18:53:25,2.117058714,-4.786823374,-8.390532152
2026-03-02 18:53:35,2.894597980,-5.012179529,-7.927151366
2026-03-02 18:53:45,2.980544654,-5.094489257,-7.738121009
2026-03-02 18:53:55,2.912871582,-5.607631075,-7.490217184
2026-03-02 18:54:05,2.672632056,-6.371511628,-6.876510269
2026-03-02 18:54:15,0.884124915,-6.581633238,-7.129442689
2026-03-02 18:54:25,1.690446789,-6.634433332,-7.015125364
2026-03-02 18:54:35,2.719987031,-5.768793661,-7.385447220
2026-03-02 18:54:45,3.096346876,-5.989585510,-7.094795418
2026-03-02 18:54:55,2.482063567,-7.506908006,-5.949464225
2026-03-02 18:55:05,3.038567607,-7.847940701,-5.063593786
2026-03-02 18:55:15,3.513316242,-8.269664075,-3.876114683
2026-03-02 18:55:25,3.518922846,-7.816295471,-4.869421255
2026-03-02 18:55:35,3.942504911,-8.038358131,-4.076497831
2026-03-02 18:55:45,3.415897690,-7.991400687,-4.770859724
2026-03-02 18:55:55,3.753979049,-8.375216321,-3.305637799
2026-03-02 18:56:05,5.083743499,-7.570378345,-3.521674175
2026-03-02 18:56:15,5.027562979,-7.767340293,-3.274693157
2026-03-02 18:56:25,5.244027238,-7.742678017,-3.194860732
2026-03-02 18:56:35,5.910580260,-7.069837482,-3.436258214
2026-03-02 18:56:45,5.325177551,-6.858145996,-4.396922597
2026-03-02 18:56:55,5.514054482,-6.579082518,-4.580453290
2026-03-02 18:57:05,4.902949764,-6.831374679,-4.943003858
2026-03-02 18:57:15,4.364093111,-6.400544201,-5.966152538
2026-03-02 18:57:25,4.231336691,-7.329227175,-4.950804484
2026-03-02 18:57:35,3.481468609,-5.892899669,-7.082198464
2026-03-02 18:57:45,2.068370908,-5.971617733,-7.640138644
2026-03-02 18:57:55,2.239667648,-5.111768095,-7.927635182
2026-03-02 18:58:05,3.221469316,-6.070798589,-6.970755216
2026-03-02 18:58:15,2.737663161,-3.953458946,-8.522726803
2026-03-02 18:58:25,-1.603859669,-1.853295679,-9.575122064
2026-03-02 18:58:35,-0.358231853,-1.841367125,-9.634570003
2026-03-02 18:58:45,1.011216283,-2.724290796,-9.427524155
2026-03-02 18:58:55,0.064756762,1.584845013,-9.718541381
2026-03-02 18:59:05,-2.854711966,-0.803418149,-9.380671438
2026-03-02 18:59:15,-4.274090396,-2.400074567,-8.556525210
2026-03-02 18:59:25,-4.191393407,-1.923625080,-8.601846807
2026-03-02 18:59:35,-4.203976372,-1.331448921,-8.796488744
2026-03-02 18:59:45,-5.123598210,0.452077120,-8.442355642
2026-03-02 18:59:55,-4.190242817,1.996965542,-8.610494676
2026-03-02 19:00:05,-3.745589170,3.239663350,-8.507321493
2026-03-02 19:00:15,-4.003394418,3.016084947,-8.479768453
2026-03-02 19:00:25,-3.476242232,3.905087745,-8.336103248
2026-03-02 19:00:35,-2.378393307,4.951797762,-8.102826082
2026-03-02 19:00:45,-1.986503414,4.981162204,-8.090551160
2026-03-02 19:00:55,-2.429585729,4.688718317,-8.256503913
2026-03-02 19:01:05,-3.766714027,3.764131231,-8.224213897
2026-03-02 19:01:15,-4.236546772,4.439608067,-7.666580999
2026-03-02 19:01:25,-3.261249018,3.428571760,-8.502763808
2026-03-02 19:01:35,-2.456628243,3.275478157,-8.921654836
2026-03-02 19:01:45,-2.331812754,1.667304946,-9.287622071
2026-03-02 19:01:55,-3.397570508,0.867508338,-9.240138503
2026-03-02 19:02:05,-4.456136106,-0.248237691,-8.692379175
2026-03-02 19:02:15,-5.222664696,-0.799009166,-8.225083333
2026-03-02 19:02:25,-3.953799640,-0.201570442,-9.039977317
2026-03-02 19:02:35,-4.799383114,-1.500695785,-8.484901666
2026-03-02 19:02:45,-5.744531972,-1.630101140,-7.765099549
2026-03-02 19:02:55,-6.568122960,-1.100082055,-7.279651074
2026-03-02 19:03:05,-6.881441342,-0.790728139,-6.915933780
2026-03-02 19:03:15,-7.402908397,-0.903426231,-6.263685956
2026-03-02 19:03:25,-7.552323056,-1.744314755,-6.111172537
2026-03-02 19:03:35,-7.331879738,-1.616328597,-6.404418202
2026-03-02 19:03:45,-6.812161554,-2.922962036,-6.375943624
2026-03-02 19:03:55,-6.089185007,-3.526966652,-6.825336688
2026-03-02 19:04:05,-7.582656959,-4.000234634,-4.717082942
2026-03-02 19:04:15,-7.910272915,-4.513757361,-3.587675962
2026-03-02 19:04:25,-8.447707849,-4.215545380,-2.646278578
2026-03-02 19:04:35,-8.758716489,-3.774433030,-2.380101122
2026-03-02 19:04:45,-8.825845865,-3.760589276,-2.296184330
2026-03-02 19:04:55,-8.391997900,-4.767891957,-1.809688652
2026-03-02 19:05:05,-8.534642935,-4.122678333,-2.499819677
2026-03-02 19:05:15,-8.815103703,-3.684934000,-2.096981571
2026-03-02 19:05:25,-9.022622661,-2.708961148,-2.987892760
2026-03-02 19:05:35,-8.417504543,-2.825533295,-4.143648199
2026-03-02 19:05:45,-8.833312048,-2.243845360,-3.578563837
2026-03-02 19:05:55,-8.968237387,-1.821468787,-3.586216916
2026-03-02 19:06:05,-8.766575945,-1.330443894,-4.161738233
2026-03-02 19:06:15,-8.619977935,0.004068866,-4.822836012
2026-03-02 19:06:25,-9.132301266,-1.108884595,-3.364960881
2026-03-02 19:06:35,-9.048910933,-1.076744027,-3.738851574
2026-03-02 19:06:45,-9.354201882,-0.933127655,-2.782813830
2026-03-02 19:06:55,-9.277255705,-1.239815507,-2.977956629
2026-03-02 19:07:05,-9.333642949,-0.339845507,-2.951103726
2026-03-02 19:07:15,-9.233728553,1.096640000,-2.845772077
2026-03-02 19:07:25,-9.285347050,0.291869566,-3.040573663
2026-03-02 19:07:35,-9.382894980,-0.126112763,-2.914253263
2026-03-02 19:07:45,-9.780194005,-0.447443453,-0.971901743
2026-03-02 19:07:55,-9.813242211,-0.644416126,-0.229712563
2026-03-02 19:08:05,-9.794238618,-0.154233622,-0.543946440
2026-03-02 19:08:15,-9.444272975,-1.033325507,-2.127844020
2026-03-02 19:08:25,-9.456922793,-1.120945370,-2.294197217
2026-03-02 19:08:35,-9.078685830,-2.592873780,-2.727855340
2026-03-02 19:08:45,-8.839276253,-3.402162065,-2.686837103
2026-03-02 19:08:55,-9.132009570,-3.380911313,-1.263331494
2026-03-02 19:09:05,-9.186727306,-3.213881447,-1.145182308
2026-03-02 19:09:15,-9.442376514,-2.472536376,-0.898533315
2026-03-02 19:09:25,-9.643345951,-1.786344540,-0.559737776
2026-03-02 19:09:35,-9.692670397,-0.762966067,0.041399271
2026-03-02 19:09:45,-9.753149323,-0.905660087,0.141145174
2026-03-02 19:09:55,-9.616989421,-1.550220541,1.403664631
2026-03-02 19:10:05,-9.586178934,-1.077818676,1.554188096
2026-03-02 19:10:15,-9.621371414,-0.287931939,2.164069373
2026-03-02 19:10:25,-9.697591581,-1.158852529,0.986392755
2026-03-02 19:10:35,-9.686226423,-1.035083157,1.292621896
2026-03-02 19:10:45,-9.260643157,-1.869415964,2.448224444
2026-03-02 19:10:55,-9.758691703,-0.637570552,0.921730357
2026-03-02 19:11:05,-9.850655041,0.161400285,-0.085628629
2026-03-02 19:11:15,-9.682595502,0.422662851,-0.890535370
2026-03-02 19:11:25,-9.620720446,1.106222604,-1.517668327
2026-03-02 19:11:35,-9.513241701,1.093107658,-2.134621457
2026-03-02 19:11:45,-9.594601028,0.789566863,-1.313399397
2026-03-02 19:11:55,-9.752289797,1.036786793,-1.044861247
2026-03-02 19:12:05,-9.622199294,1.013664229,-1.499330828
2026-03-02 19:12:15,-9.351618850,2.265438676,-1.886268195
2026-03-02 19:12:25,-9.161918282,2.796859140,-2.210752115
2026-03-02 19:12:35,-9.565666992,2.317687194,-0.761784548
2026-03-02 19:12:45,-9.260889073,3.004479648,-1.517629678
2026-03-02 19:12:55,-9.471823271,2.603491639,-0.983802957
2026-03-02 19:13:05,-8.973109204,3.845437304,-1.043745955
2026-03-02 19:13:15,-9.109825318,3.474437706,-0.850522150
2026-03-02 19:13:25,-9.336035816,2.882556248,-0.834860978
2026-03-02 19:13:35,-8.830493688,4.174451547,-0.802805181
2026-03-02 19:13:45,-8.762518574,4.264268469,-0.877881648
2026-03-02 19:13:55,-8.363784232,4.826147229,-1.832700511
2026-03-02 19:14:05,-8.695515175,4.364890079,-1.456955587
2026-03-02 19:14:15,-9.024512789,3.843266053,-0.401050443
2026-03-02 19:14:25,-8.736235956,4.132227930,-1.250545812
2026-03-02 19:14:35,-8.217113085,5.114160433,-2.121947160
2026-03-02 19:14:45,-8.536657010,4.348322409,-2.025514969
2026-03-02 19:14:55,-8.656596725,3.703728651,-2.350504385
2026-03-02 19:15:05,-9.076737486,2.860359308,-2.239401194
2026-03-02 19:15:15,-8.429247653,4.284253935,-2.637931253
2026-03-02 19:15:25,-8.361309342,4.381060674,-2.764697985
2026-03-02 19:15:35,-8.108107740,4.557349937,-3.060655775
2026-03-02 19:15:45,-8.257727845,4.556010742,-2.747837549
2026-03-02 19:15:55,-8.597273289,4.141691307,-2.252171510
2026-03-02 19:16:05,-8.686449701,3.093472326,-3.281147716
2026-03-02 19:16:15,-9.102358116,2.454310465,-2.911244791
2026-03-02 19:16:25,-9.075199004,1.932132981,-2.972787803
2026-03-02 19:16:35,-8.633592582,2.979267000,-3.678078394
2026-03-02 19:16:45,-8.361584663,3.747170117,-3.302945067
2026-03-02 19:16:55,-8.010155400,4.184122013,-4.040309831
2026-03-02 19:17:05,-7.972201194,4.702947350,-3.044712511
2026-03-02 19:17:15,-8.453984701,4.098355517,-2.881365645
2026-03-02 19:17:25,-8.818812530,3.768017317,-2.097457384
2026-03-02 19:17:35,-8.523410051,4.369234670,-2.295686541
2026-03-02 19:17:45,-8.840498424,3.735441521,-2.360922213
2026-03-02 19:17:55,-8.904805224,3.054447934,-2.522436358
2026-03-02 19:18:05,-9.165630457,2.931202291,-1.966013225
2026-03-02 19:18:15,-9.148976202,2.480778106,-2.563412759
2026-03-02 19:18:25,-8.650863860,2.682244269,-3.766951778
2026-03-02 19:18:35,-8.908527375,2.513032474,-3.093411933
2026-03-02 19:18:45,-8.685571812,2.686461653,-3.563565181
2026-03-02 19:18:55,-9.125935230,1.643834534,-3.345782275
2026-03-02 19:19:05,-8.764365020,2.083519816,-3.914754582
2026-03-02 19:19:15,-8.211799563,4.135455399,-3.419963705
2026-03-02 19:19:25,-7.962043872,4.432324201,-3.711772105
2026-03-02 19:19:35,-7.421507826,5.105640132,-3.951391434
2026-03-02 19:19:45,-7.726083432,4.711137909,-3.555008332
2026-03-02 19:19:55,-7.351567863,5.391752598,-3.533726158
2026-03-02 19:20:05,-7.383751343,5.384632130,-3.547659749
2026-03-02 19:20:15,-7.490268358,4.450772658,-4.593482541
2026-03-02 19:20:25,-7.201472351,3.390656729,-5.783016094
2026-03-02 19:20:35,-6.134853339,0.916375346,-7.588565560
2026-03-02 19:20:45,-7.720139913,0.911046668,-5.926222948
2026-03-02 19:20:55,-7.133291243,0.606863327,-6.839839693
2026-03-02 19:21:05,-7.117985264,0.152777152,-6.708269611
2026-03-02 19:21:15,-6.977662304,0.054339291,-6.994019676
2026-03-02 19:21:25,-7.858647984,-0.620813897,-5.963293501
2026-03-02 19:21:35,-7.916895387,-0.491653803,-5.812226998
2026-03-02 19:21:45,-8.787706169,-0.846462364,-4.152580593
2026-03-02 19:21:55,-8.087968452,0.534360342,-5.377691673
2026-03-02 19:22:05,-8.300370202,-0.199602170,-5.243508776
2026-03-02 19:22:15,-7.079818286,-0.077492675,-6.762529553
2026-03-02 19:22:25,-7.444597076,-0.045585205,-6.292623275
2026-03-02 19:22:35,-8.366711771,-1.475211022,-4.843435993
2026-03-02 19:22:45,-8.477209027,-2.949931219,-4.124166274
2026-03-02 19:22:55,-7.819039507,-4.672601984,-3.724621558
2026-03-02 19:23:05,-8.501078276,-4.137752166,-2.645236879
2026-03-02 19:23:15,-8.220771267,-3.831385031,-3.704066374
2026-03-02 19:23:25,-7.805672411,-5.252205519,-3.021433437
2026-03-02 19:23:35,-8.119745747,-4.894981602,-2.781071825
2026-03-02 19:23:45,-8.036022136,-4.585759508,-3.393240152
2026-03-02 19:23:55,-8.132693032,-4.563978035,-2.990245887
2026-03-02 19:24:05,-8.235019375,-4.925940087,-2.149179529
2026-03-02 19:24:15,-7.199067492,-6.473958677,-1.817099695
2026-03-02 19:24:25,-7.316295045,-6.021476514,-2.342435437
2026-03-02 19:24:35,-6.006365671,-7.575293243,-1.574680165
2026-03-02 19:24:45,-5.507932833,-8.036559742,-1.445816392
2026-03-02 19:24:55,-6.701972131,-6.993461923,-1.460105055
2026-03-02 19:25:05,-6.720114797,-7.032264421,-0.814346809
2026-03-02 19:25:15,-5.731304513,-8.005083401,-0.713146317
2026-03-02 19:25:25,-6.749094011,-6.909837607,-1.105995676
2026-03-02 19:25:35,-6.256544175,-7.659343579,0.027320644
2026-03-02 19:25:45,-6.365209766,-7.475375589,0.217483826
2026-03-02 19:25:55,-5.894945016,-8.010791023,0.321053223
2026-03-02 19:26:05,-5.626182471,-7.950926043,-0.498010672
2026-03-02 19:26:15,-5.718685256,-7.803061559,-1.959676062
2026-03-02 19:26:25,-5.510379192,-7.908379669,-1.749179392
2026-03-02 19:26:35,-5.623704086,-7.748080429,-2.017782517
2026-03-02 19:26:45,-5.226896836,-8.097968979,-1.645364848
2026-03-02 19:26:55,-5.341371143,-8.174816300,-1.032136071
2026-03-02 19:27:05,-5.509899701,-7.932485103,-1.873209236
2026-03-02 19:27:15,-5.618884951,-7.875753449,-1.754732345
2026-03-02 19:27:25,-5.977943940,-7.695328407,-0.819167090
2026-03-02 19:27:35,-5.764814005,-7.786690249,-1.180478879
2026-03-02 19:27:45,-6.057451823,-7.742468564,-1.547686167
2026-03-02 19:27:55,-6.001959000,-7.565126591,-1.645004767
2026-03-02 19:28:05,-5.626451565,-7.836008090,-1.992657021
2026-03-02 19:28:15,-5.202055483,-8.105744248,-2.036973452
2026-03-02 19:28:25,-5.028191511,-7.956177327,-2.528885197
2026-03-02 19:28:35,-5.265552615,-7.932368782,-2.252597084
2026-03-02 19:28:45,-5.742499634,-7.714075606,-2.243068233
2026-03-02 19:28:55,-6.039696925,-7.120629213,-2.904201427
2026-03-02 19:29:05,-6.106804830,-7.366562386,-2.275020114
2026-03-02 19:29:15,-6.091366570,-7.250628730,-2.528209893
2026-03-02 19:29:25,-5.986639492,-7.240228393,-3.012287470
2026-03-02 19:29:35,-5.634536529,-7.436251799,-2.720371976
2026-03-02 19:29:45,-5.850019868,-7.065568109,-3.417634076
2026-03-02 19:29:55,-5.601244684,-7.320286895,-3.201987075
2026-03-02 19:30:05,-5.485524848,-7.673895657,-2.835034941
2026-03-02 19:30:15,-5.509897869,-7.671366948,-2.903403712
2026-03-02 19:30:25,-5.561518405,-7.528959770,-3.113394482
2026-03-02 19:30:35,-5.875970508,-7.261856875,-3.112808283
2026-03-02 19:30:45,-5.966225530,-7.063802301,-3.427760871
2026-03-02 19:30:55,-5.860053345,-7.098773262,-3.496169349
2026-03-02 19:31:05,-5.551581999,-7.315993224,-3.388541318
2026-03-02 19:31:15,-5.313940056,-7.597689085,-3.154095697
2026-03-02 19:31:25,-5.486019776,-7.668094874,-2.846046376
2026-03-02 19:31:35,-5.587246077,-7.610661449,-2.696950033
2026-03-02 19:31:45,-5.709008420,-7.667576376,-2.219968581
2026-03-02 19:31:55,-5.623392275,-7.545908779,-2.671474080
2026-03-02 19:32:05,-5.651929845,-7.480726026,-2.807708545
2026-03-02 19:32:15,-5.633562996,-7.442829285,-2.901708189
2026-03-02 19:32:25,-5.508664038,-7.606341409,-2.896053080
2026-03-02 19:32:35,-5.492504106,-7.645266879,-2.927410175
2026-03-02 19:32:45,-4.783246177,-7.873890289,-3.463308545
2026-03-02 19:32:55,-5.236158866,-7.746496643,-3.002377098
2026-03-02 19:33:05,-5.234359656,-7.756120538,-2.764593439
2026-03-02 19:33:15,-5.397017973,-7.662508418,-2.831934077
2026-03-02 19:33:25,-5.850982834,-7.294164401,-3.094483675
2026-03-02 19:33:35,-5.771119642,-7.595310220,-2.393196961
2026-03-02 19:33:45,-5.879840416,-7.403061650,-2.460053420
2026-03-02 19:33:55,-6.270002782,-7.195742229,-2.003343737
2026-03-02 19:34:05,-6.488071227,-6.948724781,-2.365403272
2026-03-02 19:34:15,-6.099306082,-7.306402893,-2.568000346
2026-03-02 19:34:25,-6.116875793,-7.221081341,-2.632767065
2026-03-02 19:34:35,-6.207643561,-7.058879367,-2.659946901
2026-03-02 19:34:45,-6.336250470,-7.008950655,-2.699595494
2026-03-02 19:34:55,-6.339176419,-7.119509947,-2.614582526
2026-03-02 19:35:05,-6.510888638,-6.792900537,-2.791942899
2026-03-02 19:35:15,-6.770195710,-6.462575907,-2.864577031
2026-03-02 19:35:25,-6.836837313,-6.578747684,-2.556539806
2026-03-02 19:35:35,-7.298877904,-6.161869966,-1.752232109
2026-03-02 19:35:45,-7.080817456,-6.564470471,-1.795423649
2026-03-02 19:35:55,-6.882212993,-6.654893218,-2.040340946
2026-03-02 19:36:05,-6.985535262,-6.396220832,-2.373922322
2026-03-02 19:36:15,-6.900538869,-6.384359137,-2.558100558
2026-03-02 19:36:25,-6.912188817,-6.283848505,-2.596123877
2026-03-02 19:36:35,-7.260242631,-5.938684900,-2.838722958
2026-03-02 19:36:45,-6.994251090,-6.092836819,-3.216740381
2026-03-02 19:36:55,-7.196587534,-5.910139977,-2.977892875
2026-03-02 19:37:05,-7.162504462,-5.826198164,-3.178742870
2026-03-02 19:37:15,-7.350492957,-5.662073945,-3.115779439
2026-03-02 19:37:25,-7.469786435,-5.481941581,-3.284816434
2026-03-02 19:37:35,-7.373303635,-5.759091843,-3.013330142
2026-03-02 19:37:45,-7.221542948,-5.848867398,-3.096887298
2026-03-02 19:37:55,-0.346231132,-7.078055033,6.575190902
2026-03-02 19:38:05,4.378171941,-7.773190092,4.379586535
2026-03-02 19:38:15,7.544566583,-6.253320801,-0.367365493
2026-03-02 19:38:25,6.703494766,-7.335527733,-0.151204651
2026-03-02 19:38:35,6.629062996,-3.436918637,-6.089214823
2026-03-02 19:38:45,4.647381022,-8.558578554,0.375671089
2026-03-02 19:38:55,4.508332839,-8.572670123,1.280456180
2026-03-02 19:39:05,5.365642824,-7.998192336,-1.114180567
2026-03-02 19:39:15,2.659490146,-9.410124821,-0.551154302
2026-03-02 19:39:25,3.755196498,-8.998424906,2.173943224
2026-03-02 19:39:35,4.811318364,-8.404472469,0.998740837
2026-03-02 19:39:45,3.337079128,-9.303141741,0.891493308
2026-03-02 19:39:55,3.198388451,-9.385410146,-0.482990837
2026-03-02 19:40:05,3.842171696,-8.985515176,1.109252615
2026-03-02 19:40:15,4.472253177,-8.214664676,2.049026457
2026-03-02 19:40:25,4.577240651,-8.723981197,1.517325079
2026-03-02 19:40:35,5.303547236,-7.474022469,3.169804364
2026-03-02 19:40:45,3.532697668,-8.116723082,4.672781156
2026-03-02 19:40:55,1.102360768,-8.494804476,5.077403048
2026-03-02 19:41:05,1.588870717,-8.073789044,5.284112350
2026-03-02 19:41:15,3.171356057,-9.201099435,0.804617977
2026-03-02 19:41:25,1.561736074,-9.272779159,2.439942789
2026-03-02 19:41:35,3.064894771,-9.039888906,2.523154436
2026-03-02 19:41:45,2.920810127,-8.226705406,4.682718911
2026-03-02 19:41:55,1.491815866,-6.935401198,6.617487987
2026-03-02 19:42:05,3.885470770,-8.226654189,3.823472452
2026-03-02 19:42:15,1.189399923,-8.864068711,4.062252620
2026-03-02 19:42:25,0.996186915,-9.380234348,2.534253689
2026-03-02 19:42:35,1.163090268,-9.037297290,3.194058473
2026-03-02 19:42:45,-0.164625720,-9.495507153,1.918422060
2026-03-02 19:42:55,-1.206823958,-9.656540905,0.092502638
2026-03-02 19:43:05,-1.389153523,-9.295037265,3.044302087
2026-03-02 19:43:15,1.080143203,-9.079843990,3.467613729
2026-03-02 19:43:25,0.854073848,-7.510368242,5.857636825
2026-03-02 19:43:35,-0.391610319,-8.812555529,4.258434476
2026-03-02 19:43:45,0.627017280,-8.568898491,4.198304320
2026-03-02 19:43:55,1.576256503,-6.997231039,6.470075627
2026-03-02 19:44:05,2.542075816,-6.316874677,7.082824293
2026-03-02 19:44:15,4.288442768,-5.690260497,6.587206218
2026-03-02 19:44:25,5.627134414,-4.719767837,6.513683308
2026-03-02 19:44:35,5.550820198,-4.872440950,6.115151920
2026-03-02 19:44:45,5.510252674,-5.360744460,5.811848544
2026-03-02 19:44:55,5.917410706,-5.798262628,5.159809612
2026-03-02 19:45:05,6.267747194,-4.976878726,5.447756278
2026-03-02 19:45:15,5.883537559,-5.496493208,5.793292910
2026-03-02 19:45:25,5.077520997,-4.975229115,6.681829695
2026-03-02 19:45:35,4.959136014,-5.339530595,6.561927715
2026-03-02 19:45:45,4.502781508,-5.821628830,6.554442148
2026-03-02 19:45:55,3.036541916,-6.484402565,6.622204363
2026-03-02 19:46:05,3.797698145,-5.288721738,7.171159282
2026-03-02 19:46:15,3.306260945,-4.966683186,7.787733741
2026-03-02 19:46:25,3.315749495,-4.301471841,8.036897136
2026-03-02 19:46:35,3.079590606,-4.971301774,7.668266092
2026-03-02 19:46:45,1.646256696,-6.076949504,7.596591672
2026-03-02 19:46:55,2.024662810,-4.782548669,8.275445857
2026-03-02 19:47:05,2.485597062,-4.541082073,8.242757546
2026-03-02 19:47:15,3.234542273,-4.540885907,7.884332679
2026-03-02 19:47:25,3.144738215,-5.555234283,7.479972310
2026-03-02 19:47:35,3.057078643,-6.384610272,6.762040627
2026-03-02 19:47:45,3.182283804,-6.061783884,7.347917633
2026-03-02 19:47:55,2.535862990,-6.120177388,7.333262699
2026-03-02 19:48:05,3.645402271,-5.771400365,7.207267312
2026-03-02 19:48:15,3.415790467,-6.348550947,6.479972944
2026-03-02 19:48:25,4.696734926,-5.786830845,6.134227152
2026-03-02 19:48:35,5.528263926,-5.712620967,5.816775134
2026-03-02 19:48:45,5.079690818,-5.561847089,6.143824192
2026-03-02 19:48:55,4.650366890,-5.685039603,6.382521262
2026-03-02 19:49:05,5.647708406,-4.735381993,6.398565647
2026-03-02 19:49:15,5.596686579,-4.262849409,7.016763772
2026-03-02 19:49:25,5.184068308,-3.635725240,7.356160906
2026-03-02 19:49:35,6.340413156,-3.348430518,7.080662058
2026-03-02 19:49:45,6.823761871,-3.830546315,6.083000921
2026-03-02 19:49:55,7.095304328,-3.391818202,5.627663603
2026-03-02 19:50:05,6.935546556,-4.582928171,5.072498379
2026-03-02 19:50:15,6.665096024,-4.614412970,5.513174265
2026-03-02 19:50:25,6.960717703,-4.176199783,5.313722226
2026-03-02 19:50:35,6.938718368,-3.850552240,5.921758846
2026-03-02 19:50:45,6.447745628,-4.208875639,6.004608302
2026-03-02 19:50:55,6.685642081,-3.149171522,6.353850054
2026-03-02 19:51:05,8.429166109,-2.797359428,3.954392157
2026-03-02 19:51:15,7.756173732,-1.721588056,5.694638906
2026-03-02 19:51:25,6.366419914,-1.180944789,7.273350804
2026-03-02 19:51:35,7.712256403,-0.882283545,5.971685084
2026-03-02 19:51:45,7.064601534,0.843487543,6.582048459
2026-03-02 19:51:55,7.784974752,0.109685038,5.965904224
2026-03-02 19:52:05,8.062604508,-0.061590460,5.705805702
2026-03-02 19:52:15,8.350730331,0.369328436,4.871824763
2026-03-02 19:52:25,8.976886772,-0.801638955,3.655435685
2026-03-02 19:52:35,9.174317146,1.483092966,3.519496914
2026-03-02 19:52:45,9.291222666,2.900051635,1.934005448
2026-03-02 19:52:55,8.790942764,3.974652473,0.706675654
2026-03-02 19:53:05,8.927252656,3.923402254,1.412561945
2026-03-02 19:53:15,9.243698590,2.018533998,2.156971806
2026-03-02 19:53:25,8.264029050,1.893905945,4.994894190
2026-03-02 19:53:35,8.164641095,0.252959891,5.407437626
2026-03-02 19:53:45,7.499051505,-1.346066984,5.970935599
2026-03-02 19:53:55,6.303016798,0.546498858,7.788816948
2026-03-02 19:54:05,6.398158486,-0.421116324,7.441939537
2026-03-02 19:54:15,7.628875699,1.315665338,5.744028554
2026-03-02 19:54:25,6.888349176,1.391463671,7.007712248
2026-03-02 19:54:35,7.574090563,-1.335564436,6.071695603
2026-03-02 19:54:45,8.763439051,-0.819904212,3.723665063
2026-03-02 19:54:55,7.252221555,2.379940354,6.064820501
2026-03-02 19:55:05,4.062283099,5.689045674,7.149660170
2026-03-02 19:55:15,4.771886850,6.653490491,5.588325241
2026-03-02 19:55:25,3.475207414,5.506971365,7.191984145
2026-03-02 19:55:35,2.047121655,6.686795445,7.048142909
2026-03-02 19:55:45,3.819161965,6.015361047,6.693362909
2026-03-02 19:55:55,3.431432255,7.429234172,5.225540961
2026-03-02 19:56:05,4.433183560,6.588631086,5.153433807
2026-03-02 19:56:15,3.787206167,7.591952219,4.803222574
2026-03-02 19:56:25,6.234051749,5.771038084,4.814811433
2026-03-02 19:56:35,5.721097809,5.955937203,5.523601852
2026-03-02 19:56:45,8.296155199,2.502023013,4.553321173
2026-03-02 19:56:55,8.433290799,1.338716969,5.352642348
2026-03-02 19:57:05,7.110047646,3.126790754,6.121369640
2026-03-02 19:57:15,7.450999274,3.892880109,5.129395674
2026-03-02 19:57:25,5.782666528,4.506643254,6.582490075
2026-03-02 19:57:35,4.268384295,1.968120378,8.805004407
2026-03-02 19:57:45,3.837839781,-0.393127112,9.244908852
2026-03-02 19:57:55,3.159982246,-0.429976208,9.384266896
2026-03-02 19:58:05,3.102225333,-3.047909228,8.687883579
2026-03-02 19:58:15,1.339950306,-4.535184775,8.486210514
2026-03-02 19:58:25,1.355491228,-2.925952170,9.171205913
2026-03-02 19:58:35,1.337864874,-2.447431724,9.388348939
2026-03-02 19:58:45,0.874574899,-1.225582800,9.496135835
2026-03-02 19:58:55,-0.749652069,-1.339790873,9.726870836
2026-03-02 19:59:05,0.958792056,-1.079252295,9.669983256
2026-03-02 19:59:15,0.651943918,-0.320920767,9.971150555
2026-03-02 19:59:25,0.209593417,0.624238091,9.851288122
2026-03-02 19:59:35,1.390110372,1.381503164,9.624952132
2026-03-02 19:59:45,0.065999205,1.856134916,9.551031309
2026-03-02 19:59:55,1.832826031,1.181109031,9.519605143
2026-03-02 20:00:05,0.863937046,1.043523724,9.951752057
2026-03-02 20:00:15,0.885942612,1.030515899,9.661949169
2026-03-02 20:00:25,0.399980549,-1.244399548,9.762816053
2026-03-02 20:00:35,1.346967173,-2.113943023,9.620288074
2026-03-02 20:00:45,-0.793160107,-1.017074053,9.798290754
2026-03-02 20:00:55,0.261798477,-4.620771689,8.622344154
2026-03-02 20:01:05,-0.730570375,-3.039750653,9.137226445
2026-03-02 20:01:15,-0.851811840,-1.438092478,9.586444233
2026-03-02 20:01:25,-0.144604884,-1.070351501,9.631114792
2026-03-02 20:01:35,-6.458162007,-2.388563712,7.267085431
2026-03-02 20:01:45,-7.547456456,-2.096918440,6.077555499
2026-03-02 20:01:55,-8.428327948,-0.520790319,5.514355890
2026-03-02 20:02:05,-4.581310887,0.086652636,8.604995748
2026-03-02 20:02:15,-3.316577208,0.793348586,9.224468583
2026-03-02 20:02:25,-3.337421641,0.899790952,9.159351892
2026-03-02 20:02:35,-4.332725671,3.147085199,8.483849988
2026-03-02 20:02:45,-4.855148794,2.284478353,8.238523417
2026-03-02 20:02:55,-4.781422712,3.778637500,7.609667058
2026-03-02 20:03:05,-4.299158347,3.578711912,7.981324615
2026-03-02 20:03:15,-3.345306071,3.459486483,8.657976726
2026-03-02 20:03:25,-4.532260848,2.747817405,8.094388402
2026-03-02 20:03:35,-5.058679935,3.305344968,7.500427650
2026-03-02 20:03:45,-5.188057128,2.989284492,7.712792301
2026-03-02 20:03:55,-5.993820571,1.500348649,7.496241599
2026-03-02 20:04:05,-7.081588421,2.606700575,6.521785559
2026-03-02 20:04:15,-6.695812743,1.668963953,7.010516794
2026-03-02 20:04:25,-6.893663485,0.455638231,6.673368724
2026-03-02 20:04:35,-7.122112877,1.365817551,6.363112266
2026-03-02 20:04:45,-7.205741313,1.945135592,6.219467501
2026-03-02 20:04:55,-6.667220667,1.405226031,7.354472895
2026-03-02 20:05:05,-6.867446451,1.953247129,6.716721668
2026-03-02 20:05:15,-7.149035623,1.122312674,6.859294140
2026-03-02 20:05:25,-7.035649790,0.313135768,6.660127824
2026-03-02 20:05:35,-7.192153902,0.661361617,6.715327935
2026-03-02 20:05:45,-7.522248076,0.254105920,6.371071758
2026-03-02 20:05:55,-7.560280237,-0.060838603,6.737569439
2026-03-02 20:06:05,-6.894546312,0.990515733,7.400034519
2026-03-02 20:06:15,-5.677408264,1.105807966,8.049234552
2026-03-02 20:06:25,-6.591496002,0.582442360,7.107636742
2026-03-02 20:06:35,-6.141717882,0.984195386,7.669087795
2026-03-02 20:06:45,-5.785412206,0.824826122,7.593352219
2026-03-02 20:06:55,-5.921021558,1.630549458,7.994063006
2026-03-02 20:07:05,-5.061810517,1.580275907,8.361642567
2026-03-02 20:07:15,-5.991637425,2.043171416,7.140279933
2026-03-02 20:07:25,-5.892262041,2.265296258,7.375663782
2026-03-02 20:07:35,-3.832074093,2.040320500,8.429863153
2026-03-02 20:07:45,-3.057861949,2.375370725,8.764357804
2026-03-02 20:07:55,-2.578997707,2.846403182,9.161148264
2026-03-02 20:08:05,-1.958379006,2.524872412,9.239207756
2026-03-02 20:08:15,-1.942628207,1.303219468,9.298052461
2026-03-02 20:08:25,-2.113222694,3.087183281,8.907277499
2026-03-02 20:08:35,-2.842466676,2.519407979,9.024215444
2026-03-02 20:08:45,-2.321834921,3.010088657,9.070650862
2026-03-02 20:08:55,-1.319626276,2.906683098,9.404269165
2026-03-02 20:09:05,-1.248009294,3.202600034,9.043210933
2026-03-02 20:09:15,-1.990928429,3.216733495,9.314285435
2026-03-02 20:09:25,-0.642555649,2.864435725,9.124138006
2026-03-02 20:09:35,0.568349555,2.105739271,9.626406795
2026-03-02 20:09:45,0.471353508,0.656355187,9.611598704
2026-03-02 20:09:55,-1.499342258,0.098753318,9.544073537
2026-03-02 20:10:05,-0.973251767,0.230692358,9.693699358
2026-03-02 20:10:15,-1.640884262,0.779377527,9.477231320
2026-03-02 20:10:25,-1.946129301,2.636159457,9.168456840
2026-03-02 20:10:35,-1.750930254,1.149007074,9.372197013
2026-03-02 20:10:45,-3.467771515,-0.263925333,9.309857717
2026-03-02 20:10:55,-4.761228340,1.465079163,8.244281413
2026-03-02 20:11:05,-4.478205151,-0.521611116,8.774874742
2026-03-02 20:11:15,-4.336622109,-0.547626557,9.091227504
2026-03-02 20:11:25,-2.267607722,-0.491893270,9.537249605
2026-03-02 20:11:35,-2.647147347,0.575181041,9.669081741
2026-03-02 20:11:45,-1.464531991,-0.871097172,9.606016840
2026-03-02 20:11:55,-0.523943279,-0.881842290,9.519413068
2026-03-02 20:12:05,-0.392013112,-0.923309782,9.873197704
2026-03-02 20:12:15,1.250712789,-0.847615344,9.441447152
2026-03-02 20:12:25,2.531758065,-0.705529198,9.390566919
2026-03-02 20:12:35,1.315186931,-0.080796410,9.479050542
2026-03-02 20:12:45,0.981371998,0.138416735,9.852496864
2026-03-02 20:12:55,1.636999921,-0.974721944,9.731760363
2026-03-02 20:13:05,1.227577111,-0.951828109,9.627148330
2026-03-02 20:13:15,2.324357658,-2.679526958,9.227321377
2026-03-02 20:13:25,2.679257228,-2.071753270,9.198596812
2026-03-02 20:13:35,2.787524922,-2.169938199,9.038995526
2026-03-02 20:13:45,3.494271665,-1.647373715,9.019626129
2026-03-02 20:13:55,2.225475581,-0.179509867,9.564030275
2026-03-02 20:14:05,2.072678903,0.304996707,9.235346244
2026-03-02 20:14:15,1.642019544,0.130541845,9.525681483
2026-03-02 20:14:25,1.889136581,-1.467127758,9.239402136
2026-03-02 20:14:35,1.944032477,-1.247761088,9.563192627
2026-03-02 20:14:45,2.565104584,-0.874365956,9.429748325
2026-03-02 20:14:55,3.953004327,-0.585453412,8.827783547
2026-03-02 20:15:05,5.162349797,-0.295218007,8.280425888
2026-03-02 20:15:15,4.167533934,-0.275903109,8.642440729
2026-03-02 20:15:25,4.540246185,0.274624673,8.683130855
2026-03-02 20:15:35,4.560053268,0.177378533,8.610089761
2026-03-02 20:15:45,4.277807774,-0.367799374,8.795113302
2026-03-02 20:15:55,4.883680958,0.276946383,8.703662154
2026-03-02 20:16:05,3.570495646,0.568595809,8.963873123
2026-03-02 20:16:15,2.832155398,1.677903089,9.224129175
2026-03-02 20:16:25,3.948136547,1.532000458,8.747172115
2026-03-02 20:16:35,4.389215479,1.488074815,8.788653995
2026-03-02 20:16:45,4.740339975,1.570711431,8.588820476
2026-03-02 20:16:55,5.034909799,1.425859269,8.507383068
2026-03-02 20:17:05,4.767094835,1.940971477,7.953934935
2026-03-02 20:17:15,4.651283318,1.852741201,8.275575582
2026-03-02 20:17:25,4.576303422,1.434598969,8.618701420
2026-03-02 20:17:35,4.021616310,1.311668649,8.732046780
2026-03-02 20:17:45,3.326325823,2.075256778,9.132859926
2026-03-02 20:17:55,2.554307685,1.889438138,9.409445927
2026-03-02 20:18:05,2.362650919,1.335594375,9.560300818
2026-03-02 20:18:15,3.118296579,1.345509846,9.231179282
2026-03-02 20:18:25,3.237907355,1.132524017,9.229037443
2026-03-02 20:18:35,3.854753073,0.884979096,9.384228183
2026-03-02 20:18:45,3.419241819,1.150728518,9.403373353
2026-03-02 20:18:55,4.183167342,1.683732543,8.558554230
2026-03-02 20:19:05,3.834161225,2.528334819,8.436159729
2026-03-02 20:19:15,4.522962100,2.387065382,8.430925423
2026-03-02 20:19:25,4.562618203,2.620007730,8.219043843
2026-03-02 20:19:35,4.321705668,2.685360457,8.418940213
2026-03-02 20:19:45,4.364765856,3.663244950,8.136340942
2026-03-02 20:19:55,5.446806546,3.770592614,7.566803803
2026-03-02 20:20:05,5.000802606,3.388284947,7.714167903
2026-03-02 20:20:15,5.063311060,2.777766006,7.900059377
2026-03-02 20:20:25,4.651997003,1.285865438,8.846291448
2026-03-02 20:20:35,4.875371426,0.325931810,8.514108412
2026-03-02 20:20:45,5.022219047,-0.143314868,8.650484991
2026-03-02 20:20:55,4.770508587,0.122645338,8.566927438
2026-03-02 20:21:05,5.206242962,2.906077960,7.974257314
2026-03-02 20:21:15,3.289109243,2.932180116,8.560385888
2026-03-02 20:21:25,2.916110270,3.899074859,8.605767150
2026-03-02 20:21:35,2.289439196,5.232951689,7.929948932
2026-03-02 20:21:45,3.593429933,4.934167160,7.406486590
2026-03-02 20:21:55,1.423764356,4.118660758,8.674502533
2026-03-02 20:22:05,2.900472425,5.099838353,7.982293651
2026-03-02 20:22:15,1.721696418,5.394743087,7.976640792
2026-03-02 20:22:25,1.483333336,5.836118092,7.871162150
2026-03-02 20:22:35,2.878680687,4.828503073,8.322463872
2026-03-02 20:22:45,1.510000158,3.539537946,9.185267997
2026-03-02 20:22:55,0.573098891,3.389130078,9.325585348
2026-03-02 20:23:05,-0.281149980,3.149472803,8.969401987
2026-03-02 20:23:15,-0.168387870,4.950778094,8.705780609
2026-03-02 20:23:25,0.783108145,4.550002831,8.483089178
2026-03-02 20:23:35,0.042462163,3.591391508,9.121739405
2026-03-02 20:23:45,-0.191329351,1.352234115,9.618659157
2026-03-02 20:23:55,-2.199021734,2.571230588,9.182169861
2026-03-02 20:24:05,-5.021204267,1.730021605,8.251422048
2026-03-02 20:24:15,-4.772862854,0.325922904,8.530406805
2026-03-02 20:24:25,-4.433572581,0.693082644,8.724002793
2026-03-02 20:24:35,-4.624858729,0.845081056,8.535960528
2026-03-02 20:24:45,-4.384233411,2.708973302,8.763711719
2026-03-02 20:24:55,-4.952839849,2.543267695,8.071161058
2026-03-02 20:25:05,-4.214827661,3.258570433,8.298105675
2026-03-02 20:25:15,-3.855213051,4.948968746,7.472455779
2026-03-02 20:25:25,-4.860280244,4.410843110,7.157516482
2026-03-02 20:25:35,-4.227859586,3.062633726,8.275977618
2026-03-02 20:25:45,-2.970038297,2.423163108,9.185254486
2026-03-02 20:25:55,-4.312924303,1.127276751,8.672752058
2026-03-02 20:26:05,-2.475860404,-0.482906612,9.525864721
2026-03-02 20:26:15,-3.516475424,0.261346326,9.154383183
2026-03-02 20:26:25,-3.465905278,-1.868900616,9.225846061
2026-03-02 20:26:35,-3.218738096,-2.268869624,8.936206673
2026-03-02 20:26:45,-2.795496306,-2.633736367,9.143167439
2026-03-02 20:26:55,-2.765497303,-2.324522278,8.917137926
2026-03-02 20:27:05,-2.926199169,-3.327681148,8.828650914
2026-03-02 20:27:15,-3.078512757,-3.869719535,8.370025168
2026-03-02 20:27:25,-2.197588391,-4.877916751,8.338828589
2026-03-02 20:27:35,-2.927788592,-3.623626451,8.693817177
2026-03-02 20:27:45,-2.816526550,-4.887966139,8.028567953
2026-03-02 20:27:55,-2.205964900,-4.919893684,8.039794326
2026-03-02 20:28:05,-3.108740367,-6.157939455,7.225190554
2026-03-02 20:28:15,-2.917499388,-4.942979375,7.622829071
2026-03-02 20:28:25,-4.066796509,-4.224298322,8.118325341
2026-03-02 20:28:35,-4.200054584,-4.713052896,7.249466048
2026-03-02 20:28:45,-4.103305528,-3.968873542,7.791523403
2026-03-02 20:28:55,-5.907214465,-4.005077308,6.758947622
2026-03-02 20:29:05,-6.898545423,-2.069503045,6.692644918
2026-03-02 20:29:15,-7.201329435,-2.653981402,6.114282166
2026-03-02 20:29:25,-8.797081151,-1.281246320,3.728569316
2026-03-02 20:29:35,-7.535439969,-3.720907571,4.869002083
2026-03-02 20:29:45,-8.264736901,-2.596328649,4.127163105
2026-03-02 20:29:55,-7.909434864,-1.685222904,5.613262186
2026-03-02 20:30:05,-7.955095750,-0.567698297,5.625589658
2026-03-02 20:30:15,-7.824094826,0.615155937,6.139190722
2026-03-02 20:30:25,-7.140528070,1.438817811,6.313776032
2026-03-02 20:30:35,-7.262218095,1.921599215,6.701032193
2026-03-02 20:30:45,-6.721749386,2.517844427,6.800399474
2026-03-02 20:30:55,-5.789732576,3.007380553,7.427819489
2026-03-02 20:31:05,-4.635979657,2.033841741,8.573761494
2026-03-02 20:31:15,-4.273993413,-0.744990890,8.820989293
2026-03-02 20:31:25,-4.025348041,-1.525547691,8.691137403
2026-03-02 20:31:35,-2.614938898,-1.057825288,9.302762193
2026-03-02 20:31:45,0.261355972,-1.118850302,9.831732034
2026-03-02 20:31:55,0.372220613,-1.752059561,9.622853016
2026-03-02 20:32:05,0.810251549,-3.610476708,9.144736117
2026-03-02 20:32:15,1.335282802,-2.397404313,9.186379354
2026-03-02 20:32:25,0.673899088,-3.931717826,9.128959192
2026-03-02 20:32:35,0.338877391,-3.418505640,9.195673935
2026-03-02 20:32:45,-0.917811065,-1.853290424,9.411691599
2026-03-02 20:32:55,1.269290873,-1.818780609,9.612367083
2026-03-02 20:33:05,-1.123890930,-1.642721497,9.631394508
2026-03-02 20:33:15,-0.005358445,-1.681231940,9.755035371
2026-03-02 20:33:25,-1.821721971,-2.133088593,9.452594963
2026-03-02 20:33:35,-3.715341839,-1.918551611,8.944351270
2026-03-02 20:33:45,-2.492804057,-1.035587576,9.332418743
2026-03-02 20:33:55,-2.829999507,-1.753426289,9.355771698
2026-03-02 20:34:05,0.161366570,-3.039930927,9.455836898
2026-03-02 20:34:15,1.626927802,-4.186522864,8.512618171
2026-03-02 20:34:25,-0.874424692,-3.637202776,9.027245921
2026-03-02 20:34:35,-2.554213187,-3.954022675,8.470488351
2026-03-02 20:34:45,-0.977368686,-5.203404206,8.235937497
2026-03-02 20:34:55,2.169722779,-4.247705248,8.569440673
2026-03-02 20:35:05,1.293638939,-6.068587202,7.468247062
2026-03-02 20:35:15,3.412654189,-6.478034597,6.447961830
2026-03-02 20:35:25,4.242472073,-6.064976718,6.498817840
2026-03-02 20:35:35,2.543466217,-7.230781950,5.398733509
2026-03-02 20:35:45,3.092053831,-5.424290587,7.410573579
2026-03-02 20:35:55,4.258856489,-4.713886813,7.378931423
2026-03-02 20:36:05,2.856436383,-6.328031525,7.039916659
2026-03-02 20:36:15,2.799950102,-7.723291526,4.715633200
2026-03-02 20:36:25,2.147085741,-7.116363357,5.756439215
2026-03-02 20:36:35,-2.921798217,-5.954038525,7.026021150
2026-03-02 20:36:45,-2.999962894,-1.137007104,9.239305413
2026-03-02 20:36:55,-0.901924574,-1.465455100,9.738089857
2026-03-02 20:37:05,1.421665945,-3.262988588,9.382533881
2026-03-02 20:37:15,-2.267759714,-6.025487286,7.246593718
2026-03-02 20:37:25,-2.961685358,-9.358758931,-0.422292788
2026-03-02 20:37:35,3.506116564,0.675837218,9.146110542
2026-03-02 20:37:45,5.794192975,7.301920235,-2.083857645
2026-03-02 20:37:55,6.549055974,6.090036049,-3.457347419
2026-03-02 20:38:05,8.201994551,5.469184010,-0.739463252
2026-03-02 20:38:15,7.647669503,5.651252136,-0.761586603
2026-03-02 20:38:25,8.758068445,3.196025444,-3.536500337
2026-03-02 20:38:35,8.761409882,2.837459872,-3.564383960
2026-03-02 20:38:45,6.591189715,6.373539687,-4.207384624
2026-03-02 20:38:55,8.243672005,4.732004426,-3.116599052
2026-03-02 20:39:05,3.338206083,7.328021216,-5.170806018
2026-03-02 20:39:15,0.102885998,8.298899799,-5.359384162
2026-03-02 20:39:25,1.680391920,8.768483157,-3.306180402
2026-03-02 20:39:35,0.200029101,9.000619820,-3.307191960
2026-03-02 20:39:45,-1.140871863,9.518805761,-2.630432508
2026-03-02 20:39:55,-5.816484477,3.169237345,-7.059540352
2026-03-02 20:40:05,-7.003766159,-4.933646628,-4.822675131
2026-03-02 20:40:15,-9.515632110,-1.773398229,-1.797966314
2026-03-02 20:40:25,-9.805570709,-1.650869434,-0.078304346
2026-03-02 20:40:35,-9.766645368,0.421159109,0.999455737
2026-03-02 20:40:45,-9.316931459,0.996122863,-2.757871086
2026-03-02 20:40:55,-8.741332126,-2.578069044,-3.665146344
2026-03-02 20:41:05,-8.074257801,-4.045432995,-3.924788102
2026-03-02 20:41:15,-8.174447620,-2.631017457,-4.648760568
2026-03-02 20:41:25,-8.664450971,-2.473988894,-4.023284102
2026-03-02 20:41:35,-7.931715245,-4.009406054,-4.095150727
2026-03-02 20:41:45,-8.045549816,-3.250180360,-4.692267828
2026-03-02 20:41:55,-8.311433907,-4.121665120,-3.124701060
2026-03-02 20:42:05,-7.355994494,-4.806054957,-4.265523240
2026-03-02 20:42:15,-4.812105488,-7.006175313,-4.694639616
2026-03-02 20:42:25,-4.319435789,-7.004946124,-5.310363686
2026-03-02 20:42:35,-5.257134369,-5.832218195,-5.853268012
2026-03-02 20:42:45,-3.031171944,-8.341182817,-4.198587906
2026-03-02 20:42:55,-3.318732950,-8.152414875,-4.260416486
2026-03-02 20:43:05,-5.506456081,-7.370320049,-3.326956422
2026-03-02 20:43:15,-6.318411447,-7.064625995,-2.718423420
2026-03-02 20:43:25,-5.192730412,-7.238686334,-4.236171563
2026-03-02 20:43:35,-4.003078417,-7.692373571,-4.371421133
2026-03-02 20:43:45,-3.093691731,-8.152340870,-4.377759432
2026-03-02 20:43:55,-3.897900691,-8.243227999,-3.993131432
2026-03-02 20:44:05,-5.065330670,-7.241829970,-4.274531009
2026-03-02 20:44:15,-4.047452529,-7.984480687,-3.840438808
2026-03-02 20:44:25,-4.519175268,-7.791682760,-3.811157125
2026-03-02 20:44:35,-3.366337034,-8.648887448,-3.481561149
2026-03-02 20:44:45,-3.642044980,-8.013126400,-4.362061599
2026-03-02 20:44:55,-2.439159072,-8.913247725,-3.456862058
2026-03-02 20:45:05,-2.695670156,-8.396248687,-4.289983974
2026-03-02 20:45:15,-2.003893684,-8.123571317,-5.305250745
2026-03-02 20:45:25,-1.147047790,-8.663893964,-4.344358843
2026-03-02 20:45:35,-0.580255826,-8.335123727,-5.175092338
2026-03-02 20:45:45,0.397475808,-9.122447069,-3.807697419
2026-03-02 20:45:55,0.822786186,-9.142351053,-3.207783948
2026-03-02 20:46:05,0.394937682,-9.329981505,-3.092741268
2026-03-02 20:46:15,-0.715956116,-9.651810394,-1.928856923
2026-03-02 20:46:25,-1.101031719,-9.144611131,-3.291198287
2026-03-02 20:46:35,-1.377894557,-9.292069325,-2.677455670
2026-03-02 20:46:45,-2.543047144,-8.981047242,-2.985095459
2026-03-02 20:46:55,-3.139122109,-9.143694648,-2.004865772
2026-03-02 20:47:05,-2.953053158,-9.078803389,-2.130802850
2026-03-02 20:47:15,-2.300655259,-9.507908941,-1.474948839
2026-03-02 20:47:25,0.319478820,-9.521162646,-2.203003766
2026-03-02 20:47:35,0.690251779,-9.183089835,-3.364730861
2026-03-02 20:47:45,0.952980800,-8.728724919,-4.226699158
2026-03-02 20:47:55,1.452549694,-8.977216059,-3.852058225
2026-03-02 20:48:05,1.127860226,-9.141047680,-3.166747183
2026-03-02 20:48:15,0.948878470,-9.219609075,-3.033714800
2026-03-02 20:48:25,-0.447390205,-9.352806073,-2.900762729
2026-03-02 20:48:35,-0.965645497,-9.224144852,-3.265456005
2026-03-02 20:48:45,-0.388236160,-9.636762507,-1.589899549
2026-03-02 20:48:55,-1.033386659,-9.687067213,-1.697965658
2026-03-02 20:49:05,-1.922012950,-9.513108505,-1.633000634
2026-03-02 20:49:15,-2.278025506,-9.574845244,-0.252140675
2026-03-02 20:49:25,-1.020154465,-9.760796531,0.511901962
2026-03-02 20:49:35,-2.000402753,-9.603680368,0.623213099
2026-03-02 20:49:45,-1.783223062,-9.586680800,0.757967397
2026-03-02 20:49:55,-2.673470519,-9.478367721,-0.435395714
2026-03-02 20:50:05,-3.202879516,-9.231283402,-0.485726003
2026-03-02 20:50:15,-3.671965244,-9.077296345,-0.367839794
2026-03-02 20:50:25,-3.769257685,-9.087438762,-0.063275126
2026-03-02 20:50:35,-4.091352776,-8.895087344,-0.379641833
2026-03-02 20:50:45,-4.222262031,-8.948305495,0.454427113
2026-03-02 20:50:55,-5.172446147,-8.308122128,0.244117685
2026-03-02 20:51:05,-5.079986393,-8.389541582,0.248911214
2026-03-02 20:51:15,-5.309051597,-8.105915177,1.050838150
2026-03-02 20:51:25,-5.303891965,-8.191246097,0.384203623
2026-03-02 20:51:35,-5.361869729,-8.168640862,-0.220490060
2026-03-02 20:51:45,-5.460320680,-8.188788318,-0.448093166
2026-03-02 20:51:55,-5.371161038,-8.122361540,-0.909237234
2026-03-02 20:52:05,-4.972317690,-8.428905722,-0.238982076
2026-03-02 20:52:15,-4.953334359,-8.423846981,-0.860748004
2026-03-02 20:52:25,-4.758614130,-8.521549125,-0.669834413
2026-03-02 20:52:35,-4.457276626,-8.667041502,-0.373240320
2026-03-02 20:52:45,-4.397964997,-8.795757218,-0.278541737
2026-03-02 20:52:55,-5.054580752,-8.318310451,-1.135961892
2026-03-02 20:53:05,-4.807061500,-8.245123006,-2.165536098
2026-03-02 20:53:15,-4.881615475,-8.355727526,-1.470430573
2026-03-02 20:53:25,-4.883391901,-8.284479312,-1.862496939
2026-03-02 20:53:35,-4.492864466,-8.409703255,-2.247052084
2026-03-02 20:53:45,-4.751227726,-8.280231481,-1.930007387
2026-03-02 20:53:55,-4.538315803,-8.324416876,-2.458342505
2026-03-02 20:54:05,-4.692275881,-8.273877369,-2.727510932
2026-03-02 20:54:15,-4.840053296,-8.158495181,-2.293798541
2026-03-02 20:54:25,-4.843201145,-7.967901636,-2.838200202
2026-03-02 20:54:35,-5.067354169,-8.208547043,-2.188797659
2026-03-02 20:54:45,-5.840095121,-7.615674163,-2.204842458
2026-03-02 20:54:55,-5.084301379,-7.995421815,-2.427270648
2026-03-02 20:55:05,-5.804346904,-7.702775368,-1.849916396
2026-03-02 20:55:15,-5.763613188,-7.661427667,-2.399728492
2026-03-02 20:55:25,-5.911319704,-7.366666730,-2.664942553
2026-03-02 20:55:35,-4.996434197,-7.935354445,-2.779929701
2026-03-02 20:55:45,-4.480616231,-8.147408493,-3.461190746
2026-03-02 20:55:55,-4.394960058,-8.095040738,-3.053125424
2026-03-02 20:56:05,-5.205540185,-7.754909762,-3.011753156
2026-03-02 20:56:15,-5.246696050,-7.670700412,-3.086178137
2026-03-02 20:56:25,-5.484889314,-7.711915925,-2.686018199
2026-03-02 20:56:35,-5.954880458,-7.253742036,-2.709003792
2026-03-02 20:56:45,-5.726655888,-7.206085459,-3.279936540
2026-03-02 20:56:55,-6.045767340,-6.989927738,-3.352127085
2026-03-02 20:57:05,-5.639473841,-7.200807605,-3.606050489
2026-03-02 20:57:15,-5.764806725,-6.911913589,-3.891976858
2026-03-02 20:57:25,-5.641141718,-6.928691387,-3.846582818
2026-03-02 20:57:35,-5.824682747,-6.910144724,-3.839401128
2026-03-02 20:57:45,-4.786499759,-7.914147964,-3.230003238
2026-03-02 20:57:55,-5.023382601,-7.519686446,-3.888370437
2026-03-02 20:58:05,-5.490846787,-7.309226418,-3.596755496
2026-03-02 20:58:15,-5.188429031,-7.581455669,-3.433140975
2026-03-02 20:58:25,-5.000880216,-7.550385140,-4.034911409
2026-03-02 20:58:35,-5.362692944,-7.232596560,-3.844718173
2026-03-02 20:58:45,-5.964213277,-6.977174602,-3.719353349
2026-03-02 20:58:55,-5.365335754,-6.959496848,-4.452379846
2026-03-02 20:59:05,-5.760198701,-7.026705755,-3.646160417
2026-03-02 20:59:15,-5.475978910,-7.100766371,-3.796082888
2026-03-02 20:59:25,-5.347847201,-7.336798275,-3.544549446
2026-03-02 20:59:35,-5.236365301,-7.708845206,-3.204950897
2026-03-02 20:59:45,-4.958617127,-7.968113719,-2.751168554
2026-03-02 20:59:55,-5.149867353,-7.890952367,-2.613046736
2026-03-02 21:00:05,-5.491590808,-7.651102208,-2.914495028
2026-03-02 21:00:15,-5.803513920,-7.386323905,-2.261361952
2026-03-02 21:00:25,-6.241292208,-7.269739266,-1.956094767
2026-03-02 21:00:35,-6.095510442,-7.439834276,-1.938340797
2026-03-02 21:00:45,-6.444236390,-7.007508671,-2.316946913
2026-03-02 21:00:55,-6.576217196,-7.004939308,-2.012314419
2026-03-02 21:01:05,-5.898584630,-7.489257289,-2.484519785
2026-03-02 21:01:15,-5.867464141,-7.430380100,-2.557309200
2026-03-02 21:01:25,-5.638208461,-7.747478534,-2.224849865
2026-03-02 21:01:35,-5.533045243,-7.914647154,-1.904726199
2026-03-02 21:01:45,-5.264131685,-7.917130143,-2.238650087
2026-03-02 21:01:55,-5.895307573,-7.404888702,-2.332490886
2026-03-02 21:02:05,-5.748881629,-7.540214900,-2.394497967
2026-03-02 21:02:15,-5.632863025,-7.482290335,-2.592774105
2026-03-02 21:02:25,-5.781538767,-7.446665584,-2.631690814
2026-03-02 21:02:35,-6.229587727,-7.271621038,-2.416267734
2026-03-02 21:02:45,-6.860157329,-6.603683582,-2.623543159
2026-03-02 21:02:55,-6.270448465,-6.851759184,-3.146756685
2026-03-02 21:03:05,-5.809784980,-7.515450414,-2.514735809
2026-03-02 21:03:15,-6.016107881,-7.386567840,-2.212257546
2026-03-02 21:03:25,-5.595665281,-7.732222816,-2.236923231
2026-03-02 21:03:35,-5.726575626,-7.573401129,-2.511442004
2026-03-02 21:03:45,-5.335971760,-7.861768086,-2.462591685
2026-03-02 21:03:55,-5.240028226,-7.775238830,-2.898819014
2026-03-02 21:04:05,-5.203645726,-7.911604670,-2.815338012
2026-03-02 21:04:15,-5.274948581,-7.879137727,-2.689505527
2026-03-02 21:04:25,-5.287070395,-7.766054678,-2.809711331
2026-03-02 21:04:35,-4.849763248,-8.248767740,-2.345876040
2026-03-02 21:04:45,-5.194475719,-7.881464820,-2.623136840
2026-03-02 21:04:55,-4.741956033,-8.027271695,-3.258680959
2026-03-02 21:05:05,-4.186867907,-8.185787651,-3.442928779
2026-03-02 21:05:15,-4.067294855,-8.400303874,-2.955080155
2026-03-02 21:05:25,-3.795087743,-8.440737294,-3.398147278
2026-03-02 21:05:35,-3.498062058,-8.473583973,-3.671424076
2026-03-02 21:05:45,-2.664359384,-8.610714417,-3.839652534
2026-03-02 21:05:55,-2.611084922,-8.701524608,-3.705346149
2026-03-02 21:06:05,-3.158754311,-8.481696405,-3.658151172
2026-03-02 21:06:15,-3.465523519,-8.204831367,-3.983048174
2026-03-02 21:06:25,-3.403046583,-8.382533824,-3.767785874
2026-03-02 21:06:35,-3.698403073,-8.319645050,-3.604087132
2026-03-02 21:06:45,-3.776565569,-8.079159416,-3.940988242
2026-03-02 21:06:55,-4.347601166,-7.727182527,-4.098693321
2026-03-02 21:07:05,-4.758217052,-7.653879924,-3.796873496
2026-03-02 21:07:15,-4.802631189,-7.495363179,-4.087662273
2026-03-02 21:07:25,-4.724305283,-7.509754741,-4.152310023
2026-03-02 21:07:35,-4.973559996,-7.629944757,-3.725483509
2026-03-02 21:07:45,-4.468063813,-7.797151789,-3.641196669
2026-03-02 21:07:55,-4.420010698,-8.092781889,-3.355656776
2026-03-02 21:08:05,-4.579970631,-7.976180463,-3.529549625
2026-03-02 21:08:15,-4.690212237,-8.132680169,-2.825124545
2026-03-02 21:08:25,-4.495216467,-7.941170585,-3.285569323
2026-03-02 21:08:35,-5.030071627,-7.708626106,-3.188740333
2026-03-02 21:08:45,-4.558240133,-8.266074295,-2.753018772
2026-03-02 21:08:55,-4.473965497,-8.322771039,-2.612786409
2026-03-02 21:09:05,-4.476676779,-8.287799135,-2.954481856
2026-03-02 21:09:15,-4.179045569,-8.228730534,-3.185364245
2026-03-02 21:09:25,-4.916090024,-7.808449246,-3.277612396
2026-03-02 21:09:35,-4.847603907,-7.626727378,-3.599829848
2026-03-02 21:09:45,-5.088729052,-7.626352957,-3.147071197
2026-03-02 21:09:55,-4.865616435,-7.983203949,-2.856013423
2026-03-02 21:10:05,-4.907333678,-8.118484004,-2.639690729
2026-03-02 21:10:15,-4.760864470,-8.213031157,-2.651653092
2026-03-02 21:10:25,-4.515294744,-8.108733358,-3.023357586
2026-03-02 21:10:35,-4.581801773,-8.082087525,-3.403283656
2026-03-02 21:10:45,-4.167298306,-7.945985668,-3.864645858
2026-03-02 21:10:55,-3.869022100,-8.116119122,-4.017814620
2026-03-02 21:11:05,-3.930413479,-8.020722285,-4.202798854
2026-03-02 21:11:15,-3.994838853,-7.646438825,-4.599861490
2026-03-02 21:11:25,-3.991602703,-7.500526286,-4.858632696
2026-03-02 21:11:35,-4.136500462,-7.329118881,-5.004181396
2026-03-02 21:11:45,-4.126701384,-7.236921153,-5.242578801
2026-03-02 21:11:55,-3.972084813,-7.069787109,-5.449572915
2026-03-02 21:12:05,-4.485702094,-7.048072690,-5.283953248
2026-03-02 21:12:15,-4.166149217,-6.889982756,-5.584203883
2026-03-02 21:12:25,-4.380738296,-6.899564879,-5.481393979
2026-03-02 21:12:35,-4.242457179,-6.778037710,-5.727671857
2026-03-02 21:12:45,-4.297320666,-6.810427253,-5.657305937
2026-03-02 21:12:55,-4.370026857,-6.486653026,-6.107910725
2026-03-02 21:13:05,-4.338928849,-6.370852688,-5.972665821
2026-03-02 21:13:15,-4.826077523,-6.156474345,-6.003919306
2026-03-02 21:13:25,-4.586648753,-6.220477370,-5.992660276
2026-03-02 21:13:35,-4.658137401,-6.039059955,-6.189132049
2026-03-02 21:13:45,-4.684596442,-6.176043759,-5.952272729
2026-03-02 21:13:55,-4.356997604,-6.281925150,-6.143740637
2026-03-02 21:14:05,-4.517217736,-6.061610400,-6.176229422
2026-03-02 21:14:15,-4.574938080,-5.454404128,-6.703654853
2026-03-02 21:14:25,-4.508887598,-5.466305680,-6.675506198
2026-03-02 21:14:35,-4.642497750,-5.609931662,-6.528420463
2026-03-02 21:14:45,-4.798509895,-5.529706443,-6.520663124
2026-03-02 21:14:55,-4.969992728,-4.973896698,-6.948821486
2026-03-02 21:15:05,-4.726558516,-4.866362767,-7.053477745
2026-03-02 21:15:15,-5.231362819,-4.927898307,-6.652706801
2026-03-02 21:15:25,-5.200329228,-4.816860417,-6.705913150
2026-03-02 21:15:35,-5.118353835,-4.779988413,-6.911136649
2026-03-02 21:15:45,-5.555995234,-4.751734410,-6.515319093
2026-03-02 21:15:55,-5.816436233,-4.555234420,-6.509358789
2026-03-02 21:16:05,-5.927707341,-3.646111772,-6.882617288
2026-03-02 21:16:15,-6.062107150,-3.960122292,-6.445409683
2026-03-02 21:16:25,-5.913009696,-3.366298243,-7.266165494
2026-03-02 21:16:35,-5.653190542,-3.151668069,-7.361992312
2026-03-02 21:16:45,-5.732070000,-3.669388221,-7.082292512
2026-03-02 21:16:55,-6.076208606,-3.087188199,-7.046634725
2026-03-02 21:17:05,-6.028459982,-4.022428843,-6.626909600
2026-03-02 21:17:15,-6.129336949,-3.737762318,-6.790117977
2026-03-02 21:17:25,-5.997777253,-2.850482821,-7.264721670
2026-03-02 21:17:35,-5.684370560,-3.018814660,-7.449673782
2026-03-02 21:17:45,-4.734082352,-3.452939153,-7.889892053
2026-03-02 21:17:55,-4.636237594,-3.272317263,-8.089490287
2026-03-02 21:18:05,-4.187606045,-2.673929363,-8.424705557
2026-03-02 21:18:15,-5.235658760,-2.605590763,-7.901006719
2026-03-02 21:18:25,-4.989531994,-2.021731851,-8.150261744
2026-03-02 21:18:35,-4.507282776,-1.768956720,-8.532471535
2026-03-02 21:18:45,-4.299009333,-1.771720340,-8.652878185
2026-03-02 21:18:55,-4.767375244,-2.261529451,-8.371915413
2026-03-02 21:19:05,-5.309762885,-1.770487361,-8.033229358
2026-03-02 21:19:15,-5.208978646,-2.358649198,-7.975060907
2026-03-02 21:19:25,-5.082296909,-3.272225446,-7.798263527
2026-03-02 21:19:35,-4.051969513,-3.238333493,-8.328624624
2026-03-02 21:19:45,-4.196812326,-3.598158487,-8.188957883
2026-03-02 21:19:55,-4.996434214,-2.400382681,-8.195339808
2026-03-02 21:20:05,-4.965269317,-1.715185690,-8.341563923
2026-03-02 21:20:15,-4.517032849,-1.665033306,-8.520067879
2026-03-02 21:20:25,-4.867805976,-1.007155666,-8.544697952
2026-03-02 21:20:35,-5.057794234,-1.367160767,-8.329081495
2026-03-02 21:20:45,-5.392714931,-1.686276722,-8.089460117
2026-03-02 21:20:55,-5.277631438,-1.834356140,-8.094840875
2026-03-02 21:21:05,-5.689207701,-1.689564001,-7.790952539
2026-03-02 21:21:15,-5.120068736,-2.989491789,-7.847692187
2026-03-02 21:21:25,-5.585171384,-2.407462615,-7.816893797
2026-03-02 21:21:35,-5.449077146,-2.594364014,-7.717833087
2026-03-02 21:21:45,-5.925456840,-2.703300676,-7.328665303
2026-03-02 21:21:55,-6.206826586,-3.384634243,-6.777491423
2026-03-02 21:22:05,-6.079877228,-2.539036242,-7.226775308
2026-03-02 21:22:15,-6.176414298,-2.067686475,-7.351253947
2026-03-02 21:22:25,-5.193264958,-1.660567440,-8.108156213
2026-03-02 21:22:35,-5.447021215,-1.724791679,-7.964900266
2026-03-02 21:22:45,-5.397723142,-1.158988568,-8.130934018
2026-03-02 21:22:55,-5.009118028,-0.695733372,-8.298948594
2026-03-02 21:23:05,-5.257780818,-1.729822490,-8.070421523
2026-03-02 21:23:15,-5.774618686,-2.101535049,-7.654116397
2026-03-02 21:23:25,-5.198355332,-2.368926319,-7.955747431
2026-03-02 21:23:35,-4.948270854,-1.437778134,-8.413347632
2026-03-02 21:23:45,-4.572155462,-0.468560465,-8.704772986
2026-03-02 21:23:55,-5.499198502,-0.293027112,-8.188309504
2026-03-02 21:24:05,-5.022324108,0.415369685,-8.406675258
2026-03-02 21:24:15,-4.807947841,0.254089120,-8.498261285
2026-03-02 21:24:25,-4.946047007,0.368906219,-8.442109271
2026-03-02 21:24:35,-5.520191386,0.068226854,-8.156191268
2026-03-02 21:24:45,-5.235505954,0.667997593,-8.207734807
2026-03-02 21:24:55,-5.390782949,0.181505982,-8.142258236
2026-03-02 21:25:05,-5.541048696,0.796422662,-8.100511116
2026-03-02 21:25:15,-5.320113632,0.879852371,-8.106517954
2026-03-02 21:25:25,-5.442947366,1.097771723,-8.030436925
2026-03-02 21:25:35,-4.823157380,1.057542015,-8.515724664
2026-03-02 21:25:45,-5.038715462,0.859493357,-8.464733308
2026-03-02 21:25:55,-4.329187004,1.735903250,-8.601641311
2026-03-02 21:26:05,-4.390691776,1.413905395,-8.661835841
2026-03-02 21:26:15,-4.110075005,1.296217159,-8.840673193
2026-03-02 21:26:25,-4.128749621,1.706747254,-8.624968229
2026-03-02 21:26:35,-3.855618874,1.941849905,-8.815081965
2026-03-02 21:26:45,-4.711310534,1.542346061,-8.428378479
2026-03-02 21:26:55,-4.028548468,1.705626939,-8.800012545
2026-03-02 21:27:05,-4.393246416,2.092765536,-8.453033618
2026-03-02 21:27:15,-4.844165709,2.011037934,-8.277488138
2026-03-02 21:27:25,-4.960571803,2.316297017,-8.174688475
2026-03-02 21:27:35,-5.139921280,1.239194681,-8.334046084
2026-03-02 21:27:45,-5.454661880,0.761191986,-8.065604542
2026-03-02 21:27:55,-5.520892487,0.648334853,-7.996685203
2026-03-02 21:28:05,-4.353233857,0.660006661,-8.839773410
2026-03-02 21:28:15,-4.879219408,0.724541222,-8.537210829
2026-03-02 21:28:25,-4.548807269,0.351763695,-8.690419851
2026-03-02 21:28:35,-5.045973901,0.048258876,-8.425307845
2026-03-02 21:28:45,-5.185370956,-0.036528592,-8.301047729
2026-03-02 21:28:55,-5.281627207,0.744772197,-8.126992303
2026-03-02 21:29:05,-4.440886223,0.746249215,-8.708908378
2026-03-02 21:29:15,-3.698091429,0.961640699,-8.925294980
2026-03-02 21:29:25,-3.493095628,0.852951586,-9.146370093
2026-03-02 21:29:35,-4.521575955,1.007323324,-8.575660700
2026-03-02 21:29:45,-5.223758969,0.098516798,-8.301977002
2026-03-02 21:29:55,-4.834318864,0.103340890,-8.585156708
2026-03-02 21:30:05,-4.563012629,-0.102865875,-8.732967736
2026-03-02 21:30:15,-4.183289951,-0.580652020,-8.732094703
2026-03-02 21:30:25,-5.291356237,0.166856213,-8.318660840
2026-03-02 21:30:35,-5.962162156,0.413453560,-7.877100516
2026-03-02 21:30:45,-5.357930829,0.728156603,-8.128729205
2026-03-02 21:30:55,-5.201912428,1.050285812,-8.266379698
2026-03-02 21:31:05,-4.718615849,0.836137024,-8.619690730
2026-03-02 21:31:15,-4.484716128,1.352340435,-8.523690287
2026-03-02 21:31:25,-4.510670191,1.488362760,-8.590684933
2026-03-02 21:31:35,-4.666651467,1.170921115,-8.509438723
2026-03-02 21:31:45,-5.164964683,-0.179236727,-8.278421681
2026-03-02 21:31:55,-4.817575708,0.504117647,-8.524605223
2026-03-02 21:32:05,-5.373476420,0.768725884,-8.245766810
2026-03-02 21:32:15,-4.955054339,1.061593269,-8.379641823
2026-03-02 21:32:25,-5.916764693,2.143545017,-7.483440706
2026-03-02 21:32:35,-6.491473232,1.937802511,-7.179693940
2026-03-02 21:32:45,-7.084758201,2.931725945,-6.181386491
2026-03-02 21:32:55,-7.046529768,2.733358866,-6.196938722
2026-03-02 21:33:05,-6.995621496,2.619031050,-6.209187473
2026-03-02 21:33:15,-7.746253113,1.574599552,-5.766611063
2026-03-02 21:33:25,-7.185804316,0.826353708,-6.654463293
2026-03-02 21:33:35,-7.585001054,0.005383507,-6.207910815
2026-03-02 21:33:45,-7.747501248,0.822912744,-6.004751394
2026-03-02 21:33:55,-7.493718552,1.152185415,-6.165109072
2026-03-02 21:34:05,-7.456896372,0.586893441,-6.450868316
2026-03-02 21:34:15,-6.631245842,1.268931701,-7.076363201
2026-03-02 21:34:25,-6.932548000,0.321136183,-6.938916852
2026-03-02 21:34:35,-6.699808974,-0.518828134,-7.135874741
2026-03-02 21:34:45,-6.746581111,-0.990921683,-6.937270985
2026-03-02 21:34:55,-7.187517546,-0.798515861,-6.449050119
2026-03-02 21:35:05,-5.863395362,-2.539161258,-7.414904558
2026-03-02 21:35:15,-6.312570749,-1.203652905,-7.260814339
2026-03-02 21:35:25,-5.692600975,-1.205329856,-7.899378414
2026-03-02 21:35:35,-5.787226420,-1.207413208,-7.845739238
2026-03-02 21:35:45,-5.965675727,-0.668166130,-7.712238952
2026-03-02 21:35:55,-5.708569838,-1.666362652,-7.674895769
2026-03-02 21:36:05,-6.353821598,-1.036043313,-7.398114461
2026-03-02 21:36:15,-7.655380972,0.325699190,-6.156026563
2026-03-02 21:36:25,-8.472048218,-0.056323771,-5.086451787
2026-03-02 21:36:35,-8.059720189,0.801182847,-5.411415236
2026-03-02 21:36:45,-7.686054326,0.830987160,-6.202431416
2026-03-02 21:36:55,-8.366872315,-0.221951119,-5.076869866
2026-03-02 21:37:05,-8.136292000,-0.703427727,-5.378702544
2026-03-02 21:37:15,-8.321946697,-0.353498619,-5.111185345
2026-03-02 21:37:25,-7.771106327,0.105338203,-5.871264120
2026-03-02 21:37:35,-7.800436017,1.278819167,-5.747637885
2026-03-02 21:37:45,-7.621176789,1.868038135,-5.827444437
2026-03-02 21:37:55,-7.522786571,1.239515241,-6.204131950
2026-03-02 21:38:05,-7.514299244,1.032385052,-6.288265781
2026-03-02 21:38:15,-7.279650604,0.878599600,-6.509852263
2026-03-02 21:38:25,-7.387198946,0.724261579,-6.600562704
2026-03-02 21:38:35,-7.194291051,0.463722739,-6.771648330
2026-03-02 21:38:45,-7.153692113,1.151477161,-6.479134590
2026-03-02 21:38:55,-6.750054348,-0.068363033,-7.190921536
2026-03-02 21:39:05,-7.177281222,-0.260891361,-6.586169694
2026-03-02 21:39:15,-7.322311631,-0.285228684,-6.525593290
2026-03-02 21:39:25,-7.185466967,0.692900207,-6.737645422
2026-03-02 21:39:35,-7.186186037,-0.563335711,-6.803710437
2026-03-02 21:39:45,-6.435654885,0.179663030,-7.465592525
2026-03-02 21:39:55,-7.721290854,-1.839141502,-5.851860682
2026-03-02 21:40:05,-7.879547854,-2.399425242,-5.328179459
2026-03-02 21:40:15,-8.573620801,-2.368108116,-4.364291780
2026-03-02 21:40:25,-8.775006395,-2.147770328,-3.884397342
2026-03-02 21:40:35,-8.883161311,-1.948986035,-3.649648145
2026-03-02 21:40:45,-9.000004683,-1.630014972,-3.582713561
2026-03-02 21:40:55,-9.157098427,-0.027382238,-3.523596168
2026-03-02 21:41:05,-9.240551356,0.241831883,-3.323738674
2026-03-02 21:41:15,-9.162956264,0.304533497,-3.247956987
2026-03-02 21:41:25,-8.789312071,-0.818632169,-4.326618566
2026-03-02 21:41:35,-9.068493308,-1.802525190,-3.389455978
2026-03-02 21:41:45,-9.026975924,-1.648175487,-3.580037322
2026-03-02 21:41:55,-8.772758592,-2.216872904,-3.668145542
2026-03-02 21:42:05,-8.977317960,-1.968990028,-3.613992130
2026-03-02 21:42:15,-8.534379643,-2.163839857,-4.303877378
2026-03-02 21:42:25,-8.367875531,-1.665120848,-4.736977566
2026-03-02 21:42:35,-8.623449119,-1.961803407,-4.068411305
2026-03-02 21:42:45,-8.452013212,-1.614729599,-4.769530958
2026-03-02 21:42:55,-9.085635429,-1.646127082,-3.169650189
2026-03-02 21:43:05,-9.185501652,-1.760983935,-3.146981456
2026-03-02 21:43:15,-9.003363651,-2.522293391,-2.859417038
2026-03-02 21:43:25,-8.851909747,-3.393961501,-2.408411110
2026-03-02 21:43:35,-8.427110808,-3.758344258,-3.486217999
2026-03-02 21:43:45,-8.465297143,-3.351299338,-3.800553541
2026-03-02 21:43:55,-8.912563906,-3.094990954,-2.652437533
2026-03-02 21:44:05,-8.423155239,-4.167863307,-2.852682333
2026-03-02 21:44:15,-8.828458954,-3.428430902,-2.560695093
2026-03-02 21:44:25,-8.512975809,-3.801965277,-3.049728265
2026-03-02 21:44:35,-8.675069101,-3.697637999,-2.678696833
2026-03-02 21:44:45,-8.897825091,-2.608957767,-3.425744135
2026-03-02 21:44:55,-8.734472319,-2.325030428,-3.932185474
2026-03-02 21:45:05,-8.955898820,-2.700984361,-3.104444913
2026-03-02 21:45:15,-9.025489697,-3.130769229,-2.578363893
2026-03-02 21:45:25,-9.141009539,-2.891879283,-1.744521590
2026-03-02 21:45:35,-9.055283016,-3.026813863,-2.045866013
2026-03-02 21:45:45,-9.221178624,-2.397043560,-2.206216576
2026-03-02 21:45:55,-9.339155925,-2.448993122,-1.726351938
2026-03-02 21:46:05,-9.164631215,-3.007325287,-1.714290210
2026-03-02 21:46:15,-9.202399503,-3.006460287,-1.758104537
2026-03-02 21:46:25,-9.252340424,-2.770925387,-1.693153984
2026-03-02 21:46:35,-9.251134738,-2.982063148,-1.575493977
2026-03-02 21:46:45,-9.162671374,-3.314557719,-1.401752134
2026-03-02 21:46:55,-9.091723186,-3.306619185,-1.493763848
2026-03-02 21:47:05,-9.315600552,-2.610189367,-0.949448610
2026-03-02 21:47:15,-9.334764858,-2.737186348,-1.083111549
2026-03-02 21:47:25,-9.478948552,-2.316023636,-1.110768129
2026-03-02 21:47:35,-9.654256826,-1.164465503,-1.375562737
2026-03-02 21:47:45,-9.558277990,-0.119607443,-1.847040225
2026-03-02 21:47:55,-9.511056566,0.114101744,-2.461460659
2026-03-02 21:48:05,-9.209074427,0.691148436,-3.304308768
2026-03-02 21:48:15,-8.926701232,-0.233379437,-3.930607202
2026-03-02 21:48:25,-9.185099897,-0.775071432,-3.234914535
2026-03-02 21:48:35,-9.356945216,-0.951095623,-2.624305491
2026-03-02 21:48:45,-9.467099325,0.315435267,-2.561346408
2026-03-02 21:48:55,-9.021181887,1.175350011,-3.677491301
2026-03-02 21:49:05,-8.988111884,0.392357457,-3.809800759
2026-03-02 21:49:15,-8.928792595,0.524840561,-4.059613084
2026-03-02 21:49:25,-8.531513832,1.630317205,-4.375445833
2026-03-02 21:49:35,-8.595389309,1.505636067,-4.593177589
2026-03-02 21:49:45,-8.712053709,1.888957073,-4.085777500
2026-03-02 21:49:55,-8.538041311,2.271000972,-4.182958001
2026-03-02 21:50:05,-8.612479560,2.279666309,-4.114327475
2026-03-02 21:50:15,-8.941921257,2.449627068,-3.306284343
2026-03-02 21:50:25,-8.931909584,1.916265682,-3.557411066
2026-03-02 21:50:35,-8.878157045,1.933035243,-3.771905587
2026-03-02 21:50:45,-8.609689252,2.711911664,-3.720424202
2026-03-02 21:50:55,-8.531540863,2.703098705,-4.077238573
2026-03-02 21:51:05,-8.215675149,3.305356998,-4.180461194
2026-03-02 21:51:15,-7.977885552,3.473075534,-4.472460182
2026-03-02 21:51:25,-8.066631776,3.734017462,-4.288287892
2026-03-02 21:51:35,-8.448937843,4.027330420,-3.259243752
2026-03-02 21:51:45,-7.815511069,4.845741078,-3.397960926
2026-03-02 21:51:55,-7.504907826,5.032521907,-3.903878402
2026-03-02 21:52:05,-7.763937878,4.779067833,-3.796655554
2026-03-02 21:52:15,-7.425755618,5.139757172,-3.742742868
2026-03-02 21:52:25,-7.495585615,4.892611003,-4.041512729
2026-03-02 21:52:35,-7.222175362,5.313814670,-4.098115059
2026-03-02 21:52:45,-6.930036538,5.773380585,-3.741934053
2026-03-02 21:52:55,-6.832781984,5.735518000,-4.209834622
2026-03-02 21:53:05,-6.140419774,6.675774369,-3.671962737
2026-03-02 21:53:15,-6.148296555,6.618369406,-3.895808225
2026-03-02 21:53:25,-6.434629038,6.309548146,-4.002111742
2026-03-02 21:53:35,-6.241762253,6.257261854,-4.037071884
2026-03-02 21:53:45,-6.053076823,6.341030054,-4.447397193
2026-03-02 21:53:55,-6.228038845,6.142974023,-4.501660306
2026-03-02 21:54:05,-6.971544726,5.630351783,-3.803002998
2026-03-02 21:54:15,-7.244562333,5.668854670,-3.454501244
2026-03-02 21:54:25,-7.035448311,5.974834195,-3.285890259
2026-03-02 21:54:35,-6.843739535,6.393117820,-2.907208079
2026-03-02 21:54:45,-6.957004043,6.111455828,-3.266845884
2026-03-02 21:54:55,-6.829331667,5.874756321,-3.834591934
2026-03-02 21:55:05,-7.407123663,5.479591848,-3.289521993
2026-03-02 21:55:15,-7.504176645,4.851575276,-3.848584113
2026-03-02 21:55:25,-7.368443294,4.747669539,-4.479044832
2026-03-02 21:55:35,-6.951370532,4.700118013,-4.909779864
2026-03-02 21:55:45,-7.010041882,4.435295021,-5.355090631
2026-03-02 21:55:55,-7.066409505,4.869378289,-4.648073071
2026-03-02 21:56:05,-6.904603689,5.021540931,-4.606607550
2026-03-02 21:56:15,-6.584790648,5.326053491,-4.986846683
2026-03-02 21:56:25,-6.292690113,5.604378018,-5.035853928
2026-03-02 21:56:35,-6.469884316,5.329441554,-5.125343672
2026-03-02 21:56:45,-6.846751068,5.383521192,-4.624591135
2026-03-02 21:56:55,-5.980109664,5.758030535,-5.140056290
2026-03-02 21:57:05,-5.682199026,6.552677626,-4.555897463
2026-03-02 21:57:15,-5.738733555,7.372626919,-3.107509366
2026-03-02 21:57:25,-6.517135625,6.576810363,-2.935488470
2026-03-02 21:57:35,-7.031855451,6.169504617,-2.612800755
2026-03-02 21:57:45,-7.011437265,6.316691914,-2.623707300
2026-03-02 21:57:55,-7.376031174,5.848886436,-2.747493006
2026-03-02 21:58:05,-7.267917642,5.687017688,-3.091587483
2026-03-02 21:58:15,-6.840101817,5.759658045,-3.842763821
2026-03-02 21:58:25,-6.888604668,5.568381891,-4.257315512
2026-03-02 21:58:35,-6.561088750,6.012860918,-4.040896477
2026-03-02 21:58:45,-6.645543804,6.223322310,-3.729556300
2026-03-02 21:58:55,-6.427282855,6.356106386,-3.875695722
2026-03-02 21:59:05,-6.765117199,5.962652777,-3.946167760
2026-03-02 21:59:15,-6.845966896,6.126857143,-3.305263288
2026-03-02 21:59:25,-6.608057103,6.260225435,-3.831154636
2026-03-02 21:59:35,-7.038031105,5.784983147,-3.626252029
2026-03-02 21:59:45,-7.861595398,5.330168130,-2.619379466
2026-03-02 21:59:55,-8.326052886,4.662380499,-2.013651903
2026-03-02 22:00:05,-8.164919216,4.660481923,-2.849099601
2026-03-02 22:00:15,-8.231641869,4.478195551,-2.961411087
2026-03-02 22:00:25,-8.085022253,4.925592119,-2.459181489
2026-03-02 22:00:35,-8.045866585,4.972976005,-2.703097028
2026-03-02 22:00:45,-8.044669061,4.733619564,-2.996665858
2026-03-02 22:00:55,-7.723782055,5.209160924,-3.122858819
2026-03-02 22:01:05,-7.825862500,5.030114807,-3.037005951
2026-03-02 22:01:15,-7.634847684,5.310889825,-3.257085981
2026-03-02 22:01:25,-7.734727873,5.120924124,-3.155157738
2026-03-02 22:01:35,-7.765456036,5.108740926,-3.091692475
2026-03-02 22:01:45,-7.383960175,5.444812436,-3.300551355
2026-03-02 22:01:55,-7.833027984,4.719486301,-3.521408089
2026-03-02 22:02:05,-7.572757045,4.977998863,-3.671049337
2026-03-02 22:02:15,-7.534856819,4.608566095,-4.075509140
2026-03-02 22:02:25,-6.965906486,5.279839408,-4.514163904
2026-03-02 22:02:35,-7.036532082,5.020903938,-4.695745658
2026-03-02 22:02:45,-7.175951170,5.032105719,-4.236469758
2026-03-02 22:02:55,-7.036352132,4.978559136,-4.822535035
2026-03-02 22:03:05,-7.388809080,4.290908050,-4.786722771
2026-03-02 22:03:15,-7.056333410,4.256890890,-5.281219229
2026-03-02 22:03:25,-7.295084341,4.169079357,-5.168357621
2026-03-02 22:03:35,-7.327057656,4.427706365,-4.979611954
2026-03-02 22:03:45,-6.895427809,4.557867605,-5.070272461
2026-03-02 22:03:55,-7.018636630,4.723707409,-5.214357551
2026-03-02 22:04:05,-6.956446675,4.605627799,-5.097913170
2026-03-02 22:04:15,-6.879625700,5.357328463,-4.319971316
2026-03-02 22:04:25,-7.354968128,4.945864113,-4.153929342
2026-03-02 22:04:35,-7.064321738,5.087962198,-4.390922252
2026-03-02 22:04:45,-6.341043051,5.843033329,-4.691844200
2026-03-02 22:04:55,-6.514647887,5.709721394,-4.489149111
2026-03-02 22:05:05,-6.408643705,5.901496251,-4.471678586
2026-03-02 22:05:15,-5.964074017,6.247069241,-4.717393742
2026-03-02 22:05:25,-6.161909864,5.721207112,-5.009589979
2026-03-02 22:05:35,-5.625646480,5.442883020,-5.765112582
2026-03-02 22:05:45,-5.268290658,5.977363983,-5.682846248
2026-03-02 22:05:55,-5.425220040,6.275504954,-5.226759658
2026-03-02 22:06:05,-5.503077501,5.717772982,-5.866937220
2026-03-02 22:06:15,-5.418941049,6.509036864,-4.989450858
2026-03-02 22:06:25,-5.379471213,6.509395375,-4.993411248
2026-03-02 22:06:35,-5.600898290,6.350033318,-4.869475059
2026-03-02 22:06:45,-5.603253937,6.426581913,-4.777242879
2026-03-02 22:06:55,-4.752583939,6.881730469,-4.946953833
2026-03-02 22:07:05,-5.220884284,6.736433561,-4.974051298
2026-03-02 22:07:15,-5.374568491,6.661637262,-4.775330890
2026-03-02 22:07:25,-5.431445891,6.531769805,-4.704934559
2026-03-02 22:07:35,-5.095267909,6.597721694,-5.170301267
2026-03-02 22:07:45,-5.051148346,6.636640192,-5.225282481
2026-03-02 22:07:55,-4.786708426,6.880383948,-4.997133509
2026-03-02 22:08:05,-4.705578834,7.213850802,-4.835915106
2026-03-02 22:08:15,-4.940362348,6.961489941,-4.795249657
2026-03-02 22:08:25,-4.914145309,7.153855966,-4.426471544
2026-03-02 22:08:35,-5.276161140,7.299646144,-3.822208045
2026-03-02 22:08:45,-4.933615110,7.231492810,-4.278496940
2026-03-02 22:08:55,-5.134504346,7.309657123,-4.375270385
2026-03-02 22:09:05,-5.440613344,6.828046300,-4.663495669
2026-03-02 22:09:15,-5.282980862,6.585320631,-4.840242005
2026-03-02 22:09:25,-5.459482959,6.924278366,-4.273813157
2026-03-02 22:09:35,-5.082007422,7.261640272,-4.144824206
2026-03-02 22:09:45,-5.308212098,7.210972728,-4.024522052
2026-03-02 22:09:55,-5.217310391,7.227397759,-4.076271865
2026-03-02 22:10:05,-4.738324492,7.492878764,-4.064030030
2026-03-02 22:10:15,-5.080537523,7.484346672,-3.595109463
2026-03-02 22:10:25,-5.101611356,7.388137828,-3.997253568
2026-03-02 22:10:35,-5.333098293,7.432535165,-3.440325661
2026-03-02 22:10:45,-5.125677915,7.563771064,-3.573631316
2026-03-02 22:10:55,-4.948895617,7.559872773,-3.660901762
2026-03-02 22:11:05,-4.698004703,7.759652176,-3.515740343
2026-03-02 22:11:15,-4.419628694,8.038582294,-3.649781200
2026-03-02 22:11:25,-4.643200298,8.004028532,-3.286856898
2026-03-02 22:11:35,-4.604177400,7.848292971,-3.664426029
2026-03-02 22:11:45,-4.658617774,7.928884917,-3.524213278
2026-03-02 22:11:55,-4.667723403,8.032789399,-3.063849924
2026-03-02 22:12:05,-4.449645073,8.189905882,-2.942126506
2026-03-02 22:12:15,-4.544747631,8.172366932,-2.639426748
2026-03-02 22:12:25,-4.549552359,8.274564067,-2.460026215
2026-03-02 22:12:35,-4.408910666,8.386310995,-2.250880316
2026-03-02 22:12:45,-4.912756298,8.136528641,-2.285158011
2026-03-02 22:12:55,-4.884105344,8.178287573,-2.618373773
2026-03-02 22:13:05,-4.374066754,8.286011332,-2.698377277
2026-03-02 22:13:15,-4.167169560,8.424702545,-2.776332551
2026-03-02 22:13:25,-3.898053872,8.421491917,-2.998443813
2026-03-02 22:13:35,-3.634662402,8.634727210,-3.170543830
2026-03-02 22:13:45,-3.873772091,8.337482486,-3.216982233
2026-03-02 22:13:55,-7.665472080,5.263547438,2.800308864
2026-03-02 22:14:05,-4.243996905,0.164635596,8.777076248
2026-03-02 22:14:15,-7.047022443,-0.563201557,6.602835110
2026-03-02 22:14:25,-8.429496389,-0.493167558,5.335214440
2026-03-02 22:14:35,-7.623554957,-1.269596537,6.010557427
2026-03-02 22:14:45,-4.918434130,-3.575007249,7.375990917
2026-03-02 22:14:55,-6.880076154,-3.052974240,6.013576056
2026-03-02 22:15:05,-7.853052158,-2.248602714,5.478004532
2026-03-02 22:15:15,-8.239311307,-3.017401418,4.354988327
2026-03-02 22:15:25,-8.631781376,-2.488236700,4.507505890
2026-03-02 22:15:35,-8.383806282,-2.573077452,4.580653617
2026-03-02 22:15:45,-6.790357823,-3.661530054,6.227328062
2026-03-02 22:15:55,-5.482756743,-3.957340422,6.850967312
2026-03-02 22:16:05,-6.278940002,-2.470315247,7.227111272
2026-03-02 22:16:15,-5.519467220,-4.143742112,6.858210707
2026-03-02 22:16:25,-6.221926850,-4.244235970,6.460926736
2026-03-02 22:16:35,-6.334274126,-3.485775444,6.793302874
2026-03-02 22:16:45,-8.477848327,-4.552344473,2.761445489
2026-03-02 22:16:55,-7.134211069,-5.960991872,3.139550259
2026-03-02 22:17:05,-6.763028357,-6.228415763,3.265100273
2026-03-02 22:17:15,-7.212507820,-4.648531205,4.848788799
2026-03-02 22:17:25,-7.786114790,-5.031180464,3.089190593
2026-03-02 22:17:35,-7.204140105,-5.183126167,3.987942535
2026-03-02 22:17:45,-6.675188370,-6.537324647,2.719381658
2026-03-02 22:17:55,-7.421454548,-5.713222709,3.428782642
2026-03-02 22:18:05,-6.816485903,-5.817523983,4.276518691
2026-03-02 22:18:15,-6.294235563,-6.665523595,3.786404050
2026-03-02 22:18:25,-6.327313927,-6.620983666,2.338600530
2026-03-02 22:18:35,-6.664934929,-6.677969731,2.265540884
2026-03-02 22:18:45,-7.433120946,-6.019085798,0.715878410
2026-03-02 22:18:55,-6.833907696,-6.997271125,0.746360799
2026-03-02 22:19:05,-6.855536332,-6.604417353,2.246973549
2026-03-02 22:19:15,-7.539526189,-5.743044349,2.044167445
2026-03-02 22:19:25,-7.787693027,-4.898215376,3.286056773
2026-03-02 22:19:35,-7.498809996,-4.696333719,4.207116521
2026-03-02 22:19:45,-7.069405880,-4.923955872,4.259258647
2026-03-02 22:19:55,-6.385571325,-4.618976472,5.634372177
2026-03-02 22:20:05,-6.771870049,-3.943784428,6.000221928
2026-03-02 22:20:15,-7.063523758,-3.471262916,5.682235828
2026-03-02 22:20:25,-7.953212332,-3.533221785,4.663699344
2026-03-02 22:20:35,-7.811750046,-2.720789824,5.395204713
2026-03-02 22:20:45,-7.110508370,-2.029709531,6.435268396
2026-03-02 22:20:55,-7.591154753,-1.569643521,5.858269390
2026-03-02 22:21:05,-8.045083170,-1.630637653,5.142174378
2026-03-02 22:21:15,-8.107506872,-2.043205842,5.029089872
2026-03-02 22:21:25,-7.906863515,-2.786086159,4.706917588
2026-03-02 22:21:35,-8.431890510,-2.470572848,4.767096710
2026-03-02 22:21:45,-8.634491351,-2.569878756,4.040589682
2026-03-02 22:21:55,-8.614136896,-2.090960977,4.369335872
2026-03-02 22:22:05,-8.859041736,-2.743619424,3.700021341
2026-03-02 22:22:15,-8.553609438,-2.250664881,3.913134457
2026-03-02 22:22:25,-8.207380118,-2.947702651,4.514244715
2026-03-02 22:22:35,-8.032664427,-2.947911623,4.546540074
2026-03-02 22:22:45,-7.794975295,-3.786366378,4.935157206
2026-03-02 22:22:55,-7.271667217,-3.767807164,5.398474598
2026-03-02 22:23:05,-7.175405310,-4.224904231,5.414615737
2026-03-02 22:23:15,-7.299364224,-4.297498317,4.698843165
2026-03-02 22:23:25,-7.131915743,-4.198552203,5.267977271
2026-03-02 22:23:35,-7.113901535,-4.379999956,5.300653554
2026-03-02 22:23:45,-6.600610983,-5.176295748,5.101156877
2026-03-02 22:23:55,-6.397474691,-5.591264058,5.123780739
2026-03-02 22:24:05,-5.990347943,-5.423576927,5.412904876
2026-03-02 22:24:15,-5.194244697,-5.870831922,6.037167715
2026-03-02 22:24:25,-4.854559847,-5.824487467,6.729604802
2026-03-02 22:24:35,-4.818345843,-5.593652460,6.881397242
2026-03-02 22:24:45,-5.154147636,-5.300763504,6.316971911
2026-03-02 22:24:55,-4.232927536,-5.979580465,6.734160321
2026-03-02 22:25:05,-3.633090548,-6.061870977,6.646235212
2026-03-02 22:25:15,-4.236632856,-6.322718942,6.308870360
2026-03-02 22:25:25,-5.304509222,-6.078864628,5.948525120
2026-03-02 22:25:35,-4.456649066,-6.202755936,6.135486286
2026-03-02 22:25:45,-4.588469447,-6.082456123,6.478064236
2026-03-02 22:25:55,-4.413200515,-5.816995945,5.927645886
2026-03-02 22:26:05,-5.384237487,-5.364669452,6.187003142
2026-03-02 22:26:15,-5.453469197,-5.680828571,5.722080756
2026-03-02 22:26:25,-5.221226277,-6.116192352,6.095684670
2026-03-02 22:26:35,-5.196370851,-5.878784674,5.877003209
2026-03-02 22:26:45,-4.944616369,-5.878524421,6.176323023
2026-03-02 22:26:55,-5.484265074,-5.225543764,6.463039126
2026-03-02 22:27:05,-5.731021714,-5.201922332,6.059028276
2026-03-02 22:27:15,-5.807491163,-4.849881855,6.184147724
2026-03-02 22:27:25,-5.631872950,-5.034475450,6.037897933
2026-03-02 22:27:35,-6.069221259,-4.672274109,6.142750170
2026-03-02 22:27:45,-5.129932645,-4.705863983,6.772955396
2026-03-02 22:27:55,-5.444474891,-4.747789596,6.895456513
2026-03-02 22:28:05,-5.722943934,-3.487985925,6.967146373
2026-03-02 22:28:15,-5.910651411,-3.380824374,6.925958210
2026-03-02 22:28:25,-5.842129557,-3.195079434,7.550089028
2026-03-02 22:28:35,-4.704213156,-3.413695720,7.749352399
2026-03-02 22:28:45,-3.921718968,-3.248584714,8.258257280
2026-03-02 22:28:55,-3.339727615,-3.368080785,8.474492754
2026-03-02 22:29:05,-3.400704392,-3.735307289,8.661804272
2026-03-02 22:29:15,-2.797103443,-2.574443111,8.970825599
2026-03-02 22:29:25,-2.873501792,-2.055348478,9.309977971
2026-03-02 22:29:35,-2.912121485,-2.886911228,8.928696856
2026-03-02 22:29:45,-3.656608877,-2.294518327,8.864946351
2026-03-02 22:29:55,-4.131291233,-1.752534624,8.632520622
2026-03-02 22:30:05,-3.382313897,-1.132800516,9.387824970
2026-03-02 22:30:15,-2.813519041,-0.608927237,9.348061768
2026-03-02 22:30:25,-1.971172337,-0.898700174,9.526329714
2026-03-02 22:30:35,-2.527408007,-0.810579261,9.519326270
2026-03-02 22:30:45,-2.630161850,0.064662603,9.352042409
2026-03-02 22:30:55,-2.417822190,-0.455204335,9.618680799
2026-03-02 22:31:05,-2.995962839,0.063472557,9.381836012
2026-03-02 22:31:15,-2.769552800,-0.652928756,9.405722814
2026-03-02 22:31:25,-3.148843079,-0.447863502,9.392481274
2026-03-02 22:31:35,-2.930712616,-1.139840226,9.362376978
2026-03-02 22:31:45,-3.067174934,-0.341505439,9.236619839
2026-03-02 22:31:55,-3.858770786,-1.038546196,9.160331947
2026-03-02 22:32:05,-3.923019389,-0.804783861,8.800303198
2026-03-02 22:32:15,-3.614819285,-0.864723543,8.988925736
2026-03-02 22:32:25,-3.804124573,-0.578591292,8.953125196
2026-03-02 22:32:35,-3.771614132,-0.075544868,9.021133367
2026-03-02 22:32:45,-4.082564469,-0.091403442,8.859735378
2026-03-02 22:32:55,-3.774476420,0.131081375,9.127229820
2026-03-02 22:33:05,-4.776238542,0.422535559,8.635080307
2026-03-02 22:33:15,-5.379421729,0.557891397,8.483851818
2026-03-02 22:33:25,-5.719494703,1.001910077,7.906907966
2026-03-02 22:33:35,-6.043692489,1.368795930,7.657365992
2026-03-02 22:33:45,-6.381748738,1.526164280,7.147679538
2026-03-02 22:33:55,-6.552722235,2.073615424,6.916198239
2026-03-02 22:34:05,-6.879852850,2.285763310,6.402780859
2026-03-02 22:34:15,-7.086245681,2.560289463,6.478841536
2026-03-02 22:34:25,-7.268733878,2.590074623,6.078124259
2026-03-02 22:34:35,-7.978283087,2.890518182,4.915793907
2026-03-02 22:34:45,-8.004640903,3.072163267,4.794833376
2026-03-02 22:34:55,-7.582666879,4.042684213,4.493083177
2026-03-02 22:35:05,-7.414413660,4.366051103,4.645853697
2026-03-02 22:35:15,-7.717475678,3.859671055,4.786679725
2026-03-02 22:35:25,-7.782775036,3.467875008,4.703294131
2026-03-02 22:35:35,-7.721790517,2.984370902,5.223290617
2026-03-02 22:35:45,-7.257703888,2.686330012,5.898648440
2026-03-02 22:35:55,-7.454414759,1.985046425,5.841464157
2026-03-02 22:36:05,-7.195056342,2.022925132,6.095198868
2026-03-02 22:36:15,-8.025692917,2.188459805,5.659205123
2026-03-02 22:36:25,-8.023378645,2.513533202,5.076403845
2026-03-02 22:36:35,-8.229456528,2.449383925,4.551407489
2026-03-02 22:36:45,-7.951447705,2.430998927,4.810895886
2026-03-02 22:36:55,-7.889961219,3.071880035,4.995325607
2026-03-02 22:37:05,-7.962002642,2.930193386,4.952010942
2026-03-02 22:37:15,-7.679309813,3.642618197,4.889278283
2026-03-02 22:37:25,-8.089411330,3.590538268,4.341826816
2026-03-02 22:37:35,-8.019166111,3.495602894,4.162646304
2026-03-02 22:37:45,-7.950485768,3.781795736,4.617177081
2026-03-02 22:37:55,-8.447670202,3.704759112,3.719268219
2026-03-02 22:38:05,-8.477582553,3.112215319,3.289871247
2026-03-02 22:38:15,-8.786664758,2.796747319,3.404888366
2026-03-02 22:38:25,-8.441559530,3.237374253,3.644645026
2026-03-02 22:38:35,-8.164410107,3.144714659,3.636414239
2026-03-02 22:38:45,-9.145881543,3.216276623,2.278961490
2026-03-02 22:38:55,-8.526651032,3.156187567,3.221726244
2026-03-02 22:39:05,-9.090181696,3.150579815,1.934839113
2026-03-02 22:39:15,-9.285013969,2.500559959,2.223784707
2026-03-02 22:39:25,-9.120649844,3.494246961,1.661089145
2026-03-02 22:39:35,-9.056536521,3.329261601,1.436193393
2026-03-02 22:39:45,-8.837429250,3.604177631,1.379894197
2026-03-02 22:39:55,-9.477238833,2.771657645,0.982277429
2026-03-02 22:40:05,-9.642731214,2.891974611,0.340479598
2026-03-02 22:40:15,-8.846208997,2.984549659,1.835960204
2026-03-02 22:40:25,-8.727813710,4.036028208,1.451073255
2026-03-02 22:40:35,-8.876827987,3.672595535,1.625856218
2026-03-02 22:40:45,-8.916743722,3.676308185,2.209576498
2026-03-02 22:40:55,-8.828524101,4.130511864,2.159328783
2026-03-02 22:41:05,-8.525740167,4.949425663,1.040105833
2026-03-02 22:41:15,-8.448562300,4.809265494,1.191443058
2026-03-02 22:41:25,-8.737826002,4.634575443,2.076765860
2026-03-02 22:41:35,-8.258241294,4.198169364,2.288346204
2026-03-02 22:41:45,-8.314270534,4.761774560,2.408414564
2026-03-02 22:41:55,-8.622551892,4.527168405,1.087619512
2026-03-02 22:42:05,-8.742233885,4.685269245,1.471419437
2026-03-02 22:42:15,-9.027731770,3.991565137,0.398071318
2026-03-02 22:42:25,-9.021733702,3.405455690,-0.007402479
2026-03-02 22:42:35,-9.095295933,3.831696491,-0.650201207
2026-03-02 22:42:45,-8.944463315,4.280617667,-0.202086007
2026-03-02 22:42:55,-8.638474728,4.592145832,0.270285016
2026-03-02 22:43:05,-8.397032422,4.944816619,0.612426611
2026-03-02 22:43:15,-8.786549190,4.843463882,0.195528863
2026-03-02 22:43:25,-8.835866322,3.513193619,0.830553857
2026-03-02 22:43:35,-9.209575071,3.224233147,2.145462899
2026-03-02 22:43:45,-9.574865149,2.538969743,2.030748808
2026-03-02 22:43:55,-8.860395258,3.197170860,2.650443429
2026-03-02 22:44:05,-9.159548922,2.303091972,2.698611024
2026-03-02 22:44:15,-9.059785827,2.034146452,2.890857916
2026-03-02 22:44:25,-8.735035776,3.056843361,3.073564457
2026-03-02 22:44:35,-9.123771663,2.190974308,3.190262425
2026-03-02 22:44:45,-9.146663712,1.445366076,2.847657976
2026-03-02 22:44:55,-9.480688471,1.098521659,3.036786809
2026-03-02 22:45:05,-9.762733456,0.363261729,1.486148656
2026-03-02 22:45:15,-9.625511628,0.066990825,1.231573853
2026-03-02 22:45:25,-9.630454743,-0.485157075,1.634390904
2026-03-02 22:45:35,-9.528198733,-1.150623778,0.322689000
2026-03-02 22:45:45,-9.910528450,-0.785124612,0.355405630
2026-03-02 22:45:55,-9.509244817,-0.535859816,-0.220292247
2026-03-02 22:46:05,-9.935832512,-0.598644235,-0.466907480
2026-03-02 22:46:15,-10.001203976,0.194542324,-0.449540440
2026-03-02 22:46:25,-9.863365554,0.744019707,0.192450941
2026-03-02 22:46:35,-9.899703487,-0.008698807,-0.389973841
2026-03-02 22:46:45,-9.770149564,-0.210283431,-0.699855520
2026-03-02 22:46:55,-9.859839732,-0.605152289,-0.654668986
2026-03-02 22:47:05,-9.893475808,0.376661115,-1.273528583
2026-03-02 22:47:15,-9.632586211,-0.119563897,-1.071255752
2026-03-02 22:47:25,-9.876893735,0.638895717,0.149713218
2026-03-02 22:47:35,-9.758808080,-0.349250297,0.259143705
2026-03-02 22:47:45,-9.695188712,-1.156034398,0.847365501
2026-03-02 22:47:55,-9.628572823,-0.903212288,0.408030667
2026-03-02 22:48:05,-9.938182595,-0.251057050,0.225081118
2026-03-02 22:48:15,-9.719942106,-0.128545167,0.454495021
2026-03-02 22:48:25,-9.908935454,-0.218249840,-0.059704493
2026-03-02 22:48:35,-9.983508080,-0.521872741,-0.136891631
2026-03-02 22:48:45,-9.804028188,-0.789619311,0.073255887
2026-03-02 22:48:55,-9.483996104,-0.824897065,-0.632896023
2026-03-02 22:49:05,-9.675211158,-0.750464330,-0.529289879
2026-03-02 22:49:15,-9.961178822,-0.638270500,-0.556173010
2026-03-02 22:49:25,-9.755859375,-0.352768450,-0.803176288
2026-03-02 22:49:35,-9.988920996,-0.828098426,-0.463589085
2026-03-02 22:49:45,-9.756402864,-1.083689233,-0.819404507
2026-03-02 22:49:55,-9.532395874,-1.010404732,-1.042904600
2026-03-02 22:50:05,-9.670714709,-1.241991038,-1.755705110
2026-03-02 22:50:15,-9.790656898,-1.856962063,-1.450812358
2026-03-02 22:50:25,-9.386099195,-2.591886350,-0.464547751
2026-03-02 22:50:35,-9.323138326,-2.852510610,-0.149709848
2026-03-02 22:50:45,-9.144304661,-3.263788349,0.077212496
2026-03-02 22:50:55,-9.106709490,-2.519349357,-0.137354513
2026-03-02 22:51:05,-9.300946919,-2.186584143,0.470733790
2026-03-02 22:51:15,-9.638995617,-2.167972712,0.333541922
2026-03-02 22:51:25,-9.570333903,-2.204805535,-0.089373606
2026-03-02 22:51:35,-9.669892863,-2.056491500,0.198836951
2026-03-02 22:51:45,-9.792355697,-2.128408476,-0.753875864
2026-03-02 22:51:55,-9.145965152,-3.086480222,-0.883668315
2026-03-02 22:52:05,-9.449108881,-2.803795078,-0.784068077
2026-03-02 22:52:15,-9.454294601,-2.225042127,-0.762424586
2026-03-02 22:52:25,-9.655896048,-1.925124336,-0.871077486
2026-03-02 22:52:35,-9.160955185,-2.814894316,-0.775841200
2026-03-02 22:52:45,-9.464509534,-2.789959663,-0.902382997
2026-03-02 22:52:55,-9.430581872,-1.913508106,-1.847672644
2026-03-02 22:53:05,-9.566668377,-2.019653761,-1.057280193
2026-03-02 22:53:15,-9.355433828,-2.004133403,-1.086769842
2026-03-02 22:53:25,-9.827264781,-1.349993646,-0.112412692
2026-03-02 22:53:35,-9.709168626,-1.503017919,-0.706975110
2026-03-02 22:53:45,-9.618096759,-1.295960860,0.325258360
2026-03-02 22:53:55,-9.434294533,-1.089537787,-0.542541288
2026-03-02 22:54:05,-9.573585692,-1.966130795,-0.291106850
2026-03-02 22:54:15,-9.700509791,-2.251779210,0.018804251
2026-03-02 22:54:25,-9.644574629,-1.643071394,-0.126519167
2026-03-02 22:54:35,-9.488778972,-1.349986912,0.076450133
2026-03-02 22:54:45,-9.797976122,-1.291810357,-0.445876995
2026-03-02 22:54:55,-9.781236105,-1.618301116,0.147152723
2026-03-02 22:55:05,-9.561097018,-1.364651527,-0.138965679
2026-03-02 22:55:15,-9.719173105,-1.161994930,0.053511308
2026-03-02 22:55:25,-9.888050548,-0.834497955,-0.801335305
2026-03-02 22:55:35,-9.872259568,-0.372375681,-1.105324343
2026-03-02 22:55:45,-9.906011789,-0.662984520,-0.606615162
2026-03-02 22:55:55,-9.804268185,-0.687842598,-0.489709631
2026-03-02 22:56:05,-9.650828114,-0.802086979,-0.590001107
2026-03-02 22:56:15,-9.656924324,-1.171836576,-0.579030652
2026-03-02 22:56:25,-9.920836928,-0.673941417,-0.173137409
2026-03-02 22:56:35,-9.533238602,-0.496608887,-0.122771321
2026-03-02 22:56:45,-9.612957731,-0.781203326,-0.613219183
2026-03-02 22:56:55,-9.839977229,-0.450969003,-0.468002745
2026-03-02 22:57:05,-9.768195237,-0.186988736,-0.841160785
2026-03-02 22:57:15,-9.758762842,-0.309679410,-0.857676332
2026-03-02 22:57:25,-9.584286137,-0.371771674,-1.016351521
2026-03-02 22:57:35,-9.945030318,-0.816474764,-0.895204954
2026-03-02 22:57:45,-9.668976009,-0.030094450,-1.360518406
2026-03-02 22:57:55,-9.806916457,-1.019732703,-1.161184105
2026-03-02 22:58:05,-9.612638958,-1.080218080,-0.909196313
2026-03-02 22:58:15,-9.792770338,-1.261245733,-0.877697072
2026-03-02 22:58:25,-9.547906210,-0.906585715,-1.465742908
2026-03-02 22:58:35,-9.537192915,-1.369077512,-1.580962900
2026-03-02 22:58:45,-9.831577417,-0.525027360,-1.454584602
2026-03-02 22:58:55,-9.652788437,-1.308672123,-1.025131036
2026-03-02 22:59:05,-9.805818076,-1.435305783,-1.339072842
2026-03-02 22:59:15,-9.624469852,-1.149528777,-1.178414954
2026-03-02 22:59:25,-9.575644263,-1.365595041,-0.879300689
2026-03-02 22:59:35,-9.642924648,-1.372810335,-0.420521773
2026-03-02 22:59:45,-9.466070780,-1.143586252,-0.410797487
2026-03-02 22:59:55,-9.762353372,-1.501279419,-0.223363109
2026-03-02 23:00:05,-9.604262887,-1.325118509,-0.728413743
2026-03-02 23:00:15,-9.760852544,-1.210190476,-0.686583466
2026-03-02 23:00:25,-9.743612622,-1.786813200,-0.643230562
2026-03-02 23:00:35,-9.491709988,-1.433732759,-0.798142308
2026-03-02 23:00:45,-9.493446862,-2.137153933,-0.429600903
2026-03-02 23:00:55,-9.497692375,-2.212629806,-0.691728122
2026-03-02 23:01:05,-9.544910358,-1.587621689,-0.979356982
2026-03-02 23:01:15,-9.495494026,-1.688300739,-0.987232355
2026-03-02 23:01:25,-9.761554290,-1.522169676,-1.026937425
2026-03-02 23:01:35,-9.606785244,-1.656762612,-0.937729118
2026-03-02 23:01:45,-9.617519169,-1.789846054,-1.532073552
2026-03-02 23:01:55,-9.521440489,-1.308844804,-1.667738356
2026-03-02 23:02:05,-9.769733612,-1.242898148,-1.939153469
2026-03-02 23:02:15,-9.525129930,-0.975053251,-1.698164130
2026-03-02 23:02:25,-9.445083442,-1.124108611,-2.245156548
2026-03-02 23:02:35,-9.413478484,-1.202977527,-2.218563541
2026-03-02 23:02:45,-9.621525343,-1.273487547,-2.216007100
2026-03-02 23:02:55,-9.639274138,-0.799313569,-1.504447003
2026-03-02 23:03:05,-9.701356757,-1.110237984,-1.628219449
2026-03-02 23:03:15,-9.389209787,-1.468195360,-1.413513200
2026-03-02 23:03:25,-9.445973450,-1.790233102,-1.547853337
2026-03-02 23:03:35,-9.411250461,-1.552917100,-1.781685956
2026-03-02 23:03:45,-9.488131892,-2.045007534,-2.142188135
2026-03-02 23:03:55,-9.490065154,-2.024971829,-2.369476236
2026-03-02 23:04:05,-9.643425947,-2.078193969,-1.720776012
2026-03-02 23:04:15,-9.693067039,-2.523745949,-1.964158334
2026-03-02 23:04:25,-9.271786444,-1.998481943,-1.620968724
2026-03-02 23:04:35,-9.281991751,-2.351168607,-1.317427754
2026-03-02 23:04:45,-9.823355368,-2.394651667,-1.420892698
2026-03-02 23:04:55,-9.667916830,-1.991071532,-0.904290938
2026-03-02 23:05:05,-9.833246986,-1.672709291,-0.783544614
2026-03-02 23:05:15,-9.651931137,-1.676476338,-0.557943682
2026-03-02 23:05:25,-9.880878873,-1.703123074,-1.083430303
2026-03-02 23:05:35,-9.630216955,-1.323876256,-0.908354318
2026-03-02 23:05:45,-9.555050100,-1.984611403,-0.717829411
2026-03-02 23:05:55,-9.696220794,-1.748386279,-0.734647669
2026-03-02 23:06:05,-9.703547919,-1.901255711,-0.925836273
2026-03-02 23:06:15,-9.709985662,-1.761834565,-0.842811005
2026-03-02 23:06:25,-9.879270838,-1.880215497,-1.010844401
2026-03-02 23:06:35,-9.621575761,-1.547406154,-1.168468306
2026-03-02 23:06:45,-9.779272171,-1.355666595,-1.323139435
2026-03-02 23:06:55,-9.477875297,-1.296491460,-1.159287530
2026-03-02 23:07:05,-9.505341495,-1.810313107,-1.326285427
2026-03-02 23:07:15,-9.673887191,-1.173946326,-1.221585106
2026-03-02 23:07:25,-9.725882208,-1.414172983,-0.798484838
2026-03-02 23:07:35,-9.704493153,-1.291814263,-1.287769581
2026-03-02 23:07:45,-9.514275558,-1.509119549,-0.859510598
2026-03-02 23:07:55,-9.758746564,-1.445790151,-0.451418716
2026-03-02 23:08:05,-9.599958695,-1.584642447,-0.842808990
2026-03-02 23:08:15,-9.566835316,-1.722272267,-0.298029073
2026-03-02 23:08:25,-9.582201142,-1.608190553,-0.862450893
2026-03-02 23:08:35,-9.700872510,-1.122427819,-0.724878349
2026-03-02 23:08:45,-9.536233029,-1.507909482,0.185871633
2026-03-02 23:08:55,-9.751812177,-1.464687035,0.265339622
2026-03-02 23:09:05,-9.755454120,-1.034787963,0.425093442
2026-03-02 23:09:15,-9.923907099,-0.984496726,0.688323141
2026-03-02 23:09:25,-9.766345550,-0.646983901,0.612115880
2026-03-02 23:09:35,-9.889753552,-0.629742747,-0.074753719
2026-03-02 23:09:45,-9.806836099,-0.696980291,-0.227039774
2026-03-02 23:09:55,-9.799743291,-0.593970444,-0.019113043
2026-03-02 23:10:05,-9.963074167,-0.925293151,0.065787278
2026-03-02 23:10:15,-9.943535206,-0.535114372,-0.005174266
2026-03-02 23:10:25,-9.782464074,-0.365912255,0.295626761
2026-03-02 23:10:35,-9.727625703,-0.255630119,-0.242391227
2026-03-02 23:10:45,-9.817796484,-0.731337266,0.091158187
2026-03-02 23:10:55,-9.790437396,-0.707873288,0.167738310
2026-03-02 23:11:05,-9.847710446,-0.671618776,-0.169088464
2026-03-02 23:11:15,-9.977210087,-0.751651909,0.137358384
2026-03-02 23:11:25,-9.874256978,-0.992719636,0.135332371
2026-03-02 23:11:35,-9.879452713,-0.798600482,0.326094888
2026-03-02 23:11:45,-10.007270875,-0.979588683,0.430067169
2026-03-02 23:11:55,-9.875577323,-0.786741502,-0.012380458
2026-03-02 23:12:05,-9.734749222,-0.567120080,-0.001242215
2026-03-02 23:12:15,-9.849703318,-0.387556196,0.302893271
2026-03-02 23:12:25,-9.773631686,-0.942553177,-0.268474622
2026-03-02 23:12:35,-9.608387757,-0.999269351,-0.448164248
2026-03-02 23:12:45,-9.909946535,-0.546208778,-0.413619863
2026-03-02 23:12:55,-9.451292150,-1.394394794,-0.399280902
2026-03-02 23:13:05,-9.732918032,-1.661923358,-0.323915786
2026-03-02 23:13:15,-9.690959644,-1.681488812,-0.523078462
2026-03-02 23:13:25,-9.831986545,-1.496441612,-0.562229260
2026-03-02 23:13:35,-9.680878247,-1.662583401,-0.536388214
2026-03-02 23:13:45,-9.772169577,-1.380636832,0.502868157
2026-03-02 23:13:55,-9.524876791,-2.055804476,0.545723262
2026-03-02 23:14:05,-9.745016648,-1.745403265,0.426110740
2026-03-02 23:14:15,-9.454727133,-1.772054496,0.773031012
2026-03-02 23:14:25,-9.536249583,-1.275750404,0.600884908
2026-03-02 23:14:35,-9.581245187,-1.572686562,1.022258302
2026-03-02 23:14:45,-9.810516137,-1.396225748,0.712422103
2026-03-02 23:14:55,-9.488675863,-1.592369262,0.836971843
2026-03-02 23:15:05,-9.810428138,-1.470186898,0.399681247
2026-03-02 23:15:15,-9.605432136,-1.760035627,0.105839370
2026-03-02 23:15:25,-9.936903139,-1.275297056,0.163584584
2026-03-02 23:15:35,-9.758336292,-1.436013729,0.330645000
2026-03-02 23:15:45,-9.858596476,-0.790492397,0.221352838
2026-03-02 23:15:55,-9.680511125,-1.262511614,0.249936495
2026-03-02 23:16:05,-9.918683139,-1.022967108,0.163829901
2026-03-02 23:16:15,-9.529692784,-1.478410993,-0.004760196
2026-03-02 23:16:25,-9.555573994,-1.720303520,0.017504157
2026-03-02 23:16:35,-9.820079735,-1.234765494,-0.219858496
2026-03-02 23:16:45,-9.585940504,-1.922772905,-0.463294620
2026-03-02 23:16:55,3.570740457,1.169776875,-9.244140824
2026-03-02 23:17:05,3.122835189,-1.864312674,-8.306461636
2026-03-02 23:17:15,4.398492820,-6.343744337,-6.148957985
2026-03-02 23:17:25,-0.795411051,-9.953098021,-2.096447765
2026-03-02 23:17:35,2.125711117,-8.914854273,-3.752674683
2026-03-02 23:17:45,-0.498477696,-9.600428318,-3.628641179
2026-03-02 23:17:55,-0.016749244,-8.902124781,-5.382879107
2026-03-02 23:18:05,1.990803824,-9.102307564,-3.529250271
2026-03-02 23:18:15,5.127974657,-8.813128708,-2.166786309
2026-03-02 23:18:25,5.186260627,-3.211295912,-6.898218899
2026-03-02 23:18:35,5.832449391,-4.906238954,-6.923520280
2026-03-02 23:18:45,5.145992392,-2.813498449,-7.930752482
2026-03-02 23:18:55,5.079260015,-7.308465884,-2.653006571
2026-03-02 23:19:05,6.033819949,-7.624626098,-2.910297117
2026-03-02 23:19:15,5.524699030,-7.370618452,-3.787237735
2026-03-02 23:19:25,3.952994486,-7.616578657,-4.290440040
2026-03-02 23:19:35,5.374666583,-7.582674657,-3.253384807
2026-03-02 23:19:45,2.489779092,-8.399428913,-3.664321955
2026-03-02 23:19:55,5.529833027,-7.562804844,-2.895305804
2026-03-02 23:20:05,6.004679822,-6.282659657,-4.427174168
2026-03-02 23:20:15,5.498452293,-7.814385674,-4.010587009
2026-03-02 23:20:25,5.691361371,-7.553610014,-2.539536543
2026-03-02 23:20:35,6.661070348,-7.088202950,-2.235712083
2026-03-02 23:20:45,5.301097414,-7.601999826,-3.085645299
2026-03-02 23:20:55,4.480560071,-8.093191277,-3.205982425
2026-03-02 23:21:05,3.663450597,-7.668096308,-3.547764600
2026-03-02 23:21:15,3.901201338,-7.196771670,-4.856745215
2026-03-02 23:21:25,4.548389018,-6.666194699,-5.562892705
2026-03-02 23:21:35,3.214610676,-6.018961282,-6.365553598
2026-03-02 23:21:45,3.453525582,-7.090919030,-5.433369871
2026-03-02 23:21:55,3.112769159,-8.750378472,-3.543482034
2026-03-02 23:22:05,3.587953405,-8.015842704,-4.100387426
2026-03-02 23:22:15,3.730882508,-7.614963221,-4.679838041
2026-03-02 23:22:25,2.352888799,-8.284265078,-4.339783917
2026-03-02 23:22:35,1.617819852,-8.004821589,-6.192702156
2026-03-02 23:22:45,1.484437419,-6.771506153,-6.993259069
2026-03-02 23:22:55,1.132342378,-7.259649911,-7.204744512
2026-03-02 23:23:05,1.164828355,-7.168548195,-6.264068329
2026-03-02 23:23:15,2.316671618,-7.278967573,-6.120753259
2026-03-02 23:23:25,2.174801531,-8.219525102,-4.675411669
2026-03-02 23:23:35,1.768291361,-8.276800500,-4.308916241
2026-03-02 23:23:45,0.642465754,-8.846841675,-4.436908595
2026-03-02 23:23:55,-0.061110048,-8.449711479,-4.272614270
2026-03-02 23:24:05,0.742822853,-9.052756578,-2.783609816
2026-03-02 23:24:15,0.775690258,-8.189965452,-4.820030421
2026-03-02 23:24:25,0.237762784,-8.551604477,-4.847691463
2026-03-02 23:24:35,0.530879073,-8.773567866,-5.855421152
2026-03-02 23:24:45,-0.114164637,-7.405804999,-5.970206272
2026-03-02 23:24:55,0.973567923,-7.758729492,-6.037068014
2026-03-02 23:25:05,0.228980662,-8.589500307,-4.374803467
2026-03-02 23:25:15,2.089611453,-8.245623256,-5.294071551
2026-03-02 23:25:25,1.470221007,-7.728073790,-4.992122060
2026-03-02 23:25:35,1.376045421,-7.797186204,-5.937353336
2026-03-02 23:25:45,2.541938777,-7.294579549,-6.250657243
2026-03-02 23:25:55,3.056205819,-7.652463399,-5.653587109
2026-03-02 23:26:05,2.031189672,-7.742151292,-5.995824490
2026-03-02 23:26:15,1.464235320,-7.317138143,-6.072952623
2026-03-02 23:26:25,1.320140211,-8.102746995,-6.122931804
2026-03-02 23:26:35,1.067215659,-7.139452334,-5.888768226
2026-03-02 23:26:45,1.203164350,-7.290706858,-5.893909069
2026-03-02 23:26:55,1.382713929,-8.105400790,-5.143361663
2026-03-02 23:27:05,1.658432325,-7.392869516,-7.062844994
2026-03-02 23:27:15,0.672743830,-7.520275535,-6.119814298
2026-03-02 23:27:25,0.231861283,-7.180181641,-6.835298784
2026-03-02 23:27:35,2.522135556,-8.248118590,-5.223572962
2026-03-02 23:27:45,2.643915249,-7.105008139,-6.612008580
2026-03-02 23:27:55,1.408280379,-7.619361759,-6.131646921
2026-03-02 23:28:05,2.796351804,-7.912907647,-6.314869141
2026-03-02 23:28:15,1.707373905,-7.428623167,-5.820979460
2026-03-02 23:28:25,3.187072716,-7.090918818,-5.868809957
2026-03-02 23:28:35,2.574116658,-5.747457180,-7.359402984
2026-03-02 23:28:45,3.449840527,-6.760840602,-6.057676931
2026-03-02 23:28:55,2.671771747,-6.585501607,-5.944992747
2026-03-02 23:29:05,1.689646523,-7.347559927,-6.877929570
2026-03-02 23:29:15,2.296054181,-6.958014747,-7.189643839
2026-03-02 23:29:25,2.770679948,-6.405702534,-7.428183250
2026-03-02 23:29:35,1.579195388,-7.153249405,-7.030850798
2026-03-02 23:29:45,3.770403164,-5.745485932,-7.080327752
2026-03-02 23:29:55,3.656143803,-6.029394818,-7.081611716
2026-03-02 23:30:05,2.744575031,-6.008688660,-7.601527358
2026-03-02 23:30:15,3.071658018,-6.045089221,-7.803436495
2026-03-02 23:30:25,2.473719260,-5.062654895,-7.960047556
2026-03-02 23:30:35,3.033804284,-4.673578183,-7.486839861
2026-03-02 23:30:45,3.365384108,-4.318413596,-7.635647928
2026-03-02 23:30:55,2.871300142,-5.378135157,-7.751813648
2026-03-02 23:31:05,1.468947919,-3.994033401,-8.692494486
2026-03-02 23:31:15,2.271556159,-3.870919298,-9.236547496
2026-03-02 23:31:25,1.728651603,-3.096877604,-8.615879924
2026-03-02 23:31:35,1.209221102,-3.165782891,-9.649307000
2026-03-02 23:31:45,0.132067831,-2.464657770,-9.052086546
2026-03-02 23:31:55,0.551394773,-3.591362795,-9.055486798
2026-03-02 23:32:05,1.343693473,-3.273035117,-8.376198562
2026-03-02 23:32:15,0.405293441,-3.194999694,-10.028324540
2026-03-02 23:32:25,2.069304580,-2.137169427,-10.632970882
2026-03-02 23:32:35,0.857291438,-2.274791188,-8.313740893
2026-03-02 23:32:45,1.052842956,-3.349229279,-9.283677308
2026-03-02 23:32:55,-0.114515147,-3.440940641,-9.335429360
2026-03-02 23:33:05,-0.247104066,-3.509412060,-9.710652371
2026-03-02 23:33:15,0.308491130,-3.052852506,-9.435861651
2026-03-02 23:33:25,0.717510409,-2.901574953,-9.912031303
2026-03-02 23:33:35,-0.399167123,-2.192701027,-9.726233178
2026-03-02 23:33:45,0.519973742,-1.489000566,-10.456781510
2026-03-02 23:33:55,0.695811929,-1.895097887,-9.433998538
2026-03-02 23:34:05,0.511858276,-2.158677497,-9.233804643
2026-03-02 23:34:15,0.279527349,-1.889594772,-10.395945203
2026-03-02 23:34:25,-0.510430968,-1.791900353,-9.427371962
2026-03-02 23:34:35,-1.312339397,-2.288268000,-9.430138982
2026-03-02 23:34:45,0.001746527,-1.432926327,-9.868945993
2026-03-02 23:34:55,1.039607773,-2.237281637,-9.207324578
2026-03-02 23:35:05,0.184503190,-2.309161600,-9.473070144
2026-03-02 23:35:15,0.201304840,-2.302422772,-9.141441125
2026-03-02 23:35:25,1.199609153,-2.020106199,-9.992945807
2026-03-02 23:35:35,1.182815781,-1.347284414,-9.632227369
2026-03-02 23:35:45,0.783960033,-0.095856146,-10.247454161
2026-03-02 23:35:55,0.654338362,-0.634738422,-9.548968336
2026-03-02 23:36:05,0.709470419,-0.246328403,-9.684460808
2026-03-02 23:36:15,1.066917739,0.489746519,-10.260371705
2026-03-02 23:36:25,0.777661955,0.525472500,-9.730199152
2026-03-02 23:36:35,0.781937302,0.817029693,-10.138372768
2026-03-02 23:36:45,-0.723815656,0.554355901,-9.905856950
2026-03-02 23:36:55,-0.075285093,0.934527525,-9.237195699
2026-03-02 23:37:05,-0.038428969,1.781976655,-9.480346624
2026-03-02 23:37:15,0.323128672,1.074821663,-10.111208742
2026-03-02 23:37:25,-0.500801262,0.535423165,-10.194142029
2026-03-02 23:37:35,-0.785857185,0.562715965,-9.690233347
2026-03-02 23:37:45,-0.631785449,1.866462810,-9.958067238
2026-03-02 23:37:55,-1.007004972,1.860679929,-10.029404121
2026-03-02 23:38:05,-0.856366761,2.337687148,-9.295422500
2026-03-02 23:38:15,-0.701268216,2.252834129,-9.387978336
2026-03-02 23:38:25,-1.008944612,1.600434113,-9.628646264
2026-03-02 23:38:35,-1.028045984,1.873364582,-9.305950046
2026-03-02 23:38:45,-0.101172690,2.166280922,-9.286007019
2026-03-02 23:38:55,-1.332248165,1.957322934,-9.801314262
2026-03-02 23:39:05,-1.741119633,1.468752721,-9.249984930
2026-03-02 23:39:15,-1.585718634,2.027164055,-9.716761711
2026-03-02 23:39:25,-1.405056866,1.859740350,-9.638080443
2026-03-02 23:39:35,-2.349934433,1.392264242,-9.339585016
2026-03-02 23:39:45,-1.312546588,0.867345770,-8.955015952
2026-03-02 23:39:55,-1.836387162,1.113800531,-9.846421751
2026-03-02 23:40:05,-1.701556292,1.551309680,-9.041789115
2026-03-02 23:40:15,-1.921318417,1.972727181,-9.625559828
2026-03-02 23:40:25,-1.520691323,2.646990870,-9.460958708
2026-03-02 23:40:35,-2.087048205,3.112206009,-8.985101269
2026-03-02 23:40:45,-1.999844084,1.977486852,-9.136109213
2026-03-02 23:40:55,-1.741368114,2.572667094,-8.915703214
2026-03-02 23:41:05,-1.477351897,1.729926200,-10.105849055
2026-03-02 23:41:15,-1.513109553,2.081133909,-9.675008588
2026-03-02 23:41:25,-1.715744097,2.320245627,-9.315201224
2026-03-02 23:41:35,-2.621414744,2.677251605,-9.456008068
2026-03-02 23:41:45,-2.231804503,1.990869543,-9.327766536
2026-03-02 23:41:55,-2.971812771,3.380523592,-9.105859267
2026-03-02 23:42:05,-2.824911839,3.324472009,-8.865759215
2026-03-02 23:42:15,-2.447385693,1.463765286,-9.002929598
2026-03-02 23:42:25,-2.535967163,2.000677064,-9.372982379
2026-03-02 23:42:35,-2.507724697,2.682587595,-9.376885359
2026-03-02 23:42:45,-2.962738886,2.182710731,-8.888724857
2026-03-02 23:42:55,-3.365995625,2.765521309,-8.788660903
2026-03-02 23:43:05,-2.597804354,2.988992123,-8.338577171
2026-03-02 23:43:15,-2.937072026,2.778301674,-8.782527478
2026-03-02 23:43:25,-2.956381752,2.650596469,-8.919227990
2026-03-02 23:43:35,-3.667708764,3.390768485,-8.652752051
2026-03-02 23:43:45,-2.718522969,3.520267876,-8.900949071
2026-03-02 23:43:55,-2.764001245,3.330676080,-9.117256235
2026-03-02 23:44:05,-3.239807834,3.355787526,-8.460498842
2026-03-02 23:44:15,-3.399409299,4.105029334,-8.398057796
2026-03-02 23:44:25,-4.065000090,2.467500929,-8.471967407
2026-03-02 23:44:35,-3.816182580,3.410540433,-8.617576244
2026-03-02 23:44:45,-3.049819252,3.657134195,-8.997091220
2026-03-02 23:44:55,-3.172148884,3.657437588,-8.670778049
2026-03-02 23:45:05,-2.706165278,4.002388100,-8.140189267
2026-03-02 23:45:15,-2.399388141,3.704071134,-8.938269620
2026-03-02 23:45:25,-2.723779530,3.936566186,-8.585268141
2026-03-02 23:45:35,-2.948697804,4.163976047,-9.307063302
2026-03-02 23:45:45,-2.734883871,3.562448075,-8.617530235
2026-03-02 23:45:55,-1.706247578,2.853563724,-8.549904279
2026-03-02 23:46:05,-1.975953942,3.369164371,-9.198239545
2026-03-02 23:46:15,-1.284225600,3.260392597,-9.042849069
2026-03-02 23:46:25,-0.659386892,3.281171931,-9.234736932
2026-03-02 23:46:35,-1.560762148,3.058423809,-9.055406171
2026-03-02 23:46:45,-0.320760608,2.645808445,-9.499722415
2026-03-02 23:46:55,-1.712589148,2.686702581,-9.105090477
2026-03-02 23:47:05,-1.416367385,2.863635153,-9.609229333
2026-03-02 23:47:15,-1.477192832,2.892931090,-9.244300486
2026-03-02 23:47:25,-1.326120052,3.253966826,-8.890656673
2026-03-02 23:47:35,-1.033256389,3.350995378,-8.234804306
2026-03-02 23:47:45,-0.879299084,3.001689212,-8.648434566
2026-03-02 23:47:55,-1.030326228,3.609910294,-8.946896070
2026-03-02 23:48:05,-1.636331956,2.652854327,-9.414303877
2026-03-02 23:48:15,-1.583799020,3.527690527,-9.020510812
2026-03-02 23:48:25,-1.926934661,3.981109493,-8.686269088
2026-03-02 23:48:35,-1.297857226,2.985549243,-9.182790127
2026-03-02 23:48:45,-1.651505569,3.917746451,-9.015624176
2026-03-02 23:48:55,-0.477697633,4.199296283,-9.369816766
2026-03-02 23:49:05,-0.507469851,3.336828972,-9.251952455
2026-03-02 23:49:15,-0.362602787,4.145751201,-8.336486905
2026-03-02 23:49:25,-1.410032974,4.361189007,-9.276952917
2026-03-02 23:49:35,-0.841802942,3.948341374,-8.695949207
2026-03-02 23:49:45,-1.351178661,4.424216654,-9.499097699
2026-03-02 23:49:55,-1.168541986,4.020625588,-9.664946122
2026-03-02 23:50:05,-1.257924632,3.842213736,-9.183705622
2026-03-02 23:50:15,-0.996580770,3.917058391,-9.328666893
2026-03-02 23:50:25,-0.879220122,4.594225250,-8.509422098
2026-03-02 23:50:35,-1.054983884,4.141889067,-8.980785172
2026-03-02 23:50:45,-0.653206449,3.973007981,-9.239485250
2026-03-02 23:50:55,-0.429835392,4.139555981,-8.709928384
2026-03-02 23:51:05,1.233632099,5.454382963,-8.528904362
2026-03-02 23:51:15,0.759263321,4.532542917,-8.482269720
2026-03-02 23:51:25,0.989845865,4.641424961,-8.229382254
2026-03-02 23:51:35,0.626344791,3.979061180,-8.366661063
2026-03-02 23:51:45,0.205366339,3.760989725,-9.569072679
2026-03-02 23:51:55,1.099505276,3.771552449,-8.990668906
2026-03-02 23:52:05,-0.387960509,3.404359524,-9.230078892
2026-03-02 23:52:15,0.188414345,3.428127988,-9.674808856
2026-03-02 23:52:25,0.498763565,3.785193986,-8.797399127
2026-03-02 23:52:35,0.422175562,3.235525482,-8.668107514
2026-03-02 23:52:45,0.333730390,3.157340985,-8.966526799
2026-03-02 23:52:55,0.335415620,3.690600014,-9.106241698
2026-03-02 23:53:05,0.466718665,3.075288228,-9.346823843
2026-03-02 23:53:15,0.950719651,3.642757381,-9.239464753
2026-03-02 23:53:25,0.824361055,3.306784337,-8.775903019
2026-03-02 23:53:35,1.142491231,3.599154220,-9.320412400
2026-03-02 23:53:45,0.188891884,3.660801706,-8.583055061
2026-03-02 23:53:55,1.103491950,3.368144385,-8.562778602
2026-03-02 23:54:05,0.383233248,3.863656689,-8.828744608
2026-03-02 23:54:15,0.565170180,4.212167052,-8.624689503
2026-03-02 23:54:25,0.839389187,4.295359134,-8.799363970
2026-03-02 23:54:35,0.570067616,5.286777887,-8.658117250
2026-03-02 23:54:45,0.182336994,4.797109526,-8.633138734
2026-03-02 23:54:55,0.553757354,3.685123920,-8.710498738
2026-03-02 23:55:05,0.603180449,3.890874360,-9.201735068
2026-03-02 23:55:15,0.832597373,3.648871809,-9.278372802
2026-03-02 23:55:25,1.056532385,4.364308714,-8.604272004
2026-03-02 23:55:35,0.461355590,4.575550489,-8.354731376
2026-03-02 23:55:45,0.248422788,4.735443968,-8.718085522
2026-03-02 23:55:55,0.350784405,4.603244433,-8.332322394
2026-03-02 23:56:05,1.332031116,4.416367121,-9.348002336
2026-03-02 23:56:15,0.719539535,3.679531972,-8.556184465
2026-03-02 23:56:25,1.290189705,4.524600572,-8.828297522
2026-03-02 23:56:35,0.309415524,4.337884768,-8.765933724
2026-03-02 23:56:45,0.534852791,4.196221790,-8.571311300
2026-03-02 23:56:55,1.449755501,4.011329464,-9.376716574
2026-03-02 23:57:05,1.572634167,3.976525950,-8.966697352
2026-03-02 23:57:15,1.580205772,3.952207002,-8.433581234
2026-03-02 23:57:25,1.547597004,4.009758777,-8.529771090
2026-03-02 23:57:35,1.866198095,3.730432074,-9.088792380
2026-03-02 23:57:45,1.272313846,5.036494471,-8.392029884
2026-03-02 23:57:55,1.610102145,4.945475254,-8.921344905
2026-03-02 23:58:05,1.193357305,4.587805456,-8.654508947
2026-03-02 23:58:15,0.702607410,4.875794954,-8.811187343
2026-03-02 23:58:25,0.715794146,4.030797971,-8.246835599
2026-03-02 23:58:35,1.295394920,4.444746953,-8.204770400
2026-03-02 23:58:45,0.703606497,4.503279358,-8.618427766
2026-03-02 23:58:55,1.098397930,4.746473851,-8.771444751
2026-03-02 23:59:05,1.143023057,4.187883983,-8.245178593
2026-03-02 23:59:15,0.459140079,5.416393291,-7.928464381
2026-03-02 23:59:25,0.340216064,5.645778115,-8.157192929
2026-03-02 23:59:35,0.972803213,5.702430341,-8.088430189
2026-03-02 23:59:45,1.097527262,5.303644707,-7.377445894
2026-03-02 23:59:55,0.529217591,5.376395202,-8.641809367
2026-03-03 00:00:05,1.482696164,5.228772366,-9.225479621
2026-03-03 00:00:15,1.366568244,4.906567949,-8.808365833
2026-03-03 00:00:25,1.408731239,4.871797873,-7.611098684
2026-03-03 00:00:35,1.054689069,5.326523439,-7.860056160
2026-03-03 00:00:45,1.585334686,5.170560601,-7.962834011
2026-03-03 00:00:55,1.086503978,5.787828169,-8.536738596
2026-03-03 00:01:05,0.365106243,5.196597790,-7.469864432
2026-03-03 00:01:15,1.263494049,5.255024192,-8.735609339
2026-03-03 00:01:25,1.138908970,4.666464016,-8.435239861
2026-03-03 00:01:35,1.862625020,4.283897824,-8.814644071
2026-03-03 00:01:45,2.133704612,4.568879312,-7.983883994
2026-03-03 00:01:55,2.137732990,4.844718847,-7.837611965
2026-03-03 00:02:05,1.761002124,5.221565357,-7.784333476
2026-03-03 00:02:15,2.270117391,4.656302652,-7.680509733
2026-03-03 00:02:25,2.758148070,4.914516068,-8.758762221
2026-03-03 00:02:35,2.558843906,4.883116436,-7.684777246
2026-03-03 00:02:45,3.559731571,5.404359882,-7.988960694
2026-03-03 00:02:55,2.315965495,4.302568295,-8.000615923
2026-03-03 00:03:05,1.573621988,5.162897863,-7.862513904
2026-03-03 00:03:15,1.549375564,5.490356946,-7.937611163
2026-03-03 00:03:25,1.733623569,5.030263377,-8.357841311
2026-03-03 00:03:35,1.876662988,5.103130485,-7.828084017
2026-03-03 00:03:45,0.755880777,5.248550832,-8.431837589
2026-03-03 00:03:55,0.900004074,4.644115682,-8.941178777
2026-03-03 00:04:05,1.656810380,4.712996352,-8.336426001
2026-03-03 00:04:15,1.582880475,4.658173654,-8.780918211
2026-03-03 00:04:25,1.733023710,5.715383495,-7.867299271
2026-03-03 00:04:35,1.574062050,5.869015160,-8.262110720
2026-03-03 00:04:45,1.351038945,5.856288281,-7.940662758
2026-03-03 00:04:55,1.228851961,5.776934766,-8.363319609
2026-03-03 00:05:05,1.529218169,5.859493549,-7.281099854
2026-03-03 00:05:15,1.098164073,5.399479675,-7.843455652
2026-03-03 00:05:25,1.026675320,5.414118263,-8.223231630
2026-03-03 00:05:35,0.804981360,5.236189325,-7.704078301
2026-03-03 00:05:45,1.027365643,5.603020317,-7.877156053
2026-03-03 00:05:55,0.892337752,6.102731970,-7.568521810
2026-03-03 00:06:05,0.701429049,5.583043347,-8.336800285
2026-03-03 00:06:15,0.196664180,5.619190176,-7.927066001
2026-03-03 00:06:25,1.463671494,5.575418417,-7.797502591
2026-03-03 00:06:35,0.966969896,5.460283087,-8.058821448
2026-03-03 00:06:45,1.273382293,5.449274337,-8.268841409
2026-03-03 00:06:55,1.155878386,6.024368616,-7.872755848
2026-03-03 00:07:05,1.169360373,5.873264852,-7.540088808
2026-03-03 00:07:15,1.249241095,6.095253978,-8.235130498
2026-03-03 00:07:25,1.728433616,6.833254766,-7.356760978
2026-03-03 00:07:35,1.356317764,5.918701721,-7.587177227
2026-03-03 00:07:45,0.903822517,5.288661350,-7.303820670
2026-03-03 00:07:55,1.617403881,5.897979002,-7.131356229
2026-03-03 00:08:05,1.365707002,6.076656265,-7.772135746
2026-03-03 00:08:15,2.011914665,6.023443138,-7.533235121
2026-03-03 00:08:25,1.909418578,5.940384533,-7.837254577
2026-03-03 00:08:35,2.589091779,5.854017731,-7.811055800
2026-03-03 00:08:45,2.354565758,5.760847814,-7.426083669
2026-03-03 00:08:55,2.069369352,5.649634923,-7.401361735
2026-03-03 00:09:05,1.270823340,5.638994589,-8.034805782
2026-03-03 00:09:15,2.246908800,4.901569834,-7.423385086
2026-03-03 00:09:25,2.467987502,5.623568348,-8.453461850
2026-03-03 00:09:35,2.182549596,5.623805663,-8.067814494
2026-03-03 00:09:45,1.884244405,5.825301596,-7.536395341
2026-03-03 00:09:55,2.314559531,5.268697620,-8.062611257
2026-03-03 00:10:05,1.464611091,5.478445655,-7.918105852
2026-03-03 00:10:15,2.388978828,5.374356744,-7.267666482
2026-03-03 00:10:25,1.474954604,5.608772638,-7.801775184
2026-03-03 00:10:35,2.052318905,6.200766731,-7.581239588
2026-03-03 00:10:45,1.602175403,5.635870979,-7.602054362
2026-03-03 00:10:55,2.587394078,5.276166851,-7.184267308
2026-03-03 00:11:05,2.259882562,5.222198817,-7.932567001
2026-03-03 00:11:15,2.684747241,5.492098874,-7.710416500
2026-03-03 00:11:25,2.648709201,5.102131534,-8.266795769
2026-03-03 00:11:35,2.062670648,4.895194838,-7.978778608
2026-03-03 00:11:45,2.904770717,4.939490920,-7.660084263
2026-03-03 00:11:55,2.327322141,5.441907235,-7.978157616
2026-03-03 00:12:05,3.503321657,5.535970656,-8.353809897
2026-03-03 00:12:15,3.101117698,5.793026376,-7.704518627
2026-03-03 00:12:25,3.881377725,5.384622033,-7.104741923
2026-03-03 00:12:35,3.257862355,5.451713297,-7.846066136
2026-03-03 00:12:45,3.615678871,5.030911210,-7.819197796
2026-03-03 00:13:00,8.623125106,0.500763948,4.691354874
2026-03-03 00:13:10,8.981236955,3.121087939,2.356903184
2026-03-03 00:13:20,9.304267396,2.756232998,1.559562723
2026-03-03 00:13:30,9.423894706,0.305882608,2.728492200
2026-03-03 00:13:40,8.819298370,3.775805698,2.261456683
2026-03-03 00:13:50,8.544864154,4.006018847,2.692003438
2026-03-03 00:14:00,8.591303674,3.324313655,3.412287989
2026-03-03 00:14:10,9.593474966,0.334780416,1.994169003
2026-03-03 00:14:20,9.754858056,-0.645365306,0.385176292
2026-03-03 00:14:30,9.349164423,2.794247123,-1.027141079
2026-03-03 00:14:40,9.247149170,2.763732438,-1.857341307
2026-03-03 00:14:50,9.641970363,1.612803515,0.421050288
2026-03-03 00:15:00,9.170402122,-3.300505561,1.120647721
2026-03-03 00:15:10,9.525638584,-2.364248741,-0.848887555
2026-03-03 00:15:20,7.964829015,-3.624287792,-4.356279685
2026-03-03 00:15:30,6.998456206,-4.382422718,-5.213667499
2026-03-03 00:15:40,7.040811682,-4.099141779,-5.480923986
2026-03-03 00:15:50,6.818062740,-3.454585529,-6.164776437
2026-03-03 00:16:00,7.543304325,-3.255422085,-5.339913539
2026-03-03 00:16:10,7.420066642,-2.964636616,-5.695376516
2026-03-03 00:16:20,8.164479556,-2.649671461,-4.843928213
2026-03-03 00:16:30,8.707021151,-2.035014555,-4.047226228
2026-03-03 00:16:40,8.519936252,-2.038099385,-4.445002551
2026-03-03 00:16:50,8.666613833,-3.619148463,-2.864370428
2026-03-03 00:17:00,8.604469919,-4.498450852,-1.534169169
2026-03-03 00:17:10,7.968421054,-5.154858846,-2.451321275
2026-03-03 00:17:20,8.829645032,-3.681190579,-2.229029305
2026-03-03 00:17:30,9.195315306,-2.498285645,-2.286569649
2026-03-03 00:17:40,9.003031556,-3.727473558,-1.303858544
2026-03-03 00:17:50,9.147744540,-3.261463565,-1.379336309
2026-03-03 00:18:00,8.780448650,-4.074706819,-1.333670364
2026-03-03 00:18:10,8.727825835,-4.081858380,-1.819294269
2026-03-03 00:18:20,8.550230480,-4.079739299,-2.453237366
2026-03-03 00:18:30,9.004709697,-2.892479788,-2.500603660
2026-03-03 00:18:40,8.778725199,-2.966231719,-3.333838141
2026-03-03 00:18:50,8.095559684,-3.524768662,-4.263339862
2026-03-03 00:19:00,7.434118085,-3.752696660,-5.217497703
2026-03-03 00:19:10,6.954446162,-3.338931901,-6.097698672
2026-03-03 00:19:20,6.483453269,-3.291186953,-6.561384416
2026-03-03 00:19:30,6.578843462,-3.730395931,-6.267378715
2026-03-03 00:19:40,6.469710611,-3.919505029,-6.245869783
2026-03-03 00:19:50,6.140946494,-4.065136233,-6.445289052
2026-03-03 00:20:00,6.047322355,-4.115332465,-6.522343581
2026-03-03 00:20:10,6.731781728,-4.029363594,-5.885775639
2026-03-03 00:20:20,6.744099656,-3.449645010,-6.220390564
2026-03-03 00:20:30,7.253575383,-3.751339841,-5.444513997
2026-03-03 00:20:40,7.420286120,-3.615034541,-5.324031456
2026-03-03 00:20:50,7.312372649,-4.194903374,-4.980787346
2026-03-03 00:21:00,6.980690962,-4.187715616,-5.558195601
2026-03-03 00:21:10,6.812152725,-4.576012224,-5.366217257
2026-03-03 00:21:20,6.694002648,-5.435360496,-4.718548092
2026-03-03 00:21:30,7.174013384,-4.961609468,-4.503607834
2026-03-03 00:21:40,6.244709690,-5.506926331,-5.206351340
2026-03-03 00:21:50,6.450153981,-5.908889996,-4.479364823
2026-03-03 00:22:00,6.016013961,-6.904436988,-3.505684922
2026-03-03 00:22:10,5.144091494,-6.749026933,-4.875177189
2026-03-03 00:22:20,4.886292101,-6.626979543,-5.321551213
2026-03-03 00:22:30,5.543151871,-6.537359412,-4.816961553
2026-03-03 00:22:40,4.455226656,-6.834300353,-5.476758378
2026-03-03 00:22:50,3.722740718,-7.240792562,-5.513362868
2026-03-03 00:23:00,3.537504917,-7.276376489,-5.573404092
2026-03-03 00:23:10,3.473495456,-7.096845047,-5.776543620
2026-03-03 00:23:20,3.609677121,-7.422773390,-5.276648499
2026-03-03 00:23:30,4.009818129,-6.852013581,-5.791684488
2026-03-03 00:23:40,3.436344400,-6.730074371,-6.253888119
2026-03-03 00:23:50,3.304309292,-6.362865898,-6.674388012
2026-03-03 00:24:00,3.010297363,-6.181347889,-7.024808086
2026-03-03 00:24:10,3.003418595,-5.481561261,-7.561990915
2026-03-03 00:24:20,3.171861751,-5.158536155,-7.718750053
2026-03-03 00:24:30,3.725836432,-4.684153998,-7.785715495
2026-03-03 00:24:40,3.897810991,-4.655703121,-7.683461432
2026-03-03 00:24:50,4.002860799,-3.955794741,-8.039602231
2026-03-03 00:25:00,3.681583444,-3.870959911,-8.255419550
2026-03-03 00:25:10,3.137739829,-3.732497776,-8.515294019
2026-03-03 00:25:20,3.857756845,-2.992354251,-8.524188424
2026-03-03 00:25:30,3.880515558,-3.447391188,-8.325771004
2026-03-03 00:25:40,3.877491877,-2.877733252,-8.552118726
2026-03-03 00:25:50,3.471006489,-3.110170479,-8.684970964
2026-03-03 00:26:00,3.724971265,-2.968228126,-8.547818638
2026-03-03 00:26:10,3.734818852,-3.377168200,-8.402736530
2026-03-03 00:26:20,3.057035080,-2.478843526,-9.032442789
2026-03-03 00:26:30,2.178718179,-2.096258051,-9.296511132
2026-03-03 00:26:40,1.597530752,-1.612963334,-9.564343597
2026-03-03 00:26:50,1.416769410,-1.997625883,-9.477277235
2026-03-03 00:27:00,1.264935854,-1.716807585,-9.612704212
2026-03-03 00:27:10,2.068776925,-1.635197486,-9.473192540
2026-03-03 00:27:20,1.954848498,-1.129091092,-9.562107423
2026-03-03 00:27:30,1.564752388,-0.145928551,-9.695310287
2026-03-03 00:27:40,0.565734131,-0.065772126,-9.761010545
2026-03-03 00:27:50,0.513696712,0.675786404,-9.767251900
2026-03-03 00:28:00,0.003629396,0.689932936,-9.775584521
2026-03-03 00:28:10,-0.199158114,0.287033312,-9.806284236
2026-03-03 00:28:20,-0.155480151,-0.328875261,-9.792033576
2026-03-03 00:28:30,-1.785412375,-0.183962086,-9.640566804
2026-03-03 00:28:40,-2.952559903,-1.735594886,-9.161108660
2026-03-03 00:28:50,-2.549510526,-1.831633671,-9.296044825
2026-03-03 00:29:00,-2.385656135,-2.601733473,-9.122867491
2026-03-03 00:29:10,-2.184135670,-2.867254688,-9.131870924
2026-03-03 00:29:20,-3.858911311,-1.710071936,-8.879328029
2026-03-03 00:29:30,-4.387279507,-1.466328743,-8.660090193
2026-03-03 00:29:40,-5.634970659,-0.882879230,-7.960791979
2026-03-03 00:29:50,-4.590666422,-1.123543700,-8.592740693
2026-03-03 00:30:00,-4.480005484,-0.523623602,-8.757048419
2026-03-03 00:30:10,-4.261876364,0.016173241,-8.820456516
2026-03-03 00:30:20,-4.905220641,1.325753474,-8.395033729
2026-03-03 00:30:30,-4.914112739,1.246141048,-8.422777351
2026-03-03 00:30:40,-5.047208959,1.358875462,-8.277012215
2026-03-03 00:30:50,-4.716456670,1.386361905,-8.494201176
2026-03-03 00:31:00,-4.636605345,1.551289403,-8.514190764
2026-03-03 00:31:10,-4.318262077,0.829689695,-8.730548090
2026-03-03 00:31:20,-4.977273005,1.018133946,-8.370512909
2026-03-03 00:31:30,-4.212083200,1.532022782,-8.735598003
2026-03-03 00:31:40,-4.478388942,2.281174524,-8.413100978
2026-03-03 00:31:50,-5.128788283,3.084895233,-7.783442857
2026-03-03 00:32:00,-4.202272010,3.406905874,-8.192797785
2026-03-03 00:32:10,-4.079682105,3.974742167,-7.954496095
2026-03-03 00:32:20,-3.727272159,5.373421721,-7.383039363
2026-03-03 00:32:30,-4.113365489,5.463196427,-7.063623919
2026-03-03 00:32:40,-3.909486810,5.507272252,-7.085291118
2026-03-03 00:32:50,-3.495090228,5.495526289,-7.389819388
2026-03-03 00:33:00,-4.016478795,4.698755373,-7.629572401
2026-03-03 00:33:10,-4.393573959,3.685203447,-7.928387615
2026-03-03 00:33:20,-4.306389591,3.454535357,-8.092884358
2026-03-03 00:33:30,-3.631327388,3.432646698,-8.427154380
2026-03-03 00:33:40,-3.684830341,3.224991281,-8.494275900
2026-03-03 00:33:50,-3.799237210,2.769562788,-8.635919437
2026-03-03 00:34:00,-3.189536495,3.329226542,-8.702383178
2026-03-03 00:34:10,-3.264177078,2.252776171,-8.988644773
2026-03-03 00:34:20,-3.337800347,2.244099054,-8.976148346
2026-03-03 00:34:30,-3.773172406,2.789251910,-8.645833642
2026-03-03 00:34:40,-4.301450509,2.847937414,-8.372037405
2026-03-03 00:34:50,-3.833663892,3.344372635,-8.393805139
2026-03-03 00:35:00,-4.100627142,3.692463471,-8.126794153
2026-03-03 00:35:10,-4.596313602,3.327159151,-8.002328508
2026-03-03 00:35:20,-4.347043263,2.635990393,-8.394740751
2026-03-03 00:35:30,-5.111918209,2.743279553,-7.901643988
2026-03-03 00:35:40,-4.947896907,2.505904256,-8.074478688
2026-03-03 00:35:50,-4.948582606,2.565267102,-8.062923747
2026-03-03 00:36:00,-4.195459713,2.791652196,-8.413302922
2026-03-03 00:36:10,-3.595418777,2.571597715,-8.764639613
2026-03-03 00:36:20,-3.267313271,2.449816042,-8.913955028
2026-03-03 00:36:30,-3.508588451,2.736063152,-8.755803432
2026-03-03 00:36:40,-3.888493247,2.582709847,-8.608882463
2026-03-03 00:36:50,-4.047912376,2.051106287,-8.692623517
2026-03-03 00:37:00,-3.774903592,2.358835641,-8.729592697
2026-03-03 00:37:10,-3.575951937,2.063837467,-8.896742058
2026-03-03 00:37:20,-3.667026330,2.580085782,-8.753038817
2026-03-03 00:37:30,-3.455704606,2.693381567,-8.757949911
2026-03-03 00:37:40,-3.787069819,2.768914893,-8.591731693
2026-03-03 00:37:50,-3.377590201,2.420720549,-8.877297130
2026-03-03 00:38:00,-3.106206583,2.864888405,-8.811078536
2026-03-03 00:38:10,-3.117847382,2.498109635,-8.999911721
2026-03-03 00:38:20,-3.414121936,2.513644248,-8.832982306
2026-03-03 00:38:30,-2.772852107,2.883223971,-8.980654283
2026-03-03 00:38:40,-3.168668333,3.163502170,-8.751590225
2026-03-03 00:38:50,-3.417538217,3.481886743,-8.512004997
2026-03-03 00:39:00,-3.467678055,3.670280958,-8.418335099
2026-03-03 00:39:10,-3.170001041,4.001348899,-8.369049993
2026-03-03 00:39:20,-3.883258735,3.353356208,-8.386196658
2026-03-03 00:39:30,-4.148354435,3.413030798,-8.196682726
2026-03-03 00:39:40,-3.954737564,2.955423463,-8.466115968
2026-03-03 00:39:50,-4.700329219,2.056861620,-8.369937903
2026-03-03 00:40:00,-4.547078030,1.637262806,-8.539336097
2026-03-03 00:40:10,-4.315345510,2.049707149,-8.599209299
2026-03-03 00:40:20,-4.692575290,2.085852469,-8.341405156
2026-03-03 00:40:30,-4.417138109,1.802127040,-8.559009572
2026-03-03 00:40:40,-3.746728012,2.388666893,-8.761481440
2026-03-03 00:40:50,-4.202324440,2.500135128,-8.528197051
2026-03-03 00:41:00,-3.934062640,3.156003444,-8.416899509
2026-03-03 00:41:10,-4.122877839,3.456407030,-8.236558757
2026-03-03 00:41:20,-3.712861745,3.485682655,-8.393303722
2026-03-03 00:41:30,-2.996095088,3.446366829,-8.669492988
2026-03-03 00:41:40,-2.966703773,3.204946811,-8.797828202
2026-03-03 00:41:50,-2.381729302,2.838420284,-9.055210420
2026-03-03 00:42:00,-2.948050399,2.616449891,-8.983235651
2026-03-03 00:42:10,-2.935040290,2.890527763,-8.901537939
2026-03-03 00:42:20,-2.269056295,3.205411007,-8.976142490
2026-03-03 00:42:30,-1.797123746,3.099568410,-9.145765976
2026-03-03 00:42:40,-1.358640526,2.663824015,-9.334266999
2026-03-03 00:42:50,-1.948754310,3.163020921,-9.080126450
2026-03-03 00:43:00,-1.675207496,3.079341466,-9.155773845
2026-03-03 00:43:10,-1.815289060,3.466983597,-8.989540060
2026-03-03 00:43:20,-0.500151885,2.512845716,-9.430280183
2026-03-03 00:43:30,-0.591130164,2.353711521,-9.496376783
2026-03-03 00:43:40,-1.320703902,2.600802524,-9.382242995
2026-03-03 00:43:50,-1.154017204,2.982243059,-9.258056307
2026-03-03 00:44:00,-1.048821639,2.749776300,-9.333772057
2026-03-03 00:44:10,-0.420344644,2.361478271,-9.519256914
2026-03-03 00:44:20,0.183861259,2.241389452,-9.529890866
2026-03-03 00:44:30,0.293954310,2.281201680,-9.570658531
2026-03-03 00:44:40,-0.208972014,3.072679200,-9.341730455
2026-03-03 00:44:50,-0.129666929,3.037244676,-9.301494672
2026-03-03 00:45:00,-0.485951763,2.760813321,-9.376402770
2026-03-03 00:45:10,0.278167814,2.298806814,-9.487328016
2026-03-03 00:45:20,-0.153381357,2.212707491,-9.550867492
2026-03-03 00:45:30,-0.625751778,2.797357388,-9.364396447
2026-03-03 00:45:40,-0.198828834,2.781836947,-9.391965601
2026-03-03 00:45:50,0.723255301,2.972290524,-9.308494768
2026-03-03 00:46:00,0.475879667,2.575064117,-9.467331427
2026-03-03 00:46:10,1.072843692,3.317402751,-9.155805641
2026-03-03 00:46:20,0.620093141,3.034055814,-9.288234969
2026-03-03 00:46:30,1.082778685,2.592019740,-9.385762411
2026-03-03 00:46:40,1.362526716,2.215889661,-9.476192149
2026-03-03 00:46:50,0.939152689,2.066252066,-9.539833767
2026-03-03 00:47:00,0.246498977,2.051458638,-9.591313310
2026-03-03 00:47:10,0.517176447,2.368450678,-9.496732797
2026-03-03 00:47:20,0.511017685,1.818051728,-9.634130238
2026-03-03 00:47:30,0.457690162,1.754724105,-9.647521104
2026-03-03 00:47:40,0.876694188,1.457087001,-9.689689373
2026-03-03 00:47:50,1.042199349,0.966123691,-9.679140601
2026-03-03 00:48:00,0.911347101,1.340057134,-9.683224859
2026-03-03 00:48:10,0.380197170,1.000328657,-9.730228098
2026-03-03 00:48:20,1.446627944,0.565219723,-9.670874921
2026-03-03 00:48:30,1.185672801,0.536653111,-9.706938003
2026-03-03 00:48:40,1.874475722,0.745821078,-9.594038593
2026-03-03 00:48:50,1.826837563,0.990918299,-9.558857029
2026-03-03 00:49:00,1.323337111,1.084886984,-9.608906604
2026-03-03 00:49:10,1.396591292,0.848205557,-9.644487203
2026-03-03 00:49:20,1.015720405,0.821171739,-9.765759527
2026-03-03 00:49:30,1.323166441,1.465602203,-9.594082965
2026-03-03 00:49:40,1.075494090,1.636928883,-9.640630826
2026-03-03 00:49:50,0.391549759,1.505121296,-9.682287586
2026-03-03 00:50:00,0.887393003,1.787652832,-9.608089778
2026-03-03 00:50:10,1.447273748,1.917048542,-9.510873906
2026-03-03 00:50:20,1.436983610,1.709169732,-9.530330345
2026-03-03 00:50:30,1.800937887,1.941570511,-9.455864895
2026-03-03 00:50:40,2.063379956,1.947984106,-9.343062244
2026-03-03 00:50:50,1.858257632,1.934546991,-9.433045452
2026-03-03 00:51:00,1.799411918,1.498803979,-9.534039857
2026-03-03 00:51:10,1.943006906,1.205431842,-9.527034501
2026-03-03 00:51:20,2.242408735,0.988727699,-9.512930963
2026-03-03 00:51:30,2.197419530,1.118192365,-9.475034565
2026-03-03 00:51:40,2.067566619,1.579288335,-9.462877816
2026-03-03 00:51:50,1.586059756,1.194063543,-9.616849421
2026-03-03 00:52:00,0.828258688,1.541677472,-9.633453849
2026-03-03 00:52:10,0.817056655,1.065033103,-9.699253044
2026-03-03 00:52:20,1.525978005,0.826959591,-9.656627092
2026-03-03 00:52:30,1.450457795,0.833428939,-9.670311699
2026-03-03 00:52:40,1.268489614,1.270489317,-9.670389489
2026-03-03 00:52:50,1.432744202,1.120003910,-9.645281714
2026-03-03 00:53:00,1.125711138,0.080596766,-9.794664866
2026-03-03 00:53:10,1.562099816,-0.529898622,-9.626425909
2026-03-03 00:53:20,1.553640030,-1.422786965,-9.611929091
2026-03-03 00:53:30,1.869976885,-1.414665237,-9.571559828
2026-03-03 00:53:40,2.060231269,-1.051567568,-9.533482842
2026-03-03 00:53:50,1.795551882,-2.044762926,-9.435200071
2026-03-03 00:54:00,1.904153695,-2.315188822,-9.365414499
2026-03-03 00:54:10,2.426477652,-1.348811250,-9.399900953
2026-03-03 00:54:20,2.378086606,-1.025693023,-9.469597644
2026-03-03 00:54:30,2.055775984,-0.881834252,-9.530070307
2026-03-03 00:54:40,1.402754165,-0.783380517,-9.662341559
2026-03-03 00:54:50,0.974987883,-0.344992778,-9.761139246
2026-03-03 00:55:00,0.643388510,-0.362483967,-9.753489702
2026-03-03 00:55:10,0.738911382,-0.238380647,-9.707064177
2026-03-03 00:55:20,0.394832009,-0.574530708,-9.766406995
2026-03-03 00:55:30,0.281167896,-1.099005042,-9.765012113
2026-03-03 00:55:40,0.558683309,-1.794801570,-9.648527522
2026-03-03 00:55:50,1.202944993,-1.947480517,-9.545626641
2026-03-03 00:56:00,1.389885075,-1.406879009,-9.621694844
2026-03-03 00:56:10,0.959621522,-1.189045772,-9.667989406
2026-03-03 00:56:20,1.202617083,-1.323389188,-9.619120985
2026-03-03 00:56:30,1.271226376,-1.328558787,-9.641406054
2026-03-03 00:56:40,1.551615971,-1.044292788,-9.630913858
2026-03-03 00:56:50,1.756131475,-0.754951356,-9.643517662
2026-03-03 00:57:00,1.340978091,-0.386427998,-9.749349736
2026-03-03 00:57:10,1.580561812,-0.239359161,-9.665854199
2026-03-03 00:57:20,1.332543217,0.202457175,-9.708533321
2026-03-03 00:57:30,1.235442764,0.235871872,-9.732720507
2026-03-03 00:57:40,1.364406748,0.807281559,-9.731554964
2026-03-03 00:57:50,1.691457077,1.171201419,-9.562329652
2026-03-03 00:58:00,1.956032443,0.898794532,-9.562381014
2026-03-03 00:58:10,1.736744621,1.117245510,-9.594239161
2026-03-03 00:58:20,1.894558551,1.180912349,-9.562268744
2026-03-03 00:58:30,1.720841869,1.622033065,-9.526190382
2026-03-03 00:58:40,2.067619884,1.234920682,-9.512084220
2026-03-03 00:58:50,2.261004695,1.189488268,-9.478420235
2026-03-03 00:59:00,2.479032091,1.145181785,-9.380898293
2026-03-03 00:59:10,2.359683521,1.178264911,-9.446154449
2026-03-03 00:59:20,2.109987880,0.876443661,-9.524333901
2026-03-03 00:59:30,2.228934029,1.283802826,-9.445472908
2026-03-03 00:59:40,2.296728810,1.455058262,-9.426856679
2026-03-03 00:59:50,2.026242770,1.218696544,-9.507482410
2026-03-03 01:00:00,2.264354942,1.451708066,-9.428192520
2026-03-03 01:00:10,1.906983238,1.070999339,-9.555680715
2026-03-03 01:00:20,1.632623806,1.135021972,-9.615953343
2026-03-03 01:00:30,0.812809183,0.975673925,-9.711039268
2026-03-03 01:00:40,1.418501127,0.875706813,-9.645857879
2026-03-03 01:00:50,1.242758534,0.645174529,-9.709022480
2026-03-03 01:01:00,0.955061982,0.865613427,-9.715389415
2026-03-03 01:01:10,1.075088774,1.382294097,-9.664375658
2026-03-03 01:01:20,1.597397075,1.628940153,-9.535147341
2026-03-03 01:01:30,1.810130344,1.807519644,-9.466119414
2026-03-03 01:01:40,2.405166165,2.372208056,-9.200705730
2026-03-03 01:01:50,2.464766572,2.745247190,-9.117233377
2026-03-03 01:02:00,3.240671039,3.150198869,-8.741335452
2026-03-03 01:02:10,3.216981837,3.102054632,-8.719810877
2026-03-03 01:02:20,3.398902381,2.793187304,-8.707062098
2026-03-03 01:02:30,3.053930613,2.725685641,-8.916474262
2026-03-03 01:02:40,3.487175979,2.477519020,-8.858199720
2026-03-03 01:02:50,2.833644628,2.111243194,-9.125741032
2026-03-03 01:03:00,2.557596713,2.141381918,-9.249949916
2026-03-03 01:03:10,2.776981028,2.411568756,-9.086411987
2026-03-03 01:03:20,2.792954028,2.207539552,-9.161323045
2026-03-03 01:03:30,3.226203834,1.867511036,-9.061758691
2026-03-03 01:03:40,3.473617332,1.728149568,-9.019928907
2026-03-03 01:03:50,3.354214323,2.428912209,-8.891469415
2026-03-03 01:04:00,2.893967509,2.700202512,-8.941892742
2026-03-03 01:04:10,2.880499456,2.900649781,-8.931939316
2026-03-03 01:04:20,2.722674968,2.470603428,-9.079680554
2026-03-03 01:04:30,3.206169952,2.407102588,-8.954108853
2026-03-03 01:04:40,3.787848749,2.236632105,-8.725809287
2026-03-03 01:04:50,3.820155713,2.773820494,-8.558589623
2026-03-03 01:05:00,3.659761055,3.146816283,-8.497719442
2026-03-03 01:05:10,3.973723948,3.332702396,-8.352729914
2026-03-03 01:05:20,3.968249106,3.301568644,-8.343614056
2026-03-03 01:05:30,3.632000511,3.502895692,-8.403197268
2026-03-03 01:05:40,3.202017130,3.396377344,-8.642691373
2026-03-03 01:05:50,3.625880689,3.715345489,-8.292326632
2026-03-03 01:06:00,3.289932956,3.514957950,-8.554282883
2026-03-03 01:06:10,3.882275351,3.357104722,-8.380651020
2026-03-03 01:06:20,4.015988210,3.254843224,-8.340262255
2026-03-03 01:06:30,3.941285018,3.562621023,-8.231379467
2026-03-03 01:06:40,4.003706986,3.503287037,-8.224058804
2026-03-03 01:06:50,3.946671155,3.061011972,-8.463649645
2026-03-03 01:07:00,4.511539773,2.567652175,-8.349307659
2026-03-03 01:07:10,4.630959661,2.650335639,-8.236506801
2026-03-03 01:07:20,4.654736145,2.322368993,-8.303277301
2026-03-03 01:07:30,4.303100749,2.564593931,-8.388764492
2026-03-03 01:07:40,4.490349328,2.747711167,-8.288678774
2026-03-03 01:07:50,4.814073367,2.787488341,-8.087280110
2026-03-03 01:08:00,5.032357628,3.006168924,-7.905766204
2026-03-03 01:08:10,4.923497756,3.296613161,-7.821852069
2026-03-03 01:08:20,5.271155521,3.216443850,-7.578421993
2026-03-03 01:08:30,5.465672151,3.231858394,-7.478548934
2026-03-03 01:08:40,5.695974570,3.275357707,-7.229442309
2026-03-03 01:08:50,5.410433948,3.570751894,-7.355211019
2026-03-03 01:09:00,5.732703935,3.434434038,-7.187508031
2026-03-03 01:09:10,6.316574050,2.448104434,-7.131891696
2026-03-03 01:09:20,6.019841587,2.892153748,-7.176466538
2026-03-03 01:09:30,6.547496752,2.996070104,-6.663502347
2026-03-03 01:09:40,6.490744118,2.823064645,-6.821270199
2026-03-03 01:09:50,6.286833098,2.445290036,-7.128553484
2026-03-03 01:10:00,5.710876637,2.432205308,-7.589419764
2026-03-03 01:10:10,5.544395499,2.604897481,-7.634168697
2026-03-03 01:10:20,5.662547121,2.603886356,-7.571576649
2026-03-03 01:10:30,5.550258359,2.963677738,-7.504981617
2026-03-03 01:10:40,5.767492210,3.084495888,-7.287026387
2026-03-03 01:10:50,6.406139805,3.274679679,-6.690284219
2026-03-03 01:11:00,6.333163686,3.569316007,-6.597157375
2026-03-03 01:11:10,6.233973461,4.215149556,-6.324691830
2026-03-03 01:11:20,6.586384254,3.955792576,-6.131555729
2026-03-03 01:11:30,6.728781699,4.180493582,-5.819363482
2026-03-03 01:11:40,6.720628873,4.749962816,-5.408008153
2026-03-03 01:11:50,6.560985879,4.859273092,-5.433078806
2026-03-03 01:12:00,6.726445656,4.445734632,-5.627732019
2026-03-03 01:12:10,6.817258184,4.370785407,-5.557963162
2026-03-03 01:12:20,6.863032296,4.042042021,-5.725183392
2026-03-03 01:12:30,6.514044561,4.155295948,-6.034116022
2026-03-03 01:12:40,6.208753032,4.441839877,-6.222352574
2026-03-03 01:12:50,6.058573441,4.317438603,-6.380779688
2026-03-03 01:13:00,6.049844321,4.536145181,-6.236726603
2026-03-03 01:13:10,6.384344801,4.070241028,-6.211496978
2026-03-03 01:13:20,6.437136410,3.978946135,-6.191792060
2026-03-03 01:13:30,6.557406918,3.806681036,-6.233200499
2026-03-03 01:13:40,6.827223656,3.251066574,-6.248204668
2026-03-03 01:13:50,6.776194126,3.337727532,-6.254441118
2026-03-03 01:14:00,6.443965174,3.708549453,-6.417682598
2026-03-03 01:14:10,6.617005535,3.184977112,-6.514675356
2026-03-03 01:14:20,6.513848317,3.139791340,-6.653514174
2026-03-03 01:14:30,6.614190519,3.490645328,-6.351415199
2026-03-03 01:14:40,6.549491290,3.637961653,-6.368299631
2026-03-03 01:14:50,6.682759583,3.693926790,-6.173468297
2026-03-03 01:15:00,6.573609128,3.743677701,-6.215607494
2026-03-03 01:15:10,6.942371437,3.791036264,-5.780153950
2026-03-03 01:15:20,6.964353481,3.470586811,-5.996986992
2026-03-03 01:15:30,6.921435415,3.893575869,-5.743406662
2026-03-03 01:15:40,6.942708770,3.693630657,-5.867039770
2026-03-03 01:15:50,6.828305449,3.757343362,-5.986580861
2026-03-03 01:16:00,6.790551432,3.898518302,-5.891198273
2026-03-03 01:16:10,6.443541099,3.878469070,-6.246795425
2026-03-03 01:16:20,6.215682243,3.817965487,-6.601376909
2026-03-03 01:16:30,6.543774065,3.743496475,-6.343941541
2026-03-03 01:16:40,5.836711130,4.332832466,-6.537879806
2026-03-03 01:16:50,5.863198543,4.794239584,-6.235214392
2026-03-03 01:17:00,5.850787696,4.910668829,-6.089675783
2026-03-03 01:17:10,5.558148388,5.287862009,-6.220542349
2026-03-03 01:17:20,4.899229628,5.650388467,-6.312042808
2026-03-03 01:17:30,5.024171043,5.573197050,-6.308860977
2026-03-03 01:17:40,4.894805599,5.749507194,-6.229718573
2026-03-03 01:17:50,5.078079941,6.027660221,-5.829949821
2026-03-03 01:18:00,5.172836569,6.032502937,-5.749686730
2026-03-03 01:18:10,5.486617315,5.983794804,-5.531165133
2026-03-03 01:18:20,5.464987266,6.281297572,-5.209915456
2026-03-03 01:18:30,5.317658107,6.308058907,-5.264838408
2026-03-03 01:18:40,5.058814785,6.180615550,-5.686186115
2026-03-03 01:18:50,4.996165941,6.149251214,-5.810080213
2026-03-03 01:19:00,4.717470193,6.278984551,-5.927276957
2026-03-03 01:19:10,4.810216495,6.035997220,-6.005876349
2026-03-03 01:19:20,4.894355798,5.959578758,-6.070643329
2026-03-03 01:19:30,4.672184727,6.268814591,-5.920151302
2026-03-03 01:19:40,4.577537085,6.189015906,-6.068873724
2026-03-03 01:19:50,4.575647132,6.399694221,-5.868472149
2026-03-03 01:20:00,4.457108228,6.436835367,-5.875156710
2026-03-03 01:20:10,4.363531620,6.824205975,-5.561908879
2026-03-03 01:20:20,4.153209753,7.050691739,-5.357948106
2026-03-03 01:20:30,4.155937979,7.301862771,-5.067421145
2026-03-03 01:20:40,4.097375762,7.075732969,-5.471387546
2026-03-03 01:20:50,4.221513203,7.092071948,-5.297415343
2026-03-03 01:21:00,3.951571050,7.129212566,-5.398388093
2026-03-03 01:21:10,3.485311697,7.331185709,-5.511956840
2026-03-03 01:21:20,3.486521480,7.309347430,-5.517095647
2026-03-03 01:21:30,3.441239681,7.423133124,-5.454006912
2026-03-03 01:21:40,3.812064827,7.428812723,-5.157322087
2026-03-03 01:21:50,4.108379612,7.129420487,-5.312606299
2026-03-03 01:22:00,4.455620916,7.006610521,-5.200089149
2026-03-03 01:22:10,4.703462764,7.119649620,-4.875822614
2026-03-03 01:22:20,4.566059356,7.248897722,-4.828386480
2026-03-03 01:22:30,4.491029328,7.003768279,-5.173729074
2026-03-03 01:22:40,4.844842554,6.630247195,-5.351214982
2026-03-03 01:22:50,5.065028750,6.292673876,-5.515084222
2026-03-03 01:23:00,4.645892821,6.895293602,-5.176741385
2026-03-03 01:23:10,4.748899380,6.778743435,-5.307290779
2026-03-03 01:23:20,4.932577236,6.862319577,-4.947673528
2026-03-03 01:23:30,4.299472525,6.859677908,-5.502950972
2026-03-03 01:23:40,4.202111464,6.492620092,-6.040143653
2026-03-03 01:23:50,4.116873208,6.121320028,-6.453059893
2026-03-03 01:24:00,4.059291881,6.207702855,-6.427556375
2026-03-03 01:24:10,4.063003609,6.365130218,-6.260206568
2026-03-03 01:24:20,4.285939586,6.270358672,-6.145227334
2026-03-03 01:24:30,4.158073071,6.262396672,-6.291914267
2026-03-03 01:24:40,4.018046483,6.619211671,-6.033882043
2026-03-03 01:24:50,3.569506695,6.804267110,-6.120036188
2026-03-03 01:25:00,3.539266450,6.962173709,-5.944009766
2026-03-03 01:25:10,4.104531521,6.521039936,-6.008615808
2026-03-03 01:25:20,4.517171795,6.391047211,-5.914870108
2026-03-03 01:25:30,3.715460635,6.600845521,-6.262738765
2026-03-03 01:25:40,3.467372272,6.545605781,-6.419345185
2026-03-03 01:25:50,3.450163183,6.726155578,-6.286386657
2026-03-03 01:26:00,3.858233963,6.119398476,-6.639636153
2026-03-03 01:26:10,3.927360431,5.735152285,-6.905042689
2026-03-03 01:26:20,4.474738236,4.839880358,-7.252959931
2026-03-03 01:26:30,4.564992135,4.360929311,-7.507860418
2026-03-03 01:26:40,4.337744552,4.475788844,-7.571855866
2026-03-03 01:26:50,4.772644149,4.320072081,-7.407919659
2026-03-03 01:27:00,5.066632784,4.466117413,-7.146964914
2026-03-03 01:27:10,5.073290706,4.626463854,-6.973790927
2026-03-03 01:27:20,5.575719470,4.198065277,-6.932123680
2026-03-03 01:27:30,5.599541740,3.982754789,-6.942217658
2026-03-03 01:27:40,5.912160312,3.750034680,-6.835056704
2026-03-03 01:27:50,6.367841352,3.164092100,-6.758763593
2026-03-03 01:28:00,6.570967659,2.827969967,-6.706217975
2026-03-03 01:28:10,6.739222617,3.143716604,-6.353067400
2026-03-03 01:28:20,6.821131411,3.352467307,-6.203032281
2026-03-03 01:28:30,6.790196332,3.569252956,-6.131158119
2026-03-03 01:28:40,6.669910283,3.537030261,-6.254121532
2026-03-03 01:28:50,7.034481316,2.957892487,-6.177636272
2026-03-03 01:29:00,6.730196817,3.181400236,-6.389813708
2026-03-03 01:29:10,6.591374359,3.393464645,-6.405891226
2026-03-03 01:29:20,6.632065675,3.419894443,-6.415811256
2026-03-03 01:29:30,6.446182970,3.333875699,-6.559503120
2026-03-03 01:29:40,6.217626862,3.439433632,-6.759694127
2026-03-03 01:29:50,6.501788751,3.118984554,-6.621531356
2026-03-03 01:30:00,6.532915860,2.900660116,-6.730901369
2026-03-03 01:30:10,6.701823504,2.790503062,-6.581277686
2026-03-03 01:30:20,6.348675298,3.283258172,-6.715004098
2026-03-03 01:30:30,6.541057150,3.246843847,-6.517360577
2026-03-03 01:30:40,6.615214688,3.167364772,-6.524832754
2026-03-03 01:30:50,6.526092225,2.516407355,-6.858418642
2026-03-03 01:31:00,6.417755661,2.511463794,-7.011959396
2026-03-03 01:31:10,6.646373222,2.308106884,-6.797990133
2026-03-03 01:31:20,6.545322555,2.436238275,-6.959540006
2026-03-03 01:31:30,5.883101018,2.879181725,-7.352672069
2026-03-03 01:31:40,5.850191099,2.736056500,-7.382336812
2026-03-03 01:31:50,5.707346926,2.591688538,-7.546430942
2026-03-03 01:32:00,5.386457860,2.816472778,-7.713405818
2026-03-03 01:32:10,5.158254837,3.145552448,-7.733543591
2026-03-03 01:32:20,5.138768334,3.426945047,-7.627463133
2026-03-03 01:32:30,5.504905900,3.134906392,-7.517038220
2026-03-03 01:32:40,6.204305871,3.185778882,-6.932050952
2026-03-03 01:32:50,6.346442996,3.569762215,-6.529491582
2026-03-03 01:33:00,6.508797958,3.359954767,-6.509793142
2026-03-03 01:33:10,6.052890576,3.235467087,-6.987175294
2026-03-03 01:33:20,6.240067811,2.765015660,-7.049935170
2026-03-03 01:33:30,6.418494207,2.556975908,-6.955825082
2026-03-03 01:33:40,5.900000022,3.040481513,-7.265300235
2026-03-03 01:33:50,6.020915028,2.848000927,-7.214622065
2026-03-03 01:34:00,5.870352821,2.914288588,-7.293157395
2026-03-03 01:34:10,6.306931939,2.561048467,-7.027885528
2026-03-03 01:34:20,6.080863241,2.742833787,-7.206436355
2026-03-03 01:34:30,6.301369637,2.828064957,-6.996188012
2026-03-03 01:34:40,6.175386755,2.644355610,-7.105019953
2026-03-03 01:34:50,6.461555304,2.261400440,-7.006509433
2026-03-03 01:35:00,6.890665201,2.661500026,-6.442457159
2026-03-03 01:35:10,6.717565249,2.635542817,-6.665867936
2026-03-03 01:35:20,6.718157685,2.404042599,-6.727269240
2026-03-03 01:35:30,6.345009489,2.916001119,-6.877715504
2026-03-03 01:35:40,6.139656516,3.612073692,-6.767646879
2026-03-03 01:35:50,6.234104679,4.248077690,-6.269441423
2026-03-03 01:36:00,6.353715975,4.378482807,-6.021547944
2026-03-03 01:36:10,6.601623002,4.194492764,-5.895087553
2026-03-03 01:36:20,6.259872288,4.456484396,-6.112569148
2026-03-03 01:36:30,5.976978544,4.448140255,-6.353950666
2026-03-03 01:36:40,6.361087504,4.124262951,-6.286658664
2026-03-03 01:36:50,6.172836689,4.690492059,-6.027585669
2026-03-03 01:37:00,6.071854420,4.914380608,-5.970670310
2026-03-03 01:37:10,5.815297471,5.098663820,-6.081125470
2026-03-03 01:37:20,5.259884196,5.291695919,-6.335275416
2026-03-03 01:37:30,5.353790972,5.273396634,-6.263901875
2026-03-03 01:37:40,5.385769491,5.008687707,-6.496070331
2026-03-03 01:37:50,5.439622575,4.640402515,-6.714780783
2026-03-03 01:38:00,5.534887393,4.219796540,-6.839801382
2026-03-03 01:38:10,5.617759517,4.402639686,-6.718217674
2026-03-03 01:38:20,5.321686160,3.974674132,-7.277475056
2026-03-03 01:38:30,5.664826653,3.926052633,-6.963570272
2026-03-03 01:38:40,5.759470836,4.142658057,-6.756165087
2026-03-03 01:38:50,5.662955285,4.283203236,-6.789595111
2026-03-03 01:39:00,6.025785492,3.877207968,-6.678097626
2026-03-03 01:39:10,6.125963580,3.729949978,-6.621701370
2026-03-03 01:39:20,6.147217803,3.823713342,-6.613277710
2026-03-03 01:39:30,6.467102123,3.666887269,-6.327072029
2026-03-03 01:39:40,6.116375677,3.438757050,-6.816466671
2026-03-03 01:39:50,5.867801493,4.177032596,-6.685083986
2026-03-03 01:40:00,6.051711617,4.126119377,-6.499049011
2026-03-03 01:40:10,6.400277837,3.872913174,-6.316834414
2026-03-03 01:40:20,6.287757185,4.248836893,-6.220573445
2026-03-03 01:40:30,6.160004226,4.484430414,-6.156883630
2026-03-03 01:40:40,6.077655931,4.020099411,-6.523866481
2026-03-03 01:40:50,6.390695996,4.324270105,-6.042112872
2026-03-03 01:41:00,7.227702817,3.156061383,-5.855487958
2026-03-03 01:41:10,7.311520762,3.596613307,-5.473621694
2026-03-03 01:41:20,6.976371399,4.077657370,-5.505869642
2026-03-03 01:41:30,6.843725604,4.299351033,-5.538361813
2026-03-03 01:41:40,7.084515382,3.861234610,-5.637892077
2026-03-03 01:41:50,7.334827030,3.333117192,-5.642478044
2026-03-03 01:42:00,7.729632470,2.835359576,-5.317667561
2026-03-03 01:42:10,7.942069601,3.255123243,-4.778293484
2026-03-03 01:42:20,7.813288948,3.757144718,-4.588666351
2026-03-03 01:42:30,7.818736561,3.313240364,-4.915849594
2026-03-03 01:42:40,8.366782559,3.216375454,-4.055412279
2026-03-03 01:42:50,8.549213815,3.458681777,-3.339902316
2026-03-03 01:43:00,8.553536847,3.311176640,-3.602189018
2026-03-03 01:43:10,8.392976168,3.078033445,-3.966372373
2026-03-03 01:43:20,8.312262122,3.453361982,-3.907465411
2026-03-03 01:43:30,8.361985426,2.897621021,-4.289774582
2026-03-03 01:43:40,8.338937458,2.760454530,-4.327745772
2026-03-03 01:43:50,8.462968176,3.088908722,-3.894239275
2026-03-03 01:44:00,8.870798817,2.598218435,-3.402723100
2026-03-03 01:44:10,8.703839073,3.039161297,-3.316720077
2026-03-03 01:44:20,8.484109863,3.035661501,-3.951152079
2026-03-03 01:44:30,8.515785716,3.202239222,-3.629591224
2026-03-03 01:44:40,8.281086945,3.831949444,-3.602822812
2026-03-03 01:44:50,8.233698123,4.007350512,-3.596092823
2026-03-03 01:45:00,8.359994887,3.941643419,-3.359371104
2026-03-03 01:45:10,8.532823108,3.896024772,-3.013572645
2026-03-03 01:45:20,8.584348194,3.710195929,-2.924591262
2026-03-03 01:45:30,8.534217352,3.810747348,-2.974350333
2026-03-03 01:45:40,8.246311872,4.061044893,-3.400117640
2026-03-03 01:45:50,8.916928922,3.090916448,-2.749127792
2026-03-03 01:46:00,8.704059016,3.346818269,-2.991627205
2026-03-03 01:46:10,8.540432395,3.675506873,-3.180775547
2026-03-03 01:46:20,8.523490713,3.990531033,-2.824293965
2026-03-03 01:46:30,8.528329429,4.104522884,-2.469223123
2026-03-03 01:46:40,8.599603775,3.852614990,-2.729502768
2026-03-03 01:46:50,8.350319956,4.068046807,-3.182591004
2026-03-03 01:47:00,8.465001391,3.989858954,-2.987821347
2026-03-03 01:47:10,9.048082094,2.875878753,-2.501421525
2026-03-03 01:47:20,8.672310089,2.721037436,-3.637209830
2026-03-03 01:47:30,8.978549252,2.626207407,-2.931932455
2026-03-03 01:47:40,9.119530401,2.201462449,-2.854685970
2026-03-03 01:47:50,8.932705106,2.047769501,-3.547625404
2026-03-03 01:48:00,9.052984022,1.753764316,-3.319486813
2026-03-03 01:48:10,8.901254522,1.127296345,-4.068715587
2026-03-03 01:48:20,8.701661893,0.299839710,-4.514838753
2026-03-03 01:48:30,8.856144456,-0.306112290,-4.190609086
2026-03-03 01:48:40,8.821770622,-0.899418606,-4.108684260
2026-03-03 01:48:50,8.950418859,-0.691472374,-3.931181287
2026-03-03 01:49:00,9.085508284,-0.437103960,-3.729281728
2026-03-03 01:49:10,8.884031921,-0.225753134,-4.109509131
2026-03-03 01:49:20,8.969630297,-0.387597849,-3.920548567
2026-03-03 01:49:30,9.041088450,-0.499039303,-3.838993340
2026-03-03 01:49:40,9.063033208,-0.801289038,-3.772092843
2026-03-03 01:49:50,9.285548092,-0.790017942,-3.182101247
2026-03-03 01:50:00,8.963610205,-0.942584717,-3.872119575
2026-03-03 01:50:10,8.919647899,-0.550837728,-4.057507725
2026-03-03 01:50:20,8.731178359,-0.031329639,-4.465215806
2026-03-03 01:50:30,8.679678093,-0.073266036,-4.583273030
2026-03-03 01:50:40,8.790581496,0.225956538,-4.329293837
2026-03-03 01:50:50,8.791893388,0.377823079,-4.325062370
2026-03-03 01:51:00,8.245908514,0.171908102,-5.342250382
2026-03-03 01:51:10,8.049849787,1.304005500,-5.383024552
2026-03-03 01:51:20,8.313507852,0.290401849,-5.245518515
2026-03-03 01:51:30,8.278965590,0.461351027,-5.320266566
2026-03-03 01:51:40,8.202391102,0.698897048,-5.334725769
2026-03-03 01:51:50,8.107827581,1.054869046,-5.430496860
2026-03-03 01:52:00,8.111468582,1.513380259,-5.344287739
2026-03-03 01:52:10,8.729786336,2.001476014,-4.016597654
2026-03-03 01:52:20,8.806763971,1.948446959,-3.837705393
2026-03-03 01:52:30,8.927805749,1.957859551,-3.616836367
2026-03-03 01:52:40,8.777088250,2.095612964,-3.819814618
2026-03-03 01:52:50,8.662913413,2.026123861,-4.045008851
2026-03-03 01:53:00,8.552245311,2.046172021,-4.313961498
2026-03-03 01:53:10,8.555153099,1.916026746,-4.468642897
2026-03-03 01:53:20,8.632111373,2.406297219,-4.021535836
2026-03-03 01:53:30,8.698756827,2.512274209,-3.840141585
2026-03-03 01:53:40,8.695983378,2.085407040,-4.036354296
2026-03-03 01:53:50,8.638009148,2.400430327,-4.028383793
2026-03-03 01:54:00,8.606744825,2.767454145,-3.767720519
2026-03-03 01:54:10,8.941480837,2.679839264,-3.131766743
2026-03-03 01:54:20,9.020483291,2.577815762,-2.818273871
2026-03-03 01:54:30,8.890209703,2.931101615,-2.987526053
2026-03-03 01:54:40,9.089583198,2.484995563,-2.746201279
2026-03-03 01:54:50,9.103081073,1.912425989,-3.184765358
2026-03-03 01:55:00,9.175346658,1.810284485,-3.060372547
2026-03-03 01:55:10,8.993141830,2.202844638,-3.323030197
2026-03-03 01:55:20,8.944391272,1.952443558,-3.512531101
2026-03-03 01:55:30,9.053584385,1.649123010,-3.417196603
2026-03-03 01:55:40,8.938054693,1.451602327,-3.798344392
2026-03-03 01:55:50,8.897410055,0.955350357,-4.028883047
2026-03-03 01:56:00,8.798801882,0.801622455,-4.238877963
2026-03-03 01:56:10,8.957777943,1.109915048,-3.856890031
2026-03-03 01:56:20,8.896516991,1.089588275,-4.013825495
2026-03-03 01:56:30,8.933261768,0.985324653,-3.910724914
2026-03-03 01:56:40,8.619447236,1.070154177,-4.480165974
2026-03-03 01:56:50,8.822765269,0.422378095,-4.249351665
2026-03-03 01:57:00,9.084530383,-0.437635361,-3.652745339
2026-03-03 01:57:10,8.799297330,0.303722865,-4.316434944
2026-03-03 01:57:20,8.357154261,0.981123517,-5.053459945
2026-03-03 01:57:30,8.566047267,0.719064861,-4.751524461
2026-03-03 01:57:40,8.238583534,0.262043026,-5.323670751
2026-03-03 01:57:50,7.958819222,-0.246149239,-5.728579896
2026-03-03 01:58:00,7.387820468,-0.705622898,-6.424691657
2026-03-03 01:58:10,7.520547241,-0.649471869,-6.260907460
2026-03-03 01:58:20,7.904239708,-0.515710276,-5.823831223
2026-03-03 01:58:30,8.283271955,-0.013333495,-5.265113062
2026-03-03 01:58:40,7.860601585,0.266456948,-5.846482220
2026-03-03 01:58:50,7.777375519,-0.040695758,-5.983138548
2026-03-03 01:59:00,8.071914291,-0.172869161,-5.582021208
2026-03-03 01:59:10,7.954858943,-1.237353808,-5.613314108
2026-03-03 01:59:20,7.871211940,-0.732779624,-5.818302476
2026-03-03 01:59:30,7.995804869,-1.628288915,-5.478767256
2026-03-03 01:59:40,7.931281003,-1.953443094,-5.393491148
2026-03-03 01:59:50,7.952610352,-2.132438458,-5.374361833
2026-03-03 02:00:00,8.056528817,-2.135763988,-5.199426419
2026-03-03 02:00:10,7.709986456,-1.869031183,-5.704761387
2026-03-03 02:00:20,7.908576594,-1.548123563,-5.606560134
2026-03-03 02:00:30,7.755041856,-0.747238445,-5.954887583
2026-03-03 02:00:40,7.712336251,-0.505199356,-6.067682424
2026-03-03 02:00:50,8.076508123,-0.072564027,-5.606777683
2026-03-03 02:01:00,7.946816944,0.278344628,-5.698661613
2026-03-03 02:01:10,7.984039694,0.770463604,-5.627482160
2026-03-03 02:01:20,8.156970992,0.882004687,-5.406035321
2026-03-03 02:01:30,8.028449465,1.053584219,-5.587283504
2026-03-03 02:01:40,7.880066982,1.729519732,-5.554285694
2026-03-03 02:01:50,8.137986617,1.307958277,-5.305420600
2026-03-03 02:02:00,7.849105078,1.606528278,-5.658655333
2026-03-03 02:02:10,8.263425622,0.914677079,-5.169439042
2026-03-03 02:02:20,7.941487491,1.519181579,-5.508889133
2026-03-03 02:02:30,8.400671876,1.230978949,-4.874639988
2026-03-03 02:02:40,8.355951646,1.492397153,-4.878771720
2026-03-03 02:02:50,8.931920347,0.733793663,-4.019555315
2026-03-03 02:03:00,7.964731454,2.690166162,-5.083630092
2026-03-03 02:03:10,8.553414201,1.042125354,-4.621633973
2026-03-03 02:03:20,8.132637455,1.534460997,-5.331400130
2026-03-03 02:03:30,4.339795304,3.001900770,-8.303195705
2026-03-03 02:03:40,5.889987771,1.635080548,-7.717009208
2026-03-03 02:03:50,5.320290113,1.213964584,-8.160621117
2026-03-03 02:04:00,6.427829244,1.494345228,-7.234509055
2026-03-03 02:04:10,6.692247497,1.531178685,-7.053891027
2026-03-03 02:04:20,7.177030718,0.852945568,-6.578983757
2026-03-03 02:04:30,7.209710343,3.346248418,-5.777382005
2026-03-03 02:04:40,7.810066322,2.594028698,-5.349686214
2026-03-03 02:04:50,7.461154320,2.461983365,-5.865893071
2026-03-03 02:05:00,7.326535550,1.161159661,-6.437063740
2026-03-03 02:05:10,7.499593794,0.207385845,-6.334808464
2026-03-03 02:05:20,7.019658140,0.224846738,-6.859763489
2026-03-03 02:05:30,5.823095133,-0.746500667,-7.865001427
2026-03-03 02:05:40,6.865381994,-0.942107271,-6.990162488
2026-03-03 02:05:50,7.464435635,-0.701233775,-6.315713729
2026-03-03 02:06:00,7.285631634,-0.953721581,-6.416690336
2026-03-03 02:06:10,6.375852224,-0.154242320,-7.455043261
2026-03-03 02:06:20,6.653506770,0.684827630,-7.142384996
2026-03-03 02:06:30,7.280317972,0.358891712,-6.574456276
2026-03-03 02:06:40,7.349073170,1.815421022,-6.226215244
2026-03-03 02:06:50,7.077791340,1.590264296,-6.572909883
2026-03-03 02:07:00,6.585268949,2.070260752,-7.021502884
2026-03-03 02:07:10,6.932664819,2.501771865,-6.470154587
2026-03-03 02:07:20,6.493988015,3.373021056,-6.542465357
2026-03-03 02:07:30,6.511014575,1.735904022,-7.081025443
2026-03-03 02:07:40,7.319696516,-0.334884017,-6.533949584
2026-03-03 02:07:50,7.026313749,0.268051611,-6.792103498
2026-03-03 02:08:00,7.900562669,-1.752822512,-5.541634129
2026-03-03 02:08:10,8.143773022,-3.441214634,-4.323858861
2026-03-03 02:08:20,6.967753489,-6.024728589,-3.343459252
2026-03-03 02:08:30,7.586864043,-4.864192411,-3.870760976
2026-03-03 02:08:40,7.899836245,-4.097434362,-4.124503576
2026-03-03 02:08:50,7.192027529,-3.820411395,-5.521510177
2026-03-03 02:09:00,7.392810236,-4.556912058,-4.513696149
2026-03-03 02:09:10,7.128146824,-4.570099339,-5.012913113
2026-03-03 02:09:20,6.853491012,-5.097172181,-4.801103969
2026-03-03 02:09:30,6.516240768,-5.045817869,-5.392261577
2026-03-03 02:09:40,5.985754379,-4.557595998,-6.229091140
2026-03-03 02:09:50,5.711699527,-5.039983426,-6.152416530
2026-03-03 02:10:00,5.269675437,-5.147858898,-6.449181021
2026-03-03 02:10:10,4.587591233,-3.979888995,-7.724092052
2026-03-03 02:10:20,4.533701056,-4.381900060,-7.476032368
2026-03-03 02:10:30,3.902351121,-5.519253637,-7.141703092
2026-03-03 02:10:40,3.393529287,-5.099687914,-7.678163346
2026-03-03 02:10:50,4.789073465,-5.170228283,-6.852324942
2026-03-03 02:11:00,4.038115203,-5.991645148,-6.671682908
2026-03-03 02:11:10,3.294067750,-6.599717040,-6.446681677
2026-03-03 02:11:20,2.841841672,-6.777506211,-6.492055498
2026-03-03 02:11:30,1.428846568,-6.773916896,-6.957613329
2026-03-03 02:11:40,1.382498547,-6.312104401,-7.382544106
2026-03-03 02:11:50,2.975565354,-5.523704834,-7.540463539
2026-03-03 02:12:00,2.329288314,-5.173111706,-8.007364538
2026-03-03 02:12:10,2.719026488,-4.988673385,-8.001230796
2026-03-03 02:12:20,1.492597894,-4.752985044,-8.460530271
2026-03-03 02:12:30,1.673806185,-5.646560107,-7.849766618
2026-03-03 02:12:40,2.576771272,-4.677281714,-8.230405131
2026-03-03 02:12:50,2.026110971,-4.017724210,-8.719976090
2026-03-03 02:13:00,0.667105756,-3.087529221,-9.327772999
2026-03-03 02:13:10,-0.155820502,-2.484152667,-9.478637583
2026-03-03 02:13:20,-0.379038648,-0.898482426,-9.719611529
2026-03-03 02:13:30,0.423301158,-0.212452301,-9.794670271
2026-03-03 02:13:40,-0.679536959,-0.447825359,-9.744767054
2026-03-03 02:13:50,-0.270227403,-1.021894732,-9.777423712
2026-03-03 02:14:00,-0.222019699,-0.239690870,-9.796046719
2026-03-03 02:14:10,-0.333934588,0.338817127,-9.784213615
2026-03-03 02:14:20,-1.060862495,1.538679836,-9.656485658
2026-03-03 02:14:30,-1.477205107,1.758839597,-9.520986082
2026-03-03 02:14:40,-1.188232337,2.471723777,-9.430509748
2026-03-03 02:14:50,-1.204710888,4.984449588,-8.358840924
2026-03-03 02:15:00,-1.164183059,3.733613713,-9.006429074
2026-03-03 02:15:10,-0.030193101,4.119265053,-8.919190215
2026-03-03 02:15:20,0.397377832,3.156474082,-9.265508147
2026-03-03 02:15:30,0.606258433,2.909133108,-9.341927831
2026-03-03 02:15:40,1.081216646,2.406061770,-9.437441274
2026-03-03 02:15:50,2.161872731,2.490099968,-9.286406834
2026-03-03 02:16:00,3.028177409,3.880671211,-8.471282389
2026-03-03 02:16:10,1.988770916,3.549792836,-8.933528469
2026-03-03 02:16:20,1.056539531,2.034538135,-9.543024492
2026-03-03 02:16:30,0.236815133,1.496943648,-9.720738902
2026-03-03 02:16:40,0.231871316,1.029687446,-9.730495768
2026-03-03 02:16:50,-0.430667200,0.362347854,-9.781122068
2026-03-03 02:17:00,-1.247212089,-0.595022044,-9.681619293
2026-03-03 02:17:10,-1.127478680,-0.428545197,-9.730694620
2026-03-03 02:17:20,-3.076080349,0.223345329,-9.311587457
2026-03-03 02:17:30,-3.257653976,1.140905159,-9.179554235
2026-03-03 02:17:40,-3.219969584,1.006734315,-9.193511626
2026-03-03 02:17:50,-3.088353640,0.295477162,-9.317611263
2026-03-03 02:18:00,-3.971428926,0.619934476,-8.907508523
2026-03-03 02:18:10,-3.289842840,0.271971492,-9.253952553
2026-03-03 02:18:20,-3.811298657,0.321651731,-9.023514686
2026-03-03 02:18:30,-3.349200371,0.346590999,-9.250335232
2026-03-03 02:18:40,-4.561901442,1.134828392,-8.619262921
2026-03-03 02:18:50,-3.469930175,1.327280977,-9.076372379
2026-03-03 02:19:00,-3.886420418,0.983766018,-8.932295464
2026-03-03 02:19:10,-3.964803957,1.837543291,-8.776519820
2026-03-03 02:19:20,-4.731857450,3.167464533,-7.992423093
2026-03-03 02:19:30,-4.096265592,3.733745690,-8.083468522
2026-03-03 02:19:40,-4.118343922,3.471970023,-8.231302490
2026-03-03 02:19:50,-4.269246954,3.383981562,-8.195465785
2026-03-03 02:20:00,-3.164797150,2.875269454,-8.816386469
2026-03-03 02:20:10,-3.106315791,4.361720030,-8.214593696
2026-03-03 02:20:20,-2.468617854,3.656190480,-8.824730649
2026-03-03 02:20:30,-3.170841622,3.884595081,-8.456037969
2026-03-03 02:20:40,-3.675786677,3.979667982,-8.192486222
2026-03-03 02:20:50,-5.267938974,3.364432284,-7.578018565
2026-03-03 02:21:00,-4.735738266,4.450788580,-7.377583203
2026-03-03 02:21:10,-2.584664552,5.256144839,-7.872568523
2026-03-03 02:21:20,-4.001292254,4.877037281,-7.536742003
2026-03-03 02:21:30,-3.448864913,3.615212905,-8.432703609
2026-03-03 02:21:40,-4.285393096,3.197942131,-8.255299161
2026-03-03 02:21:50,-3.990019451,4.203091811,-7.918589822
2026-03-03 02:22:00,-4.458709580,6.044958278,-6.282868971
2026-03-03 02:22:10,-4.719048640,6.207258195,-5.942741537
2026-03-03 02:22:20,-4.065782645,6.361438963,-6.246332296
2026-03-03 02:22:30,-5.453959948,5.900707604,-5.657650051
2026-03-03 02:22:40,-5.240681220,6.728576078,-4.841401413
2026-03-03 02:22:50,-5.766420405,5.729406107,-5.476569805
2026-03-03 02:23:00,-5.140628135,6.032447217,-5.784618880
2026-03-03 02:23:10,-5.178215985,5.831969738,-5.933874879
2026-03-03 02:23:20,-5.108097918,5.836800983,-5.941681893
2026-03-03 02:23:30,-5.432314251,5.004631497,-6.483994872
2026-03-03 02:23:40,-4.706082117,5.461113375,-6.637592421
2026-03-03 02:23:50,-4.854267441,5.968191303,-6.112745150
2026-03-03 02:24:00,-5.545221889,5.431497823,-5.980492692
2026-03-03 02:24:10,-5.129885143,5.315065174,-6.433253765
2026-03-03 02:24:20,-5.449378410,5.288009097,-6.100446691
2026-03-03 02:24:30,-6.149993398,4.193951385,-6.350662779
2026-03-03 02:24:40,-6.833968350,3.834290976,-5.952742875
2026-03-03 02:24:50,-6.106273790,4.240067295,-6.381550362
2026-03-03 02:25:00,-6.365306851,4.202187561,-6.212750256
2026-03-03 02:25:10,-6.109576569,4.171349479,-6.446247673
2026-03-03 02:25:20,-5.961220681,3.982394565,-6.719896373
2026-03-03 02:25:30,-5.932790877,3.734372463,-6.850157345
2026-03-03 02:25:40,-5.743063457,3.500862590,-7.146898955
2026-03-03 02:25:50,-6.422437816,3.413519151,-6.603312984
2026-03-03 02:26:00,-6.606441759,3.681209763,-6.229069123
2026-03-03 02:26:10,-5.864582455,3.745382041,-6.923298799
2026-03-03 02:26:20,-6.048601240,3.165789101,-7.044728512
2026-03-03 02:26:30,-6.123685422,3.329883407,-6.940531525
2026-03-03 02:26:40,-6.287150683,3.812117252,-6.509283062
2026-03-03 02:26:50,-6.647287733,2.938604599,-6.572506626
2026-03-03 02:27:00,-6.971435572,2.204172238,-6.633031804
2026-03-03 02:27:10,-7.204563997,2.660891564,-6.050455611
2026-03-03 02:27:20,-7.087385050,3.299755190,-5.910582954
2026-03-03 02:27:30,-6.989190405,2.631700328,-6.365425843
2026-03-03 02:27:40,-7.477774922,2.457871608,-5.912921198
2026-03-03 02:27:50,-7.422941742,2.506574177,-5.882349297
2026-03-03 02:28:00,-7.538351889,2.771308377,-5.644914548
2026-03-03 02:28:10,-7.704606254,2.541926875,-5.484438573
2026-03-03 02:28:20,-8.163803878,2.982203486,-4.572799425
2026-03-03 02:28:30,-7.914527949,3.667164844,-4.515529091
2026-03-03 02:28:40,-8.479275968,2.759754422,-4.105574523
2026-03-03 02:28:50,-8.047632382,2.953035458,-4.714788234
2026-03-03 02:29:00,-8.256200961,2.359103403,-4.746938419
2026-03-03 02:29:10,-8.208738189,2.208441099,-4.927563584
2026-03-03 02:29:20,-8.513806943,2.512139812,-4.242225918
2026-03-03 02:29:30,-8.286267909,2.745977990,-4.417700891
2026-03-03 02:29:40,-7.818193699,3.414611095,-4.872940841
2026-03-03 02:29:50,-7.706633249,2.348063960,-5.638763660
2026-03-03 02:30:00,-7.168856802,2.569050667,-6.173458648
2026-03-03 02:30:10,-7.325716535,2.233872729,-6.178680687
2026-03-03 02:30:20,-6.656706877,2.558756178,-6.766020692
2026-03-03 02:30:30,-6.409464166,2.491309059,-6.978671108
2026-03-03 02:30:40,-6.376366465,2.610609047,-6.944634974
2026-03-03 02:30:50,-6.832697519,2.491273426,-6.551843504
2026-03-03 02:31:00,-7.059734282,2.368831029,-6.432120940
2026-03-03 02:31:10,-6.849425487,3.080781604,-6.347600933
2026-03-03 02:31:20,-6.083748407,4.331383342,-6.430392103
2026-03-03 02:31:30,-6.751904491,4.108608971,-5.781680265
2026-03-03 02:31:40,-6.579958946,4.806943100,-5.533017627
2026-03-03 02:31:50,-5.959682917,3.787504267,-6.806424173
2026-03-03 02:32:00,-6.257004022,2.861098147,-7.004050166
2026-03-03 02:32:10,-6.410213676,3.707250032,-6.468469232
2026-03-03 02:32:20,-6.692136881,3.901001866,-6.038481607
2026-03-03 02:32:30,-7.408646746,3.038631587,-5.696049820
2026-03-03 02:32:40,-7.626972033,2.512555737,-5.615308273
2026-03-03 02:32:50,-6.907970556,2.340490654,-6.557025057
2026-03-03 02:33:00,-6.666188331,2.140900025,-6.829834523
2026-03-03 02:33:10,-6.775525279,3.138543655,-6.457922923
2026-03-03 02:33:20,-7.441982953,2.947985261,-5.635346915
2026-03-03 02:33:30,-7.205350474,3.750106185,-5.483225682
2026-03-03 02:33:40,-7.380197432,3.142737632,-5.652646331
2026-03-03 02:33:50,-6.704600949,3.598699053,-6.197479317
2026-03-03 02:34:00,-7.599201034,3.342073122,-5.322401393
2026-03-03 02:34:10,-8.030697901,2.874608667,-4.853200194
2026-03-03 02:34:20,-7.697571111,3.737419806,-4.776819054
2026-03-03 02:34:30,-7.727489668,3.832977387,-4.633950261
2026-03-03 02:34:40,-6.906306596,5.098310891,-4.730530793
2026-03-03 02:34:50,-7.035087802,4.311453253,-5.323908434
2026-03-03 02:35:00,-6.268711346,4.865539055,-5.731210477
2026-03-03 02:35:10,-8.165878882,3.824728277,-3.852224343
2026-03-03 02:35:20,-8.525273985,3.349987784,-3.445730629
2026-03-03 02:35:30,-8.148827965,3.664461547,-3.924908609
2026-03-03 02:35:40,-7.949108325,3.848813129,-4.224633691
2026-03-03 02:35:50,-7.027703253,4.671702717,-5.000262528
2026-03-03 02:36:00,-7.349146570,3.847062521,-5.328196527
2026-03-03 02:36:10,-6.810771333,4.343748040,-5.548777500
2026-03-03 02:36:20,-7.029499940,3.815472124,-5.631843370
2026-03-03 02:36:30,-7.515375600,3.734964757,-5.063178535
2026-03-03 02:36:40,-7.946240524,3.716836489,-4.418283329
2026-03-03 02:36:50,-8.065204750,4.193199968,-3.795244714
2026-03-03 02:37:00,-8.324576863,4.199911549,-3.125217857
2026-03-03 02:37:10,-8.728932121,3.730251773,-2.585962132
2026-03-03 02:37:20,-8.812173158,3.914191054,-1.713452372
2026-03-03 02:37:30,-8.825739500,4.234857500,-0.829301524
2026-03-03 02:37:40,-8.611077449,4.584176653,-1.173782079
2026-03-03 02:37:50,-8.531597589,4.834914562,-0.490720551
2026-03-03 02:38:00,-7.978208829,5.711536808,-0.521236815
2026-03-03 02:38:10,-7.714732129,6.017996978,-0.114519931
2026-03-03 02:38:20,-7.386863201,6.448197627,0.573577957
2026-03-03 02:38:30,-7.528136691,6.256322272,-0.102176254
2026-03-03 02:38:40,-7.632076024,6.103091006,0.108842584
2026-03-03 02:38:50,-6.744143799,7.121862440,-0.586536085
2026-03-03 02:39:00,-6.268999946,7.516132573,-0.271296255
2026-03-03 02:39:10,-6.964233411,6.852235903,-1.098461039
2026-03-03 02:39:20,-6.610504313,7.175674936,-0.899983057
2026-03-03 02:39:30,-6.521835191,7.074412804,-2.059291994
2026-03-03 02:39:40,-5.562219035,7.990984096,-1.023036061
2026-03-03 02:39:50,-5.177367624,7.131260924,-4.268718156
2026-03-03 02:40:00,-5.628291178,6.860399340,-4.075539549
2026-03-03 02:40:10,-6.216188702,6.499641560,-3.930517164
2026-03-03 02:40:20,-6.278635999,6.697638478,-3.487849918
2026-03-03 02:40:30,-7.013891036,5.982920366,-3.344131372
2026-03-03 02:40:40,-6.707811327,6.077963141,-3.769457733
2026-03-03 02:40:50,-6.291813497,6.385396682,-4.062852707
2026-03-03 02:41:00,-5.916087813,6.598427404,-4.166390401
2026-03-03 02:41:10,-5.395043527,6.422044192,-5.113358214
2026-03-03 02:41:20,-4.673871726,6.216228424,-5.938648754
2026-03-03 02:41:30,-3.678827424,6.853173195,-5.952644974
2026-03-03 02:41:40,-3.563486586,6.807280613,-6.108106639
2026-03-03 02:41:50,-2.732308969,7.510245403,-5.728282536
2026-03-03 02:42:00,-2.340833787,7.336463524,-6.052929037
2026-03-03 02:42:10,-1.795677265,7.561663645,-6.019038251
2026-03-03 02:42:20,-1.810917441,7.697236451,-5.895039187
2026-03-03 02:42:30,-1.908047481,8.014545290,-5.352395313
2026-03-03 02:42:40,-2.540755481,7.743891050,-5.461230831
2026-03-03 02:42:50,-2.329851583,7.940750004,-5.334490298
2026-03-03 02:43:00,-2.763653536,7.831144430,-5.252521736
2026-03-03 02:43:10,-3.594961842,8.140271480,-4.134814479
2026-03-03 02:43:20,-4.408885820,7.618485738,-4.215972736
2026-03-03 02:43:30,-4.373131691,7.498902859,-4.618146275
2026-03-03 02:43:40,-3.514173477,8.123077382,-4.277491386
2026-03-03 02:43:50,-3.670114060,8.237295232,-3.920838219
2026-03-03 02:44:00,-4.584712325,8.101414300,-3.072088768
2026-03-03 02:44:10,-5.420676514,7.803518499,-2.313053135
2026-03-03 02:44:20,-5.530086387,7.290356586,-3.543413593
2026-03-03 02:44:30,-3.927499909,7.870021471,-4.328600111
2026-03-03 02:44:40,-4.596292862,7.651017239,-3.992352208
2026-03-03 02:44:50,-5.325940509,7.807455844,-2.448224776
2026-03-03 02:45:00,-5.659648318,7.355749715,-3.162502915
2026-03-03 02:45:10,-6.623004851,6.635353729,-2.779299466
2026-03-03 02:45:20,-6.980619059,5.876233490,-3.614348367
2026-03-03 02:45:30,-5.559613413,6.399355472,-4.928570660
2026-03-03 02:45:40,-7.060764782,5.135876837,-4.477973611
2026-03-03 02:45:50,-7.744524851,4.557706927,-4.032557093
2026-03-03 02:46:00,-7.780358936,4.041321200,-4.401268385
2026-03-03 02:46:10,-6.941941519,4.450345139,-5.270914681
2026-03-03 02:46:20,-7.671524787,4.077715640,-4.572539568
2026-03-03 02:46:30,-7.488886704,4.673098013,-4.246519089
2026-03-03 02:46:40,-7.498363398,5.174445460,-3.680951728
2026-03-03 02:46:50,-7.609230604,4.594591843,-4.189613260
2026-03-03 02:47:00,-7.410210366,5.819847187,-2.704246911
2026-03-03 02:47:10,-7.827442126,5.291346136,-2.614272731
2026-03-03 02:47:20,-8.239091416,4.884441755,-2.121666124
2026-03-03 02:47:30,-8.887440548,3.220102481,-2.725482174
2026-03-03 02:47:40,-8.039537919,5.071858088,-2.490308909
2026-03-03 02:47:50,-7.519767263,5.452195231,-3.162259372
2026-03-03 02:48:00,-7.929670401,4.886745361,-3.110876442
2026-03-03 02:48:10,-7.696155052,4.587750585,-4.026987551
2026-03-03 02:48:20,-7.560757051,3.644287766,-5.110518331
2026-03-03 02:48:30,-7.089082062,3.551140045,-5.802931426
2026-03-03 02:48:40,-8.057097349,2.877429688,-4.805209656
2026-03-03 02:48:50,-8.663985711,3.406143265,-2.995935624
2026-03-03 02:49:00,-8.928563139,3.528664725,-1.860650096
2026-03-03 02:49:10,-8.671812740,4.354161552,-1.477093077
2026-03-03 02:49:20,-8.326509054,4.445357113,-2.631549468
2026-03-03 02:49:30,-7.887252656,4.472840230,-3.744424254
2026-03-03 02:49:40,-7.846865940,5.400304097,-2.326230852
2026-03-03 02:49:50,-7.975999053,4.961076409,-2.746812371
2026-03-03 02:50:00,-7.540018547,4.843540801,-4.006530756
2026-03-03 02:50:10,-8.430802670,3.494241813,-3.617790891
2026-03-03 02:50:20,-8.470855587,3.973221539,-2.919785300
2026-03-03 02:50:30,-9.050834143,2.882272617,-2.480124571
2026-03-03 02:50:40,-8.992612817,2.252126584,-3.148199171
2026-03-03 02:50:50,-8.553671931,4.664035812,-0.986931298
2026-03-03 02:51:00,-7.593808419,5.840516087,-2.104718059
2026-03-03 02:51:10,-6.718006502,6.716086362,-2.474941869
2026-03-03 02:51:20,-6.107079475,7.117809026,-2.921213404
2026-03-03 02:51:30,-5.680777210,7.561804725,-2.464282383
2026-03-03 02:51:40,-6.335890650,7.220405438,-2.034723931
2026-03-03 02:51:50,-7.644943796,5.999715008,-1.364002344
2026-03-03 02:52:00,-7.489132406,6.288955954,-0.526016409
2026-03-03 02:52:10,-7.012549038,6.755031495,-1.068143471
2026-03-03 02:52:20,-6.764997898,7.030060185,-0.909795807
2026-03-03 02:52:30,-7.233297197,6.621024226,0.385976974
2026-03-03 02:52:40,-6.215371757,7.547698298,0.796967074
2026-03-03 02:52:50,-5.391700685,8.184580584,0.484958603
2026-03-03 02:53:00,-5.657783889,8.037562585,-0.018840704
2026-03-03 02:53:10,-4.788209239,8.567440483,0.791068954
2026-03-03 02:53:20,-4.482981781,8.409079962,2.360590317
2026-03-03 02:53:30,-4.399568783,8.409779211,2.610587450
2026-03-03 02:53:40,-3.402268886,8.555157835,3.315154061
2026-03-03 02:53:50,-3.118934352,8.729978276,3.237928313
2026-03-03 02:54:00,-1.995512310,9.145560316,2.918367936
2026-03-03 02:54:10,-2.578875960,9.069512080,2.543840127
2026-03-03 02:54:20,-2.262593351,9.416574570,1.503199078
2026-03-03 02:54:30,-2.409993338,9.345498789,1.773014838
2026-03-03 02:54:40,-1.768898644,9.397982829,2.034675770
2026-03-03 02:54:50,-1.642782779,9.649899305,0.598640206
2026-03-03 02:55:00,-1.532151540,9.670716080,0.490809619
2026-03-03 02:55:10,-0.597779601,9.696233163,1.516342787
2026-03-03 02:55:20,-1.141004915,9.523457223,1.957710139
2026-03-03 02:55:30,-1.289966058,9.504935014,2.128973743
2026-03-03 02:55:40,-1.375127611,9.650029437,1.119376608
2026-03-03 02:55:50,-1.362983897,9.449234002,1.940873547
2026-03-03 02:56:00,-0.896729379,9.746200563,0.865898939
2026-03-03 02:56:10,0.207767631,9.656835922,1.755417696
2026-03-03 02:56:20,-1.323113065,9.586057364,1.862269099
2026-03-03 02:56:30,-0.780846129,9.321519179,3.055761067
2026-03-03 02:56:40,0.034357401,9.588755605,1.975878518
2026-03-03 02:56:50,0.426577754,9.427652310,2.644537304
2026-03-03 02:57:00,0.395670030,9.518208053,2.362609946
2026-03-03 02:57:10,0.387352552,9.169891238,3.487886295
2026-03-03 02:57:20,-0.127379162,9.197703449,3.405888027
2026-03-03 02:57:30,1.182536430,9.046638373,3.657181311
2026-03-03 02:57:40,0.543814446,9.373379281,2.800741276
2026-03-03 02:57:50,0.282113456,9.102093164,3.597375817
2026-03-03 02:58:00,0.294612338,9.056524013,3.786171450
2026-03-03 02:58:10,0.143923439,9.289627494,3.173556062
2026-03-03 02:58:20,1.050982759,8.776833637,4.308909845
2026-03-03 02:58:30,1.389472650,9.257420056,2.918715111
2026-03-03 02:58:40,0.989393518,9.307518564,2.816150571
2026-03-03 02:58:50,1.455306432,9.060357455,3.600627668
2026-03-03 02:59:00,0.444829457,9.111141960,3.616928558
2026-03-03 02:59:10,2.078242813,8.560230000,4.334384934
2026-03-03 02:59:20,1.591483259,8.663615209,4.300281675
2026-03-03 02:59:30,1.636125451,8.381475994,4.796051293
2026-03-03 02:59:40,1.385462608,7.729872425,5.871213050
2026-03-03 02:59:50,2.198650275,6.861979596,6.638541144
2026-03-03 03:00:00,2.675899255,6.955147144,6.396947942
2026-03-03 03:00:10,4.068601302,5.762146020,6.806307052
2026-03-03 03:00:20,3.600273468,5.857041386,7.007678976
2026-03-03 03:00:30,3.594487726,5.119492500,7.571715303
2026-03-03 03:00:40,3.590578873,4.988008861,7.640060619
2026-03-03 03:00:50,2.966323595,4.462212268,8.224034614
2026-03-03 03:01:00,2.701439395,5.728413515,7.511883795
2026-03-03 03:01:10,2.982647658,4.735040200,8.014147896
2026-03-03 03:01:20,3.692416706,4.993100071,7.610538253
2026-03-03 03:01:30,3.057259951,6.148432859,6.997311146
2026-03-03 03:01:40,2.885658564,5.897664469,7.285005719
2026-03-03 03:01:50,3.134387523,5.511981220,7.515204548
2026-03-03 03:02:00,2.571059505,5.564124999,7.623181862
2026-03-03 03:02:10,2.839321349,6.315635016,6.951255405
2026-03-03 03:02:20,3.161245764,5.810547821,7.280099194
2026-03-03 03:02:30,4.151857446,5.494980754,6.981365271
2026-03-03 03:02:40,3.462525787,4.892170995,7.764648422
2026-03-03 03:02:50,3.510069214,3.991410693,8.279605323
2026-03-03 03:03:00,3.150614766,3.723534242,8.550215408
2026-03-03 03:03:10,3.200627753,4.731430025,7.958572297
2026-03-03 03:03:20,2.646648223,4.712873021,8.236745824
2026-03-03 03:03:30,1.083170698,3.771777108,9.000332530
2026-03-03 03:03:40,0.387956999,3.624211376,9.107818643
2026-03-03 03:03:50,0.543654341,3.369793112,9.183921404
2026-03-03 03:04:00,0.410477704,3.271261322,9.271062418
2026-03-03 03:04:10,-0.074165685,3.464316385,9.212616911
2026-03-03 03:04:20,0.288991024,3.986860767,8.985898073
2026-03-03 03:04:30,-0.314099731,4.208902395,8.897851691
2026-03-03 03:04:40,-0.463402693,2.801332657,9.384265849
2026-03-03 03:04:50,-1.040842682,1.689067947,9.636015823
2026-03-03 03:05:00,-0.597884997,1.633380468,9.673033291
2026-03-03 03:05:10,-0.502718477,1.766637332,9.642052540
2026-03-03 03:05:20,-0.759955361,0.629521665,9.744697024
2026-03-03 03:05:30,-0.316148735,1.436583302,9.692504431
2026-03-03 03:05:40,-1.168050697,1.554174560,9.581288276
2026-03-03 03:05:50,-2.840535682,0.833280036,9.376147587
2026-03-03 03:06:00,-2.263048925,0.740060599,9.503676624
2026-03-03 03:06:10,-2.292769471,0.648309728,9.509422076
2026-03-03 03:06:20,-3.024764527,0.657088731,9.307524033
2026-03-03 03:06:30,-3.102315927,0.016329531,9.316764314
2026-03-03 03:06:40,-2.172746938,0.420306236,9.576582226
2026-03-03 03:06:50,-1.545375839,0.575811731,9.643579849
2026-03-03 03:07:00,-1.438804007,0.681118582,9.679937262
2026-03-03 03:07:10,-1.295741325,1.716134652,9.584037017
2026-03-03 03:07:20,-1.519493895,2.502104507,9.366361391
2026-03-03 03:07:30,-2.114529459,2.997411945,9.048216876
2026-03-03 03:07:40,-1.729580529,2.909393172,9.170136069
2026-03-03 03:07:50,-2.420976670,3.123192675,8.973922125
2026-03-03 03:08:00,-2.503936646,2.705486837,9.100140609
2026-03-03 03:08:10,-2.914552149,3.297636261,8.752846204
2026-03-03 03:08:20,-3.736624962,4.071174742,8.110808103
2026-03-03 03:08:30,-3.188626212,4.551774976,8.082423792
2026-03-03 03:08:40,-2.378848724,4.038920180,8.631220621
2026-03-03 03:08:50,-2.702002258,3.883627639,8.581516059
2026-03-03 03:09:00,-2.512800928,4.045807806,8.580144416
2026-03-03 03:09:10,-2.856513107,3.897631086,8.520134999
2026-03-03 03:09:20,-2.744725257,3.410971462,8.725046207
2026-03-03 03:09:30,-2.526850696,3.690137999,8.769714226
2026-03-03 03:09:40,-2.760595050,4.679591225,8.169895942
2026-03-03 03:09:50,-3.073510515,4.498636586,8.126637438
2026-03-03 03:10:00,-2.729271390,4.604822987,8.218140566
2026-03-03 03:10:10,-2.555619897,4.231110483,8.461904950
2026-03-03 03:10:20,-2.703209674,4.066603060,8.479721223
2026-03-03 03:10:30,-2.603042819,3.752328036,8.677811536
2026-03-03 03:10:40,-2.784017943,3.931782772,8.546953333
2026-03-03 03:10:50,-2.757880141,4.618849425,8.246445466
2026-03-03 03:11:00,-2.651703850,4.684423590,8.166614022
2026-03-03 03:11:10,-3.071088658,4.550537664,8.131004800
2026-03-03 03:11:20,-3.031353309,4.900404590,7.906253315
2026-03-03 03:11:30,-3.504215053,4.795806979,7.769105176
2026-03-03 03:11:40,-3.464434995,4.604991015,7.931054832
2026-03-03 03:11:50,-3.306528013,4.700980328,8.003487063
2026-03-03 03:12:00,-3.353627728,4.656569067,7.966178399
2026-03-03 03:12:10,-3.644663666,3.842557361,8.253142837
2026-03-03 03:12:20,-3.935825250,3.413897548,8.373636347
2026-03-03 03:12:30,-4.045094410,3.475786113,8.242644892
2026-03-03 03:12:40,-4.581886825,3.247562241,8.007460246
2026-03-03 03:12:50,-4.608585114,3.523204878,7.897471471
2026-03-03 03:13:00,-5.072529387,2.899928964,7.843976003
2026-03-03 03:13:10,-5.107695807,2.902693654,7.842982969
2026-03-03 03:13:20,-4.847723519,2.648335071,8.078101895
2026-03-03 03:13:30,-5.161703568,3.002429024,7.786966054
2026-03-03 03:13:40,-4.646884850,3.070267454,8.083742574
2026-03-03 03:13:50,-4.181421933,3.195462550,8.273748762
2026-03-03 03:14:00,-4.139201598,2.555112829,8.515182237
2026-03-03 03:14:10,-4.195383572,2.598169534,8.458986959
2026-03-03 03:14:20,-4.211770884,2.561262605,8.525076553
2026-03-03 03:14:30,-4.374844339,2.513198925,8.424406923
2026-03-03 03:14:40,-3.996232011,2.007081779,8.736444181
2026-03-03 03:14:50,-3.292407415,1.825420900,9.091225667
2026-03-03 03:15:00,-2.785057818,1.647344718,9.262230115
2026-03-03 03:15:10,-3.035211340,2.076712263,9.064730272
2026-03-03 03:15:20,-2.263542370,2.699932113,9.169330022
2026-03-03 03:15:30,-1.786094978,2.415455758,9.351188611
2026-03-03 03:15:40,-2.175606632,2.009868065,9.390282033
2026-03-03 03:15:50,-2.752639596,2.177438808,9.158775711
2026-03-03 03:16:00,-2.473078145,2.330448278,9.213664412
2026-03-03 03:16:10,-2.578731227,2.542718186,9.139134673
2026-03-03 03:16:20,-1.942436421,2.633200822,9.236597682
2026-03-03 03:16:30,-2.656288246,2.365705324,9.114979525
2026-03-03 03:16:40,-3.038342326,1.511592583,9.212168432
2026-03-03 03:16:50,-3.022520407,1.692316975,9.180402462
2026-03-03 03:17:00,-2.937093068,1.968178298,9.144752531
2026-03-03 03:17:10,-3.086801969,1.549353137,9.189841227
2026-03-03 03:17:20,-3.104462352,1.695021605,9.174070160
2026-03-03 03:17:30,-3.550315009,1.863566085,8.991146140
2026-03-03 03:17:40,-4.081825047,2.371051567,8.587640170
2026-03-03 03:17:50,-3.866475300,2.139965484,8.782986712
2026-03-03 03:18:00,-4.347400474,1.969910120,8.592658880
2026-03-03 03:18:10,-4.517756599,1.870575392,8.502695131
2026-03-03 03:18:20,-5.063932042,1.560851610,8.276465430
2026-03-03 03:18:30,-5.078748214,1.735146091,8.231935000
2026-03-03 03:18:40,-4.710160157,1.860278054,8.411301377
2026-03-03 03:18:50,-5.060404001,1.865401539,8.205072328
2026-03-03 03:19:00,-5.390960786,1.857902324,7.998763170
2026-03-03 03:19:10,-5.243128288,1.956064744,8.032379872
2026-03-03 03:19:20,-5.514374746,2.063711761,7.882808688
2026-03-03 03:19:30,-5.366628586,1.513988004,8.052427786
2026-03-03 03:19:40,-5.124984241,1.406159708,8.231259341
2026-03-03 03:19:50,-5.105403524,1.265619025,8.321096904
2026-03-03 03:20:00,-5.006823541,1.172969197,8.362960255
2026-03-03 03:20:10,-5.225844282,1.073548560,8.248745097
2026-03-03 03:20:20,-4.422272264,0.970670685,8.699655569
2026-03-03 03:20:30,-3.912081496,0.978598349,8.946099194
2026-03-03 03:20:40,-4.217338437,0.901615045,8.812874308
2026-03-03 03:20:50,-4.620355620,1.226733373,8.574937832
2026-03-03 03:21:00,-4.385709808,1.388981263,8.645749626
2026-03-03 03:21:10,-4.198754919,2.022552917,8.635677739
2026-03-03 03:21:20,-4.291489910,1.480005631,8.684452866
2026-03-03 03:21:30,-4.106378053,1.666031107,8.745604825
2026-03-03 03:21:40,-4.542343228,2.149564858,8.426891114
2026-03-03 03:21:50,-4.770321607,1.742705788,8.391115645
2026-03-03 03:22:00,-4.845732989,1.473229716,8.433382950
2026-03-03 03:22:10,-4.740188429,1.169898879,8.517396141
2026-03-03 03:22:20,-4.675148316,1.356967817,8.560777620
2026-03-03 03:22:30,-4.521413526,1.299715535,8.623395853
2026-03-03 03:22:40,-4.252218311,0.956634946,8.779186614
2026-03-03 03:22:50,-4.095792689,0.824184418,8.870742995
2026-03-03 03:23:00,-4.088559253,0.788324340,8.905401313
2026-03-03 03:23:10,-3.615806334,0.747046584,9.117445653
2026-03-03 03:23:20,-3.780419284,0.827144282,8.987989555
2026-03-03 03:23:30,-4.079310167,0.760351535,8.907110758
2026-03-03 03:23:40,-4.014943667,0.264757181,8.935335772
2026-03-03 03:23:50,-4.260984887,0.347574079,8.810914451
2026-03-03 03:24:00,-4.598340485,0.546541697,8.657206217
2026-03-03 03:24:10,-4.717504382,0.787599842,8.561225728
2026-03-03 03:24:20,-5.108147057,0.823163847,8.366485166
2026-03-03 03:24:30,-4.973494304,0.929919787,8.395431562
2026-03-03 03:24:40,-5.262088057,1.424001524,8.137123337
2026-03-03 03:24:50,-5.309175193,1.446599231,8.082842886
2026-03-03 03:25:00,-5.091370276,1.246521148,8.247297405
2026-03-03 03:25:10,-5.102514048,1.293966572,8.239952422
2026-03-03 03:25:20,-5.445416265,0.815314551,8.128430094
2026-03-03 03:25:30,-5.500265692,1.055260445,8.024958039
2026-03-03 03:25:40,-5.758468776,0.751468778,7.877248117
2026-03-03 03:25:50,-5.649875379,0.719574328,7.980702790
2026-03-03 03:26:00,-5.291318194,0.135173273,8.268880570
2026-03-03 03:26:10,-5.355390278,-0.230639311,8.178887699
2026-03-03 03:26:20,-5.381858970,-0.499212561,8.194167411
2026-03-03 03:26:30,-5.373912668,-0.656074656,8.179784512
2026-03-03 03:26:40,-5.431330420,-0.574872708,8.153600430
2026-03-03 03:26:50,-5.702412236,-0.684852586,7.949456295
2026-03-03 03:27:00,-5.327418342,-0.624186615,8.151119822
2026-03-03 03:27:10,-5.310425345,-0.186672542,8.234984472
2026-03-03 03:27:20,-5.818048117,-0.163477249,7.931802722
2026-03-03 03:27:30,-5.888883812,0.064546623,7.833448040
2026-03-03 03:27:40,-6.346263519,0.166597497,7.481237826
2026-03-03 03:27:50,-6.092242472,0.497001234,7.656392806
2026-03-03 03:28:00,-6.416424326,0.675928844,7.372729512
2026-03-03 03:28:10,-6.490743523,0.912383387,7.305395974
2026-03-03 03:28:20,-6.760061743,0.892948802,7.035834522
2026-03-03 03:28:30,-6.768630863,1.249305728,6.983329504
2026-03-03 03:28:40,-6.847182729,0.370460537,7.008854798
2026-03-03 03:28:50,-6.731339354,0.826097679,7.101906849
2026-03-03 03:29:00,-6.684574790,0.562209377,7.216899172
2026-03-03 03:29:10,-6.519295571,0.510602601,7.308101588
2026-03-03 03:29:20,-6.494583358,0.365226269,7.353651462
2026-03-03 03:29:30,-6.532221639,0.495247221,7.269560944
2026-03-03 03:29:40,-6.484607970,0.123321819,7.387541076
2026-03-03 03:29:50,-6.602243180,-0.167051998,7.249486756
2026-03-03 03:30:00,-6.554218455,0.408633995,7.275754967
2026-03-03 03:30:10,-6.632319615,0.477108724,7.200136865
2026-03-03 03:30:20,-6.594840466,0.810419801,7.181286768
2026-03-03 03:30:30,-6.497828479,1.239566981,7.243037892
2026-03-03 03:30:40,-6.753218980,0.987235356,7.075704133
2026-03-03 03:30:50,-6.531933221,0.422340632,7.316867248
2026-03-03 03:31:00,-6.492205772,0.932990943,7.224889496
2026-03-03 03:31:10,-6.475678837,1.246406066,7.276300040
2026-03-03 03:31:20,-6.775910755,1.389717408,6.965187689
2026-03-03 03:31:30,-6.979198397,2.095048199,6.538812583
2026-03-03 03:31:40,-6.894207565,2.424023385,6.506052557
2026-03-03 03:31:50,-7.236113327,2.912496934,5.901880803
2026-03-03 03:32:00,-7.059639278,3.457050793,5.921349222
2026-03-03 03:32:10,-7.163946104,3.443404107,5.762808803
2026-03-03 03:32:20,-7.173224448,3.828118300,5.487832519
2026-03-03 03:32:30,-6.827245101,4.199277083,5.635346698
2026-03-03 03:32:40,-6.553207233,4.195402259,6.004230528
2026-03-03 03:32:50,-6.766909192,4.272839403,5.672885410
2026-03-03 03:33:00,-6.549369344,4.423830595,5.778415655
2026-03-03 03:33:10,-6.560394525,5.053075532,5.235949928
2026-03-03 03:33:20,-6.230011577,5.624196188,5.078993459
2026-03-03 03:33:30,-6.459933872,5.679223549,4.750196622
2026-03-03 03:33:40,-6.273763850,5.818974337,4.778818303
2026-03-03 03:33:50,-6.417647209,5.841102282,4.560866477
2026-03-03 03:34:00,-6.324448367,6.292114332,4.144414825
2026-03-03 03:34:10,-6.329569118,5.572022102,4.992610813
2026-03-03 03:34:20,-6.589655130,5.375317523,4.964711712
2026-03-03 03:34:30,-6.812683344,5.368565990,4.460824964
2026-03-03 03:34:40,-6.952431818,5.297421647,4.405262097
2026-03-03 03:34:50,-7.286217542,4.923520751,4.377961213
2026-03-03 03:35:00,-7.723799492,4.216777658,4.316801621
2026-03-03 03:35:10,-7.511800083,5.002681799,3.814864723
2026-03-03 03:35:20,-7.748555222,4.726031684,3.721008021
2026-03-03 03:35:30,-7.721998889,4.412212535,4.048143480
2026-03-03 03:35:40,-7.866611637,3.941366039,4.355101823
2026-03-03 03:35:50,-8.019039366,3.819044874,4.164574402
2026-03-03 03:36:00,-8.238034474,3.566500636,3.965596047
2026-03-03 03:36:10,-7.956099241,4.259846246,3.798448820
2026-03-03 03:36:20,-7.736175479,4.447486018,4.009022042
2026-03-03 03:36:30,-7.882969320,4.565445858,3.611027060
2026-03-03 03:36:40,-8.157741406,4.188323450,3.446752803
2026-03-03 03:36:50,-8.121877626,3.996192614,3.735846370
2026-03-03 03:37:00,-8.321349010,3.734224812,3.504056940
2026-03-03 03:37:10,-8.305169557,3.360827007,3.981476713
2026-03-03 03:37:20,-7.934813321,3.902922947,4.224324467
2026-03-03 03:37:30,-7.893698466,4.109730795,4.196764662
2026-03-03 03:37:40,-7.746269382,3.808177991,4.619214381
2026-03-03 03:37:50,-7.681291584,3.731187523,4.750699534
2026-03-03 03:38:00,-7.880669158,3.707340372,4.543270826
2026-03-03 03:38:10,-8.231111551,3.155817939,4.315891122
2026-03-03 03:38:20,-8.034502016,3.272136614,4.567029422
2026-03-03 03:38:30,-8.165076637,3.048803661,4.496738441
2026-03-03 03:38:40,-7.876929064,3.345628971,4.695456588
2026-03-03 03:38:50,-7.967141636,3.034866540,4.811429272
2026-03-03 03:39:00,-7.732090843,3.498909117,4.900610090
2026-03-03 03:39:10,-7.692318378,3.671811704,4.804596212
2026-03-03 03:39:20,-7.916256468,3.758421833,4.387481828
2026-03-03 03:39:30,-8.091111911,3.885622939,4.007906914
2026-03-03 03:39:40,-7.934693405,3.747476137,4.444485824
2026-03-03 03:39:50,-8.043907509,3.714030567,4.243967688
2026-03-03 03:40:00,-8.026711318,3.318197016,4.532232202
2026-03-03 03:40:10,-8.166473902,2.666853613,4.696150347
2026-03-03 03:40:20,-8.211986917,2.940893352,4.511167333
2026-03-03 03:40:30,-8.212405707,3.231581059,4.332425853
2026-03-03 03:40:40,-7.836697673,3.651527541,4.607016477
2026-03-03 03:40:50,-7.747996429,3.651793189,4.717155654
2026-03-03 03:41:00,-8.223853305,3.390180984,4.136721381
2026-03-03 03:41:10,-8.354173708,3.247409469,4.030158729
2026-03-03 03:41:20,-8.135850264,3.267845847,4.399228938
2026-03-03 03:41:30,-8.175420848,3.147963759,4.401226434
2026-03-03 03:41:40,-8.283388762,3.093927035,4.242637154
2026-03-03 03:41:50,-8.304809771,2.963006884,4.348592684
2026-03-03 03:42:00,-8.123100206,2.707781010,4.879967175
2026-03-03 03:42:10,-8.075131039,2.598659175,4.879542150
2026-03-03 03:42:20,-8.255918078,2.411918350,4.747334213
2026-03-03 03:42:30,-8.436620597,2.020025386,4.598638736
2026-03-03 03:42:40,-8.397592436,2.123324780,4.578875269
2026-03-03 03:42:50,-8.399898964,1.573217381,4.789135091
2026-03-03 03:43:00,-8.572830560,1.268483828,4.597757530
2026-03-03 03:43:10,-8.722143267,0.878648597,4.396878178
2026-03-03 03:43:20,-8.745802725,0.643935179,4.351929694
2026-03-03 03:43:30,-8.768498251,0.410381583,4.413559030
2026-03-03 03:43:40,-8.807984506,0.740527562,4.223314034
2026-03-03 03:43:50,-8.681055256,1.110388907,4.447118937
2026-03-03 03:44:00,-8.572803201,0.632721346,4.673462219
2026-03-03 03:44:10,-8.538334332,0.607927014,4.777814469
2026-03-03 03:44:20,-8.680401889,0.416185482,4.500461825
2026-03-03 03:44:30,-8.875810544,0.354089115,4.176221827
2026-03-03 03:44:40,-8.829192382,0.534609603,4.204195309
2026-03-03 03:44:50,-8.727525020,0.411332674,4.434739279
2026-03-03 03:45:00,-8.905924328,0.685750767,4.153004575
2026-03-03 03:45:10,-9.006314965,0.869220671,3.785313442
2026-03-03 03:45:20,-8.989814918,0.377719791,3.885543857
2026-03-03 03:45:30,-8.856260877,0.382876090,4.234806813
2026-03-03 03:45:40,-8.878867166,0.455666393,4.143491295
2026-03-03 03:45:50,-8.823226375,0.632151859,4.264992511
2026-03-03 03:46:00,-8.776402798,0.579611002,4.334226293
2026-03-03 03:46:10,-8.571402445,0.606727636,4.751641485
2026-03-03 03:46:20,-8.549685992,0.918344172,4.718025914
2026-03-03 03:46:30,-8.771197544,0.605966464,4.247597392
2026-03-03 03:46:40,-8.856369225,0.816757236,4.152653954
2026-03-03 03:46:50,-8.770473234,0.992958041,4.298789334
2026-03-03 03:47:00,-8.721713456,0.743434024,4.420242513
2026-03-03 03:47:10,-8.611127008,0.687932101,4.714942484
2026-03-03 03:47:20,-8.382954485,0.802711088,5.080254930
2026-03-03 03:47:30,-8.083495708,0.480378832,5.562598750
2026-03-03 03:47:40,-8.292173782,0.482114627,5.218459783
2026-03-03 03:47:50,-8.458565373,0.699975025,4.908692231
2026-03-03 03:48:00,-8.315843417,0.678533810,5.199718176
2026-03-03 03:48:10,-8.480515002,0.833909394,4.858996899
2026-03-03 03:48:20,-8.332964488,0.790398109,5.101286228
2026-03-03 03:48:30,-8.284873764,0.838386174,5.202331756
2026-03-03 03:48:40,-8.019974705,0.568786773,5.635393798
2026-03-03 03:48:50,-7.850631122,0.454818725,5.848457128
2026-03-03 03:49:00,-8.139441856,0.437257511,5.419472716
2026-03-03 03:49:10,-8.028045875,0.136238483,5.612932734
2026-03-03 03:49:20,-8.049832868,0.091079307,5.615550478
2026-03-03 03:49:30,-8.109472366,-0.148775189,5.511629335
2026-03-03 03:49:40,-8.188742072,-0.440033068,5.401490480
2026-03-03 03:49:50,-8.237413165,-0.092560408,5.374036619
2026-03-03 03:50:00,-8.201837172,0.404362655,5.318089450
2026-03-03 03:50:10,-8.171956897,0.431092960,5.367209153
2026-03-03 03:50:20,-8.222052737,0.074399137,5.331462226
2026-03-03 03:50:30,-8.251865702,0.280046730,5.343932271
2026-03-03 03:50:40,-8.334473365,-0.081335398,5.187067130
2026-03-03 03:50:50,-8.217194079,0.111191134,5.395305374
2026-03-03 03:51:00,-7.977342927,0.566889887,5.718970760
2026-03-03 03:51:10,-7.868999859,0.427521302,5.808226929
2026-03-03 03:51:20,-7.955123869,0.710115835,5.678802237
2026-03-03 03:51:30,-8.103798304,0.715653522,5.555839319
2026-03-03 03:51:40,-8.111114702,0.525209101,5.485931410
2026-03-03 03:51:50,-7.980907514,0.324414953,5.692253946
2026-03-03 03:52:00,-7.762287163,0.394150007,6.011905144
2026-03-03 03:52:10,-7.920118605,0.337153284,5.783055832
2026-03-03 03:52:20,-7.777579473,0.259700663,5.924697485
2026-03-03 03:52:30,-7.787606052,-0.018692778,5.947580233
2026-03-03 03:52:40,-7.771579841,-0.290292752,5.969444102
2026-03-03 03:52:50,-7.783953628,-0.503081171,5.969465945
2026-03-03 03:53:00,-7.946122057,-0.604533332,5.704947439
2026-03-03 03:53:10,-7.873671747,-0.606444236,5.824714418
2026-03-03 03:53:20,-7.824453084,-0.629801109,5.884476669
2026-03-03 03:53:30,-7.593796062,-0.011206496,6.187827352
2026-03-03 03:53:40,-7.863421497,0.575973468,5.830247430
2026-03-03 03:53:50,-8.198079040,0.527667382,5.408480486
2026-03-03 03:54:00,-8.309460537,0.492071982,5.182718907
2026-03-03 03:54:10,-8.335152174,1.067926133,5.092858582
2026-03-03 03:54:20,-8.299394003,1.407422110,5.036639035
2026-03-03 03:54:30,-8.256548654,1.201997260,5.112833468
2026-03-03 03:54:40,-8.492024394,0.800760015,4.843799322
2026-03-03 03:54:50,-8.410470297,0.863683682,4.982124196
2026-03-03 03:55:00,-8.513975782,0.908744366,4.830966449
2026-03-03 03:55:10,-8.442962713,1.497356933,4.778210513
2026-03-03 03:55:20,-8.226092724,1.359172189,5.195112219
2026-03-03 03:55:30,-8.361053028,1.332678788,4.891484140
2026-03-03 03:55:40,-8.822438240,1.241512725,4.060080069
2026-03-03 03:55:50,-8.629803537,1.248458155,4.515758895
2026-03-03 03:56:00,-8.829029748,0.822322881,4.252841772
2026-03-03 03:56:10,-8.786145050,0.678894646,4.284407248
2026-03-03 03:56:20,-8.809763767,0.820008866,4.227800959
2026-03-03 03:56:30,-8.723271741,1.029236934,4.393807167
2026-03-03 03:56:40,-8.598046572,1.221820385,4.521375051
2026-03-03 03:56:50,-8.638730800,1.407321282,4.392052669
2026-03-03 03:57:00,-8.418916489,1.431309074,4.797400471
2026-03-03 03:57:10,-8.276459923,1.637121697,5.024028622
2026-03-03 03:57:20,-8.417166226,1.868565335,4.772308095
2026-03-03 03:57:30,-8.562142659,1.986431187,4.393593749
2026-03-03 03:57:40,-8.679655381,1.761705217,4.279093029
2026-03-03 03:57:50,-8.731460614,1.760525957,4.191259723
2026-03-03 03:58:00,-8.701941776,2.183968532,3.947410584
2026-03-03 03:58:10,-8.904838652,2.114810049,3.564595738
2026-03-03 03:58:20,-8.743562527,2.254495131,3.890270576
2026-03-03 03:58:30,-8.683919038,2.727900553,3.744121819
2026-03-03 03:58:40,-8.838142718,2.798387704,3.177986475
2026-03-03 03:58:50,-8.748181251,2.853847386,3.462334281
2026-03-03 03:59:00,-8.587540063,2.844970687,3.825021588
2026-03-03 03:59:10,-8.611737127,2.519011536,3.930439596
2026-03-03 03:59:20,-8.711777438,2.395375452,3.854192171
2026-03-03 03:59:30,-8.856247114,2.245389974,3.637033433
2026-03-03 03:59:40,-8.834071169,2.803354333,3.258415728
2026-03-03 03:59:50,-8.868024390,2.710822037,3.268363239
2026-03-03 04:00:00,-9.070311291,2.605160904,2.698896059
2026-03-03 04:00:10,-9.035976930,2.869105100,2.593125894
2026-03-03 04:00:20,-8.897935198,3.070297582,2.701716559
2026-03-03 04:00:30,-9.108531819,2.732966027,2.438804307
2026-03-03 04:00:40,-9.107879015,2.837198421,2.287754311
2026-03-03 04:00:50,-9.327890209,2.441730107,1.838388535
2026-03-03 04:01:00,-9.264770213,2.690130927,1.869903307
2026-03-03 04:01:10,-9.255520662,2.677612468,1.825562592
2026-03-03 04:01:20,-9.288047899,2.600778449,1.583147042
2026-03-03 04:01:30,-9.329464575,2.259976797,1.950104018
2026-03-03 04:01:40,-9.298999174,2.342028016,2.151752093
2026-03-03 04:01:50,-9.363841515,2.232595182,1.770174039
2026-03-03 04:02:00,-9.372705291,2.284635500,1.519579828
2026-03-03 04:02:10,-9.545594660,1.809288098,1.467440384
2026-03-03 04:02:20,-9.591191981,1.828755973,1.036045107
2026-03-03 04:02:30,-9.589116540,1.923922789,0.931302343
2026-03-03 04:02:40,-9.478846136,2.499118601,0.679908657
2026-03-03 04:02:50,-9.546916156,2.153126027,0.970134212
2026-03-03 04:03:00,-9.555940625,2.044698981,0.887041784
2026-03-03 04:03:10,-9.562704202,1.915806797,0.970349726
2026-03-03 04:03:20,-9.465074983,1.744882004,1.658697234
2026-03-03 04:03:30,-9.573667356,1.660931785,1.527715243
2026-03-03 04:03:40,-9.556769287,1.413731899,1.758124777
2026-03-03 04:03:50,-9.436202266,1.872115949,1.986399884
2026-03-03 04:04:00,-9.551546210,1.903026085,1.468004991
2026-03-03 04:04:10,-9.412483454,2.352829760,1.470208281
2026-03-03 04:04:20,-9.525520208,2.163990507,1.157436975
2026-03-03 04:04:30,-9.581338027,1.966135534,0.792595044
2026-03-03 04:04:40,-9.513730656,2.245153928,0.770338234
2026-03-03 04:04:50,-9.533451247,2.164988093,0.493843034
2026-03-03 04:05:00,-9.631963697,1.892331553,0.507389348
2026-03-03 04:05:10,-9.596941546,1.982391560,0.336134590
2026-03-03 04:05:20,-9.530602322,2.295316524,0.731206385
2026-03-03 04:05:30,-9.607935932,1.943836982,0.521040269
2026-03-03 04:05:40,-9.674385167,1.490970992,0.231684297
2026-03-03 04:05:50,-9.719359859,1.131984600,0.007793340
2026-03-03 04:06:00,-9.811734936,0.555352573,0.164585418
2026-03-03 04:06:10,-9.783723613,0.334688222,0.440335591
2026-03-03 04:06:20,-9.770130958,0.553597064,0.781686295
2026-03-03 04:06:30,-9.790216994,-0.085983981,0.548849858
2026-03-03 04:06:40,-9.819568494,0.214363412,0.570863953
2026-03-03 04:06:50,-9.831747109,0.244224714,0.026131106
2026-03-03 04:07:00,-9.781604890,0.302542251,0.470693639
2026-03-03 04:07:10,-9.773907910,0.556633268,0.533234956
2026-03-03 04:07:20,-9.748032447,0.739077035,0.762204932
2026-03-03 04:07:30,-9.757624249,0.832036530,0.568563957
2026-03-03 04:07:40,-9.726509337,0.946287021,1.061634158
2026-03-03 04:07:50,-9.672039525,1.131892584,1.255079998
2026-03-03 04:08:00,-9.667998807,1.407299455,1.070150100
2026-03-03 04:08:10,-9.657837373,1.239528056,1.030926009
2026-03-03 04:08:20,-9.769155705,0.679725554,0.606269003
2026-03-03 04:08:30,-9.784790939,0.961143041,0.352732809
2026-03-03 04:08:40,-9.703084149,1.398097057,0.363064222
2026-03-03 04:08:50,-9.676382106,1.466899557,0.480774302
2026-03-03 04:09:00,-9.764709661,0.851252706,0.173827678
2026-03-03 04:09:10,-9.792211721,0.733942290,-0.122401697
2026-03-03 04:09:20,-9.786821415,0.673882174,-0.129593417
2026-03-03 04:09:30,-9.765547667,0.823739656,0.059728651
2026-03-03 04:09:40,-9.810005302,0.556123788,-0.066363179
2026-03-03 04:09:50,-9.750623105,0.643186438,-0.009892071
2026-03-03 04:10:00,-9.821474313,0.372741939,0.138166791
2026-03-03 04:10:10,-9.775769620,-0.018796156,0.053424870
2026-03-03 04:10:20,-9.789769382,-0.113336444,-0.171469194
2026-03-03 04:10:30,-9.780146045,-0.237980939,-0.323283814
2026-03-03 04:10:40,-9.785489568,-0.359126859,-0.508329013
2026-03-03 04:10:50,-9.816187980,-0.559644714,-0.397250690
2026-03-03 04:11:00,-9.790213521,-0.225388436,-0.530329908
2026-03-03 04:11:10,-9.787653507,-0.057893811,-0.727542599
2026-03-03 04:11:20,-9.794665979,-0.320846788,-0.782719474
2026-03-03 04:11:30,-9.741599534,-0.331953622,-0.732499634
2026-03-03 04:11:40,-9.768028085,-0.256929757,-0.506674082
2026-03-03 04:11:50,-9.823839927,-0.209566169,-0.301932411
2026-03-03 04:12:00,-9.800814354,-0.045448880,-0.218757009
2026-03-03 04:12:10,-9.806489472,-0.308356938,-0.094335712
2026-03-03 04:12:20,-9.833642122,-0.348545748,-0.133898353
2026-03-03 04:12:30,-9.729322226,-0.866587419,-0.137455808
2026-03-03 04:12:40,-9.747306070,-0.959514096,-0.464526215
2026-03-03 04:12:50,-9.743876879,-1.046169949,-0.659639104
2026-03-03 04:13:00,-9.769058134,-0.899595469,-0.675240632
2026-03-03 04:13:10,-9.767530439,-0.896032282,-0.631889540
2026-03-03 04:13:20,-9.744843128,-0.619386438,-0.957772998
2026-03-03 04:13:30,-9.758914276,-0.961033469,-0.801150933
2026-03-03 04:13:40,-9.681949441,-1.213923289,-0.866666177
2026-03-03 04:13:50,-9.719988110,-0.891605266,-0.897877208
2026-03-03 04:14:00,-9.696412173,-0.801856820,-1.159520541
2026-03-03 04:14:10,-9.700939350,-0.975725671,-0.960604203
2026-03-03 04:14:20,-9.668945752,-0.810077726,-1.398665442
2026-03-03 04:14:30,-9.758728685,-0.642253373,-1.046991837
2026-03-03 04:14:40,-9.718912096,-1.064149877,-0.782632420
2026-03-03 04:14:50,-9.760375505,-0.815495837,-0.381027903
2026-03-03 04:15:00,-9.785202574,-0.289477063,-0.474008111
2026-03-03 04:15:10,-9.812680672,-0.392035068,-0.548406972
2026-03-03 04:15:20,-9.774939336,-0.294574370,-0.643408370
2026-03-03 04:15:30,-9.796173774,-0.261614293,-0.042138840
2026-03-03 04:15:40,-9.818321208,-0.153680535,-0.045457725
2026-03-03 04:15:50,-9.812063118,-0.441257570,-0.034861370
2026-03-03 04:16:00,-9.816973530,-0.190225431,-0.515125976
2026-03-03 04:16:10,-9.742661806,-0.465208872,-0.643865218
2026-03-03 04:16:20,-9.783990224,-0.131272165,-0.327561500
2026-03-03 04:16:30,-9.775721480,-0.661162523,-0.078871878
2026-03-03 04:16:40,-9.823638610,-0.474963547,0.046825981
2026-03-03 04:16:50,-9.770099840,-0.410867094,0.108072969
2026-03-03 04:17:00,-9.802594661,-0.609209511,0.162382555
2026-03-03 04:17:10,-9.763877400,-0.650123393,-0.090284490
2026-03-03 04:17:20,-9.776920399,-0.722051693,-0.401421175
2026-03-03 04:17:30,-9.775669345,-0.562579120,-0.181055987
2026-03-03 04:17:40,-9.780946559,-0.281990422,-0.650092864
2026-03-03 04:17:50,-9.810493231,-0.248356564,-0.639586608
2026-03-03 04:18:00,-9.768884082,-0.005338206,-0.813735706
2026-03-03 04:18:10,-9.787246086,0.265772308,-0.758750989
2026-03-03 04:18:20,-9.752993677,0.509430827,-0.619013041
2026-03-03 04:18:30,-9.757730763,0.667320004,-0.527252917
2026-03-03 04:18:40,-9.696228686,0.889537856,-0.731120729
2026-03-03 04:18:50,-9.797867913,0.380639249,-0.478100059
2026-03-03 04:19:00,-9.786802633,0.580521600,-0.386778636
2026-03-03 04:19:10,-9.802158553,0.586081921,-0.389257961
2026-03-03 04:19:20,-9.770304209,0.759804718,-0.510051692
2026-03-03 04:19:30,-9.746092264,0.660235736,-0.704706733
2026-03-03 04:19:40,-9.798899965,0.768908739,-0.417305402
2026-03-03 04:19:50,-9.714724222,1.132822892,-0.612327958
2026-03-03 04:20:00,-9.642237613,1.308413041,-0.963417541
2026-03-03 04:20:10,-9.697202254,1.189976078,-0.679759121
2026-03-03 04:20:20,-9.708649991,1.261849187,-0.964348616
2026-03-03 04:20:30,-9.628991812,1.419832004,-0.969105704
2026-03-03 04:20:40,-9.696670237,1.163157783,-1.089521264
2026-03-03 04:20:50,-9.669690959,1.072090449,-1.440829681
2026-03-03 04:21:00,-9.612024621,1.205348341,-1.628167360
2026-03-03 04:21:10,-9.561746776,1.355327548,-1.695221891
2026-03-03 04:21:20,-9.597694078,1.585749843,-1.352538067
2026-03-03 04:21:30,-9.638155658,1.372281333,-1.205296426
2026-03-03 04:21:40,-9.586164387,1.676256673,-0.714620713
2026-03-03 04:21:50,-9.609375611,1.770723366,-0.792252810
2026-03-03 04:22:00,-9.592374287,1.999280930,-0.371349880
2026-03-03 04:22:10,-9.509457957,2.163176082,-0.664737429
2026-03-03 04:22:20,-9.605039080,1.684905510,-1.076880271
2026-03-03 04:22:30,-9.530282011,2.020794865,-1.175803767
2026-03-03 04:22:40,-9.543297713,1.799669891,-1.330077962
2026-03-03 04:22:50,-9.605733401,1.585162033,-1.174972681
2026-03-03 04:23:00,-9.566000475,1.600089561,-1.202860102
2026-03-03 04:23:10,-9.635489972,1.468192585,-1.204909203
2026-03-03 04:23:20,-9.737254622,0.847580028,-1.062838296
2026-03-03 04:23:30,-9.746532550,0.435929786,-1.022550136
2026-03-03 04:23:40,-9.813261358,0.399391616,-0.713137373
2026-03-03 04:23:50,-9.776989551,0.272771538,-0.688361004
2026-03-03 04:24:00,-9.795696159,0.462342066,-0.512177244
2026-03-03 04:24:10,-9.778982471,0.481722206,-0.637679207
2026-03-03 04:24:20,-9.739387858,0.290504322,-1.074527730
2026-03-03 04:24:30,-9.698205766,0.480507675,-1.477592844
2026-03-03 04:24:40,-9.651675500,0.385063781,-1.683425122
2026-03-03 04:24:50,-9.602279357,0.388323674,-1.936141046
2026-03-03 04:25:00,-9.559049487,0.266858230,-2.133466815
2026-03-03 04:25:10,-9.510463212,0.278827943,-2.327500005
2026-03-03 04:25:20,-9.508738017,0.606237895,-2.348599792
2026-03-03 04:25:30,-9.565383915,0.323589592,-2.029760008
2026-03-03 04:25:40,-9.623174642,-0.130883893,-2.145610362
2026-03-03 04:25:50,-9.700320147,-0.383978194,-1.558789882
2026-03-03 04:26:00,-9.606040505,-0.293525113,-1.781970455
2026-03-03 04:26:10,-9.498696761,-0.003628254,-2.389657305
2026-03-03 04:26:20,-9.583673135,-0.032752707,-2.131988530
2026-03-03 04:26:30,-9.569202156,0.483121841,-2.038366768
2026-03-03 04:26:40,-9.547731747,0.473127711,-2.341095215
2026-03-03 04:26:50,-9.443327483,0.267305059,-2.637684651
2026-03-03 04:27:00,-9.443882380,-0.042339922,-2.679721832
2026-03-03 04:27:10,-9.494391538,-0.281436347,-2.430117557
2026-03-03 04:27:20,-9.436254289,-0.550975701,-2.535494320
2026-03-03 04:27:30,-9.467315668,-0.610322010,-2.474289614
2026-03-03 04:27:40,-9.495901206,-0.662247824,-2.267086278
2026-03-03 04:27:50,-9.625378101,-0.334203073,-2.087882121
2026-03-03 04:28:00,-9.540834698,-0.206818528,-2.274401053
2026-03-03 04:28:10,-9.537703046,-0.123779130,-2.457672767
2026-03-03 04:28:20,-9.572982730,0.007965718,-2.167702159
2026-03-03 04:28:30,-9.626426752,0.195644490,-1.736520985
2026-03-03 04:28:40,-9.673572721,0.111655124,-1.644059537
2026-03-03 04:28:50,-9.696814138,0.355537273,-1.632852845
2026-03-03 04:29:00,-9.597113760,0.725871015,-1.790446274
2026-03-03 04:29:10,-9.531351922,1.172533930,-1.823303528
2026-03-03 04:29:20,-9.597290877,1.211246959,-1.582831570
2026-03-03 04:29:30,-9.636297225,1.375980204,-1.442709634
2026-03-03 04:29:40,-9.538921124,1.855471212,-1.447561379
2026-03-03 04:29:50,-9.414548732,2.430537703,-1.457609174
2026-03-03 04:30:00,-9.357960345,2.589602472,-1.612028866
2026-03-03 04:30:10,-9.322393769,2.560021511,-1.535221280
2026-03-03 04:30:20,-9.385292769,2.505589677,-1.383839962
2026-03-03 04:30:30,-9.453971215,2.085048525,-1.441214206
2026-03-03 04:30:40,-9.412314832,2.164621085,-1.840203797
2026-03-03 04:30:50,-9.387434055,2.504080090,-1.374122119
2026-03-03 04:31:00,-9.520595641,2.310493222,-0.970045978
2026-03-03 04:31:10,-9.422450209,2.445563748,-1.167111986
2026-03-03 04:31:20,-9.374836259,2.516001234,-1.308959701
2026-03-03 04:31:30,-9.299408001,2.792376705,-1.255300819
2026-03-03 04:31:40,-9.334859664,2.541946877,-1.520737426
2026-03-03 04:31:50,-9.508659361,2.047882778,-1.567573843
2026-03-03 04:32:00,-9.549731085,1.582033228,-1.665003925
2026-03-03 04:32:10,-9.525852087,1.657611022,-1.774554667
2026-03-03 04:32:20,-9.352802297,1.674179708,-2.458604420
2026-03-03 04:32:30,-9.389038062,1.603415161,-2.302775380
2026-03-03 04:32:40,-9.501590059,1.873588365,-1.589517361
2026-03-03 04:32:50,-9.462214172,2.157147171,-1.284747520
2026-03-03 04:33:00,-9.466328393,2.156962492,-1.371936757
2026-03-03 04:33:10,-9.524856537,1.970840999,-1.439180396
2026-03-03 04:33:20,-9.521016541,1.923871208,-1.497864281
2026-03-03 04:33:30,-9.587220124,1.882075463,-1.227340859
2026-03-03 04:33:40,-9.643045308,1.646753238,-0.809706065
2026-03-03 04:33:50,-9.606981856,1.772598107,-1.040719317
2026-03-03 04:34:00,-9.635665821,1.802117494,-0.549901572
2026-03-03 04:34:10,-9.618925143,1.868835908,-0.440478030
2026-03-03 04:34:20,-9.597077949,1.863811787,-0.706090241
2026-03-03 04:34:30,-9.536966422,2.230800836,-0.381963444
2026-03-03 04:34:40,-9.584129554,2.037019433,-0.521448687
2026-03-03 04:34:50,-9.559552615,2.124407550,-0.494587054
2026-03-03 04:35:00,-9.655829888,1.744623379,-0.623670673
2026-03-03 04:35:10,-9.717826507,1.252167434,-0.621692104
2026-03-03 04:35:20,-9.663013829,1.710135865,-0.317418774
2026-03-03 04:35:30,-9.708995393,1.338327041,0.176503086
2026-03-03 04:35:40,-9.678068756,1.430121460,0.031613330
2026-03-03 04:35:50,-9.671489686,1.579801278,0.167310530
2026-03-03 04:36:00,-9.628376675,1.753025202,-0.003645614
2026-03-03 04:36:10,-9.655396585,1.918823267,-0.096145911
2026-03-03 04:36:20,-9.626346475,1.611554827,-0.076326554
2026-03-03 04:36:30,-9.721537960,1.365535497,-0.020153856
2026-03-03 04:36:40,-9.677181590,1.517731421,0.037132227
2026-03-03 04:36:50,-9.708617286,1.431281557,-0.084214693
2026-03-03 04:37:00,-9.711765877,1.327319253,0.367755917
2026-03-03 04:37:10,-9.759524382,0.877604471,0.700682161
2026-03-03 04:37:20,-9.763219839,0.809296706,0.502171157
2026-03-03 04:37:30,-9.693864275,1.027197454,0.765422924
2026-03-03 04:37:40,-9.740689094,0.873441384,0.758344984
2026-03-03 04:37:50,-9.806029187,0.644396006,0.569478378
2026-03-03 04:38:00,-9.773638422,0.478973893,0.821627233
2026-03-03 04:38:10,-9.801181888,0.865440628,0.221967822
2026-03-03 04:38:20,-9.758150566,0.780694079,0.429126763
2026-03-03 04:38:30,-9.798105981,0.562505915,0.517911776
2026-03-03 04:38:40,-9.773406629,0.360908694,0.690996956
2026-03-03 04:38:50,-9.779276804,0.374703564,0.828880275
2026-03-03 04:39:00,-9.806338068,0.288344032,0.600200592
2026-03-03 04:39:10,-9.824009032,0.458135005,0.474552884
2026-03-03 04:39:20,-9.762232096,0.334506525,0.498802582
2026-03-03 04:39:30,-9.774494424,0.697941673,0.225641187
2026-03-03 04:39:40,-9.784635660,0.691625347,0.536809474
2026-03-03 04:39:50,-9.782432240,0.486296133,0.376837893
2026-03-03 04:40:00,-9.752660298,0.665200777,0.788539791
2026-03-03 04:40:10,-9.728790056,0.830767088,0.937791506
2026-03-03 04:40:20,-9.634851941,0.762913494,1.703751594
2026-03-03 04:40:30,-9.625515966,0.735375564,1.838563785
2026-03-03 04:40:40,-9.652470820,0.565346915,1.594123287
2026-03-03 04:40:50,-9.744447591,0.988473674,0.747299895
2026-03-03 04:41:00,-9.708382592,1.108224978,0.902969481
2026-03-03 04:41:10,-9.695399847,1.202071756,0.750044896
2026-03-03 04:41:20,-9.711036169,1.186540541,0.311754318
2026-03-03 04:41:30,-9.698803912,0.953344080,0.739308106
2026-03-03 04:41:40,-9.756890843,0.927034329,0.587339581
2026-03-03 04:41:50,-9.716813263,0.878692334,0.706756649
2026-03-03 04:42:00,-9.737368899,0.756608406,0.924575487
2026-03-03 04:42:10,-9.729624081,1.240731285,0.671456913
2026-03-03 04:42:20,-9.714310065,1.175034703,0.337958177
2026-03-03 04:42:30,-9.734406177,0.929421793,0.592883870
2026-03-03 04:42:40,-9.800143643,0.530557085,0.031019302
2026-03-03 04:42:50,-9.806825095,0.236294775,0.549968067
2026-03-03 04:43:00,-9.833462270,0.258558961,0.243098108
2026-03-03 04:43:10,-9.815180590,-0.050200383,-0.120237787
2026-03-03 04:43:20,-9.782166764,0.394456492,-0.237798092
2026-03-03 04:43:30,-9.815650996,0.439636828,-0.480801489
2026-03-03 04:43:40,-9.726371514,0.701214632,-0.734718619
2026-03-03 04:43:50,-9.769842788,0.185617480,-0.953097384
2026-03-03 04:44:00,-9.732001418,0.539998493,-1.041736149
2026-03-03 04:44:10,-9.721211143,0.469064061,-1.221998044
2026-03-03 04:44:20,-9.723783808,0.818993055,-0.899043360
2026-03-03 04:44:30,-9.763302894,0.945472386,-0.591009954
2026-03-03 04:44:40,-9.724018928,0.886409068,-0.772923404
2026-03-03 04:44:50,-9.768681678,0.974659015,-0.650099380
2026-03-03 04:45:00,-9.773188942,0.951322923,-0.159028405
2026-03-03 04:45:10,-9.802574690,0.656225082,-0.225985765
2026-03-03 04:45:20,-9.815149525,0.218497361,-0.313049015
2026-03-03 04:45:30,-9.757439323,0.141353260,-0.571118990
2026-03-03 04:45:40,-9.808319042,0.268496599,-0.289206859
2026-03-03 04:45:50,-9.844533866,0.620631783,0.101921114
2026-03-03 04:46:00,-9.767057618,0.386259572,0.671911591
2026-03-03 04:46:10,-9.700471525,0.819535386,1.167736909
2026-03-03 04:46:20,-9.683332181,0.519950505,1.481724351
2026-03-03 04:46:30,-9.729141775,0.655521316,1.364021795
2026-03-03 04:46:40,-9.707127061,0.667796665,1.193410791
2026-03-03 04:46:50,-9.705546180,0.884408067,1.225051729
2026-03-03 04:47:00,-9.770424201,0.423137411,0.857149566
2026-03-03 04:47:10,-9.753715869,0.108747564,1.063780774
2026-03-03 04:47:20,-9.728074647,0.296704052,1.292627638
2026-03-03 04:47:30,-9.752206310,0.616327692,0.814814904
2026-03-03 04:47:40,-9.761745555,0.495181477,0.496604492
2026-03-03 04:47:50,-9.796492168,0.546518449,0.111608756
2026-03-03 04:48:00,-9.789025517,0.371882814,0.158926566
2026-03-03 04:48:10,-9.774298246,0.084108411,0.098998848
2026-03-03 04:48:20,-9.817908370,-0.081563561,-0.428497604
2026-03-03 04:48:30,-9.768407540,-0.011475896,-0.798989620
2026-03-03 04:48:40,-9.829811641,0.310646695,-0.520151263
2026-03-03 04:48:50,-9.784756114,0.633556148,-0.244431446
2026-03-03 04:49:00,-9.799315739,0.423830775,-0.094753454
2026-03-03 04:49:10,-9.821341947,0.158252871,-0.010845909
2026-03-03 04:49:20,-9.757604664,0.343201112,0.615431469
2026-03-03 04:49:30,-9.755506923,0.649982221,1.091120263
2026-03-03 04:49:40,-9.680812166,0.566693747,1.369491366
2026-03-03 04:49:50,-9.695116423,0.702141518,1.429915508
2026-03-03 04:50:00,-9.662456555,0.553628427,1.467590857
2026-03-03 04:50:10,-9.603961848,0.852789505,1.856071263
2026-03-03 04:50:20,-9.584174561,0.788032468,1.853510727
2026-03-03 04:50:30,-9.594888387,0.768805773,1.933604761
2026-03-03 04:50:40,-9.632690500,0.677775911,1.670145486
2026-03-03 04:50:50,-9.668441024,0.674795359,1.513132291
2026-03-03 04:51:00,-9.629908893,0.559964923,1.766381975
2026-03-03 04:51:10,-9.619385316,1.001015805,1.568881925
2026-03-03 04:51:20,-9.612097727,1.122914435,1.720898983
2026-03-03 04:51:30,-9.574584405,1.052162980,2.046489198
2026-03-03 04:51:40,-9.612731818,1.115228683,1.326170779
2026-03-03 04:51:50,-9.697197382,0.798698005,1.422608311
2026-03-03 04:52:00,-9.595118831,1.265254513,1.686290671
2026-03-03 04:52:10,-9.581478540,1.353635671,1.645962499
2026-03-03 04:52:20,-9.608405774,1.223703218,1.514347284
2026-03-03 04:52:30,-9.683493120,1.213264933,0.934025078
2026-03-03 04:52:40,-9.653980253,1.385782048,0.948760845
2026-03-03 04:52:50,-9.696983834,1.212083217,0.685013324
2026-03-03 04:53:00,-9.747518978,1.096004549,0.784553395
2026-03-03 04:53:10,-9.697749037,1.177327402,0.845932510
2026-03-03 04:53:20,-9.708861958,1.283519540,0.900057786
2026-03-03 04:53:30,-9.719560947,1.454947601,0.519456680
2026-03-03 04:53:40,-9.669475736,1.648029477,0.460970712
2026-03-03 04:53:50,-9.715318545,1.245933051,-0.155350916
2026-03-03 04:54:00,-9.760099234,1.034101979,0.092983894
2026-03-03 04:54:10,-9.762170132,0.891491100,-0.012782855
2026-03-03 04:54:20,-9.758143094,1.143787828,0.406965351
2026-03-03 04:54:30,-9.778577032,0.873520126,0.262263628
2026-03-03 04:54:40,-9.746354980,0.685222523,0.753377118
2026-03-03 04:54:50,-9.739460792,0.472122981,0.864648588
2026-03-03 04:55:00,-9.757187525,0.541925470,1.020411891
2026-03-03 04:55:10,-9.707198104,0.417399395,1.432772234
2026-03-03 04:55:20,-9.700987176,0.565802718,1.363932607
2026-03-03 04:55:30,-9.714706685,-0.067003686,0.965812333
2026-03-03 04:55:40,-9.732526571,-0.156250974,1.395212014
2026-03-03 04:55:50,-9.753387172,-0.140453747,1.245169115
2026-03-03 04:56:00,-9.716492884,0.263939168,1.256278494
2026-03-03 04:56:10,-9.727985077,-0.048376027,1.325604718
2026-03-03 04:56:20,-9.738019330,0.235601032,0.982808176
2026-03-03 04:56:30,-9.802658123,-0.055429068,0.614126262
2026-03-03 04:56:40,-9.766804808,0.205531700,0.718254887
2026-03-03 04:56:50,-9.777738728,0.058367852,0.887610884
2026-03-03 04:57:00,-9.795190614,-0.550247424,0.636596198
2026-03-03 04:57:10,-9.775245619,-0.937572134,0.524677949
2026-03-03 04:57:20,-9.706132031,-0.654303905,1.004568641
2026-03-03 04:57:30,-9.661229607,-0.856532591,1.368847675
2026-03-03 04:57:40,-9.682537270,-0.621991657,1.329051684
2026-03-03 04:57:50,-9.637650788,-0.963143446,1.543657248
2026-03-03 04:58:00,-9.662651289,-0.273198322,1.841541390
2026-03-03 04:58:10,-9.447095619,-0.031763708,2.600537056
2026-03-03 04:58:20,-9.384421372,0.185009731,2.890008632
2026-03-03 04:58:30,-9.285919335,-0.210720770,3.012368577
2026-03-03 04:58:40,-9.151483200,0.097985065,3.553013113
2026-03-03 04:58:50,-9.163885052,-0.049739259,3.544735210
2026-03-03 04:59:00,-9.162040484,-0.229367343,3.481115738
2026-03-03 04:59:10,-9.296264255,-0.287437327,3.170172954
2026-03-03 04:59:20,-9.270444614,-0.067930689,3.163060938
2026-03-03 04:59:30,-9.374393371,-0.050124260,2.919684702
2026-03-03 04:59:40,-9.213237965,0.107405948,3.384616326
2026-03-03 04:59:50,-9.328859872,0.311856391,3.055376559
2026-03-03 05:00:00,-9.410556141,0.342325723,2.724912190
2026-03-03 05:00:10,-9.274694336,-0.325787004,3.166933164
2026-03-03 05:00:20,-9.192899843,-0.080268493,3.377073337
2026-03-03 05:00:30,-9.295125196,0.194773527,3.152410262
2026-03-03 05:00:40,-9.461653929,0.014589205,2.618530619
2026-03-03 05:00:50,-9.423048728,0.558357168,2.770504176
2026-03-03 05:01:00,-9.390732245,0.462436628,2.790907247
2026-03-03 05:01:10,-9.365763743,0.619948231,2.737750590
2026-03-03 05:01:20,-9.449408754,0.613793576,2.690172308
2026-03-03 05:01:30,-9.553886618,0.311154626,2.129714519
2026-03-03 05:01:40,-9.571908306,0.161956080,2.080653272
2026-03-03 05:01:50,-9.568472271,-0.118950230,2.204198867
2026-03-03 05:02:00,-9.626740642,0.055009893,1.832895263
2026-03-03 05:02:10,-9.610335274,-0.142595021,1.986919727
2026-03-03 05:02:20,-9.615774870,-0.176341010,1.811736603
2026-03-03 05:02:30,-9.622952353,-0.299545720,1.822891327
2026-03-03 05:02:40,-9.654843333,-0.597712291,1.637884087
2026-03-03 05:02:50,-9.629949386,-0.547458013,1.892601814
2026-03-03 05:03:00,-9.498368494,-0.764162220,2.270389492
2026-03-03 05:03:10,-9.498385231,0.068354760,2.497289041
2026-03-03 05:03:20,-9.534788074,0.057576789,2.287394548
2026-03-03 05:03:30,-9.480437622,0.115096842,2.614824877
2026-03-03 05:03:40,-9.529306439,-0.105338551,2.314393273
2026-03-03 05:03:50,-9.572091239,-0.270895625,2.128792139
2026-03-03 05:04:00,-9.583529514,-0.352755755,2.071098209
2026-03-03 05:04:10,-9.536627870,-0.044157134,2.330394772
2026-03-03 05:04:20,-9.552621703,-0.358019849,2.349095864
2026-03-03 05:04:30,-9.525903894,-0.214149070,2.357277641
2026-03-03 05:04:40,-9.501032733,0.041091981,2.559663466
2026-03-03 05:04:50,-9.434593679,0.377076594,2.619470704
2026-03-03 05:05:00,-9.470788959,0.062014619,2.583475506
2026-03-03 05:05:10,-9.475671829,-0.195966299,2.595963382
2026-03-03 05:05:20,-9.445695562,-0.453140457,2.552488450
2026-03-03 05:05:30,-9.611722234,-0.336987488,1.995669453
2026-03-03 05:05:40,-9.665731001,-0.626091302,1.721725425
2026-03-03 05:05:50,-9.641008059,-0.604641706,1.631384807
2026-03-03 05:06:00,-9.680446452,-0.752909548,1.388922946
2026-03-03 05:06:10,-9.602227774,-0.779694828,1.849198231
2026-03-03 05:06:20,-9.611135032,-0.549616792,2.046486591
2026-03-03 05:06:30,-9.496069272,-0.717324546,2.217956927
2026-03-03 05:06:40,-9.588314512,-0.432315462,2.094239413
2026-03-03 05:06:50,-9.574332117,-0.154941398,2.205455292
2026-03-03 05:07:00,-9.459917627,0.025478318,2.605252822
2026-03-03 05:07:10,-9.441376525,0.606676290,2.754555844
2026-03-03 05:07:20,-9.431542011,0.470458556,2.621012103
2026-03-03 05:07:30,-9.514423665,0.647102976,2.194651777
2026-03-03 05:07:40,-9.516257224,0.102270908,2.387934390
2026-03-03 05:07:50,-9.434346710,-0.078327436,2.710034793
2026-03-03 05:08:00,-9.465656497,-0.342074176,2.531117432
2026-03-03 05:08:10,-9.499305666,-0.661344061,2.434385405
2026-03-03 05:08:20,-9.323204900,-0.688537485,2.895371294
2026-03-03 05:08:30,-9.296962149,-0.817335621,3.026296818
2026-03-03 05:08:40,-9.206361719,-0.875648989,3.296522495
2026-03-03 05:08:50,-9.224083545,-1.265258938,3.040474745
2026-03-03 05:09:00,-9.333902018,-1.041203667,2.901003239
2026-03-03 05:09:10,-9.270975022,-1.129596750,2.998712553
2026-03-03 05:09:20,-9.393529183,-0.474075721,2.947613942
2026-03-03 05:09:30,-9.414051829,-0.391012975,2.783671683
2026-03-03 05:09:40,-9.438919482,-0.096003567,2.639708516
2026-03-03 05:09:50,-9.496308424,-0.042362276,2.565027358
2026-03-03 05:10:00,-9.494805890,0.245314295,2.557901431
2026-03-03 05:10:10,-9.471508078,0.368377497,2.664340249
2026-03-03 05:10:20,-9.436039113,0.502026964,2.694614282
2026-03-03 05:10:30,-9.474639906,0.469616054,2.509786351
2026-03-03 05:10:40,-9.357218605,0.497335610,2.932954543
2026-03-03 05:10:50,-9.486975358,0.533770262,2.613373288
2026-03-03 05:11:00,-9.397735263,0.791990536,2.801454413
2026-03-03 05:11:10,-9.381771368,0.343847078,2.936143388
2026-03-03 05:11:20,-9.227635366,0.180433010,3.346267079
2026-03-03 05:11:30,-9.195949904,0.006365018,3.405168393
2026-03-03 05:11:40,-9.136473822,-0.068052375,3.608586135
2026-03-03 05:11:50,-9.079539585,0.075806538,3.794957974
2026-03-03 05:12:00,-9.002507761,0.399588090,3.953766780
2026-03-03 05:12:10,-9.106204178,0.275487318,3.644962238
2026-03-03 05:12:20,-9.084826777,0.718000276,3.642412849
2026-03-03 05:12:30,-9.239919844,0.273992304,3.313975687
2026-03-03 05:12:40,-9.190931601,0.266685132,3.401376983
2026-03-03 05:12:50,-9.204143478,0.329596107,3.364002855
2026-03-03 05:13:00,-9.241436642,0.476169925,3.331640385
2026-03-03 05:13:10,-9.133402683,-0.025326035,3.565419691
2026-03-03 05:13:20,-9.161723455,-0.450226207,3.551533616
2026-03-03 05:13:30,-9.201409465,-0.812676798,3.410618058
2026-03-03 05:13:40,-9.132638143,-0.405177886,3.506913331
2026-03-03 05:13:50,-9.211862748,-0.312661421,3.341816616
2026-03-03 05:14:00,-9.188836791,-0.084395600,3.406660085
2026-03-03 05:14:10,-9.132126862,-0.392677027,3.676943801
2026-03-03 05:14:20,-9.114273757,-0.438545574,3.591079295
2026-03-03 05:14:30,-9.211265549,-0.159745098,3.376142162
2026-03-03 05:14:40,-8.993449921,-0.242149143,3.934478649
2026-03-03 05:14:50,-8.981434468,0.106105683,3.974649038
2026-03-03 05:15:00,-8.846216034,0.257308652,4.232841808
2026-03-03 05:15:10,-8.866848586,0.254817259,4.239667845
2026-03-03 05:15:20,-8.874245923,0.304480964,4.071451109
2026-03-03 05:15:30,-9.061563173,0.279306417,3.778121408
2026-03-03 05:15:40,-9.098867102,-0.097536038,3.682044465
2026-03-03 05:15:50,-8.937516612,0.011692988,4.042418629
2026-03-03 05:16:00,-8.784145720,0.071564507,4.365288501
2026-03-03 05:16:10,-8.767971676,-0.058167436,4.409527857
2026-03-03 05:16:20,-8.685156493,0.062360258,4.522742323
2026-03-03 05:16:30,-8.707130126,0.637263315,4.545861184
2026-03-03 05:16:40,-8.632048955,0.652021541,4.531897688
2026-03-03 05:16:50,-8.568720873,0.189848799,4.717907932
2026-03-03 05:17:00,-8.573788559,-0.173446058,4.776779035
2026-03-03 05:17:10,-8.734517228,-0.206190671,4.474117392
2026-03-03 05:17:20,-8.978637523,-0.532677117,3.905322095
2026-03-03 05:17:30,-8.977041083,-0.790908894,3.861753215
2026-03-03 05:17:40,-9.011317261,-0.465163429,3.906899821
2026-03-03 05:17:50,-8.899051789,-0.596308236,4.070932451
2026-03-03 05:18:00,-8.686789029,-0.890556141,4.496671708
2026-03-03 05:18:10,-8.872373095,-0.480647261,4.221485272
2026-03-03 05:18:20,-8.979763971,-0.795815694,3.845336193
2026-03-03 05:18:30,-8.849905791,-0.507014526,4.232862473
2026-03-03 05:18:40,-8.902920524,-0.468640062,4.072758220
2026-03-03 05:18:50,-8.826164658,-0.460313888,4.263308657
2026-03-03 05:19:00,-8.653368715,-0.540603679,4.646650758
2026-03-03 05:19:10,-8.585007241,-0.345355897,4.717678243
2026-03-03 05:19:20,-8.659581450,0.040078798,4.621213102
2026-03-03 05:19:30,-8.770498778,-0.116842870,4.460922527
2026-03-03 05:19:40,-8.781982350,0.053809056,4.314175404
2026-03-03 05:19:50,-8.899817452,0.057773685,4.134321308
2026-03-03 05:20:00,-8.806654776,0.097310629,4.284885648
2026-03-03 05:20:10,-8.755257120,0.333787311,4.443619409
2026-03-03 05:20:20,-8.735101677,0.426867104,4.457331659
2026-03-03 05:20:30,-8.647638261,-0.014999471,4.625472733
2026-03-03 05:20:40,-8.605390734,0.195075046,4.706490855
2026-03-03 05:20:50,-8.806605567,0.260297218,4.348004022
2026-03-03 05:21:00,-9.012266432,0.480563214,3.860211748
2026-03-03 05:21:10,-9.174903971,-0.040158823,3.526503195
2026-03-03 05:21:20,-9.068691396,-0.052649897,3.752486671
2026-03-03 05:21:30,-9.139006946,-0.028648207,3.532074462
2026-03-03 05:21:40,-9.276493592,0.169659904,3.258879669
2026-03-03 05:21:50,-9.312849606,0.106377048,3.078965264
2026-03-03 05:22:00,-9.380374639,-0.048262476,2.840556491
2026-03-03 05:22:10,-9.335858180,-0.241282461,3.031251211
2026-03-03 05:22:20,-9.367009245,-0.378818663,3.044393277
2026-03-03 05:22:30,-9.251044591,0.045950685,3.297498990
2026-03-03 05:22:40,-9.235784969,0.123492667,3.285949901
2026-03-03 05:22:50,-9.195245638,-0.208284911,3.403842654
2026-03-03 05:23:00,-9.331985481,-0.277110151,3.035611656
2026-03-03 05:23:10,-9.266008903,-0.354111695,3.156512228
2026-03-03 05:23:20,-9.112945449,-0.627328906,3.539257131
2026-03-03 05:23:30,-8.887352905,-1.070416732,3.956080244
2026-03-03 05:23:40,-8.483305512,-0.894627657,4.777750070
2026-03-03 05:23:50,-8.447363060,-1.136958091,4.743150124
2026-03-03 05:24:00,-8.536537645,-0.832474111,4.765897625
2026-03-03 05:24:10,-8.524571699,-1.028183707,4.784959822
2026-03-03 05:24:20,-8.465263946,-1.337676031,4.812293109
2026-03-03 05:24:30,-8.532112301,-1.516297508,4.589368255
2026-03-03 05:24:40,-8.459644370,-1.299222808,4.714517491
2026-03-03 05:24:50,-8.441158940,-0.980421420,4.886308682
2026-03-03 05:25:00,-8.176549432,-0.977317304,5.315234496
2026-03-03 05:25:10,-8.311651640,-1.304605263,5.007600973
2026-03-03 05:25:20,-8.564899464,-1.306601006,4.580762650
2026-03-03 05:25:30,-8.679919892,-1.502576498,4.352993077
2026-03-03 05:25:40,-8.510895450,-1.802876258,4.544094536
2026-03-03 05:25:50,-8.556480177,-1.307727383,4.583185385
2026-03-03 05:26:00,-8.423152782,-0.894701977,5.008100047
2026-03-03 05:26:10,-8.377946735,-0.616252666,5.092798608
2026-03-03 05:26:20,-8.642662072,-0.389009137,4.619807527
2026-03-03 05:26:30,-8.811206223,-0.171041664,4.319439188
2026-03-03 05:26:40,-8.854950285,-0.070468359,4.226271544
2026-03-03 05:26:50,-9.126517030,0.240007297,3.637735370
2026-03-03 05:27:00,-9.118078970,0.344219892,3.664018855
2026-03-03 05:27:10,-8.956898692,0.631002376,3.933192410
2026-03-03 05:27:20,-8.978545455,0.862311597,3.791914874
2026-03-03 05:27:30,-9.002950917,0.935819846,3.784582377
2026-03-03 05:27:40,-9.107993104,0.842277635,3.478637518
2026-03-03 05:27:50,-9.257197897,0.543423736,3.125687381
2026-03-03 05:28:00,-9.146507654,0.498572957,3.490091963
2026-03-03 05:28:10,-8.897775091,0.212744858,4.058299375
2026-03-03 05:28:20,-8.835682263,-0.121587062,4.256560513
2026-03-03 05:28:30,-8.813410076,-0.427965379,4.281653052
2026-03-03 05:28:40,-8.723934860,-0.962564477,4.363901083
2026-03-03 05:28:50,-8.405459195,-0.876164351,4.960112241
2026-03-03 05:29:00,-8.276629672,-1.637244924,5.037515064
2026-03-03 05:29:10,-8.108864659,-1.118491103,5.442672272
2026-03-03 05:29:20,-8.235128264,-0.991115423,5.214513889
2026-03-03 05:29:30,-8.262040116,-1.521801082,5.089030669
2026-03-03 05:29:40,-8.015252393,-1.390789645,5.461310974
2026-03-03 05:29:50,-8.026040855,-1.311256023,5.522219221
2026-03-03 05:30:00,-7.836257516,-1.609954833,5.676778973
2026-03-03 05:30:10,-7.887976961,-1.433062438,5.671179420
2026-03-03 05:30:20,-7.388249344,-1.944125767,6.145804583
2026-03-03 05:30:30,-7.667032516,-1.575298152,5.887360795
2026-03-03 05:30:40,-7.441579837,-2.118424598,5.970827442
2026-03-03 05:30:50,-7.566111730,-1.924939807,5.923477702
2026-03-03 05:31:00,-7.543627052,-1.686286910,6.047342080
2026-03-03 05:31:10,-7.412350064,-1.835082109,6.209196521
2026-03-03 05:31:20,-6.894385744,-2.090656484,6.692115918
2026-03-03 05:31:30,-7.039909278,-1.836860707,6.632768896
2026-03-03 05:31:40,-7.077792210,-1.371577549,6.620030197
2026-03-03 05:31:50,-7.258941891,-1.733189197,6.388361069
2026-03-03 05:32:00,-7.209452830,-1.549537308,6.474068460
2026-03-03 05:32:10,-7.354094102,-1.163955198,6.398433233
2026-03-03 05:32:20,-7.145349293,-1.382540697,6.538479824
2026-03-03 05:32:30,-6.726705578,-2.438276281,6.671178758
2026-03-03 05:32:40,-7.170221545,-2.739755067,6.141618940
2026-03-03 05:32:50,-6.918181076,-3.675659406,5.869915803
2026-03-03 05:33:00,-6.644497563,-3.849777363,6.050597782
2026-03-03 05:33:10,-6.502495863,-3.817703718,6.322616042
2026-03-03 05:33:20,-6.556857298,-3.523428537,6.421384302
2026-03-03 05:33:30,-6.707996734,-3.107915059,6.431726596
2026-03-03 05:33:40,-6.552313832,-3.248864032,6.471263080
2026-03-03 05:33:50,-6.674847936,-3.303039944,6.395114333
2026-03-03 05:34:00,-6.347025342,-2.567133056,6.990920276
2026-03-03 05:34:10,-6.347606219,-2.615713260,7.004899315
2026-03-03 05:34:20,-6.338170262,-3.005351682,6.837711493
2026-03-03 05:34:30,-6.278007804,-3.070238075,6.889039880
2026-03-03 05:34:40,-6.709149928,-2.673819389,6.651807370
2026-03-03 05:34:50,-6.642348213,-2.739286116,6.664134145
2026-03-03 05:35:00,-6.185647015,-2.678222811,7.151444245
2026-03-03 05:35:10,-6.011213557,-2.582984553,7.314285913
2026-03-03 05:35:20,-6.174297811,-2.511686517,7.183150593
2026-03-03 05:35:30,-6.527421585,-2.515134246,6.910793153
2026-03-03 05:35:40,-6.504647613,-3.178407785,6.636499960
2026-03-03 05:35:50,-6.594519250,-3.538346203,6.266598910
2026-03-03 05:36:00,-6.885287259,-3.304244941,6.128520870
2026-03-03 05:36:10,-6.867278103,-3.451269746,6.123838785
2026-03-03 05:36:20,-6.823409441,-3.557050494,6.118418630
2026-03-03 05:36:30,-6.538979018,-3.490378668,6.428551952
2026-03-03 05:36:40,-6.519332841,-4.024449554,6.149785253
2026-03-03 05:36:50,-6.267624603,-3.926857618,6.439532034
2026-03-03 05:37:00,-6.628563723,-3.127749984,6.519552356
2026-03-03 05:37:10,-6.853611350,-2.587018707,6.537832829
2026-03-03 05:37:20,-6.821646052,-2.771954943,6.494111692
2026-03-03 05:37:30,-6.542996686,-3.260193898,6.555033721
2026-03-03 05:37:40,-6.309123811,-3.472017114,6.690498421
2026-03-03 05:37:50,-6.482908596,-3.470222581,6.485527431
2026-03-03 05:38:00,-6.587029401,-3.304435138,6.487266001
2026-03-03 05:38:10,-6.388509764,-3.469314215,6.614987797
2026-03-03 05:38:20,-6.468120749,-3.507145809,6.455144693
2026-03-03 05:38:30,-6.191518864,-3.541160295,6.710912220
2026-03-03 05:38:40,-6.008614860,-3.926769870,6.694111638
2026-03-03 05:38:50,-5.913402591,-4.483203383,6.528102329
2026-03-03 05:39:00,-5.710552738,-4.362073669,6.685357739
2026-03-03 05:39:10,-5.823392457,-4.274261587,6.651984501
2026-03-03 05:39:20,-5.704228545,-4.060531712,6.866989676
2026-03-03 05:39:30,-5.910527657,-3.956289121,6.742690769
2026-03-03 05:39:40,-5.629921930,-4.370632944,6.719492385
2026-03-03 05:39:50,-5.617418560,-4.393655793,6.770762131
2026-03-03 05:40:00,-5.723744842,-4.507768651,6.559072234
2026-03-03 05:40:10,-5.839274167,-4.674423500,6.308492072
2026-03-03 05:40:20,-5.795333981,-4.578066584,6.492396055
2026-03-03 05:40:30,-5.904887938,-4.613536123,6.357941024
2026-03-03 05:40:40,-5.955732528,-4.737059483,6.141643695
2026-03-03 05:40:50,-6.136010760,-4.318910522,6.272820875
2026-03-03 05:41:00,-6.019684859,-4.519524285,6.288936786
2026-03-03 05:41:10,-6.173729076,-4.297817691,6.364278719
2026-03-03 05:41:20,-6.188541115,-3.895170851,6.525230493
2026-03-03 05:41:30,-6.159598440,-3.701700918,6.703062934
2026-03-03 05:41:40,-6.310609930,-3.568514571,6.643850645
2026-03-03 05:41:50,-6.551876701,-3.372835806,6.391750164
2026-03-03 05:42:00,-6.076194642,-3.688839204,6.814474422
2026-03-03 05:42:10,-5.955814155,-3.563447014,6.938402535
2026-03-03 05:42:20,-5.755268098,-3.412922534,7.129517867
2026-03-03 05:42:30,-5.785596865,-3.325926965,7.218129027
2026-03-03 05:42:40,-5.788877765,-3.146419983,7.249949223
2026-03-03 05:42:50,-5.895907975,-3.053315603,7.205916898
2026-03-03 05:43:00,-5.928880500,-2.484771179,7.407906091
2026-03-03 05:43:10,-5.663573018,-2.646750858,7.571342520
2026-03-03 05:43:20,-5.969818148,-3.224255590,7.110752439
2026-03-03 05:43:30,-5.872860646,-3.504350573,7.062638182
2026-03-03 05:43:40,-6.090595727,-4.006563055,6.586942834
2026-03-03 05:43:50,-6.231713853,-3.985382123,6.430620299
2026-03-03 05:44:00,-6.897543004,-3.624869737,5.973231089
2026-03-03 05:44:10,-6.877654852,-4.142060752,5.629712249
2026-03-03 05:44:20,-6.516650203,-4.151536594,6.088011725
2026-03-03 05:44:30,-6.234760680,-4.024366712,6.438002823
2026-03-03 05:44:40,-6.366501663,-3.808228089,6.462280488
2026-03-03 05:44:50,-6.249729335,-3.966338155,6.405426112
2026-03-03 05:45:00,-6.675062494,-4.018691430,5.991920004
2026-03-03 05:45:10,-6.658329211,-3.893441897,6.087494079
2026-03-03 05:45:20,-6.663420316,-3.808678000,6.174924418
2026-03-03 05:45:30,-7.010953139,-3.570608347,5.824570782
2026-03-03 05:45:40,-7.188156871,-3.515368646,5.660765678
2026-03-03 05:45:50,-7.319488479,-3.742203666,5.364877828
2026-03-03 05:46:00,-7.579751372,-3.548896366,5.071864733
2026-03-03 05:46:10,-7.741795876,-3.426578448,4.913719819
2026-03-03 05:46:20,-7.673549668,-3.201242399,5.221376633
2026-03-03 05:46:30,-7.730136353,-3.124639656,5.076500430
2026-03-03 05:46:40,-7.709118774,-3.176445875,5.165320724
2026-03-03 05:46:50,-7.624126642,-3.375910030,5.158143895
2026-03-03 05:47:00,-7.763368803,-3.352471174,4.995217779
2026-03-03 05:47:10,-7.691900671,-3.254429451,5.137991179
2026-03-03 05:47:20,-7.782204599,-3.168641758,5.050602162
2026-03-03 05:47:30,-7.898542918,-3.023399179,4.983635029
2026-03-03 05:47:40,-7.805405015,-2.648572567,5.282302831
2026-03-03 05:47:50,-7.627297467,-2.756005500,5.487598666
2026-03-03 05:48:00,-7.574613781,-2.602974445,5.660858961
2026-03-03 05:48:10,-7.754509386,-2.483768186,5.490744501
2026-03-03 05:48:20,-7.855246534,-2.350682677,5.378194452
2026-03-03 05:48:30,-7.761223289,-2.561370463,5.431574048
2026-03-03 05:48:40,-7.756602029,-2.972300565,5.244980159
2026-03-03 05:48:50,-7.555730066,-2.817253485,5.506965956
2026-03-03 05:49:00,-7.636642117,-2.659062139,5.524709470
2026-03-03 05:49:10,-7.643781112,-2.583806453,5.623072389
2026-03-03 05:49:20,-7.486688360,-2.609349982,5.751695323
2026-03-03 05:49:30,-7.246369416,-2.875799135,5.956835454
2026-03-03 05:49:40,-7.405952010,-2.647668443,5.886037310
2026-03-03 05:49:50,-7.202018669,-2.736826303,6.026788693
2026-03-03 05:50:00,-7.482901525,-2.898594208,5.722133303
2026-03-03 05:50:10,-7.533232074,-2.774887010,5.693691203
2026-03-03 05:50:20,-7.483422058,-2.886013169,5.701034563
2026-03-03 05:50:30,-7.382905790,-2.981460534,5.711887924
2026-03-03 05:50:40,-7.501659226,-2.892697320,5.674974771
2026-03-03 05:50:50,-7.288107408,-3.230471405,5.710787304
2026-03-03 05:51:00,-7.585541607,-3.282170484,5.323726049
2026-03-03 05:51:10,-7.344058272,-3.433361609,5.513473143
2026-03-03 05:51:20,-7.396177471,-3.445776233,5.476002928
2026-03-03 05:51:30,-7.360091364,-3.638852090,5.386239995
2026-03-03 05:51:40,-7.422373364,-3.239504368,5.507812172
2026-03-03 05:51:50,-7.482799242,-2.667329438,5.742161468
2026-03-03 05:52:00,-7.443362685,-2.501919183,5.858640682
2026-03-03 05:52:10,-7.433602312,-2.697417856,5.830226826
2026-03-03 05:52:20,-7.414285694,-2.944651039,5.694530595
2026-03-03 05:52:30,-7.584166612,-2.757086615,5.609504616
2026-03-03 05:52:40,-7.502818696,-2.574419856,5.806553513
2026-03-03 05:52:50,-7.474351711,-2.611841944,5.811043068
2026-03-03 05:53:00,-7.307135571,-2.621928994,6.031092728
2026-03-03 05:53:10,-7.364831960,-3.040445499,5.680693133
2026-03-03 05:53:20,-7.590992552,-2.475439865,5.722678275
2026-03-03 05:53:30,-7.255659356,-2.618030662,6.125379950
2026-03-03 05:53:40,-7.148533386,-2.417854192,6.276971310
2026-03-03 05:53:50,-7.244224454,-1.882267972,6.389279457
2026-03-03 05:54:00,-7.325119653,-2.232610058,6.192794260
2026-03-03 05:54:10,-7.405951357,-2.472914688,5.898273194
2026-03-03 05:54:20,-7.300311418,-2.381194305,6.108832926
2026-03-03 05:54:30,-7.563851601,-2.395946285,5.725211376
2026-03-03 05:54:40,-7.718474986,-2.351468406,5.613317495
2026-03-03 05:54:50,-7.619639098,-2.482714735,5.637098434
2026-03-03 05:55:00,-7.785306579,-2.601157826,5.286427459
2026-03-03 05:55:10,-7.682890343,-2.845529306,5.410596553
2026-03-03 05:55:20,-7.655148553,-2.875986300,5.441105243
2026-03-03 05:55:30,-7.642099718,-2.714545242,5.454476369
2026-03-03 05:55:40,-7.654225936,-3.040371288,5.354334576
2026-03-03 05:55:50,-7.556957799,-3.271445849,5.249950839
2026-03-03 05:56:00,-7.427936856,-3.462081239,5.315167710
2026-03-03 05:56:10,-7.448970204,-3.414576422,5.413822266
2026-03-03 05:56:20,-6.970207193,-3.724585117,5.827354332
2026-03-03 05:56:30,-7.269538983,-3.526233928,5.576939895
2026-03-03 05:56:40,-7.170037629,-3.614223665,5.665846630
2026-03-03 05:56:50,-7.180458110,-3.736658600,5.544393694
2026-03-03 05:57:00,-7.117137519,-3.505582412,5.845023632
2026-03-03 05:57:10,-7.180298770,-3.468963011,5.688719981
2026-03-03 05:57:20,-7.117062608,-3.648529366,5.682592871
2026-03-03 05:57:30,-7.336759204,-3.569653573,5.427854923
2026-03-03 05:57:40,-7.215353666,-3.779229084,5.443442192
2026-03-03 05:57:50,-7.003280858,-3.881965777,5.637711429
2026-03-03 05:58:00,-6.956604924,-3.901652343,5.712631728
2026-03-03 05:58:10,-6.919594741,-3.529622142,5.956023488
2026-03-03 05:58:20,-6.864888671,-3.603393615,6.022006988
2026-03-03 05:58:30,-6.937150547,-3.408532187,6.038404587
2026-03-03 05:58:40,-6.823634188,-3.619397013,6.056257447
2026-03-03 05:58:50,-6.739674231,-3.723855833,6.025307440
2026-03-03 05:59:00,-6.789074705,-3.863164217,5.980829241
2026-03-03 05:59:10,-6.838674381,-3.938143858,5.821159225
2026-03-03 05:59:20,-6.871702258,-4.053916799,5.730970159
2026-03-03 05:59:30,-6.771741263,-3.990989688,5.886329717
2026-03-03 05:59:40,-6.838307266,-4.076693509,5.776611000
2026-03-03 05:59:50,-6.802229679,-4.068742478,5.803979332
2026-03-03 06:00:00,-6.642611340,-4.271846694,5.898523413
2026-03-03 06:00:10,-6.562642196,-4.104367650,6.057407870
2026-03-03 06:00:20,-6.318888954,-4.033812335,6.297591097
2026-03-03 06:00:30,-6.210676795,-4.126128776,6.367678421
2026-03-03 06:00:40,-6.175960057,-4.079581363,6.390237529
2026-03-03 06:00:50,-6.264346074,-4.462881472,6.069507339
2026-03-03 06:01:00,-6.142553022,-4.631894987,6.037417206
2026-03-03 06:01:10,-6.221366261,-4.741123541,5.942517416
2026-03-03 06:01:20,-6.329421529,-4.704584795,5.806805968
2026-03-03 06:01:30,-6.446905893,-4.647177148,5.718844793
2026-03-03 06:01:40,-6.586001494,-5.002461449,5.292625425
2026-03-03 06:01:50,-6.746004544,-4.728920367,5.319632615
2026-03-03 06:02:00,-6.683476842,-5.025556771,5.176880414
2026-03-03 06:02:10,-6.556650488,-4.851800725,5.452191569
2026-03-03 06:02:20,-6.456989173,-4.912398519,5.507161631
2026-03-03 06:02:30,-6.624400819,-4.617983691,5.585553372
2026-03-03 06:02:40,-6.462141098,-4.700566597,5.698021231
2026-03-03 06:02:50,-6.523928955,-4.722032947,5.668586300
2026-03-03 06:03:00,-6.638507084,-4.809475418,5.417927172
2026-03-03 06:03:10,-6.636337281,-4.896010385,5.333756333
2026-03-03 06:03:20,-6.827283958,-4.323989073,5.544905479
2026-03-03 06:03:30,-6.719651321,-4.255476735,5.825379295
2026-03-03 06:03:40,-6.544562144,-4.631019548,5.624095461
2026-03-03 06:03:50,-6.456224698,-4.218111216,6.040913134
2026-03-03 06:04:00,-6.547253273,-3.908982662,6.198835332
2026-03-03 06:04:10,-6.631684777,-4.020680696,6.074846986
2026-03-03 06:04:20,-6.596862700,-3.886216117,6.141406458
2026-03-03 06:04:30,-6.268251798,-4.066590716,6.366150122
2026-03-03 06:04:40,-6.158313347,-4.314694752,6.308394523
2026-03-03 06:04:50,-6.157315090,-4.586745469,6.122786539
2026-03-03 06:05:00,-6.048847507,-4.819588361,6.050809006
2026-03-03 06:05:10,-6.352519130,-4.611935518,5.830271857
2026-03-03 06:05:20,-6.086886961,-4.799327500,6.011469949
2026-03-03 06:05:30,-5.801850361,-4.882085082,6.225605331
2026-03-03 06:05:40,-5.637671548,-4.841685043,6.361518929
2026-03-03 06:05:50,-5.665649763,-4.765242326,6.455814684
2026-03-03 06:06:00,-5.893631500,-4.777508760,6.177221630
2026-03-03 06:06:10,-5.772572895,-5.090238132,6.132295664
2026-03-03 06:06:20,-5.827213286,-5.027456960,6.077589581
2026-03-03 06:06:30,-5.782220957,-4.865970646,6.265691901
2026-03-03 06:06:40,-5.714240523,-4.999364247,6.242105252
2026-03-03 06:06:50,-5.815111348,-5.249374551,5.882332501
2026-03-03 06:07:00,-5.488469521,-5.488997185,6.029642517
2026-03-03 06:07:10,-5.459982450,-5.410321600,6.119216833
2026-03-03 06:07:20,-5.398013309,-5.221407414,6.338334356
2026-03-03 06:07:30,-5.705775861,-5.107217740,6.083225115
2026-03-03 06:07:40,-5.762900608,-5.152656342,6.027347957
2026-03-03 06:07:50,-5.699019912,-4.877350660,6.370612919
2026-03-03 06:08:00,-5.758523282,-4.818540259,6.315264674
2026-03-03 06:08:10,-5.510500202,-5.027185978,6.270718976
2026-03-03 06:08:20,-5.641198535,-4.971492482,6.255049803
2026-03-03 06:08:30,-5.662994590,-5.165121063,6.130146890
2026-03-03 06:08:40,-5.597456414,-5.162285810,6.221740151
2026-03-03 06:08:50,-5.376789995,-5.676834820,5.913220682
2026-03-03 06:09:00,-5.230541466,-5.725480263,5.997889913
2026-03-03 06:09:10,-5.105861103,-5.808810888,6.061510769
2026-03-03 06:09:20,-5.099373112,-5.780741202,6.055971323
2026-03-03 06:09:30,-5.214592518,-5.756830526,5.970486389
2026-03-03 06:09:40,-5.308451269,-5.676118842,6.001565190
2026-03-03 06:09:50,-5.181869666,-6.091575833,5.692881670
2026-03-03 06:10:00,-5.176426321,-5.977332809,5.725591984
2026-03-03 06:10:10,-5.008826528,-6.100550999,5.784575485
2026-03-03 06:10:20,-4.830272741,-6.374885613,5.694612346
2026-03-03 06:10:30,-4.879207007,-6.426233887,5.629845684
2026-03-03 06:10:40,-4.609963070,-6.562022116,5.682133577
2026-03-03 06:10:50,-4.506000479,-6.535305386,5.788208345
2026-03-03 06:11:00,-4.751992466,-6.455883663,5.702292513
2026-03-03 06:11:10,-4.792245871,-6.235699745,5.844251754
2026-03-03 06:11:20,-4.776580268,-6.156268258,5.923491074
2026-03-03 06:11:30,-4.670844885,-6.115953306,6.098027175
2026-03-03 06:11:40,-4.814149796,-6.152561196,5.964970517
2026-03-03 06:11:50,-4.836971769,-6.318342835,5.724156919
2026-03-03 06:12:00,-4.844400472,-6.499563658,5.470264170
2026-03-03 06:12:10,-4.701204631,-6.501517917,5.657832243
2026-03-03 06:12:20,-4.806236588,-6.455630685,5.656263107
2026-03-03 06:12:30,-4.717815811,-6.432188054,5.778532644
2026-03-03 06:12:40,-4.511426942,-6.551839781,5.745231879
2026-03-03 06:12:50,-4.410239400,-6.430545481,6.008474863
2026-03-03 06:13:00,-4.307400444,-6.544481388,5.946257145
2026-03-03 06:13:10,-4.381337448,-6.462323715,5.893747435
2026-03-03 06:13:20,-4.729581391,-6.508543629,5.551836061
2026-03-03 06:13:30,-4.774401029,-6.463252296,5.608883971
2026-03-03 06:13:40,-4.712060241,-6.517168024,5.630448164
2026-03-03 06:13:50,-4.411065345,-6.547836665,5.824743356
2026-03-03 06:14:00,-4.444821920,-6.493398587,5.855962449
2026-03-03 06:14:10,-4.230132817,-6.414566985,6.104482821
2026-03-03 06:14:20,-4.151961124,-6.366414847,6.172110292
2026-03-03 06:14:30,-4.217834703,-6.308024908,6.200045994
2026-03-03 06:14:40,-4.464693800,-6.317466023,6.094532856
2026-03-03 06:14:50,-4.286247812,-6.399086635,6.114221058
2026-03-03 06:15:00,-4.232370047,-6.426649485,6.136088703
2026-03-03 06:15:10,-4.400228455,-6.320283544,6.090225246
2026-03-03 06:15:20,-4.509800094,-6.302379975,6.040769974
2026-03-03 06:15:30,-4.333157366,-6.277224719,6.125210058
2026-03-03 06:15:40,-4.426888976,-6.102354448,6.222507707
2026-03-03 06:15:50,-4.326199457,-5.936213676,6.468989517
2026-03-03 06:16:00,-4.369490817,-5.882036731,6.569398641
2026-03-03 06:16:10,-4.157381903,-5.948934527,6.601515535
2026-03-03 06:16:20,-4.275494127,-5.875513514,6.629498333
2026-03-03 06:16:30,-4.277993151,-5.904557547,6.549379530
2026-03-03 06:16:40,-4.182601693,-5.788119473,6.730410626
2026-03-03 06:16:50,-4.146636331,-5.754852104,6.737243487
2026-03-03 06:17:00,-4.498557330,-5.620793187,6.627654375
2026-03-03 06:17:10,-4.641334053,-5.409988913,6.731777748
2026-03-03 06:17:20,-4.834263836,-5.257379170,6.690961320
2026-03-03 06:17:30,-4.897484065,-5.130376414,6.803737151
2026-03-03 06:17:40,-4.727087091,-5.085618816,6.954301477
2026-03-03 06:17:50,-4.774104863,-4.754568045,7.165467638
2026-03-03 06:18:00,-4.734410933,-4.641530046,7.181615505
2026-03-03 06:18:10,-4.952061148,-4.663634709,7.077642319
2026-03-03 06:18:20,-4.980481708,-4.861654442,6.933270754
2026-03-03 06:18:30,-4.905748670,-4.804136602,6.989953250
2026-03-03 06:18:40,-4.896342149,-4.805836799,6.989634530
2026-03-03 06:18:50,-5.177622806,-4.716882595,6.872598617
2026-03-03 06:19:00,-5.217430557,-4.879920873,6.731606978
2026-03-03 06:19:10,-5.114605867,-5.143268421,6.583432112
2026-03-03 06:19:20,-5.097435917,-4.991168364,6.796414517
2026-03-03 06:19:30,-4.795871604,-5.294542976,6.712141564
2026-03-03 06:19:40,-4.758651340,-5.209166042,6.783011176
2026-03-03 06:19:50,-4.544961409,-5.198671087,6.995815542
2026-03-03 06:20:00,-4.424974642,-5.150553158,7.118913489
2026-03-03 06:20:10,-4.446889483,-4.912709011,7.193559002
2026-03-03 06:20:20,-4.343187799,-4.895829329,7.328804943
2026-03-03 06:20:30,-4.356383104,-4.817529373,7.354243964
2026-03-03 06:20:40,-4.556289868,-4.708561930,7.269177530
2026-03-03 06:20:50,-4.495756927,-4.737574060,7.268476330
2026-03-03 06:21:00,-4.511012012,-4.646621474,7.336298713
2026-03-03 06:21:10,-4.682516126,-4.488048757,7.328666400
2026-03-03 06:21:20,-4.479742778,-4.451695347,7.497728173
2026-03-03 06:21:30,-4.555071348,-4.513225831,7.437754241
2026-03-03 06:21:40,-4.559853851,-4.418076079,7.497595531
2026-03-03 06:21:50,-4.609722699,-4.251372729,7.506545568
2026-03-03 06:22:00,-4.700865947,-4.390921858,7.379362859
2026-03-03 06:22:10,-4.705753031,-4.536583396,7.360145063
2026-03-03 06:22:20,-4.544577503,-4.859475425,7.193403651
2026-03-03 06:22:30,-4.177058364,-4.855163728,7.414605400
2026-03-03 06:22:40,-4.275760726,-4.621418687,7.548661586
2026-03-03 06:22:50,-4.301983527,-4.723903196,7.436449033
2026-03-03 06:23:00,-4.163546670,-4.745554065,7.522002102
2026-03-03 06:23:10,-4.185332910,-4.631898928,7.534500250
2026-03-03 06:23:20,-4.137409845,-4.818818970,7.471016276
2026-03-03 06:23:30,-3.946294006,-5.125123730,7.351537442
2026-03-03 06:23:40,-3.784976801,-5.249795956,7.357666065
2026-03-03 06:23:50,-3.671553679,-4.942686971,7.630573970
2026-03-03 06:24:00,-3.858330443,-4.968123886,7.499058112
2026-03-03 06:24:10,-4.076018661,-5.154177067,7.318387546
2026-03-03 06:24:20,-4.208395571,-5.028718783,7.234968065
2026-03-03 06:24:30,-4.035195496,-5.036131527,7.392715484
2026-03-03 06:24:40,-3.947911682,-5.173564530,7.338944619
2026-03-03 06:24:50,-3.821699889,-5.241463288,7.331293808
2026-03-03 06:25:00,-3.667820858,-5.387284376,7.335991326
2026-03-03 06:25:10,-3.569643070,-5.320516147,7.411921015
2026-03-03 06:25:20,-3.510925232,-5.446932947,7.415370571
2026-03-03 06:25:30,-3.699399842,-5.392351315,7.292413065
2026-03-03 06:25:40,-3.516049673,-5.519911078,7.319103989
2026-03-03 06:25:50,-3.579663392,-5.405298976,7.350939647
2026-03-03 06:26:00,-3.385422907,-5.203652349,7.600655293
2026-03-03 06:26:10,-3.510291715,-5.239227674,7.530355973
2026-03-03 06:26:20,-3.632626350,-5.058874852,7.559089969
2026-03-03 06:26:30,-3.651070761,-5.015384749,7.588483158
2026-03-03 06:26:40,-3.600233353,-5.085858711,7.611122676
2026-03-03 06:26:50,-3.666491269,-5.104305693,7.524370419
2026-03-03 06:27:00,-3.660282373,-5.246295809,7.501421953
2026-03-03 06:27:10,-3.759142459,-5.025446024,7.530747136
2026-03-03 06:27:20,-3.489748965,-5.146411541,7.621453876
2026-03-03 06:27:30,-3.509920473,-5.087366124,7.635601613
2026-03-03 06:27:40,-3.639281422,-5.016901104,7.588915087
2026-03-03 06:27:50,-3.752305697,-4.891326063,7.606817668
2026-03-03 06:28:00,-3.688876603,-5.013101058,7.570456768
2026-03-03 06:28:10,-3.794605210,-5.072413869,7.441610428
2026-03-03 06:28:20,-4.020094952,-4.989842298,7.408903282
2026-03-03 06:28:30,-3.731288283,-5.085484346,7.515525938
2026-03-03 06:28:40,-4.096841593,-4.874937879,7.484934122
2026-03-03 06:28:50,-4.165012879,-4.801238750,7.487350116
2026-03-03 06:29:00,-4.378988267,-4.800519930,7.282306462
2026-03-03 06:29:10,-4.309552067,-4.975860338,7.257658802
2026-03-03 06:29:20,-4.422114915,-4.983070983,7.186140454
2026-03-03 06:29:30,-4.309712296,-4.964915355,7.299557215
2026-03-03 06:29:40,-4.574685814,-4.922837380,7.146395763
2026-03-03 06:29:50,-4.811077267,-4.824712197,7.102198379
2026-03-03 06:30:00,-4.934774036,-4.921814244,6.914815012
2026-03-03 06:30:10,-4.734928345,-5.047168979,6.972885042
2026-03-03 06:30:20,-4.706915410,-4.514693780,7.358045685
2026-03-03 06:30:30,-4.579049663,-4.557901146,7.403874196
2026-03-03 06:30:40,-4.563705424,-4.512517724,7.407084116
2026-03-03 06:30:50,-4.428955335,-4.167761083,7.681816740
2026-03-03 06:31:00,-4.534550002,-4.281112056,7.554957676
2026-03-03 06:31:10,-4.434284620,-4.202592860,7.659563637
2026-03-03 06:31:20,-4.237344184,-4.150541604,7.808976716
2026-03-03 06:31:30,-3.917909575,-4.133086929,7.965964094
2026-03-03 06:31:40,-4.030481229,-4.135727456,7.908101403
2026-03-03 06:31:50,-3.905660835,-4.030048862,8.041487131
2026-03-03 06:32:00,-3.839731345,-3.852803034,8.226418414
2026-03-03 06:32:10,-3.940332654,-3.720051259,8.174033896
2026-03-03 06:32:20,-3.929292572,-3.844328618,8.119293618
2026-03-03 06:32:30,-3.948057797,-3.764446793,8.169998776
2026-03-03 06:32:40,-4.304940133,-3.671091627,8.063491658
2026-03-03 06:32:50,-4.510766936,-3.649731195,7.851291333
2026-03-03 06:33:00,-4.575783289,-3.577601838,7.917274373
2026-03-03 06:33:10,-4.625391833,-3.733613321,7.813864857
2026-03-03 06:33:20,-4.549288328,-3.710459285,7.880849818
2026-03-03 06:33:30,-4.855988567,-3.563226664,7.768034938
2026-03-03 06:33:40,-5.018392275,-3.422171139,7.706734615
2026-03-03 06:33:50,-5.198096769,-3.263578533,7.653867357
2026-03-03 06:34:00,-5.302501009,-3.382577898,7.556281778
2026-03-03 06:34:10,-5.104830037,-3.426915306,7.613046885
2026-03-03 06:34:20,-5.068376358,-3.634349213,7.564729581
2026-03-03 06:34:30,-5.070495182,-3.731407043,7.508068475
2026-03-03 06:34:40,-5.115554919,-3.754892857,7.513240544
2026-03-03 06:34:50,-5.319588917,-3.727132884,7.396875266
2026-03-03 06:35:00,-5.489605674,-3.545718855,7.294497266
2026-03-03 06:35:10,-5.609323697,-3.453942104,7.218961613
2026-03-03 06:35:20,-5.580045249,-3.645908408,7.237682672
2026-03-03 06:35:30,-5.090043594,-3.829874326,7.448988832
2026-03-03 06:35:40,-5.382246723,-3.572787851,7.358459754
2026-03-03 06:35:50,-5.332679957,-3.975569718,7.270684401
2026-03-03 06:36:00,-5.200246885,-4.094019992,7.269831138
2026-03-03 06:36:10,-5.009046148,-3.801976562,7.520001477
2026-03-03 06:36:20,-4.869592151,-3.540596454,7.693689429
2026-03-03 06:36:30,-4.848659693,-3.624440436,7.677531256
2026-03-03 06:36:40,-5.063863291,-3.693908480,7.566781708
2026-03-03 06:36:50,-5.070120964,-3.730199408,7.495826032
2026-03-03 06:37:00,-5.103648416,-3.887803203,7.407367176
2026-03-03 06:37:10,-5.017885199,-4.174989141,7.328638619
2026-03-03 06:37:20,-5.036719143,-4.078527285,7.357569996
2026-03-03 06:37:30,-4.940575409,-4.241998451,7.330129394
2026-03-03 06:37:40,-4.726046493,-4.123683740,7.530870150
2026-03-03 06:37:50,-4.620716601,-4.095434769,7.624449270
2026-03-03 06:38:00,-4.631687244,-4.091205287,7.656839672
2026-03-03 06:38:10,-4.585734973,-3.882246211,7.764561595
2026-03-03 06:38:20,-4.381411606,-3.674492158,7.970798076
2026-03-03 06:38:30,-4.438847671,-3.664961768,7.958033316
2026-03-03 06:38:40,-4.739073524,-3.626459381,7.787389058
2026-03-03 06:38:50,-4.760938885,-3.424871955,7.847273759
2026-03-03 06:39:00,-4.755103762,-3.351996152,7.901360654
2026-03-03 06:39:10,-4.848592336,-3.206087931,7.897743465
2026-03-03 06:39:20,-5.020497240,-3.394400538,7.732133077
2026-03-03 06:39:30,-4.918062140,-3.363799038,7.818085620
2026-03-03 06:39:40,-4.686562471,-3.169067215,7.998571431
2026-03-03 06:39:50,-4.826320794,-2.843834799,8.083848554
2026-03-03 06:40:00,-4.553888813,-2.855483274,8.247906129
2026-03-03 06:40:10,-4.611346817,-3.006423850,8.099146970
2026-03-03 06:40:20,-4.742118406,-2.956740929,8.077092856
2026-03-03 06:40:30,-4.955105275,-3.084969484,7.899567954
2026-03-03 06:40:40,-5.029515567,-3.270503347,7.742169532
2026-03-03 06:40:50,-4.945801264,-3.371567296,7.757781091
2026-03-03 06:41:00,-4.887347703,-3.577881225,7.733315991
2026-03-03 06:41:10,-5.166209000,-3.240143584,7.667271273
2026-03-03 06:41:20,-5.132244074,-3.241586732,7.705464134
2026-03-03 06:41:30,-5.091542140,-3.242981683,7.712763256
2026-03-03 06:41:40,-5.266154641,-3.466191554,7.488902258
2026-03-03 06:41:50,-4.896313176,-3.661501570,7.690685342
2026-03-03 06:42:00,-5.044759059,-3.396120384,7.723819943
2026-03-03 06:42:10,-5.009725257,-3.198824572,7.805766916
2026-03-03 06:42:20,-5.219691435,-3.214052699,7.646624710
2026-03-03 06:42:30,-5.042988414,-3.718024550,7.552744079
2026-03-03 06:42:40,-5.150730615,-3.787766762,7.492942250
2026-03-03 06:42:50,-5.356599038,-3.674651812,7.336189393
2026-03-03 06:43:00,-5.113719023,-3.667568918,7.500631891
2026-03-03 06:43:10,-5.047672301,-3.711226527,7.499188545
2026-03-03 06:43:20,-4.898016803,-3.495560676,7.769620247
2026-03-03 06:43:30,-4.386081869,-3.249416044,8.151891818
2026-03-03 06:43:40,-4.428197525,-3.333548700,8.075258516
2026-03-03 06:43:50,-4.237708174,-3.594669518,8.030958570
2026-03-03 06:44:00,-3.682366246,-3.509199681,8.411137035
2026-03-03 06:44:10,-3.503398021,-3.298840946,8.535287933
2026-03-03 06:44:20,-3.358516937,-3.867733352,8.340007235
2026-03-03 06:44:30,-2.867570898,-3.812359795,8.563366238
2026-03-03 06:44:40,-2.504393120,-3.597533144,8.794561987
2026-03-03 06:44:50,-2.195551786,-3.654493164,8.828341020
2026-03-03 06:45:00,-2.127901876,-3.480664927,8.896792859
2026-03-03 06:45:10,-2.209635822,-3.508936226,8.882961235
2026-03-03 06:45:20,-2.451678454,-3.129951883,8.942153346
2026-03-03 06:45:30,-2.298750582,-3.481474079,8.871139165
2026-03-03 06:45:40,-2.234237676,-3.940353540,8.678778264
2026-03-03 06:45:50,-2.697282629,-3.895000796,8.568944413
2026-03-03 06:46:00,-2.386688424,-3.673427837,8.789184316
2026-03-03 06:46:10,-2.573493882,-3.453140550,8.820200680
2026-03-03 06:46:20,-2.221245486,-3.341268797,8.931335596
2026-03-03 06:46:30,-2.373949713,-3.536519983,8.863881435
2026-03-03 06:46:40,-2.220132809,-3.800252552,8.789666796
2026-03-03 06:46:50,-2.302528684,-3.708134110,8.768426799
2026-03-03 06:47:00,-2.117881269,-3.905831434,8.734684724
2026-03-03 06:47:10,-1.812297014,-3.666546922,8.906960148
2026-03-03 06:47:20,-1.524215019,-4.137314745,8.743777885
2026-03-03 06:47:30,-1.845508541,-4.289066581,8.644875161
2026-03-03 06:47:40,-1.966269486,-4.646328954,8.429737188
2026-03-03 06:47:50,-2.152655604,-4.748163400,8.315808568
2026-03-03 06:48:00,-2.058243887,-5.042352577,8.171231929
2026-03-03 06:48:10,-1.882247996,-4.569208565,8.487872292
2026-03-03 06:48:20,-1.925298543,-4.651057029,8.443743615
2026-03-03 06:48:30,-1.983181724,-4.499285835,8.503226977
2026-03-03 06:48:40,-2.059230537,-4.347387424,8.569205818
2026-03-03 06:48:50,-1.921276160,-4.302317596,8.570419594
2026-03-03 06:49:00,-1.704213205,-4.738849715,8.417632734
2026-03-03 06:49:10,-1.494718244,-4.451681941,8.587911331
2026-03-03 06:49:20,-1.445715954,-4.394310112,8.662736932
2026-03-03 06:49:30,-1.702419273,-4.436670089,8.612991122
2026-03-03 06:49:40,-1.562589855,-4.356045174,8.677385159
2026-03-03 06:49:50,-1.957413709,-4.311293088,8.587523323
2026-03-03 06:50:00,-2.190897531,-4.421211163,8.531355307
2026-03-03 06:50:10,-1.991215070,-4.362696685,8.544279329
2026-03-03 06:50:20,-2.331063508,-4.435749085,8.449304784
2026-03-03 06:50:30,-2.418352086,-4.279005943,8.503501494
2026-03-03 06:50:40,-2.107291524,-4.341224640,8.545951709
2026-03-03 06:50:50,-2.387044335,-4.160287592,8.565927969
2026-03-03 06:51:00,-2.166221060,-3.844114853,8.756864556
2026-03-03 06:51:10,-1.990695088,-3.939285179,8.764457520
2026-03-03 06:51:20,-1.860280213,-4.054619934,8.785192308
2026-03-03 06:51:30,-2.158262164,-3.757102082,8.768355298
2026-03-03 06:51:40,-2.256463186,-3.880152772,8.707931372
2026-03-03 06:51:50,-2.251930319,-3.935869908,8.700834254
2026-03-03 06:52:00,-1.916680964,-4.313190658,8.602008474
2026-03-03 06:52:10,-1.649731505,-4.558587599,8.537277534
2026-03-03 06:52:20,-1.508233528,-4.477048247,8.598337263
2026-03-03 06:52:30,-1.459737932,-4.520611315,8.572564337
2026-03-03 06:52:40,-1.706825305,-4.443723427,8.541102245
2026-03-03 06:52:50,-1.828690883,-4.221901232,8.628722404
2026-03-03 06:53:00,-1.956192317,-4.633018118,8.386875081
2026-03-03 06:53:10,-1.662438657,-4.445002761,8.576452045
2026-03-03 06:53:20,-1.542995105,-4.276202076,8.680499392
2026-03-03 06:53:30,-2.080289648,-4.222417579,8.590787883
2026-03-03 06:53:40,-1.980931207,-3.693363347,8.856125065
2026-03-03 06:53:50,-2.003560322,-3.291826579,9.013638905
2026-03-03 06:54:00,-1.823079042,-3.585850251,8.955628442
2026-03-03 06:54:10,-1.465407210,-4.157699994,8.757975458
2026-03-03 06:54:20,-1.337577041,-4.395859585,8.653763918
2026-03-03 06:54:30,-1.833208940,-4.452729167,8.479582252
2026-03-03 06:54:40,-1.948586052,-4.431179524,8.573312043
2026-03-03 06:54:50,-1.861404181,-4.707064654,8.437105980
2026-03-03 06:55:00,-2.132112162,-4.277581778,8.525994838
2026-03-03 06:55:10,-2.450387048,-4.715957558,8.225865964
2026-03-03 06:55:20,-1.930718521,-4.296472124,8.590241704
2026-03-03 06:55:30,-1.742088552,-4.471278909,8.563120386
2026-03-03 06:55:40,-1.718168672,-4.371444832,8.615216606
2026-03-03 06:55:50,-2.058395467,-3.890550729,8.744603189
2026-03-03 06:56:00,-2.134202948,-4.086095475,8.637174035
2026-03-03 06:56:10,-2.275184364,-3.768989918,8.769609087
2026-03-03 06:56:20,-2.200699707,-4.300041264,8.534796228
2026-03-03 06:56:30,-2.111811672,-3.929359135,8.746130722
2026-03-03 06:56:40,-2.518937953,-3.717631811,8.712154591
2026-03-03 06:56:50,-2.735058472,-3.647949882,8.709609288
2026-03-03 06:57:00,-2.847981616,-3.539837948,8.691495922
2026-03-03 06:57:10,-3.076760740,-3.732437170,8.519621306
2026-03-03 06:57:20,-2.953581024,-3.505020504,8.672814681
2026-03-03 06:57:30,-2.754847754,-3.916276277,8.576112362
2026-03-03 06:57:40,-2.782014497,-4.080710275,8.489685160
2026-03-03 06:57:50,-2.643586416,-3.940001004,8.595123597
2026-03-03 06:58:00,-2.870908322,-3.881499818,8.521646770
2026-03-03 06:58:10,-2.603358838,-3.703968637,8.690642147
2026-03-03 06:58:20,-2.709268544,-3.759669396,8.654654538
2026-03-03 06:58:30,-2.477072613,-3.583126414,8.764444778
2026-03-03 06:58:40,-2.388800131,-3.689579270,8.782632990
2026-03-03 06:58:50,-2.390655524,-3.741897057,8.741978917
2026-03-03 06:59:00,-2.441744848,-3.726215588,8.768792622
2026-03-03 06:59:10,-2.413135095,-3.510914258,8.861830981
2026-03-03 06:59:20,-2.118930948,-3.314956877,9.000894582
2026-03-03 06:59:30,-1.862036622,-3.296181844,9.074272027
2026-03-03 06:59:40,-1.724886083,-3.473289775,9.031241970
2026-03-03 06:59:50,-1.473417463,-3.676101801,8.994133632
2026-03-03 07:00:00,-1.274559659,-3.817842506,8.964961356
2026-03-03 07:00:10,-1.171488382,-3.856966559,8.939161249
2026-03-03 07:00:20,-0.909953972,-3.633924563,9.066394215
2026-03-03 07:00:30,-1.025299517,-4.163293927,8.861781748
2026-03-03 07:00:40,-1.276281055,-4.020497764,8.831814922
2026-03-03 07:00:50,-1.060703244,-4.479082851,8.643647128
2026-03-03 07:01:00,-1.180927212,-4.535161288,8.617632912
2026-03-03 07:01:10,-0.997805787,-4.505520335,8.644868097
2026-03-03 07:01:20,-0.575128077,-4.146288006,8.860737669
2026-03-03 07:01:30,-0.529794213,-4.085366604,8.920242727
2026-03-03 07:01:40,-0.424486892,-4.161429161,8.916476603
2026-03-03 07:01:50,-0.332538865,-3.731770852,9.086420783
2026-03-03 07:02:00,-0.464620840,-3.844653620,9.051569770
2026-03-03 07:02:10,-0.685063495,-4.550134198,8.669430675
2026-03-03 07:02:20,-0.922917920,-4.534096210,8.651156736
2026-03-03 07:02:30,-0.716722499,-4.279957249,8.815784575
2026-03-03 07:02:40,-0.648207989,-4.239439033,8.841620786
2026-03-03 07:02:50,-0.861916066,-3.978778252,8.926594465
2026-03-03 07:03:00,-1.164317998,-3.696821535,9.004991416
2026-03-03 07:03:10,-1.110784735,-3.915582325,8.978538282
2026-03-03 07:03:20,-0.774394797,-3.957192912,8.909910376
2026-03-03 07:03:30,-0.609287246,-3.620459699,9.083834431
2026-03-03 07:03:40,-0.966141017,-3.813061853,8.972134147
2026-03-03 07:03:50,-0.873745999,-3.886233818,8.942544880
2026-03-03 07:04:00,-0.756569757,-3.929658923,8.949840295
2026-03-03 07:04:10,-1.209721437,-4.252772310,8.726629058
2026-03-03 07:04:20,-1.301827490,-4.121670358,8.826971394
2026-03-03 07:04:30,-1.228983539,-4.339188658,8.725462135
2026-03-03 07:04:40,-1.321712708,-4.443707156,8.643249360
2026-03-03 07:04:50,-1.242767290,-4.522013126,8.634656945
2026-03-03 07:05:00,-1.309614789,-4.914825032,8.428715273
2026-03-03 07:05:10,-1.641141801,-4.861578026,8.369398761
2026-03-03 07:05:20,-1.855543280,-4.868665131,8.333543617
2026-03-03 07:05:30,-1.697267689,-4.865341820,8.346576130
2026-03-03 07:05:40,-1.786832313,-4.816107011,8.367136048
2026-03-03 07:05:50,-1.794444870,-4.637402039,8.451075241
2026-03-03 07:06:00,-1.722071474,-4.593948587,8.484251262
2026-03-03 07:06:10,-1.758235258,-4.663922456,8.453014872
2026-03-03 07:06:20,-1.729104371,-4.770551186,8.401526323
2026-03-03 07:06:30,-1.682906777,-4.819416297,8.384010627
2026-03-03 07:06:40,-1.907272659,-4.644059356,8.446139671
2026-03-03 07:06:50,-1.743930187,-4.912990180,8.305249881
2026-03-03 07:07:00,-1.707631200,-4.833973899,8.334662076
2026-03-03 07:07:10,-1.881265915,-4.905388837,8.295012563
2026-03-03 07:07:20,-1.799294659,-4.936778762,8.271480425
2026-03-03 07:07:30,-1.759882628,-4.941058002,8.259427198
2026-03-03 07:07:40,-1.729306853,-4.607014380,8.482868336
2026-03-03 07:07:50,-1.616320260,-4.583275089,8.504403457
2026-03-03 07:08:00,-1.533229531,-4.494093225,8.576549198
2026-03-03 07:08:10,-1.370576600,-4.534788891,8.606422713
2026-03-03 07:08:20,-1.165501600,-4.213252217,8.787090307
2026-03-03 07:08:30,-1.234007732,-4.329358267,8.795611542
2026-03-03 07:08:40,-1.336941584,-4.234767350,8.735051472
2026-03-03 07:08:50,-1.261673938,-4.060093580,8.823653564
2026-03-03 07:09:00,-1.194061792,-3.873508565,8.923524591
2026-03-03 07:09:10,-0.927708974,-3.672353001,9.011305609
2026-03-03 07:09:20,-0.830480292,-3.883964166,8.950251065
2026-03-03 07:09:30,-1.001946157,-3.879930994,8.956681944
2026-03-03 07:09:40,-0.734629000,-3.916017376,8.962283755
2026-03-03 07:09:50,-1.103823071,-3.846630890,8.961984005
2026-03-03 07:10:00,-1.089323390,-3.710079327,8.993220023
2026-03-03 07:10:10,-1.194170553,-3.589036950,9.059580998
2026-03-03 07:10:20,-1.076364358,-3.510909414,9.082922134
2026-03-03 07:10:30,-1.261347998,-3.633234583,9.018470105
2026-03-03 07:10:40,-1.237014935,-3.937186241,8.892598929
2026-03-03 07:10:50,-1.039350065,-4.112144835,8.869909793
2026-03-03 07:11:00,-1.013679119,-4.138122141,8.810502252
2026-03-03 07:11:10,-0.545094942,-4.480081708,8.705002150
2026-03-03 07:11:20,-0.553084204,-4.674410532,8.612295377
2026-03-03 07:11:30,-0.520853758,-4.590588090,8.658973585
2026-03-03 07:11:40,-0.534901466,-4.691678934,8.587427374
2026-03-03 07:11:50,-0.842764222,-4.780893495,8.520621024
2026-03-03 07:12:00,-0.884734574,-4.760776834,8.535216376
2026-03-03 07:12:10,-0.859939877,-4.644344219,8.589970093
2026-03-03 07:12:20,-0.784515014,-4.778170759,8.520167987
2026-03-03 07:12:30,-0.892602300,-4.716109460,8.533928841
2026-03-03 07:12:40,-0.850029569,-4.771030763,8.494479018
2026-03-03 07:12:50,-0.882087400,-4.824876546,8.487521549
2026-03-03 07:13:00,-0.822649313,-4.710159284,8.592720121
2026-03-03 07:13:10,-0.962156622,-4.614817945,8.605164787
2026-03-03 07:13:20,-1.048355676,-4.463051939,8.687374043
2026-03-03 07:13:30,-0.722701145,-4.286830484,8.776132275
2026-03-03 07:13:40,-0.765872179,-4.124966379,8.839602632
2026-03-03 07:13:50,-0.677140410,-3.929316737,8.955240815
2026-03-03 07:14:00,-0.732524648,-3.941075797,8.953775558
2026-03-03 07:14:10,-0.794826891,-4.014749741,8.906908833
2026-03-03 07:14:20,-1.025254754,-4.105252962,8.834965362
2026-03-03 07:14:30,-1.084724156,-3.650807493,9.081977011
2026-03-03 07:14:40,-1.006335266,-3.584992594,9.090492131
2026-03-03 07:14:50,-1.222694454,-3.780755076,8.971595936
2026-03-03 07:15:00,-1.103885781,-3.908356329,8.937102216
2026-03-03 07:15:10,-1.191346838,-3.713141458,9.012345437
2026-03-03 07:15:20,-1.301796079,-3.783522959,8.938225301
2026-03-03 07:15:30,-1.421293604,-3.756562944,8.933979262
2026-03-03 07:15:40,-1.781837295,-3.930131469,8.820450143
2026-03-03 07:15:50,-1.854486742,-3.897157613,8.775652798
2026-03-03 07:16:00,-1.958330147,-4.202535646,8.650436453
2026-03-03 07:16:10,-1.958227694,-4.232925864,8.616959377
2026-03-03 07:16:20,-2.032762874,-4.269163025,8.562513632
2026-03-03 07:16:30,-2.188955627,-4.399627587,8.496878362
2026-03-03 07:16:40,-2.071636304,-4.222153570,8.573884325
2026-03-03 07:16:50,-2.235814932,-4.388848861,8.526880365
2026-03-03 07:17:00,-2.155825779,-4.468826264,8.514266210
2026-03-03 07:17:10,-1.868963510,-4.654520760,8.422554096
2026-03-03 07:17:20,-1.960245525,-4.715504360,8.416694749
2026-03-03 07:17:30,-1.844337042,-4.759386178,8.367385665
2026-03-03 07:17:40,-1.937481248,-4.833732859,8.334795825
2026-03-03 07:17:50,-2.108298405,-4.809542461,8.321236132
2026-03-03 07:18:00,-2.248810513,-4.652270477,8.280129490
2026-03-03 07:18:10,-2.142428554,-4.521955731,8.444495800
2026-03-03 07:18:20,-2.161401307,-4.475959754,8.429266573
2026-03-03 07:18:30,-2.381904740,-4.360117366,8.455362902
2026-03-03 07:18:40,-2.387921322,-4.622107608,8.314006793
2026-03-03 07:18:50,-2.579675009,-4.283751571,8.417750678
2026-03-03 07:19:00,-2.302250117,-4.400206297,8.472552398
2026-03-03 07:19:10,-2.379033317,-4.290219157,8.494557002
2026-03-03 07:19:20,-2.216866747,-3.903577900,8.710367486
2026-03-03 07:19:30,-2.175787365,-4.210388372,8.629807330
2026-03-03 07:19:40,-2.294737159,-4.455913078,8.419905905
2026-03-03 07:19:50,-2.525194454,-4.457337799,8.347205583
2026-03-03 07:20:00,-2.101701349,-4.504038509,8.460473306
2026-03-03 07:20:10,-1.994357110,-4.619071091,8.395431493
2026-03-03 07:20:20,-2.003209734,-4.436719232,8.515533284
2026-03-03 07:20:30,-1.945798757,-4.479383754,8.484053552
2026-03-03 07:20:40,-1.784243996,-4.272223364,8.626221874
2026-03-03 07:20:50,-1.728892142,-4.645654006,8.477096516
2026-03-03 07:21:00,-1.719006443,-4.633483356,8.408931258
2026-03-03 07:21:10,-1.948675267,-4.688436123,8.393316256
2026-03-03 07:21:20,-1.765779467,-4.394676285,8.557453388
2026-03-03 07:21:30,-1.890006969,-4.289321372,8.626844317
2026-03-03 07:21:40,-1.627190063,-4.268219745,8.683288399
2026-03-03 07:21:50,-1.559446059,-4.246137494,8.703718289
2026-03-03 07:22:00,-1.744516941,-3.998811880,8.784416916
2026-03-03 07:22:10,-2.019339660,-3.962970868,8.728544728
2026-03-03 07:22:20,-1.786637449,-4.001987647,8.771260238
2026-03-03 07:22:30,-1.779844023,-3.955586846,8.820149366
2026-03-03 07:22:40,-1.705044776,-3.712810073,8.911928935
2026-03-03 07:22:50,-1.567103481,-3.565194894,9.015144217
2026-03-03 07:23:00,-1.247616664,-3.540488050,9.049631436
2026-03-03 07:23:10,-1.370456718,-3.572372729,9.054979706
2026-03-03 07:23:20,-1.589193252,-3.638895535,8.953750125
2026-03-03 07:23:30,-1.308961098,-3.435713103,9.098919159
2026-03-03 07:23:40,-1.371611265,-3.160037219,9.208093650
2026-03-03 07:23:50,-1.456991687,-2.944361777,9.243004064
2026-03-03 07:24:00,-1.643738553,-2.811946378,9.276228891
2026-03-03 07:24:10,-1.567286475,-2.583644643,9.354659924
2026-03-03 07:24:20,-1.625668393,-2.689500534,9.305790155
2026-03-03 07:24:30,-1.526958059,-3.019517982,9.170243093
2026-03-03 07:24:40,-1.700659271,-2.995437441,9.200559725
2026-03-03 07:24:50,-1.715295109,-3.024760168,9.189063378
2026-03-03 07:25:00,-1.708939247,-3.104522907,9.132825568
2026-03-03 07:25:10,-1.795643482,-3.415869020,9.035347478
2026-03-03 07:25:20,-1.832598456,-3.452860403,8.971473174
2026-03-03 07:25:30,-2.091046989,-3.800078215,8.778711246
2026-03-03 07:25:40,-2.164954774,-3.801333720,8.774270066
2026-03-03 07:25:50,-2.284602637,-4.006691894,8.699160342
2026-03-03 07:26:00,-2.754705216,-4.259262415,8.421017610
2026-03-03 07:26:10,-2.478905944,-4.408284549,8.397316425
2026-03-03 07:26:20,-2.423742961,-4.473639724,8.401815847
2026-03-03 07:26:30,-2.530369112,-4.184365245,8.507544140
2026-03-03 07:26:40,-2.611865987,-4.076536515,8.530104448
2026-03-03 07:26:50,-2.764212160,-4.349566963,8.338111829
2026-03-03 07:27:00,-2.494281443,-4.127922709,8.546996069
2026-03-03 07:27:10,-2.354483339,-4.372881791,8.441441355
2026-03-03 07:27:20,-1.963192787,-4.403879844,8.528718155
2026-03-03 07:27:30,-1.771909028,-4.375692778,8.590718756
2026-03-03 07:27:40,-2.083705194,-4.360686941,8.512777920
2026-03-03 07:27:50,-2.149545489,-4.248283998,8.560581455
2026-03-03 07:28:00,-1.547260074,-4.380756554,8.668989646
2026-03-03 07:28:10,-1.997539397,-4.309930389,8.586772967
2026-03-03 07:28:20,-2.222023887,-4.021585188,8.691201518
2026-03-03 07:28:30,-1.891793995,-4.153718291,8.680101190
2026-03-03 07:28:40,-1.997421927,-4.012833369,8.734345806
2026-03-03 07:28:50,-2.285529208,-3.709922222,8.766876891
2026-03-03 07:29:00,-2.318702573,-3.702357601,8.789019375
2026-03-03 07:29:10,-1.894019167,-3.701136664,8.848638481
2026-03-03 07:29:20,-1.669970949,-4.016395445,8.791974743
2026-03-03 07:29:30,-1.810201172,-4.350451538,8.617895753
2026-03-03 07:29:40,-1.857788117,-4.254573300,8.594589380
2026-03-03 07:29:50,-1.705340442,-4.285127468,8.621652351
2026-03-03 07:30:00,-2.072746418,-4.130347089,8.671815957
2026-03-03 07:30:10,-2.306863283,-4.392013448,8.433848218
2026-03-03 07:30:20,-2.285986215,-4.623839127,8.317921454
2026-03-03 07:30:30,-2.305598186,-4.712593214,8.274947513
2026-03-03 07:30:40,-2.196574628,-4.680036807,8.384169367
2026-03-03 07:30:50,-2.095692524,-4.774887849,8.353252088
2026-03-03 07:31:00,-2.319060642,-4.607819440,8.337525638
2026-03-03 07:31:10,-2.454667628,-4.492151254,8.371039731
2026-03-03 07:31:20,-2.379509874,-4.460054732,8.414725823
2026-03-03 07:31:30,-2.554209912,-4.566426307,8.276437148
2026-03-03 07:31:40,-2.437304219,-4.886208908,8.176913782
2026-03-03 07:31:50,-2.245443275,-4.853885655,8.261952616
2026-03-03 07:32:00,-2.462248493,-4.996822618,8.069598836
2026-03-03 07:32:10,-2.280159943,-5.146601025,8.036988256
2026-03-03 07:32:20,-2.107688784,-4.814174314,8.277839732
2026-03-03 07:32:30,-2.416712534,-4.988915374,8.104037951
2026-03-03 07:32:40,-2.523702350,-5.019587941,8.028140659
2026-03-03 07:32:50,-2.453523092,-4.895824839,8.137682377
2026-03-03 07:33:00,-2.462076062,-5.033142649,8.039567922
2026-03-03 07:33:10,-2.555258119,-4.795616792,8.187426870
2026-03-03 07:33:20,-2.593807378,-4.846048774,8.095329392
2026-03-03 07:33:30,-2.607038653,-4.915206581,8.061419652
2026-03-03 07:33:40,-2.434959331,-5.182931257,7.998502552
2026-03-03 07:33:50,-2.456252609,-5.223827131,7.975512985
2026-03-03 07:34:00,-2.681027925,-5.113083301,7.939370430
2026-03-03 07:34:10,-2.554008481,-5.108145706,7.973515789
2026-03-03 07:34:20,-2.742869227,-4.943510373,8.003661609
2026-03-03 07:34:30,-2.847095863,-4.992243594,7.934192788
2026-03-03 07:34:40,-2.679313139,-5.401999545,7.732441718
2026-03-03 07:34:50,-2.572604096,-5.602816143,7.663630611
2026-03-03 07:35:00,-2.378180525,-5.678368700,7.662298361
2026-03-03 07:35:10,-2.116726015,-5.754484353,7.683666956
2026-03-03 07:35:20,-2.108976317,-5.796599418,7.619932845
2026-03-03 07:35:30,-2.151350246,-5.865170185,7.603701798
2026-03-03 07:35:40,-1.864933393,-6.285694800,7.312188818
2026-03-03 07:35:50,-1.844398307,-6.175195669,7.355686871
2026-03-03 07:36:00,-1.415411938,-6.204920539,7.499531625
2026-03-03 07:36:10,-1.465064777,-6.246566735,7.452145876
2026-03-03 07:36:20,-1.280020004,-5.988777644,7.631554180
2026-03-03 07:36:30,-1.313643539,-5.964359052,7.723523046
2026-03-03 07:36:40,-1.246006613,-5.954905112,7.711463728
2026-03-03 07:36:50,-1.139364358,-6.405235358,7.356096414
2026-03-03 07:37:00,-1.383237717,-6.545513800,7.166784440
2026-03-03 07:37:10,-1.596650803,-6.552046819,7.164276470
2026-03-03 07:37:20,-1.344052451,-6.424302275,7.257606199
2026-03-03 07:37:30,-1.528183829,-6.416729772,7.263360757
2026-03-03 07:37:40,-1.503190864,-6.420573580,7.255752372
2026-03-03 07:37:50,-1.465828476,-6.248569975,7.451489402
2026-03-03 07:38:00,-1.367819678,-6.388146670,7.332038517
2026-03-03 07:38:10,-1.047538476,-6.304604095,7.444964945
2026-03-03 07:38:20,-1.088598011,-6.270941308,7.450584483
2026-03-03 07:38:30,-0.923417309,-6.518952212,7.246934744
2026-03-03 07:38:40,-1.038311999,-6.531242770,7.237785781
2026-03-03 07:38:50,-1.201710415,-6.760127750,7.038178004
2026-03-03 07:39:00,-1.120814993,-6.939784727,6.856810752
2026-03-03 07:39:10,-1.466149564,-6.977581839,6.764944169
2026-03-03 07:39:20,-1.369363900,-6.898890333,6.829734987
2026-03-03 07:39:30,-1.366078680,-6.920199733,6.815419814
2026-03-03 07:39:40,-1.173336875,-7.113301764,6.635272544
2026-03-03 07:39:50,-1.125906017,-6.929273070,6.808046221
2026-03-03 07:40:00,-1.166969314,-6.960733161,6.837308405
2026-03-03 07:40:10,-1.242118656,-6.888941539,6.873676860
2026-03-03 07:40:20,-1.405937221,-6.788362770,6.960050800
2026-03-03 07:40:30,-1.275384308,-6.704401911,7.064366324
2026-03-03 07:40:40,-1.473333170,-6.603911729,7.112623052
2026-03-03 07:40:50,-1.565794851,-6.726585067,6.985804636
2026-03-03 07:41:00,-1.871538570,-6.634580156,6.973101982
2026-03-03 07:41:10,-1.847193922,-6.695475688,7.009845432
2026-03-03 07:41:20,-1.772994763,-6.825439187,6.855940070
2026-03-03 07:41:30,-1.743793118,-6.814315352,6.809728678
2026-03-03 07:41:40,-1.902727482,-6.949485113,6.652604916
2026-03-03 07:41:50,-2.018507189,-6.987526942,6.606106190
2026-03-03 07:42:00,-1.789562578,-6.956391041,6.643914485
2026-03-03 07:42:10,-1.856770604,-6.943842744,6.693276973
2026-03-03 07:42:20,-2.043082292,-6.891426633,6.734313202
2026-03-03 07:42:30,-2.005002258,-6.962722712,6.616922783
2026-03-03 07:42:40,-2.263639719,-6.847923294,6.668250048
2026-03-03 07:42:50,-2.210754169,-7.022112922,6.524713480
2026-03-03 07:43:00,-2.372614155,-7.116438436,6.325343437
2026-03-03 07:43:10,-2.227566546,-7.201519672,6.288433404
2026-03-03 07:43:20,-2.044678634,-7.171045176,6.410064686
2026-03-03 07:43:30,-1.731049498,-7.206812780,6.439909640
2026-03-03 07:43:40,-1.711991410,-7.160615460,6.504337756
2026-03-03 07:43:50,-1.691148387,-7.239434142,6.345315498
2026-03-03 07:44:00,-1.730058597,-7.285647507,6.277814184
2026-03-03 07:44:10,-1.489503911,-7.100005610,6.608507443
2026-03-03 07:44:20,-1.451734934,-7.346428881,6.332334910
2026-03-03 07:44:30,-1.546480258,-7.362235911,6.302392797
2026-03-03 07:44:40,-1.315747325,-7.341631248,6.336396084
2026-03-03 07:44:50,-1.367821022,-7.343022167,6.305369576
2026-03-03 07:45:00,-1.485431832,-7.492335572,6.167914100
2026-03-03 07:45:10,-1.413653016,-7.470012001,6.256181858
2026-03-03 07:45:20,-1.497148022,-7.472386984,6.142737103
2026-03-03 07:45:30,-1.417444774,-7.527752548,6.146561126
2026-03-03 07:45:40,-1.417693175,-7.399155413,6.291047577
2026-03-03 07:45:50,-1.320516430,-7.579078143,6.121768467
2026-03-03 07:46:00,-1.506165064,-7.532702876,6.108507273
2026-03-03 07:46:10,-1.391255187,-7.581688158,6.061785568
2026-03-03 07:46:20,-1.546956502,-7.513351474,6.071575118
2026-03-03 07:46:30,-1.728488382,-7.478974250,6.146599287
2026-03-03 07:46:40,-1.517706846,-7.517383699,6.168664284
2026-03-03 07:46:50,-1.612614599,-7.354476232,6.286034441
2026-03-03 07:47:00,-1.770986012,-7.462278805,6.172475373
2026-03-03 07:47:10,-1.836595939,-7.501220525,6.067326496
2026-03-03 07:47:20,-2.014742379,-7.490931152,5.965401067
2026-03-03 07:47:30,-2.048164787,-7.501391230,6.022921150
2026-03-03 07:47:40,-2.018706100,-7.541598342,5.915262866
2026-03-03 07:47:50,-1.897385908,-7.541912708,5.987036292
2026-03-03 07:48:00,-2.000073183,-7.449579915,6.116286007
2026-03-03 07:48:10,-2.059146782,-7.354131221,6.134715188
2026-03-03 07:48:20,-1.998019395,-7.435792634,6.141884472
2026-03-03 07:48:30,-1.925725544,-7.368868403,6.188167179
2026-03-03 07:48:40,-1.895087027,-7.343360606,6.193376110
2026-03-03 07:48:50,-2.071040934,-7.223833193,6.314268225
2026-03-03 07:49:00,-2.021530584,-7.129165187,6.423081840
2026-03-03 07:49:10,-1.989518759,-7.030069006,6.535639715
2026-03-03 07:49:20,-2.271799024,-6.851985569,6.632751236
2026-03-03 07:49:30,-2.074484992,-6.953064235,6.619518343
2026-03-03 07:49:40,-2.316156149,-6.857945124,6.641516498
2026-03-03 07:49:50,-2.132910500,-6.896399648,6.628641696
2026-03-03 07:50:00,-2.311852259,-6.885689339,6.627217149
2026-03-03 07:50:10,-2.407397120,-7.020889219,6.425238198
2026-03-03 07:50:20,-2.282382346,-7.151453890,6.306834830
2026-03-03 07:50:30,-2.078730348,-7.083253815,6.499923630
2026-03-03 07:50:40,-2.144645526,-6.863357254,6.623621616
2026-03-03 07:50:50,-1.943340350,-6.790351197,6.805854372
2026-03-03 07:51:00,-1.758147992,-6.748029594,6.876755167
2026-03-03 07:51:10,-1.717290094,-6.728871243,6.948625273
2026-03-03 07:51:20,-1.803546360,-6.789025351,6.823817914
2026-03-03 07:51:30,-1.903918335,-6.755503985,6.861107569
2026-03-03 07:51:40,-1.967627365,-6.705352527,6.886064212
2026-03-03 07:51:50,-1.810801884,-6.624862492,6.973432740
2026-03-03 07:52:00,-2.067559675,-6.641902070,6.953429304
2026-03-03 07:52:10,-2.148338449,-6.685121074,6.864527700
2026-03-03 07:52:20,-1.924660892,-6.673177116,6.958628332
2026-03-03 07:52:30,-1.852303177,-6.745855639,6.943126530
2026-03-03 07:52:40,-1.930679805,-6.692044773,6.838605581
2026-03-03 07:52:50,-2.099373752,-6.702012054,6.854970082
2026-03-03 07:53:00,-1.854719263,-6.885103868,6.732814897
2026-03-03 07:53:10,-1.930775826,-6.872828032,6.691573063
2026-03-03 07:53:20,-2.163265468,-6.972442928,6.560009296
2026-03-03 07:53:30,-2.019862272,-6.865384507,6.733657780
2026-03-03 07:53:40,-2.144920560,-6.979733935,6.530931259
2026-03-03 07:53:50,-2.329919689,-7.083752841,6.358040728
2026-03-03 07:54:00,-2.338064848,-7.096735686,6.347118457
2026-03-03 07:54:10,-2.207703843,-7.118362871,6.362507191
2026-03-03 07:54:20,-2.200770061,-7.182787508,6.319956720
2026-03-03 07:54:30,-2.314292659,-7.105009859,6.393001639
2026-03-03 07:54:40,-2.277971376,-7.061051661,6.446048294
2026-03-03 07:54:50,-2.622337735,-6.965320220,6.409270040
2026-03-03 07:55:00,-2.209735960,-7.129823869,6.345926248
2026-03-03 07:55:10,-2.232136181,-7.126536837,6.383085566
2026-03-03 07:55:20,-2.187358293,-7.154277098,6.369427515
2026-03-03 07:55:30,-2.417649905,-6.999111206,6.446155263
2026-03-03 07:55:40,-2.151691648,-7.083098137,6.401568182
2026-03-03 07:55:50,-2.019792201,-7.226884254,6.329879277
2026-03-03 07:56:00,-2.340375367,-7.171341817,6.294579339
2026-03-03 07:56:10,-2.373029948,-7.099435140,6.361224922
2026-03-03 07:56:20,-2.302528427,-7.060655460,6.392844188
2026-03-03 07:56:30,-2.131098590,-7.155204439,6.390716302
2026-03-03 07:56:40,-2.194161273,-7.206179968,6.312443595
2026-03-03 07:56:50,-2.388190917,-7.251611504,6.192368443
2026-03-03 07:57:00,-2.328890600,-7.357584151,6.076252693
2026-03-03 07:57:10,-2.314421110,-7.370639094,6.099486878
2026-03-03 07:57:20,-2.398591736,-7.265039047,6.202657813
2026-03-03 07:57:30,-2.334891582,-7.305179034,6.130592490
2026-03-03 07:57:40,-2.421182917,-7.125298003,6.279997054
2026-03-03 07:57:50,-2.429580254,-7.268793659,6.116857037
2026-03-03 07:58:00,-2.344087851,-7.267068308,6.159329248
2026-03-03 07:58:10,-2.184371755,-7.310589960,6.174543764
2026-03-03 07:58:20,-2.162213129,-7.093322964,6.396193426
2026-03-03 07:58:30,-1.822099097,-7.210705659,6.406801578
2026-03-03 07:58:40,-2.079529001,-7.094964868,6.475821214
2026-03-03 07:58:50,-2.197982922,-7.037593166,6.499361955
2026-03-03 07:59:00,-2.242226289,-7.070199690,6.439687185
2026-03-03 07:59:10,-2.112727114,-7.130119033,6.430991555
2026-03-03 07:59:20,-2.142284964,-7.089763393,6.471684244
2026-03-03 07:59:30,-2.366306013,-7.089416100,6.374414743
2026-03-03 07:59:40,-2.243326155,-7.123628993,6.407107954
2026-03-03 07:59:50,-2.200411962,-7.142273745,6.381484410
2026-03-03 08:00:00,-2.329341278,-6.954220270,6.506795095
2026-03-03 08:00:10,-2.363881072,-7.028998723,6.409776601
2026-03-03 08:00:20,-2.406885447,-7.019194637,6.463124289
2026-03-03 08:00:30,-2.409148328,-7.101851132,6.315227243
2026-03-03 08:00:40,-2.320371809,-6.976886873,6.514164355
2026-03-03 08:00:50,-2.537758007,-6.960305183,6.451301865
2026-03-03 08:01:00,-2.607224453,-6.869422841,6.473944231
2026-03-03 08:01:10,-2.615823036,-6.819723534,6.573479075
2026-03-03 08:01:20,-2.657808873,-6.881883679,6.438102528
2026-03-03 08:01:30,-2.423297102,-6.874616395,6.601609526
2026-03-03 08:01:40,-2.428021308,-6.910079435,6.533806371
2026-03-03 08:01:50,-2.557378572,-6.786044735,6.625833884
2026-03-03 08:02:00,-2.564693348,-6.820405106,6.561045395
2026-03-03 08:02:10,-2.305343879,-6.797167938,6.733469135
2026-03-03 08:02:20,-2.170327126,-6.621353430,6.864144400
2026-03-03 08:02:30,-2.166121326,-6.813942308,6.745365104
2026-03-03 08:02:40,-2.031319639,-6.919464499,6.656518824
2026-03-03 08:02:50,-1.721446058,-7.052154374,6.634024432
2026-03-03 08:03:00,-1.601770883,-7.094440818,6.604529891
2026-03-03 08:03:10,-1.585568616,-7.080869231,6.577713940
2026-03-03 08:03:20,-1.580217187,-7.162228709,6.503683067
2026-03-03 08:03:30,-1.582652575,-7.405527355,6.212040550
2026-03-03 08:03:40,-1.372143535,-7.354738772,6.298316070
2026-03-03 08:03:50,-1.179397855,-7.382395835,6.359080635
2026-03-03 08:04:00,-1.288760232,-7.502206880,6.174459562
2026-03-03 08:04:10,-1.145320068,-7.516172329,6.220800125
2026-03-03 08:04:20,-1.259049642,-7.494671993,6.216229154
2026-03-03 08:04:30,-1.294175770,-7.523109173,6.165895322
2026-03-03 08:04:40,-1.209279562,-7.462137222,6.183670867
2026-03-03 08:04:50,-1.114467338,-7.338034142,6.363140698
2026-03-03 08:05:00,-0.992501111,-7.388033430,6.465871558
2026-03-03 08:05:10,-1.124967530,-7.447579729,6.285096257
2026-03-03 08:05:20,-1.159176032,-7.380917292,6.322052213
2026-03-03 08:05:30,-1.128237278,-7.280237315,6.463793644
2026-03-03 08:05:40,-1.204446650,-7.160959341,6.588225580
2026-03-03 08:05:50,-1.354777724,-7.101887044,6.682761261
2026-03-03 08:06:00,-1.397792244,-7.057469041,6.674706973
2026-03-03 08:06:10,-1.376890662,-6.950598801,6.758182381
2026-03-03 08:06:20,-1.372568966,-6.752533066,6.963308252
2026-03-03 08:06:30,-1.233636414,-6.763066642,7.015709172
2026-03-03 08:06:40,-1.161774038,-6.639222733,7.153454382
2026-03-03 08:06:50,-1.344042062,-6.617673779,7.113175414
2026-03-03 08:07:00,-1.337119878,-6.684226879,7.024373487
2026-03-03 08:07:10,-1.285269838,-6.761413423,6.963502080
2026-03-03 08:07:20,-1.189805275,-6.634680049,7.165513708
2026-03-03 08:07:30,-1.033325483,-6.777139478,7.030701634
2026-03-03 08:07:40,-1.154364188,-6.795074277,6.977234477
2026-03-03 08:07:50,-1.201652890,-6.882333700,6.946839478
2026-03-03 08:08:00,-1.466263186,-6.859109386,6.887063557
2026-03-03 08:08:10,-1.427026204,-6.849630502,6.875210739
2026-03-03 08:08:20,-1.287387468,-6.862177056,6.905840559
2026-03-03 08:08:30,-1.357237804,-7.033768606,6.708734598
2026-03-03 08:08:40,-1.489015033,-6.975179729,6.679993954
2026-03-03 08:08:50,-1.534379818,-6.998596365,6.692790753
2026-03-03 08:09:00,-1.400533434,-6.985777500,6.762897871
2026-03-03 08:09:10,-1.287788829,-7.208943548,6.518531460
2026-03-03 08:09:20,-1.356979666,-7.183012572,6.526181349
2026-03-03 08:09:30,-1.441005929,-7.122590423,6.591806540
2026-03-03 08:09:40,-1.275421550,-7.107031374,6.656551679
2026-03-03 08:09:50,-1.218867825,-7.221778244,6.560929474
2026-03-03 08:10:00,-1.169063593,-7.263694206,6.510931948
2026-03-03 08:10:10,-1.365547720,-7.324288605,6.346659220
2026-03-03 08:10:20,-1.356230411,-7.374934846,6.289537324
2026-03-03 08:10:30,-1.136639148,-7.307967607,6.439190664
2026-03-03 08:10:40,-1.163187175,-7.365420330,6.405385138
2026-03-03 08:10:50,-0.943138612,-7.444146880,6.342853012
2026-03-03 08:11:00,-1.053633405,-7.279644280,6.502183838
2026-03-03 08:11:10,-0.966193094,-7.275864652,6.493225831
2026-03-03 08:11:20,-0.846646543,-7.257942117,6.533559685
2026-03-03 08:11:30,-0.715231451,-7.287517047,6.529010295
2026-03-03 08:11:40,-0.875731483,-7.324875426,6.449012161
2026-03-03 08:11:50,-0.958377501,-7.368512592,6.391003237
2026-03-03 08:12:00,-1.026322513,-7.374839939,6.417537871
2026-03-03 08:12:10,-0.943914166,-7.563514988,6.224884526
2026-03-03 08:12:20,-0.938726868,-7.469742686,6.305388673
2026-03-03 08:12:30,-0.855560793,-7.547846761,6.223974239
2026-03-03 08:12:40,-0.645074829,-7.573688912,6.170923681
2026-03-03 08:12:50,-0.485835424,-7.440695553,6.377026797
2026-03-03 08:13:00,-0.358202813,-7.393329839,6.490655021
2026-03-03 08:13:10,-0.493279011,-7.368919261,6.472110102
2026-03-03 08:13:20,-0.387144349,-7.344624299,6.435126094
2026-03-03 08:13:30,-0.393616406,-7.362408434,6.499772518
2026-03-03 08:13:40,-0.285315243,-7.357560290,6.500354814
2026-03-03 08:13:50,-0.250919994,-7.480017774,6.360077202
2026-03-03 08:14:00,-0.361574720,-7.444084500,6.423778069
2026-03-03 08:14:10,-0.401516506,-7.392042301,6.397583794
2026-03-03 08:14:20,-0.532359913,-7.453850321,6.425049079
2026-03-03 08:14:30,-0.596959789,-7.412500201,6.404162675
2026-03-03 08:14:40,-0.529020869,-7.411983167,6.427301327
2026-03-03 08:14:50,-0.555149818,-7.535902761,6.260478197
2026-03-03 08:15:00,-0.528480260,-7.604340888,6.182568767
2026-03-03 08:15:10,-0.897222174,-7.509665050,6.241632402
2026-03-03 08:15:20,-0.975784437,-7.725549111,5.921898928
2026-03-03 08:15:30,-1.018356110,-7.714834784,5.989828050
2026-03-03 08:15:40,-1.203447501,-7.531382452,6.134727991
2026-03-03 08:15:50,-1.165024379,-7.797396672,5.868300897
2026-03-03 08:16:00,-1.130632417,-7.968466751,5.560249415
2026-03-03 08:16:10,-0.965007612,-8.017698602,5.576499951
2026-03-03 08:16:20,-1.097373348,-7.861807614,5.715478021
2026-03-03 08:16:30,-1.064852253,-7.899360830,5.765368684
2026-03-03 08:16:40,-0.998660999,-7.910234523,5.703205989
2026-03-03 08:16:50,-0.926288665,-7.956717413,5.633481608
2026-03-03 08:17:00,-0.787418443,-7.930266325,5.702400139
2026-03-03 08:17:10,-0.754262879,-7.885748601,5.780816934
2026-03-03 08:17:20,-0.880347537,-7.889594569,5.773075376
2026-03-03 08:17:30,-1.034179529,-7.901287189,5.711473840
2026-03-03 08:17:40,-1.087317123,-7.891152504,5.699670346
2026-03-03 08:17:50,-1.296374952,-7.933314698,5.611825164
2026-03-03 08:18:00,-1.249950195,-7.874677957,5.757103457
2026-03-03 08:18:10,-1.311695482,-7.927902176,5.620504736
2026-03-03 08:18:20,-1.324531273,-7.643191618,5.985843921
2026-03-03 08:18:30,-1.016915350,-7.726321470,5.994356316
2026-03-03 08:18:40,-0.964459467,-7.729684349,5.930625875
2026-03-03 08:18:50,-1.028101510,-7.721894063,5.993323812
2026-03-03 08:19:00,-1.160951965,-7.705980065,5.942349645
2026-03-03 08:19:10,-1.413988722,-7.748628003,5.844805160
2026-03-03 08:19:20,-1.341326354,-7.784266833,5.774792514
2026-03-03 08:19:30,-1.098117715,-7.794783561,5.840288014
2026-03-03 08:19:40,-0.708985925,-7.928470910,5.705328977
2026-03-03 08:19:50,-0.669506362,-7.925727274,5.782837668
2026-03-03 08:20:00,-0.483519316,-7.971847843,5.660935490
2026-03-03 08:20:10,-0.845179803,-8.077702722,5.489419263
2026-03-03 08:20:20,-0.687193189,-8.116975339,5.440318879
2026-03-03 08:20:30,-0.388745128,-8.222849648,5.376162028
2026-03-03 08:20:40,-0.397641292,-8.209227058,5.279932171
2026-03-03 08:20:50,-0.263719392,-8.229005515,5.323794207
2026-03-03 08:21:00,-0.443894470,-8.107066564,5.499607732
2026-03-03 08:21:10,-0.426535449,-7.935864644,5.727060278
2026-03-03 08:21:20,-0.432468432,-7.992592799,5.693648479
2026-03-03 08:21:30,-0.394165106,-7.957657545,5.700354047
2026-03-03 08:21:40,-0.573766876,-7.924858589,5.671739839
2026-03-03 08:21:50,-0.518975513,-8.042284027,5.611742346
2026-03-03 08:22:00,-0.419362872,-7.968264883,5.717401059
2026-03-03 08:22:10,-0.540066488,-8.048979080,5.616364554
2026-03-03 08:22:20,-0.654549424,-8.039729263,5.630721490
2026-03-03 08:22:30,-0.474837636,-8.077693351,5.531341529
2026-03-03 08:22:40,-0.494959407,-8.083769051,5.525579828
2026-03-03 08:22:50,-0.541056729,-8.154066163,5.428050668
2026-03-03 08:23:00,-0.449963428,-8.227902099,5.316374489
2026-03-03 08:23:10,-0.345125630,-8.192473017,5.389780057
2026-03-03 08:23:20,-0.312882519,-8.081151970,5.550612768
2026-03-03 08:23:30,0.015777455,-8.201989744,5.362499896
2026-03-03 08:23:40,-0.025352242,-8.147729866,5.453818712
2026-03-03 08:23:50,-0.237902988,-8.104237238,5.507016496
2026-03-03 08:24:00,-0.100107265,-8.031412362,5.638663770
2026-03-03 08:24:10,-0.007290500,-8.075840822,5.579426881
2026-03-03 08:24:20,0.039544958,-8.239707118,5.276707523
2026-03-03 08:24:30,0.083059277,-8.200423444,5.362858887
2026-03-03 08:24:40,-0.004876607,-8.147652174,5.434208787
2026-03-03 08:24:50,0.001755443,-8.219882900,5.345348568
2026-03-03 08:25:00,0.175441687,-8.208793527,5.369750579
2026-03-03 08:25:10,-0.085219461,-8.093117209,5.553157924
2026-03-03 08:25:20,-0.304881665,-8.042021194,5.555935385
2026-03-03 08:25:30,-0.300405516,-7.948177183,5.707049590
2026-03-03 08:25:40,-0.155243231,-7.875375645,5.847819365
2026-03-03 08:25:50,-0.131801983,-7.982486283,5.660510152
2026-03-03 08:26:00,-0.112388419,-8.056369468,5.551945507
2026-03-03 08:26:10,-0.169324112,-8.172627935,5.345906953
2026-03-03 08:26:20,-0.079402901,-8.102151009,5.493966049
2026-03-03 08:26:30,-0.012821237,-8.154548278,5.444702682
2026-03-03 08:26:40,0.219388764,-8.247979766,5.307275531
2026-03-03 08:26:50,0.164237571,-8.313732006,5.201550256
2026-03-03 08:27:00,0.183167210,-8.345422125,5.144938426
2026-03-03 08:27:10,0.464087180,-8.301018203,5.162673529
2026-03-03 08:27:20,0.492353550,-8.381391755,5.066994300
2026-03-03 08:27:30,0.350092244,-8.400002828,5.103897730
2026-03-03 08:27:40,0.164728873,-8.386306587,5.057058716
2026-03-03 08:27:50,0.085465400,-8.371718656,5.111536748
2026-03-03 08:28:00,0.005490874,-8.359268505,5.142556484
2026-03-03 08:28:10,-0.005986871,-8.369984040,5.051790097
2026-03-03 08:28:20,-0.136606233,-8.402392478,5.082671279
2026-03-03 08:28:30,-0.287669299,-8.485951589,4.951974572
2026-03-03 08:28:40,0.070587209,-8.472491328,4.956216203
2026-03-03 08:28:50,0.243488745,-8.442556099,5.017063432
2026-03-03 08:29:00,0.536807028,-8.310465875,5.161643735
2026-03-03 08:29:10,0.401049692,-8.340350888,5.151103422
2026-03-03 08:29:20,0.484495265,-8.387497481,5.085328145
2026-03-03 08:29:30,0.309438180,-8.296527160,5.271289040
2026-03-03 08:29:40,0.413271007,-8.326845422,5.228199231
2026-03-03 08:29:50,0.335430319,-8.265250571,5.310433316
2026-03-03 08:30:00,0.491544555,-8.239044752,5.327880825
2026-03-03 08:30:10,0.398266520,-8.333361751,5.111024532
2026-03-03 08:30:20,0.622177323,-8.347132032,5.129635868
2026-03-03 08:30:30,0.699989799,-8.210120025,5.343841699
2026-03-03 08:30:40,1.062183494,-8.248753194,5.188473481
2026-03-03 08:30:50,1.137553490,-8.448692771,4.877847601
2026-03-03 08:31:00,1.455987616,-8.417266994,4.814803416
2026-03-03 08:31:10,1.439769937,-8.433999467,4.861569321
2026-03-03 08:31:20,1.153485062,-8.535269271,4.762151592
2026-03-03 08:31:30,1.057542782,-8.575025187,4.646898737
2026-03-03 08:31:40,1.109476751,-8.530521375,4.721782450
2026-03-03 08:31:50,1.050867149,-8.463343478,4.841306087
2026-03-03 08:32:00,1.021944938,-8.446945144,4.911509554
2026-03-03 08:32:10,0.919278037,-8.567539337,4.766935992
2026-03-03 08:32:20,0.887304902,-8.528541642,4.785018068
2026-03-03 08:32:30,0.967687957,-8.582470621,4.676873371
2026-03-03 08:32:40,1.014947422,-8.519122598,4.679662261
2026-03-03 08:32:50,1.001684715,-8.472041652,4.890870571
2026-03-03 08:33:00,0.996205481,-8.568140621,4.636715076
2026-03-03 08:33:10,0.838017088,-8.594943297,4.683635208
2026-03-03 08:33:20,0.641047183,-8.651551159,4.650778835
2026-03-03 08:33:30,0.628763551,-8.709433803,4.510578997
2026-03-03 08:33:40,0.612997035,-8.538963312,4.692164862
2026-03-03 08:33:50,0.356192021,-8.581203099,4.715307136
2026-03-03 08:34:00,0.481783572,-8.584306457,4.697418306
2026-03-03 08:34:10,0.353453890,-8.564002291,4.820229928
2026-03-03 08:34:20,0.495113770,-8.509082269,4.811299628
2026-03-03 08:34:30,0.416025351,-8.334900904,5.187007047
2026-03-03 08:34:40,0.395973317,-8.188136473,5.390241014
2026-03-03 08:34:50,0.362621863,-8.245373581,5.263559851
2026-03-03 08:35:00,0.399395738,-8.374780592,5.094344603
2026-03-03 08:35:10,0.441397923,-8.439998596,4.985357870
2026-03-03 08:35:20,0.304576747,-8.558229926,4.769233239
2026-03-03 08:35:30,0.490177275,-8.611848384,4.650468382
2026-03-03 08:35:40,0.487070250,-8.605869621,4.636152087
2026-03-03 08:35:50,0.581773058,-8.561729623,4.717689675
2026-03-03 08:36:00,0.752605977,-8.657261468,4.630417732
2026-03-03 08:36:10,0.913159791,-8.609281601,4.657878480
2026-03-03 08:36:20,0.986071559,-8.570063244,4.594137954
2026-03-03 08:36:30,0.931189000,-8.663458446,4.513571299
2026-03-03 08:36:40,0.999676978,-8.588210747,4.623379957
2026-03-03 08:36:50,1.111443115,-8.433777166,4.748182372
2026-03-03 08:37:00,0.895762499,-8.552588140,4.771565742
2026-03-03 08:37:10,0.745102897,-8.375373943,5.111486105
2026-03-03 08:37:20,0.805682196,-8.260930079,5.161258325
2026-03-03 08:37:30,0.771991882,-8.224739735,5.287639570
2026-03-03 08:37:40,0.941190572,-8.353582868,5.052486899
2026-03-03 08:37:50,0.897260324,-8.315211818,5.042698920
2026-03-03 08:38:00,0.996726357,-8.332781911,5.077929687
2026-03-03 08:38:10,0.811652502,-8.412746501,4.949385569
2026-03-03 08:38:20,0.678478150,-8.316821580,5.155019974
2026-03-03 08:38:30,0.867787894,-8.329038016,5.076315368
2026-03-03 08:38:40,0.878239997,-8.463206787,4.849835374
2026-03-03 08:38:50,0.661117409,-8.228155584,5.286264802
2026-03-03 08:39:00,0.749074859,-8.088750929,5.487783977
2026-03-03 08:39:10,0.780856459,-8.004306756,5.579046906
2026-03-03 08:39:20,0.853975879,-7.811052619,5.845119209
2026-03-03 08:39:30,0.916058636,-7.697867592,6.030749883
2026-03-03 08:39:40,0.985201363,-7.706562050,5.993741919
2026-03-03 08:39:50,1.056511964,-7.519608343,6.186897059
2026-03-03 08:40:00,1.043673650,-7.558998072,6.165494497
2026-03-03 08:40:10,1.102926410,-7.614119209,6.118063959
2026-03-03 08:40:20,1.369192110,-7.741080820,5.877677009
2026-03-03 08:40:30,1.464785583,-7.814438470,5.740119780
2026-03-03 08:40:40,1.339657770,-7.899311111,5.731007026
2026-03-03 08:40:50,1.406210350,-8.019396605,5.377164234
2026-03-03 08:41:00,1.438910374,-8.177208359,5.241156154
2026-03-03 08:41:10,1.392324348,-8.069206063,5.408612692
2026-03-03 08:41:20,1.176178254,-8.089819161,5.474546331
2026-03-03 08:41:30,1.232916532,-7.802879254,5.808484204
2026-03-03 08:41:40,1.358917090,-7.882657192,5.675753294
2026-03-03 08:41:50,1.574340488,-8.023764534,5.479910394
2026-03-03 08:42:00,1.655363369,-8.138210384,5.205784295
2026-03-03 08:42:10,1.634909849,-8.151236368,5.238396383
2026-03-03 08:42:20,1.619614906,-8.082026098,5.263674871
2026-03-03 08:42:30,1.785149060,-8.293747365,4.983191046
2026-03-03 08:42:40,1.881852341,-8.225449471,4.972223387
2026-03-03 08:42:50,1.973405183,-8.299523488,4.883138904
2026-03-03 08:43:00,2.074048319,-8.241151664,4.932305940
2026-03-03 08:43:10,2.324146266,-8.199701074,4.863859075
2026-03-03 08:43:20,2.227787999,-8.318686483,4.723593350
2026-03-03 08:43:30,2.198283361,-8.455564839,4.416306345
2026-03-03 08:43:40,2.142350344,-8.454373021,4.521387829
2026-03-03 08:43:50,1.980222278,-8.339768745,4.711378433
2026-03-03 08:44:00,1.963490123,-8.279093552,4.841757682
2026-03-03 08:44:10,2.142696865,-8.200360116,4.939817607
2026-03-03 08:44:20,2.011610681,-8.229877640,4.903564180
2026-03-03 08:44:30,2.026010913,-8.310977678,4.810241873
2026-03-03 08:44:40,2.219365665,-8.124843970,4.999369522
2026-03-03 08:44:50,2.452719421,-7.959996373,5.142343827
2026-03-03 08:45:00,2.450098481,-8.022533738,5.102487863
2026-03-03 08:45:10,2.413737895,-8.262570814,4.754845979
2026-03-03 08:45:20,2.625678112,-8.033677513,4.904087044
2026-03-03 08:45:30,2.590598903,-8.173881346,4.772872276
2026-03-03 08:45:40,2.409100707,-8.181047227,4.859497534
2026-03-03 08:45:50,2.416266708,-8.168757837,4.825122361
2026-03-03 08:46:00,2.421445933,-8.255485985,4.686607699
2026-03-03 08:46:10,2.527195815,-8.202112489,4.721507865
2026-03-03 08:46:20,2.492683074,-8.182683698,4.764942679
2026-03-03 08:46:30,2.250967433,-8.336710092,4.700098941
2026-03-03 08:46:40,2.259614497,-8.285372987,4.639277928
2026-03-03 08:46:50,2.201940514,-8.450881560,4.509768134
2026-03-03 08:47:00,2.079626882,-8.444379759,4.529114761
2026-03-03 08:47:10,2.111351634,-8.467948586,4.484884771
2026-03-03 08:47:20,2.326921857,-8.626889014,4.059848077
2026-03-03 08:47:30,2.509261465,-8.608444146,3.977024465
2026-03-03 08:47:40,2.479977717,-8.537037601,4.116625317
2026-03-03 08:47:50,2.334748651,-8.559357433,4.220729041
2026-03-03 08:48:00,2.491398056,-8.511384254,4.197218181
2026-03-03 08:48:10,2.563327013,-8.450503835,4.309839662
2026-03-03 08:48:20,2.439133397,-8.521770781,4.272571185
2026-03-03 08:48:30,2.328238222,-8.566997168,4.187791568
2026-03-03 08:48:40,2.419618148,-8.535308186,4.191096031
2026-03-03 08:48:50,2.315965802,-8.427593954,4.425525935
2026-03-03 08:49:00,2.376000608,-8.474823748,4.354310034
2026-03-03 08:49:10,2.233551209,-8.600981619,4.189848405
2026-03-03 08:49:20,2.452082567,-8.534933844,4.131307990
2026-03-03 08:49:30,2.217519928,-8.647611346,3.998353835
2026-03-03 08:49:40,2.521181995,-8.713300521,3.727709914
2026-03-03 08:49:50,2.616763389,-8.712929436,3.611610611
2026-03-03 08:50:00,2.712308672,-8.794151137,3.385447466
2026-03-03 08:50:10,2.816667725,-8.789175783,3.346867621
2026-03-03 08:50:20,2.861687552,-8.803123253,3.371648336
2026-03-03 08:50:30,2.650624353,-8.826119971,3.338540020
2026-03-03 08:50:40,2.497734822,-8.945514600,3.118706273
2026-03-03 08:50:50,2.648446997,-8.936526827,3.043738625
2026-03-03 08:51:00,2.906385293,-8.940280043,2.824745009
2026-03-03 08:51:10,2.701396013,-9.029068730,2.709747470
2026-03-03 08:51:20,2.731450834,-8.905630682,2.996342900
2026-03-03 08:51:30,2.911285788,-8.926391421,2.917202247
2026-03-03 08:51:40,2.776277352,-8.953250424,2.818232318
2026-03-03 08:51:50,2.712231866,-8.967239446,2.905273768
2026-03-03 08:52:00,2.992208844,-8.936699258,2.815897420
2026-03-03 08:52:10,2.871234781,-9.055779015,2.434981969
2026-03-03 08:52:20,2.828245259,-9.034926829,2.608171956
2026-03-03 08:52:30,2.778226618,-9.052010239,2.557785676
2026-03-03 08:52:40,2.869488365,-9.066557733,2.492702709
2026-03-03 08:52:50,2.809539175,-8.984221349,2.675752171
2026-03-03 08:53:00,2.455926887,-9.179224917,2.485059271
2026-03-03 08:53:10,2.555089155,-9.080137075,2.589140700
2026-03-03 08:53:20,2.449005398,-9.225957814,2.411325712
2026-03-03 08:53:30,2.545416715,-9.179727957,2.392498893
2026-03-03 08:53:40,2.496634204,-9.035882077,2.810738152
2026-03-03 08:53:50,2.559373640,-8.949768550,3.066514348
2026-03-03 08:54:00,2.594645190,-8.906890307,3.184640576
2026-03-03 08:54:10,2.532152809,-8.846538742,3.338412860
2026-03-03 08:54:20,2.882031393,-8.805026646,3.245809998
2026-03-03 08:54:30,3.128603395,-8.559645502,3.680940913
2026-03-03 08:54:40,2.941769459,-8.584660058,3.744410521
2026-03-03 08:54:50,2.983722930,-8.632691012,3.578175282
2026-03-03 08:55:00,3.471098868,-8.470816255,3.599232129
2026-03-03 08:55:10,3.425149388,-8.370063643,3.781475060
2026-03-03 08:55:20,3.016355244,-8.431046143,4.024659194
2026-03-03 08:55:30,2.900741411,-8.594718833,3.787051852
2026-03-03 08:55:40,2.862579737,-8.638988016,3.772835010
2026-03-03 08:55:50,2.987157948,-8.495922117,3.885326013
2026-03-03 08:56:00,3.072391358,-8.548805600,3.679055953
2026-03-03 08:56:10,2.983041819,-8.422962653,4.051519279
2026-03-03 08:56:20,3.099835278,-8.266071238,4.243020884
2026-03-03 08:56:30,2.850260533,-8.368047406,4.229435000
2026-03-03 08:56:40,2.705382961,-8.294275176,4.466155878
2026-03-03 08:56:50,2.417752049,-8.455480562,4.342286693
2026-03-03 08:57:00,2.447094862,-8.619941361,4.015149802
2026-03-03 08:57:10,2.346740924,-8.550039378,4.185196999
2026-03-03 08:57:20,2.581133779,-8.574221822,3.853341289
2026-03-03 08:57:30,2.975811737,-8.584372027,3.685124363
2026-03-03 08:57:40,2.957315530,-8.681444147,3.558698479
2026-03-03 08:57:50,2.958026382,-8.577672727,3.797279978
2026-03-03 08:58:00,3.334872031,-8.628397070,3.300211464
2026-03-03 08:58:10,3.795430616,-8.490549285,3.121480667
2026-03-03 08:58:20,3.782460642,-8.442641768,3.261347185
2026-03-03 08:58:30,3.667377395,-8.443286997,3.378835444
2026-03-03 08:58:40,3.591575720,-8.403046045,3.463108410
2026-03-03 08:58:50,3.426359563,-8.515947522,3.383297434
2026-03-03 08:59:00,3.352142861,-8.553902080,3.361865072
2026-03-03 08:59:10,3.290011604,-8.558976920,3.491068214
2026-03-03 08:59:20,3.464470788,-8.387864922,3.623721152
2026-03-03 08:59:30,3.310787456,-8.445182450,3.721930736
2026-03-03 08:59:40,3.267104906,-8.471984103,3.688424596
2026-03-03 08:59:50,3.544620740,-8.368670587,3.774216121
2026-03-03 09:00:00,3.467107899,-8.216289438,4.137365404
2026-03-03 09:00:10,3.387392599,-8.274614612,3.963204493
2026-03-03 09:00:20,3.678460599,-8.172247568,4.025492929
2026-03-03 09:00:30,3.952018177,-8.016711882,4.006984395
2026-03-03 09:00:40,3.710909136,-8.280627811,3.740588638
2026-03-03 09:00:50,3.729924813,-8.248595493,3.721658086
2026-03-03 09:01:00,3.356122933,-8.429730171,3.753368516
2026-03-03 09:01:10,3.521216796,-8.255994463,3.905997550
2026-03-03 09:01:20,3.794372570,-8.139109136,3.926349221
2026-03-03 09:01:30,3.618404443,-8.329086284,3.717828909
2026-03-03 09:01:40,3.569441486,-8.354169774,3.696381055
2026-03-03 09:01:50,3.595348637,-8.380383948,3.673066807
2026-03-03 09:02:00,3.818297375,-8.251567632,3.628603661
2026-03-03 09:02:10,3.731518649,-8.284491041,3.695458128
2026-03-03 09:02:20,3.494386610,-8.387309660,3.691636756
2026-03-03 09:02:30,3.855782979,-8.168229956,3.809074500
2026-03-03 09:02:40,4.004526919,-8.004605459,3.991088127
2026-03-03 09:02:50,4.164781547,-8.141644558,3.565047972
2026-03-03 09:03:00,4.148345243,-8.080784032,3.657628612
2026-03-03 09:03:10,4.405977424,-7.875663952,3.819263372
2026-03-03 09:03:20,4.245149013,-8.104699336,3.570789896
2026-03-03 09:03:30,4.219732073,-8.115571793,3.555601692
2026-03-03 09:03:40,4.037069649,-8.310752125,3.267305352
2026-03-03 09:03:50,4.006412599,-8.323928961,3.299380334
2026-03-03 09:04:00,4.186875756,-8.226538678,3.329590022
2026-03-03 09:04:10,4.237886077,-8.280479368,3.186689280
2026-03-03 09:04:20,4.339194353,-8.356860177,2.766679523
2026-03-03 09:04:30,4.451942337,-8.251501972,2.843806611
2026-03-03 09:04:40,4.368072393,-8.250560652,2.978861371
2026-03-03 09:04:50,4.257092213,-8.336899035,2.963894695
2026-03-03 09:05:00,4.257439691,-8.280541810,3.094808657
2026-03-03 09:05:10,4.474826794,-8.176588772,3.275382120
2026-03-03 09:05:20,4.433308238,-8.136704452,3.155502040
2026-03-03 09:05:30,4.257784304,-8.149783300,3.453688005
2026-03-03 09:05:40,3.973776571,-8.276418796,3.354735226
2026-03-03 09:05:50,4.339275797,-8.261085743,3.051378114
2026-03-03 09:06:00,4.592523006,-8.061540337,3.244599466
2026-03-03 09:06:10,4.305766982,-8.213375580,3.262961407
2026-03-03 09:06:20,4.033607444,-8.313179565,3.262723470
2026-03-03 09:06:30,4.251862329,-8.239391892,3.179264122
2026-03-03 09:06:40,4.082782888,-8.228460001,3.298604960
2026-03-03 09:06:50,4.123436475,-8.204288251,3.382484797
2026-03-03 09:07:00,4.023213187,-8.205856912,3.585742428
2026-03-03 09:07:10,4.018147984,-8.144159225,3.694451107
2026-03-03 09:07:20,4.040131845,-8.170316717,3.610609220
2026-03-03 09:07:30,4.020064474,-8.151814981,3.701215191
2026-03-03 09:07:40,3.955073550,-8.181444348,3.768973136
2026-03-03 09:07:50,4.111974033,-7.920313170,4.095699253
2026-03-03 09:08:00,3.845093458,-8.116311019,3.969238556
2026-03-03 09:08:10,3.883591577,-8.144412461,3.825125029
2026-03-03 09:08:20,3.923661808,-8.079577368,3.997795594
2026-03-03 09:08:30,4.041460691,-7.947773604,4.099748501
2026-03-03 09:08:40,4.203314790,-7.885987738,4.067122884
2026-03-03 09:08:50,4.137402491,-7.912346582,4.045740064
2026-03-03 09:09:00,3.769845668,-8.011562611,4.227048753
2026-03-03 09:09:10,3.493301123,-8.133247799,4.294813514
2026-03-03 09:09:20,3.435979218,-8.108088772,4.270129519
2026-03-03 09:09:30,3.472638529,-8.110366655,4.305679565
2026-03-03 09:09:40,3.444272419,-8.213556347,4.102906038
2026-03-03 09:09:50,3.050249764,-8.202915125,4.408373622
2026-03-03 09:10:00,3.128918244,-8.164674044,4.472648694
2026-03-03 09:10:10,3.122723796,-8.251611548,4.325408221
2026-03-03 09:10:20,3.268325264,-8.160609199,4.352310926
2026-03-03 09:10:30,3.356907768,-8.243022497,4.089652553
2026-03-03 09:10:40,3.562003608,-8.130666672,4.188910888
2026-03-03 09:10:50,3.649145691,-8.140257830,4.148674662
2026-03-03 09:11:00,3.893865535,-7.996171681,4.129230184
2026-03-03 09:11:10,3.661852590,-7.985625887,4.320383403
2026-03-03 09:11:20,3.685594054,-7.977334439,4.428635379
2026-03-03 09:11:30,3.476173596,-8.043904176,4.412195369
2026-03-03 09:11:40,3.508577657,-8.047831815,4.403457917
2026-03-03 09:11:50,3.398037041,-7.992880962,4.479299682
2026-03-03 09:12:00,3.118261069,-8.102830222,4.570532599
2026-03-03 09:12:10,2.883017692,-8.265366532,4.466647108
2026-03-03 09:12:20,3.102246809,-8.337512689,4.107472287
2026-03-03 09:12:30,3.153313990,-8.350920572,4.046818235
2026-03-03 09:12:40,3.247126776,-8.208441483,4.200842329
2026-03-03 09:12:50,2.984996769,-8.200077508,4.398927975
2026-03-03 09:13:00,2.874454706,-8.299179189,4.336737342
2026-03-03 09:13:10,3.118080586,-8.304983416,4.149298203
2026-03-03 09:13:20,3.042507523,-8.345059719,4.189523905
2026-03-03 09:13:30,2.760181739,-8.409601112,4.272213319
2026-03-03 09:13:40,2.822789856,-8.595651699,3.849627729
2026-03-03 09:13:50,2.594634445,-8.722813187,3.661787276
2026-03-03 09:14:00,2.463942660,-8.788790843,3.687957720
2026-03-03 09:14:10,2.509918568,-8.652076363,3.752773748
2026-03-03 09:14:20,2.194671725,-8.738950217,3.883331701
2026-03-03 09:14:30,2.158199060,-8.823897982,3.702573710
2026-03-03 09:14:40,2.422518086,-8.814345771,3.457318538
2026-03-03 09:14:50,2.537802144,-8.732099326,3.616262875
2026-03-03 09:15:00,2.427229255,-8.760621961,3.821326005
2026-03-03 09:15:10,2.637691440,-8.617438474,3.863454951
2026-03-03 09:15:20,2.663435884,-8.568808000,3.986437400
2026-03-03 09:15:30,2.225915138,-8.651490764,4.061448524
2026-03-03 09:15:40,2.320808719,-8.645095424,3.962528175
2026-03-03 09:15:50,2.139254314,-8.677918916,4.087454764
2026-03-03 09:16:00,2.205020878,-8.657629417,4.107083906
2026-03-03 09:16:10,2.223077528,-8.580198465,4.250852133
2026-03-03 09:16:20,2.223180944,-8.543194070,4.331722114
2026-03-03 09:16:30,2.444935263,-8.342037832,4.497262419
2026-03-03 09:16:40,2.587794920,-8.361685680,4.475303762
2026-03-03 09:16:50,2.210957932,-8.189980574,4.861589104
2026-03-03 09:17:00,2.302778457,-8.091277424,5.053540256
2026-03-03 09:17:10,2.189961915,-8.153512548,5.019959653
2026-03-03 09:17:20,2.176616830,-8.029502226,5.204021985
2026-03-03 09:17:30,2.334613941,-8.125772845,5.003070284
2026-03-03 09:17:40,2.668220508,-8.094569028,4.877100964
2026-03-03 09:17:50,2.811238664,-8.039554280,4.843330858
2026-03-03 09:18:00,3.104811595,-7.906704462,4.871174488
2026-03-03 09:18:10,3.146448947,-7.817952821,5.026550107
2026-03-03 09:18:20,3.067126256,-7.841819438,5.069431633
2026-03-03 09:18:30,3.163705241,-7.633181647,5.298291686
2026-03-03 09:18:40,2.993491153,-7.801435196,5.149871157
2026-03-03 09:18:50,2.914626779,-7.989979391,4.915895053
2026-03-03 09:19:00,3.150807289,-7.941695446,4.833547794
2026-03-03 09:19:10,3.121314795,-7.909781549,4.849004754
2026-03-03 09:19:20,2.917317321,-7.841069084,5.122717375
2026-03-03 09:19:30,2.970229436,-7.903104462,5.023921637
2026-03-03 09:19:40,2.986453679,-7.971111409,4.941838863
2026-03-03 09:19:50,2.746762547,-7.932750809,5.069741803
2026-03-03 09:20:00,2.798613475,-7.944739226,5.085577493
2026-03-03 09:20:10,2.964336459,-7.954928071,4.887187975
2026-03-03 09:20:20,2.937834129,-7.931619236,4.985413110
2026-03-03 09:20:30,3.003087184,-7.946008356,4.919413248
2026-03-03 09:20:40,2.619894057,-7.854754849,5.253415784
2026-03-03 09:20:50,2.405296985,-7.919358657,5.276136099
2026-03-03 09:21:00,2.524823044,-7.751144880,5.458251551
2026-03-03 09:21:10,2.600471601,-7.785721633,5.386313366
2026-03-03 09:21:20,3.028557997,-7.539996640,5.506750812
2026-03-03 09:21:30,2.906691681,-7.494748455,5.589004245
2026-03-03 09:21:40,2.730718482,-7.538522972,5.601885640
2026-03-03 09:21:50,2.872104960,-7.643602512,5.479268230
2026-03-03 09:22:00,2.852219794,-7.584835084,5.470098418
2026-03-03 09:22:10,2.775887519,-7.685180073,5.446010839
2026-03-03 09:22:20,2.613049473,-7.680081374,5.496539199
2026-03-03 09:22:30,2.540437976,-7.713891579,5.449650280
2026-03-03 09:22:40,2.461572149,-7.651593092,5.613562686
2026-03-03 09:22:50,2.447830026,-7.478547796,5.897880452
2026-03-03 09:23:00,2.134594310,-7.460080937,5.972224863
2026-03-03 09:23:10,2.077678385,-7.480071277,6.006141049
2026-03-03 09:23:20,1.852513981,-7.538711031,5.947771075
2026-03-03 09:23:30,1.821089040,-7.463462312,6.082000428
2026-03-03 09:23:40,1.650403972,-7.429754957,6.221371951
2026-03-03 09:23:50,1.710233843,-7.444730699,6.180437991
2026-03-03 09:24:00,1.951013641,-7.400106180,6.127016273
2026-03-03 09:24:10,1.908717942,-7.604957577,5.959841083
2026-03-03 09:24:20,1.898385527,-7.465998588,6.088838884
2026-03-03 09:24:30,1.825295476,-7.457798035,6.080062889
2026-03-03 09:24:40,1.830791384,-7.554383011,6.006717411
2026-03-03 09:24:50,1.784851612,-7.638575347,5.906323130
2026-03-03 09:25:00,1.490077180,-7.703896779,5.856310466
2026-03-03 09:25:10,1.512684457,-7.701786913,5.857135059
2026-03-03 09:25:20,1.202684098,-7.717449227,5.942079973
2026-03-03 09:25:30,0.925532585,-7.817477561,5.892549387
2026-03-03 09:25:40,0.883875924,-7.865479697,5.788598514
2026-03-03 09:25:50,0.678740311,-7.943250772,5.751424381
2026-03-03 09:26:00,0.778826006,-7.763963578,5.994819882
2026-03-03 09:26:10,0.975579935,-7.751313027,5.949677657
2026-03-03 09:26:20,1.123456172,-7.733599830,5.962799351
2026-03-03 09:26:30,1.150964440,-7.613768978,6.126224271
2026-03-03 09:26:40,1.068949234,-7.742744720,5.941819780
2026-03-03 09:26:50,1.133819742,-7.649517745,6.012894014
2026-03-03 09:27:00,1.355903353,-7.595884887,6.039632599
2026-03-03 09:27:10,1.376354003,-7.664693228,5.943946930
2026-03-03 09:27:20,1.396033511,-7.571516755,6.096443499
2026-03-03 09:27:30,1.446531023,-7.709256614,5.953561231
2026-03-03 09:27:40,1.442109444,-7.750885832,5.765669106
2026-03-03 09:27:50,1.641590513,-7.827826439,5.696776745
2026-03-03 09:28:00,1.851438117,-7.822082493,5.587902870
2026-03-03 09:28:10,1.924293982,-7.809773425,5.675706858
2026-03-03 09:28:20,2.069413871,-7.530743587,5.884189778
2026-03-03 09:28:30,2.063707380,-7.554511773,5.960184537
2026-03-03 09:28:40,2.267047533,-7.619471501,5.782060101
2026-03-03 09:28:50,2.311423719,-7.588981179,5.819820940
2026-03-03 09:29:00,2.199317945,-7.539351402,5.892869493
2026-03-03 09:29:10,2.031791680,-7.619195870,5.840016436
2026-03-03 09:29:20,2.011379375,-7.711414440,5.721300502
2026-03-03 09:29:30,2.007840924,-7.691198873,5.769309439
2026-03-03 09:29:40,1.786847784,-7.759119671,5.767656236
2026-03-03 09:29:50,1.829497739,-7.882946443,5.590322898
2026-03-03 09:30:00,1.642191106,-7.855463562,5.674503064
2026-03-03 09:30:10,1.900333737,-7.853977169,5.624282640
2026-03-03 09:30:20,1.909595298,-7.757093850,5.696097132
2026-03-03 09:30:30,2.054195972,-7.714316669,5.694321663
2026-03-03 09:30:40,2.079550320,-7.649973756,5.812785943
2026-03-03 09:30:50,1.943531066,-7.644178491,5.818697093
2026-03-03 09:31:00,1.940046964,-7.708904860,5.836291091
2026-03-03 09:31:10,1.884453412,-7.611243760,5.907673201
2026-03-03 09:31:20,1.831252805,-7.721490364,5.726940810
2026-03-03 09:31:30,1.705485914,-7.796298807,5.663030402
2026-03-03 09:31:40,1.761967277,-7.830550780,5.653303715
2026-03-03 09:31:50,1.577274198,-7.952675604,5.596155397
2026-03-03 09:32:00,1.724233853,-7.824533237,5.706094405
2026-03-03 09:32:10,1.795562868,-7.907579792,5.493688979
2026-03-03 09:32:20,1.840518988,-7.938572428,5.467200817
2026-03-03 09:32:30,1.623415936,-7.956668165,5.440711959
2026-03-03 09:32:40,1.579313404,-7.896462495,5.611797681
2026-03-03 09:32:50,1.649250816,-7.975127316,5.478407817
2026-03-03 09:33:00,-7.018390981,6.109648991,-2.934537012
2026-03-03 09:33:10,-9.090911986,3.155432410,-2.474847378
2026-03-03 09:33:20,-8.431434728,5.282653420,1.161359768
2026-03-03 09:33:30,-9.332489133,3.395249057,-1.372968013
2026-03-03 09:33:40,-9.045564026,0.217831985,-3.299942958
2026-03-03 09:33:50,-8.787828334,-0.444033136,-4.239082028
2026-03-03 09:34:00,-9.508055738,-1.413376932,-1.162855694
2026-03-03 09:34:10,-8.943155053,-3.561068605,-1.653205332
2026-03-03 09:34:20,-9.108204860,1.103689351,-3.223756179
2026-03-03 09:34:30,-8.710996406,-2.263263362,-4.233563514
2026-03-03 09:34:40,-7.615612230,-4.632539136,-4.321781555
2026-03-03 09:34:50,0.000100353,-8.730030416,4.842556875
2026-03-03 09:35:00,8.982642686,3.009725581,3.042045863
2026-03-03 09:35:10,8.333785720,5.082337250,-0.196249092
2026-03-03 09:35:20,6.913064460,5.791615270,4.494367087
2026-03-03 09:35:30,9.027849282,2.427941741,3.153115593
2026-03-03 09:35:40,6.649471895,6.351493299,3.259293804
2026-03-03 09:35:50,5.595837680,7.724477883,-1.098492889
2026-03-03 09:36:00,9.353262725,2.770358519,0.765220645
2026-03-03 09:36:10,5.192464617,-1.673871935,8.457961822
2026-03-03 09:36:20,5.997517041,-4.679619668,6.145502169
2026-03-03 09:36:30,5.993073671,-4.924746359,5.801773239
2026-03-03 09:36:40,6.933082746,-5.809554777,3.970107740
2026-03-03 09:36:50,4.523158453,-6.816420381,6.042123285
2026-03-03 09:37:00,1.556484085,-7.211685931,6.446900433
2026-03-03 09:37:10,0.348795884,-7.123758026,6.804423352
2026-03-03 09:37:20,-2.267889859,-7.672796955,5.775086368
2026-03-03 09:37:30,-3.864098466,-7.083195991,5.611442389
2026-03-03 09:37:40,-3.402301685,-8.795657449,2.994013198
2026-03-03 09:37:50,-5.262277028,-7.784015846,2.552234470
2026-03-03 09:38:00,-7.609764916,-5.919682006,2.273101229
2026-03-03 09:38:10,-8.667079134,-4.108423067,0.549068725
2026-03-03 09:38:20,-7.121653786,-4.628641497,4.928279690
2026-03-03 09:38:30,-8.035753802,-1.731070550,5.429069163
2026-03-03 09:38:40,-4.665758176,-2.708234542,8.098983625
2026-03-03 09:38:50,-4.388538432,-0.509198800,8.714906932
2026-03-03 09:39:00,0.597795856,2.689576863,9.549894044
2026-03-03 09:39:10,0.845456137,3.789908144,9.101583146
2026-03-03 09:39:20,-3.138998653,3.212221625,8.998790894
2026-03-03 09:39:30,1.008776449,-0.628191491,9.672408927
2026-03-03 09:39:40,1.549885552,1.269315339,9.703198903
2026-03-03 09:39:50,-1.187231881,2.682446881,9.270109789
2026-03-03 09:40:00,-3.369074387,-1.014143177,9.249892092
2026-03-03 09:40:10,-3.840604646,-0.729810424,8.732437074
2026-03-03 09:40:20,-5.838450314,0.074600785,7.838942750
2026-03-03 09:40:30,-3.851127727,4.241980328,7.722046709
2026-03-03 09:40:40,0.166514300,7.716414793,5.480209527
2026-03-03 09:40:50,2.585455857,6.984836558,6.654501913
2026-03-03 09:41:00,0.472725709,7.703774723,5.817236444
2026-03-03 09:41:10,-1.056641084,8.600742947,4.447446898
2026-03-03 09:41:20,-0.007398481,8.542239816,4.750740095
2026-03-03 09:41:30,-0.589291462,9.671388432,0.331229174
2026-03-03 09:41:40,-1.567579052,9.548076495,1.718792911
2026-03-03 09:41:50,3.095570506,9.303698365,1.409727530
2026-03-03 09:42:00,2.949323565,9.157790368,-1.018978488
2026-03-03 09:42:10,1.291953737,9.772722232,-1.473494617
2026-03-03 09:42:20,-1.899316598,8.816848227,-4.344799036
2026-03-03 09:42:30,-1.069298572,8.416712097,-4.871209518
2026-03-03 09:42:40,-0.458950216,8.973698492,-4.359440828
2026-03-03 09:42:50,-1.586056683,8.566782336,-4.612670305
2026-03-03 09:43:00,-1.439205851,8.598987992,-4.455817360
2026-03-03 09:43:10,-2.141236897,8.553779710,-3.916279066
2026-03-03 09:43:20,-1.900828157,7.586781118,-5.387021033
2026-03-03 09:43:30,-2.491193000,8.939645808,-2.856515119
2026-03-03 09:43:40,-1.698017961,9.692837751,-2.009341409
2026-03-03 09:43:50,-2.008085523,9.414065283,-0.095375752
2026-03-03 09:44:00,-0.769688291,10.061822513,0.038447934
2026-03-03 09:44:10,-1.909824484,9.465255943,0.586433151
2026-03-03 09:44:20,-1.980323381,9.418364007,1.667849297
2026-03-03 09:44:30,-0.578964632,9.565596582,2.415645922
2026-03-03 09:44:40,1.304786185,9.615008656,1.117468765
2026-03-03 09:44:50,1.511199502,9.494300629,1.440912762
2026-03-03 09:45:00,0.826154212,9.882782624,-0.134062699
2026-03-03 09:45:10,0.830372184,9.567343707,-2.217801580
2026-03-03 09:45:20,-1.002529985,9.708949269,-0.936923505
2026-03-03 09:45:30,-1.054839383,9.513172111,-0.629951179
2026-03-03 09:45:40,-1.628315734,9.595175436,-0.053132463
2026-03-03 09:45:50,-0.281401990,9.820633281,-0.192476919
2026-03-03 09:46:00,-2.801751722,9.245578140,-1.644365947
2026-03-03 09:46:10,-5.373028288,7.970797351,1.780743215
2026-03-03 09:46:20,-6.098443764,7.813519360,-1.209144129
2026-03-03 09:46:30,-5.841984245,8.187189655,0.368349539
2026-03-03 09:46:40,-8.438316377,4.085039388,-2.761645019
2026-03-03 09:46:50,-7.087642393,1.042945844,-6.993551696
2026-03-03 09:47:00,-4.857517294,2.396172893,-8.182509715
2026-03-03 09:47:10,-8.675581345,0.639829580,3.929762431
2026-03-03 09:47:20,-9.266067956,3.241591396,-0.547774857
2026-03-03 09:47:30,-8.202551627,5.531756007,-0.276986373
2026-03-03 09:47:40,-6.241005809,4.222635466,6.093193137
2026-03-03 09:47:50,-2.830857283,-1.047513142,9.455735059
2026-03-03 09:48:00,0.039810778,2.037172619,9.578089641
2026-03-03 09:48:10,-1.811858968,1.004457111,9.680452314
2026-03-03 09:48:20,-0.204090727,0.729878253,9.837965650
2026-03-03 09:48:30,-8.697494334,-0.852115704,4.209466658
2026-03-03 09:48:40,-4.714951022,7.826867524,3.799229829
2026-03-03 09:48:50,-8.643494768,4.663545666,0.543734399
2026-03-03 09:49:00,-7.342401572,4.007035000,-4.853579191
2026-03-03 09:49:10,-3.625474664,7.225483547,-5.525043624
2026-03-03 09:49:20,-2.337394377,9.055630977,-2.191528639
2026-03-03 09:49:30,1.391955222,8.840327839,3.062544626
2026-03-03 09:49:40,0.851501428,9.092545477,3.780512972
2026-03-03 09:49:50,0.624410582,7.843998858,-5.402100563
2026-03-03 09:50:00,2.092752710,7.796065249,-5.655743109
2026-03-03 09:50:10,0.548983848,8.694854107,-4.233398061
2026-03-03 09:50:20,-0.197702874,8.782181155,-4.248656784
2026-03-03 09:50:30,-0.060319196,8.373952662,-5.061254434
2026-03-03 09:50:40,-3.492313367,9.229764302,-0.663261539
2026-03-03 09:50:50,-0.528422530,9.328442181,-2.879074036
2026-03-03 09:51:00,-3.508831647,8.827845909,2.659359078
2026-03-03 09:51:10,-3.596586238,8.158631636,3.508712013
2026-03-03 09:51:20,-3.087904237,7.985819055,4.570425971
2026-03-03 09:51:30,-3.061145213,7.332854944,6.085179001
2026-03-03 09:51:40,-2.311009330,8.679211981,3.622319883
2026-03-03 09:51:50,-2.739976021,7.924480115,4.761553314
2026-03-03 09:52:00,-2.801206292,8.426762641,4.351841330
2026-03-03 09:52:10,-0.956705992,8.080717204,5.521552891
2026-03-03 09:52:20,0.773244102,8.849559090,3.825570324
2026-03-03 09:52:30,-0.371742035,8.020549008,5.485252508
2026-03-03 09:52:40,0.292624759,8.891056763,3.076731767
2026-03-03 09:52:50,1.564628764,9.170956041,3.793122876
2026-03-03 09:53:00,1.550611392,8.065627216,4.739030525
2026-03-03 09:53:10,-0.385167961,8.367519209,5.510349126
2026-03-03 09:53:20,-2.159073519,7.254366766,6.402106122
2026-03-03 09:53:30,-3.552647885,6.252950292,6.796662812
2026-03-03 09:53:40,-5.044164892,6.560739838,5.091382392
2026-03-03 09:53:50,-3.331112560,8.790556176,2.481597280
2026-03-03 09:54:00,-1.707167782,9.272809421,-1.558765051
2026-03-03 09:54:10,-1.835939760,8.774339271,-3.684763724
2026-03-03 09:54:20,-2.530066964,9.511590928,-1.803219837
2026-03-03 09:54:30,-1.952221811,9.538972320,-2.451977997
2026-03-03 09:54:40,0.582665405,9.628732110,-2.012845076
2026-03-03 09:54:50,0.665762589,9.399378274,-2.202732500
2026-03-03 09:55:00,-0.679566096,9.708911562,-1.018487125
2026-03-03 09:55:10,-1.135030772,9.566865416,0.121833812
2026-03-03 09:55:20,-2.397155668,9.281195360,-0.775612034
2026-03-03 09:55:30,-2.700771961,9.412055664,-0.426006164
2026-03-03 09:55:40,-1.244414873,9.703278530,0.958307665
2026-03-03 09:55:50,-3.204610933,8.188190638,4.388233334
2026-03-03 09:56:00,-2.778763360,8.014842973,5.072749696
2026-03-03 09:56:10,-3.462721631,8.101936281,4.136325677
2026-03-03 09:56:20,-2.202347666,8.995466611,3.144725340
2026-03-03 09:56:30,-1.994833274,8.925871646,3.978886460
2026-03-03 09:56:40,-2.629726154,8.881264936,3.138203287
2026-03-03 09:56:50,-0.263621839,9.616496861,2.379892102
2026-03-03 09:57:00,1.168805627,9.381807619,2.580377920
2026-03-03 09:57:10,0.615276406,8.244549261,5.060814905
2026-03-03 09:57:20,5.402307848,7.113853082,4.200058755
2026-03-03 09:57:30,5.158009267,6.617582130,5.207244749
2026-03-03 09:57:40,3.790220964,6.974476811,6.161576014
2026-03-03 09:57:50,3.532311072,6.733193592,6.384621850
2026-03-03 09:58:00,3.349681128,6.346474719,6.612252603
2026-03-03 09:58:10,3.696792326,5.732816011,7.143541054
2026-03-03 09:58:20,3.257135036,5.630047124,7.741593686
2026-03-03 09:58:30,4.632539467,4.534186382,7.567125239
2026-03-03 09:58:40,3.755717037,3.561427430,8.141933305
2026-03-03 09:58:50,2.201643385,4.733685995,8.155147690
2026-03-03 09:59:00,2.106541427,5.034015427,8.100640363
2026-03-03 09:59:10,3.835237399,4.880910277,7.838553757
2026-03-03 09:59:20,3.436740336,5.407441650,7.276962364
2026-03-03 09:59:30,3.556004688,4.857276769,7.773366416
2026-03-03 09:59:40,3.603446461,3.732010407,8.247927797
2026-03-03 09:59:50,4.407002961,4.702881864,7.395206589
2026-03-03 10:00:00,3.921480605,3.499716037,8.150988599
2026-03-03 10:00:10,4.028109616,1.769286228,8.606154819
2026-03-03 10:00:20,2.518131770,2.667505937,9.030874938
2026-03-03 10:00:30,2.268936847,2.867663985,9.060232999
2026-03-03 10:00:40,2.692737021,2.851744458,9.177097095
2026-03-03 10:00:50,2.701776347,3.106732018,9.138379046
2026-03-03 10:01:00,2.490065996,2.887626789,9.277078759
2026-03-03 10:01:10,1.558825090,2.921632217,9.156707667
2026-03-03 10:01:20,2.202545213,2.378049998,8.985082012
2026-03-03 10:01:30,1.384194299,1.488523603,9.334974580
2026-03-03 10:01:40,1.775824387,0.802058156,9.606387762
2026-03-03 10:01:50,1.873694069,2.211957318,9.136141706
2026-03-03 10:02:00,2.389485769,2.096759793,9.378328943
2026-03-03 10:02:10,2.464793217,2.743961688,9.369000800
2026-03-03 10:02:20,1.867950555,3.090294620,8.898162632
2026-03-03 10:02:30,1.134688139,3.205589163,9.217494527
2026-03-03 10:02:40,1.141923795,3.994504408,9.195424433
2026-03-03 10:02:50,0.116188131,3.974268345,9.147741323
2026-03-03 10:03:00,0.739897548,4.240705099,8.634728896
2026-03-03 10:03:10,2.882817205,4.502798656,8.403234803
2026-03-03 10:03:20,2.484701206,4.721277048,8.235923070
2026-03-03 10:03:30,2.512670178,6.717358238,6.803228153
2026-03-03 10:03:40,1.867377710,5.976816733,7.416577558
2026-03-03 10:03:50,2.688979375,5.673302768,7.655778790
2026-03-03 10:04:00,2.638145990,5.729259372,7.637257531
2026-03-03 10:04:10,1.540419888,5.695038903,8.018603946
2026-03-03 10:04:20,1.874100821,5.695988487,8.041503212
2026-03-03 10:04:30,1.683927300,5.769945821,7.622826991
2026-03-03 10:04:40,1.969655715,6.224123276,7.001904750
2026-03-03 10:04:50,1.566930055,6.711282500,6.787245636
2026-03-03 10:05:00,1.101190517,7.471887890,6.339027366
2026-03-03 10:05:10,0.431360651,7.042207250,6.699968633
2026-03-03 10:05:20,0.363167975,7.529124519,6.210454249
2026-03-03 10:05:30,0.168781293,7.850666834,6.355759392
2026-03-03 10:05:40,0.128253920,7.308282134,6.649085997
2026-03-03 10:05:50,-0.469305321,8.077033270,5.276082110
2026-03-03 10:06:00,-0.432742579,8.167143866,5.819048617
2026-03-03 10:06:10,0.501257749,7.905358118,5.710361762
2026-03-03 10:06:20,-0.040669033,8.385015903,5.120707280
2026-03-03 10:06:30,0.354695245,8.428313229,4.692216722
2026-03-03 10:06:40,0.606757298,8.917499396,3.907194372
2026-03-03 10:06:50,0.183220297,8.909018248,4.528113092
2026-03-03 10:07:00,-0.562501084,9.022234252,4.466735804
2026-03-03 10:07:10,0.062379007,8.916342218,3.447347446
2026-03-03 10:07:20,-0.041159676,8.990596621,3.859226224
2026-03-03 10:07:30,-0.071624518,9.051257971,3.532067596
2026-03-03 10:07:40,0.729275951,8.747071570,4.558608594
2026-03-03 10:07:50,1.690201765,8.574621846,4.473835746
2026-03-03 10:08:00,1.108468840,8.378940976,4.844419748
2026-03-03 10:08:10,1.502911188,8.494930938,4.524043459
2026-03-03 10:08:20,0.632826283,8.073611391,5.557625467
2026-03-03 10:08:30,0.000372979,8.543393690,5.049399298
2026-03-03 10:08:40,0.026720283,9.001404400,3.606261468
2026-03-03 10:08:50,0.056058728,9.249533614,3.169071569
2026-03-03 10:09:00,-0.079659400,9.509523061,2.968280615
2026-03-03 10:09:10,0.441391806,9.379148337,2.540227345
2026-03-03 10:09:20,-0.605953518,9.385907949,2.473579996
2026-03-03 10:09:30,0.282018597,9.623777493,2.181062246
2026-03-03 10:09:40,0.091689148,9.522729040,1.321512135
2026-03-03 10:09:50,0.677131272,9.722139971,1.049104434
2026-03-03 10:10:00,-0.392227473,9.819910681,0.724277239
2026-03-03 10:10:10,-0.026823449,9.713968192,1.488769447
2026-03-03 10:10:20,-0.751963698,9.584788794,1.783856377
2026-03-03 10:10:30,-1.011496533,9.652312690,1.272028579
2026-03-03 10:10:40,-0.556813743,9.681767932,1.178829386
2026-03-03 10:10:50,-0.574980982,9.716637732,1.278883115
2026-03-03 10:11:00,-1.436857719,9.434191490,2.141960592
2026-03-03 10:11:10,-1.021246985,9.668142801,1.879481731
2026-03-03 10:11:20,-2.180972793,9.372579735,1.699683244
2026-03-03 10:11:30,-3.120698736,8.926534179,1.349084272
2026-03-03 10:11:40,-3.222435413,9.154625033,0.996128771
2026-03-03 10:11:50,-3.023354052,9.164528573,0.535297934
2026-03-03 10:12:00,-2.522542271,9.505299150,-0.170676526
2026-03-03 10:12:10,-1.594786553,9.469139584,-0.163792902
2026-03-03 10:12:20,-2.210044192,9.864819109,-0.649070892
2026-03-03 10:12:30,-2.693182604,9.471445083,0.108853929
2026-03-03 10:12:40,-2.194911532,9.700749182,0.172486551
2026-03-03 10:12:50,-1.985973455,9.305328387,-0.796281424
2026-03-03 10:13:00,-0.668584489,9.961747429,0.191762370
2026-03-03 10:13:10,-1.119327573,9.729464846,-0.469911814
2026-03-03 10:13:20,-1.256696766,9.572931104,-1.021636640
2026-03-03 10:13:30,-1.345998412,9.660270545,-0.923193650
2026-03-03 10:13:40,-0.305227185,9.777612515,-0.891835855
2026-03-03 10:13:50,-0.716909941,9.634832507,-0.091875524
2026-03-03 10:14:00,-0.622441075,9.721180041,-1.051288263
2026-03-03 10:14:10,0.653737192,9.768330278,-0.438682793
2026-03-03 10:14:20,-0.117746385,9.826842562,-0.367594996
2026-03-03 10:14:30,-0.689878712,9.522734034,0.119612564
2026-03-03 10:14:40,-1.831059406,9.558207218,-0.599799892
2026-03-03 10:14:50,-1.188347295,9.866638478,-0.476816274
2026-03-03 10:15:00,-1.958141952,9.662875887,-0.593484262
2026-03-03 10:15:10,-2.235893256,9.452901616,-0.858865726
2026-03-03 10:15:20,-2.248676914,9.088675763,-0.893235325
2026-03-03 10:15:30,-1.653230545,9.863075366,-0.581940450
2026-03-03 10:15:40,-1.713082643,9.584634325,-1.872224361
2026-03-03 10:15:50,-1.186377968,9.405234354,-2.099245381
2026-03-03 10:16:00,-1.800240561,9.539351610,-2.468251506
2026-03-03 10:16:10,-2.054101728,9.302032628,-3.044308002
2026-03-03 10:16:20,-1.339830584,9.184140162,-2.799105109
2026-03-03 10:16:30,-1.782351652,9.508877125,-2.876518552
2026-03-03 10:16:40,-2.206347433,8.838013948,-3.481992141
2026-03-03 10:16:50,-2.045431290,8.900419533,-2.889383654
2026-03-03 10:17:00,-2.006119042,9.111432902,-3.134711893
2026-03-03 10:17:10,-2.551327114,8.282696926,-4.249530715
2026-03-03 10:17:20,-1.895839200,8.781877505,-4.428098225
2026-03-03 10:17:30,-1.847889478,8.634662232,-4.035642125
2026-03-03 10:17:40,-1.566055083,8.911090587,-3.748334459
2026-03-03 10:17:50,-0.687533790,9.379590913,-3.360390997
2026-03-03 10:18:00,-1.807686035,9.031720320,-3.801522620
2026-03-03 10:18:10,-2.589937226,8.435545389,-4.373658916
2026-03-03 10:18:20,-2.702224611,8.437866337,-4.396264705
2026-03-03 10:18:30,-2.941369477,8.339298134,-4.318724012
2026-03-03 10:18:40,-2.657468984,8.297767857,-4.219518102
2026-03-03 10:18:50,-2.955057279,8.417678127,-4.002987396
2026-03-03 10:19:00,-1.377865028,8.451362999,-4.545276815
2026-03-03 10:19:10,-0.732587547,8.411356965,-5.115455711
2026-03-03 10:19:20,-2.978872357,8.365192293,-3.945584398
2026-03-03 10:19:30,-3.536077709,7.705672080,-4.829817787
2026-03-03 10:19:40,-4.446703497,6.996282756,-5.180546390
2026-03-03 10:19:50,-4.103600517,7.811518742,-3.545726188
2026-03-03 10:20:00,-5.029921134,7.646066606,-3.529474122
2026-03-03 10:20:10,-3.504113969,7.966186119,-3.794706810
2026-03-03 10:20:20,-2.874304831,8.459124362,-3.422207433
2026-03-03 10:20:30,-0.937106100,9.568139231,-2.863559330
2026-03-03 10:20:40,2.754545469,9.016082620,-2.784620526
2026-03-03 10:20:50,1.216547259,8.286707610,-5.155306548
2026-03-03 10:21:00,-0.463747435,7.496035476,-6.561216621
2026-03-03 10:21:10,0.794921664,7.965332658,-5.238532834
2026-03-03 10:21:20,1.946182427,8.152083538,-4.891118834
2026-03-03 10:21:30,2.836476509,8.023576414,-4.603774528
2026-03-03 10:21:40,3.596433856,7.874211760,-4.855493063
2026-03-03 10:21:50,3.537988312,7.810589183,-5.219507653
2026-03-03 10:22:00,2.343116747,8.575734151,-4.075655339
2026-03-03 10:22:10,1.749539465,8.869068984,-3.136317480
2026-03-03 10:22:20,2.895961557,8.965730479,-2.634816948
2026-03-03 10:22:30,2.759860093,8.646533101,-2.938278970
2026-03-03 10:22:40,2.529761900,8.954420453,-1.884579740
2026-03-03 10:22:50,3.577798667,8.889842703,-1.295932665
2026-03-03 10:23:00,3.590345968,8.591765560,-2.346069469
2026-03-03 10:23:10,5.256900407,7.317258991,-3.817982061
2026-03-03 10:23:20,4.933280048,7.369402239,-4.483057017
2026-03-03 10:23:30,5.277529590,7.744612538,-3.557630578
2026-03-03 10:23:40,3.496369876,7.985251089,-4.856624336
2026-03-03 10:23:50,3.372329348,7.655050251,-4.637361663
2026-03-03 10:24:00,4.540317983,7.225417674,-4.744620667
2026-03-03 10:24:10,4.894944875,7.536763739,-4.370060584
2026-03-03 10:24:20,6.611206905,6.766893322,-2.885825424
2026-03-03 10:24:30,5.420473364,7.280917775,-3.942563887
2026-03-03 10:24:40,5.873904140,7.184339967,-2.349905855
2026-03-03 10:24:50,7.145791978,6.914727090,-0.493768400
2026-03-03 10:25:00,8.242365541,5.670987277,0.162530311
2026-03-03 10:25:10,6.804409611,6.809279493,-0.736861168
2026-03-03 10:25:20,7.436018951,6.108729343,-2.307495874
2026-03-03 10:25:30,7.750593698,5.332524801,-2.706014095
2026-03-03 10:25:40,7.421647631,4.822106507,-4.378335135
2026-03-03 10:25:50,7.090778197,4.594280903,-5.210327119
2026-03-03 10:26:00,6.409147636,4.328208377,-5.997055557
2026-03-03 10:26:10,5.945692187,3.885185134,-6.887444819
2026-03-03 10:26:20,6.210738562,3.936208120,-6.741855389
2026-03-03 10:26:30,6.238633466,3.282248226,-6.978411476
2026-03-03 10:26:40,5.391883955,2.764078470,-7.567826896
2026-03-03 10:26:50,5.630423241,3.046244125,-7.774625544
2026-03-03 10:27:00,5.896480458,3.300060950,-7.190729095
2026-03-03 10:27:10,5.832158928,2.145763712,-7.488528799
2026-03-03 10:27:20,5.525752881,1.741515396,-7.680100828
2026-03-03 10:27:30,4.848861363,3.310620888,-7.783102747
2026-03-03 10:27:40,6.362284768,3.778654619,-6.511568746
2026-03-03 10:27:50,5.794959399,4.726205597,-6.475759323
2026-03-03 10:28:00,6.163156375,5.393875338,-5.424837109
2026-03-03 10:28:10,6.748342298,4.193735130,-5.510558280
2026-03-03 10:28:20,5.656344633,4.748905882,-6.877391993
2026-03-03 10:28:30,5.216039039,2.979949181,-7.406751064
2026-03-03 10:28:40,5.942404269,3.066749598,-6.989251227
2026-03-03 10:28:50,5.697683837,2.315917231,-7.524488265
2026-03-03 10:29:00,5.789222158,3.079291418,-7.654196637
2026-03-03 10:29:10,5.245386174,2.336043631,-7.531127862
2026-03-03 10:29:20,5.599047319,2.798096641,-7.472888337
2026-03-03 10:29:30,5.474191933,3.031308265,-7.667799650
2026-03-03 10:29:40,5.301737693,3.599416059,-7.481415166
2026-03-03 10:29:50,4.261449910,3.401623083,-8.210774152
2026-03-03 10:30:00,3.749382010,2.332858011,-8.442426581
2026-03-03 10:30:10,3.094983249,3.080202970,-8.419638213
2026-03-03 10:30:20,3.234925889,2.589546341,-8.854944907
2026-03-03 10:30:30,3.747807088,3.082532073,-8.498805029
2026-03-03 10:30:40,3.795806272,3.869226904,-7.972566023
2026-03-03 10:30:50,4.785658501,4.301709365,-7.328341011
2026-03-03 10:31:00,4.920842695,5.512012889,-6.838425715
2026-03-03 10:31:10,3.670891562,5.294822982,-7.264473632
2026-03-03 10:31:20,4.320570176,6.119616627,-6.497103907
2026-03-03 10:31:30,5.202549240,5.088053338,-6.464121257
2026-03-03 10:31:40,5.170081457,5.609741385,-6.044558794
2026-03-03 10:31:50,5.277075259,4.853335260,-6.441647181
2026-03-03 10:32:00,5.267717155,4.931121424,-6.617686280
2026-03-03 10:32:10,5.067409413,4.655080690,-6.853413203
2026-03-03 10:32:20,4.378546915,5.391106190,-7.236987362
2026-03-03 10:32:30,3.590392472,5.436850728,-7.287608780
2026-03-03 10:32:40,2.521995550,5.872376758,-7.704928199
2026-03-03 10:32:50,2.108169854,5.748967905,-7.714056605
2026-03-03 10:33:00,2.126709771,6.189331655,-7.676328533
2026-03-03 10:33:10,1.581596538,6.455230890,-7.278880010
2026-03-03 10:33:20,2.557733623,6.183959557,-6.754617866
2026-03-03 10:33:30,2.555526431,6.462963062,-7.060781241
2026-03-03 10:33:40,1.824147924,7.207064812,-6.455673084
2026-03-03 10:33:50,2.200763475,7.081279010,-6.325686172
2026-03-03 10:34:00,1.854571339,7.426311507,-6.248990271
2026-03-03 10:34:10,2.097997403,7.949307245,-5.507700884
2026-03-03 10:34:20,1.477339759,8.450018541,-4.273347754
2026-03-03 10:34:30,1.890798826,8.332288498,-4.488495948
2026-03-03 10:34:40,2.736569692,8.598258923,-4.265374638
2026-03-03 10:34:50,2.909638249,7.981277195,-4.383417211
2026-03-03 10:35:00,3.084930192,8.568932118,-3.773076224
2026-03-03 10:35:10,3.636809013,7.880410220,-4.295272691
2026-03-03 10:35:20,4.458507536,7.924403123,-4.084680685
2026-03-03 10:35:30,5.324785454,7.138703299,-4.289295776
2026-03-03 10:35:40,6.159751817,6.273565019,-4.215662269
2026-03-03 10:35:50,6.500613250,6.358942492,-3.291108020
2026-03-03 10:36:00,6.550834142,6.079702953,-3.777303613
2026-03-03 10:36:10,6.353160101,6.714437300,-2.980179287
2026-03-03 10:36:20,6.722885937,6.695755831,-3.392102626
2026-03-03 10:36:30,6.979224269,5.880284350,-3.671196307
2026-03-03 10:36:40,6.664804668,5.672705893,-4.175648630
2026-03-03 10:36:50,6.837334019,6.327190863,-3.136552473
2026-03-03 10:37:00,5.730181859,6.641257186,-4.043035914
2026-03-03 10:37:10,6.783633353,6.280809566,-3.201072443
2026-03-03 10:37:20,6.979827422,6.179630126,-3.325977948
2026-03-03 10:37:30,7.236426375,5.513908586,-3.636388826
2026-03-03 10:37:40,7.485807339,5.108517745,-3.511452112
2026-03-03 10:37:50,7.736483907,5.462676211,-2.522297290
2026-03-03 10:38:00,7.523591503,5.946474815,-2.417670888
2026-03-03 10:38:10,7.296183135,6.293319410,-1.592866565
2026-03-03 10:38:20,7.144662449,6.385822966,-2.226523904
2026-03-03 10:38:30,6.513001181,7.020945334,-1.924677764
2026-03-03 10:38:40,7.125103887,6.229535433,-2.211479528
2026-03-03 10:38:50,7.136092948,6.023472647,-3.176641505
2026-03-03 10:39:00,6.684991265,6.065230598,-3.549895785
2026-03-03 10:39:10,6.822754359,5.925902002,-3.687916242
2026-03-03 10:39:20,6.946779555,5.992041604,-3.967513426
2026-03-03 10:39:30,6.399933400,6.707049911,-3.356519104
2026-03-03 10:39:40,6.501408852,6.639084403,-3.685532040
2026-03-03 10:39:50,6.374380434,6.597004639,-3.782668446
2026-03-03 10:40:00,6.664763411,5.859296393,-3.922277876
2026-03-03 10:40:10,6.128549558,6.773042736,-3.915422665
2026-03-03 10:40:20,6.372413029,6.310450529,-3.782768143
2026-03-03 10:40:30,5.534508173,7.274548987,-3.367183686
2026-03-03 10:40:40,5.674296173,7.270121410,-3.314418649
2026-03-03 10:40:50,5.386013764,7.622534299,-2.839521417
2026-03-03 10:41:00,5.052998497,7.930718956,-2.773887608
2026-03-03 10:41:10,5.655857068,7.424288438,-3.377594105
2026-03-03 10:41:20,5.142304967,7.461438272,-3.014252019
2026-03-03 10:41:30,4.979430335,7.836693173,-3.633314580
2026-03-03 10:41:40,4.774895158,8.373089182,-3.371068902
2026-03-03 10:41:50,3.823214481,8.487293681,-3.726999990
2026-03-03 10:42:00,4.029824532,8.078141684,-3.842479240
2026-03-03 10:42:10,3.874615416,8.222294523,-3.570799661
2026-03-03 10:42:20,4.269429602,8.537324841,-3.523831997
2026-03-03 10:42:30,3.906006072,7.887511514,-3.795539712
2026-03-03 10:42:40,3.357394479,7.887477524,-4.320406427
2026-03-03 10:42:50,2.974515052,8.384837462,-4.051935824
2026-03-03 10:43:00,3.942476576,7.881952617,-4.382641211
2026-03-03 10:43:10,4.557983711,7.353098456,-4.512717079
2026-03-03 10:43:20,5.613035399,7.479516857,-2.716723776
2026-03-03 10:43:30,5.197876646,7.563560725,-3.948820709
2026-03-03 10:43:40,4.452010432,7.645604090,-4.470991870
2026-03-03 10:43:50,4.117720158,8.179882039,-3.957096008
2026-03-03 10:44:00,4.336195062,7.364021864,-4.518983014
2026-03-03 10:44:10,4.253704609,8.006141532,-3.316307752
2026-03-03 10:44:20,3.558214701,8.375071356,-3.562212180
2026-03-03 10:44:30,2.231486287,8.974647173,-3.125310140
2026-03-03 10:44:40,3.019499576,8.726182613,-3.194343978
2026-03-03 10:44:50,3.346369159,8.576997679,-3.457971209
2026-03-03 10:45:00,2.413229954,8.898440457,-3.302219733
2026-03-03 10:45:10,2.258632854,8.935853625,-2.891890085
2026-03-03 10:45:20,2.373860083,9.122381947,-3.251986498
2026-03-03 10:45:30,2.213303122,9.068956927,-3.286274923
2026-03-03 10:45:40,1.689587179,8.995017036,-3.181242560
2026-03-03 10:45:50,1.526243902,8.973028751,-3.025099845
2026-03-03 10:46:00,1.441863344,9.247018790,-3.108267709
2026-03-03 10:46:10,1.792335495,9.336306521,-2.659920685
2026-03-03 10:46:20,1.483891463,9.088963457,-2.438250787
2026-03-03 10:46:30,1.847512141,9.199593506,-2.841379712
2026-03-03 10:46:40,2.469554636,8.944485114,-2.878419872
2026-03-03 10:46:50,2.410673996,8.895618702,-2.875393656
2026-03-03 10:47:00,1.627924436,9.201838586,-3.169707284
2026-03-03 10:47:10,1.800833509,9.391276722,-2.488421601
2026-03-03 10:47:20,1.690636734,9.434823530,-2.610914236
2026-03-03 10:47:30,0.872319205,9.729055703,-1.790665118
2026-03-03 10:47:40,0.875054615,9.839455044,-1.539241610
2026-03-03 10:47:50,0.707700212,9.331270173,-1.438793682
2026-03-03 10:48:00,1.036244322,9.459931710,-1.626911595
2026-03-03 10:48:10,0.265009091,9.498812402,-2.345575054
2026-03-03 10:48:20,1.094659281,9.409846089,-1.806127433
2026-03-03 10:48:30,0.272761339,9.531611673,-2.296632264
2026-03-03 10:48:40,-0.285405905,9.634046944,-2.206319260
2026-03-03 10:48:50,0.245753858,9.579258519,-2.628354886
2026-03-03 10:49:00,-0.094104318,9.524941933,-2.160898533
2026-03-03 10:49:10,-0.405074783,9.738700570,-1.814177637
2026-03-03 10:49:20,-0.534575454,9.734229755,-1.650638650
2026-03-03 10:49:30,-0.199933101,9.606055040,-1.583304098
2026-03-03 10:49:40,-0.465945084,9.696164206,-2.192826928
2026-03-03 10:49:50,0.172576105,9.605891309,-2.181290240
2026-03-03 10:50:00,0.236139966,9.721208152,-2.177254566
2026-03-03 10:50:10,-0.686939315,9.783064632,-2.714325996
2026-03-03 10:50:20,-0.247139774,9.764134692,-2.142547480
2026-03-03 10:50:30,0.173971229,9.531820402,-1.787465116
2026-03-03 10:50:40,-0.464524491,9.338927357,-1.811222733
2026-03-03 10:50:50,-1.118931834,9.885996916,-1.522503139
2026-03-03 10:51:00,-0.390939657,9.494084592,-1.395388627
2026-03-03 10:51:10,-0.231628225,9.900160973,-1.278565863
2026-03-03 10:51:20,-0.761171067,9.836753462,-0.628989991
2026-03-03 10:51:30,-0.101595358,9.738684397,-1.608391636
2026-03-03 10:51:40,0.082489453,9.559838757,-1.773417438
2026-03-03 10:51:50,-0.609818599,9.273179145,-2.741939359
2026-03-03 10:52:00,0.066905427,9.543403417,-2.629962782
2026-03-03 10:52:10,-0.852696439,9.606140658,-2.792144941
2026-03-03 10:52:20,-0.163483859,9.250245650,-2.188339942
2026-03-03 10:52:30,-0.140732221,9.525731364,-3.069745054
2026-03-03 10:52:40,-0.485269954,9.083158780,-2.930014426
2026-03-03 10:52:50,-0.332364905,9.068191013,-3.272399699
2026-03-03 10:53:00,-0.131227833,9.124848265,-3.090969711
2026-03-03 10:53:10,0.135795694,9.535387447,-2.761414724
2026-03-03 10:53:20,0.143436499,9.036767165,-2.742650378
2026-03-03 10:53:30,0.541803245,9.671450284,-2.284979364
2026-03-03 10:53:40,-0.455049743,9.583970855,-2.258330753
2026-03-03 10:53:50,-0.815797454,9.588981773,-1.890056043
2026-03-03 10:54:00,-0.774509718,9.793520159,-2.119020937
2026-03-03 10:54:10,-0.510573167,9.660817008,-2.343222032
2026-03-03 10:54:20,-0.628284233,9.767409991,-1.186438686
2026-03-03 10:54:30,-0.419855354,9.596508006,-1.108049866
2026-03-03 10:54:40,-0.941812925,9.702264296,-1.091588853
2026-03-03 10:54:50,-1.740290523,9.607607748,-0.788427753
2026-03-03 10:55:00,-1.106369281,9.563539456,-0.550158037
2026-03-03 10:55:10,-1.170800955,9.544417088,-0.235189116
2026-03-03 10:55:20,-1.677226469,9.614065201,-0.586397472
2026-03-03 10:55:30,-2.466687345,9.501248753,-0.216721502
2026-03-03 10:55:40,-2.561162473,9.483937137,0.820806913
2026-03-03 10:55:50,-2.546460285,9.429170878,0.457156988
2026-03-03 10:56:00,-2.201351905,9.510789385,0.685663100
2026-03-03 10:56:10,-2.056849432,9.576868710,0.315604297
2026-03-03 10:56:20,-2.345035595,9.732698835,0.558769938
2026-03-03 10:56:30,-1.959748979,9.503441502,0.608836205
2026-03-03 10:56:40,-2.615536317,9.491019353,1.528372706
2026-03-03 10:56:50,-2.428582337,9.441393804,2.166164681
2026-03-03 10:57:00,-2.903086164,9.573234759,0.948905985
2026-03-03 10:57:10,-2.502623197,9.285130157,1.337509397
2026-03-03 10:57:20,-2.257562301,9.579419527,1.620764240
2026-03-03 10:57:30,-2.382395566,9.463544258,1.515850238
2026-03-03 10:57:40,-1.592807392,9.520583968,2.176867532
2026-03-03 10:57:50,-1.190646234,9.750803314,1.937658625
2026-03-03 10:58:00,-1.247268589,9.594811150,2.219495598
2026-03-03 10:58:10,-1.254978550,9.549801150,1.718215217
2026-03-03 10:58:20,-2.154354234,9.652545521,1.209305706
2026-03-03 10:58:30,-1.794414983,9.458076861,0.587102846
2026-03-03 10:58:40,-1.394874303,9.764528900,0.937602627
2026-03-03 10:58:50,-1.596204606,9.918118013,-0.126999894
2026-03-03 10:59:00,-0.956202158,9.720182536,-0.437767542
2026-03-03 10:59:10,-0.037262974,9.818719456,0.078542167
2026-03-03 10:59:20,-0.481131779,9.758236288,-0.689740554
2026-03-03 10:59:30,-0.797938300,9.628581970,-0.174253450
2026-03-03 10:59:40,-0.834801863,10.000530975,-1.121923697
2026-03-03 10:59:50,-0.630523872,9.811788233,-0.758224907
2026-03-03 11:00:00,-1.529958620,9.819251184,-0.611951512
2026-03-03 11:00:10,-1.303330012,9.568283187,-0.594459009
2026-03-03 11:00:20,-1.188682565,9.815463737,-0.599310439
2026-03-03 11:00:30,-1.842913005,9.616922794,-0.581874430
2026-03-03 11:00:40,-1.075017285,9.668716107,0.523450986
2026-03-03 11:00:50,-1.802854004,9.712500164,0.023068068
2026-03-03 11:01:00,-1.711848242,9.707984914,0.671763016
2026-03-03 11:01:10,-1.250890584,9.882890949,0.466643314
2026-03-03 11:01:20,-1.421086445,9.655445391,-0.013562863
2026-03-03 11:01:30,-1.028061054,9.519577127,0.585425048
2026-03-03 11:01:40,-1.053022838,9.742276495,1.352439806
2026-03-03 11:01:50,-1.401714643,9.708406335,2.254027121
2026-03-03 11:02:00,-2.017978880,9.363690671,1.738956523
2026-03-03 11:02:10,-2.805997200,9.364399965,1.816166104
2026-03-03 11:02:20,-2.410633821,9.469224246,1.024353304
2026-03-03 11:02:30,-3.305042214,9.039198717,1.399018928
2026-03-03 11:02:40,-3.624521523,9.427968680,2.178267519
2026-03-03 11:02:50,-3.518734306,9.065549969,1.717894430
2026-03-03 11:03:00,-4.434033452,8.606754528,1.965133803
2026-03-03 11:03:10,-4.336680412,8.588990411,1.280109883
2026-03-03 11:03:20,-3.942524306,8.828173503,1.470182834
2026-03-03 11:03:30,-3.900303709,8.775466434,1.221001918
2026-03-03 11:03:40,-3.438309449,8.805511846,1.127882068
2026-03-03 11:03:50,-4.194870979,8.748058078,0.625516047
2026-03-03 11:04:00,-4.536550674,8.630067519,0.607666443
2026-03-03 11:04:10,-4.646914094,8.617359902,0.672881594
2026-03-03 11:04:20,-4.721043710,8.929433440,0.800194565
2026-03-03 11:04:30,-5.076508254,8.810158399,-0.419926597
2026-03-03 11:04:40,-4.445025764,9.022383863,0.319255188
2026-03-03 11:04:50,-4.181534775,8.980263308,0.383389471
2026-03-03 11:05:00,-3.962487679,9.133137418,0.219768690
2026-03-03 11:05:10,-2.930822996,9.410017502,0.734748738
2026-03-03 11:05:20,-2.577731920,9.358542396,1.814601390
2026-03-03 11:05:30,-2.698223596,9.282632517,1.788655894
2026-03-03 11:05:40,-2.675106781,9.458196352,2.081463943
2026-03-03 11:05:50,-2.134822923,9.318982665,1.547287962
2026-03-03 11:06:00,-1.764681395,9.167232934,2.578152327
2026-03-03 11:06:10,-1.700159739,9.352599833,2.767834393
2026-03-03 11:06:20,-1.801590872,9.269676855,2.512266491
2026-03-03 11:06:30,-1.756546999,9.485045241,2.377551428
2026-03-03 11:06:40,-1.655689507,9.441126922,2.577235198
2026-03-03 11:06:50,-1.285426137,9.423001601,2.205434839
2026-03-03 11:07:00,-0.669161621,9.547555707,2.406039980
2026-03-03 11:07:10,-0.991152805,9.386045179,2.418640991
2026-03-03 11:07:20,-1.206186269,9.381193928,3.146293677
2026-03-03 11:07:30,-0.588158420,9.152492357,3.474065411
2026-03-03 11:07:40,-0.286667726,9.124070175,3.016756829
2026-03-03 11:07:50,-0.899797557,9.379697331,3.115953464
2026-03-03 11:08:00,-0.323215260,9.314137959,2.758913329
2026-03-03 11:08:10,-0.213151563,9.218796282,3.119857211
2026-03-03 11:08:20,-0.876688679,8.993812247,3.285313498
2026-03-03 11:08:30,-1.969253340,9.047309769,3.173017320
2026-03-03 11:08:40,-1.514452776,9.191502721,3.584963677
2026-03-03 11:08:50,-1.934793074,9.029611045,3.406587958
2026-03-03 11:09:00,-1.833375602,9.042797993,2.369857915
2026-03-03 11:09:10,-2.453782094,9.406039248,2.632330950
2026-03-03 11:09:20,-2.707356047,8.914039244,2.442540211
2026-03-03 11:09:30,-2.140006428,9.157964189,2.442704411
2026-03-03 11:09:40,-3.405244561,9.044915831,1.935717836
2026-03-03 11:09:50,-3.093744475,9.185811162,2.328128602
2026-03-03 11:10:00,-3.462211016,9.001159112,2.160684016
2026-03-03 11:10:10,-3.681752869,8.962970284,1.955991856
2026-03-03 11:10:20,-3.653338722,8.792502537,2.312757423
2026-03-03 11:10:30,-2.905099497,8.911156827,2.151406290
2026-03-03 11:10:40,-3.549555319,9.445214887,1.903988777
2026-03-03 11:10:50,-3.614663996,8.765014699,1.416698514
2026-03-03 11:11:00,-3.834687709,8.613846101,2.119265027
2026-03-03 11:11:10,-4.116042160,8.799738831,2.739336685
2026-03-03 11:11:20,-4.147770871,8.341603027,2.545187102
2026-03-03 11:11:30,-4.612428134,8.202566749,2.934893287
2026-03-03 11:11:40,-4.669472191,7.936254811,3.179884154
2026-03-03 11:11:50,-4.528575915,8.148970255,3.354419460
2026-03-03 11:12:00,-3.623508519,8.814251575,2.240288255
2026-03-03 11:12:10,-4.011206147,8.953940339,2.769108080
2026-03-03 11:12:20,-3.807373707,8.654251015,2.772663878
2026-03-03 11:12:30,-4.049488927,8.372223147,2.618937027
2026-03-03 11:12:40,-3.761648787,8.262866862,3.067884965
2026-03-03 11:12:50,-3.644037023,8.668034587,2.467004486
2026-03-03 11:13:00,-3.729227318,8.541836866,2.750600170
2026-03-03 11:13:10,-3.800928573,8.263886219,3.227964403
2026-03-03 11:13:20,-3.321091051,8.373518035,3.767006046
2026-03-03 11:13:30,-2.556177277,8.805952391,3.558969156
2026-03-03 11:13:40,-3.219896326,8.608574165,3.703002307
2026-03-03 11:13:50,-2.988684704,8.604144987,3.833705067
2026-03-03 11:14:00,-2.778765313,8.564447025,3.612000834
2026-03-03 11:14:10,-2.744438152,8.498650260,3.270554938
2026-03-03 11:14:20,-3.326533402,8.721221030,3.569996122
2026-03-03 11:14:30,-3.366980020,8.801564742,3.314090929
2026-03-03 11:14:40,-3.228002132,8.313734761,3.922216636
2026-03-03 11:14:50,-3.753548659,8.389157651,3.584707387
2026-03-03 11:15:00,-3.539516685,8.379421718,3.541964121
2026-03-03 11:15:10,-3.935238726,8.465687554,3.272339795
2026-03-03 11:15:20,-3.767111839,8.486208109,3.055745586
2026-03-03 11:15:30,-3.104381984,8.780454544,2.699430959
2026-03-03 11:15:40,-2.461317856,9.368637872,1.969952906
2026-03-03 11:15:50,-2.606292867,9.391092379,2.107521066
2026-03-03 11:16:00,-1.552285856,9.694032091,2.104446652
2026-03-03 11:16:10,-0.984452510,9.795869964,1.597103412
2026-03-03 11:16:20,-0.749575234,9.668519980,1.158441222
2026-03-03 11:16:30,-0.727265572,9.828797454,2.130569482
2026-03-03 11:16:40,-0.915804906,9.431854002,1.401290205
2026-03-03 11:16:50,-1.381699284,9.581630585,2.060000561
2026-03-03 11:17:00,-0.868421804,9.594156325,1.500989992
2026-03-03 11:17:10,-0.964122139,9.516201818,1.205941804
2026-03-03 11:17:20,-1.308300200,9.667656416,1.214633320
2026-03-03 11:17:30,-1.153305955,9.730910041,1.921890072
2026-03-03 11:17:40,-1.484449753,9.543905523,1.947512704
2026-03-03 11:17:50,-1.034263347,9.122574083,2.965572832
2026-03-03 11:18:00,-2.031929038,9.080729395,2.559091137
2026-03-03 11:18:10,-1.933224007,9.317690310,1.617542770
2026-03-03 11:18:20,-1.448887181,9.647940085,1.033860602
2026-03-03 11:18:30,-1.512122691,9.789643384,1.036624742
2026-03-03 11:18:40,-1.942395723,9.433073102,0.779316097
2026-03-03 11:18:50,-1.509620136,9.638945548,0.850583476
2026-03-03 11:19:00,-1.612827966,9.568882158,1.185770007
2026-03-03 11:19:10,-1.793494074,9.374702447,1.491906262
2026-03-03 11:19:20,-2.699233817,9.461907257,0.490174387
2026-03-03 11:19:30,-2.205201510,9.590958344,0.321974582
2026-03-03 11:19:40,-1.712528564,9.669862820,-0.181490714
2026-03-03 11:19:50,-1.415419094,9.753747932,-0.474476268
2026-03-03 11:20:00,-1.497683885,9.795174069,0.192336028
2026-03-03 11:20:10,-1.966604717,9.600803912,0.672988583
2026-03-03 11:20:20,-1.408627072,9.566066202,0.303369236
2026-03-03 11:20:30,-1.358842621,9.598628253,0.419063424
2026-03-03 11:20:40,-1.950318412,9.601540794,1.008322726
2026-03-03 11:20:50,-1.704126075,9.750456293,0.668887662
2026-03-03 11:21:00,-1.660746008,9.563543371,1.081816362
2026-03-03 11:21:10,-2.072173762,9.678338244,0.881708060
2026-03-03 11:21:20,-2.530855621,9.452299529,0.704327790
2026-03-03 11:21:30,-1.716131618,9.516131598,0.797667073
2026-03-03 11:21:40,-1.460174746,9.670119943,1.425631546
2026-03-03 11:21:50,-0.679737061,9.886191626,0.678811394
2026-03-03 11:22:00,-1.180407054,9.547291239,1.075435262
2026-03-03 11:22:10,-1.551853476,9.606008039,0.826525393
2026-03-03 11:22:20,-1.415272883,9.698668096,0.395564842
2026-03-03 11:22:30,-2.032852831,9.460460011,0.698049834
2026-03-03 11:22:40,-1.827487182,9.403400691,0.945457106
2026-03-03 11:22:50,-2.023516992,9.925445156,0.996397849
2026-03-03 11:23:00,-1.926414599,9.462624934,1.281638982
2026-03-03 11:23:10,-1.715391863,9.638594525,1.227134971
2026-03-03 11:23:20,-1.022692792,9.837943744,1.406042899
2026-03-03 11:23:30,-0.863014875,9.556618429,1.146785537
2026-03-03 11:23:40,-1.432162594,9.595364561,1.345735363
2026-03-03 11:23:50,-1.915020880,9.506296781,0.716011323
2026-03-03 11:24:00,-1.207861279,9.590083955,0.292627864
2026-03-03 11:24:10,-1.392960090,9.497448307,0.959207573
2026-03-03 11:24:20,-1.650776312,10.026618961,0.620523691
2026-03-03 11:24:30,-1.279154707,9.675175756,0.500629009
2026-03-03 11:24:40,-0.961799588,9.692782065,0.433348662
2026-03-03 11:24:50,-0.015474229,9.930129902,0.730049318
2026-03-03 11:25:00,0.252953283,9.601227211,1.415279289
2026-03-03 11:25:10,0.239140610,9.684570340,0.988081724
2026-03-03 11:25:20,0.131202741,9.805705347,1.719653891
2026-03-03 11:25:30,-0.519224573,9.536966698,1.715280317
2026-03-03 11:25:40,0.005657276,9.861425213,1.783368254
2026-03-03 11:25:50,-0.322902092,9.545955357,2.427533599
2026-03-03 11:26:00,-0.799990459,9.434475096,1.790292327
2026-03-03 11:26:10,-0.332084824,9.602888335,1.503143782
2026-03-03 11:26:20,-1.061471937,9.543681918,1.936846827
2026-03-03 11:26:30,-1.110171939,9.766343392,1.899893863
2026-03-03 11:26:40,-1.196794677,9.664848125,1.661657165
2026-03-03 11:26:50,-1.188656883,9.569431946,1.789489667
2026-03-03 11:27:00,-1.013379308,9.755426757,2.203682321
2026-03-03 11:27:10,-1.521867223,9.738763338,0.833675326
2026-03-03 11:27:20,-1.349850912,9.315675856,1.522529114
2026-03-03 11:27:30,-1.090387434,9.728518351,1.742298852
2026-03-03 11:27:40,-1.049083418,9.571517628,1.679503253
2026-03-03 11:27:50,-0.227718829,9.589975738,1.944802105
2026-03-03 11:28:00,-0.445568541,9.689748024,1.450859769
2026-03-03 11:28:10,0.445882324,9.619578327,1.528100147
2026-03-03 11:28:20,0.391336190,9.563826928,1.725407162
2026-03-03 11:28:30,-0.146230647,9.935078695,1.410618496
2026-03-03 11:28:40,0.081925457,9.976929329,2.212093846
2026-03-03 11:28:50,0.008392942,9.596207505,1.698934407
2026-03-03 11:29:00,-0.191374554,9.704799274,1.954166639
2026-03-03 11:29:10,-0.212193537,9.570488280,1.861429201
2026-03-03 11:29:20,-0.038755355,9.498024435,1.651205720
2026-03-03 11:29:30,-0.232476626,9.466271982,2.297802711
2026-03-03 11:29:40,-0.435614059,9.098424511,2.125527663
2026-03-03 11:29:50,-0.616135792,9.584919170,1.521274142
2026-03-03 11:30:00,-0.709680681,9.593274249,2.306635075
2026-03-03 11:30:10,-0.064616665,9.486261722,2.105304489
2026-03-03 11:30:20,-0.618599568,9.548745499,2.785132438
2026-03-03 11:30:30,-0.816395676,9.696020119,2.228141390
2026-03-03 11:30:40,-0.450030222,9.735423809,2.251051858
2026-03-03 11:30:50,0.133783058,9.508612146,2.271564303
2026-03-03 11:31:00,-0.219579186,9.663621606,1.913657653
2026-03-03 11:31:10,0.009923323,9.461097451,2.165861125
2026-03-03 11:31:20,0.224733626,9.271249081,2.712906143
2026-03-03 11:31:30,-0.357906236,9.555614060,2.267774911
2026-03-03 11:31:40,-0.055523278,9.605423117,2.675807384
2026-03-03 11:31:50,-0.131953687,9.411494723,2.550002364
2026-03-03 11:32:00,0.467556280,9.519683078,2.834603656
2026-03-03 11:32:10,-0.459565521,8.886508000,2.684786721
2026-03-03 11:32:20,-0.168359345,9.412749499,2.971757567
2026-03-03 11:32:30,-0.476685426,9.567285125,2.550878409
2026-03-03 11:32:40,-0.729145300,9.319604667,2.283518483
2026-03-03 11:32:50,-0.557689328,9.662456785,2.048100034
2026-03-03 11:33:00,-0.422495523,9.493092505,2.386016029
2026-03-03 11:33:10,-0.406538974,9.350194861,2.413997049
2026-03-03 11:33:20,-0.443051342,9.725497385,2.303422684
2026-03-03 11:33:30,-0.436689526,9.187127117,2.145937332
2026-03-03 11:33:40,-0.166234773,9.758173606,1.489295393
2026-03-03 11:33:50,0.109414103,9.677779246,1.116501094
2026-03-03 11:34:00,-0.534472056,9.676139882,1.228707054
2026-03-03 11:34:10,-0.907402433,9.775537741,1.276053015
2026-03-03 11:34:20,-1.385549526,9.643775752,1.525157181
2026-03-03 11:34:30,-0.970158286,9.870801635,1.170773105
2026-03-03 11:34:40,-0.561980128,9.580611528,1.252009306
2026-03-03 11:34:50,-0.183675746,9.774142721,1.060437624
2026-03-03 11:35:00,-0.767144892,9.757702602,1.386185731
2026-03-03 11:35:10,-0.562239859,9.572021457,0.926275784
2026-03-03 11:35:20,-0.661501649,9.789317200,0.747895613
2026-03-03 11:35:30,-0.761801051,9.730606381,1.477492865
2026-03-03 11:35:40,-0.611943550,9.331675852,1.096231663
2026-03-03 11:35:50,-0.109815167,9.760924368,1.479985987
2026-03-03 11:36:00,0.210546355,9.656678449,1.789653188
2026-03-03 11:36:10,0.977501478,9.528807990,1.422013408
2026-03-03 11:36:20,0.268772019,9.687084927,1.604868461
2026-03-03 11:36:30,0.145073610,9.705572639,1.171816961
2026-03-03 11:36:40,-0.100945565,9.846898327,0.916700574
2026-03-03 11:36:50,-0.234616549,9.603154825,0.665573653
2026-03-03 11:37:00,-1.023339920,9.724630897,0.648684736
2026-03-03 11:37:10,-1.198353457,9.902358458,0.799941090
2026-03-03 11:37:20,-0.587162754,9.810958450,0.313132172
2026-03-03 11:37:30,-1.010625381,9.841899014,0.091961611
2026-03-03 11:37:40,-0.836091349,9.747017139,0.160149533
2026-03-03 11:37:50,-0.963573473,9.809842695,-0.267549901
2026-03-03 11:38:00,-0.435448547,9.899361519,-0.066743667
2026-03-03 11:38:10,-0.515030333,9.750171212,-0.082583333
2026-03-03 11:38:20,0.041030107,9.785011821,0.300771627
2026-03-03 11:38:30,-0.213790952,9.812208856,0.606532709
2026-03-03 11:38:40,-0.180629388,9.939335208,0.112936730
2026-03-03 11:38:50,0.351150370,9.769516536,0.216719042
2026-03-03 11:39:00,0.403253978,9.686544187,0.346970722
2026-03-03 11:39:10,0.303833836,9.744881877,0.225942913
2026-03-03 11:39:20,0.769718271,9.790183054,0.525703986
2026-03-03 11:39:30,0.992442831,9.851173658,0.319551809
2026-03-03 11:39:40,1.549609528,9.472729478,0.292192128
2026-03-03 11:39:50,0.696065492,9.805816209,-0.159480916
2026-03-03 11:40:00,0.729627791,9.664278713,0.339527071
2026-03-03 11:40:10,0.543772159,9.645701081,-0.132054962
2026-03-03 11:40:20,0.291681810,9.671688881,0.770742670
2026-03-03 11:40:30,0.017227032,9.796511556,0.500912671
2026-03-03 11:40:40,-0.239964715,9.860194307,0.763361180
2026-03-03 11:40:50,0.049873384,9.733531247,1.200983950
2026-03-03 11:41:00,-0.054724117,9.630043565,1.562106391
2026-03-03 11:41:10,0.049499353,9.917984047,0.708129382
2026-03-03 11:41:20,0.131205446,9.809863153,1.080890357
2026-03-03 11:41:30,-0.298002655,9.920440350,0.705225581
2026-03-03 11:41:40,0.302968309,9.792592150,0.581119823
2026-03-03 11:41:50,-0.153805700,9.980190311,0.926853076
2026-03-03 11:42:00,-0.859257863,9.695835845,1.224520716
2026-03-03 11:42:10,-0.287001662,9.931242693,0.776294541
2026-03-03 11:42:20,0.136851401,10.063162748,1.066772120
2026-03-03 11:42:30,-0.868191346,9.887130511,0.240984525
2026-03-03 11:42:40,-0.521620653,9.742377855,0.176321666
2026-03-03 11:42:50,-1.147507067,9.818820552,0.762081751
2026-03-03 11:43:00,-0.569408261,9.661481465,0.700425115
2026-03-03 11:43:10,-0.615716283,9.548212360,0.761408027
2026-03-03 11:43:20,-0.726892303,9.466384279,1.080303965
2026-03-03 11:43:30,-0.566541645,9.580854195,0.803055710
2026-03-03 11:43:40,-0.004712486,9.953946954,1.066348308
2026-03-03 11:43:50,0.018364171,9.895687748,1.427439867
2026-03-03 11:44:00,-0.031548868,9.847426625,0.250074511
2026-03-03 11:44:10,-0.699616335,9.886309213,0.377161545
2026-03-03 11:44:20,-1.050435400,9.955623952,0.416893955
2026-03-03 11:44:30,-1.455569036,9.717640106,0.432913470
2026-03-03 11:44:40,-0.922632846,9.870119378,0.207277514
2026-03-03 11:44:50,-0.622318846,9.740598602,-0.081275291
2026-03-03 11:45:00,-1.771162536,9.791204401,0.067421056
2026-03-03 11:45:10,-1.337582580,10.012117923,-0.277297751
2026-03-03 11:45:20,-0.961826872,9.587457179,-0.015446724
2026-03-03 11:45:30,-0.623257681,9.820187889,-0.204161484
2026-03-03 11:45:40,-0.198064456,9.639938884,-0.425962882
2026-03-03 11:45:50,-0.464937358,9.558861896,-0.703611756
2026-03-03 11:46:00,-0.279554593,9.989219214,-0.751072934
2026-03-03 11:46:10,-0.424577556,9.997377006,-1.203969924
2026-03-03 11:46:20,-0.551976725,9.675763271,-0.656537337
2026-03-03 11:46:30,-1.058720419,9.657527536,-1.802810753
2026-03-03 11:46:40,-1.242993815,9.641323145,-1.215335215
2026-03-03 11:46:50,-0.869673578,9.652028421,-1.436329465
2026-03-03 11:47:00,-0.889556906,9.308651716,-3.008034490
2026-03-03 11:47:10,-0.374013683,9.547376498,-2.500742957
2026-03-03 11:47:20,-0.275680991,9.328670590,-2.260832516
2026-03-03 11:47:30,-0.142633215,9.884471437,-1.844561491
2026-03-03 11:47:40,-0.006848017,9.314657127,-1.870208484
2026-03-03 11:47:50,-0.147594600,9.866071434,-1.796883487
2026-03-03 11:48:00,1.181366140,9.477670126,-1.567559889
2026-03-03 11:48:10,0.796983021,9.408891702,-1.680564623
2026-03-03 11:48:20,0.311521268,9.609311803,-1.741466532
2026-03-03 11:48:30,1.274290179,9.420166624,-1.529246879
2026-03-03 11:48:40,1.771965753,9.551248802,-1.703004919
2026-03-03 11:48:50,2.134019602,9.406831981,-1.782992655
2026-03-03 11:49:00,2.054025152,9.616586504,-1.223235845
2026-03-03 11:49:10,2.316681659,9.385780503,-1.160883196
2026-03-03 11:49:20,2.042541768,9.495484503,-1.217208987
2026-03-03 11:49:30,2.544549747,9.274537728,-1.169291495
2026-03-03 11:49:40,2.617368668,9.542659039,-0.626617561
2026-03-03 11:49:50,2.604050443,9.387944436,-0.056959959
2026-03-03 11:50:00,1.675001490,9.701398545,-0.830616442
2026-03-03 11:50:10,2.210556502,9.462198496,-0.772160612
2026-03-03 11:50:20,1.831369607,9.674741423,-0.098149776
2026-03-03 11:50:30,0.434327421,9.498004078,-0.472070044
2026-03-03 11:50:40,0.040440922,9.927968791,-0.843894455
2026-03-03 11:50:50,-0.517090805,9.433894515,-0.824601304
2026-03-03 11:51:00,-0.335553060,9.578510654,-1.795821520
2026-03-03 11:51:10,-0.649667721,9.265135582,-1.769789254
2026-03-03 11:51:20,-1.627612142,9.760389591,-2.058045949
2026-03-03 11:51:30,-1.847565781,9.241927108,-1.744479395
2026-03-03 11:51:40,-2.292736117,9.386610495,-1.522950148
2026-03-03 11:51:50,-2.779003641,9.371801711,-1.462486823
2026-03-03 11:52:00,-2.633843974,9.299693633,-2.546767434
2026-03-03 11:52:10,-2.119597822,9.063491972,-2.794096810
2026-03-03 11:52:20,-2.382615321,8.676579165,-3.227265791
2026-03-03 11:52:30,-1.801222036,8.706868170,-3.984182474
2026-03-03 11:52:40,-2.251127237,8.396165492,-3.988516175
2026-03-03 11:52:50,-2.582304819,8.376827973,-4.325471781
2026-03-03 11:53:00,-1.985831967,8.684687922,-4.015921082
2026-03-03 11:53:10,-1.909752884,9.092806401,-3.698190430
2026-03-03 11:53:20,-2.865936552,8.618245027,-2.965502254
2026-03-03 11:53:30,-3.735777996,8.319150380,-3.491952180
2026-03-03 11:53:40,-4.108066029,8.240220223,-3.554957839
2026-03-03 11:53:50,-3.893348687,8.514962958,-2.856147935
2026-03-03 11:54:00,-4.441404774,8.286240428,-2.884230838
2026-03-03 11:54:10,-4.322468244,8.446369808,-2.389007247
2026-03-03 11:54:20,-4.295873421,8.433224365,-2.714592521
2026-03-03 11:54:30,-4.089586902,8.342586124,-3.464851048
2026-03-03 11:54:40,-3.540213239,8.513861115,-3.439710935
2026-03-03 11:54:50,-3.656042805,8.316949942,-3.779949888
2026-03-03 11:55:00,-4.266115654,8.030931514,-3.248355895
2026-03-03 11:55:10,-4.257907471,8.113291249,-3.532256531
2026-03-03 11:55:20,-4.444288471,8.075403190,-3.835725584
2026-03-03 11:55:30,-4.427752533,8.423772539,-2.389833342
2026-03-03 11:55:40,-4.268726670,8.847641376,-2.719851855
2026-03-03 11:55:50,-4.402914398,8.521918330,-1.999975091
2026-03-03 11:56:00,-4.487329235,8.356613322,-3.152949661
2026-03-03 11:56:10,-4.980317782,8.199903023,-2.737537070
2026-03-03 11:56:20,-4.729713074,8.272606888,-2.273289675
2026-03-03 11:56:30,-4.708331003,7.954146194,-2.841656480
2026-03-03 11:56:40,-5.090323046,7.854093365,-2.511355178
2026-03-03 11:56:50,-4.541445780,8.168737325,-2.241457756
2026-03-03 11:57:00,-4.659668264,8.420866253,-2.237480659
2026-03-03 11:57:10,-3.893483440,8.705604461,-1.425664848
2026-03-03 11:57:20,-3.404537214,8.793794203,-1.016854126
2026-03-03 11:57:30,-3.183792777,9.068268004,-0.845368404
2026-03-03 11:57:40,-1.889410889,9.837938037,-0.510171954
2026-03-03 11:57:50,-1.792333931,9.883807640,-0.800767848
2026-03-03 11:58:00,-0.709904426,9.607656753,-0.349435889
2026-03-03 11:58:10,-0.573001304,9.632415379,-0.957525341
2026-03-03 11:58:20,-0.082470787,9.815824368,-1.368864386
2026-03-03 11:58:30,-0.394737358,9.719929107,-1.342672277
2026-03-03 11:58:40,0.428717839,9.797296036,-1.544431018
2026-03-03 11:58:50,0.903411543,9.556291682,-1.716466231
2026-03-03 11:59:00,0.115932418,9.889602195,-1.129905736
2026-03-03 11:59:10,0.121850814,9.596817776,-1.480652597
2026-03-03 11:59:20,0.820152136,9.275934903,-2.622864317
2026-03-03 11:59:30,0.458797428,9.610022796,-2.963836789
2026-03-03 11:59:40,-0.447995522,9.398852302,-2.425045528
2026-03-03 11:59:50,-0.268750417,9.555296511,-2.353964422
2026-03-03 12:00:00,-0.900065698,9.314804113,-2.496294741
2026-03-03 12:00:10,-0.186108995,9.565449931,-2.162592124
2026-03-03 12:00:20,0.403278892,9.871889832,-1.820240494
2026-03-03 12:00:30,0.277757560,9.267477176,-2.328776904
2026-03-03 12:00:40,0.169727652,9.529262230,-1.832877026
2026-03-03 12:00:50,-0.195765927,9.762562133,-1.388360187
2026-03-03 12:01:00,-0.104466904,9.615319275,-0.995413648
2026-03-03 12:01:10,-0.954712311,9.724473731,-1.545254999
2026-03-03 12:01:20,-1.463032073,9.438010479,-1.714486498
2026-03-03 12:01:30,-1.013099952,9.766336131,-1.420936276
2026-03-03 12:01:40,-1.164434619,9.678866631,-0.765240056
2026-03-03 12:01:50,-0.832483429,9.687520293,-0.642917436
2026-03-03 12:02:00,-1.090390613,9.655116611,-0.971059188
2026-03-03 12:02:10,-1.503401374,9.558987344,-1.272067444
2026-03-03 12:02:20,-1.585712730,9.552204252,-1.297358623
2026-03-03 12:02:30,-1.923069686,9.598260029,-1.670894219
2026-03-03 12:02:40,-1.869845591,9.405270454,-1.439752424
2026-03-03 12:02:50,-1.883546056,9.427199068,-1.420015200
2026-03-03 12:03:00,-1.981566057,9.682557898,-0.621121500
2026-03-03 12:03:10,-2.208472452,9.530984647,-0.163466210
2026-03-03 12:03:20,-2.364598759,9.521227485,-0.200092858
2026-03-03 12:03:30,-2.153250429,9.423145800,0.035000176
2026-03-03 12:03:40,-2.130900600,9.552968452,0.578635913
2026-03-03 12:03:50,-2.210108929,9.408202028,1.186138680
2026-03-03 12:04:00,-1.489907867,9.630540595,0.567401035
2026-03-03 12:04:10,-2.497931681,9.764196510,0.666011044
2026-03-03 12:04:20,-1.880247807,9.740499054,0.390140248
2026-03-03 12:04:30,-1.653268929,9.698217324,0.994127546
2026-03-03 12:04:40,-1.372087064,9.873012407,0.991036271
2026-03-03 12:04:50,-2.327175880,9.573404564,0.386377895
2026-03-03 12:05:00,-2.645181915,9.711840766,-0.346073975
2026-03-03 12:05:10,-2.945871019,9.202232000,-0.485760490
2026-03-03 12:05:20,-3.496330668,9.204739102,0.067890130
2026-03-03 12:05:30,-2.941195833,9.429646197,-0.045281655
2026-03-03 12:05:40,-3.016655919,9.270922421,0.686667356
2026-03-03 12:05:50,-3.660345364,9.058050353,0.991352515
2026-03-03 12:06:00,-4.264855667,8.636004668,0.705470176
2026-03-03 12:06:10,-5.992631243,7.970426207,0.335162475
2026-03-03 12:06:20,-4.545502579,8.715528383,0.429650382
2026-03-03 12:06:30,-4.155776880,8.641470461,1.663634854
2026-03-03 12:06:40,-4.209465876,8.463450614,2.484079424
2026-03-03 12:06:50,-4.326990173,8.443000151,2.076990128
2026-03-03 12:07:00,-4.387515105,8.497078047,2.154556157
2026-03-03 12:07:10,-3.921890492,8.727621511,2.927214702
2026-03-03 12:07:20,-4.039572827,8.193616672,3.538289083
2026-03-03 12:07:30,-4.350731611,7.962240880,3.449937737
2026-03-03 12:07:40,-4.463354205,8.112578547,2.906594669
2026-03-03 12:07:50,-4.090738543,8.521711662,2.212842703
2026-03-03 12:08:00,-4.655800893,8.293132165,1.770505550
2026-03-03 12:08:10,-6.132561718,7.958696399,0.903150676
2026-03-03 12:08:20,-5.243363699,8.111115510,1.645329409
2026-03-03 12:08:30,-5.353484499,7.813261554,1.846468621
2026-03-03 12:08:40,-4.064076459,8.650853021,2.208285934
2026-03-03 12:08:50,-4.586511029,8.336729990,3.310155962
2026-03-03 12:09:00,-5.340271907,7.933123669,2.832596558
2026-03-03 12:09:10,-4.716403853,8.465612229,2.633225841
2026-03-03 12:09:20,-4.980262719,7.841262919,2.994112796
2026-03-03 12:09:30,-5.065759096,7.832089125,2.684050309
2026-03-03 12:09:40,-5.829483629,7.212342622,3.451889658
2026-03-03 12:09:50,-6.256262150,6.312424792,3.797884269
2026-03-03 12:10:00,-5.763791648,6.551561022,4.659768664
2026-03-03 12:10:10,-5.989765292,5.941976368,5.371639323
2026-03-03 12:10:20,-5.341855160,6.197238062,5.272557898
2026-03-03 12:10:30,-4.587280930,7.457120704,4.825442936
2026-03-03 12:10:40,-4.308753024,7.619940879,4.282127057
2026-03-03 12:10:50,-4.151264222,7.346174013,4.929522307
2026-03-03 12:11:00,-5.076990589,7.527314004,3.837913480
2026-03-03 12:11:10,-4.441555537,7.336408425,4.481758766
2026-03-03 12:11:20,-4.362733313,8.040792214,3.682837025
2026-03-03 12:11:30,-4.972326456,7.436963109,4.431323976
2026-03-03 12:11:40,-5.066198971,7.059479952,4.557884225
2026-03-03 12:11:50,-5.750087716,7.013519202,4.171277295
2026-03-03 12:12:00,-5.708358450,6.267253439,3.983598460
2026-03-03 12:12:10,-6.220903719,7.032318911,3.345899678
2026-03-03 12:12:20,-6.106954851,6.816628094,3.387771607
2026-03-03 12:12:30,-5.964616516,6.852019140,3.793266530
2026-03-03 12:12:40,-6.241437478,6.781089626,3.487890350
2026-03-03 12:12:50,-5.870943904,7.106793323,3.600848972
2026-03-03 12:13:00,-5.326171732,7.002123148,4.205779953
2026-03-03 12:13:10,-5.221862197,6.814798955,4.293562298
2026-03-03 12:13:20,-5.330054746,7.233719928,3.685426233
2026-03-03 12:13:30,-5.082361212,7.478770637,3.458431699
2026-03-03 12:13:40,-5.360711036,7.019826039,4.186870152
2026-03-03 12:13:50,-4.825567566,7.022945677,4.759449350
2026-03-03 12:14:00,-5.184491011,7.307937901,4.050834245
2026-03-03 12:14:10,-5.669824036,6.905652168,4.183704315
2026-03-03 12:14:20,-5.330303089,6.903289673,4.507464153
2026-03-03 12:14:30,-5.277059406,7.438690507,3.613989254
2026-03-03 12:14:40,-5.255407012,7.547990139,3.249138280
2026-03-03 12:14:50,-4.737397147,7.806715750,3.865204360
2026-03-03 12:15:00,-4.884727441,8.071998750,3.246648186
2026-03-03 12:15:10,-4.740756373,8.127932041,2.701206329
2026-03-03 12:15:20,-4.401981032,8.005175657,2.915793202
2026-03-03 12:15:30,-4.412030416,8.109316733,3.147256595
2026-03-03 12:15:40,-3.992841545,8.141013076,3.452605736
2026-03-03 12:15:50,-3.820082414,8.457304306,2.912780824
2026-03-03 12:16:00,-1.837221705,2.152887705,10.517819959
2026-03-03 12:16:10,-3.576948991,6.251149029,6.490839650
2026-03-03 12:16:20,1.361566795,2.916819398,9.766502413
2026-03-03 12:16:30,6.463739849,6.130708318,3.411534545
2026-03-03 12:16:40,6.155088845,6.553034630,2.533976073
2026-03-03 12:16:50,1.351937745,8.339005254,3.034541583
2026-03-03 12:17:00,3.782025527,9.088154557,1.428472212
2026-03-03 12:17:10,3.413400081,8.815166747,1.425221983
2026-03-03 12:17:20,4.676892323,8.730612044,2.334665941
2026-03-03 12:17:30,5.980199892,8.333756298,1.649751691
2026-03-03 12:17:40,3.346935769,9.399752999,0.357714520
2026-03-03 12:17:50,2.968092860,8.373513690,3.058502910
2026-03-03 12:18:00,4.722224555,6.670858403,5.560326308
2026-03-03 12:18:10,1.359456507,4.239567269,9.264588091
2026-03-03 12:18:20,1.003601208,5.420643133,8.067690317
2026-03-03 12:18:30,1.357347638,3.430850786,9.093683850
2026-03-03 12:18:40,0.591588842,4.110508955,8.547784405
2026-03-03 12:18:50,1.960574988,4.928122119,8.039267903
2026-03-03 12:19:00,4.292025984,3.680314338,7.919651417
2026-03-03 12:19:10,4.103285700,4.063642302,7.754066544
2026-03-03 12:19:20,5.013908624,4.530814761,6.790803759
2026-03-03 12:19:30,5.444755628,6.304408059,5.747601338
2026-03-03 12:19:40,5.295718129,5.297636927,5.648799290
2026-03-03 12:19:50,6.198786843,6.017053448,4.525360606
2026-03-03 12:20:00,5.184836239,7.811810471,4.123061544
2026-03-03 12:20:10,4.431948511,7.100481485,5.384483601
2026-03-03 12:20:20,3.378652973,8.000162134,4.432687592
2026-03-03 12:20:30,3.875689009,8.259071687,4.360536601
2026-03-03 12:20:40,4.382356858,7.620068589,3.907856615
2026-03-03 12:20:50,3.303513007,7.343383753,4.471370807
2026-03-03 12:21:00,4.692966748,7.225382942,5.407968298
2026-03-03 12:21:10,2.263173209,7.425188826,5.634623040
2026-03-03 12:21:20,3.341266993,7.705899434,5.130842387
2026-03-03 12:21:30,0.409592884,7.436580542,5.598973835
2026-03-03 12:21:40,2.135219454,7.742230205,4.657991735
2026-03-03 12:21:50,3.486884419,7.750382831,5.273486248
2026-03-03 12:22:00,3.152470279,7.412775596,5.167168646
2026-03-03 12:22:10,-0.288120085,7.609539971,6.160491664
2026-03-03 12:22:20,1.747224118,6.904150822,6.338907700
2026-03-03 12:22:30,1.888825036,6.906393914,6.433197231
2026-03-03 12:22:40,1.796947317,6.521819158,7.121337160
2026-03-03 12:22:50,2.084210340,6.773146664,6.765116884
2026-03-03 12:23:00,0.721639844,6.921186341,6.911269770
2026-03-03 12:23:10,-0.409087046,6.981079463,7.277880690
2026-03-03 12:23:20,-0.406394710,7.641164583,6.832552596
2026-03-03 12:23:30,-1.118573410,6.795892581,6.730970711
2026-03-03 12:23:40,0.008342436,7.882799325,5.575293824
2026-03-03 12:23:50,1.753752258,7.565874794,5.683681197
2026-03-03 12:24:00,1.942598159,8.193183928,5.849869048
2026-03-03 12:24:10,2.487272136,7.923075339,4.984407409
2026-03-03 12:24:20,2.497825553,8.201499007,5.418005701
2026-03-03 12:24:30,2.297428215,7.002157356,5.695034109
2026-03-03 12:24:40,2.906597326,7.298797302,6.427216299
2026-03-03 12:24:50,3.486720795,5.947158526,7.200902569
2026-03-03 12:25:00,2.871446575,6.572549576,6.926028988
2026-03-03 12:25:10,3.078232764,6.453374739,6.820861921
2026-03-03 12:25:20,3.643284055,7.154983187,6.850732038
2026-03-03 12:25:30,2.270791297,6.878122539,7.196093995
2026-03-03 12:25:40,1.212148671,6.306150167,7.871154734
2026-03-03 12:25:50,1.890329713,5.675053863,8.092723211
2026-03-03 12:26:00,0.988316959,6.425609626,7.826899409
2026-03-03 12:26:10,0.378214185,5.866332254,8.137928142
2026-03-03 12:26:20,0.124902324,5.741528765,8.037206109
2026-03-03 12:26:30,0.000478830,5.654948117,8.215028371
2026-03-03 12:26:40,0.463988522,5.875901780,7.319953706
2026-03-03 12:26:50,1.259398377,6.249974997,6.986226591
2026-03-03 12:27:00,0.559633546,6.721137669,7.299130077
2026-03-03 12:27:10,0.582121988,6.634201415,7.358493602
2026-03-03 12:27:20,0.878253482,6.571632250,7.414618152
2026-03-03 12:27:30,0.480090332,6.398643919,7.524995837
2026-03-03 12:27:40,0.903096579,6.925620523,7.255747576
2026-03-03 12:27:50,0.498064665,7.630096262,6.580819899
2026-03-03 12:28:00,-0.411056968,7.004380543,6.892228501
2026-03-03 12:28:10,-0.755304525,6.470797702,7.033885327
2026-03-03 12:28:20,0.795681403,6.555764321,7.461183073
2026-03-03 12:28:30,0.486969122,6.281554437,7.813440240
2026-03-03 12:28:40,0.915582084,4.860783235,8.175432324
2026-03-03 12:28:50,2.287473606,5.243043014,8.121774125
2026-03-03 12:29:00,2.367010929,4.954585257,7.907464123
2026-03-03 12:29:10,2.031388327,5.219843702,6.861270142
2026-03-03 12:29:20,1.683721873,6.426610182,6.875178577
2026-03-03 12:29:30,1.492658165,6.051697016,7.225617155
2026-03-03 12:29:40,1.678817423,6.220298759,7.185960509
2026-03-03 12:29:50,1.922439711,4.649662957,8.705859785
2026-03-03 12:30:00,0.752123858,4.733099875,8.839977326
2026-03-03 12:30:10,-0.154728646,4.799235580,8.353355210
2026-03-03 12:30:20,0.369451287,6.160185803,7.819248370
2026-03-03 12:30:30,0.718356550,6.636505717,6.822474377
2026-03-03 12:30:40,1.874474600,7.168128896,6.897945612
2026-03-03 12:30:50,1.380046265,6.317847355,6.568008328
2026-03-03 12:31:00,0.401638604,6.101883837,7.579732761
2026-03-03 12:31:10,-0.915838898,6.459529262,6.924574142
2026-03-03 12:31:20,1.464507563,4.713193710,8.170633529
2026-03-03 12:31:30,2.107784891,3.890353248,8.754891271
2026-03-03 12:31:40,3.357468871,4.280702394,8.535535416
2026-03-03 12:31:50,2.358868448,3.885991774,8.293436093
2026-03-03 12:32:00,3.109138223,2.984637826,8.226484255
2026-03-03 12:32:10,3.642706933,4.473789059,7.969576274
2026-03-03 12:32:20,2.680079215,4.497973829,7.882148484
2026-03-03 12:32:30,1.874683463,4.747550247,8.518613683
2026-03-03 12:32:40,2.080080088,5.910932371,7.678209347
2026-03-03 12:32:50,3.562920690,5.411959275,7.501953266
2026-03-03 12:33:00,1.874021186,4.681866117,8.657317475
2026-03-03 12:33:10,1.166206362,3.059436644,9.365187422
2026-03-03 12:33:20,-0.488320185,2.536721793,10.053213994
2026-03-03 12:33:30,1.804542456,1.730226361,9.264028401
2026-03-03 12:33:40,0.423482585,0.846898187,9.423604462
2026-03-03 12:33:50,1.963278429,-0.340838911,9.648907924
2026-03-03 12:34:00,3.337490125,0.328432118,8.997731635
2026-03-03 12:34:10,5.088349870,-0.840900490,8.225607098
2026-03-03 12:34:20,5.021843367,-0.387577114,8.819186847
2026-03-03 12:34:30,4.921466043,-0.717921240,8.912777871
2026-03-03 12:34:40,5.442650503,-2.066950900,7.547184402
2026-03-03 12:34:50,6.833075735,-0.162020808,6.642372336
2026-03-03 12:35:00,7.264634316,-1.042322834,6.008567040
2026-03-03 12:35:10,6.420867237,3.811986766,5.426367200
2026-03-03 12:35:20,8.340124857,4.707420520,-2.517147763
2026-03-03 12:35:30,6.429013043,4.558479255,-5.395003621
2026-03-03 12:35:40,3.259821393,7.429477690,-5.855375425
2026-03-03 12:35:50,3.555929283,4.385962179,-7.662804006
2026-03-03 12:36:00,2.202512394,4.744665969,-8.418142705
2026-03-03 12:36:10,4.502423603,4.945689559,-7.214280306
2026-03-03 12:36:20,2.736126662,2.500927522,-8.792210189
2026-03-03 12:36:30,1.960477634,2.469902558,-9.249469353
2026-03-03 12:36:40,1.113496725,2.584201434,-9.375990112
2026-03-03 12:36:50,1.893604415,4.598171673,-8.907661759
2026-03-03 12:37:00,-0.813711869,4.616614906,-8.741218403
2026-03-03 12:37:10,-3.152941489,3.531669081,-8.671976907
2026-03-03 12:37:20,-1.813239184,-0.411551369,-9.030782255
2026-03-03 12:37:30,1.446812453,2.071104824,-9.715840318
2026-03-03 12:37:40,-0.384743592,2.841459941,-9.148704683
2026-03-03 12:37:50,3.006134212,7.009750847,-5.364015417
2026-03-03 12:38:00,5.332461141,4.613174502,-6.415382910
2026-03-03 12:38:10,6.711013695,0.503332345,-6.819942141
2026-03-03 12:38:20,8.457706267,-5.395860021,-1.888584044
2026-03-03 12:38:30,3.101679682,3.361883054,-9.234464106
2026-03-03 12:38:40,-4.317624323,7.672615754,-4.129210345
2026-03-03 12:38:50,-6.681784095,6.836084442,-4.152699000
2026-03-03 12:39:00,-6.214792129,6.757851801,-3.564242548
2026-03-03 12:39:10,-5.919410455,5.771982878,-5.164547552
2026-03-03 12:39:20,-6.865167880,6.720083349,-3.298548548
2026-03-03 12:39:30,-6.612187876,5.928684239,-2.836817791
2026-03-03 12:39:40,-7.321979886,5.518116682,-3.081361393
2026-03-03 12:39:50,-7.609876186,4.776144077,-1.472863616
2026-03-03 12:40:00,-8.983845270,3.513621656,-0.208297167
2026-03-03 12:40:10,-9.731201115,-0.116025645,0.108640349
2026-03-03 12:40:20,-9.625212538,0.522155855,-0.842747767
2026-03-03 12:40:30,-10.326058496,-0.814002593,-0.717508449
2026-03-03 12:40:40,-8.959326708,0.442413578,-2.868244409
2026-03-03 12:40:50,-9.077313854,-1.145506329,-2.580630340
2026-03-03 12:41:00,-9.278811375,0.436141758,-1.547311659
2026-03-03 12:41:10,-8.943073978,-0.126652935,-3.495446444
2026-03-03 12:41:20,-8.880146976,1.324650594,-2.146842175
2026-03-03 12:41:30,-10.244769210,2.203862300,-0.538085465
2026-03-03 12:41:40,-10.323363486,0.191760981,0.724981596
2026-03-03 12:41:50,-9.972077010,1.416942286,0.309847901
2026-03-03 12:42:00,-9.593402931,-1.630514551,2.881874352
2026-03-03 12:42:10,-9.088853737,-2.683805784,2.585047279
2026-03-03 12:42:20,-8.666012286,-2.826444552,2.164052712
2026-03-03 12:42:30,-8.929138646,-3.532565904,1.128419844
2026-03-03 12:42:40,-8.974677423,-3.645185438,0.944029526
2026-03-03 12:42:50,-8.311297051,-4.970286737,2.207518238
2026-03-03 12:43:00,-8.226910469,-4.788892751,1.533262325
2026-03-03 12:43:10,-8.395717363,-5.573828701,1.048330816
2026-03-03 12:43:20,-7.433719944,-5.255470144,2.119583135
2026-03-03 12:43:30,-8.530884983,-4.990769397,1.736664729
2026-03-03 12:43:40,-7.937166049,-4.696857716,2.251976578
2026-03-03 12:43:50,-8.487553749,-4.481311598,1.609849477
2026-03-03 12:44:00,-8.453725135,-4.553917194,3.442422219
2026-03-03 12:44:10,-7.953266096,-3.909419970,3.007216390
2026-03-03 12:44:20,-7.750129152,-5.168643632,2.948386570
2026-03-03 12:44:30,-7.129366954,-5.029109311,4.000186221
2026-03-03 12:44:40,-8.235053317,-5.411938036,1.785034587
2026-03-03 12:44:50,-7.883342284,-5.266549960,1.837933227
2026-03-03 12:45:00,-8.243619401,-4.554930563,0.663127901
2026-03-03 12:45:10,-8.223424514,-5.126420153,0.523613848
2026-03-03 12:45:20,-9.241845297,-4.392310048,0.058885316
2026-03-03 12:45:30,-7.837388400,-5.255716116,-0.139044334
2026-03-03 12:45:40,-9.071944976,-5.006468102,0.548617207
2026-03-03 12:45:50,-8.130174844,-4.568424863,-0.088794480
2026-03-03 12:46:00,-8.091111762,-5.466507591,-1.231961228
2026-03-03 12:46:10,-8.307657579,-6.309183667,-0.746747407
2026-03-03 12:46:20,-8.536181280,-5.608473600,-0.051827384
2026-03-03 12:46:30,-7.776740819,-6.205323534,0.702009541
2026-03-03 12:46:40,-7.071256981,-6.376853786,1.038896711
2026-03-03 12:46:50,-6.936927588,-6.606673805,0.217293985
2026-03-03 12:47:00,-7.914488623,-5.477777618,0.192927529
2026-03-03 12:47:10,-9.097866156,-5.301965442,1.203863153
2026-03-03 12:47:20,-8.527782431,-4.538275913,1.274236897
2026-03-03 12:47:30,-8.571430305,-5.128265803,0.547385522
2026-03-03 12:47:40,-7.522459991,-6.431364358,0.197916909
2026-03-03 12:47:50,-7.488587400,-5.883713278,-1.006417754
2026-03-03 12:48:00,-7.675192597,-6.236285914,-2.034249455
2026-03-03 12:48:10,-7.593223132,-6.629379859,-0.853707719
2026-03-03 12:48:20,-6.505570104,-6.142076442,-1.838307125
2026-03-03 12:48:30,-8.018149938,-5.825918775,-1.602179094
2026-03-03 12:48:40,-7.873369323,-6.137334095,-1.491383333
2026-03-03 12:48:50,-7.770072353,-5.898454514,-2.156145105
2026-03-03 12:49:00,-6.602838152,-6.109870373,-1.862350280
2026-03-03 12:49:10,-7.275587113,-6.368350908,-0.655105297
2026-03-03 12:49:20,-6.788391073,-6.854409777,-1.617711005
2026-03-03 12:49:30,-7.757800868,-5.879711361,-1.314436820
2026-03-03 12:49:40,-8.173726194,-6.420974796,-1.825221136
2026-03-03 12:49:50,-7.458588948,-5.707348425,-2.896705133
2026-03-03 12:50:00,-7.151644780,-6.993413858,-2.685794252
2026-03-03 12:50:10,-7.780643210,-5.850932190,-3.007477959
2026-03-03 12:50:20,-7.826988953,-5.223576810,-2.812281856
2026-03-03 12:50:30,-7.068380199,-6.201457354,-3.589926686
2026-03-03 12:50:40,-6.027409694,-6.792271590,-4.663738687
2026-03-03 12:50:50,-6.099373657,-6.628128580,-5.276102794
2026-03-03 12:51:00,-5.037233410,-6.742138661,-4.664681226
2026-03-03 12:51:10,-4.238852236,-7.138152458,-5.000368348
2026-03-03 12:51:20,-3.879233299,-6.894283736,-4.702868953
2026-03-03 12:51:30,-3.002525052,-6.725917544,-6.036821563
2026-03-03 12:51:40,-3.511572010,-6.421437351,-6.302316081
2026-03-03 12:51:50,-4.742891907,-6.523684171,-5.669101529
2026-03-03 12:52:00,-4.478817528,-7.315156411,-5.044124022
2026-03-03 12:52:10,-5.357926538,-7.628738309,-3.250229919
2026-03-03 12:52:20,-4.692993164,-6.947114868,-4.481135829
2026-03-03 12:52:30,-3.960421439,-7.640281387,-4.533254759
2026-03-03 12:52:40,-4.750034935,-8.044257512,-3.674322262
2026-03-03 12:52:50,-4.184441087,-8.225026107,-3.426199264
2026-03-03 12:53:00,-3.540065566,-8.297259113,-3.267010882
2026-03-03 12:53:10,-3.402470740,-8.269234350,-4.281209072
2026-03-03 12:53:20,-2.469618924,-9.106190060,-4.863529918
2026-03-03 12:53:30,-0.390258061,-9.338923453,-3.493463144
2026-03-03 12:53:40,1.548740956,-8.531399642,-3.512039552
2026-03-03 12:53:50,2.273288726,-8.941505624,-2.410558778
2026-03-03 12:54:00,3.212915313,-9.025931801,-2.317817957
2026-03-03 12:54:10,2.283615111,-8.962621246,-1.321023030
2026-03-03 12:54:20,3.508410219,-9.024988347,2.197059835
2026-03-03 12:54:30,7.107105711,-6.849130349,-0.368493134
2026-03-03 12:54:40,5.355972217,-7.989623485,-2.176391064
2026-03-03 12:54:50,4.524485402,-8.645175396,-0.144424381
2026-03-03 12:55:00,5.188522544,-8.004288427,0.583800576
2026-03-03 12:55:10,4.359796839,-8.400441153,-0.930353622
2026-03-03 12:55:20,6.494492633,-7.480849477,-1.491482576
2026-03-03 12:55:30,6.257169580,-7.769324368,-1.620341809
2026-03-03 12:55:40,5.301022134,-7.629367529,-2.925372919
2026-03-03 12:55:50,5.549747443,-7.403309258,-2.637412064
2026-03-03 12:56:00,4.336898335,-7.763387019,-3.284769946
2026-03-03 12:56:10,2.576055083,-8.942342534,-4.786686247
2026-03-03 12:56:20,3.900803872,-8.847915253,-2.312125804
2026-03-03 12:56:30,3.874071627,-8.506978315,-2.004834784
2026-03-03 12:56:40,3.193879688,-8.927232135,-1.830513439
2026-03-03 12:56:50,4.114336083,-8.551886950,-2.356018255
2026-03-03 12:57:00,5.869727348,-8.301769207,-1.596925945
2026-03-03 12:57:10,5.442837057,-7.623031229,-0.674646172
2026-03-03 12:57:20,5.797669656,-7.861787540,-0.846736925
2026-03-03 12:57:30,6.469813287,-7.304156630,-2.238830324
2026-03-03 12:57:40,6.780821329,-6.555404585,-0.504917052
2026-03-03 12:57:50,6.093929860,-7.410844912,-1.832499209
2026-03-03 12:58:00,7.446427041,-6.692926423,-1.552432233
2026-03-03 12:58:10,8.080680800,-5.836315577,0.302509729
2026-03-03 12:58:20,7.650732058,-5.301300946,0.499192335
2026-03-03 12:58:30,8.891717549,-3.759000897,-0.603692248
2026-03-03 12:58:40,7.511492680,-5.678680081,-0.547713080
2026-03-03 12:58:50,7.550201595,-5.362367390,-0.773681087
2026-03-03 12:59:00,7.586605424,-6.711836837,0.651890106
2026-03-03 12:59:10,6.904097715,-6.477977858,0.511285955
2026-03-03 12:59:20,7.431669448,-6.444116732,0.580715391
2026-03-03 12:59:30,7.171341112,-6.499323515,0.039855792
2026-03-03 12:59:40,6.628547685,-7.099443973,0.948721633
2026-03-03 12:59:50,7.211806077,-6.738748130,-0.163955966
2026-03-03 13:00:00,7.853775234,-6.503410676,-0.390324796
2026-03-03 13:00:10,7.368029302,-6.099212219,-0.167488668
2026-03-03 13:00:20,7.465010146,-6.066203427,-0.832235357
2026-03-03 13:00:30,7.969674309,-4.953148238,-1.715066503
2026-03-03 13:00:40,7.661733323,-5.580086600,-2.740719790
2026-03-03 13:00:50,8.014943075,-5.836249405,-2.448374460
2026-03-03 13:01:00,7.049919023,-5.730658753,-2.715635512
2026-03-03 13:01:10,7.977795164,-5.067652540,-1.858093373
2026-03-03 13:01:20,7.991810397,-5.411747886,-1.308875408
2026-03-03 13:01:30,8.794198705,-5.024044457,-1.493727733
2026-03-03 13:01:40,8.130409732,-5.245236723,-2.134215103
2026-03-03 13:01:50,8.509596488,-4.931244032,-2.543354407
2026-03-03 13:02:00,8.549389205,-4.516745614,-2.278802808
2026-03-03 13:02:10,7.549476234,-4.369757976,-2.178864651
2026-03-03 13:02:20,8.340431034,-4.614074268,-1.516261036
2026-03-03 13:02:30,7.863988468,-5.663004943,-1.557621864
2026-03-03 13:02:40,8.266069149,-5.470064563,-1.812643663
2026-03-03 13:02:50,8.261076365,-5.432237005,-1.642639475
2026-03-03 13:03:00,8.049826885,-4.573544168,-1.848284237
2026-03-03 13:03:10,8.687516940,-4.863864929,-2.378141398
2026-03-03 13:03:20,8.518073411,-4.510741797,-2.217989905
2026-03-03 13:03:30,8.593916518,-4.057327345,-2.146602409
2026-03-03 13:03:40,8.386821502,-4.769984097,-2.207399645
2026-03-03 13:03:50,8.514122153,-4.244638276,-0.942323584
2026-03-03 13:04:00,8.419237428,-4.183129585,-1.919703328
2026-03-03 13:04:10,8.841270173,-3.827115584,-0.748745559
2026-03-03 13:04:20,8.950028339,-3.883971955,-0.180884038
2026-03-03 13:04:30,9.381141475,-3.893566618,0.569542305
2026-03-03 13:04:40,8.582655002,-4.232365234,-0.078643438
2026-03-03 13:04:50,8.898332837,-4.528960337,-0.257686111
2026-03-03 13:05:00,9.204797143,-4.518761530,0.398496677
2026-03-03 13:05:10,8.525496398,-4.380253071,-0.404914591
2026-03-03 13:05:20,8.788626732,-4.066292845,-0.274897423
2026-03-03 13:05:30,8.709334338,-4.608513445,0.853193985
2026-03-03 13:05:40,8.454224856,-4.684965714,1.275737502
2026-03-03 13:05:50,8.962816495,-5.289131871,0.894002418
2026-03-03 13:06:00,8.178898541,-4.587517706,1.420247389
2026-03-03 13:06:10,8.817146650,-4.630091649,2.190940881
2026-03-03 13:06:20,9.062156193,-4.634340482,1.127997731
2026-03-03 13:06:30,9.158942083,-4.215654167,0.551321781
2026-03-03 13:06:40,8.419547562,-4.627411305,0.010425672
2026-03-03 13:06:50,8.509341135,-5.444426637,0.939257935
2026-03-03 13:07:00,7.841541724,-5.615653362,0.215332775
2026-03-03 13:07:10,8.289192777,-5.015590673,-0.115482654
2026-03-03 13:07:20,7.795686849,-5.941252376,-0.312382620
2026-03-03 13:07:30,8.115454032,-6.207635091,-0.630310698
2026-03-03 13:07:40,8.534590809,-5.229154960,-0.040010826
2026-03-03 13:07:50,8.205674586,-5.624908570,-0.848106669
2026-03-03 13:08:00,8.077424834,-5.429663995,-1.322102685
2026-03-03 13:08:10,7.936736012,-5.975376650,-1.526804053
2026-03-03 13:08:20,7.541069240,-5.866852391,-1.592769832
2026-03-03 13:08:30,6.387511861,-6.738191482,-2.272582799
2026-03-03 13:08:40,6.988451176,-6.214323880,-3.559950799
2026-03-03 13:08:50,6.761325367,-5.969143595,-2.995295083
2026-03-03 13:09:00,7.071485239,-6.123549338,-2.906707714
2026-03-03 13:09:10,7.513826206,-6.006510549,-2.308661659
2026-03-03 13:09:20,6.883100992,-6.331174985,-3.237392178
2026-03-03 13:09:30,6.333701502,-6.781600940,-3.844740042
2026-03-03 13:09:40,7.429443289,-6.491693899,-2.635814505
2026-03-03 13:09:50,7.320750389,-7.074581576,-2.398311405
2026-03-03 13:10:00,7.850812843,-6.492773266,-1.189339573
2026-03-03 13:10:10,7.343095753,-6.180021810,0.042596246
2026-03-03 13:10:20,7.260856617,-6.056277061,-1.350526688
2026-03-03 13:10:30,7.571487254,-6.681526321,-0.811605624
2026-03-03 13:10:40,7.220465105,-5.499772168,-1.395054638
2026-03-03 13:10:50,7.480871313,-6.245231316,-1.064003967
2026-03-03 13:11:00,6.366446533,-7.052395235,-1.407281913
2026-03-03 13:11:10,7.176730797,-6.521186831,-1.289637779
2026-03-03 13:11:20,7.902191335,-7.379194059,-0.356852020
2026-03-03 13:11:30,6.870493500,-6.639835733,-1.101994220
2026-03-03 13:11:40,6.561003207,-7.708143532,0.339544875
2026-03-03 13:11:50,5.623147024,-7.865115189,-0.550549546
2026-03-03 13:12:00,6.324450277,-8.233820507,-0.310032145
2026-03-03 13:12:10,6.037652582,-6.972835932,-1.045545046
2026-03-03 13:12:20,6.044208909,-7.131292609,-1.658393730
2026-03-03 13:12:30,5.654625247,-7.777204781,-0.195494566
2026-03-03 13:12:40,6.148817302,-7.962959148,-0.114076303
2026-03-03 13:12:50,6.086341492,-7.938624994,-0.128339160
2026-03-03 13:13:00,5.014713004,-8.954362787,0.537709397
2026-03-03 13:13:10,4.414931027,-8.885695457,0.203457198
2026-03-03 13:13:20,4.710094332,-9.370450810,0.655726314
2026-03-03 13:13:30,4.644957190,-8.962167294,0.119546336
2026-03-03 13:13:40,4.455654525,-9.258873097,-0.150347909
2026-03-03 13:13:50,3.727120543,-8.958733734,0.684717905
2026-03-03 13:14:00,3.783133485,-8.873011423,0.114406687
2026-03-03 13:14:10,3.462580380,-9.062391725,-0.464082963
2026-03-03 13:14:20,4.044808427,-9.322881209,-1.255481100
2026-03-03 13:14:30,5.027035451,-8.510658435,-0.493040606
2026-03-03 13:14:40,4.606509497,-8.976320898,-0.950440818
2026-03-03 13:14:50,5.195012003,-8.093451258,-0.569469948
2026-03-03 13:15:00,3.984398329,-8.731029107,-0.952447711
2026-03-03 13:15:10,4.352534266,-9.339214644,-0.169942589
2026-03-03 13:15:20,5.061919187,-9.120669347,-0.374244532
2026-03-03 13:15:30,3.989391686,-9.250878892,-0.196669178
2026-03-03 13:15:40,3.756474703,-8.637137781,-0.651765379
2026-03-03 13:15:50,3.567276703,-9.120581946,1.180222401
2026-03-03 13:16:00,2.742990006,-9.047298188,0.926926886
2026-03-03 13:16:10,2.153585924,-9.399109075,0.543441147
2026-03-03 13:16:20,1.332254505,-9.764227004,0.143185160
2026-03-03 13:16:30,1.877774616,-9.379909530,1.173101765
2026-03-03 13:16:40,1.626068695,-10.214088802,-0.157801844
2026-03-03 13:16:50,1.379166997,-10.001005058,0.417292747
2026-03-03 13:17:00,2.595791783,-9.346407325,-0.664705934
2026-03-03 13:17:10,2.193774216,-9.260405516,-0.529800752
2026-03-03 13:17:20,3.699497711,-9.148026589,-0.859468175
2026-03-03 13:17:30,3.170514199,-9.468545981,-0.982865803
2026-03-03 13:17:40,3.754324000,-8.810509128,-0.088561200
2026-03-03 13:17:50,4.054970243,-9.508077181,-0.326096795
2026-03-03 13:18:00,4.193908469,-8.945497817,-0.357506949
2026-03-03 13:18:10,4.573692158,-8.259508033,-0.366570314
2026-03-03 13:18:20,4.028779002,-9.331105305,-0.480871792
2026-03-03 13:18:30,4.375430231,-8.624710678,-0.184992517
2026-03-03 13:18:40,4.161875046,-9.186436846,-0.044962316
2026-03-03 13:18:50,4.007639110,-9.501590493,-1.079374479
2026-03-03 13:19:00,3.930327060,-8.663421673,-0.472042885
2026-03-03 13:19:10,3.351859743,-9.125056693,-1.910322704
2026-03-03 13:19:20,3.161527914,-9.620984842,-0.993581053
2026-03-03 13:19:30,2.213157292,-9.874148345,-1.932861456
2026-03-03 13:19:40,2.945643411,-9.183410009,-1.364818006
2026-03-03 13:19:50,3.351088338,-9.129753668,-1.405149520
2026-03-03 13:20:00,2.511269462,-9.414207667,-1.116129727
2026-03-03 13:20:10,2.934687696,-9.220641870,-2.323412548
2026-03-03 13:20:20,2.842181971,-8.867465767,-2.084958996
2026-03-03 13:20:30,3.480531355,-8.745998002,-1.891054034
2026-03-03 13:20:40,3.308430282,-9.793434937,-1.464293734
2026-03-03 13:20:50,3.198530583,-8.477813558,-1.412482111
2026-03-03 13:21:00,2.304943477,-9.325296215,-2.466655955
2026-03-03 13:21:10,3.117355043,-7.986432343,-1.844989205
2026-03-03 13:21:20,3.819415977,-9.480361302,-1.244153902
2026-03-03 13:21:30,3.521343967,-8.608878252,0.142559418
2026-03-03 13:21:40,2.818996457,-9.283823204,-0.949882851
2026-03-03 13:21:50,2.841272435,-8.923719361,-0.460936401
2026-03-03 13:22:00,3.180977755,-8.722076385,-0.140122850
2026-03-03 13:22:10,2.805925757,-9.789156599,0.687918375
2026-03-03 13:22:20,3.411264449,-8.264321231,0.235128170
2026-03-03 13:22:30,4.595214830,-8.344448623,1.123277525
2026-03-03 13:22:40,2.667310802,-8.682229154,2.068073994
2026-03-03 13:22:50,3.014271737,-10.132474462,1.789831158
2026-03-03 13:23:00,3.686618293,-8.973900587,1.130611812
2026-03-03 13:23:10,3.503800735,-9.043323627,0.997256934
2026-03-03 13:23:20,5.382871609,-8.728550695,0.702794988
2026-03-03 13:23:30,5.729191555,-8.362236747,1.111316117
2026-03-03 13:23:40,5.099547213,-8.304592828,-0.208862799
2026-03-03 13:23:50,5.184109802,-7.488725338,-1.580188962
2026-03-03 13:24:00,5.495702698,-8.175333396,-0.590515635
2026-03-03 13:24:10,3.832192706,-8.728937110,-1.383757555
2026-03-03 13:24:20,3.326578496,-8.901422974,-2.117749738
2026-03-03 13:24:30,3.882578660,-8.828821909,-1.414876142
2026-03-03 13:24:40,4.855484247,-8.808293463,-0.721717474
2026-03-03 13:24:50,5.157052257,-8.461561179,-0.709100384
2026-03-03 13:25:00,4.756983913,-9.025400591,-1.626227724
2026-03-03 13:25:10,4.636511199,-8.333886204,-1.195482267
2026-03-03 13:25:20,4.969231816,-8.912713012,-0.809707220
2026-03-03 13:25:30,4.033404012,-9.498068236,-0.173035786
2026-03-03 13:25:40,2.167392798,-10.324230874,-0.594094424
2026-03-03 13:25:50,2.954327095,-9.636355323,-0.341636517
2026-03-03 13:26:00,2.856169399,-8.953783635,-0.919912509
2026-03-03 13:26:10,2.609539230,-10.041644022,-1.010390024
2026-03-03 13:26:20,3.493132138,-8.470222092,0.704368368
2026-03-03 13:26:30,2.931945621,-9.942469529,1.067641850
2026-03-03 13:26:40,3.801931925,-9.300098316,0.151199021
2026-03-03 13:26:50,4.600859529,-7.846921202,1.068633615
2026-03-03 13:27:00,4.685849063,-9.012103485,0.968170170
2026-03-03 13:27:10,3.992933414,-8.207135184,-0.770314025
2026-03-03 13:27:20,4.164975966,-9.520250842,-0.283182454
2026-03-03 13:27:30,4.579514711,-8.902589616,-0.848982517
2026-03-03 13:27:40,4.057598298,-8.914391719,-0.810907852
2026-03-03 13:27:50,4.310469242,-8.680831663,-0.383670224
2026-03-03 13:28:00,4.566960754,-8.395705203,0.548287107
2026-03-03 13:28:10,5.155739454,-8.307836526,-1.363023606
2026-03-03 13:28:20,5.686508617,-8.112946399,-0.914954055
2026-03-03 13:28:30,4.802107996,-8.173577334,-1.367938677
2026-03-03 13:28:40,5.399554596,-7.901958471,-0.750329029
2026-03-03 13:28:50,5.111114543,-8.417765516,-0.973284491
2026-03-03 13:29:00,4.678221256,-8.476075693,-0.727734590
2026-03-03 13:29:10,4.154628728,-8.718317531,-0.835577359
2026-03-03 13:29:20,4.376523251,-8.641265946,-0.275308626
2026-03-03 13:29:30,3.659172605,-8.911158056,-1.299680389
2026-03-03 13:29:40,4.444643273,-8.532062326,-0.798441483
2026-03-03 13:29:50,3.636941050,-8.726161331,-0.808503689
2026-03-03 13:30:00,4.849697589,-8.848156682,-0.464103367
2026-03-03 13:30:10,4.631850121,-8.776854951,-0.684971934
2026-03-03 13:30:20,4.433182476,-8.998895767,-0.618826769
2026-03-03 13:30:30,4.105689116,-8.826191205,-0.541097869
2026-03-03 13:30:40,3.287931452,-8.838671581,-1.739797032
2026-03-03 13:30:50,3.285585955,-9.870114513,-0.769791450
2026-03-03 13:31:00,2.388074400,-8.764616251,-1.084577812
2026-03-03 13:31:10,2.433208668,-9.517792543,-0.855791566
2026-03-03 13:31:20,3.178664539,-9.261317374,-1.585298622
2026-03-03 13:31:30,2.647811026,-8.747777333,-3.005542424
2026-03-03 13:31:40,2.406632402,-9.543049298,-3.191939226
2026-03-03 13:31:50,2.756898540,-8.606462810,-2.072666675
2026-03-03 13:32:00,3.050817246,-9.118513561,-1.623067329
2026-03-03 13:32:10,3.313179038,-9.317364733,-1.565404049
2026-03-03 13:32:20,2.937166409,-9.318600451,-1.044745460
2026-03-03 13:32:30,2.543322317,-9.080370967,-0.948906222
2026-03-03 13:32:40,2.664469519,-9.122747232,-0.906908880
2026-03-03 13:32:50,2.957944933,-9.326783609,-0.609752473
2026-03-03 13:33:00,3.364982022,-8.858354604,-0.594749495
2026-03-03 13:33:10,1.992354949,-9.828694148,-0.586489443
2026-03-03 13:33:20,2.227630502,-9.327431693,-0.059085453
2026-03-03 13:33:30,1.877648307,-9.145592377,-0.517658666
2026-03-03 13:33:40,0.887792281,-9.305776010,-0.770906692
2026-03-03 13:33:50,1.264080613,-8.740130298,-0.043153403
2026-03-03 13:34:00,1.944344417,-9.688840172,-1.345053561
2026-03-03 13:34:10,0.972663869,-9.771363229,-0.617159811
2026-03-03 13:34:20,1.158460649,-9.578205100,-1.755946337
2026-03-03 13:34:30,1.066963538,-9.506590397,-2.182471867
2026-03-03 13:34:40,2.111017684,-8.771326045,-1.672653887
2026-03-03 13:34:50,1.754695423,-9.858243588,-2.312777818
2026-03-03 13:35:00,2.289090229,-9.317439513,-1.367214332
2026-03-03 13:35:10,1.385422423,-9.292216002,-2.318567613
2026-03-03 13:35:20,1.998281095,-9.364678783,-2.365460352
2026-03-03 13:35:30,2.165564755,-9.469720028,-1.939040289
2026-03-03 13:35:40,1.785878536,-8.819567186,-2.374329213
2026-03-03 13:35:50,2.334850269,-8.316915728,-3.327402902
2026-03-03 13:36:00,1.594314541,-9.527401498,-3.063332648
2026-03-03 13:36:10,1.830140890,-8.593517331,-3.842001969
2026-03-03 13:36:20,2.052270980,-8.926652757,-3.541780931
2026-03-03 13:36:30,1.424338817,-8.707111594,-4.019601456
2026-03-03 13:36:40,2.113256357,-8.810529255,-3.620416426
2026-03-03 13:36:50,2.238621430,-8.236658525,-4.171811726
2026-03-03 13:37:00,2.661711709,-8.166248840,-4.571510939
2026-03-03 13:37:10,3.244303684,-7.862064551,-5.243713126
2026-03-03 13:37:20,2.664891337,-8.672118130,-4.600948985
2026-03-03 13:37:30,3.295787377,-7.627887431,-5.031576964
2026-03-03 13:37:40,3.035679649,-8.334801654,-4.551676449
2026-03-03 13:37:50,3.420520779,-8.625631834,-5.174080396
2026-03-03 13:38:00,3.770079118,-7.743832362,-4.351271810
2026-03-03 13:38:10,2.908085034,-8.799497619,-3.691850600
2026-03-03 13:38:20,3.925206929,-8.375136784,-3.944659560
2026-03-03 13:38:30,3.451111787,-8.535264654,-3.808639436
2026-03-03 13:38:40,3.060265621,-8.588455410,-3.551968558
2026-03-03 13:38:50,3.305365390,-8.509340621,-4.116742579
2026-03-03 13:39:00,2.901788798,-8.674334864,-3.456208677
2026-03-03 13:39:10,3.282351629,-8.357052714,-3.739094664
2026-03-03 13:39:20,2.635459412,-8.832828236,-3.957901937
2026-03-03 13:39:30,2.822180653,-8.175437218,-4.186788225
2026-03-03 13:39:40,3.074292230,-8.252419092,-4.110030648
2026-03-03 13:39:50,3.741064551,-8.117717060,-2.762625741
2026-03-03 13:40:00,3.836725544,-8.448562664,-3.826408782
2026-03-03 13:40:10,4.439611410,-8.655821853,-3.015389049
2026-03-03 13:40:20,3.150897190,-8.828352701,-3.649568578
2026-03-03 13:40:30,2.892080527,-8.534505807,-2.834608525
2026-03-03 13:40:40,3.703754546,-9.216642705,-3.491985446
2026-03-03 13:40:50,2.990746898,-8.666218085,-3.635484675
2026-03-03 13:41:00,3.714891930,-8.531452365,-3.498989424
2026-03-03 13:41:10,3.162778981,-8.536874455,-4.157541048
2026-03-03 13:41:20,2.410843292,-8.078114804,-3.372565007
2026-03-03 13:41:30,2.375565676,-9.349319467,-2.958411734
2026-03-03 13:41:40,2.025155141,-9.784276619,-2.608532484
2026-03-03 13:41:50,2.057816997,-9.405816129,-2.162293164
2026-03-03 13:42:00,2.290571907,-9.403577865,-3.055833317
2026-03-03 13:42:10,2.139146446,-8.826506121,-2.217062882
2026-03-03 13:42:20,2.481861805,-8.936745738,-1.947773547
2026-03-03 13:42:30,1.733544357,-8.683721832,-3.564419552
2026-03-03 13:42:40,2.438094447,-9.380175790,-2.365362090
2026-03-03 13:42:50,2.215005497,-8.691122028,-2.898103909
2026-03-03 13:43:00,3.634648576,-8.658360268,-2.557725592
2026-03-03 13:43:10,3.584229871,-9.123779116,-2.502864864
2026-03-03 13:43:20,4.750667491,-8.176935379,-3.801514505
2026-03-03 13:43:30,3.605099117,-8.042814130,-2.768018198
2026-03-03 13:43:40,4.582442827,-8.864425792,-2.862534107
2026-03-03 13:43:50,4.453786294,-8.423175659,-1.765771360
2026-03-03 13:44:00,4.655595675,-8.715672276,-1.898267424
2026-03-03 13:44:10,4.932979197,-7.884157962,-2.218050187
2026-03-03 13:44:20,5.009397557,-8.524055646,-1.745402569
2026-03-03 13:44:30,4.736424423,-8.386133965,-1.295987090
2026-03-03 13:44:40,4.670996001,-8.431809405,-1.439556851
2026-03-03 13:44:50,5.496817428,-8.549352455,-1.414562795
2026-03-03 13:45:00,5.566561656,-7.455093935,-0.198943162
2026-03-03 13:45:10,4.908050088,-8.217145869,-2.126991362
2026-03-03 13:45:20,5.348713343,-7.990070440,-2.507220605
2026-03-03 13:45:30,5.413553361,-7.668958553,-1.982826718
2026-03-03 13:45:40,6.222227113,-8.131122630,-1.955472252
2026-03-03 13:45:50,5.217230083,-7.988863588,-1.517187201
2026-03-03 13:46:00,5.395897896,-8.075642924,-2.026039347
2026-03-03 13:46:10,5.068743962,-8.454056385,-1.869802369
2026-03-03 13:46:20,5.347312543,-8.133418618,-2.285760719
2026-03-03 13:46:30,5.764246411,-7.838749154,-3.226995846
2026-03-03 13:46:40,5.891136822,-7.514720392,-2.074660264
2026-03-03 13:46:50,5.721303755,-7.842563360,-2.582029515
2026-03-03 13:47:00,4.508367238,-7.565098637,-2.744611824
2026-03-03 13:47:10,4.853374988,-7.646373432,-3.133690964
2026-03-03 13:47:20,5.494518352,-7.809458464,-3.042271447
2026-03-03 13:47:30,5.490542801,-7.527772504,-2.829406130
2026-03-03 13:47:40,4.999706692,-8.309003498,-3.378752949
2026-03-03 13:47:50,4.678959585,-7.728844915,-3.104543462
2026-03-03 13:48:00,4.765498910,-8.131807956,-3.426563522
2026-03-03 13:48:10,4.157793233,-7.964895497,-2.975395854
2026-03-03 13:48:20,5.341763847,-7.780090466,-3.014001581
2026-03-03 13:48:30,4.616341430,-8.297117797,-2.667447176
2026-03-03 13:48:40,5.183178328,-8.153848109,-3.404563507
2026-03-03 13:48:50,4.804959445,-7.663733256,-2.435109163
2026-03-03 13:49:00,5.153617368,-7.628554142,-2.895294938
2026-03-03 13:49:10,4.477238421,-7.740880217,-3.173094280
2026-03-03 13:49:20,5.891305377,-7.219868109,-2.693315861
2026-03-03 13:49:30,5.742962004,-8.188005885,-3.229168718
2026-03-03 13:49:40,5.266929248,-7.692584455,-3.377350812
2026-03-03 13:49:50,5.284912401,-7.444745858,-2.877595589
2026-03-03 13:50:00,4.820377162,4.984260580,6.361184008
2026-03-03 13:50:10,8.388429006,5.173012391,0.372231722
2026-03-03 13:50:20,8.804861962,3.594323907,2.519248927
2026-03-03 13:50:30,7.747947595,2.922978468,5.718444791
2026-03-03 13:50:40,7.389756799,0.615475435,6.401286644
2026-03-03 13:50:50,8.836452096,3.941699215,0.078014172
2026-03-03 13:51:00,6.035212378,5.485629283,-5.398180144
2026-03-03 13:51:10,4.336836635,4.144967669,-7.589034729
2026-03-03 13:51:20,4.840939134,3.005252264,-8.020217592
2026-03-03 13:51:30,3.312840327,5.412075200,-7.738191087
2026-03-03 13:51:40,1.251457518,5.175896298,-8.083891537
2026-03-03 13:51:50,3.528843519,5.496790043,-7.117943405
2026-03-03 13:52:00,4.354579839,4.217331596,-8.017763271
2026-03-03 13:52:10,5.911473707,3.697930451,-6.925815961
2026-03-03 13:52:20,5.546299065,4.179773240,-6.781390029
2026-03-03 13:52:30,5.891314871,3.167249162,-7.337755524
2026-03-03 13:52:40,7.071522176,1.698503232,-6.567827180
2026-03-03 13:52:50,6.771190202,2.711991791,-6.377996199
2026-03-03 13:53:00,7.944574861,1.670172401,-5.929084485
2026-03-03 13:53:10,7.226944619,0.828842219,-6.429043142
2026-03-03 13:53:20,7.421721616,-0.716837028,-6.240571480
2026-03-03 13:53:30,8.023207704,-1.448897047,-5.328974490
2026-03-03 13:53:40,7.568129081,-1.443709840,-5.783455037
2026-03-03 13:53:50,8.177817436,-0.241696791,-5.361037555
2026-03-03 13:54:00,8.299926748,-0.198787184,-5.092701345
2026-03-03 13:54:10,7.584714099,-0.920032416,-6.074942964
2026-03-03 13:54:20,8.388319715,-0.336721325,-5.834086010
2026-03-03 13:54:30,6.590679601,-1.177398337,-7.149764722
2026-03-03 13:54:40,7.437514772,-1.607597085,-6.465679635
2026-03-03 13:54:50,6.682644199,-2.145635145,-7.239418408
2026-03-03 13:55:00,6.827383911,-2.181081224,-6.642492031
2026-03-03 13:55:10,6.980948123,-1.904127334,-6.401591489
2026-03-03 13:55:20,7.793246210,-3.068311518,-5.101831862
2026-03-03 13:55:30,7.750985204,-3.655375835,-4.535364082
2026-03-03 13:55:40,6.960481440,-1.972848844,-6.418154230
2026-03-03 13:55:50,7.931982995,-0.298985069,-5.506411158
2026-03-03 13:56:00,8.142609799,0.762895137,-5.885393806
2026-03-03 13:56:10,6.107172436,0.271793446,-7.979523085
2026-03-03 13:56:20,4.230720012,0.452969346,-8.474512469
2026-03-03 13:56:30,5.549655679,2.162110074,-7.845270570
2026-03-03 13:56:40,5.106534315,1.804215059,-7.776648686
2026-03-03 13:56:50,7.058895835,1.363634900,-6.366194524
2026-03-03 13:57:00,6.939975877,0.873867840,-6.874606195
2026-03-03 13:57:10,6.674804976,1.877852184,-6.883136036
2026-03-03 13:57:20,6.575434102,1.555811194,-7.005057487
2026-03-03 13:57:30,6.908013855,2.412417394,-6.291516579
2026-03-03 13:57:40,6.397938907,2.142513948,-6.732094172
2026-03-03 13:57:50,5.641021201,0.194760927,-8.096634530
2026-03-03 13:58:00,5.654548269,0.799002203,-7.974681212
2026-03-03 13:58:10,5.232357669,0.811773968,-8.596740943
2026-03-03 13:58:20,6.167950672,1.720268372,-7.366590625
2026-03-03 13:58:30,6.897101265,2.296852454,-7.065855278
2026-03-03 13:58:40,5.551515119,1.935338110,-8.053646255
2026-03-03 13:58:50,5.605105789,2.655711360,-7.840517229
2026-03-03 13:59:00,5.095839793,4.066497974,-7.081435405
2026-03-03 13:59:10,5.018658639,2.493565491,-8.027847018
2026-03-03 13:59:20,5.105183470,1.804683828,-8.019959061
2026-03-03 13:59:30,3.966423818,1.215893202,-8.898370637
2026-03-03 13:59:40,4.286065886,2.054869690,-8.456939745
2026-03-03 13:59:50,5.119645071,3.419591893,-7.920222355
2026-03-03 14:00:00,3.992389193,1.899073349,-8.805385972
2026-03-03 14:00:10,4.404295662,1.831926230,-8.399119827
2026-03-03 14:00:20,3.455976156,1.633397438,-9.008392168
2026-03-03 14:00:30,4.399623289,1.224262648,-8.681486181
2026-03-03 14:00:40,4.847511931,1.256158719,-8.182742350
2026-03-03 14:00:50,5.624992102,0.925410194,-8.164495257
2026-03-03 14:01:00,5.958524555,0.922902781,-7.634606311
2026-03-03 14:01:10,5.813677770,-0.091655072,-7.721805714
2026-03-03 14:01:20,5.918675731,0.018393348,-7.672828018
2026-03-03 14:01:30,5.764132237,-0.707621598,-7.997714534
2026-03-03 14:01:40,4.882292681,-0.932267748,-8.209504405
2026-03-03 14:01:50,3.568214221,0.312974196,-8.837573819
2026-03-03 14:02:00,3.141674322,0.177804691,-9.412365790
2026-03-03 14:02:10,2.728981112,1.121257823,-9.031015431
2026-03-03 14:02:20,3.098006914,1.066451708,-9.304364068
2026-03-03 14:02:30,3.569483082,2.070073713,-8.965877601
2026-03-03 14:02:40,4.208177563,2.722934464,-8.549371251
2026-03-03 14:02:50,3.980813813,2.961855071,-8.725233684
2026-03-03 14:03:00,4.111067230,2.567297411,-8.331354137
2026-03-03 14:03:10,4.109608271,3.239132994,-8.422016775
2026-03-03 14:03:20,4.581705754,3.539872800,-7.897374605
2026-03-03 14:03:30,4.216034958,2.573436757,-8.269425278
2026-03-03 14:03:40,4.148832367,2.087388034,-8.372984421
2026-03-03 14:03:50,4.246858817,2.602144193,-8.325594084
2026-03-03 14:04:00,4.797104531,2.173380178,-8.310969329
2026-03-03 14:04:10,4.613777874,2.904590273,-8.242198399
2026-03-03 14:04:20,4.919577991,2.762196866,-7.999420643
2026-03-03 14:04:30,4.860840840,2.413608933,-7.916528884
2026-03-03 14:04:40,4.858026652,2.322226921,-8.042791409
2026-03-03 14:04:50,5.083884771,2.013359953,-8.300926361
2026-03-03 14:05:00,5.003748093,2.834563293,-8.084471896
2026-03-03 14:05:10,5.113361859,3.086791172,-7.595724450
2026-03-03 14:05:20,4.711930068,3.568203610,-7.557044734
2026-03-03 14:05:30,4.959010617,3.712209808,-7.798318375
2026-03-03 14:05:40,4.167177947,1.777955221,-8.717256885
2026-03-03 14:05:50,3.245487491,2.055247629,-9.005485581
2026-03-03 14:06:00,4.257216195,2.292287410,-8.921906575
2026-03-03 14:06:10,4.400534187,2.268161130,-8.506367766
2026-03-03 14:06:20,4.038987704,1.878755506,-8.491521504
2026-03-03 14:06:30,5.116228594,1.115998423,-8.476626332
2026-03-03 14:06:40,5.475433039,0.697765648,-8.242193836
2026-03-03 14:06:50,5.330648371,0.509130825,-8.487609728
2026-03-03 14:07:00,5.415246741,0.589679115,-8.276072609
2026-03-03 14:07:10,5.342499152,1.388885180,-8.059511436
2026-03-03 14:07:20,4.975335462,1.439962662,-8.370871563
2026-03-03 14:07:30,4.908496668,1.063759932,-8.601441462
2026-03-03 14:07:40,5.079803834,1.119117786,-8.522448948
2026-03-03 14:07:50,5.598647171,0.646037831,-8.183919861
2026-03-03 14:08:00,5.648887983,1.435152481,-7.853761072
2026-03-03 14:08:10,5.651745230,0.604384458,-8.076767749
2026-03-03 14:08:20,5.497123357,0.479221150,-8.279314585
2026-03-03 14:08:30,5.767078252,0.213696621,-7.868407098
2026-03-03 14:08:40,6.160615813,1.008597928,-7.736274086
2026-03-03 14:08:50,6.186526717,0.895650183,-7.413908761
2026-03-03 14:09:00,6.653710906,0.536651751,-7.165531538
2026-03-03 14:09:10,5.900098492,0.590311202,-7.785502056
2026-03-03 14:09:20,5.481158021,1.043261005,-7.892950551
2026-03-03 14:09:30,5.786060169,0.732850872,-7.995930168
2026-03-03 14:09:40,5.858792652,-0.111299420,-7.943550246
2026-03-03 14:09:50,6.261598830,0.062934368,-7.535242097
2026-03-03 14:10:00,6.822802255,-0.298977295,-7.305120793
2026-03-03 14:10:10,6.847905562,-0.321363389,-7.092796266
2026-03-03 14:10:20,6.742108859,-0.510211035,-7.336284883
2026-03-03 14:10:30,6.515398255,-1.012678683,-7.257481329
2026-03-03 14:10:40,6.720422192,-0.461181748,-7.362773431
2026-03-03 14:10:50,6.203485363,-0.551772210,-7.305749183
2026-03-03 14:11:00,6.177828658,-1.393826961,-7.594141016
2026-03-03 14:11:10,6.196070217,-1.072372921,-7.171418167
2026-03-03 14:11:20,6.809627227,-1.293314342,-7.158156647
2026-03-03 14:11:30,6.483164733,-1.075735644,-7.120922640
2026-03-03 14:11:40,6.876587186,-1.173796826,-6.942455997
2026-03-03 14:11:50,6.928439623,-0.812347338,-6.983195971
2026-03-03 14:12:00,6.305523768,-0.711284220,-7.195150065
2026-03-03 14:12:10,6.422481000,-1.140142066,-7.224704313
2026-03-03 14:12:20,6.424057529,-1.943691201,-6.911317958
2026-03-03 14:12:30,6.743213389,-2.130257991,-6.872097127
2026-03-03 14:12:40,6.656237516,-2.167397306,-6.987114056
2026-03-03 14:12:50,6.192641188,-2.385161657,-7.081578935
2026-03-03 14:13:00,5.930296465,-2.885241948,-7.264376097
2026-03-03 14:13:10,5.433884366,-3.935985697,-6.979811159
2026-03-03 14:13:20,5.046598993,-4.236565549,-6.624214708
2026-03-03 14:13:30,5.585597410,-4.186044651,-7.111750716
2026-03-03 14:13:40,4.800381144,-4.147239763,-7.482012171
2026-03-03 14:13:50,4.874270895,-4.296291926,-7.442269025
2026-03-03 14:14:00,4.487583275,-4.336434202,-7.333416234
2026-03-03 14:14:10,4.561589939,-4.582970966,-7.496312188
2026-03-03 14:14:20,4.892247255,-4.548630081,-7.414930842
2026-03-03 14:14:30,4.487515300,-4.977348664,-7.278826469
2026-03-03 14:14:40,5.141692577,-4.551090587,-6.993512907
2026-03-03 14:14:50,5.205359254,-4.146322812,-7.375628897
2026-03-03 14:15:00,5.763596313,-3.708020977,-7.034521777
2026-03-03 14:15:10,6.505540412,-3.710667935,-6.138542496
2026-03-03 14:15:20,6.645450614,-3.650038048,-6.299558811
2026-03-03 14:15:30,6.546059484,-3.586584933,-6.546372634
2026-03-03 14:15:40,6.557243745,-3.682940994,-6.506793543
2026-03-03 14:15:50,6.561556074,-3.610397791,-6.294572585
2026-03-03 14:16:00,6.267716641,-3.256366669,-6.508400662
2026-03-03 14:16:10,6.062341621,-2.893880659,-7.211538068
2026-03-03 14:16:20,6.086196448,-2.940549340,-6.776457349
2026-03-03 14:16:30,6.265482182,-3.341428397,-6.967503893
2026-03-03 14:16:40,6.025411902,-3.473437918,-6.646684953
2026-03-03 14:16:50,5.065831729,-3.672659266,-7.567628253
2026-03-03 14:17:00,5.141869977,-3.826905647,-7.521670030
2026-03-03 14:17:10,5.324024501,-3.768772837,-7.694436024
2026-03-03 14:17:20,4.642608039,-3.999602339,-7.749845926
2026-03-03 14:17:30,3.951190084,-3.955171015,-8.032702885
2026-03-03 14:17:40,3.260999464,-4.049230329,-8.217744571
2026-03-03 14:17:50,3.674980417,-4.410857746,-7.997991782
2026-03-03 14:18:00,3.436038101,-4.710035154,-7.912229428
2026-03-03 14:18:10,4.211153866,-4.669438651,-7.128993447
2026-03-03 14:18:20,4.275221188,-4.721254350,-7.605044430
2026-03-03 14:18:30,3.895429814,-4.317085263,-8.084588109
2026-03-03 14:18:40,4.264383382,-4.554438992,-7.373708608
2026-03-03 14:18:50,4.035375504,-4.272485057,-7.532119408
2026-03-03 14:19:00,3.602749148,-4.480926141,-7.677162476
2026-03-03 14:19:10,3.503792264,-4.765086165,-7.865014000
2026-03-03 14:19:20,3.182176438,-5.094621601,-7.842745103
2026-03-03 14:19:30,3.352097289,-5.051308318,-7.771025243
2026-03-03 14:19:40,3.337208360,-4.998049559,-7.991206273
2026-03-03 14:19:50,3.033689406,-5.141756073,-7.767150480
2026-03-03 14:20:00,3.996648615,-4.734104200,-7.519290975
2026-03-03 14:20:10,4.344074921,-4.382894758,-7.564512384
2026-03-03 14:20:20,4.676545504,-4.613357499,-7.515035210
2026-03-03 14:20:30,5.166095956,-3.963126337,-7.450053314
2026-03-03 14:20:40,4.526880151,-3.832393572,-7.875644397
2026-03-03 14:20:50,3.793040048,-4.061468051,-8.378924798
2026-03-03 14:21:00,3.551018792,-4.022315884,-8.131824451
2026-03-03 14:21:10,4.093972285,-3.960895670,-8.005634158
2026-03-03 14:21:20,4.827943176,-3.331042422,-7.838642220
2026-03-03 14:21:30,3.952176922,-2.746430297,-8.297978531
2026-03-03 14:21:40,3.412462273,-3.158465426,-8.473850473
2026-03-03 14:21:50,3.027222936,-3.525074581,-8.359218973
2026-03-03 14:22:00,3.263599835,-3.753392938,-8.553873124
2026-03-03 14:22:10,3.329655678,-3.549372664,-8.520498218
2026-03-03 14:22:20,2.887788382,-3.780521736,-8.523199503
2026-03-03 14:22:30,2.827912146,-3.652894636,-8.515247575
2026-03-03 14:22:40,2.505962476,-3.780508121,-8.635337948
2026-03-03 14:22:50,3.369308908,-3.473538110,-8.383938233
2026-03-03 14:23:00,3.711548691,-4.049392918,-8.107509003
2026-03-03 14:23:10,4.025827474,-4.090562271,-8.188115604
2026-03-03 14:23:20,4.324431508,-4.037929448,-7.911656994
2026-03-03 14:23:30,4.328588586,-3.367888885,-8.069584300
2026-03-03 14:23:40,4.070516165,-4.269890309,-7.663747999
2026-03-03 14:23:50,4.204816041,-4.311185817,-7.774752136
2026-03-03 14:24:00,3.929562456,-4.347338996,-7.830926028
2026-03-03 14:24:10,3.722354005,-4.419543051,-7.913849340
2026-03-03 14:24:20,3.759954472,-4.090312376,-7.954711648
2026-03-03 14:24:30,4.017782891,-4.174210816,-7.883828179
2026-03-03 14:24:40,3.951492932,-4.993821745,-7.395089641
2026-03-03 14:24:50,4.464175637,-4.813594201,-7.198315329
2026-03-03 14:25:00,4.156954011,-5.178462107,-6.782562706
2026-03-03 14:25:10,4.384564920,-5.227593230,-7.093008517
2026-03-03 14:25:20,4.107369750,-5.202249206,-7.312762604
2026-03-03 14:25:30,3.795254769,-5.797114588,-6.681317655
2026-03-03 14:25:40,3.484743254,-6.132634149,-7.038583620
2026-03-03 14:25:50,3.655957424,-6.339911500,-6.558641063
2026-03-03 14:26:00,2.898736411,-7.082960642,-6.590211734
2026-03-03 14:26:10,2.678661325,-7.342720316,-5.532451792
2026-03-03 14:26:20,2.875923995,-7.726463338,-5.683573882
2026-03-03 14:26:30,3.003677945,-7.343411052,-5.705546617
2026-03-03 14:26:40,2.104328036,-7.375880700,-5.836312480
2026-03-03 14:26:50,2.039024719,-7.320593355,-6.039770314
2026-03-03 14:27:00,1.925173179,-7.672949659,-6.043152065
2026-03-03 14:27:10,1.904372313,-7.485258943,-6.240945373
2026-03-03 14:27:20,1.803224936,-7.909044678,-5.708253197
2026-03-03 14:27:30,2.107703543,-7.610667671,-5.556544686
2026-03-03 14:27:40,1.994628025,-7.711773888,-6.074498462
2026-03-03 14:27:50,1.766143665,-7.902951363,-6.066830719
2026-03-03 14:28:00,1.183519882,-7.712176078,-5.883795992
2026-03-03 14:28:10,1.520746004,-7.970863986,-5.725246206
2026-03-03 14:28:20,1.546897924,-8.080032358,-5.175693474
2026-03-03 14:28:30,1.899280806,-8.193671847,-5.265943770
2026-03-03 14:28:40,1.851353010,-7.931869211,-5.209231948
2026-03-03 14:28:50,1.720413661,-8.117992115,-4.896780385
2026-03-03 14:29:00,1.453284564,-8.254700656,-5.021541503
2026-03-03 14:29:10,1.515439463,-8.283405528,-5.208123128
2026-03-03 14:29:20,1.701125236,-8.256799128,-5.083489225
2026-03-03 14:29:30,1.329734711,-8.542030833,-4.996176740
2026-03-03 14:29:40,1.414930206,-8.225642769,-5.181758757
2026-03-03 14:29:50,1.584080104,-8.183003209,-4.706536722
2026-03-03 14:30:00,1.316149510,-8.230665088,-5.304840010
2026-03-03 14:30:10,2.112705569,-8.207811183,-5.040317489
2026-03-03 14:30:20,1.582877226,-7.985812172,-5.603447653
2026-03-03 14:30:30,1.376093845,-8.096680311,-5.643788237
2026-03-03 14:30:40,1.125339720,-8.006954103,-5.224022455
2026-03-03 14:30:50,1.874113789,-8.230205575,-5.262858312
2026-03-03 14:31:00,1.715448020,-8.073402761,-5.165826535
2026-03-03 14:31:10,1.833303836,-7.918635752,-5.363069183
2026-03-03 14:31:20,2.298932961,-8.314571382,-5.086814847
2026-03-03 14:31:30,2.275674474,-7.826313285,-5.260266376
2026-03-03 14:31:40,2.356044375,-7.628910234,-5.566295026
2026-03-03 14:31:50,1.889825351,-7.546416935,-5.733235074
2026-03-03 14:32:00,1.391091396,-7.610276826,-5.841496837
2026-03-03 14:32:10,1.765437941,-7.948119863,-5.864307071
2026-03-03 14:32:20,1.920207127,-7.449486611,-5.951817267
2026-03-03 14:32:30,2.263781330,-7.238871361,-6.376780095
2026-03-03 14:32:40,2.284931104,-7.537770982,-6.147276160
2026-03-03 14:32:50,2.009253515,-7.516166864,-5.956470779
2026-03-03 14:33:00,2.230559693,-6.768010380,-6.643887014
2026-03-03 14:33:10,1.891785301,-6.637579767,-6.640828365
2026-03-03 14:33:20,2.093618922,-6.826613769,-7.049709014
2026-03-03 14:33:30,1.718930027,-6.674222699,-6.880146753
2026-03-03 14:33:40,2.174223536,-6.466540638,-6.995235327
2026-03-03 14:33:50,1.545209065,-6.431625507,-7.100404895
2026-03-03 14:34:00,2.426860135,-6.353393346,-7.229288738
2026-03-03 14:34:10,1.994111300,-6.401674555,-7.019331069
2026-03-03 14:34:20,1.883823509,-6.280321125,-7.221307235
2026-03-03 14:34:30,2.222860989,-6.059788667,-7.397624725
2026-03-03 14:34:40,2.250322676,-5.808511301,-7.655775734
2026-03-03 14:34:50,2.736488482,-5.899877060,-7.832963163
2026-03-03 14:35:00,2.253128501,-5.522266421,-7.484316463
2026-03-03 14:35:10,1.753822095,-5.517458729,-7.695941690
2026-03-03 14:35:20,2.346149721,-5.279515072,-7.820378540
2026-03-03 14:35:30,2.349239057,-5.414460032,-7.449256005
2026-03-03 14:35:40,1.867501643,-5.862061513,-7.641109043
2026-03-03 14:35:50,2.593619740,-5.906085836,-7.702439140
2026-03-03 14:36:00,2.094650144,-6.108870232,-7.555231916
2026-03-03 14:36:10,2.025598369,-6.527345591,-6.954441238
2026-03-03 14:36:20,1.973082436,-6.518202700,-7.114982444
2026-03-03 14:36:30,2.540445536,-6.717025716,-6.971133154
2026-03-03 14:36:40,2.525898279,-7.207954279,-6.478137624
2026-03-03 14:36:50,2.261841345,-7.214257769,-6.298263584
2026-03-03 14:37:00,2.118035637,-6.790186999,-6.951264835
2026-03-03 14:37:10,2.339762773,-6.803165351,-6.649765326
2026-03-03 14:37:20,2.188840081,-6.513211780,-6.865416367
2026-03-03 14:37:30,2.372995190,-6.452784027,-6.946633711
2026-03-03 14:37:40,2.616784887,-6.629505541,-6.593182079
2026-03-03 14:37:50,2.480923748,-6.878462258,-6.402176271
2026-03-03 14:38:00,2.540603990,-6.742805826,-6.651676770
2026-03-03 14:38:10,2.583749124,-6.609437314,-6.410486479
2026-03-03 14:38:20,2.760025553,-6.796792896,-6.753026053
2026-03-03 14:38:30,2.643516151,-7.277960675,-6.498893484
2026-03-03 14:38:40,2.478726625,-6.835737778,-6.905864526
2026-03-03 14:38:50,2.852283826,-6.619714080,-6.900189979
2026-03-03 14:39:00,3.028114216,-6.828521971,-6.736447518
2026-03-03 14:39:10,3.040862466,-6.223648500,-6.811219854
2026-03-03 14:39:20,3.258019235,-6.372144090,-6.955776144
2026-03-03 14:39:30,3.136138125,-6.155970333,-6.770025708
2026-03-03 14:39:40,2.841148109,-6.142190906,-7.173576610
2026-03-03 14:39:50,2.433069061,-5.770023031,-7.094381132
2026-03-03 14:40:00,3.203186813,-5.976097842,-7.211323866
2026-03-03 14:40:10,2.676286671,-5.852423751,-7.002998444
2026-03-03 14:40:20,1.682845598,-5.897584005,-7.527428681
2026-03-03 14:40:30,0.890718829,-6.737773935,-7.123935638
2026-03-03 14:40:40,0.605906168,-6.996801267,-7.250311795
2026-03-03 14:40:50,0.398401838,-7.295927046,-6.580472125
2026-03-03 14:41:00,0.160949117,-6.846597223,-6.898000388
2026-03-03 14:41:10,0.230389235,-6.425297762,-7.157883213
2026-03-03 14:41:20,0.753883099,-6.805367613,-6.952715513
2026-03-03 14:41:30,0.722689198,-6.583551967,-7.282830439
2026-03-03 14:41:40,1.057449343,-6.389617103,-7.464765198
2026-03-03 14:41:50,0.993051658,-5.891712510,-7.732775117
2026-03-03 14:42:00,1.190467709,-5.344760930,-8.081877037
2026-03-03 14:42:10,0.486912539,-5.828940229,-7.897142694
2026-03-03 14:42:20,0.912049727,-5.777823573,-7.783297836
2026-03-03 14:42:30,0.843761747,-5.088063163,-8.296657711
2026-03-03 14:42:40,0.899591872,-4.664532413,-8.527918433
2026-03-03 14:42:50,0.827617456,-4.591176637,-8.364103969
2026-03-03 14:43:00,1.007327051,-4.892613082,-8.684829810
2026-03-03 14:43:10,1.966603894,-4.406967122,-8.715697888
2026-03-03 14:43:20,1.642193814,-4.801771952,-8.547883241
2026-03-03 14:43:30,1.866648989,-4.512744876,-8.719333548
2026-03-03 14:43:40,2.110070475,-4.795833816,-8.345289289
2026-03-03 14:43:50,1.864954427,-4.350771386,-8.933873933
2026-03-03 14:44:00,1.468380173,-3.975364773,-9.242998636
2026-03-03 14:44:10,0.721393304,-3.369617895,-8.784278092
2026-03-03 14:44:20,1.278410350,-4.056565437,-9.073973275
2026-03-03 14:44:30,1.284879039,-3.332510397,-9.237215480
2026-03-03 14:44:40,1.363237352,-3.318055316,-9.126578669
2026-03-03 14:44:50,1.294273098,-3.659148651,-8.840572805
2026-03-03 14:45:00,2.036981215,-3.336657564,-9.257452515
2026-03-03 14:45:10,2.129441469,-2.615309121,-9.464318842
2026-03-03 14:45:20,2.050887491,-2.719820237,-9.089863679
2026-03-03 14:45:30,2.065129618,-2.784097530,-9.119196652
2026-03-03 14:45:40,2.373690037,-3.039352075,-8.980318786
2026-03-03 14:45:50,2.273378863,-2.854117975,-9.075049793
2026-03-03 14:46:00,2.252371766,-2.629076313,-9.082896959
2026-03-03 14:46:10,1.790012321,-2.414412516,-9.403983492
2026-03-03 14:46:20,1.624742287,-2.399430498,-9.372360297
2026-03-03 14:46:30,2.019839984,-2.734627434,-9.117339458
2026-03-03 14:46:40,2.545651722,-2.541225245,-9.491831422
2026-03-03 14:46:50,2.555680842,-2.247654175,-9.142692255
2026-03-03 14:47:00,2.765470690,-2.294686887,-9.265018032
2026-03-03 14:47:10,2.683758057,-2.099361730,-9.206956684
2026-03-03 14:47:20,2.267022696,-1.790605429,-9.611904327
2026-03-03 14:47:30,2.354444856,-2.604040499,-9.192749581
2026-03-03 14:47:40,2.404335285,-1.902234499,-9.185414719
2026-03-03 14:47:50,2.433788834,-2.160528124,-9.448254844
2026-03-03 14:48:00,2.459158193,-2.071965218,-9.162496507
2026-03-03 14:48:10,2.851794762,-2.193959372,-8.821188412
2026-03-03 14:48:20,2.945471995,-1.681729645,-9.371356302
2026-03-03 14:48:30,2.868278104,-0.937827937,-9.167289286
2026-03-03 14:48:40,2.497961420,-0.953808906,-9.428200648
2026-03-03 14:48:50,3.208382807,-0.471807307,-9.140563007
2026-03-03 14:49:00,3.474611969,-1.093394568,-9.144298472
2026-03-03 14:49:10,3.760411135,-1.136366295,-8.985413740
2026-03-03 14:49:20,3.702888885,-0.648534479,-9.010104779
2026-03-03 14:49:30,3.674025518,-0.492950741,-8.952464254
2026-03-03 14:49:40,4.121674387,0.120799542,-8.547703321
2026-03-03 14:49:50,3.770663839,0.461152683,-9.170225032
2026-03-03 14:50:00,3.368019638,0.630664013,-9.353811804
2026-03-03 14:50:10,3.374228877,0.321146319,-9.169353341
2026-03-03 14:50:20,3.367309781,-0.035292005,-9.157263268
2026-03-03 14:50:30,3.290305519,-0.318464601,-8.958687100
2026-03-03 14:50:40,3.446214844,-0.616407552,-8.968770662
2026-03-03 14:50:50,3.633838502,-0.483870172,-9.064329966
2026-03-03 14:51:00,3.952934592,-0.291762885,-8.896362897
2026-03-03 14:51:10,3.682209481,-0.578679318,-9.159253220
2026-03-03 14:51:20,3.463082901,-0.184516426,-9.092800552
2026-03-03 14:51:30,2.934717408,-0.402460178,-9.259725509
2026-03-03 14:51:40,3.127513235,-0.108860027,-9.252482146
2026-03-03 14:51:50,3.142136930,-0.282897099,-9.222199481
2026-03-03 14:52:00,2.835979059,-0.279848855,-9.516784364
2026-03-03 14:52:10,3.101827568,-0.001926390,-9.602146136
2026-03-03 14:52:20,3.213667370,0.191967510,-9.535499052
2026-03-03 14:52:30,3.233082176,0.546247774,-9.297524407
2026-03-03 14:52:40,2.747504244,0.480751902,-9.653570751
2026-03-03 14:52:50,2.862006806,-0.053202477,-9.289522365
2026-03-03 14:53:00,3.064750727,-0.043717058,-9.132981803
2026-03-03 14:53:10,3.324059310,-0.071779019,-9.135300321
2026-03-03 14:53:20,3.497067512,0.092108208,-9.176335870
2026-03-03 14:53:30,3.307263295,-0.545655824,-9.274073943
2026-03-03 14:53:40,3.667654108,-0.017315921,-9.149106208
2026-03-03 14:53:50,2.704191823,0.031732903,-9.437810662
2026-03-03 14:54:00,3.161188360,-0.113846241,-9.686926871
2026-03-03 14:54:10,2.857566885,-0.238150187,-9.320923684
2026-03-03 14:54:20,2.506973927,-0.492902771,-9.476559166
2026-03-03 14:54:30,2.766347715,-0.076248475,-9.275380874
2026-03-03 14:54:40,2.546715882,-0.076631798,-9.269651257
2026-03-03 14:54:50,2.421444652,-0.084906649,-9.685585324
2026-03-03 14:55:00,2.791549812,0.270580163,-9.257868098
2026-03-03 14:55:10,2.711409795,0.155645933,-9.442547230
2026-03-03 14:55:20,2.942607059,-0.263948748,-9.342868471
2026-03-03 14:55:30,2.831977404,0.085763866,-9.269755987
2026-03-03 14:55:40,3.230326508,-0.342893801,-9.412738945
2026-03-03 14:55:50,2.921141616,0.515182184,-9.384422109
2026-03-03 14:56:00,3.219577062,0.073034868,-9.270516410
2026-03-03 14:56:10,2.610535063,0.615167153,-9.527588222
2026-03-03 14:56:20,2.590049414,0.610591560,-9.029677019
2026-03-03 14:56:30,2.760636883,0.879908921,-9.376462315
2026-03-03 14:56:40,2.768959531,0.762168612,-9.469291021
2026-03-03 14:56:50,2.899630490,0.261896368,-9.334137787
2026-03-03 14:57:00,2.210041377,0.199150374,-9.539043661
2026-03-03 14:57:10,2.259632234,-0.043006027,-9.479047346
2026-03-03 14:57:20,2.443483210,0.135450733,-9.714081608
2026-03-03 14:57:30,2.256280962,0.340812545,-9.632485726
2026-03-03 14:57:40,2.578185572,-0.007243198,-9.544739466
2026-03-03 14:57:50,2.883889373,0.299659216,-9.292006994
2026-03-03 14:58:00,2.444853041,0.281901629,-9.469462920
2026-03-03 14:58:10,2.176497939,0.638686178,-9.484572111
2026-03-03 14:58:20,2.253401858,0.845705401,-9.449949226
2026-03-03 14:58:30,1.612779769,0.739511728,-9.651435970
2026-03-03 14:58:40,1.033472470,0.839169139,-9.623799288
2026-03-03 14:58:50,1.689490206,0.164781751,-9.719492206
2026-03-03 14:59:00,1.817487580,0.181621613,-9.592945962
2026-03-03 14:59:10,2.364953822,0.007437466,-9.794983630
2026-03-03 14:59:20,2.087884193,0.518871459,-9.386971880
2026-03-03 14:59:30,1.616413818,1.145390538,-9.600587373
2026-03-03 14:59:40,1.629108547,1.758740127,-9.481602957
2026-03-03 14:59:50,1.130182074,2.263683064,-9.489912490
2026-03-03 15:00:00,1.656885818,2.544551587,-9.070109290
2026-03-03 15:00:10,1.892268109,2.535725342,-9.252825752
2026-03-03 15:00:20,2.313126418,2.553770494,-9.110638902
2026-03-03 15:00:30,2.970001860,2.187535640,-9.174522079
2026-03-03 15:00:40,2.799790599,2.361097767,-9.043390857
2026-03-03 15:00:50,2.916188040,2.803338839,-9.024369205
2026-03-03 15:01:00,2.975487034,2.536633668,-9.143644060
2026-03-03 15:01:10,3.391776190,2.627673789,-8.610501853
2026-03-03 15:01:20,3.309134335,2.877344853,-8.702598580
2026-03-03 15:01:30,3.057989722,2.522776851,-8.954076282
2026-03-03 15:01:40,3.664917163,1.968324236,-8.894591499
2026-03-03 15:01:50,3.234166328,1.937416186,-9.084193426
2026-03-03 15:02:00,3.413172480,2.291302177,-8.940599589
2026-03-03 15:02:10,4.447296849,1.923870620,-8.603080831
2026-03-03 15:02:20,4.091286343,2.179827449,-8.768028546
2026-03-03 15:02:30,4.036518210,2.206994328,-8.927543138
2026-03-03 15:02:40,4.357333749,2.233869809,-8.598303180
2026-03-03 15:02:50,4.046718404,2.168436102,-8.499222566
2026-03-03 15:03:00,4.643725212,2.306118955,-8.301062420
2026-03-03 15:03:10,4.517203958,3.026955166,-8.218071022
2026-03-03 15:03:20,4.697089363,3.000206756,-8.485031913
2026-03-03 15:03:30,4.808642534,2.896119001,-7.815644631
2026-03-03 15:03:40,4.659955370,2.960247657,-8.426196806
2026-03-03 15:03:50,4.738163579,2.860603910,-8.020460186
2026-03-03 15:04:00,4.620657597,2.207110261,-8.152092692
2026-03-03 15:04:10,4.852987743,1.963761885,-8.449381570
2026-03-03 15:04:20,4.636484051,2.584963954,-8.159741621
2026-03-03 15:04:30,3.941230830,2.482804178,-8.631846641
2026-03-03 15:04:40,3.543126450,2.098459522,-8.960800856
2026-03-03 15:04:50,2.923717782,1.911276638,-8.623184205
2026-03-03 15:05:00,3.646806093,1.876330685,-9.074184535
2026-03-03 15:05:10,3.929447708,1.989941921,-8.656537102
2026-03-03 15:05:20,4.322045972,2.108504336,-8.623083983
2026-03-03 15:05:30,3.963522180,2.588712523,-8.527241865
2026-03-03 15:05:40,4.469572223,2.851906759,-8.315541446
2026-03-03 15:05:50,4.216071562,2.702595265,-8.382454947
2026-03-03 15:06:00,4.041850645,2.685651837,-8.591891862
2026-03-03 15:06:10,4.200522432,2.243902981,-8.724701516
2026-03-03 15:06:20,4.400565916,1.551611362,-8.650509788
2026-03-03 15:06:30,4.324032123,2.284966723,-8.538949710
2026-03-03 15:06:40,3.979531869,1.872080420,-8.575732129
2026-03-03 15:06:50,4.134778164,1.552637286,-8.577893108
2026-03-03 15:07:00,4.597047499,1.399691198,-8.723115836
2026-03-03 15:07:10,4.219115698,1.627332781,-8.716265551
2026-03-03 15:07:20,4.110921635,2.312521988,-8.548431037
2026-03-03 15:07:30,3.920924440,2.636379912,-8.880423835
2026-03-03 15:07:40,3.492377166,2.562433578,-8.719452008
2026-03-03 15:07:50,2.849957360,3.067982480,-9.037268992
2026-03-03 15:08:00,3.713331726,2.195152917,-8.578190805
2026-03-03 15:08:10,3.168977004,3.048209199,-8.644028794
2026-03-03 15:08:20,3.357879175,3.353065407,-8.829062854
2026-03-03 15:08:30,3.652621864,3.244131444,-8.476453603
2026-03-03 15:08:40,3.740697605,3.283240803,-8.343662669
2026-03-03 15:08:50,3.513881468,2.948484199,-8.840706870
2026-03-03 15:09:00,3.582548429,2.754257972,-8.940068497
2026-03-03 15:09:10,3.401945758,2.804864790,-8.639669655
2026-03-03 15:09:20,3.757949014,2.630041862,-8.816123454
2026-03-03 15:09:30,3.923264120,2.291950012,-8.717393508
2026-03-03 15:09:40,3.489800693,2.203406089,-9.031291208
2026-03-03 15:09:50,3.680079241,1.635607742,-8.907949023
2026-03-03 15:10:00,3.665975130,1.063579561,-9.305064484
2026-03-03 15:10:10,3.127396273,1.255023117,-9.414882567
2026-03-03 15:10:20,2.843350277,1.724838370,-9.246624880
2026-03-03 15:10:30,2.686081637,1.564122417,-9.330857932
2026-03-03 15:10:40,2.139504875,1.773172926,-9.570813553
2026-03-03 15:10:50,1.624507148,1.982371603,-9.676269584
2026-03-03 15:11:00,1.974092683,2.441502546,-9.389456418
2026-03-03 15:11:10,1.807970208,2.054326463,-9.555591283
2026-03-03 15:11:20,1.509614204,2.405950122,-9.147190948
2026-03-03 15:11:30,1.173574224,2.466491197,-9.504244543
2026-03-03 15:11:40,0.415910217,2.282843403,-9.545164662
2026-03-03 15:11:50,0.469972323,1.717440735,-9.815953941
2026-03-03 15:12:00,-0.000596437,1.831084744,-9.409187949
2026-03-03 15:12:10,0.135861124,2.125888200,-9.575616370
2026-03-03 15:12:20,0.285721700,2.329459776,-9.651353950
2026-03-03 15:12:30,0.060942486,2.385558229,-9.673835727
2026-03-03 15:12:40,0.205075989,1.760279179,-9.595009252
2026-03-03 15:12:50,0.143978183,1.157820118,-9.782661677
2026-03-03 15:13:00,-0.151652752,1.214126241,-9.837145529
2026-03-03 15:13:10,-0.129508193,0.722496632,-9.606101954
2026-03-03 15:13:20,0.741487762,0.765922070,-10.070082563
2026-03-03 15:13:30,0.732755115,0.350015244,-9.732862670
2026-03-03 15:13:40,1.215295052,0.658596473,-9.682841156
2026-03-03 15:13:50,0.818728718,1.007178204,-9.864438741
2026-03-03 15:14:00,1.169811464,0.994421390,-9.935636957
2026-03-03 15:14:10,1.520814531,1.007326185,-9.627866319
2026-03-03 15:14:20,1.431489041,1.369900195,-9.316742380
2026-03-03 15:14:30,1.640142652,0.882958699,-9.474812904
2026-03-03 15:14:40,2.008188618,1.091666943,-9.452793404
2026-03-03 15:14:50,2.073282294,0.937766499,-9.779668395
2026-03-03 15:15:00,2.558153264,0.640191053,-9.412990625
2026-03-03 15:15:10,2.420599732,1.052565236,-9.739927662
2026-03-03 15:15:20,2.631752098,1.235933187,-9.459391243
2026-03-03 15:15:30,2.563665650,1.004632238,-9.331391666
2026-03-03 15:15:40,2.428352818,1.205593777,-9.382475704
2026-03-03 15:15:50,2.639757359,1.900783157,-9.535645846
2026-03-03 15:16:00,2.637919695,1.885483321,-9.531959392
2026-03-03 15:16:10,1.949932575,2.181269265,-9.610588486
2026-03-03 15:16:20,2.657483610,2.277345124,-9.235380616
2026-03-03 15:16:30,2.710730473,2.454215030,-9.009012385
2026-03-03 15:16:40,2.899640340,2.421060902,-8.870130610
2026-03-03 15:16:50,2.472961785,3.090762437,-9.161135414
2026-03-03 15:17:00,2.139856060,2.688998440,-9.006241182
2026-03-03 15:17:10,2.180285886,3.335303423,-8.795266694
2026-03-03 15:17:20,2.288263364,3.137724118,-9.308444465
2026-03-03 15:17:30,2.170036194,3.134256211,-9.030782627
2026-03-03 15:17:40,2.064481627,3.291305219,-8.821388922
2026-03-03 15:17:50,2.258543064,3.114429484,-8.999035601
2026-03-03 15:18:00,2.595728634,2.821536921,-9.065702733
2026-03-03 15:18:10,3.067739949,2.271805569,-8.977090165
2026-03-03 15:18:20,3.600181464,2.497083970,-8.560056539
2026-03-03 15:18:30,3.332938017,2.750584711,-8.986570427
2026-03-03 15:18:40,3.015738792,2.449854464,-8.952059275
2026-03-03 15:18:50,3.182341430,2.013741621,-9.120567979
2026-03-03 15:19:00,2.899820828,2.246515776,-8.838593143
2026-03-03 15:19:10,3.009013788,1.769067689,-9.023896014
2026-03-03 15:19:20,3.887344027,1.748618073,-8.798189449
2026-03-03 15:19:30,3.934456953,1.642132303,-8.985897806
2026-03-03 15:19:40,3.776315352,1.035819369,-9.039991946
2026-03-03 15:19:50,4.109754976,1.208587718,-9.108745488
2026-03-03 15:20:00,3.455407642,1.607589087,-8.921410574
2026-03-03 15:20:10,3.706741762,1.148225243,-8.687148606
2026-03-03 15:20:20,3.611450191,1.847269729,-8.806339452
2026-03-03 15:20:30,4.218977865,1.626355307,-8.704162381
2026-03-03 15:20:40,4.384939404,1.059593204,-8.663817892
2026-03-03 15:20:50,4.068883179,1.792878391,-8.580466165
2026-03-03 15:21:00,3.723930789,1.896134378,-8.816385145
2026-03-03 15:21:10,3.726474914,2.624199331,-8.711281803
2026-03-03 15:21:20,3.327827425,2.749024713,-8.941953729
2026-03-03 15:21:30,2.800589377,2.541113016,-8.844323333
2026-03-03 15:21:40,3.086360456,2.934072655,-8.678152633
2026-03-03 15:21:50,2.774963359,3.580706147,-8.775038230
2026-03-03 15:22:00,2.620354575,4.462022263,-8.439992088
2026-03-03 15:22:10,2.503296500,4.155593648,-8.300007092
2026-03-03 15:22:20,2.737463551,4.203089302,-8.632888177
2026-03-03 15:22:30,2.327650307,4.017593537,-9.048666097
2026-03-03 15:22:40,1.969241152,3.250236518,-8.912916645
2026-03-03 15:22:50,2.566061001,2.839346586,-8.978167586
2026-03-03 15:23:00,2.810894176,3.667743780,-8.804624430
2026-03-03 15:23:10,3.148422478,3.764411613,-8.476870430
2026-03-03 15:23:20,2.747159844,3.276930499,-8.796495661
2026-03-03 15:23:30,3.244546705,2.766451018,-8.921328875
2026-03-03 15:23:40,3.170154231,2.764229897,-8.844032542
2026-03-03 15:23:50,3.095000240,2.329481060,-8.826851377
2026-03-03 15:24:00,3.072098446,1.819626603,-9.190975442
2026-03-03 15:24:10,2.687759370,0.984797965,-9.357806688
2026-03-03 15:24:20,2.949742710,1.049623839,-9.276544035
2026-03-03 15:24:30,3.382884742,1.054874772,-9.279554541
2026-03-03 15:24:40,3.875706698,1.179602135,-8.684799148
2026-03-03 15:24:50,4.293459143,1.194986901,-8.663817369
2026-03-03 15:25:00,4.227234608,1.905285863,-8.520818245
2026-03-03 15:25:10,3.908173211,1.796042105,-8.923507835
2026-03-03 15:25:20,4.057000433,1.851153328,-8.756938213
2026-03-03 15:25:30,4.354603591,2.455282717,-8.146191447
2026-03-03 15:25:40,4.408069088,2.160848084,-8.370448916
2026-03-03 15:25:50,4.763247898,1.820902233,-8.410378758
2026-03-03 15:26:00,3.886612309,1.187097499,-9.269876540
2026-03-03 15:26:10,3.860984919,0.871503952,-9.093903845
2026-03-03 15:26:20,4.332571766,0.603159089,-8.946222836
2026-03-03 15:26:30,4.434251567,0.305515818,-8.665735103
2026-03-03 15:26:40,4.948721911,0.571246629,-8.693118640
2026-03-03 15:26:50,5.055149657,0.239624542,-8.461001194
2026-03-03 15:27:00,5.012359403,0.119990064,-8.558693192
2026-03-03 15:27:10,5.351943246,0.293350366,-8.067678919
2026-03-03 15:27:20,5.483712787,0.433113662,-8.453599959
2026-03-03 15:27:30,5.415426690,0.289132656,-8.286600161
2026-03-03 15:27:40,5.909124385,0.534905225,-7.632574837
2026-03-03 15:27:50,5.253843450,0.309254160,-8.294905379
2026-03-03 15:28:00,4.735157141,0.730862062,-8.332723703
2026-03-03 15:28:10,4.818649778,0.926336625,-8.479237884
2026-03-03 15:28:20,5.178061933,0.843341504,-8.352100300
2026-03-03 15:28:30,5.651054785,0.666446424,-7.988835603
2026-03-03 15:28:40,5.736715384,0.988834503,-8.002009595
2026-03-03 15:28:50,5.857711655,0.715562773,-7.872368681
2026-03-03 15:29:00,5.683511421,1.268253200,-7.744921745
2026-03-03 15:29:10,6.153016217,1.044575562,-7.415069136
2026-03-03 15:29:20,5.968548256,2.046048986,-7.272454097
2026-03-03 15:29:30,6.293047849,1.324312990,-7.464910675
2026-03-03 15:29:40,6.495994550,1.192146634,-7.232005958
2026-03-03 15:29:50,5.870514770,1.479603400,-7.778572544
2026-03-03 15:30:00,5.685687956,1.963020472,-7.478916748
2026-03-03 15:30:10,5.980538315,1.002720074,-7.687890954
2026-03-03 15:30:20,6.298121176,0.826822345,-7.905394885
2026-03-03 15:30:30,5.960223178,0.636278564,-7.863744607
2026-03-03 15:30:40,5.308145094,0.733922912,-7.935899311
2026-03-03 15:30:50,4.904444598,1.780048069,-8.222018433
2026-03-03 15:31:00,4.939407067,1.107176988,-8.228896056
2026-03-03 15:31:10,5.652109518,1.484311561,-7.817856604
2026-03-03 15:31:20,5.942743748,1.754649771,-7.618567073
2026-03-03 15:31:30,6.476856027,2.226744672,-7.254629129
2026-03-03 15:31:40,6.897099704,2.948912590,-6.442340077
2026-03-03 15:31:50,6.817057062,3.219659928,-6.058727013
2026-03-03 15:32:00,6.502541152,3.263480645,-6.337671591
2026-03-03 15:32:10,6.370717699,3.349538762,-6.815237917
2026-03-03 15:32:20,5.775835525,3.219010920,-7.437587000
2026-03-03 15:32:30,5.538793513,3.444936962,-7.375715056
2026-03-03 15:32:40,5.311077100,3.093436070,-7.537037272
2026-03-03 15:32:50,5.217029037,2.096640167,-8.044981628
2026-03-03 15:33:00,-9.738617329,-0.823448330,1.325143359
2026-03-03 15:33:10,5.159910622,-8.090642005,-1.720228125
2026-03-03 15:33:20,8.943848462,-0.929320416,-4.048907586
2026-03-03 15:33:30,5.635923662,-1.749728722,-7.811028034
2026-03-03 15:33:40,8.387195396,1.815959891,-4.691629978
2026-03-03 15:33:50,8.330598336,2.926341769,-4.402364526
2026-03-03 15:34:00,9.274801820,1.191756364,-3.094157531
2026-03-03 15:34:10,9.317467029,2.252513950,1.779242221
2026-03-03 15:34:20,-5.637603473,5.556892673,-5.866377616
2026-03-03 15:34:30,-4.921711440,7.574913962,3.785921707
2026-03-03 15:34:40,-6.411083977,1.914841566,7.070584261
2026-03-03 15:34:50,4.733243024,8.376808778,1.256215794
2026-03-03 15:35:00,-9.511558324,-1.908706623,-1.153082212
2026-03-03 15:35:10,-2.128407678,0.707679204,-9.503842820
2026-03-03 15:35:20,0.611261908,7.668753529,-6.054239332
2026-03-03 15:35:30,2.131412003,8.108663291,-5.206511254
2026-03-03 15:35:40,2.010591304,0.091408021,-9.642427978
2026-03-03 15:35:50,1.998778197,3.175207593,-9.138154752
2026-03-03 15:36:00,3.860583143,3.515101220,-8.216342208
2026-03-03 15:36:10,0.875366196,6.843575403,-6.999438826
2026-03-03 15:36:20,3.220928994,5.008953097,-7.844546956
2026-03-03 15:36:30,3.335103656,0.964234812,-9.155958074
2026-03-03 15:36:40,3.491753868,-0.325313710,-9.180228814
2026-03-03 15:36:50,2.395490257,0.595932657,-9.561771925
2026-03-03 15:37:00,1.077521738,-0.326005799,-9.720255167
2026-03-03 15:37:10,-0.982090187,0.454452258,-9.793912717
2026-03-03 15:37:20,-0.633890698,1.991116966,-9.781013856
2026-03-03 15:37:30,-2.563736424,2.041704444,-9.230083875
2026-03-03 15:37:40,1.020867291,1.860358656,-9.660291019
2026-03-03 15:37:50,0.746216480,4.325699126,-8.922165609
2026-03-03 15:38:00,0.410787755,4.798175780,-8.563966729
2026-03-03 15:38:10,1.887397307,5.940661562,-7.462558215
2026-03-03 15:38:20,3.050869470,4.409049154,-8.178969475
2026-03-03 15:38:30,2.326075476,3.506475966,-8.854547205
2026-03-03 15:38:40,2.456964584,3.537339437,-8.851173338
2026-03-03 15:38:50,2.920367908,3.524444528,-8.647328291
2026-03-03 15:39:00,3.229365840,4.107298363,-8.242987569
2026-03-03 15:39:10,2.114354350,5.262114025,-8.062552360
2026-03-03 15:39:20,1.647880691,3.652361489,-8.993593332
2026-03-03 15:39:30,1.140724421,4.590952463,-8.591120398
2026-03-03 15:39:40,1.206761947,6.129926901,-7.703346318
2026-03-03 15:39:50,0.861772356,5.769142518,-7.917585911
2026-03-03 15:40:00,2.378914272,5.986967493,-7.278132235
2026-03-03 15:40:10,3.679571469,7.412585779,-5.334004288
2026-03-03 15:40:20,4.589850910,6.789080820,-5.523805224
2026-03-03 15:40:30,4.524277026,6.951364509,-5.225794089
2026-03-03 15:40:40,4.884819919,6.523539333,-5.592295542
2026-03-03 15:40:50,4.701125008,5.523752847,-6.637013288
2026-03-03 15:41:00,4.268839526,5.371189192,-6.989933213
2026-03-03 15:41:10,5.142725415,5.400086748,-6.362812621
2026-03-03 15:41:20,4.612747001,5.496655261,-6.548510778
2026-03-03 15:41:30,4.489914864,5.779703772,-6.630458589
2026-03-03 15:41:40,4.975164164,6.191817027,-5.880168110
2026-03-03 15:41:50,5.382668474,5.843302155,-5.604973346
2026-03-03 15:42:00,6.086361358,5.750607482,-5.195964812
2026-03-03 15:42:10,6.050475431,6.032321068,-4.925823161
2026-03-03 15:42:20,6.716537492,5.895721387,-4.010452513
2026-03-03 15:42:30,7.238418716,5.446722574,-3.557161826
2026-03-03 15:42:40,7.520423017,6.070905378,-2.001571075
2026-03-03 15:42:50,7.927318055,5.476932103,-1.734404087
2026-03-03 15:43:00,8.136322306,5.066459494,-1.586574656
2026-03-03 15:43:10,8.208779927,4.976106080,-1.983894543
2026-03-03 15:43:20,8.205575415,4.984136301,-2.231768926
2026-03-03 15:43:30,8.508033852,4.317593903,-1.815905227
2026-03-03 15:43:40,7.978293597,5.460528010,-1.292179391
2026-03-03 15:43:50,8.045840472,5.378908550,-1.314836088
2026-03-03 15:44:00,7.670748634,6.092251657,-0.931400481
2026-03-03 15:44:10,8.408497488,5.173092238,-0.763909476
2026-03-03 15:44:20,8.310031169,5.046404987,-0.841359403
2026-03-03 15:44:30,8.263028012,5.231293582,-0.644540363
2026-03-03 15:44:40,8.216106565,5.394992615,-0.549850937
2026-03-03 15:44:50,8.451253050,4.939409403,-0.119436190
2026-03-03 15:45:00,8.594587501,4.722839313,-0.288992693
2026-03-03 15:45:10,8.690505239,4.648370377,-0.611530841
2026-03-03 15:45:20,8.415208223,4.844398737,-1.267568553
2026-03-03 15:45:30,7.882466076,5.013569092,-2.879389252
2026-03-03 15:45:40,8.161446286,4.605314753,-2.881796633
2026-03-03 15:45:50,7.730734741,5.140124890,-2.927487237
2026-03-03 15:46:00,8.400125070,4.326266755,-2.720756947
2026-03-03 15:46:10,8.235116928,4.453382294,-2.860978658
2026-03-03 15:46:20,8.478311068,4.396070376,-2.483905219
2026-03-03 15:46:30,8.056980292,4.411548836,-3.350482275
2026-03-03 15:46:40,8.137966435,4.036702453,-3.605744518
2026-03-03 15:46:50,7.841448081,4.006489369,-4.347368814
2026-03-03 15:47:00,7.623347022,4.114777006,-4.519169479
2026-03-03 15:47:10,7.728341480,4.052433334,-4.378890916
2026-03-03 15:47:20,7.820662183,3.888492535,-4.269893818
2026-03-03 15:47:30,7.721872372,4.262087065,-4.276186293
2026-03-03 15:47:40,7.693766950,4.940363493,-3.622685121
2026-03-03 15:47:50,7.624319052,4.909757967,-3.609616678
2026-03-03 15:48:00,7.031070696,5.358404272,-4.175416233
2026-03-03 15:48:10,7.085644372,5.653247913,-3.714498968
2026-03-03 15:48:20,7.327914090,5.499298144,-3.444931897
2026-03-03 15:48:30,7.068060081,5.648061393,-3.732330122
2026-03-03 15:48:40,6.716383208,5.732392246,-4.225342396
2026-03-03 15:48:50,6.313493145,5.972546470,-4.416835724
2026-03-03 15:49:00,5.912721527,6.299906421,-4.459227716
2026-03-03 15:49:10,6.208922233,5.770613587,-4.927574113
2026-03-03 15:49:20,6.241393669,6.086467105,-4.459067785
2026-03-03 15:49:30,6.559254167,5.655762244,-4.588650512
2026-03-03 15:49:40,6.935930915,5.082181214,-4.767995137
2026-03-03 15:49:50,6.840953654,5.297467450,-4.698913852
2026-03-03 15:50:00,6.872787457,4.829621183,-4.900309285
2026-03-03 15:50:10,6.891127966,5.091530669,-4.869160081
2026-03-03 15:50:20,7.042113638,4.930383619,-4.852841948
2026-03-03 15:50:30,6.388168140,5.109896561,-5.398056874
2026-03-03 15:50:40,6.442987143,5.307483492,-5.273923026
2026-03-03 15:50:50,6.378536972,4.895148811,-5.579989585
2026-03-03 15:51:00,5.791417851,5.511309549,-5.777482108
2026-03-03 15:51:10,5.432633723,5.489159437,-5.931764308
2026-03-03 15:51:20,5.274573900,5.886408081,-5.987722538
2026-03-03 15:51:30,5.495425481,5.549088620,-6.009674921
2026-03-03 15:51:40,5.429718127,5.548134305,-6.073388722
2026-03-03 15:51:50,5.106298685,5.920624785,-5.959840832
2026-03-03 15:52:00,4.927625757,6.189961186,-5.589792168
2026-03-03 15:52:10,4.833505482,5.991045704,-5.997159243
2026-03-03 15:52:20,5.407877449,5.930792973,-5.625402049
2026-03-03 15:52:30,5.950533646,5.611770265,-5.451980476
2026-03-03 15:52:40,6.192082527,5.722340960,-5.078448572
2026-03-03 15:52:50,5.800232403,6.423249547,-4.642404722
2026-03-03 15:53:00,6.090049262,6.365598796,-4.330277352
2026-03-03 15:53:10,6.189060529,6.341512441,-4.243029365
2026-03-03 15:53:20,6.182284879,6.164404615,-4.554408369
2026-03-03 15:53:30,5.802245215,6.601387223,-4.300230498
2026-03-03 15:53:40,5.798276856,6.548380147,-4.567299498
2026-03-03 15:53:50,6.351308926,6.310675283,-3.970441154
2026-03-03 15:54:00,6.260974873,6.465251356,-3.839573830
2026-03-03 15:54:10,6.445491261,6.161245374,-4.160042839
2026-03-03 15:54:20,6.253173337,6.454161644,-3.766477574
2026-03-03 15:54:30,6.808753389,5.881409462,-3.866082052
2026-03-03 15:54:40,6.652355090,6.196775777,-3.502798779
2026-03-03 15:54:50,6.617745892,6.597239310,-2.992246624
2026-03-03 15:55:00,7.363665627,6.169838504,-2.221375345
2026-03-03 15:55:10,7.230621433,6.073148243,-2.661404878
2026-03-03 15:55:20,7.280922788,5.708267911,-3.067866525
2026-03-03 15:55:30,7.092685029,5.815617118,-3.101131669
2026-03-03 15:55:40,7.351668110,5.557127504,-3.296013143
2026-03-03 15:55:50,7.025744717,5.927416674,-3.561304735
2026-03-03 15:56:00,6.499402374,6.074092293,-4.228107211
2026-03-03 15:56:10,6.459506630,6.259022004,-3.743375487
2026-03-03 15:56:20,6.304707144,6.349413555,-3.870695658
2026-03-03 15:56:30,6.002402627,6.960411708,-3.447826735
2026-03-03 15:56:40,7.168588079,6.018367424,-2.949376578
2026-03-03 15:56:50,7.238063343,5.724259957,-3.358282745
2026-03-03 15:57:00,7.762683358,4.763160388,-3.473069331
2026-03-03 15:57:10,8.443588124,4.147270548,-2.607392306
2026-03-03 15:57:20,8.372431920,4.808217827,-1.873622500
2026-03-03 15:57:30,8.052279070,5.175674954,-2.111729203
2026-03-03 15:57:40,8.437991981,4.689234886,-1.787413009
2026-03-03 15:57:50,8.516707974,4.416438886,-1.869310373
2026-03-03 15:58:00,8.955732017,3.601414616,-1.492329959
2026-03-03 15:58:10,8.852679169,3.330050043,-2.492468504
2026-03-03 15:58:20,9.167670072,2.861532898,-2.065482468
2026-03-03 15:58:30,9.145382653,2.491671979,-2.728038863
2026-03-03 15:58:40,9.133126025,2.510969212,-2.606711311
2026-03-03 15:58:50,9.085579593,1.635553790,-3.527814605
2026-03-03 15:59:00,9.072045931,1.258899952,-3.763599456
2026-03-03 15:59:10,8.802818202,0.897226934,-4.122714419
2026-03-03 15:59:20,8.417242292,0.418222140,-4.988853200
2026-03-03 15:59:30,8.574587933,0.989948678,-4.751665160
2026-03-03 15:59:40,8.418499025,0.303612881,-4.854434910
2026-03-03 15:59:50,8.490092039,0.072764092,-5.045273345
2026-03-03 16:00:00,8.716771691,0.262712669,-4.395082377
2026-03-03 16:00:10,8.703041698,0.511784407,-4.452385941
2026-03-03 16:00:20,8.680511737,-0.241489899,-4.782414956
2026-03-03 16:00:30,8.509348805,0.263200738,-5.011318292
2026-03-03 16:00:40,8.293523940,0.538805782,-5.412106159
2026-03-03 16:00:50,8.505623372,0.134917310,-4.942734641
2026-03-03 16:01:00,8.236979452,0.252705328,-5.564558871
2026-03-03 16:01:10,8.270489630,0.421897747,-5.260922631
2026-03-03 16:01:20,8.244966511,0.486565559,-5.266620472
2026-03-03 16:01:30,8.336580365,0.125951308,-5.268960020
2026-03-03 16:01:40,8.131562481,0.439618115,-5.506207296
2026-03-03 16:01:50,7.667027109,-0.052557101,-6.149454257
2026-03-03 16:02:00,6.622332180,-0.535049868,-7.126393569
2026-03-03 16:02:10,7.357286873,-0.925864048,-6.528404827
2026-03-03 16:02:20,6.722143251,-0.272401543,-7.119514861
2026-03-03 16:02:30,7.654865817,-1.202035130,-6.006084633
2026-03-03 16:02:40,8.144809214,-1.462582090,-5.436551599
2026-03-03 16:02:50,7.933768549,-2.386022552,-5.133521959
2026-03-03 16:03:00,7.987653578,-2.762489754,-5.011764834
2026-03-03 16:03:10,8.251024697,-2.741742126,-4.743831440
2026-03-03 16:03:20,7.864537465,-2.724691222,-5.127431832
2026-03-03 16:03:30,8.319066785,-0.647311354,-5.161956495
2026-03-03 16:03:40,9.530010940,-0.229589733,-2.572656337
2026-03-03 16:03:50,9.127614204,-0.208445148,-3.666887943
2026-03-03 16:04:00,9.405254408,-0.541217732,-2.913098878
2026-03-03 16:04:10,8.492100247,-1.728259530,-4.549710006
2026-03-03 16:04:20,8.832755960,-0.812891947,-4.365810631
2026-03-03 16:04:30,8.494900823,-1.462604150,-4.642606020
2026-03-03 16:04:40,8.900734317,-1.895792631,-3.723908253
2026-03-03 16:04:50,8.832938244,-2.019945671,-3.556883942
2026-03-03 16:05:00,-8.231489191,-4.961954072,1.673029941
2026-03-03 16:05:10,2.553213493,0.776016117,-9.421943243
2026-03-03 16:05:20,3.097287969,9.321894737,-0.548686895
2026-03-03 16:05:30,7.408905167,6.083241337,-2.437786298
2026-03-03 16:05:40,1.547349625,9.491655143,-1.318318106
2026-03-03 16:05:50,-3.932326859,8.195842953,3.763943033
2026-03-03 16:06:00,0.675535409,9.736309074,1.737305629
2026-03-03 16:06:10,0.712222807,9.809140349,0.746032585
2026-03-03 16:06:20,0.428059100,9.188437905,-3.141395833
2026-03-03 16:06:30,-2.730013536,9.501125324,-0.082748912
2026-03-03 16:06:40,-4.199677284,8.624647495,2.355217736
2026-03-03 16:06:50,-5.381304999,7.773891426,2.596819005
2026-03-03 16:07:00,-6.439456701,6.661552489,3.229527316
2026-03-03 16:07:10,-5.777746214,6.593138631,4.326665205
2026-03-03 16:07:20,-7.787495296,5.345205838,2.646811964
2026-03-03 16:07:30,-9.132752936,3.062994610,2.138670758
2026-03-03 16:07:40,-8.966994993,3.390647686,1.877716690
2026-03-03 16:07:50,-9.445404649,1.276560284,2.430721942
2026-03-03 16:08:00,-9.586058975,0.623143266,1.610985390
2026-03-03 16:08:10,-9.728964347,1.316885672,0.642919172
2026-03-03 16:08:20,-9.736437570,1.631943671,0.162283331
2026-03-03 16:08:30,-9.534309555,1.906203189,0.194340402
2026-03-03 16:08:40,-9.718392842,0.741510121,1.208488896
2026-03-03 16:08:50,-9.172602074,1.311473376,3.191161864
2026-03-03 16:09:00,-9.795564676,0.723835836,0.081203868
2026-03-03 16:09:10,-9.316950979,2.221679826,2.007572279
2026-03-03 16:09:20,-9.597464401,0.199507570,2.027716507
2026-03-03 16:09:30,-9.692430650,0.953513837,1.078820749
2026-03-03 16:09:40,-9.714026557,-0.472862317,1.174646166
2026-03-03 16:09:50,-9.783816526,-0.209106689,0.646310450
2026-03-03 16:10:00,-9.766425389,0.560403255,-0.758938651
2026-03-03 16:10:10,-9.673316826,1.897396892,-0.210857664
2026-03-03 16:10:20,-9.397689117,2.613338114,-0.615409242
2026-03-03 16:10:30,-9.396681330,3.013017305,-0.251409866
2026-03-03 16:10:40,-9.446032936,2.418931093,-1.385029478
2026-03-03 16:10:50,-9.327448072,3.035034702,-0.086333335
2026-03-03 16:11:00,-9.190723032,3.449217590,0.961948955
2026-03-03 16:11:10,-8.956083340,3.596441063,1.882743929
2026-03-03 16:11:20,-8.751645122,4.121051339,1.494107188
2026-03-03 16:11:30,-9.112543444,2.717520462,2.410171078
2026-03-03 16:11:40,-9.294797964,2.464056887,2.428660209
2026-03-03 16:11:50,-9.383882107,1.971300554,1.882941735
2026-03-03 16:12:00,-9.574783169,1.808137168,0.890323271
2026-03-03 16:12:10,-9.513365336,1.849160851,1.864600409
2026-03-03 16:12:20,-9.445127123,1.897260103,1.584235867
2026-03-03 16:12:30,-9.461519905,1.703039266,1.479276453
2026-03-03 16:12:40,-9.678295062,1.416124064,1.161698659
2026-03-03 16:12:50,-9.753349537,1.488916554,0.173300619
2026-03-03 16:13:00,-9.525865055,2.597851422,0.805747503
2026-03-03 16:13:10,-9.483816340,2.412547957,0.050923844
2026-03-03 16:13:20,-9.578412161,2.195042515,0.777590183
2026-03-03 16:13:30,-9.202608894,3.269104605,0.281909780
2026-03-03 16:13:40,-9.560627043,1.932157282,-0.034245620
2026-03-03 16:13:50,-9.638152572,1.755235463,0.186201483
2026-03-03 16:14:00,-9.617247846,0.465177454,-1.908561785
2026-03-03 16:14:10,-9.366111857,1.794156583,-2.383839926
2026-03-03 16:14:20,-8.980307796,2.551370032,-2.933201726
2026-03-03 16:14:30,-9.232190019,1.947403139,-2.758202237
2026-03-03 16:14:40,-8.918981160,2.638757507,-3.112209080
2026-03-03 16:14:50,-9.431191070,2.056104019,-2.237140646
2026-03-03 16:15:00,-9.341853878,1.806816504,-2.346959111
2026-03-03 16:15:10,-8.887634671,2.050373547,-3.543305494
2026-03-03 16:15:20,-8.929306959,1.582339525,-3.822764619
2026-03-03 16:15:30,-8.699620686,1.047883757,-4.460868880
2026-03-03 16:15:40,-8.501495495,1.360303854,-4.795481068
2026-03-03 16:15:50,-8.779675767,1.957911775,-3.730577157
2026-03-03 16:16:00,-8.993897900,1.248677180,-3.470528396
2026-03-03 16:16:10,-9.027874118,1.748427060,-3.503300703
2026-03-03 16:16:20,-8.866253735,2.183307529,-3.751808613
2026-03-03 16:16:30,-9.088371684,1.632668797,-2.958617775
2026-03-03 16:16:40,-9.325265420,1.326468947,-2.728468071
2026-03-03 16:16:50,-9.253003989,1.394897470,-2.721817797
2026-03-03 16:17:00,-9.430934325,1.431460497,-2.735380993
2026-03-03 16:17:10,-9.381287734,1.677437550,-2.577800107
2026-03-03 16:17:20,-9.065548234,1.973883390,-3.017400038
2026-03-03 16:17:30,-8.893979798,2.651582707,-2.930220050
2026-03-03 16:17:40,-8.907567142,1.914565718,-3.816430004
2026-03-03 16:17:50,-8.892996648,1.378326960,-3.902586763
2026-03-03 16:18:00,-8.609461251,2.203274235,-4.275474020
2026-03-03 16:18:10,-8.861632749,2.084531640,-3.691829641
2026-03-03 16:18:20,-8.496025203,2.078173240,-4.540443265
2026-03-03 16:18:30,-8.370726918,1.353018267,-4.971688998
2026-03-03 16:18:40,-7.758821372,1.079110393,-5.857875621
2026-03-03 16:18:50,-8.021090561,1.530401645,-5.295121276
2026-03-03 16:19:00,-8.166975675,1.562242341,-5.303335084
2026-03-03 16:19:10,-7.295592518,3.038119367,-5.812814905
2026-03-03 16:19:20,-7.641266763,1.361108991,-5.936817961
2026-03-03 16:19:30,-7.598601207,2.039461461,-5.819467012
2026-03-03 16:19:40,-7.360219615,2.343625452,-6.030697005
2026-03-03 16:19:50,-7.588270541,1.897655538,-5.977785213
2026-03-03 16:20:00,-7.252120414,0.699353038,-6.564739382
2026-03-03 16:20:10,-7.457800222,0.633996202,-6.364860251
2026-03-03 16:20:20,-6.533924513,-0.386823103,-7.338794851
2026-03-03 16:20:30,-6.662095468,-0.035020222,-7.201735112
2026-03-03 16:20:40,-6.586349281,-0.604870201,-7.341012192
2026-03-03 16:20:50,-6.967605984,-0.769784884,-6.858342492
2026-03-03 16:21:00,-6.483153187,-0.365212364,-7.418301296
2026-03-03 16:21:10,-6.175256207,-1.235462751,-7.510221125
2026-03-03 16:21:20,-5.582999413,-1.417954441,-7.929324996
2026-03-03 16:21:30,-4.545564200,-1.899383299,-8.483715138
2026-03-03 16:21:40,-4.011229042,-1.675537039,-8.836031495
2026-03-03 16:21:50,-4.342813342,-1.529700146,-8.644547380
2026-03-03 16:22:00,-4.357620860,-1.534448722,-8.736384209
2026-03-03 16:22:10,-3.888375318,-2.188770428,-8.785210423
2026-03-03 16:22:20,-3.555377753,-1.135313988,-9.067049452
2026-03-03 16:22:30,-2.749022364,-1.298254105,-9.389051566
2026-03-03 16:22:40,-2.933180597,-0.643438412,-9.299324331
2026-03-03 16:22:50,-3.138244165,-0.653874890,-9.272276206
2026-03-03 16:23:00,-2.910599534,-0.776804913,-9.311484377
2026-03-03 16:23:10,-2.590432276,-1.578702223,-9.365053122
2026-03-03 16:23:20,-2.180573467,-1.278224092,-9.446861030
2026-03-03 16:23:30,-3.061861704,-1.291344657,-9.242713697
2026-03-03 16:23:40,-1.650733597,-1.686188533,-9.567780810
2026-03-03 16:23:50,-1.725504925,-1.495305761,-9.513946995
2026-03-03 16:24:00,-1.531607687,-0.941710495,-9.579209060
2026-03-03 16:24:10,-1.120326029,-0.893573515,-9.653261739
2026-03-03 16:24:20,-0.763901375,0.031872328,-9.866507720
2026-03-03 16:24:30,0.072869088,-0.036030488,-9.725106719
2026-03-03 16:24:40,0.644101769,-0.418290757,-9.774058144
2026-03-03 16:24:50,0.918756937,-1.392344427,-9.692174595
2026-03-03 16:25:00,1.011833592,-1.923373696,-9.562122005
2026-03-03 16:25:10,1.561428564,-2.639518932,-9.254643889
2026-03-03 16:25:20,1.768466052,-2.295398303,-9.349956586
2026-03-03 16:25:30,1.179870177,-2.033244014,-9.482371100
2026-03-03 16:25:40,1.007456598,-1.783194615,-9.666056886
2026-03-03 16:25:50,1.561452639,-1.951801484,-9.502158458
2026-03-03 16:26:00,1.604951737,-2.051764948,-9.423180003
2026-03-03 16:26:10,0.941288237,-2.745827455,-9.307427633
2026-03-03 16:26:20,1.561813332,-2.710137952,-9.278741853
2026-03-03 16:26:30,1.300531606,-2.982366903,-9.242039937
2026-03-03 16:26:40,0.982407513,-3.296278328,-9.093639740
2026-03-03 16:26:50,1.159298276,-2.487871591,-9.462913661
2026-03-03 16:27:00,1.057527868,-2.282902313,-9.537980545
2026-03-03 16:27:10,0.774666937,-2.149680617,-9.589928331
2026-03-03 16:27:20,0.949414838,-1.198986163,-9.687874574
2026-03-03 16:27:30,1.332942147,-1.967596753,-9.579137905
2026-03-03 16:27:40,1.789559345,-2.829973675,-9.137224343
2026-03-03 16:27:50,2.537075731,-2.275906783,-9.142534502
2026-03-03 16:28:00,1.905742058,-3.075212282,-9.102116603
2026-03-03 16:28:10,1.344946541,-2.625682191,-9.370421876
2026-03-03 16:28:20,0.111249702,-2.295209426,-9.512816489
2026-03-03 16:28:30,0.838764105,-1.947242172,-9.555155015
2026-03-03 16:28:40,-0.145964294,-2.622896006,-9.435609454
2026-03-03 16:28:50,-0.062723998,-3.909946245,-9.085527164
2026-03-03 16:29:00,0.108237325,-3.656462314,-9.053966644
2026-03-03 16:29:10,-0.255180924,-3.527805573,-9.221633284
2026-03-03 16:29:20,-0.406799168,-3.481866174,-9.216291170
2026-03-03 16:29:30,-0.361805696,-5.068298351,-8.434857803
2026-03-03 16:29:40,0.175304154,-4.436752121,-8.747024016
2026-03-03 16:29:50,0.907898951,-4.376143937,-8.675536895
2026-03-03 16:30:00,0.744552296,-4.651817224,-8.592338979
2026-03-03 16:30:10,1.037244908,-4.881171037,-8.345880522
2026-03-03 16:30:20,0.947857798,-4.076357935,-8.866914061
2026-03-03 16:30:30,2.781442327,-3.373677414,-8.789742009
2026-03-03 16:30:40,2.866217238,-3.602471540,-8.617787407
2026-03-03 16:30:50,2.430020210,-4.649126953,-8.389135310
2026-03-03 16:31:00,2.249404575,-4.783980068,-8.281408921
2026-03-03 16:31:10,2.069024822,-5.048733553,-8.118338468
2026-03-03 16:31:20,1.343914620,-4.759658310,-8.365856961
2026-03-03 16:31:30,1.204274336,-4.538789196,-8.623230172
2026-03-03 16:31:40,0.663063470,-4.431903424,-8.753046983
2026-03-03 16:31:50,0.523133867,-4.426645943,-8.765708754
2026-03-03 16:32:00,0.037435534,-5.102208964,-8.336480905
2026-03-03 16:32:10,-0.233459397,-4.208153184,-8.888643177
2026-03-03 16:32:20,-0.313146988,-4.646283831,-8.602014340
2026-03-03 16:32:30,0.157261671,-5.489014242,-8.092311069
2026-03-03 16:32:40,1.116745509,-5.752943821,-7.743211519
2026-03-03 16:32:50,1.193411691,-6.455077258,-7.354628739
2026-03-03 16:33:00,0.831144481,-5.880078752,-7.734265090
2026-03-03 16:33:10,-0.151706023,-4.684387243,-8.622037660
2026-03-03 16:33:20,0.391172004,-6.046707530,-7.735581522
2026-03-03 16:33:30,-0.149072470,-6.454714622,-7.303278726
2026-03-03 16:33:40,-0.007792291,-7.573743762,-6.281572630
2026-03-03 16:33:50,0.176119516,-8.711864540,-4.438929740
2026-03-03 16:34:00,-0.582322200,-8.552918019,-4.790647014
2026-03-03 16:34:10,-2.014776601,-8.391030176,-4.724877680
2026-03-03 16:34:20,-0.470468166,-8.023889474,-5.595348203
2026-03-03 16:34:30,-1.402918433,-9.288105105,-2.894938723
2026-03-03 16:34:40,-1.918446121,-9.198380215,-3.098627260
2026-03-03 16:34:50,-1.694895409,-9.570883936,-1.348467737
2026-03-03 16:35:00,-0.709146150,-9.745007526,-1.547610144
2026-03-03 16:35:10,-1.380900739,-9.771875042,-0.128137365
2026-03-03 16:35:20,-1.674752343,-9.705160002,-0.127939596
2026-03-03 16:35:30,-1.593523861,-9.650474206,-0.249156730
2026-03-03 16:35:40,-2.648387379,-9.514643668,0.247734674
2026-03-03 16:35:50,-2.791808356,-9.418682273,0.547633362
2026-03-03 16:36:00,-2.186542123,-9.527291427,0.119828045
2026-03-03 16:36:10,-2.460835211,-9.399186793,0.076445048
2026-03-03 16:36:20,-2.896479979,-9.309020351,-0.516228155
2026-03-03 16:36:30,-2.182884139,-9.538787667,-1.052343005
2026-03-03 16:36:40,-1.522266177,-9.741697532,-0.309967690
2026-03-03 16:36:50,-0.717135205,-9.772383969,-0.533005755
2026-03-03 16:37:00,-1.076392151,-9.661571040,0.089746379
2026-03-03 16:37:10,-1.872420026,-9.651960314,1.018816176
2026-03-03 16:37:20,-1.488056787,-9.603240022,1.434431532
2026-03-03 16:37:30,-1.717359135,-9.424010608,1.454586432
2026-03-03 16:37:40,-2.570777982,-9.230112144,1.974091330
2026-03-03 16:37:50,-2.006610411,-9.329805947,2.545032524
2026-03-03 16:38:00,3.476630115,4.738576929,7.774301557
2026-03-03 16:38:10,1.743607032,-0.889104419,9.443382877
2026-03-03 16:38:20,2.585816842,-0.208371590,9.495768458
2026-03-03 16:38:30,1.589423858,-0.631808450,9.548211298
2026-03-03 16:38:40,1.826447447,-0.840854853,9.582860640
2026-03-03 16:38:50,-1.249824764,-0.857442832,9.513810839
2026-03-03 16:39:00,0.314193567,-1.827647462,9.905064299
2026-03-03 16:39:10,0.569989520,-2.123985746,9.410929670
2026-03-03 16:39:20,-3.846478326,-4.480248761,8.066612465
2026-03-03 16:39:30,-3.863909912,-1.291587988,8.928753267
2026-03-03 16:39:40,-4.286122779,-2.098253008,8.734714064
2026-03-03 16:39:50,-2.213605689,-1.270256949,9.423412985
2026-03-03 16:40:00,-4.086105163,1.584397873,8.889352866
2026-03-03 16:40:10,-2.511784003,0.183424323,9.532083264
2026-03-03 16:40:20,-0.947027141,-1.478993527,9.782220786
2026-03-03 16:40:30,-1.156240199,1.317246405,9.663746280
2026-03-03 16:40:40,-2.299789430,2.485759132,9.228081845
2026-03-03 16:40:50,-3.547824702,2.513348737,8.788401508
2026-03-03 16:41:00,-1.261581071,4.734889925,8.354892693
2026-03-03 16:41:10,-1.264979683,7.426410951,6.429927873
2026-03-03 16:41:20,-2.878718208,6.374869442,6.771434264
2026-03-03 16:41:30,-2.199393616,7.609818101,5.647765105
2026-03-03 16:41:40,-1.476866598,8.512841816,4.890746689
2026-03-03 16:41:50,-3.552372865,6.841102110,5.992897687
2026-03-03 16:42:00,-6.104797596,6.993302438,2.644653358
2026-03-03 16:42:10,-6.605869531,5.284143924,5.516414784
2026-03-03 16:42:20,-4.635713646,4.392869210,7.218636352
2026-03-03 16:42:30,-0.189409765,4.055090546,8.867479667
2026-03-03 16:42:40,-8.765361682,-1.805665485,4.184106877
2026-03-03 16:42:50,-6.310559589,-7.007580807,3.000675627
2026-03-03 16:43:00,-4.850801328,-8.184843817,2.122796769
2026-03-03 16:43:10,-4.563148677,-8.633825115,2.069977443
2026-03-03 16:43:20,-4.833520908,-8.588341816,-0.046900747
2026-03-03 16:43:30,-4.747057452,-8.649396998,2.217629474
2026-03-03 16:43:40,-6.522839494,-6.652669255,2.921309177
2026-03-03 16:43:50,-6.685883015,-7.026170060,2.590130230
2026-03-03 16:44:00,-7.335724516,-6.284386816,2.322512314
2026-03-03 16:44:10,-4.961163440,-8.142418043,1.705925070
2026-03-03 16:44:20,-4.502780869,-8.458270331,0.858137628
2026-03-03 16:44:30,-5.557828617,-7.743280511,1.787057543
2026-03-03 16:44:40,-5.910952070,-6.908082806,3.345983079
2026-03-03 16:44:50,-4.157035387,-8.523960921,2.093926655
2026-03-03 16:45:00,-4.472796296,-8.820703526,0.520372167
2026-03-03 16:45:10,-3.228237240,-9.310716191,0.559459636
2026-03-03 16:45:20,-2.921902370,-9.398481897,1.491488909
2026-03-03 16:45:30,-1.303055274,-9.094821486,2.257810512
2026-03-03 16:45:40,-0.637940191,-9.141972615,3.642134884
2026-03-03 16:45:50,-1.234751690,-9.264311716,2.595576358
2026-03-03 16:46:00,-0.535073400,-9.130218575,2.771950659
2026-03-03 16:46:10,1.994398276,-9.387043703,1.193934554
2026-03-03 16:46:20,4.352754535,-8.906907384,0.937852146
2026-03-03 16:46:30,4.420067607,-8.913698269,1.723598094
2026-03-03 16:46:40,3.548036650,-8.889511433,2.109209943
2026-03-03 16:46:50,5.316350173,-8.335967564,0.555977421
2026-03-03 16:47:00,4.623985306,-8.798537006,1.239359480
2026-03-03 16:47:10,4.358192999,-8.102372904,3.085481237
2026-03-03 16:47:20,4.653339766,-7.758383561,3.423720791
2026-03-03 16:47:30,4.688233470,-7.574451427,4.373862645
2026-03-03 16:47:40,5.008612197,-6.863816191,4.828016016
2026-03-03 16:47:50,6.587429047,-6.523602892,3.874921155
2026-03-03 16:48:00,6.933907025,-6.535196993,1.704565956
2026-03-03 16:48:10,8.189720226,-5.246874104,0.730018076
2026-03-03 16:48:20,6.232041506,-6.300253913,3.956484879
2026-03-03 16:48:30,6.992838752,-4.352881829,5.207911777
2026-03-03 16:48:40,7.115130196,-1.927030627,6.468532289
2026-03-03 16:48:50,6.412606612,-1.465819591,7.309290573
2026-03-03 16:49:00,3.451411289,-0.047974788,9.253446337
2026-03-03 16:49:10,4.939897085,0.430311671,8.579604478
2026-03-03 16:49:20,1.310220290,2.442739074,9.250499859
2026-03-03 16:49:30,4.049517911,6.027965081,6.218751966
2026-03-03 16:49:40,6.308199752,3.748312040,6.388270762
2026-03-03 16:49:50,1.452596677,1.693444096,9.399990326
2026-03-03 16:50:00,1.587791825,3.545306851,8.893741317
2026-03-03 16:50:10,-4.630636908,5.030441816,7.449175239
2026-03-03 16:50:20,-1.796076611,8.917535810,3.995159928
2026-03-03 16:50:30,-2.059814703,6.177822473,7.067663802
2026-03-03 16:50:40,-1.872123912,7.446035271,6.175013308
2026-03-03 16:50:50,1.342310475,5.217106273,8.181101563
2026-03-03 16:51:00,1.872776938,6.464667484,7.163137302
2026-03-03 16:51:10,-1.071294600,8.632869997,4.673148854
2026-03-03 16:51:20,-2.703819802,8.207720859,4.829098099
2026-03-03 16:51:30,-3.059937543,8.351059285,3.299507607
2026-03-03 16:51:40,-0.545028113,8.834863706,3.651431913
2026-03-03 16:51:50,-2.115924322,9.336812440,1.897496225
2026-03-03 16:52:00,-0.712640980,9.799697717,2.294560995
2026-03-03 16:52:10,-3.449051739,8.566721492,2.496320539
2026-03-03 16:52:20,-4.219415250,8.850640177,2.451859967
2026-03-03 16:52:30,-4.145186488,8.279095542,2.317798090
2026-03-03 16:52:40,-6.420197335,7.043802537,3.466966416
2026-03-03 16:52:50,-5.797855524,6.979949472,3.364944440
2026-03-03 16:53:00,-2.379523440,8.770648395,4.112423935
2026-03-03 16:53:10,-0.774641322,8.738732318,3.965656340
2026-03-03 16:53:20,-1.738187589,8.239035697,5.239659708
2026-03-03 16:53:30,-1.246964389,7.794395840,5.474907252
2026-03-03 16:53:40,-0.270472048,7.740216236,6.283112470
2026-03-03 16:53:50,-0.669235977,6.771701892,7.004695511
2026-03-03 16:54:00,-0.714419616,4.291197558,8.814236791
2026-03-03 16:54:10,-0.826890207,4.640104705,8.697589753
2026-03-03 16:54:20,-1.655446201,4.092825851,8.713569379
2026-03-03 16:54:30,-1.542152207,4.292106728,8.707245821
2026-03-03 16:54:40,-0.897634116,5.505994620,8.028002177
2026-03-03 16:54:50,-0.540517728,6.081527370,7.472124351
2026-03-03 16:55:00,-0.397260535,5.935784143,7.692019495
2026-03-03 16:55:10,0.473877223,6.714837239,7.207479380
2026-03-03 16:55:20,-0.288377321,6.162476077,7.298678188
2026-03-03 16:55:30,-1.288297672,5.711825763,7.718909130
2026-03-03 16:55:40,-1.174171004,5.889375174,7.872463123
2026-03-03 16:55:50,-2.136517520,4.452078239,8.664644779
2026-03-03 16:56:00,-2.235815322,6.319684835,7.674651549
2026-03-03 16:56:10,-3.210373717,6.694801448,6.236981532
2026-03-03 16:56:20,-2.628985503,7.104228665,6.238630546
2026-03-03 16:56:30,-2.178544461,6.320672128,7.291519505
2026-03-03 16:56:40,-2.386863204,5.505495616,7.701140573
2026-03-03 16:56:50,-2.519891279,5.998305977,7.625724318
2026-03-03 16:57:00,-1.977334627,4.609152538,8.566925883
2026-03-03 16:57:10,-1.932600159,4.801316922,8.574239292
2026-03-03 16:57:20,-1.549730274,4.832330249,8.413251671
2026-03-03 16:57:30,-1.409608863,4.302152039,9.131168440
2026-03-03 16:57:40,-1.475743537,3.836655734,8.977778065
2026-03-03 16:57:50,-2.573182020,4.883448881,8.462394456
2026-03-03 16:58:00,-2.591311272,2.984745791,9.093018711
2026-03-03 16:58:10,-2.636581150,3.105924980,9.120941640
2026-03-03 16:58:20,-2.318995342,2.809506064,9.223346264
2026-03-03 16:58:30,-2.575928252,3.787783190,8.652142424
2026-03-03 16:58:40,-2.394021709,3.719671814,8.699296553
2026-03-03 16:58:50,-2.170229719,3.518078330,8.697219272
2026-03-03 16:59:00,-1.975870136,4.193470037,8.865816179
2026-03-03 16:59:10,-1.382138854,4.649225545,8.372603354
2026-03-03 16:59:20,-2.520078414,4.713013107,8.264997706
2026-03-03 16:59:30,-2.903973278,4.149917062,8.550205941
2026-03-03 16:59:40,-2.766488648,3.624520948,8.831262107
2026-03-03 16:59:50,-3.753027768,1.934597144,8.905483580
2026-03-03 17:00:00,-3.914252588,0.221727580,9.043645985
2026-03-03 17:00:10,-1.927442627,0.747745043,9.303817694
2026-03-03 17:00:20,-1.937384228,1.043427589,9.613874505
2026-03-03 17:00:30,-0.904724359,2.669319246,9.031466986
2026-03-03 17:00:40,-1.169101403,2.662616969,9.186161913
2026-03-03 17:00:50,0.152540942,1.591977929,9.460810468
2026-03-03 17:01:00,0.322395382,3.389957792,9.019634347
2026-03-03 17:01:10,1.866788035,4.610428124,8.673845692
2026-03-03 17:01:20,2.797997743,5.378818716,7.622914188
2026-03-03 17:01:30,4.084641524,4.933384267,7.200436526
2026-03-03 17:01:40,4.159540461,4.278159084,7.981762562
2026-03-03 17:01:50,3.521585868,5.416558223,7.442252296
2026-03-03 17:02:00,3.578374686,6.353105474,6.540808938
2026-03-03 17:02:10,4.230761159,6.137354055,6.114147125
2026-03-03 17:02:20,4.972125083,5.623244216,6.636437523
2026-03-03 17:02:30,4.188222604,6.371697691,5.999744986
2026-03-03 17:02:40,4.364505516,5.737216928,6.521902734
2026-03-03 17:02:50,3.085199403,5.303032294,7.442731925
2026-03-03 17:03:00,3.611695013,4.975752759,7.561692569
2026-03-03 17:03:10,3.383468715,5.641638409,7.066527365
2026-03-03 17:03:20,4.107298217,5.788156545,6.501410228
2026-03-03 17:03:30,4.004595457,5.639133747,7.086712974
2026-03-03 17:03:40,3.428930005,5.758282117,6.721843521
2026-03-03 17:03:50,4.993297969,4.765776781,6.881700781
2026-03-03 17:04:00,4.795809496,5.009942526,6.629506375
2026-03-03 17:04:10,5.301851690,4.006697362,6.742659666
2026-03-03 17:04:20,5.989776273,3.525719488,6.517384024
2026-03-03 17:04:30,6.821733613,2.354289722,6.409256643
2026-03-03 17:04:40,5.978858165,1.945979639,7.462060760
2026-03-03 17:04:50,5.813711641,1.593160470,7.373409921
2026-03-03 17:05:00,4.971911262,0.647747367,8.656126632
2026-03-03 17:05:10,4.795585737,0.225632099,8.464571748
2026-03-03 17:05:20,5.542944005,1.668093391,7.879478114
2026-03-03 17:05:30,6.649626890,1.277234766,7.300924422
2026-03-03 17:05:40,6.381114895,1.154546106,7.330806710
2026-03-03 17:05:50,6.137213963,1.147549928,7.692588661
2026-03-03 17:06:00,6.714802977,1.513071664,7.032774380
2026-03-03 17:06:10,6.092235522,0.462716839,7.802979849
2026-03-03 17:06:20,5.950195175,0.902410488,8.070884307
2026-03-03 17:06:30,5.421863180,1.650053153,8.058580794
2026-03-03 17:06:40,4.607788379,2.202638817,7.995420195
2026-03-03 17:06:50,4.518665929,2.378174285,8.430622386
2026-03-03 17:07:00,4.669517108,2.363245835,8.314826644
2026-03-03 17:07:10,5.162472398,2.088469800,8.215296351
2026-03-03 17:07:20,4.852347229,1.892261139,8.282912514
2026-03-03 17:07:30,5.340538703,1.528356418,7.614129496
2026-03-03 17:07:40,4.688416066,1.005035358,8.171838127
2026-03-03 17:07:50,5.548476230,0.775882109,7.948574890
2026-03-03 17:08:00,5.881123573,-0.544220253,7.748525383
2026-03-03 17:08:10,5.570009441,-0.781924706,8.056159571
2026-03-03 17:08:20,5.339123723,-0.689987742,8.084031467
2026-03-03 17:08:30,5.194346699,-0.986696117,8.014111154
2026-03-03 17:08:40,4.900396828,-1.414552877,8.082156545
2026-03-03 17:08:50,4.506019268,-0.602022402,8.657902905
2026-03-03 17:09:00,4.737975553,0.267918944,8.747559629
2026-03-03 17:09:10,3.968958274,0.117963229,8.796358922
2026-03-03 17:09:20,5.079373743,0.348394584,8.409262961
2026-03-03 17:09:30,4.170437548,0.344901069,9.096150815
2026-03-03 17:09:40,3.623750205,0.497662023,8.946578174
2026-03-03 17:09:50,3.258014288,1.321049187,9.035182200
2026-03-03 17:10:00,3.205806367,0.977174563,9.577126447
2026-03-03 17:10:10,2.876301737,0.582194240,9.365637327
2026-03-03 17:10:20,1.959333906,1.260265330,9.381113274
2026-03-03 17:10:30,2.779168815,0.811281869,9.466699934
2026-03-03 17:10:40,2.325705910,0.846187438,9.751950254
2026-03-03 17:10:50,2.398016730,1.137520132,9.278844219
2026-03-03 17:11:00,2.097813001,1.625037955,9.043331420
2026-03-03 17:11:10,3.261840466,1.942230122,8.958355037
2026-03-03 17:11:20,3.238763336,2.557262378,8.960520109
2026-03-03 17:11:30,3.396973577,1.278382311,9.058135954
2026-03-03 17:11:40,3.405119296,1.727195996,9.229338195
2026-03-03 17:11:50,2.830436082,0.954286185,9.275341272
2026-03-03 17:12:00,2.898688173,1.112631073,9.129017891
2026-03-03 17:12:10,2.690808973,0.529127215,9.221270431
2026-03-03 17:12:20,3.255983088,0.649534021,9.461063758
2026-03-03 17:12:30,2.354350485,0.827595236,9.395055769
2026-03-03 17:12:40,2.405482619,1.587070510,9.285716460
2026-03-03 17:12:50,2.667086998,1.579292368,9.364920469
2026-03-03 17:13:00,2.875814717,1.507038274,9.328711974
2026-03-03 17:13:10,3.183364436,1.758087419,9.024296383
2026-03-03 17:13:20,3.054977819,1.831267557,9.296601832
2026-03-03 17:13:30,2.968783541,2.020375490,9.221972540
2026-03-03 17:13:40,2.269701200,2.328773520,9.211654852
2026-03-03 17:13:50,2.942147863,2.347864220,8.782155954
2026-03-03 17:14:00,2.574396472,1.520025179,9.281761887
2026-03-03 17:14:10,2.444769851,1.548900473,9.321640071
2026-03-03 17:14:20,2.358674589,0.547233227,9.427145691
2026-03-03 17:14:30,2.155390630,1.305469696,9.368336942
2026-03-03 17:14:40,2.790781461,1.735673828,9.257244688
2026-03-03 17:14:50,3.591255519,1.104222505,8.784107313
2026-03-03 17:15:00,3.984178696,0.879749329,8.784795007
2026-03-03 17:15:10,2.683594360,1.074936621,9.414181589
2026-03-03 17:15:20,3.114526908,0.833259442,9.533879167
2026-03-03 17:15:30,2.825639870,0.363534139,9.179141372
2026-03-03 17:15:40,2.756058933,0.784781721,9.466094519
2026-03-03 17:15:50,2.496977353,0.665655217,9.386239263
2026-03-03 17:16:00,3.116443060,0.245202356,9.293234849
2026-03-03 17:16:10,3.435215465,0.564802125,8.759437148
2026-03-03 17:16:20,3.081576203,0.218854135,9.348642870
2026-03-03 17:16:30,3.431701224,0.801566359,9.166371299
2026-03-03 17:16:40,3.544730108,1.436509603,9.102122530
2026-03-03 17:16:50,3.690945611,1.722315887,8.705655363
2026-03-03 17:17:00,3.750514783,1.343986743,9.217692825
2026-03-03 17:17:10,3.230840313,1.992692555,8.808444698
2026-03-03 17:17:20,3.692334107,1.449050953,9.060537385
2026-03-03 17:17:30,3.643950009,2.263084869,8.992745163
2026-03-03 17:17:40,3.818081247,2.216314432,8.596948582
2026-03-03 17:17:50,3.404690672,1.877024592,9.142590167
2026-03-03 17:18:00,3.729554990,2.062359335,8.876927830
2026-03-03 17:18:10,3.928953052,1.775642260,8.603215027
2026-03-03 17:18:20,3.278215418,1.828843283,8.846012208
2026-03-03 17:18:30,3.560873734,1.747202308,9.223037574
2026-03-03 17:18:40,3.408563064,1.387446959,9.219117219
2026-03-03 17:18:50,3.120454866,1.265079704,9.204581409
2026-03-03 17:19:00,3.077962673,2.259190443,8.963722408
2026-03-03 17:19:10,3.722634818,2.386716494,8.897503698
2026-03-03 17:19:20,2.818389759,2.877839015,8.914167911
2026-03-03 17:19:30,2.797156363,2.327276823,9.004997760
2026-03-03 17:19:40,3.468693301,2.545718607,9.316338249
2026-03-03 17:19:50,3.657564985,2.174178533,9.281188311
2026-03-03 17:20:00,3.280327141,1.959144836,8.983275063
2026-03-03 17:20:10,2.637180171,2.250418524,9.264917268
2026-03-03 17:20:20,2.995939790,2.132372855,9.059562640
2026-03-03 17:20:30,2.455537991,2.363665552,9.020938862
2026-03-03 17:20:40,2.956134360,2.005192069,8.860555683
2026-03-03 17:20:50,2.810404436,2.146501712,9.140296079
2026-03-03 17:21:00,2.440349954,1.574184242,9.171602293
2026-03-03 17:21:10,2.257263613,2.192951966,9.155375301
2026-03-03 17:21:20,2.361170354,2.168569666,9.322110861
2026-03-03 17:21:30,1.711704499,2.420872088,9.231379363
2026-03-03 17:21:40,1.746445321,2.250365141,9.365669656
2026-03-03 17:21:50,1.782658824,1.943082612,9.407004049
2026-03-03 17:22:00,1.961980563,1.816881611,9.690439761
2026-03-03 17:22:10,1.968148526,1.631213872,9.075548456
2026-03-03 17:22:20,1.669283056,1.523560849,9.689386998
2026-03-03 17:22:30,1.541013633,1.929643803,9.527132144
2026-03-03 17:22:40,1.517075023,2.001335096,9.835279694
2026-03-03 17:22:50,0.909683338,1.690831280,9.692551037
2026-03-03 17:23:00,0.826559032,1.532031729,9.587054242
2026-03-03 17:23:10,0.890377213,1.263889418,9.555368258
2026-03-03 17:23:20,1.018511897,1.183418564,9.457627033
2026-03-03 17:23:30,1.182880113,0.904514398,9.637816221
2026-03-03 17:23:40,0.703477784,1.337882762,9.520678980
2026-03-03 17:23:50,0.605789790,1.840804282,9.480087257
2026-03-03 17:24:00,0.332098853,2.102743494,9.452890820
2026-03-03 17:24:10,0.407663526,2.279059563,9.478577304
2026-03-03 17:24:20,0.314399404,2.342963233,9.619456038
2026-03-03 17:24:30,0.360786994,3.053761472,9.370584134
2026-03-03 17:24:40,0.627481708,3.183431796,9.122652100
2026-03-03 17:24:50,0.592431771,3.027813099,9.197726845
2026-03-03 17:25:00,0.638671272,3.260048825,9.243435320
2026-03-03 17:25:10,0.788612083,3.322405412,8.939918080
2026-03-03 17:25:20,1.394412970,3.751592677,9.186548717
2026-03-03 17:25:30,1.371565820,3.826900566,9.102303441
2026-03-03 17:25:40,1.464205358,3.817867435,9.007560589
2026-03-03 17:25:50,1.435032508,3.895984581,8.638818968
2026-03-03 17:26:00,1.782945272,4.296452028,8.892275410
2026-03-03 17:26:10,1.906161090,3.932836032,8.811395882
2026-03-03 17:26:20,1.427739560,3.972899553,8.943413757
2026-03-03 17:26:30,1.405738656,4.225397824,8.981584155
2026-03-03 17:26:40,1.319111577,4.480992273,8.695401138
2026-03-03 17:26:50,1.316445892,4.684255700,8.592897311
2026-03-03 17:27:00,0.890471686,4.204214972,8.916173990
2026-03-03 17:27:10,1.392465993,4.091492904,8.687954466
2026-03-03 17:27:20,1.538654420,3.886733791,8.797335162
2026-03-03 17:27:30,1.135763848,3.480279120,9.076270163
2026-03-03 17:27:40,1.179599945,3.527680957,9.040237523
2026-03-03 17:27:50,0.410789977,3.000769057,9.322474892
2026-03-03 17:28:00,0.463621010,3.045727567,9.244416870
2026-03-03 17:28:10,0.542795472,3.209440448,9.145832064
2026-03-03 17:28:20,0.134227591,3.323111901,9.122423150
2026-03-03 17:28:30,0.378084344,3.326931485,9.400853330
2026-03-03 17:28:40,-0.052637010,3.169994625,9.055013220
2026-03-03 17:28:50,-0.836538480,3.396638411,9.126061814
2026-03-03 17:29:00,-0.751919821,3.730173569,8.881939879
2026-03-03 17:29:10,-1.085055139,2.817521828,9.356629848
2026-03-03 17:29:20,-1.410778776,2.984954593,9.134912633
2026-03-03 17:29:30,-1.118721245,2.372511925,9.423820414
2026-03-03 17:29:40,-1.727237623,1.973101526,9.328570565
2026-03-03 17:29:50,-1.866711251,2.225142672,9.221386376
2026-03-03 17:30:00,-1.692031943,2.459282437,9.191296247
2026-03-03 17:30:10,-1.622898979,2.713754106,9.238922227
2026-03-03 17:30:20,-1.948225708,2.183334108,9.376660757
2026-03-03 17:30:30,-1.841609754,2.360355184,9.363230840
2026-03-03 17:30:40,-1.690797551,2.965359362,9.056055062
2026-03-03 17:30:50,-1.441114427,2.662694075,9.443993452
2026-03-03 17:31:00,-1.628856495,2.962364130,9.401403276
2026-03-03 17:31:10,-1.892176260,2.600874241,9.311693532
2026-03-03 17:31:20,-1.572139047,1.956706675,9.673914446
2026-03-03 17:31:30,-1.828487025,2.431968017,9.302715231
2026-03-03 17:31:40,-1.347466685,2.843273274,9.394333273
2026-03-03 17:31:50,-1.626470448,2.806445183,9.351990239
2026-03-03 17:32:00,-1.304317352,3.421981259,9.105647732
2026-03-03 17:32:10,-2.084375132,3.748761408,8.790138455
2026-03-03 17:32:20,-1.257727894,3.713682839,8.831898959
2026-03-03 17:32:30,-1.293206102,3.691712063,8.863381604
2026-03-03 17:32:40,-1.271323993,3.737498638,8.868735867
2026-03-03 17:32:50,-1.386653763,3.237312777,9.242889364
2026-03-03 17:33:00,-1.405265683,3.329590950,9.086836105
2026-03-03 17:33:10,-2.025757369,2.460467968,9.143067188
2026-03-03 17:33:20,-1.643637178,2.285985032,9.502274209
2026-03-03 17:33:30,-1.628287161,2.514567724,9.141595307
2026-03-03 17:33:40,-1.529195616,2.419625837,9.673871704
2026-03-03 17:33:50,-1.943339451,2.279060772,9.198684934
2026-03-03 17:34:00,-1.683317985,2.017893784,9.233344831
2026-03-03 17:34:10,-1.878409849,1.666648285,9.455082399
2026-03-03 17:34:20,-2.036670275,1.540897435,9.530434966
2026-03-03 17:34:30,-2.501918079,1.255021047,9.589158970
2026-03-03 17:34:40,-1.421252956,1.038107276,9.704813311
2026-03-03 17:34:50,-1.536083311,1.652518733,9.403216024
2026-03-03 17:35:00,-0.751508403,1.903763579,9.439292196
2026-03-03 17:35:10,-0.081068474,1.971859547,9.617679695
2026-03-03 17:35:20,-0.533158143,2.192379073,9.465408226
2026-03-03 17:35:30,-0.372723317,2.264449463,9.359482981
2026-03-03 17:35:40,-0.404486833,2.801495991,9.306615268
2026-03-03 17:35:50,0.293821293,2.676981142,9.414418265
2026-03-03 17:36:00,-0.905310675,2.567752685,9.186199347
2026-03-03 17:36:10,-0.749712795,3.346195741,9.123191591
2026-03-03 17:36:20,-0.029504945,3.944924003,8.906312121
2026-03-03 17:36:30,-0.035506255,4.256766621,8.780025294
2026-03-03 17:36:40,-0.227380858,3.901612362,9.125020258
2026-03-03 17:36:50,-0.092741163,3.848939182,9.102540651
2026-03-03 17:37:00,0.106197909,4.518756468,8.771295394
2026-03-03 17:37:10,0.663158573,4.845777231,8.233603838
2026-03-03 17:37:20,0.349418020,5.396967903,8.309798229
2026-03-03 17:37:30,0.087817895,5.329159872,8.146895597
2026-03-03 17:37:40,0.156030765,5.636973777,8.056471812
2026-03-03 17:37:50,1.355226950,5.330843202,7.861775338
2026-03-03 17:38:00,0.974434402,5.301810306,7.953472531
2026-03-03 17:38:10,1.247071189,5.700386643,7.980270002
2026-03-03 17:38:20,0.633908142,6.072730863,7.511011035
2026-03-03 17:38:30,0.993055339,5.580662143,7.981189309
2026-03-03 17:38:40,0.715008554,5.262366505,8.091211447
2026-03-03 17:38:50,0.148274359,5.324086843,8.257957972
2026-03-03 17:39:00,1.351793837,5.580579790,7.896893440
2026-03-03 17:39:10,1.093502059,5.373288696,8.318461305
2026-03-03 17:39:20,1.924968262,5.579287413,8.051486986
2026-03-03 17:39:30,1.497648517,5.620844761,7.968196047
2026-03-03 17:39:40,1.441975241,5.599717876,7.947141015
2026-03-03 17:39:50,1.983825329,5.690727707,7.751788140
2026-03-03 17:40:00,1.766658195,5.856282509,7.361210389
2026-03-03 17:40:10,0.806200592,5.759083556,7.772126164
2026-03-03 17:40:20,0.906421747,5.716317686,7.766243020
2026-03-03 17:40:30,1.666847602,5.471603107,7.974888533
2026-03-03 17:40:40,1.850676553,5.335557582,7.773791373
2026-03-03 17:40:50,1.440596414,6.115409364,7.712349019
2026-03-03 17:41:00,1.168982181,6.123135026,7.405686803
2026-03-03 17:41:10,1.762503394,5.715583434,7.651302743
2026-03-03 17:41:20,1.714130974,5.631939401,7.959103523
2026-03-03 17:41:30,1.732957554,5.494253661,7.586838525
2026-03-03 17:41:40,1.149911945,5.751408680,7.971223017
2026-03-03 17:41:50,1.084034486,5.986959812,7.946824392
2026-03-03 17:42:00,1.452556077,5.349546830,8.027000903
2026-03-03 17:42:10,0.899664761,5.670612236,7.802507453
2026-03-03 17:42:20,0.746115024,5.577925418,8.088843205
2026-03-03 17:42:30,1.300969996,5.494548223,8.020239864
2026-03-03 17:42:40,1.266832717,5.999342763,7.744880211
2026-03-03 17:42:50,1.874690161,5.884582027,8.066284173
2026-03-03 17:43:00,1.555153247,6.029192093,7.980393770
2026-03-03 17:43:10,1.566139131,5.587831293,7.689792559
2026-03-03 17:43:20,2.020138722,5.928265493,7.867931624
2026-03-03 17:43:30,2.232476934,5.491337844,8.018139744
2026-03-03 17:43:40,2.409658196,5.333436790,8.150827380
2026-03-03 17:43:50,2.722651674,5.140036613,7.525074313
2026-03-03 17:44:00,3.387443427,5.240841035,7.665573955
2026-03-03 17:44:10,3.101294871,5.207124184,7.532076148
2026-03-03 17:44:20,3.316718770,4.981045750,7.704034797
2026-03-03 17:44:30,3.761359937,5.297576979,7.259977809
2026-03-03 17:44:40,3.845731181,5.227843358,7.690555629
2026-03-03 17:44:50,4.107915702,5.310015435,6.899136765
2026-03-03 17:45:00,3.885544370,5.144114106,7.417789267
2026-03-03 17:45:10,3.713570518,5.409669976,7.264607418
2026-03-03 17:45:20,3.856498775,5.332482251,7.291528790
2026-03-03 17:45:30,3.321959053,5.500367913,7.372123156
2026-03-03 17:45:40,3.723850609,5.757471911,7.298594307
2026-03-03 17:45:50,3.468162426,5.927769350,6.836180309
2026-03-03 17:46:00,3.714808506,6.307426779,6.716335507
2026-03-03 17:46:10,3.777070077,6.161730061,6.373328964
2026-03-03 17:46:20,4.422211663,6.106029390,6.652849817
2026-03-03 17:46:30,3.794620140,5.810156048,6.797506819
2026-03-03 17:46:40,4.176721243,5.520827893,7.167716790
2026-03-03 17:46:50,4.377194211,5.388564670,6.671527921
2026-03-03 17:47:00,4.035863233,5.469644912,6.917882463
2026-03-03 17:47:10,3.634368929,5.538322337,7.468795191
2026-03-03 17:47:20,3.585893520,5.190371864,7.630302284
2026-03-03 17:47:30,4.077157679,5.514076162,7.143144982
2026-03-03 17:47:40,3.871407088,5.407687243,7.389624348
2026-03-03 17:47:50,4.194355722,5.711500645,7.171992526
2026-03-03 17:48:00,3.366929110,5.186415375,7.553694042
2026-03-03 17:48:10,2.873525962,5.791937393,7.587679948
2026-03-03 17:48:20,2.520755995,5.675201030,7.650142127
2026-03-03 17:48:30,2.139725877,5.763324574,7.444050727
2026-03-03 17:48:40,1.793946894,6.196720088,7.531739372
2026-03-03 17:48:50,1.637915935,5.701835906,7.378029602
2026-03-03 17:49:00,2.001234964,6.011140829,7.478813463
2026-03-03 17:49:10,2.670256994,5.824297038,7.275076261
2026-03-03 17:49:20,2.241946694,6.146814213,7.400464511
2026-03-03 17:49:30,3.071186013,6.128282958,7.277854572
2026-03-03 17:49:40,3.511245646,5.712738659,7.334059464
2026-03-03 17:49:50,2.923032139,5.773385505,7.428877771
2026-03-03 17:50:00,3.368219685,6.070064014,7.243555990
2026-03-03 17:50:10,3.481646470,6.181491932,6.862143438
2026-03-03 17:50:20,3.298657322,6.200810263,6.780451966
2026-03-03 17:50:30,3.686979944,6.505491403,6.793974202
2026-03-03 17:50:40,4.054929328,5.584752567,7.009727417
2026-03-03 17:50:50,3.721591676,6.016511082,6.684704648
2026-03-03 17:51:00,3.620937879,5.837020420,6.845914321
2026-03-03 17:51:10,3.688249084,5.823107506,6.645552929
2026-03-03 17:51:20,3.705072662,5.878917777,6.857545362
2026-03-03 17:51:30,4.063550246,5.824799345,6.506353271
2026-03-03 17:51:40,4.379724515,5.930106512,6.644878707
2026-03-03 17:51:50,4.389081952,6.336487115,5.945856797
2026-03-03 17:52:00,4.406213274,6.361654261,6.384235547
2026-03-03 17:52:10,4.728091715,6.198023029,5.951122294
2026-03-03 17:52:20,4.539468264,5.832053021,6.300541007
2026-03-03 17:52:30,4.816758713,6.110810192,6.144881908
2026-03-03 17:52:40,4.495906146,5.768669044,6.437960558
2026-03-03 17:52:50,4.354501977,5.669335916,6.628852134
2026-03-03 17:53:00,4.715608642,6.101469592,6.081629298
2026-03-03 17:53:10,4.536194624,5.851232844,6.117898048
2026-03-03 17:53:20,4.710048524,6.651913598,5.747294009
2026-03-03 17:53:30,4.663558120,6.529951840,5.834518906
2026-03-03 17:53:40,4.571293266,6.570392212,5.716718409
2026-03-03 17:53:50,4.477514207,6.570947839,5.475625046
2026-03-03 17:54:00,4.745055785,6.586036859,5.614202465
2026-03-03 17:54:10,4.558511887,6.725002890,5.778393844
2026-03-03 17:54:20,4.487324037,6.897293124,5.517116878
2026-03-03 17:54:30,3.962795815,6.905294433,5.954368482
2026-03-03 17:54:40,3.498939462,6.665215505,6.264821727
2026-03-03 17:54:50,3.362751937,6.493278622,6.597257127
2026-03-03 17:55:00,3.609515736,6.758795127,6.326693734
2026-03-03 17:55:10,3.219249752,6.304501815,6.732876781
2026-03-03 17:55:20,3.336736890,6.058851993,6.735091614
2026-03-03 17:55:30,3.400522279,5.920121506,7.210778886
2026-03-03 17:55:40,3.723161084,5.924579638,7.134261415
2026-03-03 17:55:50,4.237578436,5.889403049,6.925865822
2026-03-03 17:56:00,4.231886892,5.739164450,7.006521683
2026-03-03 17:56:10,4.186298950,5.829068850,6.914897820
2026-03-03 17:56:20,4.406440773,5.466756302,6.786188843
2026-03-03 17:56:30,4.118346699,5.357434160,6.866107203
2026-03-03 17:56:40,4.497729204,5.646324767,6.751871159
2026-03-03 17:56:50,4.223504834,5.702999240,6.833311968
2026-03-03 17:57:00,4.148860728,5.369368904,6.908332754
2026-03-03 17:57:10,4.577394460,5.576647608,6.810160694
2026-03-03 17:57:20,4.866916618,5.350983308,6.759454338
2026-03-03 17:57:30,4.782299018,5.284859832,6.459483209
2026-03-03 17:57:40,4.748623023,5.356355535,6.553290881
2026-03-03 17:57:50,4.960434110,5.430052641,6.750456223
2026-03-03 17:58:00,4.867555109,5.295678117,6.876015973
2026-03-03 17:58:10,5.194767197,5.219335375,6.538282263
2026-03-03 17:58:20,5.234622295,5.373109299,6.435440712
2026-03-03 17:58:30,4.934746242,5.558629294,6.621005856
2026-03-03 17:58:40,4.742185347,5.269060580,6.205727806
2026-03-03 17:58:50,4.721165458,5.412355239,6.634011507
2026-03-03 17:59:00,4.697786421,5.332456834,6.909643422
2026-03-03 17:59:10,4.766640779,5.171189412,6.313269350
2026-03-03 17:59:20,4.268565390,5.125227945,7.018776674
2026-03-03 17:59:30,4.353304170,5.843411239,6.554535124
2026-03-03 17:59:40,4.131546866,5.214288991,7.305906603
2026-03-03 17:59:50,4.383419365,5.283043350,6.832228993
2026-03-03 18:00:00,4.477201454,5.592228099,6.918592726
2026-03-03 18:00:10,4.388973709,5.680169531,6.738281597
2026-03-03 18:00:20,3.914292340,5.473611663,7.024304053
2026-03-03 18:00:30,3.665554151,5.530492169,7.145474119
2026-03-03 18:00:40,3.856106466,5.563350201,7.358201899
2026-03-03 18:00:50,3.730167856,5.627925156,7.496797238
2026-03-03 18:01:00,3.294108913,5.015653241,7.231979924
2026-03-03 18:01:10,3.155520854,5.634573724,7.447784169
2026-03-03 18:01:20,3.611160269,4.951710212,7.639788421
2026-03-03 18:01:30,3.452456580,5.293017244,7.607910856
2026-03-03 18:01:40,3.056594235,5.191836537,7.575050124
2026-03-03 18:01:50,2.968488511,5.515551844,7.628790427
2026-03-03 18:02:00,2.592663608,5.505822363,7.473852820
2026-03-03 18:02:10,3.181153488,5.639895406,7.778953353
2026-03-03 18:02:20,3.344101274,5.591165936,7.493112347
2026-03-03 18:02:30,2.683700677,5.400867702,7.544920357
2026-03-03 18:02:40,3.010279813,5.247175430,7.775405637
2026-03-03 18:02:50,3.102098427,5.430113132,7.572183365
2026-03-03 18:03:00,2.771587941,5.376830932,7.639976116
2026-03-03 18:03:10,2.491929325,5.596852322,7.458242983
2026-03-03 18:03:20,2.869402776,5.849949623,7.228670093
2026-03-03 18:03:30,2.463288999,5.476075388,7.843020945
2026-03-03 18:03:40,3.114564149,5.495351380,7.824344212
2026-03-03 18:03:50,3.067238624,5.555007976,7.561183643
2026-03-03 18:04:00,3.566485337,5.677207994,7.131329941
2026-03-03 18:04:10,3.764696328,5.533212902,7.177266760
2026-03-03 18:04:20,3.813188612,5.351768610,7.352115381
2026-03-03 18:04:30,3.914346850,5.344373910,7.169312972
2026-03-03 18:04:40,3.925576721,5.772745843,6.746057900
2026-03-03 18:04:50,4.256994881,5.948403126,6.508588210
2026-03-03 18:05:00,3.846522611,6.014628248,6.914699158
2026-03-03 18:05:10,3.989462112,5.996102756,6.588968390
2026-03-03 18:05:20,3.726467322,6.246895245,6.868979811
2026-03-03 18:05:30,3.693834400,5.648999964,6.855002229
2026-03-03 18:05:40,3.742211030,6.001116858,6.855704143
2026-03-03 18:05:50,3.535817484,5.836718800,7.130418244
2026-03-03 18:06:00,3.822853776,5.784648166,7.017093122
2026-03-03 18:06:10,3.938268882,5.404546620,6.921480666
2026-03-03 18:06:20,4.297312163,5.198391125,7.063895422
2026-03-03 18:06:30,4.034732688,5.377014496,6.913314017
2026-03-03 18:06:40,4.065091236,5.747785871,6.639098624
2026-03-03 18:06:50,3.912518785,5.705381125,7.182186656
2026-03-03 18:07:00,4.441084219,5.529051855,6.715895299
2026-03-03 18:07:10,4.017981364,5.489953052,6.867194631
2026-03-03 18:07:20,4.316162058,5.322611930,7.038258552
2026-03-03 18:07:30,4.216958445,5.263842547,7.306694584
2026-03-03 18:07:40,4.433094624,5.356153892,7.088682238
2026-03-03 18:07:50,4.851823220,5.801946342,6.644510977
2026-03-03 18:08:00,4.629037760,5.786970735,6.645856762
2026-03-03 18:08:10,4.434023910,5.558110551,6.870627521
2026-03-03 18:08:20,4.090753174,4.897607034,7.308592173
2026-03-03 18:08:30,4.340926601,5.111075549,7.200027538
2026-03-03 18:08:40,4.324627376,4.888391773,7.532220745
2026-03-03 18:08:50,4.195515021,4.635310749,7.444170836
2026-03-03 18:09:00,4.204404561,4.334757282,7.548761858
2026-03-03 18:09:10,3.804590644,4.359217601,7.908248786
2026-03-03 18:09:20,3.494806603,4.325017497,8.049502048
2026-03-03 18:09:30,3.337488172,4.699894446,7.911403732
2026-03-03 18:09:40,3.150941462,4.495788402,8.242287239
2026-03-03 18:09:50,3.407956036,4.107869581,8.135754530
2026-03-03 18:10:00,3.141447487,4.086307949,8.327830552
2026-03-03 18:10:10,3.266340003,3.790544863,8.452302604
2026-03-03 18:10:20,3.384566940,4.177825717,8.399612739
2026-03-03 18:10:30,3.982769468,4.031935027,7.924027608
2026-03-03 18:10:40,3.776680605,4.236674524,8.164168249
2026-03-03 18:10:50,3.521187257,3.912187818,8.061931102
2026-03-03 18:11:00,4.279502998,3.904610352,8.132612555
2026-03-03 18:11:10,4.328836401,3.923632713,7.858799654
2026-03-03 18:11:20,3.712022265,3.548628886,8.078649764
2026-03-03 18:11:30,3.833127684,3.850432755,8.423571935
2026-03-03 18:11:40,3.717723961,3.608797934,8.500610093
2026-03-03 18:11:50,4.367991151,3.404885697,8.109338475
2026-03-03 18:12:00,3.530613514,3.006510721,8.446839035
2026-03-03 18:12:10,3.829310140,3.184938120,8.228664882
2026-03-03 18:12:20,4.204165106,3.087450329,7.992610068
2026-03-03 18:12:30,4.041101849,3.538845461,8.184223735
2026-03-03 18:12:40,4.319528697,3.460419796,8.036292926
2026-03-03 18:12:50,4.049779269,3.191341152,8.006183683
2026-03-03 18:13:00,4.342670267,3.132293083,8.261902704
2026-03-03 18:13:10,4.312183498,3.262999752,7.947485308
2026-03-03 18:13:20,4.732847453,3.181198330,8.119800657
2026-03-03 18:13:30,4.561971586,2.943119033,8.302893463
2026-03-03 18:13:40,5.099443423,3.026457973,8.034857670
2026-03-03 18:13:50,5.090584779,2.573716576,8.078938955
2026-03-03 18:14:00,5.300233635,2.267337227,8.009147178
2026-03-03 18:14:10,5.368334744,2.175594821,7.812773000
2026-03-03 18:14:20,5.438554702,2.508054899,7.627055522
2026-03-03 18:14:30,5.147900206,2.938598245,7.876388699
2026-03-03 18:14:40,5.053772323,2.132735029,8.048526894
2026-03-03 18:14:50,5.052227566,1.882802801,8.194802379
2026-03-03 18:15:00,5.094177668,2.344346125,7.985261096
2026-03-03 18:15:10,5.628465366,1.885116428,7.804173343
2026-03-03 18:15:20,5.645664024,2.421892035,7.685177965
2026-03-03 18:15:30,5.170134495,3.229571291,7.929662451
2026-03-03 18:15:40,5.571725946,2.566026752,7.466326326
2026-03-03 18:15:50,5.131818952,2.881738674,7.513628632
2026-03-03 18:16:00,5.053561749,3.295600948,7.737471875
2026-03-03 18:16:10,5.141786793,3.300922371,7.594454250
2026-03-03 18:16:20,5.256975547,3.402968100,7.554917802
2026-03-03 18:16:30,5.431225668,3.534849868,7.717121619
2026-03-03 18:16:40,4.942437427,3.446708008,7.534148429
2026-03-03 18:16:50,5.147550477,3.370237607,7.385709974
2026-03-03 18:17:00,5.042009904,3.277539297,7.533500046
2026-03-03 18:17:10,5.040643601,3.106945446,7.952504881
2026-03-03 18:17:20,5.470501162,3.127787866,7.756889165
2026-03-03 18:17:30,5.383699688,3.038106510,7.509614211
2026-03-03 18:17:40,5.554067281,3.245048316,7.713159297
2026-03-03 18:17:50,5.985620732,2.701079694,7.254368087
2026-03-03 18:18:00,5.552473504,3.221788138,7.157367818
2026-03-03 18:18:10,5.560507370,3.560553314,7.258632098
2026-03-03 18:18:20,5.417742948,3.204374723,7.429436977
2026-03-03 18:18:30,5.458365277,2.954418478,7.500766101
2026-03-03 18:18:40,5.153263256,3.099145237,7.713457273
2026-03-03 18:18:50,5.061395805,3.099639600,8.008216307
2026-03-03 18:19:00,5.398218217,2.867574001,7.633583097
2026-03-03 18:19:10,5.388976599,2.985188576,7.937670889
2026-03-03 18:19:20,5.366090482,3.203916014,7.799171002
2026-03-03 18:19:30,4.885201294,3.546622591,7.618841584
2026-03-03 18:19:40,5.178498011,3.628609683,7.725646633
2026-03-03 18:19:50,4.855043472,3.708526448,7.656583672
2026-03-03 18:20:00,4.678579941,4.080054781,7.680605882
2026-03-03 18:20:10,4.942617465,3.866473396,7.644231042
2026-03-03 18:20:20,4.915242376,3.597760522,7.535611090
2026-03-03 18:20:30,5.480107715,3.401611457,7.470265403
2026-03-03 18:20:40,4.910808043,4.028453839,7.826136375
2026-03-03 18:20:50,5.336748356,4.070546228,7.201322250
2026-03-03 18:21:00,5.246483091,3.851027738,7.101444857
2026-03-03 18:21:10,5.415360728,3.743610442,7.277435692
2026-03-03 18:21:20,5.542733358,3.289343422,7.350174799
2026-03-03 18:21:30,5.079983129,3.032407502,7.840606388
2026-03-03 18:21:40,5.223523796,3.348750989,7.841737104
2026-03-03 18:21:50,5.275712402,3.381313084,7.497452316
2026-03-03 18:22:00,5.696087285,3.370966444,7.564596497
2026-03-03 18:22:10,5.563208588,3.934843245,7.105901515
2026-03-03 18:22:20,5.690675473,3.556414877,6.925649516
2026-03-03 18:22:30,6.169853829,3.727740720,6.574791519
2026-03-03 18:22:40,6.102299509,3.701112119,6.962672014
2026-03-03 18:22:50,5.916480188,3.242703392,6.848593519
2026-03-03 18:23:00,6.139839401,3.154551752,6.762723451
2026-03-03 18:23:10,6.744794424,2.796507088,6.832156377
2026-03-03 18:23:20,6.675088586,2.397614190,7.223163277
2026-03-03 18:23:30,6.407497124,2.244984523,6.833074406
2026-03-03 18:23:40,6.699242633,2.498883101,6.934938830
2026-03-03 18:23:50,6.610311626,2.631090126,6.876559533
2026-03-03 18:24:00,6.923167694,2.229672061,6.806515735
2026-03-03 18:24:10,6.485515246,2.440584620,7.013676478
2026-03-03 18:24:20,6.335622393,3.284475487,6.717446851
2026-03-03 18:24:30,6.421798113,3.487605244,7.010609418
2026-03-03 18:24:40,6.207459083,3.283453381,7.124060113
2026-03-03 18:24:50,5.790281924,3.514539874,7.361006953
2026-03-03 18:25:00,5.685133212,3.297560296,7.085900385
2026-03-03 18:25:10,6.270634059,3.450633913,6.945139127
2026-03-03 18:25:20,6.126703871,3.366172671,6.996065127
2026-03-03 18:25:30,5.963179793,2.798952853,7.182107621
2026-03-03 18:25:40,6.466859126,3.100622945,6.819994191
2026-03-03 18:25:50,6.553884291,3.379770729,6.559638693
2026-03-03 18:26:00,6.581344575,3.763202719,6.337333376
2026-03-03 18:26:10,6.412522491,3.509462117,6.334060223
2026-03-03 18:26:20,6.496238099,3.390629975,6.516174601
2026-03-03 18:26:30,6.336624303,3.101811676,6.806519168
2026-03-03 18:26:40,6.350541461,2.883730775,6.993986883
2026-03-03 18:26:50,6.418106850,2.990030868,6.737035581
2026-03-03 18:27:00,6.340645432,2.474313601,6.978052464
2026-03-03 18:27:10,6.803724929,1.913692547,6.572753597
2026-03-03 18:27:20,7.212114343,1.798633230,6.443902928
2026-03-03 18:27:30,6.930196336,1.552118127,6.574259424
2026-03-03 18:27:40,6.808795328,1.229974547,6.619648632
2026-03-03 18:27:50,6.729814654,1.200235731,6.844527795
2026-03-03 18:28:00,6.964052725,1.417906791,7.075161176
2026-03-03 18:28:10,6.896608826,1.619975608,7.025531755
2026-03-03 18:28:20,7.121521683,1.070318715,6.725463916
2026-03-03 18:28:30,6.964787124,0.812694706,7.245819123
2026-03-03 18:28:40,6.631405887,0.678547423,7.152760968
2026-03-03 18:28:50,6.986055782,0.825303458,7.128864345
2026-03-03 18:29:00,6.574321179,0.249825366,7.318794525
2026-03-03 18:29:10,6.783365902,0.490314007,7.406947612
2026-03-03 18:29:20,6.570988618,0.515542565,6.838971219
2026-03-03 18:29:30,6.589154975,0.482963470,7.029485673
2026-03-03 18:29:40,6.864391829,0.253672976,7.150572100
2026-03-03 18:29:50,6.861631720,0.617186743,7.183679481
2026-03-03 18:30:00,6.955266352,0.576147403,6.948782266
2026-03-03 18:30:10,7.032793235,0.448410499,6.783494291
2026-03-03 18:30:20,7.081352887,0.477386537,6.920835085
2026-03-03 18:30:30,7.140171917,0.635119069,6.874982929
2026-03-03 18:30:40,6.971002618,0.838614519,7.034271828
2026-03-03 18:30:50,7.046700274,1.188225534,6.509843608
2026-03-03 18:31:00,7.303070726,1.039142956,6.531270936
2026-03-03 18:31:10,7.090066700,0.510548649,6.708341357
2026-03-03 18:31:20,7.442538304,0.421502382,6.635417579
2026-03-03 18:31:30,7.087993327,0.328678465,6.760132331
2026-03-03 18:31:40,7.590081771,0.456924836,6.584370487
2026-03-03 18:31:50,7.441072712,0.639844356,6.541069254
2026-03-03 18:32:00,7.311003622,1.107646701,6.468744557
2026-03-03 18:32:10,7.425763584,0.675417269,6.303641908
2026-03-03 18:32:20,7.038869299,0.791491933,6.598482210
2026-03-03 18:32:30,7.366785979,0.948195561,6.567803563
2026-03-03 18:32:40,7.578597173,1.167208395,6.250287565
2026-03-03 18:32:50,7.338851420,1.135724151,6.200964705
2026-03-03 18:33:00,7.549281090,1.124601056,6.153826976
2026-03-03 18:33:10,7.511368251,0.986172763,6.271477609
2026-03-03 18:33:20,7.170929725,0.717961024,6.472535222
2026-03-03 18:33:30,7.848905700,0.918001455,6.186346348
2026-03-03 18:33:40,7.492844080,0.196837134,6.035249961
2026-03-03 18:33:50,7.630247805,0.657257341,6.113268240
2026-03-03 18:34:00,7.589045399,0.373941058,6.136010755
2026-03-03 18:34:10,7.671227572,0.584087812,5.539123795
2026-03-03 18:34:20,7.987634565,0.594977348,6.039401796
2026-03-03 18:34:30,8.134039592,0.125381668,5.674106634
2026-03-03 18:34:40,8.110387869,-0.111991367,5.835818219
2026-03-03 18:34:50,8.084604882,-0.038056741,5.695485431
2026-03-03 18:35:00,7.463317820,0.204945075,6.640376624
2026-03-03 18:35:10,7.065403132,0.012572095,6.506407540
2026-03-03 18:35:20,7.518514683,0.007253147,6.386623682
2026-03-03 18:35:30,7.387323237,0.516703860,6.386918351
2026-03-03 18:35:40,7.335697744,0.649236647,6.272901839
2026-03-03 18:35:50,7.589391243,0.575309595,6.283233606
2026-03-03 18:36:00,7.899152007,0.692826231,5.826149525
2026-03-03 18:36:10,7.732702902,0.344569737,5.769575607
2026-03-03 18:36:20,8.071109074,0.193759155,5.771087656
2026-03-03 18:36:30,7.769646835,0.375912579,5.926476358
2026-03-03 18:36:40,7.591465615,0.503915667,5.807823192
2026-03-03 18:36:50,7.583181391,0.225437983,6.259277958
2026-03-03 18:37:00,-0.062881346,5.678088948,8.036110405
2026-03-03 18:37:10,0.066206994,-0.083942134,10.072859320
2026-03-03 18:37:20,3.902894563,-1.033611243,8.891288435
2026-03-03 18:37:30,0.932563741,-0.569269529,10.010027517
2026-03-03 18:37:40,1.783937371,4.584556843,8.611549683
2026-03-03 18:37:50,0.075476933,4.848620177,8.217282535
2026-03-03 18:38:00,-2.470962374,1.756489839,9.385502696
2026-03-03 18:38:10,-3.013592025,-1.715736958,9.261640270
2026-03-03 18:38:20,-5.220298519,-1.960333313,8.094707199
2026-03-03 18:38:30,-5.918410325,-4.062077012,6.767922940
2026-03-03 18:38:40,-7.624903920,-2.795084594,5.717222426
2026-03-03 18:38:50,-8.661147487,-1.242286106,4.341104478
2026-03-03 18:39:00,-9.650591506,-0.749386592,0.884574921
2026-03-03 18:39:10,-9.767925830,1.622005826,1.424214349
2026-03-03 18:39:20,-9.639124583,1.092282153,1.013360263
2026-03-03 18:39:30,-9.664710646,0.202847955,1.204399727
2026-03-03 18:39:40,-9.734006323,-0.222646310,-0.517255184
2026-03-03 18:39:50,-9.183837149,0.505712763,-2.967274202
2026-03-03 18:40:00,-9.036527417,-0.190519759,-3.369318903
2026-03-03 18:40:10,-8.434336223,0.492218496,-5.020528857
2026-03-03 18:40:20,-8.195280814,0.584851662,-5.219673608
2026-03-03 18:40:30,-7.725929555,0.934089049,-6.138122911
2026-03-03 18:40:40,-6.712987277,1.262624117,-7.125406732
2026-03-03 18:40:50,-5.733646999,0.664473568,-8.236226210
2026-03-03 18:41:00,-4.429084314,2.552899403,-8.565768226
2026-03-03 18:41:10,-3.704129737,2.471822372,-8.919748288
2026-03-03 18:41:20,-2.585219460,1.878214040,-9.354949720
2026-03-03 18:41:30,-3.582171238,1.549730690,-9.018836814
2026-03-03 18:41:40,-2.845922949,1.317016553,-9.324656274
2026-03-03 18:41:50,-3.085668459,1.971301981,-9.144022785
2026-03-03 18:42:00,-2.456411630,2.293007133,-9.083217421
2026-03-03 18:42:10,-2.299118762,2.104692079,-9.448981476
2026-03-03 18:42:20,-1.688560193,2.580133372,-9.417505422
2026-03-03 18:42:30,-2.233254077,2.698296876,-9.322793521
2026-03-03 18:42:40,-1.846764686,3.755774519,-8.926138234
2026-03-03 18:42:50,-2.769945388,4.081921663,-8.378366591
2026-03-03 18:43:00,-3.320383769,2.967180727,-8.720505876
2026-03-03 18:43:10,-2.952304595,4.349017840,-8.377308611
2026-03-03 18:43:20,-1.879627768,4.596581161,-8.864096304
2026-03-03 18:43:30,-1.808204219,5.199276316,-8.277934461
2026-03-03 18:43:40,-1.048607093,5.672831826,-8.071783266
2026-03-03 18:43:50,-0.829524076,4.858409549,-8.267736602
2026-03-03 18:44:00,-0.978987577,5.043140613,-8.171904698
2026-03-03 18:44:10,-0.516512730,4.848969929,-8.557905627
2026-03-03 18:44:20,0.241819457,4.982346967,-8.245691401
2026-03-03 18:44:30,-0.390885284,3.813033194,-9.090671633
2026-03-03 18:44:40,-0.302146006,4.454561996,-8.785841102
2026-03-03 18:44:50,0.436500924,3.539675958,-8.954309220
2026-03-03 18:45:00,0.653711625,2.681074530,-9.101450769
2026-03-03 18:45:10,1.371902150,2.849030790,-9.710523619
2026-03-03 18:45:20,0.655390941,3.543308576,-9.182060345
2026-03-03 18:45:30,1.784410422,2.971268107,-9.123747440
2026-03-03 18:45:40,2.365425274,2.671634074,-9.169787887
2026-03-03 18:45:50,1.624871100,3.052897003,-9.428317761
2026-03-03 18:46:00,1.629250153,3.495289906,-8.923404412
2026-03-03 18:46:10,2.792057705,3.980907047,-8.436860686
2026-03-03 18:46:20,3.086640762,3.701524338,-8.576794925
2026-03-03 18:46:30,3.655032712,2.417847024,-8.997255742
2026-03-03 18:46:40,2.814767732,0.537730855,-9.549206427
2026-03-03 18:46:50,2.692291542,0.289749411,-9.429629982
2026-03-03 18:47:00,2.423037257,-0.994239641,-9.601170690
2026-03-03 18:47:10,2.813224123,-0.969605121,-9.369297758
2026-03-03 18:47:20,2.249003121,-1.956631372,-9.223699911
2026-03-03 18:47:30,1.302316658,-0.896744611,-9.540183948
2026-03-03 18:47:40,2.609735369,-2.214085859,-9.077321427
2026-03-03 18:47:50,-0.358830808,-1.286745229,-9.618373579
2026-03-03 18:48:00,-0.353519226,-1.172947102,-9.602502898
2026-03-03 18:48:10,-1.121620257,-0.435409340,-9.857874220
2026-03-03 18:48:20,-1.261695581,0.183853419,-9.605755276
2026-03-03 18:48:30,-1.859617425,-0.648224140,-9.571356909
2026-03-03 18:48:40,-1.867594232,-1.320154359,-9.726460237
2026-03-03 18:48:50,-3.045404783,-1.944232618,-9.365620946
2026-03-03 18:49:00,-4.081841649,0.170730875,-9.074102375
2026-03-03 18:49:10,-3.794020893,0.620808463,-9.237582016
2026-03-03 18:49:20,-4.508279105,0.365636006,-8.518136557
2026-03-03 18:49:30,-3.668877287,1.964421974,-8.830232775
2026-03-03 18:49:40,-4.887976196,1.877412897,-8.346585564
2026-03-03 18:49:50,-5.424613161,1.956130448,-7.791006631
2026-03-03 18:50:00,-5.802844405,1.136019155,-7.607247732
2026-03-03 18:50:10,-6.092785051,0.449961066,-7.577842167
2026-03-03 18:50:20,-6.172896159,-0.999662273,-7.343360115
2026-03-03 18:50:30,-6.659152016,-1.320517505,-7.450015263
2026-03-03 18:50:40,-6.411490374,-1.003237673,-7.277005147
2026-03-03 18:50:50,-6.617165434,-1.286278966,-7.199105822
2026-03-03 18:51:00,-7.048936227,-0.145864488,-6.651068088
2026-03-03 18:51:10,-6.803773054,-0.486953862,-7.139892049
2026-03-03 18:51:20,-7.299325412,0.539724869,-6.446624062
2026-03-03 18:51:30,-7.101597256,1.625527067,-6.613157238
2026-03-03 18:51:40,-6.089367912,2.175721947,-7.419399431
2026-03-03 18:51:50,-6.884808326,1.361980002,-7.053366306
2026-03-03 18:52:00,-6.332713807,2.436954212,-7.283745232
2026-03-03 18:52:10,-5.473913014,3.538636512,-6.979721312
2026-03-03 18:52:20,-5.834847196,3.751206947,-6.980836969
2026-03-03 18:52:30,-4.938164861,3.376813278,-7.655590928
2026-03-03 18:52:40,-4.562835605,4.378604078,-7.287800126
2026-03-03 18:52:50,-4.326332772,5.009355475,-7.098196171
2026-03-03 18:53:00,-5.054301348,3.922779497,-7.578713591
2026-03-03 18:53:10,-5.948815647,3.908382880,-6.535989362
2026-03-03 18:53:20,-5.670751902,4.054725622,-7.032204366
2026-03-03 18:53:30,-5.439765684,4.459429477,-6.884035488
2026-03-03 18:53:40,-6.061539126,4.044465400,-6.400951649
2026-03-03 18:53:50,-7.448685141,2.969743745,-5.706123525
2026-03-03 18:54:00,-8.219377089,3.331721736,-5.174300735
2026-03-03 18:54:10,-7.318133422,5.142684321,-4.834167872
2026-03-03 18:54:20,-7.932486873,5.027200832,-2.920999814
2026-03-03 18:54:30,-7.360303201,6.330121171,-2.130524900
2026-03-03 18:54:40,-5.422680343,7.383056984,-2.869595678
2026-03-03 18:54:50,-4.244637225,8.374195439,-2.607991211
2026-03-03 18:55:00,-2.164374510,9.204057632,-2.399712560
2026-03-03 18:55:10,-3.570126737,8.875755069,-2.739372553
2026-03-03 18:55:20,-1.531144989,8.849984759,-3.578196849
2026-03-03 18:55:30,-3.992441307,9.007822902,-1.411074337
2026-03-03 18:55:40,-4.390826702,8.716977493,0.771598757
2026-03-03 18:55:50,-2.664572853,9.090961875,1.287524781
2026-03-03 18:56:00,0.918033627,9.188335263,3.285654321
2026-03-03 18:56:10,-1.247088246,9.384055491,2.397050372
2026-03-03 18:56:20,0.473175647,9.310873904,2.869271675
2026-03-03 18:56:30,3.530664877,7.838128518,5.166165508
2026-03-03 18:56:40,4.865389306,5.647429931,6.617973952
2026-03-03 18:56:50,3.927872635,5.034270942,7.555370573
2026-03-03 18:57:00,2.142579575,7.878520957,5.452650727
2026-03-03 18:57:10,3.708664079,7.533007318,5.552811649
2026-03-03 18:57:20,6.238396719,6.860080074,2.944153407
2026-03-03 18:57:30,6.673479767,6.986238501,2.190498636
2026-03-03 18:57:40,6.801117858,4.723429681,4.651458165
2026-03-03 18:57:50,8.740110527,4.355410287,0.697873327
2026-03-03 18:58:00,7.621638881,2.367070215,5.835095099
2026-03-03 18:58:10,9.213187840,2.511596441,2.321306288
2026-03-03 18:58:20,4.550905643,6.813240667,5.295870537
2026-03-03 18:58:30,5.573162977,7.721017202,2.553714571
2026-03-03 18:58:40,-2.549590902,7.877536911,-5.114779099
2026-03-03 18:58:50,-2.538364994,2.371676838,9.067029024
2026-03-03 18:59:00,-2.082851902,0.870712151,9.460924249
2026-03-03 18:59:10,-5.087577665,-3.692379685,7.563794297
2026-03-03 18:59:20,-8.447287317,-4.205258199,3.031173399
2026-03-03 18:59:30,-8.942286372,-1.285488570,3.707192435
2026-03-03 18:59:40,-8.638365885,-1.056601469,4.459963270
2026-03-03 18:59:50,-7.511083047,-0.161044901,6.101972673
2026-03-03 19:00:00,-8.091812601,-0.545977000,4.964328372
2026-03-03 19:00:10,-9.175402935,0.514208496,3.497006339
2026-03-03 19:00:20,-9.245393595,1.779392608,3.247587190
2026-03-03 19:00:30,-8.445057467,2.456869247,4.426396634
2026-03-03 19:00:40,-8.811748587,2.638169139,3.721305239
2026-03-03 19:00:50,-7.921271933,1.697584695,5.469366474
2026-03-03 19:01:00,-7.391317620,3.113423685,5.601927514
2026-03-03 19:01:10,-7.630334267,3.636089436,5.106743475
2026-03-03 19:01:20,-8.606646924,2.812576713,3.765424490
2026-03-03 19:01:30,-8.536073800,1.925247472,4.515141654
2026-03-03 19:01:40,-8.110839828,1.470880515,5.250145495
2026-03-03 19:01:50,-6.942016610,0.990127721,6.703392761
2026-03-03 19:02:00,-6.570892457,-0.138530028,7.554670960
2026-03-03 19:02:10,-6.605034119,-0.249403904,7.158575606
2026-03-03 19:02:20,-6.732063888,-0.361364564,7.417596985
2026-03-03 19:02:30,-7.060873579,-0.118405188,7.100268344
2026-03-03 19:02:40,-6.061610303,-0.451726327,7.856357097
2026-03-03 19:02:50,-4.342836745,-1.820630487,8.379012380
2026-03-03 19:03:00,-5.570084278,-2.160613853,7.807306432
2026-03-03 19:03:10,-6.561017592,-0.624106963,7.497525124
2026-03-03 19:03:20,-6.830893220,-1.975228013,7.158509863
2026-03-03 19:03:30,-3.752549576,-4.343293485,8.080829384
2026-03-03 19:03:40,-2.328312684,-6.148258652,7.445723364
2026-03-03 19:03:50,-3.525512944,-5.063268500,7.331528641
2026-03-03 19:04:00,-4.709126196,-4.747010788,7.192501029
2026-03-03 19:04:10,-4.612006427,-5.255095611,6.977763301
2026-03-03 19:04:20,-6.342987773,-4.282619859,6.233694743
2026-03-03 19:04:30,-5.003994030,-5.126870030,6.822157825
2026-03-03 19:04:40,-5.721717177,-5.266269548,6.337684901
2026-03-03 19:04:50,-6.496950370,-4.858695879,5.059261645
2026-03-03 19:05:00,-5.289927361,-6.385526655,5.019218514
2026-03-03 19:05:10,-6.305818874,-6.634250367,4.393021393
2026-03-03 19:05:20,-4.026271070,-8.462474703,1.987804329
2026-03-03 19:05:30,-4.479216145,-8.631072008,0.695412086
2026-03-03 19:05:40,-5.243097859,-8.258537997,-0.142895681
2026-03-03 19:05:50,-4.183163285,-8.735170756,-1.615814940
2026-03-03 19:06:00,-3.053645494,-8.777062877,-3.326195560
2026-03-03 19:06:10,-2.846873535,-9.307925740,-1.223927992
2026-03-03 19:06:20,-0.487685988,-9.630598143,0.287760982
2026-03-03 19:06:30,1.712388497,-9.800133065,0.701363688
2026-03-03 19:06:40,2.052772475,-9.341615791,3.134014133
2026-03-03 19:06:50,3.830917744,-7.465185201,4.819586066
2026-03-03 19:07:00,4.009904750,-8.742973053,1.568868633
2026-03-03 19:07:10,0.957945806,-9.694388135,-0.211775443
2026-03-03 19:07:20,-2.309672941,-9.402066902,-2.044641678
2026-03-03 19:07:30,0.464644158,-9.510680565,1.657166687
2026-03-03 19:07:40,-7.730493034,-5.297481206,2.153521378
2026-03-03 19:07:50,1.164681658,5.721436771,7.928372975
2026-03-03 19:08:00,3.632440335,9.096477940,0.869082258
2026-03-03 19:08:10,-2.801459123,7.851286839,5.375388499
2026-03-03 19:08:20,-5.250315831,5.005317930,6.488326185
2026-03-03 19:08:30,-6.544446149,1.521352486,7.427530267
2026-03-03 19:08:40,-4.964070226,-0.030400377,8.646529229
2026-03-03 19:08:50,-7.046569535,-2.473942911,6.537975324
2026-03-03 19:09:00,-5.872908515,-3.734254522,7.220081639
2026-03-03 19:09:10,-3.689247257,-3.675884274,8.260243635
2026-03-03 19:09:20,-3.107826535,-3.777180495,8.669736045
2026-03-03 19:09:30,-1.858603902,-4.285466310,8.512628241
2026-03-03 19:09:40,-1.385929583,-5.815441560,8.011792349
2026-03-03 19:09:50,-2.642245619,-5.615275978,7.689844838
2026-03-03 19:10:00,-1.209361910,-4.725353703,8.787366705
2026-03-03 19:10:10,-1.091947574,-5.194005530,8.075637049
2026-03-03 19:10:20,-1.120254327,-5.053498406,8.202854254
2026-03-03 19:10:30,-2.350820719,-4.099043261,8.687005233
2026-03-03 19:10:40,-2.610864591,-3.948010016,8.414266300
2026-03-03 19:10:50,-1.930419212,-4.366473295,8.236143329
2026-03-03 19:11:00,-2.837192417,-5.034819814,7.992003853
2026-03-03 19:11:10,-2.658740009,-5.080183091,8.001280952
2026-03-03 19:11:20,-3.248391606,-4.291396895,8.232873325
2026-03-03 19:11:30,-3.316327761,-3.814357819,8.590451765
2026-03-03 19:11:40,-3.785140444,-4.823627950,7.615395584
2026-03-03 19:11:50,-4.746001211,-4.031627726,7.561031474
2026-03-03 19:12:00,-4.320368810,-4.225627400,7.394349581
2026-03-03 19:12:10,-4.000022624,-5.203568514,6.908960673
2026-03-03 19:12:20,-5.044293085,-5.395193725,6.323371672
2026-03-03 19:12:30,-4.492715776,-5.662196653,6.570929868
2026-03-03 19:12:40,-4.249598830,-5.509107851,6.500495043
2026-03-03 19:12:50,-3.932000408,-5.722860388,6.770659719
2026-03-03 19:13:00,-4.668970459,-5.357270323,6.647355237
2026-03-03 19:13:10,-4.076261718,-5.521632787,7.473593467
2026-03-03 19:13:20,-4.895971752,-4.586974829,7.294398318
2026-03-03 19:13:30,-5.292066845,-3.944000650,7.062309921
2026-03-03 19:13:40,-5.164717911,-4.251995000,7.044554293
2026-03-03 19:13:50,-5.518861544,-3.506547841,7.140400053
2026-03-03 19:14:00,-5.482031747,-3.514722471,7.375540645
2026-03-03 19:14:10,-5.525565141,-3.831236020,7.285854541
2026-03-03 19:14:20,-5.837628404,-3.394816059,7.524246201
2026-03-03 19:14:30,-5.838866347,-2.695784656,7.276535436
2026-03-03 19:14:40,-5.967091453,-1.609470403,7.666758872
2026-03-03 19:14:50,-5.629135541,-1.446588320,7.782396861
2026-03-03 19:15:00,-6.026239942,-1.321846993,7.655846976
2026-03-03 19:15:10,-5.687448632,-1.321824080,8.036409551
2026-03-03 19:15:20,-5.075927916,-0.491918731,7.909383828
2026-03-03 19:15:30,-4.750754007,-0.111860174,8.591925892
2026-03-03 19:15:40,-4.177320028,-0.426495107,9.012448643
2026-03-03 19:15:50,-4.154713408,-0.685425032,8.679118347
2026-03-03 19:16:00,-3.352619987,-0.796234353,9.052601590
2026-03-03 19:16:10,-4.329260937,-1.127304028,8.974619602
2026-03-03 19:16:20,-4.336333881,-1.090063291,8.551418020
2026-03-03 19:16:30,-4.619933129,-1.814667995,8.310910532
2026-03-03 19:16:40,-4.637821310,-1.605148238,8.258539622
2026-03-03 19:16:50,-4.871745580,-1.344198984,8.553439596
2026-03-03 19:17:00,-4.457348288,-1.252599903,8.369308414
2026-03-03 19:17:10,-4.848661941,-1.171802340,8.454010573
2026-03-03 19:17:20,-4.684218564,-0.444389323,8.562273429
2026-03-03 19:17:30,-5.047955720,-0.594357350,8.464181016
2026-03-03 19:17:40,-4.969158639,-1.165581299,8.375532642
2026-03-03 19:17:50,-4.893291504,-1.372982085,8.321609168
2026-03-03 19:18:00,-5.289643785,-1.973593791,8.266054052
2026-03-03 19:18:10,-5.385912409,-1.785772386,7.817616739
2026-03-03 19:18:20,-5.318656368,-2.244985808,7.785229771
2026-03-03 19:18:30,-5.482956518,-2.776317022,7.462552869
2026-03-03 19:18:40,-5.950035080,-2.785611389,7.238976051
2026-03-03 19:18:50,-6.592084056,-2.450479533,6.945079391
2026-03-03 19:19:00,-6.529783256,-2.461022985,7.177659281
2026-03-03 19:19:10,-6.363058288,-2.474857122,7.306136764
2026-03-03 19:19:20,-6.526155498,-2.915710718,6.661830224
2026-03-03 19:19:30,-6.954496094,-2.188537016,6.584931386
2026-03-03 19:19:40,-7.172967446,-1.740743532,6.669411879
2026-03-03 19:19:50,-7.731986910,-1.626890867,5.631473058
2026-03-03 19:20:00,-7.931345999,-1.766372279,5.109645992
2026-03-03 19:20:10,-8.229170974,-1.350543445,4.993070100
2026-03-03 19:20:20,-8.120018848,-1.087794107,5.550427643
2026-03-03 19:20:30,-8.000405119,-0.983735727,5.327030379
2026-03-03 19:20:40,-8.564336503,-1.268270310,4.687735269
2026-03-03 19:20:50,-8.505479646,-1.041391851,4.807943177
2026-03-03 19:21:00,-8.738518084,-1.147256913,4.804176880
2026-03-03 19:21:10,-8.948174654,-0.714296066,4.288769219
2026-03-03 19:21:20,-8.528735599,-1.436226244,4.157549978
2026-03-03 19:21:30,-9.089445037,-0.992084867,4.209996497
2026-03-03 19:21:40,-8.301371707,-1.331460576,4.660400751
2026-03-03 19:21:50,-8.986193935,-1.385467923,4.228733666
2026-03-03 19:22:00,-8.799350173,-1.686800787,4.346073899
2026-03-03 19:22:10,-8.424966918,-1.515290892,4.943018865
2026-03-03 19:22:20,-8.765354075,-1.132215347,4.407915095
2026-03-03 19:22:30,-8.698187406,-1.221476608,4.114470207
2026-03-03 19:22:40,-8.910194437,-1.053525710,3.714169061
2026-03-03 19:22:50,-8.879153505,-1.514229976,3.238220797
2026-03-03 19:23:00,-8.949738160,-1.257092456,3.927297704
2026-03-03 19:23:10,-8.532215955,-1.999818505,4.036891806
2026-03-03 19:23:20,-9.101238158,-2.265196718,3.108351098
2026-03-03 19:23:30,-8.953999880,-3.118357906,2.468918222
2026-03-03 19:23:40,-8.910632317,-3.552369936,2.620844242
2026-03-03 19:23:50,-8.442212797,-3.821522175,2.695899950
2026-03-03 19:24:00,-8.971338109,-3.303568037,2.339116187
2026-03-03 19:24:10,-8.931291901,-3.655079597,1.941606648
2026-03-03 19:24:20,-9.000765877,-3.079682243,2.054752149
2026-03-03 19:24:30,-9.059263334,-3.554966528,2.376123988
2026-03-03 19:24:40,-8.749112012,-3.981469571,2.144663487
2026-03-03 19:24:50,-9.060240040,-3.571947439,1.788208897
2026-03-03 19:25:00,-9.098568813,-3.530177654,1.517099887
2026-03-03 19:25:10,-8.961976940,-3.824625576,0.879844531
2026-03-03 19:25:20,-8.689094645,-4.471471967,0.188042667
2026-03-03 19:25:30,-8.649933635,-4.889801164,0.267673525
2026-03-03 19:25:40,-8.694103960,-3.904710188,0.544185532
2026-03-03 19:25:50,-8.856672008,-4.515699442,-0.262315018
2026-03-03 19:26:00,-9.008118132,-4.222893133,-0.158129325
2026-03-03 19:26:10,-8.857430911,-4.147082235,-0.356819594
2026-03-03 19:26:20,-8.642943523,-4.329395274,0.158940643
2026-03-03 19:26:30,-8.858242995,-4.188364582,-0.520942829
2026-03-03 19:26:40,-8.814416115,-3.833001181,-0.028347116
2026-03-03 19:26:50,-8.691756979,-4.289678366,0.800261372
2026-03-03 19:27:00,-8.853012957,-3.725995979,1.423482761
2026-03-03 19:27:10,-8.844043611,-4.711892794,1.641622019
2026-03-03 19:27:20,-8.779524063,-4.272790855,1.612833873
2026-03-03 19:27:30,-8.609358562,-4.335432290,1.863270419
2026-03-03 19:27:40,-8.922215057,-3.907673757,1.915851670
2026-03-03 19:27:50,-8.583072294,-3.871528751,1.998219278
2026-03-03 19:28:00,-8.367982923,-4.382914253,1.989559497
2026-03-03 19:28:10,-8.650490780,-3.652043111,1.311615802
2026-03-03 19:28:20,-9.118007507,-4.298982077,1.755257547
2026-03-03 19:28:30,-8.818302479,-3.726478466,1.664277176
2026-03-03 19:28:40,-8.855566066,-3.662316549,1.525966585
2026-03-03 19:28:50,-9.120546617,-4.009985830,1.342855557
2026-03-03 19:29:00,-9.021855876,-3.059358706,1.718621732
2026-03-03 19:29:10,-8.821734380,-3.328400962,1.614742023
2026-03-03 19:29:20,-9.294611230,-3.290302908,1.725366743
2026-03-03 19:29:30,-8.790207402,-3.564862402,1.681055525
2026-03-03 19:29:40,-9.025056343,-3.602865518,1.728913261
2026-03-03 19:29:50,-8.960129401,-2.915400748,2.269971258
2026-03-03 19:30:00,-9.218946204,-2.903002674,2.080891531
2026-03-03 19:30:10,-9.352467851,-2.383525607,2.068413296
2026-03-03 19:30:20,-9.432910604,-2.260167787,2.313353907
2026-03-03 19:30:30,-9.143484191,-2.288817579,2.326207631
2026-03-03 19:30:40,-9.392436082,-1.972094969,2.320619205
2026-03-03 19:30:50,-9.505451172,-2.328393177,1.926451351
2026-03-03 19:31:00,-9.536592513,-1.739047113,2.018046753
2026-03-03 19:31:10,-9.349003580,-2.423336487,1.310999759
2026-03-03 19:31:20,-9.011971613,-2.994538498,1.899298917
2026-03-03 19:31:30,-9.101611323,-3.036882649,1.433569531
2026-03-03 19:31:40,-9.357143574,-2.661480678,0.997489338
2026-03-03 19:31:50,-9.352251267,-2.669350982,0.454830920
2026-03-03 19:32:00,-9.402946306,-2.813702200,0.925767186
2026-03-03 19:32:10,-9.578906604,-2.371712417,0.708718630
2026-03-03 19:32:20,-9.278905904,-2.726279917,0.371608023
2026-03-03 19:32:30,-9.346559554,-2.571744806,0.010001219
2026-03-03 19:32:40,-9.571020521,-2.442163301,0.962892290
2026-03-03 19:32:50,-9.282123914,-2.861626002,1.112884987
2026-03-03 19:33:00,-9.397904929,-2.609081161,0.867554985
2026-03-03 19:33:10,-9.138369529,-2.666406133,1.183583925
2026-03-03 19:33:20,-9.267053098,-2.479155927,1.486040829
2026-03-03 19:33:30,-9.281851802,-2.934687385,1.637215562
2026-03-03 19:33:40,-9.094025289,-3.377267839,1.619053664
2026-03-03 19:33:50,-9.229706762,-3.423609661,1.567815071
2026-03-03 19:34:00,-8.953011997,-3.692827919,1.603046401
2026-03-03 19:34:10,-9.065228587,-3.818515289,0.740819490
2026-03-03 19:34:20,-9.063087466,-3.921635216,0.171207038
2026-03-03 19:34:30,-8.987411075,-4.120076989,-0.153438167
2026-03-03 19:34:40,-9.006021743,-4.121995542,-0.271447421
2026-03-03 19:34:50,-8.792413829,-3.610491788,-0.165384967
2026-03-03 19:35:00,-8.923207387,-3.804921117,-0.622023601
2026-03-03 19:35:10,-9.109025005,-3.804378916,-0.986528286
2026-03-03 19:35:20,-8.898998201,-4.187448122,-0.965176374
2026-03-03 19:35:30,-8.578975328,-5.016915084,-1.230530992
2026-03-03 19:35:40,-8.341746326,-5.137340871,-1.278469041
2026-03-03 19:35:50,-8.389263995,-5.051345409,-0.926451657
2026-03-03 19:36:00,-8.105794786,-5.123557697,-1.488522877
2026-03-03 19:36:10,-8.277306291,-4.805685983,-2.159122611
2026-03-03 19:36:20,-8.399131702,-4.604848846,-1.589482616
2026-03-03 19:36:30,-8.637202423,-4.813369744,-1.570236447
2026-03-03 19:36:40,-8.796754005,-3.962161183,-1.587528880
2026-03-03 19:36:50,-8.328188473,-4.700254715,-1.570564441
2026-03-03 19:37:00,-9.037048342,-4.469117651,-0.950950976
2026-03-03 19:37:10,-8.457419057,-4.649562199,-0.693528246
2026-03-03 19:37:20,-8.783855995,-4.206633004,-0.611107955
2026-03-03 19:37:30,-9.073325838,-4.195851465,-0.338537962
2026-03-03 19:37:40,-9.260615122,-3.276497080,-0.427436255
2026-03-03 19:37:50,-9.287870027,-3.459506024,-0.510975223
2026-03-03 19:38:00,-9.554665726,-3.086007671,-0.443949487
2026-03-03 19:38:10,-9.494610340,-2.769868924,-0.270940360
2026-03-03 19:38:20,-9.670056184,-2.751489568,0.296038403
2026-03-03 19:38:30,-9.280375093,-2.983407249,-0.350316346
2026-03-03 19:38:40,-9.531878406,-3.303255457,0.144059143
2026-03-03 19:38:50,-9.112398804,-3.081949444,0.185790384
2026-03-03 19:39:00,-9.274442694,-2.835436994,0.459542076
2026-03-03 19:39:10,-9.106580243,-3.292749548,0.508927419
2026-03-03 19:39:20,-9.450720227,-3.656136963,0.344414246
2026-03-03 19:39:30,-9.067404669,-3.071162628,-0.196428458
2026-03-03 19:39:40,-8.784576868,-3.607498056,-0.557320719
2026-03-03 19:39:50,-9.186938605,-3.824229370,-0.318972986
2026-03-03 19:40:00,-9.150597333,-3.449715736,-0.083750461
2026-03-03 19:40:10,-9.300283176,-3.660059371,-0.299682705
2026-03-03 19:40:20,-9.312724322,-3.541852630,-0.480312318
2026-03-03 19:40:30,-9.400128355,-3.468133656,-0.176757529
2026-03-03 19:40:40,-9.173336166,-3.052531388,0.122081919
2026-03-03 19:40:50,-9.272444655,-3.233491370,0.460445471
2026-03-03 19:41:00,-9.357463255,-2.841520459,0.315478901
2026-03-03 19:41:10,-9.112924097,-3.160547094,0.004385505
2026-03-03 19:41:20,-9.313680519,-2.949321208,0.462127995
2026-03-03 19:41:30,-9.362876741,-2.785939081,0.621912248
2026-03-03 19:41:40,-9.152228277,-2.620082952,0.353489182
2026-03-03 19:41:50,-9.786004388,-2.720452203,0.175416280
2026-03-03 19:42:00,-9.307889004,-2.485821284,0.500298716
2026-03-03 19:42:10,-9.446060398,-2.520097001,0.853285900
2026-03-03 19:42:20,-9.035245088,-2.928140516,1.015002516
2026-03-03 19:42:30,-9.356628810,-3.163137402,0.921381357
2026-03-03 19:42:40,-9.340144814,-3.200690442,0.634060948
2026-03-03 19:42:50,-9.122080674,-3.000994596,0.221555438
2026-03-03 19:43:00,-9.130998211,-3.223203059,0.505936631
2026-03-03 19:43:10,-9.112880297,-3.480500852,0.452031807
2026-03-03 19:43:20,-9.340291558,-3.104755863,0.703537105
2026-03-03 19:43:30,-9.430341844,-3.529546769,0.270020554
2026-03-03 19:43:40,-9.328883480,-3.863263235,0.731128289
2026-03-03 19:43:50,-9.114497917,-3.527231713,0.613582398
2026-03-03 19:44:00,-9.156946193,-3.708570310,0.260771953
2026-03-03 19:44:10,-9.208574635,-3.756977992,0.412922378
2026-03-03 19:44:20,-8.841613965,-3.695082085,0.744950389
2026-03-03 19:44:30,-9.066124249,-3.541052223,0.952953427
2026-03-03 19:44:40,-9.365300350,-3.140990518,0.747352497
2026-03-03 19:44:50,-9.429457203,-3.442716627,1.257255352
2026-03-03 19:45:00,-9.058081230,-3.450170051,1.422799437
2026-03-03 19:45:10,-9.102626739,-3.764972239,0.756205487
2026-03-03 19:45:20,-8.838254002,-4.035370270,0.494806544
2026-03-03 19:45:30,-8.944471369,-3.796718477,0.587746851
2026-03-03 19:45:40,-9.035707218,-3.438175460,0.022712383
2026-03-03 19:45:50,-9.393130146,-2.487412723,0.848433353
2026-03-03 19:46:00,-9.422609526,-2.765701691,0.917508506
2026-03-03 19:46:10,-9.375190540,-2.448243491,0.949542027
2026-03-03 19:46:20,-9.203940480,-1.987488794,1.089276580
2026-03-03 19:46:30,-9.229190770,-2.578096660,1.136633958
2026-03-03 19:46:40,-9.549171533,-2.562407251,1.035880700
2026-03-03 19:46:50,-9.329344790,-2.578442168,0.317251177
2026-03-03 19:47:00,-9.652820876,-3.310680803,0.492749330
2026-03-03 19:47:10,-9.410844377,-3.001615841,0.418409127
2026-03-03 19:47:20,-9.260233972,-3.622531200,0.300016185
2026-03-03 19:47:30,-9.594143754,-3.494564693,0.350619747
2026-03-03 19:47:40,-9.202603790,-3.342509950,-0.077081742
2026-03-03 19:47:50,-9.062535311,-3.016200376,-0.847722975
2026-03-03 19:48:00,-8.991773978,-3.928974529,-0.175474650
2026-03-03 19:48:10,-9.296658812,-3.275099676,-0.048641734
2026-03-03 19:48:20,-9.695583177,-2.968811414,0.932693743
2026-03-03 19:48:30,-9.292650440,-2.629508959,0.785636075
2026-03-03 19:48:40,-9.582828206,-2.398612245,1.013597055
2026-03-03 19:48:50,-9.514243009,-2.426502292,0.398533190
2026-03-03 19:49:00,-9.257623999,-2.860865456,0.307840635
2026-03-03 19:49:10,-9.226857323,-2.919109392,0.165509176
2026-03-03 19:49:20,-9.447869477,-2.254125742,0.157851992
2026-03-03 19:49:30,-9.274297758,-2.707364859,0.468908433
2026-03-03 19:49:40,-9.233010080,-3.374460837,0.047050196
2026-03-03 19:49:50,-9.235250487,-3.199603253,-0.301238750
2026-03-03 19:50:00,-9.137245696,-3.127454040,-0.689044983
2026-03-03 19:50:10,-9.361688501,-3.063196987,-1.150471644
2026-03-03 19:50:20,-9.214655849,-2.611503479,-2.133003707
2026-03-03 19:50:30,-9.382733819,-2.871949230,-1.696629610
2026-03-03 19:50:40,-9.182091943,-2.432822569,-1.809445204
2026-03-03 19:50:50,-9.010396208,-2.909412461,-1.817214596
2026-03-03 19:51:00,-9.335943099,-2.829474894,-1.812450303
2026-03-03 19:51:10,-9.040263326,-2.772938346,-1.873829985
2026-03-03 19:51:20,-9.330207635,-2.248464610,-1.950744146
2026-03-03 19:51:30,-9.166496739,-2.226911023,-2.555837498
2026-03-03 19:51:40,-9.047849183,-2.672229778,-3.197660034
2026-03-03 19:51:50,-9.055073199,-2.923797824,-2.931676765
2026-03-03 19:52:00,-9.019604525,-2.194733100,-2.881392583
2026-03-03 19:52:10,-9.026332646,-2.672073736,-2.446366967
2026-03-03 19:52:20,-8.795341111,-3.094999156,-3.235234666
2026-03-03 19:52:30,-8.959309174,-2.845078536,-2.573908941
2026-03-03 19:52:40,-8.994039774,-2.847338443,-2.770183818
2026-03-03 19:52:50,-9.113554584,-2.507238430,-3.009311207
2026-03-03 19:53:00,-8.808919100,-2.715819179,-3.310853784
2026-03-03 19:53:10,-8.873398344,-2.664651157,-3.592608715
2026-03-03 19:53:20,-9.340156534,-2.757306028,-3.320384870
2026-03-03 19:53:30,-9.396048109,-2.637282176,-2.742938511
2026-03-03 19:53:40,-9.455241556,-2.004285096,-2.708547431
2026-03-03 19:53:50,-9.201971242,-1.756186671,-3.491025452
2026-03-03 19:54:00,-8.883549866,-1.767811269,-3.488744924
2026-03-03 19:54:10,-9.075974971,-1.491395594,-2.971654754
2026-03-03 19:54:20,-8.671266681,-1.867095736,-3.727505114
2026-03-03 19:54:30,-9.027991092,-1.636593872,-3.444355455
2026-03-03 19:54:40,-9.107970197,-2.151621809,-3.674447825
2026-03-03 19:54:50,-8.838957118,-1.546494489,-3.959221901
2026-03-03 19:55:00,-8.812640546,-1.486614896,-3.547827583
2026-03-03 19:55:10,-8.839138359,-1.208966038,-3.963889932
2026-03-03 19:55:20,-8.834581414,-1.714170296,-4.178529901
2026-03-03 19:55:30,-8.444570018,-2.234437077,-4.446527245
2026-03-03 19:55:40,-8.569758556,-1.759058447,-4.321508528
2026-03-03 19:55:50,-8.670033634,-1.325458048,-4.815067391
2026-03-03 19:56:00,-8.729975125,-1.527927151,-4.452967071
2026-03-03 19:56:10,-8.531572546,-1.751114593,-4.473016443
2026-03-03 19:56:20,-8.291820941,-1.329334134,-4.747570414
2026-03-03 19:56:30,-8.497481323,-1.397450645,-4.750213857
2026-03-03 19:56:40,-8.182728755,-0.816542101,-4.692852925
2026-03-03 19:56:50,-8.700861329,-0.568890200,-4.631881160
2026-03-03 19:57:00,-8.705227072,-0.563865197,-4.504425439
2026-03-03 19:57:10,-8.986955914,-0.840957888,-4.354993011
2026-03-03 19:57:20,-8.444715913,-0.720652541,-4.410280659
2026-03-03 19:57:30,-8.834547807,-0.663994766,-4.371088213
2026-03-03 19:57:40,-8.709017471,-0.699794291,-4.313855612
2026-03-03 19:57:50,-8.925729115,-0.914208398,-4.138234328
2026-03-03 19:58:00,-8.631115732,-1.162657112,-4.470591230
2026-03-03 19:58:10,-8.874051383,-1.309738367,-4.491147708
2026-03-03 19:58:20,-8.754295484,-0.456929198,-4.578532766
2026-03-03 19:58:30,-8.756122872,-0.538426498,-4.489306322
2026-03-03 19:58:40,-8.800117453,-0.323397195,-4.475956761
2026-03-03 19:58:50,-8.724161564,-1.131959111,-4.292583052
2026-03-03 19:59:00,-9.031846259,-0.921998834,-4.198110952
2026-03-03 19:59:10,-8.600638971,-0.531878810,-4.570312811
2026-03-03 19:59:20,-8.472665697,-0.974117931,-4.452489926
2026-03-03 19:59:30,-8.685680338,-0.543425321,-4.465603862
2026-03-03 19:59:40,-8.982856262,0.103289067,-3.766393606
2026-03-03 19:59:50,-9.317438543,0.189875569,-3.439110185
2026-03-03 20:00:00,-9.030758648,0.241670535,-3.574059957
2026-03-03 20:00:10,-9.115591414,-0.085759458,-3.403565752
2026-03-03 20:00:20,-8.953279598,0.288393790,-3.177253034
2026-03-03 20:00:30,-8.852127722,0.681554953,-3.436365396
2026-03-03 20:00:40,-9.209772899,0.548639663,-3.551574780
2026-03-03 20:00:50,-9.229989376,0.554043490,-3.081471462
2026-03-03 20:01:00,-9.107845599,0.506390643,-3.726283919
2026-03-03 20:01:10,-8.807056437,0.290608991,-3.372020065
2026-03-03 20:01:20,-9.060946021,0.563662328,-3.288771159
2026-03-03 20:01:30,-8.655062629,0.210235641,-3.907709604
2026-03-03 20:01:40,-8.959704446,0.321300367,-4.029150968
2026-03-03 20:01:50,-8.593079817,-0.240968570,-4.688834833
2026-03-03 20:02:00,-8.815132744,-0.180745231,-4.602546676
2026-03-03 20:02:10,-8.710154861,-0.395893091,-4.051161307
2026-03-03 20:02:20,-8.884352220,-0.409290371,-3.829332687
2026-03-03 20:02:30,-9.001243337,-0.301015595,-4.065079075
2026-03-03 20:02:40,-8.814376616,-0.969684151,-3.886770825
2026-03-03 20:02:50,-8.510798850,-0.841902482,-4.190166749
2026-03-03 20:03:00,-9.038153316,-0.409421712,-3.876899473
2026-03-03 20:03:10,-8.940273068,-0.459596415,-3.930279229
2026-03-03 20:03:20,-9.256268793,-0.264342209,-3.347329544
2026-03-03 20:03:30,-9.282628346,-0.158041743,-3.538674458
2026-03-03 20:03:40,-9.179440143,-0.359618260,-3.492224392
2026-03-03 20:03:50,-9.171174406,-0.066979524,-3.569125751
2026-03-03 20:04:00,-9.040569010,-0.732601965,-3.268921783
2026-03-03 20:04:10,-9.254953620,-0.623522457,-3.745800612
2026-03-03 20:04:20,-8.916049465,-0.523728380,-3.774341854
2026-03-03 20:04:30,-8.941742875,-0.510901924,-3.265631731
2026-03-03 20:04:40,-9.133092406,-0.301298588,-3.849592249
2026-03-03 20:04:50,-9.066566179,-1.003310753,-3.893811267
2026-03-03 20:05:00,-8.615909168,-1.277137168,-4.343360003
2026-03-03 20:05:10,-8.863812462,-1.792027349,-4.562904136
2026-03-03 20:05:20,-8.098499801,-1.801390349,-4.719739450
2026-03-03 20:05:30,-8.450433998,-1.959755976,-4.472045930
2026-03-03 20:05:40,-8.403014359,-2.269017835,-4.253534065
2026-03-03 20:05:50,-8.596450282,-2.427058193,-4.163883880
2026-03-03 20:06:00,-8.568591942,-2.329444505,-3.819432546
2026-03-03 20:06:10,-8.542847350,-2.086984850,-4.065216338
2026-03-03 20:06:20,-8.964967389,-1.862268096,-4.196649397
2026-03-03 20:06:30,-8.749308476,-1.940078046,-4.409299291
2026-03-03 20:06:40,-8.553359087,-1.805313982,-4.142411779
2026-03-03 20:06:50,-8.561552887,-2.028020409,-4.118533845
2026-03-03 20:07:00,-8.463848509,-2.433469999,-3.982441954
2026-03-03 20:07:10,-8.994882848,-2.381848091,-3.924367585
2026-03-03 20:07:20,-8.409017536,-2.220263471,-4.288802556
2026-03-03 20:07:30,-8.470235367,-2.239953235,-4.285737529
2026-03-03 20:07:40,-8.444953465,-2.938123561,-4.258748048
2026-03-03 20:07:50,-8.498153354,-2.893835472,-4.257223125
2026-03-03 20:08:00,-8.478779701,-2.690001678,-4.347692538
2026-03-03 20:08:10,-8.094976648,-2.901643425,-4.616249170
2026-03-03 20:08:20,-8.100596129,-2.497627974,-4.642459156
2026-03-03 20:08:30,-8.125592867,-2.753220166,-4.241476914
2026-03-03 20:08:40,-8.095394330,-3.127357655,-4.332938995
2026-03-03 20:08:50,-7.901830973,-3.532636409,-4.279550026
2026-03-03 20:09:00,-8.124783205,-3.261384358,-4.178926470
2026-03-03 20:09:10,-7.763959594,-3.729313169,-4.568377587
2026-03-03 20:09:20,-8.082851792,-3.683880922,-4.185121030
2026-03-03 20:09:30,-7.662487575,-4.230128235,-4.731104200
2026-03-03 20:09:40,-6.980465657,-4.442506301,-4.753225890
2026-03-03 20:09:50,-7.005784498,-4.648778897,-5.025836938
2026-03-03 20:10:00,-7.202930688,-4.250474190,-5.049642159
2026-03-03 20:10:10,-7.450371891,-3.916007832,-5.023190824
2026-03-03 20:10:20,-7.672044127,-4.477572676,-4.451260916
2026-03-03 20:10:30,-7.607779222,-4.296972203,-3.944015660
2026-03-03 20:10:40,-7.817170690,-4.044628573,-4.475406003
2026-03-03 20:10:50,-7.672191183,-4.547803425,-4.159571296
2026-03-03 20:11:00,-7.407990685,-4.587581340,-4.106270372
2026-03-03 20:11:10,-7.297253312,-4.658504785,-4.488516403
2026-03-03 20:11:20,-7.366355324,-4.411288023,-4.768903548
2026-03-03 20:11:30,-7.068364503,-4.815203057,-4.539471849
2026-03-03 20:11:40,-7.165455140,-5.175403371,-4.471371827
2026-03-03 20:11:50,-6.903358780,-5.602936355,-4.165855238
2026-03-03 20:12:00,-7.521738980,-5.242593875,-4.005583349
2026-03-03 20:12:10,-7.663631949,-4.843842061,-4.222441651
2026-03-03 20:12:20,-7.312589899,-4.845619968,-4.697507836
2026-03-03 20:12:30,-7.176343161,-4.880826278,-4.484362508
2026-03-03 20:12:40,-7.057257465,-5.046846607,-4.309996581
2026-03-03 20:12:50,-7.203984691,-4.606545524,-4.126714769
2026-03-03 20:13:00,-7.140503341,-4.959620806,-3.776351745
2026-03-03 20:13:10,-7.713710564,-5.174157162,-3.965386324
2026-03-03 20:13:20,-7.565775741,-4.862983826,-3.900098134
2026-03-03 20:13:30,-7.691382309,-4.950285854,-4.027180662
2026-03-03 20:13:40,-7.650737212,-4.744628830,-4.567558457
2026-03-03 20:13:50,-7.128860147,-4.650828799,-4.590853147
2026-03-03 20:14:00,-7.572639506,-4.589365065,-4.358347861
2026-03-03 20:14:10,-7.924424278,-4.566232302,-4.005492529
2026-03-03 20:14:20,-7.514738281,-4.425172955,-4.429792757
2026-03-03 20:14:30,-7.315998710,-4.099953797,-4.356658130
2026-03-03 20:14:40,-7.397492089,-4.375338841,-3.983969743
2026-03-03 20:14:50,-7.661583818,-4.584952258,-4.494152157
2026-03-03 20:15:00,-7.692987989,-4.753772401,-4.172247658
2026-03-03 20:15:10,-7.510594419,-4.914906002,-4.357807563
2026-03-03 20:15:20,-7.096282616,-4.563116645,-4.839268489
2026-03-03 20:15:30,-7.308136888,-4.688320095,-4.476881670
2026-03-03 20:15:40,-7.161450493,-5.136584387,-4.798292239
2026-03-03 20:15:50,-7.404613161,-5.205876836,-4.304751390
2026-03-03 20:16:00,-6.777549778,-5.466783992,-4.352742887
2026-03-03 20:16:10,-7.087519572,-5.369621739,-4.349693553
2026-03-03 20:16:20,-7.504236417,-5.035663920,-3.829599316
2026-03-03 20:16:30,-7.559643965,-5.173690620,-3.968305174
2026-03-03 20:16:40,-7.159521532,-5.561329327,-4.061581306
2026-03-03 20:16:50,-7.234472803,-5.217040891,-3.333938921
2026-03-03 20:17:00,-7.556558121,-5.461665986,-3.710480321
2026-03-03 20:17:10,-7.490661841,-5.238501735,-3.498141554
2026-03-03 20:17:20,-7.381344505,-5.033369087,-3.582385289
2026-03-03 20:17:30,-7.307482587,-5.577449398,-3.365729470
2026-03-03 20:17:40,-7.376386468,-5.182984344,-3.673848542
2026-03-03 20:17:50,-7.211615701,-5.634395742,-3.607174254
2026-03-03 20:18:00,-7.166032492,-5.395404460,-3.760685236
2026-03-03 20:18:10,-7.371387661,-5.554872723,-4.041464699
2026-03-03 20:18:20,-7.013861188,-5.352797108,-3.859076295
2026-03-03 20:18:30,-7.479243309,-5.244167826,-4.313820334
2026-03-03 20:18:40,-7.142486408,-5.325498060,-4.719602823
2026-03-03 20:18:50,-7.105926859,-5.137181236,-4.087907653
2026-03-03 20:19:00,-7.224136223,-5.061781425,-4.322215060
2026-03-03 20:19:10,-7.264471071,-5.324860252,-4.045512407
2026-03-03 20:19:20,-7.471107064,-5.050692680,-4.395186316
2026-03-03 20:19:30,-7.167349368,-5.322318092,-4.301678661
2026-03-03 20:19:40,-6.916368037,-5.332749676,-4.248580854
2026-03-03 20:19:50,-7.563615956,-5.089396766,-3.775187872
2026-03-03 20:20:00,-7.432122455,-4.917073094,-3.939616124
2026-03-03 20:20:10,-7.093455119,-4.996774197,-4.155096263
2026-03-03 20:20:20,-7.382766870,-5.019699979,-4.001560790
2026-03-03 20:20:30,-6.774262946,-5.390263273,-4.211947722
2026-03-03 20:20:40,-7.188084883,-5.423715167,-3.680687897
2026-03-03 20:20:50,-7.214330861,-5.525392380,-3.763913873
2026-03-03 20:21:00,-6.949311654,-5.704978190,-4.012549953
2026-03-03 20:21:10,-6.794724108,-5.865776877,-4.053296188
2026-03-03 20:21:20,-7.106342275,-5.706477825,-3.588208237
2026-03-03 20:21:30,-7.100640571,-5.604123948,-3.885747737
2026-03-03 20:21:40,-7.255526311,-5.474050654,-3.895953531
2026-03-03 20:21:50,-7.249958581,-5.854736489,-3.780918668
2026-03-03 20:22:00,-7.227982122,-5.805210456,-3.495379419
2026-03-03 20:22:10,-6.755597572,-6.087366918,-3.455114081
2026-03-03 20:22:20,-7.176985152,-5.691942964,-3.468630925
2026-03-03 20:22:30,-7.195110172,-5.485786944,-3.918578417
2026-03-03 20:22:40,-7.377521228,-5.628351985,-3.711366114
2026-03-03 20:22:50,-7.456327028,-5.164035391,-3.629622413
2026-03-03 20:23:00,-7.550515714,-5.033208271,-3.316948728
2026-03-03 20:23:10,-7.330250534,-5.050946422,-3.268655441
2026-03-03 20:23:20,-7.893463563,-5.116967791,-3.357577803
2026-03-03 20:23:30,-7.570850070,-4.712348462,-3.286084490
2026-03-03 20:23:40,-8.000021879,-4.991633484,-3.168587378
2026-03-03 20:23:50,-7.946695448,-4.734654022,-2.492896778
2026-03-03 20:24:00,-8.137809376,-4.793824736,-2.964206291
2026-03-03 20:24:10,-7.911215882,-4.706324879,-3.086707652
2026-03-03 20:24:20,-7.691153398,-5.022902989,-3.267824947
2026-03-03 20:24:30,-7.868191236,-4.788637780,-3.125953642
2026-03-03 20:24:40,-7.920360415,-5.112808411,-3.567964784
2026-03-03 20:24:50,-8.071610482,-4.819312179,-3.407806248
2026-03-03 20:25:00,-7.585502958,-5.081203770,-3.085025491
2026-03-03 20:25:10,-7.635237406,-5.109361569,-2.905471549
2026-03-03 20:25:20,-7.720857499,-5.179721006,-3.334867249
2026-03-03 20:25:30,-7.803483671,-5.104765347,-3.106706907
2026-03-03 20:25:40,-7.781654538,-5.115675521,-3.261338003
2026-03-03 20:25:50,-7.467674202,-5.473951910,-2.843755857
2026-03-03 20:26:00,-7.499843518,-5.346082486,-2.746922324
2026-03-03 20:26:10,-7.780490464,-5.295442419,-3.083556852
2026-03-03 20:26:20,-7.707968506,-5.334387930,-2.969723305
2026-03-03 20:26:30,-7.920582537,-5.244101445,-2.560014299
2026-03-03 20:26:40,-7.780170151,-5.329516956,-2.762937424
2026-03-03 20:26:50,-8.005786117,-5.185083454,-2.674599774
2026-03-03 20:27:00,-7.769441831,-5.146465993,-2.794300878
2026-03-03 20:27:10,-7.907331797,-5.423032280,-2.307746023
2026-03-03 20:27:20,-8.119078695,-5.499060418,-1.990151876
2026-03-03 20:27:30,-8.060100178,-5.389839168,-2.079695316
2026-03-03 20:27:40,-8.204755191,-5.161355682,-1.818460785
2026-03-03 20:27:50,-8.294247911,-4.684555612,-2.053019977
2026-03-03 20:28:00,-8.169852847,-4.666825074,-2.390706177
2026-03-03 20:28:10,-8.380242397,-4.567596870,-1.955563943
2026-03-03 20:28:20,-8.416982755,-4.608951263,-2.346649234
2026-03-03 20:28:30,-8.452856947,-4.499744813,-2.322398719
2026-03-03 20:28:40,-8.285240326,-4.397383858,-2.533061114
2026-03-03 20:28:50,-8.362238421,-4.708362593,-2.223219712
2026-03-03 20:29:00,-8.488168525,-4.651650516,-2.151840093
2026-03-03 20:29:10,-8.443579296,-4.832280848,-1.969336153
2026-03-03 20:29:20,-8.347430474,-4.982935833,-2.178280849
2026-03-03 20:29:30,-8.236632003,-4.910051072,-1.931229655
2026-03-03 20:29:40,-7.710270326,-5.747359082,-1.746313515
2026-03-03 20:29:50,-7.982275628,-5.743192509,-1.284271709
2026-03-03 20:30:00,-8.143488736,-5.328055456,-1.615056568
2026-03-03 20:30:10,-8.224042201,-5.159029610,-1.313729162
2026-03-03 20:30:20,-8.545566062,-5.035219320,-1.340292237
2026-03-03 20:30:30,-8.407005279,-4.607618504,-1.222728439
2026-03-03 20:30:40,-8.470795515,-5.097617653,-1.267370690
2026-03-03 20:30:50,-8.364223730,-4.953314143,-1.498520335
2026-03-03 20:31:00,-8.274399651,-4.822390539,-1.589843913
2026-03-03 20:31:10,-8.223245092,-4.966545615,-1.755999113
2026-03-03 20:31:20,-8.230833648,-5.076981965,-1.918136590
2026-03-03 20:31:30,-7.988000428,-4.982901119,-1.937278518
2026-03-03 20:31:40,-8.119036591,-4.963576386,-1.697330090
2026-03-03 20:31:50,-8.323546905,-4.982087556,-1.942743082
2026-03-03 20:32:00,-8.216014841,-5.106617726,-1.908992254
2026-03-03 20:32:10,-8.165355645,-4.858933502,-2.110040753
2026-03-03 20:32:20,-8.035358511,-5.137731122,-2.200320894
2026-03-03 20:32:30,-8.008257343,-4.891698219,-2.227540499
2026-03-03 20:32:40,-7.853830493,-5.442537738,-1.957858335
2026-03-03 20:32:50,-7.679867911,-5.180001456,-1.957279702
2026-03-03 20:33:00,-8.124179967,-4.986338671,-2.564370875
2026-03-03 20:33:10,-8.015649137,-5.647552160,-2.450140629
2026-03-03 20:33:20,-7.956026457,-5.496463014,-1.994077438
2026-03-03 20:33:30,-8.422566737,-5.133332818,-2.117437435
2026-03-03 20:33:40,-8.065635466,-5.262376666,-2.518817142
2026-03-03 20:33:50,-8.209710422,-4.875382594,-2.326833676
2026-03-03 20:34:00,-8.098884799,-4.903772023,-2.071045454
2026-03-03 20:34:10,-8.108735600,-4.763587427,-2.122409576
2026-03-03 20:34:20,-7.947050080,-5.134843506,-2.295006631
2026-03-03 20:34:30,-8.003280604,-4.739342349,-2.476084379
2026-03-03 20:34:40,-7.849222053,-5.240262679,-2.207935290
2026-03-03 20:34:50,-7.794718466,-5.187649039,-2.381917998
2026-03-03 20:35:00,-7.998508952,-4.962252740,-2.505747189
2026-03-03 20:35:10,-8.007702293,-5.116289105,-2.810369271
2026-03-03 20:35:20,-7.982275803,-5.225819348,-2.317121745
2026-03-03 20:35:30,-7.814122873,-5.415536039,-2.300119895
2026-03-03 20:35:40,-7.669170835,-5.533560917,-2.682961503
2026-03-03 20:35:50,-7.680558109,-5.456987709,-2.806909310
2026-03-03 20:36:00,-5.291291531,-2.029424849,8.154243550
2026-03-03 20:36:10,-1.796564132,-1.950682888,9.329164896
2026-03-03 20:36:20,1.741486670,-7.991283643,5.267869833
2026-03-03 20:36:30,2.610807340,-3.637864039,8.766353535
2026-03-03 20:36:40,3.833973959,-4.995789179,7.746698647
2026-03-03 20:36:50,-0.625787339,-7.465999170,6.163389508
2026-03-03 20:37:00,-0.628153956,-7.151242672,6.758925555
2026-03-03 20:37:10,3.903411231,-8.012403201,4.223184828
2026-03-03 20:37:20,9.508113998,1.354141389,-2.877785470
2026-03-03 20:37:30,1.382233057,8.792049246,-3.872668748
2026-03-03 20:37:40,-8.425292251,-1.052157780,5.172321089
2026-03-03 20:37:50,7.538750968,1.033338946,6.294327332
2026-03-03 20:38:00,6.575441555,-0.945660618,6.918265767
2026-03-03 20:38:10,-6.304981062,-4.065396704,6.352489561
2026-03-03 20:38:20,-5.097938028,-3.605474555,7.786109148
2026-03-03 20:38:30,-5.486005581,-4.356513806,6.513772483
2026-03-03 20:38:40,-0.414839500,-5.576459665,8.031290266
2026-03-03 20:38:50,5.257339333,-5.037580982,6.765249605
2026-03-03 20:39:00,4.483418540,-6.279363360,6.523242202
2026-03-03 20:39:10,3.235995906,-7.919739712,5.296828164
2026-03-03 20:39:20,4.109178859,-6.545448810,6.298072433
2026-03-03 20:39:30,5.153377940,-6.740993398,5.176293359
2026-03-03 20:39:40,3.416743064,-6.375672551,6.588073442
2026-03-03 20:39:50,3.738943229,-5.915296443,6.951554924
2026-03-03 20:40:00,1.753739221,-6.189898449,7.518962794
2026-03-03 20:40:10,3.491878717,-6.197590958,6.343009886
2026-03-03 20:40:20,3.103369649,-7.010534864,6.403121990
2026-03-03 20:40:30,3.953651847,-6.580577732,6.304022200
2026-03-03 20:40:40,2.041511542,-6.292878156,7.209040819
2026-03-03 20:40:50,2.054386619,-6.341713705,7.217206995
2026-03-03 20:41:00,-0.117726254,-5.628277890,7.829370225
2026-03-03 20:41:10,-0.094197103,-6.747988168,7.344763656
2026-03-03 20:41:20,-1.837112199,-5.660648279,7.756198794
2026-03-03 20:41:30,-2.717312207,-5.689685411,7.271338830
2026-03-03 20:41:40,-2.388616144,-5.448482886,7.898817091
2026-03-03 20:41:50,-2.719012839,-5.299866035,7.833415649
2026-03-03 20:42:00,-1.855704240,-5.545666761,7.836516471
2026-03-03 20:42:10,-1.615580474,-4.986126354,7.928708318
2026-03-03 20:42:20,-1.778323589,-5.443565202,8.028435746
2026-03-03 20:42:30,-1.255154940,-5.160236822,8.249885649
2026-03-03 20:42:40,-1.468686718,-5.119944375,8.159341953
2026-03-03 20:42:50,-0.884786732,-4.882254855,8.319238543
2026-03-03 20:43:00,-0.940312675,-4.270775053,8.793191847
2026-03-03 20:43:10,-1.071555107,-4.861068124,8.749364908
2026-03-03 20:43:20,-1.248521001,-4.305858275,8.517205344
2026-03-03 20:43:30,-2.101709979,-4.667547595,8.459436492
2026-03-03 20:43:40,-3.476226023,-3.715038733,8.308840615
2026-03-03 20:43:50,-3.166840286,-3.839233447,8.575093361
2026-03-03 20:44:00,-3.184171757,-4.775214440,7.948139423
2026-03-03 20:44:10,-3.035832629,-6.101617070,7.221061748
2026-03-03 20:44:20,-2.510573821,-5.445027248,7.548316650
2026-03-03 20:44:30,-0.827691845,-5.679078200,7.837196896
2026-03-03 20:44:40,-0.926067456,-5.968642838,7.814133990
2026-03-03 20:44:50,0.280481856,-5.911896173,7.526144431
2026-03-03 20:45:00,1.067458449,-5.695362811,7.743881753
2026-03-03 20:45:10,0.784400121,-6.037315058,8.009279997
2026-03-03 20:45:20,0.984500698,-6.676749402,7.483524600
2026-03-03 20:45:30,0.546353692,-7.634865344,6.067183231
2026-03-03 20:45:40,-0.942589629,-7.936615879,5.848000620
2026-03-03 20:45:50,0.169781411,-8.220756612,5.417441524
2026-03-03 20:46:00,-0.394258637,-7.506988029,6.431255416
2026-03-03 20:46:10,-0.479639592,-8.167555377,5.635829544
2026-03-03 20:46:20,-0.958652834,-7.842324241,5.464953680
2026-03-03 20:46:30,-0.947088140,-8.043865997,5.312156563
2026-03-03 20:46:40,-0.847143346,-8.301000505,4.755487594
2026-03-03 20:46:50,-0.437918467,-8.029190298,5.714756309
2026-03-03 20:47:00,0.325606686,-7.548709522,6.635815050
2026-03-03 20:47:10,-0.335537566,-7.307314531,6.539534992
2026-03-03 20:47:20,0.140064332,-7.611406646,6.206380382
2026-03-03 20:47:30,0.510832945,-7.954801919,5.771758622
2026-03-03 20:47:40,0.819454026,-7.946678928,5.851749533
2026-03-03 20:47:50,0.320752501,-7.348051526,6.356484355
2026-03-03 20:48:00,-0.436268569,-7.194590932,6.466597377
2026-03-03 20:48:10,-0.244147761,-7.726731220,5.707634274
2026-03-03 20:48:20,-0.479719116,-7.888196154,5.824170448
2026-03-03 20:48:30,-0.751076251,-8.004808202,5.505669528
2026-03-03 20:48:40,-0.928883362,-6.431530394,7.463324485
2026-03-03 20:48:50,-0.348698966,-4.835032410,8.567117132
2026-03-03 20:49:00,0.984476681,-3.894111264,8.926362233
2026-03-03 20:49:10,0.596286894,-5.127300413,8.079705496
2026-03-03 20:49:20,0.571720309,-2.287153593,9.261734603
2026-03-03 20:49:30,-0.253440431,-0.980016783,9.842967041
2026-03-03 20:49:40,-0.323099875,-0.270899695,10.108925379
2026-03-03 20:49:50,-0.280463668,-1.567385777,9.733569075
2026-03-03 20:50:00,-0.911153826,-0.892358844,9.608656334
2026-03-03 20:50:10,0.132861071,-0.810273665,9.652509923
2026-03-03 20:50:20,0.374763107,-1.629435374,9.927867484
2026-03-03 20:50:30,-0.217053039,-1.483477632,9.678142063
2026-03-03 20:50:40,-1.075707480,-1.620381521,9.400601679
2026-03-03 20:50:50,-1.281665266,-1.561524982,9.503436890
2026-03-03 20:51:00,-2.388436664,-1.090621005,9.701505432
2026-03-03 20:51:10,-2.793132309,-1.754841818,9.250988961
2026-03-03 20:51:20,-1.873829261,-0.394547077,9.768870168
2026-03-03 20:51:30,-0.342336274,-0.145595434,9.754379517
2026-03-03 20:51:40,-0.737725905,-0.017153178,9.734106137
2026-03-03 20:51:50,-1.835581213,0.274067985,9.712825164
2026-03-03 20:52:00,-2.653977290,1.326370453,9.513977034
2026-03-03 20:52:10,-3.386448763,0.770911997,9.238528564
2026-03-03 20:52:20,-3.140801070,0.781920403,9.466546487
2026-03-03 20:52:30,-1.457141624,0.086161806,9.586296212
2026-03-03 20:52:40,0.161607251,-1.188194869,9.665982182
2026-03-03 20:52:50,-0.038827073,0.046768382,9.818804053
2026-03-03 20:53:00,0.460814848,0.016768310,9.923109566
2026-03-03 20:53:10,0.727203780,0.522882716,9.891096148
2026-03-03 20:53:20,0.989685996,0.788546025,9.778528069
2026-03-03 20:53:30,0.542668629,1.643028199,9.852832273
2026-03-03 20:53:40,0.419040715,1.795968563,9.658247165
2026-03-03 20:53:50,0.396540472,0.802953974,9.777447773
2026-03-03 20:54:00,0.146155291,0.310474018,9.979202627
2026-03-03 20:54:10,0.161616060,0.228720707,9.722279004
2026-03-03 20:54:20,0.310159400,-1.403568359,9.503171712
2026-03-03 20:54:30,1.036695109,-1.238268839,9.650361606
2026-03-03 20:54:40,0.617631263,-1.560560472,9.655429340
2026-03-03 20:54:50,-0.241524920,-1.919069072,9.891223426
2026-03-03 20:55:00,-0.236088717,-1.672324644,9.801589435
2026-03-03 20:55:10,-0.094921794,-1.354177784,9.592788857
2026-03-03 20:55:20,-0.917317831,-0.888198358,9.763219238
2026-03-03 20:55:30,-1.048561901,-0.531225236,9.853595569
2026-03-03 20:55:40,-0.696149932,-0.686622418,9.991161102
2026-03-03 20:55:50,-1.288595833,-1.115682669,9.569207117
2026-03-03 20:56:00,-1.031638161,-0.555407718,9.677540092
2026-03-03 20:56:10,-1.017739423,-0.264608760,9.700014480
2026-03-03 20:56:20,-1.570115326,0.865089354,9.401270651
2026-03-03 20:56:30,-1.754696754,1.872773885,9.280018584
2026-03-03 20:56:40,-2.291452821,2.353410026,9.077710247
2026-03-03 20:56:50,-2.333659671,2.251946389,9.206336401
2026-03-03 20:57:00,-2.795305932,2.953995795,8.888713361
2026-03-03 20:57:10,-3.404405087,1.669370201,9.103417211
2026-03-03 20:57:20,-1.918474594,2.043159074,9.364618094
2026-03-03 20:57:30,-1.998002137,3.151112810,9.129884486
2026-03-03 20:57:40,-1.694202722,2.332893943,9.518409040
2026-03-03 20:57:50,-2.562023126,2.792052325,9.052781040
2026-03-03 20:58:00,-2.787554505,2.616412176,9.131035616
2026-03-03 20:58:10,-3.082247171,2.536161336,8.866269524
2026-03-03 20:58:20,-3.184576305,2.904504518,8.910088709
2026-03-03 20:58:30,-3.361217844,3.739932806,8.439363936
2026-03-03 20:58:40,-3.946883502,2.718626493,8.695865828
2026-03-03 20:58:50,-3.534793248,1.962040392,9.326803230
2026-03-03 20:59:00,-3.358051849,2.276104820,8.895540220
2026-03-03 20:59:10,-3.421922994,2.450077252,8.888064518
2026-03-03 20:59:20,-3.551073102,2.255107264,8.551697792
2026-03-03 20:59:30,-3.865773243,2.539996392,8.665772992
2026-03-03 20:59:40,-4.749853313,2.213523122,8.552668782
2026-03-03 20:59:50,-4.449697511,2.493149922,8.235978266
2026-03-03 21:00:00,-4.524737443,2.960680439,8.246296552
2026-03-03 21:00:10,-4.502119735,2.383896007,8.650715938
2026-03-03 21:00:20,-3.701551807,3.439945426,8.665147957
2026-03-03 21:00:30,-3.156649063,3.920910913,8.556178947
2026-03-03 21:00:40,-3.224297742,3.656931098,8.437275104
2026-03-03 21:00:50,-3.087172503,3.668538873,8.503953131
2026-03-03 21:01:00,-3.899947151,4.255742389,7.771803814
2026-03-03 21:01:10,-3.505365707,3.635711386,8.219878122
2026-03-03 21:01:20,-3.284831340,4.054041922,8.242971707
2026-03-03 21:01:30,-4.113212623,3.474212287,8.222447763
2026-03-03 21:01:40,-3.806540826,3.349955818,8.217549630
2026-03-03 21:01:50,-4.670120538,3.290227186,7.738337006
2026-03-03 21:02:00,-5.418541370,2.888120213,7.538672534
2026-03-03 21:02:10,-6.501259972,2.427382351,6.998061107
2026-03-03 21:02:20,-6.741792644,1.646156423,6.657121563
2026-03-03 21:02:30,-7.167656623,1.646044915,6.674693945
2026-03-03 21:02:40,-7.658718339,2.126290809,5.910699788
2026-03-03 21:02:50,-7.510128126,2.824784368,5.725254246
2026-03-03 21:03:00,-7.071193112,3.022394450,5.651604794
2026-03-03 21:03:10,-6.840903623,3.396508678,5.808420623
2026-03-03 21:03:20,-6.591031620,3.474778857,6.153269052
2026-03-03 21:03:30,-6.733573390,3.253580157,6.387811093
2026-03-03 21:03:40,-6.338334833,3.377436465,6.856782831
2026-03-03 21:03:50,-6.991262576,3.164217209,6.188619743
2026-03-03 21:04:00,-7.352589168,2.822175550,6.070477004
2026-03-03 21:04:10,-7.525019420,2.201403268,6.103816119
2026-03-03 21:04:20,-7.541568111,2.875827873,5.367207730
2026-03-03 21:04:30,-6.939691826,3.167064730,6.147497065
2026-03-03 21:04:40,-6.980848490,2.933706446,6.126286590
2026-03-03 21:04:50,-7.108266496,3.496663963,5.896087215
2026-03-03 21:05:00,-6.668914264,3.089273110,6.704879673
2026-03-03 21:05:10,-6.566320117,2.818840601,6.533843402
2026-03-03 21:05:20,-6.558863105,2.455420499,6.469512296
2026-03-03 21:05:30,-6.855581263,2.199331131,6.820257909
2026-03-03 21:05:40,-6.251969978,1.642503721,7.487977052
2026-03-03 21:05:50,-6.512958540,1.622754923,7.118032906
2026-03-03 21:06:00,-6.624665684,0.870692877,7.122369119
2026-03-03 21:06:10,-6.366124802,0.997549615,7.467503479
2026-03-03 21:06:20,-6.631656131,1.552301177,6.990402362
2026-03-03 21:06:30,-6.893447159,1.887187849,6.625663603
2026-03-03 21:06:40,-6.696475074,1.667952822,7.000848789
2026-03-03 21:06:50,-7.272678870,1.509230591,6.232518729
2026-03-03 21:07:00,-7.677048680,2.243284844,5.711057687
2026-03-03 21:07:10,-7.660640250,1.920918279,6.124670114
2026-03-03 21:07:20,-7.772258356,1.774763421,5.518128122
2026-03-03 21:07:30,-8.029631925,0.645887051,5.460358308
2026-03-03 21:07:40,-8.280779445,1.513719512,5.111453395
2026-03-03 21:07:50,-8.080743160,2.286624457,5.452978662
2026-03-03 21:08:00,-7.675710095,2.046615343,5.247873107
2026-03-03 21:08:10,-8.482162167,1.410175176,4.862709939
2026-03-03 21:08:20,-8.742868592,1.050791963,4.573781902
2026-03-03 21:08:30,-8.519813809,1.115615907,4.918498194
2026-03-03 21:08:40,-7.781248810,2.499048908,5.842214545
2026-03-03 21:08:50,-7.362799031,2.271661496,6.267714673
2026-03-03 21:09:00,-7.046768655,2.193219672,6.841290201
2026-03-03 21:09:10,-7.472078719,2.011766550,6.038890611
2026-03-03 21:09:20,-6.960240292,2.091538947,6.686091842
2026-03-03 21:09:30,-6.570443892,2.332245371,6.676861258
2026-03-03 21:09:40,-6.903947531,1.846095842,6.640841302
2026-03-03 21:09:50,-6.044989058,1.185485366,7.716800090
2026-03-03 21:10:00,-5.916747730,1.875776459,7.271207209
2026-03-03 21:10:10,-5.994571760,2.229532958,7.284724222
2026-03-03 21:10:20,-6.162233078,2.273301071,7.584023828
2026-03-03 21:10:30,-6.483703963,2.301489043,7.271651376
2026-03-03 21:10:40,-6.727154173,1.539430683,7.118005034
2026-03-03 21:10:50,-7.095166333,0.810565593,7.151259967
2026-03-03 21:11:00,-6.046725339,-0.340844720,7.966456680
2026-03-03 21:11:10,-6.685830600,-0.399143470,7.333762664
2026-03-03 21:11:20,-6.738199168,-1.035854055,7.280070140
2026-03-03 21:11:30,-6.139590225,-1.966891844,7.394060869
2026-03-03 21:11:40,-6.376330420,-2.756277180,7.088693242
2026-03-03 21:11:50,-4.921758240,-3.438769511,7.683787781
2026-03-03 21:12:00,-5.881556481,-3.119976995,7.346073301
2026-03-03 21:12:10,-5.990176659,-3.887387816,6.728567468
2026-03-03 21:12:20,-5.264808647,-5.141514736,6.959731875
2026-03-03 21:12:30,-4.939680212,-5.179529672,6.881965904
2026-03-03 21:12:40,-5.166943521,-3.995700562,7.230319503
2026-03-03 21:12:50,-5.033530249,-4.666414966,6.957319959
2026-03-03 21:13:00,-5.275784848,-4.419267752,7.289990835
2026-03-03 21:13:10,-3.829205351,-3.271952357,8.433032914
2026-03-03 21:13:20,-4.058710961,-4.024020540,8.271097883
2026-03-03 21:13:30,-3.287290054,-3.379105860,8.556183156
2026-03-03 21:13:40,-2.728195630,-3.180740419,8.966462051
2026-03-03 21:13:50,-2.385224949,-3.203187016,9.021949865
2026-03-03 21:14:00,-2.305211203,-2.233028266,9.386856584
2026-03-03 21:14:10,-2.190134870,-3.115571296,8.940492343
2026-03-03 21:14:20,-1.802467113,-3.191665505,9.354611911
2026-03-03 21:14:30,-1.736981528,-2.346200143,9.506330794
2026-03-03 21:14:40,-2.015624594,-3.026617064,9.183195166
2026-03-03 21:14:50,-2.268490746,-2.707675071,9.273532891
2026-03-03 21:15:00,-1.671452243,-2.223655169,9.462493714
2026-03-03 21:15:10,-1.080336410,-3.722175481,9.047172634
2026-03-03 21:15:20,-1.566228321,-3.954772839,8.800642001
2026-03-03 21:15:30,-1.889972688,-3.940709562,8.957395009
2026-03-03 21:15:40,-2.726036835,-4.310517410,8.334857873
2026-03-03 21:15:50,-1.979657529,-4.177150888,8.442498138
2026-03-03 21:16:00,-2.303590993,-4.404433272,8.720996727
2026-03-03 21:16:10,-2.810186426,-3.273464515,8.761246410
2026-03-03 21:16:20,-2.900372556,-3.289790803,9.029171865
2026-03-03 21:16:30,-1.887507701,-2.973530186,9.565879029
2026-03-03 21:16:40,-2.204716925,-1.865834646,9.412563308
2026-03-03 21:16:50,-2.671854879,-1.638820248,9.574493190
2026-03-03 21:17:00,-2.927317034,-0.025627445,9.351036604
2026-03-03 21:17:10,-2.787513649,0.526164672,9.338409597
2026-03-03 21:17:20,-3.244801815,0.483189737,9.182261078
2026-03-03 21:17:30,-3.447494344,0.645563656,9.442042999
2026-03-03 21:17:40,-2.999973814,1.329969647,8.927420582
2026-03-03 21:17:50,-3.882352868,1.299375688,9.099937651
2026-03-03 21:18:00,-3.250645898,0.955028028,9.139992962
2026-03-03 21:18:10,-3.479107832,1.244430097,9.047947524
2026-03-03 21:18:20,-3.834797242,0.682551773,9.267072035
2026-03-03 21:18:30,-4.059352238,0.561362264,8.419745631
2026-03-03 21:18:40,-3.433467629,1.372496121,9.157938558
2026-03-03 21:18:50,-3.739520582,0.699776888,8.993953376
2026-03-03 21:19:00,-3.828058541,0.267288043,9.271613533
2026-03-03 21:19:10,-3.641798469,1.169123545,8.790962800
2026-03-03 21:19:20,-3.506255038,1.466878393,8.882110531
2026-03-03 21:19:30,-2.785431784,1.236969400,9.511941709
2026-03-03 21:19:40,-2.957604431,0.681971028,9.133840343
2026-03-03 21:19:50,-2.818944868,0.635949493,9.318039634
2026-03-03 21:20:00,-2.089453840,0.888888991,9.242305522
2026-03-03 21:20:10,-1.089859772,0.730445702,9.643000021
2026-03-03 21:20:20,-2.718699582,0.267753462,9.457823845
2026-03-03 21:20:30,-3.209337392,-0.561387556,9.193842833
2026-03-03 21:20:40,-4.432661040,1.071904059,8.767644762
2026-03-03 21:20:50,-3.872819624,1.616840067,9.373954677
2026-03-03 21:21:00,-4.772043888,0.040481415,8.765331843
2026-03-03 21:21:10,-5.437999979,0.077927631,7.997295274
2026-03-03 21:21:20,-4.650267481,-0.102406991,8.645271574
2026-03-03 21:21:30,-5.646744653,-0.664017219,8.198952631
2026-03-03 21:21:40,-5.184724177,-0.717913591,7.961636887
2026-03-03 21:21:50,-5.414761007,-0.644510299,7.815559447
2026-03-03 21:22:00,-5.734111116,-0.375698103,7.929596492
2026-03-03 21:22:10,-5.635190201,1.196053029,8.061920928
2026-03-03 21:22:20,-5.721347817,0.431611445,7.791077020
2026-03-03 21:22:30,-5.966118446,-0.934888017,7.792603043
2026-03-03 21:22:40,-6.153365264,-1.517123273,7.738814042
2026-03-03 21:22:50,-6.408467467,-2.432990957,7.062624575
2026-03-03 21:23:00,-6.042950252,-3.507487521,7.201115692
2026-03-03 21:23:10,-4.696862152,-4.226097672,7.771942767
2026-03-03 21:23:20,-4.710411628,-4.322614409,7.398985074
2026-03-03 21:23:30,-5.063493208,-5.497419265,6.537621389
2026-03-03 21:23:40,-4.217169374,-4.274962487,7.625440791
2026-03-03 21:23:50,-2.246330045,-4.221467730,8.502579722
2026-03-03 21:24:00,-0.927624617,-4.455050873,8.822518726
2026-03-03 21:24:10,-0.639789825,-4.400356699,8.595877638
2026-03-03 21:24:20,-0.293063458,-4.534196278,8.839715472
2026-03-03 21:24:30,-0.409794305,-4.651566893,8.530898229
2026-03-03 21:24:40,-2.153912129,-4.804546824,8.232968119
2026-03-03 21:24:50,-1.207360418,-5.066434872,8.255620009
2026-03-03 21:25:00,-0.486956971,-5.104248233,8.535901016
2026-03-03 21:25:10,-0.698999340,-4.494429250,9.044883472
2026-03-03 21:25:20,0.719244765,-3.180200955,9.161420420
2026-03-03 21:25:30,0.020209852,-2.981395439,9.212981203
2026-03-03 21:25:40,-0.243034506,-2.642847608,8.844075302
2026-03-03 21:25:50,-0.654857021,-3.895806655,9.019569483
2026-03-03 21:26:00,0.077063929,-3.814443965,9.081817163
2026-03-03 21:26:10,0.225517072,-3.351381565,9.312769907
2026-03-03 21:26:20,0.439572139,-3.147872100,9.437565985
2026-03-03 21:26:30,0.398883447,-2.797201734,9.630433906
2026-03-03 21:26:40,-0.608272884,-2.584065883,9.407717376
2026-03-03 21:26:50,0.829004795,-2.489580656,9.651591661
2026-03-03 21:27:00,0.181729406,-2.041990504,9.833967175
2026-03-03 21:27:10,-0.098174294,-0.973404148,9.667143013
2026-03-03 21:27:20,0.210793421,-0.897950276,9.810040866
2026-03-03 21:27:30,-0.136998318,-0.967402302,9.872456491
2026-03-03 21:27:40,0.729438992,-0.472249754,9.892073981
2026-03-03 21:27:50,-0.188577534,-0.392954632,9.898203749
2026-03-03 21:28:00,-2.681509579,-0.343579410,9.618190965
2026-03-03 21:28:10,-1.694850379,-2.027430457,9.283422411
2026-03-03 21:28:20,-0.790945290,-2.476629167,9.362043687
2026-03-03 21:28:30,0.644200720,-4.577465179,8.488121429
2026-03-03 21:28:40,-0.444527084,-4.367722434,8.783957183
2026-03-03 21:28:50,1.114025767,-3.058751363,9.061803226
2026-03-03 21:29:00,2.156843127,-1.614172026,9.154582781
2026-03-03 21:29:10,2.725568429,1.110089004,9.533269701
2026-03-03 21:29:20,3.862424673,2.987130477,8.314127381
2026-03-03 21:29:30,5.303422778,3.234317049,7.802091047
2026-03-03 21:29:40,5.168892927,4.475521415,6.886994891
2026-03-03 21:29:50,5.463224868,3.634086149,7.387190057
2026-03-03 21:30:00,7.862236790,2.499175073,5.739266325
2026-03-03 21:30:10,9.449529538,1.084289673,2.960990048
2026-03-03 21:30:20,7.865761080,3.535315261,3.270635045
2026-03-03 21:30:30,8.255734500,2.639589836,4.711933072
2026-03-03 21:30:40,9.097292739,-0.115875415,3.696691799
2026-03-03 21:30:50,9.250423871,-1.865448998,2.559362254
2026-03-03 21:31:00,9.326872067,-1.866504816,1.867201385
2026-03-03 21:31:10,8.950097121,-2.115538747,2.634977894
2026-03-03 21:31:20,9.512320920,-2.825467874,0.762995511
2026-03-03 21:31:30,9.065399257,-3.574108446,1.121263193
2026-03-03 21:31:40,8.766908435,-4.666683487,0.734814208
2026-03-03 21:31:50,8.497427426,-5.053609413,-0.009463212
2026-03-03 21:32:00,9.138038217,-2.979680178,0.369344331
2026-03-03 21:32:10,9.534053375,-2.779214465,0.572127583
2026-03-03 21:32:20,9.675561312,-3.004631936,-0.484990632
2026-03-03 21:32:30,9.370484608,-2.441522366,-1.182901354
2026-03-03 21:32:40,8.536568439,-4.574428709,-1.277543080
2026-03-03 21:32:50,7.941461702,-5.033845761,-2.555119558
2026-03-03 21:33:00,6.980895170,-6.468765224,-2.419817792
2026-03-03 21:33:10,4.829105941,-7.220332682,-4.616300042
2026-03-03 21:33:20,5.112884983,-7.328258025,-3.756808452
2026-03-03 21:33:30,5.835121233,-5.096333126,-5.860226383
2026-03-03 21:33:40,6.211460482,-5.595849427,-4.830223603
2026-03-03 21:33:50,5.676907189,-5.518069939,-5.892367548
2026-03-03 21:34:00,6.349170907,-4.468735022,-6.174903011
2026-03-03 21:34:10,5.382037269,-4.413956888,-7.015794954
2026-03-03 21:34:20,3.752659517,-5.308136108,-7.759814105
2026-03-03 21:34:30,4.230036164,-5.373275364,-7.105141234
2026-03-03 21:34:40,4.629492038,-5.959594141,-6.661011257
2026-03-03 21:34:50,4.828252880,-4.831991007,-7.395685028
2026-03-03 21:35:00,5.200904685,-5.016010792,-6.504613771
2026-03-03 21:35:10,6.490153447,-3.418238224,-6.714322165
2026-03-03 21:35:20,4.911456556,-3.558898907,-7.775755528
2026-03-03 21:35:30,5.579503410,-4.616780876,-6.460939352
2026-03-03 21:35:40,4.778900686,-6.280090056,-5.630997798
2026-03-03 21:35:50,3.553797876,-6.796025463,-5.974667648
2026-03-03 21:36:00,2.797067846,-7.861557090,-5.460469812
2026-03-03 21:36:10,4.508817907,-7.118857630,-4.450331910
2026-03-03 21:36:20,5.789952879,-5.796680664,-4.982873473
2026-03-03 21:36:30,4.767893011,-6.901430603,-4.687174704
2026-03-03 21:36:40,6.714142323,-4.680282028,-5.558844700
2026-03-03 21:36:50,7.070908641,-4.799048575,-4.563733324
2026-03-03 21:37:00,7.958330294,-4.450902036,-3.650311752
2026-03-03 21:37:10,7.487668645,-3.262773174,-5.013168624
2026-03-03 21:37:20,9.145668806,-2.764214832,-2.646286070
2026-03-03 21:37:30,8.783645751,-3.418749923,-2.666899932
2026-03-03 21:37:40,6.332634088,-5.805894872,-3.868065409
2026-03-03 21:37:50,7.486223597,-5.639066563,-3.262670971
2026-03-03 21:38:00,6.654559354,-5.976053955,-3.750650996
2026-03-03 21:38:10,5.345971281,-8.046559986,-2.405581464
2026-03-03 21:38:20,5.403018242,-7.652336779,-1.541121366
2026-03-03 21:38:30,6.341256906,-7.180575830,-1.831030704
2026-03-03 21:38:40,5.537637846,-8.109385692,-2.205216647
2026-03-03 21:38:50,6.414234328,-6.646142514,-3.332201652
2026-03-03 21:39:00,5.777964116,-6.118851793,-5.376546688
2026-03-03 21:39:10,5.102656850,-6.804150144,-5.048245498
2026-03-03 21:39:20,5.225346577,-7.679084834,-3.603311172
2026-03-03 21:39:30,6.085986156,-6.368696425,-4.078813078
2026-03-03 21:39:40,4.826149995,-6.280650163,-5.913844389
2026-03-03 21:39:50,6.666973516,-5.734012666,-4.373726772
2026-03-03 21:40:00,7.560854700,-3.908296026,-4.670749626
2026-03-03 21:40:10,8.908052878,-2.116117150,-3.360770091
2026-03-03 21:40:20,8.557906825,-1.230739815,-4.636519389
2026-03-03 21:40:30,7.874235269,-4.189903495,-4.590232702
2026-03-03 21:40:40,8.720328192,-1.782056165,-3.606293923
2026-03-03 21:40:50,7.211274512,-4.042824432,-5.479078391
2026-03-03 21:41:00,7.840162649,-3.925707809,-4.229777991
2026-03-03 21:41:10,7.824117390,-4.540995227,-3.429440928
2026-03-03 21:41:20,7.831501200,-5.350409884,-1.732529507
2026-03-03 21:41:30,8.798155311,-4.022875822,-1.807815756
2026-03-03 21:41:40,9.083560425,-3.177830589,-2.273266933
2026-03-03 21:41:50,8.814531122,-3.665561260,-1.910169976
2026-03-03 21:42:00,9.199548994,-3.074413539,-2.471000324
2026-03-03 21:42:10,9.122352728,-2.803062145,-2.009750179
2026-03-03 21:42:20,9.081637158,-2.382332690,-2.901624517
2026-03-03 21:42:30,7.795718990,-2.271187038,-5.324860611
2026-03-03 21:42:40,7.372287593,-3.848804491,-4.970903117
2026-03-03 21:42:50,7.704880120,-4.274734419,-3.840770749
2026-03-03 21:43:00,8.365683371,-4.077451850,-3.328108235
2026-03-03 21:43:10,7.641070707,-4.781649907,-3.290386745
2026-03-03 21:43:20,7.989606931,-4.250414144,-3.112513872
2026-03-03 21:43:30,8.412432088,-4.335986875,-2.344784934
2026-03-03 21:43:40,8.664415958,-4.217410672,-2.030666447
2026-03-03 21:43:50,8.994039241,-3.480581134,-2.183745999
2026-03-03 21:44:00,9.027996122,-3.193754514,-2.525759280
2026-03-03 21:44:10,9.222203031,-3.351189629,-1.831473320
2026-03-03 21:44:20,9.000585531,-3.608329698,-1.316597471
2026-03-03 21:44:30,8.960353506,-2.846962511,-1.479496882
2026-03-03 21:44:40,9.270190535,-2.777206695,-1.898035397
2026-03-03 21:44:50,9.243960527,-2.055341060,-2.338394421
2026-03-03 21:45:00,9.505808843,-1.651963918,-1.908220563
2026-03-03 21:45:10,9.955860265,-0.733894918,-0.330894866
2026-03-03 21:45:20,9.561552865,-0.787247668,-0.681846147
2026-03-03 21:45:30,9.760947803,-0.331290828,-1.162890140
2026-03-03 21:45:40,9.715268942,-0.615717337,-1.517935021
2026-03-03 21:45:50,9.689678390,0.130712441,-1.814756692
2026-03-03 21:46:00,9.824030410,-0.375999356,-0.781239666
2026-03-03 21:46:10,9.639498168,-0.676782334,-1.234064357
2026-03-03 21:46:20,9.862310258,-0.599823019,-1.285247752
2026-03-03 21:46:30,9.644566102,-1.378138851,-1.005386509
2026-03-03 21:46:40,9.479446143,-1.644572300,-1.286909806
2026-03-03 21:46:50,9.642898300,-1.256512863,-0.883924914
2026-03-03 21:47:00,9.238624117,-0.742872450,-2.333418851
2026-03-03 21:47:10,9.417765363,-2.115085571,-0.930530259
2026-03-03 21:47:20,9.172610301,-2.244537139,-2.175768189
2026-03-03 21:47:30,9.243138645,-2.592657296,-2.326889089
2026-03-03 21:47:40,9.251882118,-2.701033516,-2.387800236
2026-03-03 21:47:50,8.821215265,-2.681441187,-2.680293504
2026-03-03 21:48:00,8.970208808,-2.908195975,-2.322765749
2026-03-03 21:48:10,8.972862980,-3.716875453,-2.225993780
2026-03-03 21:48:20,8.428536480,-4.068344607,-2.496094572
2026-03-03 21:48:30,8.452450162,-4.174567887,-2.811017874
2026-03-03 21:48:40,8.271306924,-3.904354815,-3.484127499
2026-03-03 21:48:50,8.445950064,-3.574004058,-3.889044520
2026-03-03 21:49:00,8.662013224,-3.208212261,-3.661362505
2026-03-03 21:49:10,8.424423055,-1.675910698,-4.813763654
2026-03-03 21:49:20,8.738666432,-0.541588488,-4.852269686
2026-03-03 21:49:30,8.705679924,-0.366937990,-4.610085247
2026-03-03 21:49:40,9.075565177,0.556865239,-3.891992489
2026-03-03 21:49:50,8.822108928,0.409014278,-4.229070919
2026-03-03 21:50:00,8.587156514,2.606903807,-3.711922816
2026-03-03 21:50:10,8.403770954,2.342624008,-4.255746659
2026-03-03 21:50:20,8.283394564,3.155360173,-3.809719366
2026-03-03 21:50:30,8.004426323,3.295667106,-4.277409791
2026-03-03 21:50:40,8.999376548,2.965253813,-3.415506748
2026-03-03 21:50:50,8.950860465,2.837841181,-2.553888870
2026-03-03 21:51:00,8.802211012,3.766753064,-2.427128641
2026-03-03 21:51:10,8.824433592,4.846694488,-1.626219280
2026-03-03 21:51:20,8.037573303,5.808945126,-0.594086499
2026-03-03 21:51:30,8.471623018,4.601291015,-0.472007652
2026-03-03 21:51:40,8.384563016,4.788118181,0.147990759
2026-03-03 21:51:50,8.606713934,4.892999202,0.020861079
2026-03-03 21:52:00,8.780506686,4.609445165,0.400131030
2026-03-03 21:52:10,8.706332711,4.432361339,1.022220864
2026-03-03 21:52:20,8.630543685,5.075453920,1.115987310
2026-03-03 21:52:30,8.090878738,5.652923825,0.951228592
2026-03-03 21:52:40,8.069137142,5.520074618,0.804734765
2026-03-03 21:52:50,7.938593476,5.288806044,1.982870303
2026-03-03 21:53:00,8.175219357,5.415438237,1.676223979
2026-03-03 21:53:10,8.087350745,4.913495727,2.284882091
2026-03-03 21:53:20,8.406944371,4.312723155,2.483541903
2026-03-03 21:53:30,8.633404195,3.878738006,2.040768505
2026-03-03 21:53:40,8.818358444,3.172759626,2.869830194
2026-03-03 21:53:50,8.550763418,3.663423177,2.726790902
2026-03-03 21:54:00,8.282069764,4.120677602,2.993122508
2026-03-03 21:54:10,7.749811911,4.866676727,3.203352548
2026-03-03 21:54:20,8.017087824,4.600844482,3.956494247
2026-03-03 21:54:30,8.247999441,3.702052788,3.684413773
2026-03-03 21:54:40,8.261996727,3.918574685,3.751284161
2026-03-03 21:54:50,8.097016456,4.120002411,3.484255689
2026-03-03 21:55:00,8.613751707,4.520572960,2.550488896
2026-03-03 21:55:10,8.363520953,4.006148933,3.074314586
2026-03-03 21:55:20,8.335649279,3.240846966,3.551436942
2026-03-03 21:55:30,8.624841304,4.411035509,1.264632561
2026-03-03 21:55:40,8.520611906,3.926499015,2.111474834
2026-03-03 21:55:50,8.574504342,4.894079631,1.366942602
2026-03-03 21:56:00,7.951541394,5.079387291,2.116955798
2026-03-03 21:56:10,8.391799040,5.274849111,1.553761803
2026-03-03 21:56:20,7.896178213,5.294376573,2.211827976
2026-03-03 21:56:30,7.788995220,5.922201827,2.382718239
2026-03-03 21:56:40,7.373368796,5.938976688,2.398662646
2026-03-03 21:56:50,7.393512324,6.404032444,1.741052068
2026-03-03 21:57:00,6.817743182,6.757264816,1.911063401
2026-03-03 21:57:10,6.167880569,6.758270507,3.087775148
2026-03-03 21:57:20,6.012645512,7.346636929,3.344538292
2026-03-03 21:57:30,5.128183018,6.960582147,4.019162697
2026-03-03 21:57:40,4.931486319,7.782803164,3.106766170
2026-03-03 21:57:50,5.052681749,7.587534161,3.194281497
2026-03-03 21:58:00,3.787153149,8.003943283,3.757114873
2026-03-03 21:58:10,3.642115719,8.436516892,3.443575128
2026-03-03 21:58:20,3.592681161,8.463495348,3.317454573
2026-03-03 21:58:30,3.932142033,8.615661592,2.422053215
2026-03-03 21:58:40,3.504423017,8.620547120,2.495543843
2026-03-03 21:58:50,2.665777027,9.177551548,2.550828920
2026-03-03 21:59:00,3.543806069,8.592211618,2.825626359
2026-03-03 21:59:10,4.136494895,8.435807823,2.955167475
2026-03-03 21:59:20,3.569726685,8.807183453,3.356597190
2026-03-03 21:59:30,3.281176764,8.731344472,3.336214836
2026-03-03 21:59:40,4.042253988,8.701835706,3.367045364
2026-03-03 21:59:50,4.286059520,8.421779170,3.048568306
2026-03-03 22:00:00,4.284805460,8.512348418,3.333747250
2026-03-03 22:00:10,4.412043220,8.116930150,3.783652537
2026-03-03 22:00:20,4.378847090,8.108134791,3.457638336
2026-03-03 22:00:30,4.708142254,8.012108112,3.032964609
2026-03-03 22:00:40,4.998770478,8.074697412,3.174545358
2026-03-03 22:00:50,4.519757223,8.411763874,3.006970550
2026-03-03 22:01:00,4.103884096,8.490081425,2.853995432
2026-03-03 22:01:10,4.017303419,8.649636282,2.703646834
2026-03-03 22:01:20,4.221554027,8.730574937,2.731688543
2026-03-03 22:01:30,3.569130579,8.016298959,3.375485679
2026-03-03 22:01:40,3.750008399,8.396392422,3.140306384
2026-03-03 22:01:50,3.985629976,8.629045751,3.110978461
2026-03-03 22:02:00,4.645673595,8.410311272,2.907717998
2026-03-03 22:02:10,4.829906718,8.254318179,2.692726018
2026-03-03 22:02:20,4.740115139,7.924603288,2.983589854
2026-03-03 22:02:30,5.279059079,7.740816411,3.088807989
2026-03-03 22:02:40,4.818992728,7.656467739,3.282454683
2026-03-03 22:02:50,5.078804421,7.482095692,2.900921810
2026-03-03 22:03:00,4.934401343,8.101918859,2.537565117
2026-03-03 22:03:10,5.152896486,7.961732700,2.904037863
2026-03-03 22:03:20,5.194290401,8.050723183,2.770211169
2026-03-03 22:03:30,5.131693177,8.046237255,2.369143465
2026-03-03 22:03:40,5.314488257,7.885545454,2.358007293
2026-03-03 22:03:50,5.493069363,7.567062015,3.132076805
2026-03-03 22:04:00,5.536676161,7.587837589,2.759092025
2026-03-03 22:04:10,5.990700226,7.501528998,2.446766754
2026-03-03 22:04:20,5.713856150,7.537893967,2.334472790
2026-03-03 22:04:30,5.225960514,7.883786817,2.588604864
2026-03-03 22:04:40,5.690668374,7.489154913,2.183967165
2026-03-03 22:04:50,5.866242841,7.376339294,2.345064076
2026-03-03 22:05:00,5.950596645,7.519063638,2.324242027
2026-03-03 22:05:10,5.740040421,7.347791270,2.624918769
2026-03-03 22:05:20,5.938741311,7.594629394,3.028204383
2026-03-03 22:05:30,5.227941217,7.975171172,2.480686591
2026-03-03 22:05:40,5.747950576,7.418241295,2.369533970
2026-03-03 22:05:50,5.579046206,7.777934215,2.542561692
2026-03-03 22:06:00,5.475802435,8.068722453,1.632395431
2026-03-03 22:06:10,5.585730477,7.711195074,1.812687563
2026-03-03 22:06:20,5.649672922,7.868384413,2.101245533
2026-03-03 22:06:30,5.461855972,7.894545004,2.306272099
2026-03-03 22:06:40,5.555740306,7.876661350,2.379513680
2026-03-03 22:06:50,5.734123937,7.406563252,2.692263493
2026-03-03 22:07:00,5.051680794,7.771678121,3.209497957
2026-03-03 22:07:10,5.113252179,7.636101732,3.214280777
2026-03-03 22:07:20,5.367363320,7.505741737,3.328293439
2026-03-03 22:07:30,4.951969132,7.453852035,3.146361066
2026-03-03 22:07:40,5.333984036,7.731011631,3.116588899
2026-03-03 22:07:50,5.357027572,7.460350933,3.755386898
2026-03-03 22:08:00,5.367375293,7.541788412,3.915583000
2026-03-03 22:08:10,5.893276435,6.807507202,3.661388307
2026-03-03 22:08:20,5.798153389,7.126609520,3.719958222
2026-03-03 22:08:30,5.708545457,6.955697160,3.618755348
2026-03-03 22:08:40,5.865862496,6.841322308,4.151746429
2026-03-03 22:08:50,5.855758741,6.743275966,3.897678118
2026-03-03 22:09:00,5.832803801,6.586119328,4.399400733
2026-03-03 22:09:10,5.757973079,6.861864850,3.955842445
2026-03-03 22:09:20,5.992528998,6.537963763,4.128387029
2026-03-03 22:09:30,6.096730524,6.135882853,4.326911938
2026-03-03 22:09:40,5.544496449,6.486373652,4.678983391
2026-03-03 22:09:50,5.878630400,6.618644989,4.419810482
2026-03-03 22:10:00,5.691585035,6.506507808,4.698972835
2026-03-03 22:10:10,5.574646277,6.351854266,4.922719587
2026-03-03 22:10:20,5.384836074,6.100639401,5.274638072
2026-03-03 22:10:30,5.346781991,6.050266034,5.453400207
2026-03-03 22:10:40,5.230803728,6.229066512,5.376167887
2026-03-03 22:10:50,4.975211302,6.353705808,5.590644513
2026-03-03 22:11:00,5.262920011,6.451159101,5.321725957
2026-03-03 22:11:10,4.842739932,6.401815835,4.993240553
2026-03-03 22:11:20,5.174922464,6.340160680,5.443427896
2026-03-03 22:11:30,5.884859498,5.951433255,5.603185228
2026-03-03 22:11:40,5.932189978,5.881797629,5.243153303
2026-03-03 22:11:50,5.853438172,5.547213353,5.197997533
2026-03-03 22:12:00,5.669169393,5.536896932,5.123569625
2026-03-03 22:12:10,5.386794859,5.526929918,5.981894815
2026-03-03 22:12:20,4.988682976,5.945987084,6.123479759
2026-03-03 22:12:30,4.825399461,5.920018399,6.038724967
2026-03-03 22:12:40,4.834963294,5.618030532,6.386103592
2026-03-03 22:12:50,4.463938833,5.511532293,6.629279475
2026-03-03 22:13:00,4.829399254,5.832531886,6.427640203
2026-03-03 22:13:10,5.143273746,5.729759200,6.221806628
2026-03-03 22:13:20,4.762248678,5.252374542,6.549555344
2026-03-03 22:13:30,4.916618391,5.578770445,6.347766775
2026-03-03 22:13:40,4.898397950,5.436282062,6.278921928
2026-03-03 22:13:50,5.005031627,5.020085480,6.946662495
2026-03-03 22:14:00,4.817328620,4.891990908,7.003933125
2026-03-03 22:14:10,4.953245151,5.168380422,6.723936461
2026-03-03 22:14:20,4.524359673,4.762058368,7.072140799
2026-03-03 22:14:30,4.562245544,5.415957005,6.603229856
2026-03-03 22:14:40,4.980445437,5.301049508,6.915486715
2026-03-03 22:14:50,4.693037124,5.488951486,6.372386137
2026-03-03 22:15:00,4.725088758,5.045165836,6.731194700
2026-03-03 22:15:10,4.437974298,5.156802511,6.686359725
2026-03-03 22:15:20,4.373940952,5.611016084,6.846326045
2026-03-03 22:15:30,4.506483883,5.611834506,6.467194472
2026-03-03 22:15:40,4.152352591,5.775089820,6.502920788
2026-03-03 22:15:50,4.175573897,5.728919301,6.619436524
2026-03-03 22:16:00,4.066689203,5.877671889,6.392330419
2026-03-03 22:16:10,4.165858025,6.473385179,6.307860401
2026-03-03 22:16:20,3.546102617,6.587800475,6.145385023
2026-03-03 22:16:30,3.919815177,6.272389873,6.107017058
2026-03-03 22:16:40,3.765737691,6.328623059,6.166476340
2026-03-03 22:16:50,4.282656880,6.196773812,6.333001730
2026-03-03 22:17:00,4.620244838,5.949812446,6.252244647
2026-03-03 22:17:10,4.869551206,6.056287240,6.190578693
2026-03-03 22:17:20,4.556058537,5.680403617,6.099356058
2026-03-03 22:17:30,4.583118051,6.007990650,6.296129021
2026-03-03 22:17:40,4.808057841,6.099580523,5.859298695
2026-03-03 22:17:50,4.810702220,5.436580998,6.402846318
2026-03-03 22:18:00,4.917531889,5.878974453,5.935476546
2026-03-03 22:18:10,5.163287416,5.904006174,6.008673319
2026-03-03 22:18:20,5.019322515,6.024862947,6.068293540
2026-03-03 22:18:30,5.245677263,5.745644694,5.775810893
2026-03-03 22:18:40,5.390950514,6.104336748,5.998514826
2026-03-03 22:18:50,4.724910314,6.081643028,5.929342840
2026-03-03 22:19:00,4.583421825,5.890098778,6.037972493
2026-03-03 22:19:10,4.651168783,6.078939979,6.210925803
2026-03-03 22:19:20,4.294686472,6.161444163,6.071834518
2026-03-03 22:19:30,4.551088902,6.094107239,5.761618614
2026-03-03 22:19:40,4.591780242,6.413345541,6.011762167
2026-03-03 22:19:50,4.193508186,6.455561467,6.373627020
2026-03-03 22:20:00,3.978140239,6.434319041,6.221430314
2026-03-03 22:20:10,3.288116120,6.638225533,6.223697694
2026-03-03 22:20:20,3.054380358,6.828590096,6.325710222
2026-03-03 22:20:30,3.320442412,6.891168400,5.977593152
2026-03-03 22:20:40,2.936009886,7.049521249,6.049774318
2026-03-03 22:20:50,2.836385204,7.276702061,6.460464836
2026-03-03 22:21:00,3.250041214,6.779337382,6.000248579
2026-03-03 22:21:10,3.111734411,7.216388930,6.083830413
2026-03-03 22:21:20,3.378318832,6.643153356,6.281992663
2026-03-03 22:21:30,3.224445705,6.798791399,6.146646298
2026-03-03 22:21:40,2.815204816,6.818387877,6.279907178
2026-03-03 22:21:50,3.542446625,6.328148095,6.678999977
2026-03-03 22:22:00,3.322504827,6.535725480,6.414530658
2026-03-03 22:22:10,3.040919150,6.766819563,6.383861882
2026-03-03 22:22:20,3.130849110,6.735168500,6.543900635
2026-03-03 22:22:30,2.770376776,6.636467647,6.265874189
2026-03-03 22:22:40,2.196589687,6.475868002,6.913866272
2026-03-03 22:22:50,2.528633325,6.687173970,6.543538218
2026-03-03 22:23:00,2.229528414,7.105123869,6.542715663
2026-03-03 22:23:10,2.622055792,6.696714504,6.513155374
2026-03-03 22:23:20,2.684920172,6.610787256,6.704210879
2026-03-03 22:23:30,2.692493845,6.474630667,6.956325795
2026-03-03 22:23:40,2.353218440,6.441140913,7.035245207
2026-03-03 22:23:50,2.096293787,6.466283777,7.166251739
2026-03-03 22:24:00,1.955834009,6.168029324,7.141075572
2026-03-03 22:24:10,2.622542487,6.535138991,7.269078537
2026-03-03 22:24:20,2.201009156,6.651069506,6.698383048
2026-03-03 22:24:30,2.522919455,6.454456180,7.048015011
2026-03-03 22:24:40,2.399761169,6.517180354,6.768863557
2026-03-03 22:24:50,3.231556651,6.065247187,6.597172661
2026-03-03 22:25:00,2.512864201,6.887265109,7.058898230
2026-03-03 22:25:10,2.754682114,6.348115554,6.808496204
2026-03-03 22:25:20,2.713468461,6.414477388,6.684833915
2026-03-03 22:25:30,2.564793940,6.718109050,6.801065487
2026-03-03 22:25:40,2.191983102,6.852120759,6.831409743
2026-03-03 22:25:50,2.171011294,6.486908192,6.799880856
2026-03-03 22:26:00,2.074221852,6.738578661,6.783222845
2026-03-03 22:26:10,2.211590400,6.695889431,6.898785063
2026-03-03 22:26:20,2.296030695,6.803696092,6.870936335
2026-03-03 22:26:30,2.257684948,6.777712322,6.568021686
2026-03-03 22:26:40,2.109742868,6.712649679,7.121646626
2026-03-03 22:26:50,2.480038798,6.441048007,6.955557645
2026-03-03 22:27:00,2.286243508,6.760709929,6.819109644
2026-03-03 22:27:10,2.474038273,6.671221397,6.767866687
2026-03-03 22:27:20,2.600155281,6.314411557,6.936759999
2026-03-03 22:27:30,2.986409479,6.390119334,7.077820269
2026-03-03 22:27:40,3.055273022,6.391625712,7.040940252
2026-03-03 22:27:50,3.150908342,6.184129894,7.220180875
2026-03-03 22:28:00,2.856306655,6.284600800,6.857876684
2026-03-03 22:28:10,2.940231894,6.144333684,7.062255568
2026-03-03 22:28:20,3.236250500,6.649000006,6.340500210
2026-03-03 22:28:30,3.448395942,6.751691296,6.340131780
2026-03-03 22:28:40,3.103501240,6.449839799,6.533452458
2026-03-03 22:28:50,3.262664374,6.547673705,6.443619903
2026-03-03 22:29:00,3.535091941,6.596528306,6.071777805
2026-03-03 22:29:10,3.275256533,6.625509473,6.320334374
2026-03-03 22:29:20,2.976647515,6.533477124,6.533203622
2026-03-03 22:29:30,2.784976989,6.942077422,6.156418935
2026-03-03 22:29:40,2.713675049,6.578522063,6.671440584
2026-03-03 22:29:50,2.869188260,6.785015818,6.412176813
2026-03-03 22:30:00,2.758022174,6.719137586,6.385075322
2026-03-03 22:30:10,2.672314582,6.815095936,6.812231882
2026-03-03 22:30:20,2.927283073,6.953264525,6.279209966
2026-03-03 22:30:30,3.177084808,6.564516398,6.262476402
2026-03-03 22:30:40,3.007428520,6.582075619,6.204233282
2026-03-03 22:30:50,3.274853366,7.033116488,6.262029341
2026-03-03 22:31:00,3.141259561,7.225600308,6.083342911
2026-03-03 22:31:10,2.670500871,7.449660296,5.917844075
2026-03-03 22:31:20,2.524159648,7.545858866,5.830288101
2026-03-03 22:31:30,2.349755811,7.583385006,5.852576522
2026-03-03 22:31:40,2.531218631,7.625281557,5.970443073
2026-03-03 22:31:50,2.101826068,7.596880803,5.974565159
2026-03-03 22:32:00,2.188885873,7.619581947,5.780790171
2026-03-03 22:32:10,2.543699061,7.694736382,5.517111439
2026-03-03 22:32:20,2.482547955,7.470472459,5.836326572
2026-03-03 22:32:30,2.127732501,7.402902210,5.463766229
2026-03-03 22:32:40,1.938205556,7.449164323,5.534650150
2026-03-03 22:32:50,2.204041039,7.650331466,5.721157775
2026-03-03 22:33:00,2.223603043,7.569277509,5.938640293
2026-03-03 22:33:10,2.309639390,6.975459664,6.206525045
2026-03-03 22:33:20,2.157731806,7.414452801,5.548724520
2026-03-03 22:33:30,2.376261744,7.807348798,6.044899743
2026-03-03 22:33:40,2.480202335,7.348635767,6.188984549
2026-03-03 22:33:50,2.175756338,7.407500598,6.174985354
2026-03-03 22:34:00,1.937454960,7.431807122,6.066966702
2026-03-03 22:34:10,1.344844251,7.705009591,6.137323379
2026-03-03 22:34:20,1.416945587,7.521020933,6.160058205
2026-03-03 22:34:30,0.968456699,7.827621641,5.482019536
2026-03-03 22:34:40,1.199367991,7.660616808,5.781587848
2026-03-03 22:34:50,0.889922481,7.935853886,5.544849143
2026-03-03 22:35:00,1.116750571,7.785100024,5.900072100
2026-03-03 22:35:10,1.314146002,7.612635429,6.452742762
2026-03-03 22:35:20,1.085073907,7.435757922,6.119166027
2026-03-03 22:35:30,1.581098199,7.780965246,5.614677805
2026-03-03 22:35:40,1.130511339,7.762491795,6.473060197
2026-03-03 22:35:50,1.852885715,7.244187598,6.544764149
2026-03-03 22:36:00,1.462811010,6.980408117,6.769475505
2026-03-03 22:36:10,1.387492299,7.017883266,6.602209777
2026-03-03 22:36:20,1.766115176,7.338085805,6.723318013
2026-03-03 22:36:30,1.571916321,7.002238372,6.675155823
2026-03-03 22:36:40,1.655916237,7.320744693,6.726451447
2026-03-03 22:36:50,0.859819704,7.148197757,6.948608353
2026-03-03 22:37:00,0.820984982,6.671836026,6.765250929
2026-03-03 22:37:10,0.527200717,6.494259576,6.961198421
2026-03-03 22:37:20,0.189907953,6.903434840,7.296973848
2026-03-03 22:37:30,0.022455015,6.434531642,7.095651578
2026-03-03 22:37:40,-0.186372722,6.282890539,7.674625387
2026-03-03 22:37:50,-0.230728204,6.399237462,7.263505594
2026-03-03 22:38:00,0.079381600,6.548852519,7.276500104
2026-03-03 22:38:10,0.198737685,6.789117896,6.913705602
2026-03-03 22:38:20,0.198968252,6.738865970,7.018338856
2026-03-03 22:38:30,-0.541092887,6.803815352,6.833128286
2026-03-03 22:38:40,-0.460986173,6.582968133,7.397834987
2026-03-03 22:38:50,-0.387838880,6.601678523,7.027652161
2026-03-03 22:39:00,-0.517554662,6.504228119,7.151281632
2026-03-03 22:39:10,-0.344379254,6.596437662,7.267069812
2026-03-03 22:39:20,-0.021939933,6.751684508,7.244640600
2026-03-03 22:39:30,0.129006674,6.124638298,7.454082511
2026-03-03 22:39:40,0.331496161,6.003223645,7.561822041
2026-03-03 22:39:50,-0.135160684,5.896798260,8.146712718
2026-03-03 22:40:00,1.820791399,6.217165065,-7.311095015
2026-03-03 22:40:10,8.515542484,-5.348366156,-1.058039906
2026-03-03 22:40:20,-4.136525252,-7.133625184,5.882064279
2026-03-03 22:40:30,-3.435549384,-9.594448078,0.172566311
2026-03-03 22:40:40,5.484364066,-4.971817340,-7.280186511
2026-03-03 22:40:50,-1.502220740,-2.445657984,-9.295414421
2026-03-03 22:41:00,-1.332601704,-8.901404020,-3.132291560
2026-03-03 22:41:10,6.098676968,-5.167787167,-4.587108098
2026-03-03 22:41:20,7.783525053,-5.621933277,-3.059347045
2026-03-03 22:41:30,7.506240935,-5.846443045,-0.713333687
2026-03-03 22:41:40,-0.027482430,-7.785600668,6.119570197
2026-03-03 22:41:50,0.591920469,-8.516996971,4.850992762
2026-03-03 22:42:00,-0.574043875,-8.817714273,4.338397120
2026-03-03 22:42:10,-0.504608809,-9.176569672,2.296536881
2026-03-03 22:42:20,0.704442595,-9.330721074,3.026338538
2026-03-03 22:42:30,-1.546380913,-9.276768152,3.638158494
2026-03-03 22:42:40,-0.669067053,-9.060272889,2.084336510
2026-03-03 22:42:50,-2.961700292,-8.627487901,3.363289406
2026-03-03 22:43:00,-2.680048009,-9.589175758,0.670833991
2026-03-03 22:43:10,-2.075193826,-10.031291877,1.507275316
2026-03-03 22:43:20,-1.549059870,-9.582599999,0.975111209
2026-03-03 22:43:30,-1.402970716,-9.024742564,2.760722129
2026-03-03 22:43:40,-0.164173993,-9.401070131,1.137170058
2026-03-03 22:43:50,0.292127886,-9.294377074,0.977641679
2026-03-03 22:44:00,0.890865831,-10.101790268,0.375047668
2026-03-03 22:44:10,-0.597841647,-10.052106316,-0.347821706
2026-03-03 22:44:20,1.716512478,-9.543899369,-1.014051964
2026-03-03 22:44:30,2.320830699,-9.328362930,-0.905114547
2026-03-03 22:44:40,4.479633287,-8.344347201,-2.596437478
2026-03-03 22:44:50,3.351961853,-8.821375987,-1.185721889
2026-03-03 22:45:00,4.514392040,-8.529309246,-1.045404740
2026-03-03 22:45:10,2.848931476,-9.052138748,-0.163348484
2026-03-03 22:45:20,4.822665720,-8.400570774,-0.343163608
2026-03-03 22:45:30,5.103374230,-8.190434513,0.516944275
2026-03-03 22:45:40,4.554728870,-8.252994071,-0.762210924
2026-03-03 22:45:50,3.799332415,-9.133092141,-0.755857066
2026-03-03 22:46:00,3.438179524,-9.080735568,-1.657605710
2026-03-03 22:46:10,2.257532369,-8.832133128,-1.693174566
2026-03-03 22:46:20,4.123536999,-8.236297352,-2.286384856
2026-03-03 22:46:30,4.366170379,-8.183819549,-3.596323189
2026-03-03 22:46:40,4.435998644,-8.553457195,-1.352184698
2026-03-03 22:46:50,5.145072377,-8.584711632,-0.352781978
2026-03-03 22:47:00,5.185681104,-7.858332696,0.634786934
2026-03-03 22:47:10,4.288128726,-8.448820155,-0.840217687
2026-03-03 22:47:20,6.876588918,-8.517471348,-0.635975745
2026-03-03 22:47:30,5.536254612,-8.050484264,-1.613079116
2026-03-03 22:47:40,5.742070403,-7.623043929,-1.298504926
2026-03-03 22:47:50,5.103736657,-7.460657571,-0.684653240
2026-03-03 22:48:00,6.288551302,-7.243306458,-0.888487871
2026-03-03 22:48:10,7.196074083,-7.837073032,-0.169359447
2026-03-03 22:48:20,7.911587045,-6.065173788,-0.261681851
2026-03-03 22:48:30,6.113513304,-6.778159993,0.604241062
2026-03-03 22:48:40,7.466675190,-5.820346793,0.753971220
2026-03-03 22:48:50,7.098912530,-6.862685971,1.330763985
2026-03-03 22:49:00,7.600748550,-7.067630530,1.688885168
2026-03-03 22:49:10,7.301182358,-6.983475483,0.698750477
2026-03-03 22:49:20,7.519798075,-6.628674423,0.629387800
2026-03-03 22:49:30,7.343461623,-6.085809491,1.220716750
2026-03-03 22:49:40,7.087511377,-5.666601094,0.913363915
2026-03-03 22:49:50,8.429905531,-4.893817047,1.275044874
2026-03-03 22:50:00,8.733497329,-5.147683053,1.181333269
2026-03-03 22:50:10,6.959219711,-5.806588837,-0.038938073
2026-03-03 22:50:20,7.234371792,-5.639187152,-0.678691243
2026-03-03 22:50:30,7.515344437,-6.015654340,-0.735470264
2026-03-03 22:50:40,7.252394772,-6.302047996,-1.273631579
2026-03-03 22:50:50,6.826737574,-7.076148047,-1.063863641
2026-03-03 22:51:00,7.473256713,-6.303222673,-1.898453994
2026-03-03 22:51:10,7.497180955,-6.413610347,-2.617574244
2026-03-03 22:51:20,7.717018766,-5.051399750,-0.657348960
2026-03-03 22:51:30,7.656484505,-6.292168778,0.108707357
2026-03-03 22:51:40,7.403094858,-5.906511857,-0.801588434
2026-03-03 22:51:50,7.411899180,-6.992334828,-1.469696671
2026-03-03 22:52:00,7.146798496,-7.195518620,-0.513817665
2026-03-03 22:52:10,6.896840618,-6.867099135,-0.371055636
2026-03-03 22:52:20,7.504321936,-7.203538145,0.189704055
2026-03-03 22:52:30,6.488414357,-7.051269133,0.566243714
2026-03-03 22:52:40,7.787474132,-6.379169937,0.117793318
2026-03-03 22:52:50,6.704250903,-6.783927887,0.147902092
2026-03-03 22:53:00,7.692694496,-5.701739230,-0.203237566
2026-03-03 22:53:10,7.293285811,-7.168921552,-0.482385512
2026-03-03 22:53:20,7.107300419,-5.535139489,-0.985710763
2026-03-03 22:53:30,7.326497822,-6.662315722,0.010918851
2026-03-03 22:53:40,7.863551329,-6.334709858,-0.051979719
2026-03-03 22:53:50,7.122446504,-7.574152385,-0.430318343
2026-03-03 22:54:00,6.683786876,-7.021697904,-0.323390120
2026-03-03 22:54:10,6.784782785,-7.884437734,1.503788391
2026-03-03 22:54:20,5.739828082,-8.114723414,-0.046160124
2026-03-03 22:54:30,5.676368654,-7.579072480,0.961546388
2026-03-03 22:54:40,6.400804001,-7.454145651,1.892789243
2026-03-03 22:54:50,6.198757714,-7.712640473,0.918949274
2026-03-03 22:55:00,7.072706920,-7.025553014,0.777625373
2026-03-03 22:55:10,6.732282986,-7.258898152,0.494221668
2026-03-03 22:55:20,5.822039129,-8.334682345,0.178477198
2026-03-03 22:55:30,6.434426273,-7.817179490,-0.551526707
2026-03-03 22:55:40,5.840777345,-8.488426611,0.783534232
2026-03-03 22:55:50,5.398071224,-8.177493522,0.553544323
2026-03-03 22:56:00,5.624977247,-7.455799031,0.578940520
2026-03-03 22:56:10,6.238921715,-8.130197038,1.063057520
2026-03-03 22:56:20,5.444815908,-7.978644298,1.522300707
2026-03-03 22:56:30,6.363042599,-7.837327155,1.128858942
2026-03-03 22:56:40,6.493803382,-7.556619080,1.094487845
2026-03-03 22:56:50,6.547071444,-7.529634270,1.802565444
2026-03-03 22:57:00,7.170653451,-7.848206242,1.512517443
2026-03-03 22:57:10,5.562633022,-7.756534523,1.432888513
2026-03-03 22:57:20,5.933947884,-7.781211115,2.768676710
2026-03-03 22:57:30,5.967008835,-7.361133650,1.902193145
2026-03-03 22:57:40,5.519960372,-7.501347999,2.295904200
2026-03-03 22:57:50,5.211765252,-7.784324255,1.968820835
2026-03-03 22:58:00,4.203460669,-8.446767947,1.046357887
2026-03-03 22:58:10,4.074110682,-8.212371259,1.556418784
2026-03-03 22:58:20,4.510880384,-8.646116068,0.948998470
2026-03-03 22:58:30,5.908394523,-7.507245517,0.572429592
2026-03-03 22:58:40,4.979000300,-7.815704041,1.790311201
2026-03-03 22:58:50,4.758900675,-7.790028673,2.677890165
2026-03-03 22:59:00,5.435940258,-8.352980826,1.832207377
2026-03-03 22:59:10,5.229486754,-7.981842427,1.360687517
2026-03-03 22:59:20,6.203726722,-8.658090764,1.801580167
2026-03-03 22:59:30,5.517082309,-7.472815230,1.673139221
2026-03-03 22:59:40,5.687500179,-6.882207978,2.297630059
2026-03-03 22:59:50,5.269218643,-7.158112330,2.475304279
2026-03-03 23:00:00,6.292929728,-6.440671978,2.515781537
2026-03-03 23:00:10,6.378080033,-6.721889039,1.955640148
2026-03-03 23:00:20,6.940648815,-7.329239292,2.073889672
2026-03-03 23:00:30,6.232373003,-6.635018303,2.003598641
2026-03-03 23:00:40,6.604968892,-6.128278650,2.671383151
2026-03-03 23:00:50,6.269438688,-6.813759324,1.581532941
2026-03-03 23:01:00,7.028054656,-6.985741792,2.668899718
2026-03-03 23:01:10,6.728971793,-7.096140467,2.896916070
2026-03-03 23:01:20,5.846958048,-6.319713841,2.684185599
2026-03-03 23:01:30,6.571412421,-7.045156520,2.321968615
2026-03-03 23:01:40,7.053830030,-7.340543230,2.606049783
2026-03-03 23:01:50,7.383384662,-6.549185746,2.461368905
2026-03-03 23:02:00,6.488702002,-7.083901469,1.909148100
2026-03-03 23:02:10,5.669191141,-6.891742805,1.961937169
2026-03-03 23:02:20,6.272991441,-6.834202231,1.919056788
2026-03-03 23:02:30,6.955675361,-7.575221931,2.176309035
2026-03-03 23:02:40,6.183974588,-6.925828424,1.145040845
2026-03-03 23:02:50,6.967371865,-6.362897954,0.874150682
2026-03-03 23:03:00,7.010589025,-7.022169914,1.517763708
2026-03-03 23:03:10,7.253906956,-6.362424251,1.396698742
2026-03-03 23:03:20,7.396106936,-6.351913496,1.434895215
2026-03-03 23:03:30,7.454700231,-6.331652213,1.416444457
2026-03-03 23:03:40,7.491655027,-6.599761948,0.667654705
2026-03-03 23:03:50,7.095289020,-6.731751421,1.372450449
2026-03-03 23:04:00,7.300238961,-6.939964949,0.918043793
2026-03-03 23:04:10,6.288692400,-7.379361558,1.378831246
2026-03-03 23:04:20,6.542649833,-6.806893811,0.592703181
2026-03-03 23:04:30,6.145232442,-7.516746649,1.141346881
2026-03-03 23:04:40,6.115997692,-7.395904489,0.414916857
2026-03-03 23:04:50,6.452530593,-7.385552563,1.356273211
2026-03-03 23:05:00,6.266656636,-7.390857213,1.258237612
2026-03-03 23:05:10,6.109407632,-7.171874798,1.943650420
2026-03-03 23:05:20,6.440692927,-7.598070129,1.143263223
2026-03-03 23:05:30,6.044265157,-7.470904729,1.209162852
2026-03-03 23:05:40,5.877317966,-6.971829732,1.297998301
2026-03-03 23:05:50,6.808277849,-7.432449034,2.477933616
2026-03-03 23:06:00,6.634459075,-7.464275311,2.409701150
2026-03-03 23:06:10,5.994256579,-7.032492813,1.804945949
2026-03-03 23:06:20,6.281171287,-7.851829624,1.060222018
2026-03-03 23:06:30,6.508453987,-8.185690036,1.420672685
2026-03-03 23:06:40,5.553331072,-7.565521032,1.165136649
2026-03-03 23:06:50,6.040162820,-7.758273664,1.248454843
2026-03-03 23:07:00,5.787469122,-7.744172608,1.257166347
2026-03-03 23:07:10,6.193683273,-7.289275861,0.237903265
2026-03-03 23:07:20,7.283078782,-7.341040341,1.825004223
2026-03-03 23:07:30,6.572438945,-6.657320879,1.483590912
2026-03-03 23:07:40,6.456611991,-7.333877562,2.366212329
2026-03-03 23:07:50,7.062335329,-6.354884051,2.532946478
2026-03-03 23:08:00,6.896976593,-6.442641809,2.770832571
2026-03-03 23:08:10,6.083643348,-6.847847891,2.508607696
2026-03-03 23:08:20,6.490694145,-6.446166178,1.501153588
2026-03-03 23:08:30,7.387620102,-6.060218005,1.336950675
2026-03-03 23:08:40,6.690278545,-6.315842104,1.604181311
2026-03-03 23:08:50,7.304945147,-6.254788991,1.183467506
2026-03-03 23:09:00,7.653156278,-5.994721853,1.693933571
2026-03-03 23:09:10,7.415474280,-6.157187665,1.489700099
2026-03-03 23:09:20,7.720047061,-6.121573826,1.181300395
2026-03-03 23:09:30,7.767699878,-6.348449383,1.090397050
2026-03-03 23:09:40,8.044909476,-6.022522008,1.425471212
2026-03-03 23:09:50,7.818122493,-6.670452054,1.553634198
2026-03-03 23:10:00,7.413975150,-5.741043024,1.378428912
2026-03-03 23:10:10,7.651814588,-6.082741736,1.313393196
2026-03-03 23:10:20,7.942306036,-6.537339469,0.346126745
2026-03-03 23:10:30,7.067608050,-6.812866752,0.305623816
2026-03-03 23:10:40,7.687046536,-6.575071211,0.311243957
2026-03-03 23:10:50,7.571786966,-6.079105180,-0.336486264
2026-03-03 23:11:00,7.699423321,-6.999030881,0.436877511
2026-03-03 23:11:10,7.376500800,-7.170877354,0.181055908
2026-03-03 23:11:20,6.541471576,-7.109079373,-0.235291587
2026-03-03 23:11:30,7.718020756,-6.384015527,0.080572564
2026-03-03 23:11:40,7.535133697,-5.636392590,0.176988903
2026-03-03 23:11:50,7.752969915,-5.871838771,1.628763238
2026-03-03 23:12:00,7.188896735,-5.165725579,1.022307966
2026-03-03 23:12:10,8.062247563,-6.482461640,0.779509121
2026-03-03 23:12:20,8.361648998,-5.649860362,1.542095464
2026-03-03 23:12:30,8.052580067,-5.663763555,1.704481166
2026-03-03 23:12:40,8.821668341,-5.625661674,1.366933940
2026-03-03 23:12:50,8.221676561,-4.494519930,1.657429613
2026-03-03 23:13:00,7.884890251,-4.985072808,1.168091418
2026-03-03 23:13:10,7.914360455,-6.053089754,1.839446491
2026-03-03 23:13:20,7.706545272,-5.321915439,0.767518394
2026-03-03 23:13:30,8.545997591,-5.267348731,1.903222918
2026-03-03 23:13:40,8.384288532,-5.538071837,1.822758989
2026-03-03 23:13:50,8.631019073,-5.009207947,1.650724288
2026-03-03 23:14:00,8.418452808,-5.027768919,1.923871462
2026-03-03 23:14:10,8.895345835,-5.219670514,1.719961989
2026-03-03 23:14:20,7.895985424,-5.075823428,1.860739596
2026-03-03 23:14:30,8.482431014,-5.201937593,1.304101546
2026-03-03 23:14:40,7.960686769,-5.411550618,1.512015668
2026-03-03 23:14:50,8.319242263,-5.517666133,1.553065005
2026-03-03 23:15:00,7.851131388,-4.573862115,2.519370100
2026-03-03 23:15:10,7.713218482,-4.288929742,3.857832302
2026-03-03 23:15:20,8.264271647,-4.049324567,3.334323778
2026-03-03 23:15:30,7.517125571,-4.656405202,4.192058826
2026-03-03 23:15:40,7.611516210,-3.893451059,4.467766730
2026-03-03 23:15:50,8.121479967,-3.249924279,4.875498405
2026-03-03 23:16:00,8.148149895,-3.137038635,3.939603175
2026-03-03 23:16:10,7.575341659,-3.637572640,3.864666202
2026-03-03 23:16:20,7.644795603,-3.378213249,3.698384449
2026-03-03 23:16:30,8.137232886,-3.735386361,4.061850672
2026-03-03 23:16:40,8.193979804,-3.818968839,5.118313147
2026-03-03 23:16:50,6.703360202,-3.410078734,5.278188421
2026-03-03 23:17:00,7.371259644,-3.671050430,4.844652832
2026-03-03 23:17:10,8.136879857,-4.436105013,4.736997438
2026-03-03 23:17:20,8.370043064,-4.618184051,3.872395961
2026-03-03 23:17:30,8.168876202,-3.684559493,4.161681799
2026-03-03 23:17:40,7.481784453,-3.728926639,4.394878277
2026-03-03 23:17:50,8.176004748,-4.598710823,4.477934870
2026-03-03 23:18:00,7.451668771,-5.091824023,3.298545188
2026-03-03 23:18:10,7.504063790,-5.421608027,3.308780390
2026-03-03 23:18:20,7.364838450,-5.347819366,4.093517899
2026-03-03 23:18:30,7.988948306,-5.171490932,3.746258018
2026-03-03 23:18:40,6.887431958,-5.601537329,3.951091719
2026-03-03 23:18:50,6.282599792,-6.442919724,3.741623541
2026-03-03 23:19:00,6.880745685,-5.719623542,3.915892221
2026-03-03 23:19:10,6.746078471,-5.805612903,4.602237723
2026-03-03 23:19:20,7.055219251,-4.971835334,3.991649528
2026-03-03 23:19:30,7.862886754,-4.527764384,2.856743928
2026-03-03 23:19:40,7.058628674,-4.948322546,4.142824346
2026-03-03 23:19:50,7.441441576,-4.542229282,4.851098829
2026-03-03 23:20:00,7.687996054,-5.052640018,3.963643144
2026-03-03 23:20:10,7.605064079,-4.125489553,3.886736558
2026-03-03 23:20:20,7.836187833,-4.253476467,4.167411551
2026-03-03 23:20:30,7.551647824,-4.430666402,4.417840611
2026-03-03 23:20:40,7.633257600,-4.166869748,4.372502141
2026-03-03 23:20:50,7.860350992,-3.981872985,5.147617070
2026-03-03 23:21:00,7.052778917,-5.010362482,4.339024790
2026-03-03 23:21:10,7.853357155,-4.282178152,4.256819818
2026-03-03 23:21:20,7.738904532,-4.396250455,4.130868887
2026-03-03 23:21:30,7.599934594,-4.651891141,3.411012268
2026-03-03 23:21:40,7.682177274,-4.543888769,4.573387860
2026-03-03 23:21:50,7.720052109,-3.815424370,4.381021647
2026-03-03 23:22:00,7.425808454,-4.059351221,5.073021297
2026-03-03 23:22:10,7.536844204,-4.242741555,4.628630686
2026-03-03 23:22:20,7.390676550,-4.186961676,4.410755867
2026-03-03 23:22:30,7.411306610,-5.086626647,4.888959432
2026-03-03 23:22:40,7.424239663,-2.706976320,5.094410609
2026-03-03 23:22:50,7.245858961,-4.322491971,5.368981792
2026-03-03 23:23:00,7.625731264,-3.466940759,5.220588167
2026-03-03 23:23:10,7.919212017,-3.485058471,5.074159860
2026-03-03 23:23:20,7.915789486,-2.894168273,5.319808913
2026-03-03 23:23:30,7.697967485,-3.003942075,4.773204496
2026-03-03 23:23:40,7.829698689,-3.028118355,4.931899061
2026-03-03 23:23:50,7.957505045,-2.646004035,4.389114395
2026-03-03 23:24:00,8.756176835,-2.701307737,4.512523423
2026-03-03 23:24:10,8.001717711,-3.442460497,4.455070568
2026-03-03 23:24:20,7.375509501,-3.618560971,4.265952236
2026-03-03 23:24:30,7.500111657,-4.125603770,4.901170371
2026-03-03 23:24:40,8.005244135,-2.926880904,5.150555219
2026-03-03 23:24:50,7.988683476,-2.311766314,5.453038333
2026-03-03 23:25:00,8.092794907,-2.779177124,5.158535624
2026-03-03 23:25:10,8.364594648,-2.565070727,4.673801080
2026-03-03 23:25:20,7.829596956,-2.668082773,5.020804450
2026-03-03 23:25:30,7.516765317,-2.014482790,4.900908061
2026-03-03 23:25:40,8.321729965,-2.175054174,6.252278743
2026-03-03 23:25:50,8.243061682,-1.750128997,4.956252623
2026-03-03 23:26:00,8.333443090,-2.603319392,5.536879103
2026-03-03 23:26:10,7.592097620,-1.641568018,5.903025049
2026-03-03 23:26:20,7.829595163,-1.674538493,6.178233365
2026-03-03 23:26:30,7.857466475,-1.923165567,4.703061391
2026-03-03 23:26:40,8.355830487,-1.258557204,5.252360886
2026-03-03 23:26:50,8.422615122,-1.654443491,5.605690705
2026-03-03 23:27:00,7.771093045,-1.453722543,6.369367989
2026-03-03 23:27:10,7.501948836,-2.815542411,5.752579208
2026-03-03 23:27:20,7.765853461,-2.594193824,5.249876872
2026-03-03 23:27:30,8.707642091,-2.342230650,5.358978869
2026-03-03 23:27:40,7.182040957,-2.325804343,5.388789482
2026-03-03 23:27:50,8.330413823,-3.004845528,5.091713454
2026-03-03 23:28:00,7.739191284,-2.908037501,4.866407009
2026-03-03 23:28:10,7.805212485,-2.284159903,4.447491467
2026-03-03 23:28:20,7.686361344,-2.823933920,4.827958470
2026-03-03 23:28:30,7.492503031,-2.261652481,5.064504565
2026-03-03 23:28:40,7.824294579,-3.111446750,5.039746024
2026-03-03 23:28:50,7.677339423,-2.999579340,5.027534310
2026-03-03 23:29:00,6.778410270,-3.756961959,5.672831880
2026-03-03 23:29:10,7.090943194,-3.440973660,5.526541980
2026-03-03 23:29:20,7.838992466,-2.871949320,5.848701658
2026-03-03 23:29:30,7.346058522,-3.304110601,5.009928443
2026-03-03 23:29:40,7.487765972,-2.864496395,4.943616816
2026-03-03 23:29:50,8.607346936,-3.751036991,4.745007032
2026-03-03 23:30:00,7.991023822,-3.355013887,4.668039867
2026-03-03 23:30:10,8.214345996,-3.427102279,4.191127290
2026-03-03 23:30:20,8.433945654,-3.394243691,3.537678914
2026-03-03 23:30:30,7.961927918,-3.020575749,4.281598755
2026-03-03 23:30:40,7.491158583,-3.409394656,4.629197767
2026-03-03 23:30:50,7.432435714,-3.034283118,5.003791546
2026-03-03 23:31:00,7.633575031,-3.393976497,5.296443580
2026-03-03 23:31:10,7.386645922,-3.567999245,6.093088254
2026-03-03 23:31:20,7.009234204,-3.904017368,5.377385515
2026-03-03 23:31:30,7.489084470,-3.319774374,5.145823286
2026-03-03 23:31:40,7.049587097,-3.646460242,5.192960899
2026-03-03 23:31:50,7.622481558,-3.523450781,4.443218338
2026-03-03 23:32:00,7.753427600,-4.244297486,4.590284416
2026-03-03 23:32:10,7.211410589,-4.356491763,4.272488220
2026-03-03 23:32:20,7.348819009,-4.504955413,4.554092055
2026-03-03 23:32:30,7.938655886,-4.574666294,4.658811731
2026-03-03 23:32:40,7.813802338,-4.215369514,3.660325497
2026-03-03 23:32:50,7.440140986,-4.623071809,4.052538578
2026-03-03 23:33:00,7.786773886,-4.604429825,3.765457986
2026-03-03 23:33:10,7.397445627,-3.963080832,5.026421317
2026-03-03 23:33:20,7.163056146,-4.161775884,4.202906631
2026-03-03 23:33:30,7.777794780,-4.326991821,4.689324659
2026-03-03 23:33:40,7.989666283,-3.836559539,4.328868755
2026-03-03 23:33:50,8.293053203,-3.999835491,4.413962551
2026-03-03 23:34:00,7.786506287,-3.039779902,4.512034031
2026-03-03 23:34:10,7.154771746,-4.153421410,4.369944192
2026-03-03 23:34:20,7.596193095,-3.428107849,4.786881179
2026-03-03 23:34:30,7.722327760,-3.388724898,4.922849997
2026-03-03 23:34:40,7.391318789,-3.642733061,5.722527284
2026-03-03 23:34:50,8.226176133,-3.336757281,5.276919188
2026-03-03 23:35:00,8.048299667,-3.993201341,5.021858351
2026-03-03 23:35:10,8.125267729,-3.688652200,4.637398150
2026-03-03 23:35:20,8.307328223,-3.127398441,5.608377577
2026-03-03 23:35:30,8.262274288,-3.529035249,4.138033091
2026-03-03 23:35:40,7.937237948,-3.644615409,4.376924595
2026-03-03 23:35:50,8.133681159,-3.433425278,4.434054464
2026-03-03 23:36:00,7.911972635,-2.824759225,5.485263855
2026-03-03 23:36:10,7.762122657,-3.724562751,4.681049950
2026-03-03 23:36:20,8.393183186,-2.586211889,4.153510018
2026-03-03 23:36:30,8.818845562,-2.438434746,4.128117985
2026-03-03 23:36:40,8.623306087,-2.879120758,4.287963152
2026-03-03 23:36:50,8.711098692,-2.500051204,4.292476958
2026-03-03 23:37:00,8.825040194,-2.144535606,3.491151441
2026-03-03 23:37:10,8.336680406,-2.706434128,3.353259137
2026-03-03 23:37:20,8.395270964,-3.409062471,2.833997823
2026-03-03 23:37:30,8.557185275,-3.167598684,3.578620762
2026-03-03 23:37:40,8.952464404,-4.211330779,2.922941167
2026-03-03 23:37:50,8.907024163,-3.128178663,3.426038583
2026-03-03 23:38:00,9.208452790,-2.701704297,2.444250875
2026-03-03 23:38:10,8.747384314,-2.841201076,1.953471294
2026-03-03 23:38:20,9.212641752,-3.012218644,1.486972713
2026-03-03 23:38:30,8.871837557,-2.470287691,1.840311008
2026-03-03 23:38:40,9.352271578,-2.948155172,2.275369833
2026-03-03 23:38:50,9.533842926,-3.020821349,2.181256428
2026-03-03 23:39:00,9.389615480,-2.928041361,2.034452256
2026-03-03 23:39:10,9.565807613,-2.674082292,2.631894926
2026-03-03 23:39:20,9.684098216,-2.756325959,1.838874866
2026-03-03 23:39:30,9.605314007,-1.954021745,2.594168709
2026-03-03 23:39:40,9.413371295,-2.356194668,2.534189043
2026-03-03 23:39:50,9.794953015,-2.735398173,1.327606311
2026-03-03 23:40:00,9.873211739,-2.994773682,2.193586164
2026-03-03 23:40:10,9.272829481,-3.111149975,2.092814781
2026-03-03 23:40:20,8.319541256,-3.514645004,1.624012629
2026-03-03 23:40:30,8.652434540,-4.035907295,1.939517214
2026-03-03 23:40:40,8.338334574,-3.851979018,1.891142601
2026-03-03 23:40:50,8.588455606,-4.387114659,2.020930914
2026-03-03 23:41:00,9.023620161,-3.959800992,2.635486609
2026-03-03 23:41:10,8.800390609,-3.776328371,2.361731032
2026-03-03 23:41:20,8.468961947,-3.904310642,2.291731514
2026-03-03 23:41:30,8.761801051,-3.812802260,2.561325934
2026-03-03 23:41:40,9.103198876,-3.532735086,2.092332687
2026-03-03 23:41:50,8.615497244,-3.110348750,2.680574950
2026-03-03 23:42:00,9.051848820,-4.215272193,2.525640825
2026-03-03 23:42:10,8.939987907,-3.242476336,2.625342049
2026-03-03 23:42:20,9.214106580,-3.176130082,1.743112987
2026-03-03 23:42:30,9.293940784,-3.517427371,2.289083758
2026-03-03 23:42:40,8.850644037,-2.887138335,1.896587383
2026-03-03 23:42:50,9.184837836,-3.200996194,2.395611616
2026-03-03 23:43:00,9.280528410,-4.207429354,1.850150507
2026-03-03 23:43:10,8.733086875,-3.166826048,2.375869492
2026-03-03 23:43:20,8.781980912,-3.221750875,1.814721911
2026-03-03 23:43:30,9.113506008,-2.663363451,2.444578803
2026-03-03 23:43:40,8.582197337,-2.881368744,2.847565584
2026-03-03 23:43:50,8.307002366,-2.395005017,2.082842968
2026-03-03 23:44:00,8.889941480,-3.254527397,2.732606721
2026-03-03 23:44:10,9.015222369,-2.128364261,2.200752436
2026-03-03 23:44:20,9.208533040,-3.224243151,2.626503897
2026-03-03 23:44:30,8.692820535,-3.709534287,2.425523813
2026-03-03 23:44:40,9.518439496,-3.864962189,2.451109664
2026-03-03 23:44:50,8.861628006,-3.392031117,2.252065657
2026-03-03 23:45:00,8.918100373,-4.202863554,2.911532480
2026-03-03 23:45:10,9.089116333,-4.348151539,2.353502302
2026-03-03 23:45:20,8.214576347,-3.997244887,2.257720375
2026-03-03 23:45:30,8.294783658,-3.506503153,2.915977006
2026-03-03 23:45:40,8.171019333,-4.050256329,2.422954924
2026-03-03 23:45:50,8.845978310,-4.132588483,2.400789246
2026-03-03 23:46:00,9.295762794,-4.475716614,2.531677966
2026-03-03 23:46:10,8.493611078,-4.199995268,3.463999796
2026-03-03 23:46:20,8.344436585,-3.795775574,2.683330568
2026-03-03 23:46:30,8.600797185,-4.452365061,2.967720588
2026-03-03 23:46:40,9.207053292,-3.300653030,3.053083421
2026-03-03 23:46:50,8.865158410,-3.321846964,2.231939056
2026-03-03 23:47:00,7.931837238,-3.572056983,2.614375662
2026-03-03 23:47:10,8.721090957,-4.010962976,3.436669336
2026-03-03 23:47:20,8.834152964,-3.671228407,2.451437440
2026-03-03 23:47:30,8.326948179,-3.808092883,2.956870582
2026-03-03 23:47:40,8.418563696,-4.389211095,2.863261860
2026-03-03 23:47:50,9.027662293,-4.112967940,2.682276649
2026-03-03 23:48:00,8.762941092,-3.698050981,3.571773725
2026-03-03 23:48:10,8.005538007,-3.421096399,3.352065675
2026-03-03 23:48:20,8.380949969,-3.487796221,3.217097610
2026-03-03 23:48:30,8.414459614,-4.242953888,3.379991539
2026-03-03 23:48:40,8.108316492,-4.178771897,3.259914146
2026-03-03 23:48:50,8.854748154,-3.792630755,2.723026557
2026-03-03 23:49:00,7.179572788,-4.656835682,3.298690502
2026-03-03 23:49:10,8.417678259,-4.393592066,3.127881574
2026-03-03 23:49:20,8.150156198,-3.511897007,3.074397715
2026-03-03 23:49:30,8.663884391,-3.946313343,2.872601323
2026-03-03 23:49:40,8.252017963,-3.769152443,2.593933294
2026-03-03 23:49:50,8.219303606,-3.955578556,3.325689047
2026-03-03 23:50:00,8.301502567,-3.839526453,3.849933784
2026-03-03 23:50:10,7.983657178,-3.978342302,3.185097089
